{"type":"FeatureCollection","features":[{"type":"Feature","properties":{"c":"#ffffb2","v0":5.0,"v1":10.0},"geometry":{"type":"Polygon","coordinates":[[[-92.1335,34.857],[-92.1021,34.9062],[-92.0853,34.9636],[-92.0832,35.0292],[-92.0591,35.0663],[-92.013,35.0751],[-91.97,35.1064],[-91.93,35.1601],[-91.89,35.187],[-91.85,35.187],[-91.8213,35.1721],[-91.804,35.1423],[-91.7993,35.1069],[-91.8073,35.066],[-91.8231,35.0333],[-91.8466,35.0087],[-91.8588,34.9431],[-91.8598,34.8365],[-91.8672,34.7708],[-91.8808,34.7461],[-91.9082,34.7205],[-91.9494,34.6938],[-91.985,34.6829],[-92.015,34.688],[-92.0461,34.7013],[-92.0783,34.723],[-92.1081,34.7585],[-92.1355,34.8078],[-92.1335,34.857]]]}},{"type":"Feature","properties":{"c":"#ffffb2","v0":5.0,"v1":10.0},"geometry":{"type":"Polygon","coordinates":[[[-98.1731,31.4971],[-98.1632,31.5227],[-98.1387,31.5483],[-98.0995,31.5739],[-98.0675,31.6024],[-98.0425,31.6341],[-97.9999,31.6681],[-97.9398,31.7046],[-97.8967,31.7399],[-97.8708,31.7739],[-97.8573,31.7994],[-97.8563,31.8164],[-97.8689,31.8376],[-97.895,31.8631],[-97.9125,31.9183],[-97.9215,32.0031],[-97.9135,32.071],[-97.8886,32.1218],[-97.8496,32.1457],[-97.7965,32.1427],[-97.755,32.1472],[-97.725,32.1592],[-97.635,32.2181],[-97.485,32.3238],[-97.35,32.3835],[-97.23,32.3974],[-97.15,32.3952],[-97.11,32.3772],[-97.068,32.3383],[-97.0239,32.2786],[-97.0039,32.2318],[-97.008,32.198],[-97.05,32.1734],[-97.13,32.1582],[-97.1819,32.1201],[-97.2056,32.0591],[-97.2556,32.0188],[-97.3319,31.9992],[-97.37,31.9564],[-97.37,31.8903],[-97.4277,31.8492],[-97.543,31.833],[-97.6001,31.7994],[-97.5988,31.7484],[-97.6142,31.6973],[-97.6462,31.6462],[-97.6653,31.5994],[-97.6716,31.5568],[-97.706,31.5057],[-97.7687,31.446],[-97.7966,31.3777],[-97.7895,31.3008],[-97.797,31.2409],[-97.819,31.198],[-97.84,31.1734],[-97.86,31.1672],[-97.885,31.1687],[-97.915,31.1781],[-97.9373,31.2026],[-97.9519,31.2424],[-97.9785,31.288],[-98.0172,31.3392],[-98.0632,31.3777],[-98.1166,31.4033],[-98.1519,31.4332],[-98.1693,31.4673],[-98.1731,31.4971]]]}},{"type":"Feature","properties":{"c":"#ffffb2","v0":5.0,"v1":10.0},"geometry":{"type":"Polygon","coordinates":[[[-87.0205,30.3648],[-87.0125,30.3907],[-86.9938,30.4111],[-86.9646,30.426],[-86.895,30.4229],[-86.785,30.4018],[-86.665,30.3668],[-86.535,30.3179],[-86.4578,30.2779],[-86.4335,30.2466],[-86.4254,30.2137],[-86.4333,30.1791],[-86.4505,30.1497],[-86.4768,30.1255],[-86.505,30.1093],[-86.535,30.101],[-86.615,30.1066],[-86.745,30.126],[-86.8557,30.1725],[-86.947,30.246],[-87.0006,30.3001],[-87.0165,30.3346],[-87.0205,30.3648]],[[-87.0064,30.3648],[-86.9971,30.3907],[-86.9768,30.4087],[-86.9456,30.4188],[-86.88,30.413],[-86.78,30.3913],[-86.6662,30.3561],[-86.5385,30.3072],[-86.4646,30.2698],[-86.4446,30.2439],[-86.4367,30.218],[-86.441,30.1921],[-86.4544,30.1661],[-86.477,30.1402],[-86.5037,30.1224],[-86.5346,30.1128],[-86.615,30.118],[-86.745,30.1379],[-86.8519,30.1817],[-86.9358,30.2491],[-86.9861,30.3001],[-87.0027,30.3346],[-87.0064,30.3648]]]}},{"type":"Feature","properties":{"c":"#ffffb2","v0":5.0,"v1":10.0},"geometry":{"type":"Polygon","coordinates":[[[-86.4412,29.993],[-86.4049,30.1056],[-86.3625,30.176],[-86.3142,30.2045],[-86.275,30.2187],[-86.245,30.2187],[-86.195,30.2044],[-86.125,30.1758],[-86.07,30.1667],[-86.03,30.1769],[-85.985,30.1808],[-85.935,30.1784],[-85.8961,30.169],[-85.8682,30.1527],[-85.8467,30.1315],[-85.8316,30.1056],[-85.8229,30.0666],[-85.8207,30.0147],[-85.8272,29.9749],[-85.8424,29.9473],[-85.895,29.9274],[-85.985,29.9154],[-86.075,29.9132],[-86.165,29.9209],[-86.2108,29.8974],[-86.2124,29.8427],[-86.2324,29.8012],[-86.2708,29.7731],[-86.305,29.7594],[-86.335,29.7602],[-86.3631,29.7699],[-86.3893,29.7886],[-86.4167,29.8327],[-86.4452,29.9021],[-86.4412,29.993]],[[-86.4295,29.9887],[-86.3975,30.0926],[-86.3586,30.1602],[-86.3129,30.1915],[-86.27,30.2057],[-86.23,30.2028],[-86.18,30.1882],[-86.12,30.1619],[-86.05,30.1541],[-85.97,30.1649],[-85.9157,30.1638],[-85.8871,30.1509],[-85.864,30.1315],[-85.8463,30.1056],[-85.8366,30.0666],[-85.8349,30.0147],[-85.843,29.9757],[-85.8609,29.9497],[-85.9149,29.9329],[-86.005,29.9252],[-86.075,29.9271],[-86.125,29.9385],[-86.1672,29.9423],[-86.2015,29.9386],[-86.2249,29.9324],[-86.2374,29.9237],[-86.2376,29.8977],[-86.2254,29.8544],[-86.237,29.8172],[-86.2723,29.7862],[-86.305,29.7712],[-86.335,29.7722],[-86.3588,29.779],[-86.3764,29.7916],[-86.4003,29.8327],[-86.4304,29.9021],[-86.4295,29.9887]]]}},{"type":"Feature","properties":{"c":"#ffffb2","v0":5.0,"v1":10.0},"geometry":{"type":"Polygon","coordinates":[[[-85.8537,29.785],[-85.8494,29.8283],[-85.828,29.8734],[-85.7893,29.9202],[-85.76,29.9463],[-85.74,29.9517],[-85.695,29.945],[-85.625,29.9262],[-85.56,29.9302],[-85.5,29.9571],[-85.4585,29.9664],[-85.4354,29.9582],[-85.4202,29.9454],[-85.4127,29.9281],[-85.4157,29.9021],[-85.4292,29.8674],[-85.4521,29.8414],[-85.4843,29.824],[-85.4994,29.8067],[-85.4975,29.7893],[-85.4867,29.7806],[-85.4671,29.7806],[-85.4404,29.791],[-85.4068,29.8117],[-85.36,29.8253],[-85.3,29.8318],[-85.24,29.8211],[-85.18,29.7935],[-85.13,29.7768],[-85.09,29.7712],[-85.0508,29.7497],[-85.0123,29.7124],[-84.9988,29.6851],[-85.0103,29.6677],[-85.0496,29.6417],[-85.1165,29.6071],[-85.175,29.5933],[-85.225,29.6003],[-85.27,29.5757],[-85.31,29.5193],[-85.36,29.502],[-85.42,29.5236],[-85.465,29.5501],[-85.495,29.5814],[-85.52,29.5945],[-85.54,29.5895],[-85.5512,29.5745],[-85.5536,29.5497],[-85.524,29.5068],[-85.4625,29.4459],[-85.4363,29.4054],[-85.4454,29.3853],[-85.46,29.372],[-85.48,29.3654],[-85.5369,29.3711],[-85.6307,29.389],[-85.6828,29.4067],[-85.6932,29.4241],[-85.6916,29.4546],[-85.6778,29.4981],[-85.7007,29.5325],[-85.7602,29.5579],[-85.7989,29.5796],[-85.8166,29.5978],[-85.833,29.646],[-85.8482,29.7242],[-85.8537,29.785]]]}},{"type":"Feature","properties":{"c":"#ffffb2","v0":5.0,"v1":10.0},"geometry":{"type":"Polygon","coordinates":[[[-98.158,29.3545],[-98.126,29.4071],[-98.045,29.4622],[-97.915,29.5198],[-97.825,29.5749],[-97.775,29.6277],[-97.732,29.6509],[-97.6961,29.6447],[-97.6755,29.6286],[-97.6701,29.6025],[-97.6793,29.5547],[-97.703,29.4851],[-97.7145,29.4197],[-97.7138,29.3587],[-97.7226,29.3196],[-97.7409,29.3023],[-97.775,29.2869],[-97.825,29.2735],[-97.8493,29.2298],[-97.8479,29.1558],[-97.8579,29.1022],[-97.8793,29.0689],[-97.9,29.0542],[-97.92,29.058],[-97.9444,29.0747],[-97.9731,29.1041],[-97.9977,29.145],[-98.0181,29.1974],[-98.0587,29.2347],[-98.1196,29.2569],[-98.156,29.283],[-98.168,29.3132],[-98.158,29.3545]]]}},{"type":"Feature","properties":{"c":"#ffffb2","v0":5.0,"v1":10.0},"geometry":{"type":"Polygon","coordinates":[[[-88.9558,28.6927],[-88.9386,28.7162],[-88.895,28.7361],[-88.825,28.7524],[-88.77,28.7735],[-88.73,28.7995],[-88.695,28.8136],[-88.665,28.8159],[-88.6369,28.805],[-88.6107,28.7808],[-88.6042,28.7424],[-88.6173,28.6898],[-88.5904,28.6586],[-88.5235,28.6488],[-88.4825,28.6356],[-88.4676,28.6191],[-88.4588,28.5976],[-88.4562,28.5713],[-88.4686,28.5466],[-88.4962,28.5236],[-88.54,28.5225],[-88.6,28.5434],[-88.65,28.5486],[-88.69,28.5382],[-88.76,28.5504],[-88.86,28.5852],[-88.9236,28.6222],[-88.9508,28.6614],[-88.9558,28.6927]],[[-88.8903,28.6952],[-88.8101,28.7237],[-88.75,28.7505],[-88.71,28.7758],[-88.6757,28.7835],[-88.6472,28.7736],[-88.6399,28.7424],[-88.6538,28.6898],[-88.6547,28.6459],[-88.6425,28.6108],[-88.6498,28.5859],[-88.6766,28.5713],[-88.7412,28.5801],[-88.8436,28.6123],[-88.9037,28.6415],[-88.9215,28.6678],[-88.8903,28.6952]],[[-88.5898,28.6023],[-88.5499,28.6206],[-88.52,28.6219],[-88.5,28.6063],[-88.4898,28.5884],[-88.4894,28.5682],[-88.4994,28.5546],[-88.5198,28.5476],[-88.5499,28.5563],[-88.5898,28.5809],[-88.5898,28.6023]]]}},{"type":"Feature","properties":{"c":"#ffffb2","v0":5.0,"v1":10.0},"geometry":{"type":"Polygon","coordinates":[[[-99.7431,27.9282],[-99.7251,27.9723],[-99.6696,28.053],[-99.5765,28.17],[-99.505,28.2435],[-99.455,28.2736],[-99.4152,28.2856],[-99.3856,28.2796],[-99.3633,28.2502],[-99.3482,28.1973],[-99.3236,28.1577],[-99.2896,28.1312],[-99.2672,28.1047],[-99.2562,28.0783],[-99.2653,28.0342],[-99.2944,27.9723],[-99.3442,27.9208],[-99.4147,27.8796],[-99.48,27.8616],[-99.54,27.867],[-99.595,27.8558],[-99.645,27.8279],[-99.6856,27.8193],[-99.7167,27.83],[-99.7373,27.853],[-99.7472,27.8884],[-99.7431,27.9282]],[[-99.7184,27.9238],[-99.7043,27.9591],[-99.6504,28.0359],[-99.5568,28.154],[-99.49,28.2254],[-99.45,28.2501],[-99.42,28.2613],[-99.4,28.259],[-99.3841,28.2317],[-99.3724,28.1794],[-99.3517,28.1444],[-99.3222,28.1268],[-99.3,28.1047],[-99.2853,28.0783],[-99.2903,28.0386],[-99.3148,27.9856],[-99.3628,27.9394],[-99.4343,27.8999],[-99.48,27.881],[-99.5,27.8828],[-99.525,27.8969],[-99.555,27.9233],[-99.58,27.921],[-99.6,27.8902],[-99.625,27.8661],[-99.655,27.8488],[-99.6806,27.8434],[-99.7018,27.8498],[-99.7157,27.8663],[-99.7222,27.8928],[-99.7184,27.9238]]]}},{"type":"Feature","properties":{"c":"#ffffb2","v0":5.0,"v1":10.0},"geometry":{"type":"Polygon","coordinates":[[[-97.4306,27.5003],[-97.4169,27.5388],[-97.36,27.5745],[-97.26,27.6073],[-97.165,27.633],[-97.075,27.6514],[-97.005,27.654],[-96.955,27.641],[-96.895,27.6406],[-96.825,27.6527],[-96.7576,27.6409],[-96.6928,27.6053],[-96.6559,27.5697],[-96.647,27.5343],[-96.6501,27.4899],[-96.6651,27.4367],[-96.6499,27.3878],[-96.6043,27.3434],[-96.5799,27.3123],[-96.5767,27.2946],[-96.5938,27.2746],[-96.6313,27.2523],[-96.68,27.2532],[-96.74,27.2771],[-96.8,27.2839],[-96.86,27.2735],[-96.9044,27.2771],[-96.9331,27.2947],[-96.9581,27.3351],[-96.9794,27.3983],[-97.015,27.4149],[-97.065,27.3848],[-97.155,27.3742],[-97.285,27.3831],[-97.365,27.395],[-97.395,27.41],[-97.4169,27.4334],[-97.4306,27.4651],[-97.4306,27.5003]],[[-97.4085,27.497],[-97.3962,27.529],[-97.3431,27.5601],[-97.2492,27.5901],[-97.1592,27.6139],[-97.0731,27.6314],[-97.005,27.6335],[-96.955,27.6203],[-96.895,27.6198],[-96.825,27.632],[-96.7614,27.621],[-96.7041,27.5868],[-96.673,27.5564],[-96.6679,27.5298],[-96.6735,27.4899],[-96.6899,27.4367],[-96.676,27.3878],[-96.6317,27.3434],[-96.6079,27.3123],[-96.6046,27.2946],[-96.6147,27.2801],[-96.6382,27.2689],[-96.68,27.2751],[-96.74,27.2986],[-96.795,27.3044],[-96.845,27.2924],[-96.88,27.2894],[-96.9,27.2953],[-96.93,27.3407],[-96.97,27.4254],[-96.999,27.4667],[-97.017,27.4644],[-97.0325,27.45],[-97.0455,27.4233],[-97.0665,27.4047],[-97.0955,27.394],[-97.1715,27.394],[-97.2945,27.4047],[-97.3645,27.4145],[-97.3816,27.4233],[-97.3963,27.4411],[-97.4085,27.4677],[-97.4085,27.497]]]}},{"type":"Feature","properties":{"c":"#ffffb2","v0":5.0,"v1":10.0},"geometry":{"type":"Polygon","coordinates":[[[-84.3863,26.8404],[-84.3488,26.9475],[-84.32,27.0075],[-84.3,27.0206],[-84.24,27.0362],[-84.14,27.0542],[-84.0781,27.0476],[-84.0544,27.0165],[-84.0494,26.9783],[-84.0631,26.9331],[-84.0371,26.8885],[-83.9712,26.8445],[-83.9257,26.7913],[-83.9005,26.7288],[-83.8523,26.6796],[-83.7813,26.6439],[-83.7118,26.6232],[-83.6439,26.6175],[-83.5925,26.6041],[-83.5575,26.5829],[-83.5249,26.5455],[-83.4948,26.4918],[-83.4829,26.4292],[-83.4894,26.3575],[-83.522,26.3059],[-83.5807,26.2744],[-83.63,26.2588],[-83.67,26.259],[-83.7074,26.2703],[-83.7421,26.2926],[-83.7671,26.3225],[-83.7824,26.3602],[-83.795,26.3799],[-83.805,26.3818],[-83.8151,26.3675],[-83.8252,26.3369],[-83.8402,26.3128],[-83.8601,26.295],[-83.9,26.2861],[-83.96,26.2861],[-83.9999,26.295],[-84.0197,26.3128],[-84.0333,26.3351],[-84.0407,26.362],[-84.0382,26.3978],[-84.026,26.4426],[-84.006,26.4784],[-83.9782,26.5053],[-83.9707,26.5366],[-83.9834,26.5724],[-84.0098,26.5923],[-84.0499,26.5964],[-84.0996,26.6143],[-84.1589,26.6459],[-84.2289,26.673],[-84.3096,26.6955],[-84.3594,26.7134],[-84.3782,26.7266],[-84.392,26.7466],[-84.4008,26.7734],[-84.3863,26.8404]],[[-84.3849,26.8181],[-84.3705,26.8805],[-84.3509,26.934],[-84.3261,26.9786],[-84.2578,27.0126],[-84.1459,27.0359],[-84.0815,27.0359],[-84.0645,27.0126],[-84.0609,26.9741],[-84.0707,26.9207],[-84.0452,26.8761],[-83.9846,26.8404],[-83.9382,26.7874],[-83.9061,26.7171],[-83.85,26.6633],[-83.77,26.626],[-83.695,26.6046],[-83.625,26.599],[-83.5776,26.5857],[-83.5528,26.5649],[-83.5286,26.5321],[-83.5051,26.4874],[-83.4939,26.4336],[-83.4952,26.3709],[-83.5194,26.3237],[-83.5665,26.2919],[-83.615,26.2749],[-83.665,26.2726],[-83.7033,26.2796],[-83.7299,26.2957],[-83.7531,26.3261],[-83.7731,26.3709],[-83.7898,26.3962],[-83.8033,26.4018],[-83.825,26.378],[-83.855,26.3246],[-83.9,26.2979],[-83.96,26.2979],[-83.9989,26.3083],[-84.0168,26.3291],[-84.0267,26.353],[-84.0286,26.3799],[-84.0234,26.4112],[-84.0113,26.4471],[-83.9906,26.4784],[-83.9614,26.5053],[-83.9532,26.5366],[-83.966,26.5724],[-84.0668,26.6226],[-84.2556,26.6873],[-84.3605,26.7364],[-84.3816,26.77],[-84.3849,26.8181]]]}},{"type":"Feature","properties":{"c":"#ffffb2","v0":5.0,"v1":10.0},"geometry":{"type":"Polygon","coordinates":[[[-100.7817,26.8136],[-100.7558,26.8671],[-100.7197,26.903],[-100.6732,26.9211],[-100.625,26.9529],[-100.575,26.9986],[-100.525,27.0085],[-100.475,26.9826],[-100.42,26.9656],[-100.36,26.9573],[-100.3193,26.9295],[-100.298,26.882],[-100.2893,26.8448],[-100.2933,26.8181],[-100.309,26.7993],[-100.3363,26.7886],[-100.39,26.7952],[-100.47,26.8193],[-100.52,26.8293],[-100.54,26.8255],[-100.5529,26.7965],[-100.5588,26.7424],[-100.5738,26.7099],[-100.5979,26.6988],[-100.64,26.6929],[-100.7,26.6921],[-100.7433,26.702],[-100.7699,26.7228],[-100.7861,26.7466],[-100.7918,26.7734],[-100.7817,26.8136]]]}},{"type":"Feature","properties":{"c":"#ffffb2","v0":5.0,"v1":10.0},"geometry":{"type":"Polygon","coordinates":[[[-83.2421,25.8591],[-83.2302,25.9041],[-83.2057,25.9386],[-83.1686,25.9628],[-83.135,25.9748],[-83.105,25.9748],[-83.07,25.966],[-83.03,25.9484],[-82.98,25.942],[-82.92,25.9469],[-82.8766,25.9347],[-82.8498,25.9053],[-82.8348,25.8685],[-82.8316,25.8243],[-82.81,25.7943],[-82.77,25.7785],[-82.725,25.7455],[-82.675,25.6955],[-82.62,25.6599],[-82.56,25.6388],[-82.4741,25.5947],[-82.3622,25.5276],[-82.2682,25.4805],[-82.192,25.4534],[-82.1446,25.4263],[-82.1257,25.3992],[-82.1184,25.3676],[-82.1224,25.3314],[-82.1458,25.3017],[-82.1886,25.2783],[-82.275,25.2878],[-82.405,25.3302],[-82.505,25.3541],[-82.575,25.3593],[-82.665,25.3921],[-82.775,25.4523],[-82.8459,25.5034],[-82.8778,25.5453],[-82.9228,25.5763],[-82.9809,25.5964],[-83.06,25.6402],[-83.16,25.7079],[-83.2182,25.7519],[-83.2345,25.7723],[-83.2441,25.7961],[-83.2467,25.8231],[-83.2421,25.8591]],[[-83.2343,25.8546],[-83.227,25.8906],[-83.205,25.922],[-83.1683,25.9489],[-83.135,25.9623],[-83.105,25.9624],[-83.07,25.9533],[-83.03,25.935],[-82.98,25.9288],[-82.92,25.9346],[-82.8801,25.9258],[-82.8603,25.9023],[-82.8503,25.8676],[-82.8501,25.8218],[-82.83,25.7922],[-82.79,25.7791],[-82.74,25.7435],[-82.68,25.6854],[-82.625,25.6489],[-82.575,25.6339],[-82.53,25.6104],[-82.49,25.5784],[-82.4259,25.5408],[-82.3378,25.4976],[-82.2628,25.4667],[-82.2009,25.448],[-82.1588,25.4209],[-82.1365,25.3854],[-82.1285,25.354],[-82.1347,25.3269],[-82.1458,25.3063],[-82.1619,25.2922],[-82.185,25.2841],[-82.215,25.282],[-82.2933,25.3026],[-82.42,25.3459],[-82.515,25.3691],[-82.5783,25.3721],[-82.664,25.4037],[-82.772,25.4639],[-82.842,25.5146],[-82.874,25.5558],[-82.915,25.5843],[-82.965,25.6001],[-83.0418,25.6426],[-83.1455,25.7119],[-83.2075,25.7691],[-83.2278,25.8141],[-83.2343,25.8546]]]}},{"type":"Feature","properties":{"c":"#ffffb2","v0":5.0,"v1":10.0},"geometry":{"type":"Polygon","coordinates":[[[-77.7412,25.9311],[-77.7071,25.9402],[-77.665,25.9378],[-77.615,25.9238],[-77.56,25.9168],[-77.5,25.9169],[-77.4597,25.9103],[-77.4391,25.8972],[-77.4304,25.8681],[-77.4335,25.8231],[-77.4838,25.7974],[-77.5813,25.791],[-77.6621,25.8225],[-77.7262,25.8919],[-77.7412,25.9311]]]}},{"type":"Feature","properties":{"c":"#ffffb2","v0":5.0,"v1":10.0},"geometry":{"type":"Polygon","coordinates":[[[-98.0062,25.7263],[-97.9821,25.7578],[-97.93,25.7708],[-97.85,25.7652],[-97.785,25.7771],[-97.735,25.8064],[-97.69,25.8157],[-97.65,25.8051],[-97.6222,25.7909],[-97.6065,25.7733],[-97.5958,25.7465],[-97.5901,25.7105],[-97.6162,25.6654],[-97.674,25.6113],[-97.6913,25.5753],[-97.6683,25.5572],[-97.64,25.5475],[-97.6067,25.546],[-97.565,25.5634],[-97.515,25.5996],[-97.475,25.6172],[-97.445,25.6161],[-97.4248,25.6032],[-97.4145,25.5786],[-97.4228,25.5121],[-97.4498,25.4037],[-97.5,25.329],[-97.5733,25.2879],[-97.62,25.2723],[-97.64,25.2821],[-97.658,25.3026],[-97.674,25.3339],[-97.714,25.3581],[-97.778,25.3752],[-97.8267,25.4023],[-97.86,25.4394],[-97.8723,25.476],[-97.8637,25.5121],[-97.8869,25.5392],[-97.9417,25.5572],[-97.9814,25.6023],[-98.006,25.6745],[-98.0062,25.7263]],[[-97.987,25.7232],[-97.9623,25.7486],[-97.915,25.7568],[-97.845,25.7479],[-97.79,25.7578],[-97.75,25.7864],[-97.71,25.7986],[-97.67,25.7945],[-97.6383,25.772],[-97.6149,25.731],[-97.6299,25.6862],[-97.6833,25.6375],[-97.7126,25.6014],[-97.7177,25.578],[-97.7027,25.5571],[-97.6676,25.5388],[-97.635,25.5295],[-97.605,25.5293],[-97.5753,25.5339],[-97.546,25.5434],[-97.5179,25.5617],[-97.491,25.5888],[-97.4699,25.6023],[-97.4545,25.6023],[-97.442,25.5933],[-97.4325,25.5753],[-97.4384,25.5166],[-97.4596,25.4173],[-97.5052,25.3471],[-97.5751,25.306],[-97.625,25.3062],[-97.655,25.3476],[-97.705,25.377],[-97.775,25.3944],[-97.8218,25.4168],[-97.8453,25.4442],[-97.8492,25.4805],[-97.8334,25.5256],[-97.8566,25.5538],[-97.9189,25.5651],[-97.9623,25.6057],[-97.987,25.6756],[-97.987,25.7232]]]}},{"type":"Feature","properties":{"c":"#ffffb2","v0":5.0,"v1":10.0},"geometry":{"type":"Polygon","coordinates":[[[-85.1387,25.1324],[-85.1044,25.3134],[-85.078,25.4158],[-85.0593,25.44],[-85.04,25.4532],[-85.02,25.4553],[-84.9729,25.4342],[-84.8988,25.3898],[-84.8516,25.345],[-84.8312,25.2998],[-84.8383,25.2604],[-84.8728,25.2267],[-84.925,25.2072],[-84.995,25.202],[-85.0372,25.1781],[-85.0516,25.1356],[-85.0566,25.0873],[-85.0522,25.0332],[-85.06,24.9952],[-85.08,24.9734],[-85.1,24.9589],[-85.12,24.9517],[-85.135,24.9533],[-85.145,24.9636],[-85.1514,24.987],[-85.1543,25.0236],[-85.1387,25.1324]]]}},{"type":"Feature","properties":{"c":"#ffffb2","v0":5.0,"v1":10.0},"geometry":{"type":"Polygon","coordinates":[[[-84.771,25.2727],[-84.746,25.2998],[-84.7186,25.3088],[-84.6887,25.2998],[-84.6744,25.2862],[-84.6754,25.2682],[-84.6845,25.2514],[-84.7015,25.236],[-84.72,25.2272],[-84.74,25.225],[-84.7584,25.2327],[-84.7751,25.2503],[-84.771,25.2727]]]}},{"type":"Feature","properties":{"c":"#ffffb2","v0":5.0,"v1":10.0},"geometry":{"type":"Polygon","coordinates":[[[-84.6752,25.1053],[-84.6646,25.1596],[-84.6354,25.2139],[-84.5876,25.2682],[-84.5503,25.3029],[-84.5234,25.3182],[-84.495,25.3242],[-84.465,25.3209],[-84.4302,25.2951],[-84.3905,25.247],[-84.3817,25.1867],[-84.4037,25.1143],[-84.4085,25.0515],[-84.3962,24.9984],[-84.36,24.9938],[-84.3,25.0378],[-84.23,25.0577],[-84.15,25.0536],[-84.07,25.012],[-83.99,24.9329],[-83.925,24.8846],[-83.875,24.8671],[-83.8471,24.8317],[-83.8414,24.7783],[-83.8464,24.7429],[-83.8621,24.7257],[-83.885,24.7165],[-83.915,24.7156],[-83.96,24.7297],[-84.02,24.7591],[-84.075,24.7994],[-84.125,24.8507],[-84.185,24.8806],[-84.255,24.8892],[-84.31,24.9025],[-84.35,24.9206],[-84.385,24.9128],[-84.415,24.8791],[-84.46,24.8629],[-84.52,24.864],[-84.5789,24.8907],[-84.6367,24.9431],[-84.6693,24.9965],[-84.6768,25.0509],[-84.6752,25.1053]],[[-84.663,25.1007],[-84.6561,25.146],[-84.627,25.199],[-84.5757,25.2598],[-84.535,25.2961],[-84.505,25.3081],[-84.475,25.3082],[-84.445,25.2965],[-84.4181,25.2692],[-84.3943,25.2263],[-84.3947,25.1732],[-84.4192,25.1098],[-84.4261,25.0418],[-84.4154,24.9693],[-84.4151,24.9195],[-84.425,24.8923],[-84.45,24.8755],[-84.49,24.8691],[-84.53,24.8765],[-84.57,24.8977],[-84.6074,24.9281],[-84.6422,24.9677],[-84.6613,25.0101],[-84.6647,25.0554],[-84.663,25.1007]],[[-84.3099,24.9693],[-84.2833,25.0056],[-84.23,25.0207],[-84.15,25.0146],[-84.075,24.9745],[-84.005,24.9004],[-83.9462,24.8535],[-83.8986,24.834],[-83.8742,24.8106],[-83.8731,24.7833],[-83.8769,24.7644],[-83.8856,24.7539],[-83.9008,24.7493],[-83.9224,24.7508],[-83.9574,24.7641],[-84.0058,24.7892],[-84.055,24.828],[-84.105,24.8803],[-84.1783,24.9177],[-84.2749,24.94],[-84.3099,24.9693]]]}},{"type":"Feature","properties":{"c":"#ffffb2","v0":5.0,"v1":10.0},"geometry":{"type":"Polygon","coordinates":[[[-83.7618,24.8151],[-83.7252,24.8696],[-83.7046,24.9331],[-83.6998,25.0056],[-83.6805,25.0617],[-83.6468,25.1014],[-83.595,25.1312],[-83.525,25.1511],[-83.4515,25.1403],[-83.3745,25.0988],[-83.3283,25.0011],[-83.313,24.8469],[-83.3216,24.7471],[-83.3539,24.702],[-83.385,24.675],[-83.415,24.6664],[-83.445,24.6669],[-83.475,24.6766],[-83.505,24.7089],[-83.535,24.7637],[-83.585,24.7701],[-83.655,24.7281],[-83.7059,24.7137],[-83.7376,24.7268],[-83.7602,24.747],[-83.7735,24.7743],[-83.7618,24.8151]],[[-83.7473,24.8151],[-83.7112,24.8696],[-83.6909,24.9331],[-83.6861,25.0056],[-83.6703,25.058],[-83.6434,25.0903],[-83.615,25.1148],[-83.585,25.1315],[-83.55,25.142],[-83.51,25.1463],[-83.4557,25.1308],[-83.3872,25.0957],[-83.3443,25.0011],[-83.3269,24.8469],[-83.3311,24.7504],[-83.357,24.7117],[-83.385,24.6876],[-83.415,24.678],[-83.44,24.6757],[-83.46,24.6808],[-83.49,24.715],[-83.53,24.7783],[-83.585,24.7873],[-83.655,24.7422],[-83.7009,24.7231],[-83.7226,24.73],[-83.7414,24.747],[-83.7573,24.7743],[-83.7473,24.8151]]]}},{"type":"Feature","properties":{"c":"#ffffb2","v0":5.0,"v1":10.0},"geometry":{"type":"Polygon","coordinates":[[[-99.1094,24.8015],[-99.0704,24.9013],[-99.0207,24.9742],[-98.9602,25.0201],[-98.915,25.0475],[-98.885,25.0563],[-98.825,25.0575],[-98.735,25.0509],[-98.6759,25.0281],[-98.6477,24.9889],[-98.6345,24.9376],[-98.6364,24.8741],[-98.6155,24.8485],[-98.5718,24.8609],[-98.5399,24.8518],[-98.5198,24.8213],[-98.5119,24.7833],[-98.5161,24.7379],[-98.5312,24.7014],[-98.5571,24.6738],[-98.59,24.6532],[-98.63,24.6397],[-98.665,24.6203],[-98.695,24.5949],[-98.76,24.5657],[-98.86,24.5329],[-98.9321,24.5252],[-98.9762,24.5428],[-99.0309,24.6016],[-99.0962,24.7016],[-99.1094,24.8015]],[[-99.0968,24.797],[-99.0627,24.8877],[-99.0018,24.9617],[-98.9139,25.0191],[-98.825,25.0432],[-98.735,25.0342],[-98.6788,25.0101],[-98.6565,24.9708],[-98.6465,24.9165],[-98.6488,24.8472],[-98.63,24.8216],[-98.59,24.8399],[-98.5587,24.8382],[-98.5362,24.8168],[-98.526,24.7879],[-98.528,24.7516],[-98.5443,24.7164],[-98.5748,24.6822],[-98.6088,24.6595],[-98.6464,24.6482],[-98.6814,24.6293],[-98.7138,24.6028],[-98.775,24.5748],[-98.865,24.5451],[-98.9268,24.5356],[-98.9603,24.5463],[-99.0113,24.6016],[-99.0797,24.7016],[-99.0968,24.797]]]}},{"type":"Feature","properties":{"c":"#ffffb2","v0":5.0,"v1":10.0},"geometry":{"type":"Polygon","coordinates":[[[-82.618,24.7107],[-82.6065,24.7379],[-82.5831,24.7631],[-82.5477,24.7861],[-82.515,24.7977],[-82.485,24.798],[-82.435,24.7861],[-82.365,24.7619],[-82.285,24.7573],[-82.195,24.7722],[-82.09,24.7655],[-81.97,24.7371],[-81.9023,24.7119],[-81.887,24.6899],[-81.8784,24.6562],[-81.8768,24.6107],[-81.8844,24.5743],[-81.9014,24.547],[-81.9249,24.5263],[-81.955,24.512],[-81.99,24.5048],[-82.03,24.5048],[-82.095,24.5168],[-82.185,24.5408],[-82.25,24.54],[-82.29,24.5144],[-82.325,24.4993],[-82.355,24.4947],[-82.395,24.5166],[-82.445,24.5649],[-82.5,24.5985],[-82.56,24.6173],[-82.5984,24.6443],[-82.6153,24.6795],[-82.618,24.7107]],[[-82.6034,24.7107],[-82.591,24.7379],[-82.571,24.76],[-82.5437,24.7767],[-82.515,24.7853],[-82.485,24.7856],[-82.435,24.7742],[-82.365,24.7513],[-82.285,24.7467],[-82.195,24.7604],[-82.095,24.7562],[-81.985,24.7339],[-81.9208,24.7118],[-81.9023,24.6898],[-81.8923,24.6562],[-81.8908,24.6107],[-81.895,24.578],[-81.905,24.5581],[-81.925,24.5405],[-81.955,24.525],[-81.99,24.5173],[-82.03,24.5173],[-82.095,24.5287],[-82.185,24.5516],[-82.255,24.5488],[-82.305,24.5203],[-82.34,24.5057],[-82.36,24.5051],[-82.3969,24.5301],[-82.4506,24.5808],[-82.5056,24.6152],[-82.5619,24.6332],[-82.5949,24.6559],[-82.6047,24.6834],[-82.6034,24.7107]]]}},{"type":"Feature","properties":{"c":"#ffffb2","v0":5.0,"v1":10.0},"geometry":{"type":"Polygon","coordinates":[[[-81.5151,24.1325],[-81.5055,24.169],[-81.488,24.1986],[-81.4627,24.2215],[-81.385,24.233],[-81.255,24.2331],[-81.1573,24.1943],[-81.092,24.1166],[-81.057,24.0627],[-81.0523,24.0328],[-81.0319,23.9916],[-80.9957,23.9394],[-80.9781,23.8949],[-80.9792,23.8584],[-80.9923,23.8286],[-81.0174,23.8055],[-81.055,23.794],[-81.105,23.794],[-81.15,23.8152],[-81.19,23.8577],[-81.235,23.8893],[-81.285,23.91],[-81.3285,23.9369],[-81.3656,23.9699],[-81.4056,23.9931],[-81.4485,24.0067],[-81.4825,24.0387],[-81.5074,24.089],[-81.5151,24.1325]],[[-81.5016,24.1325],[-81.4915,24.169],[-81.4773,24.1954],[-81.4591,24.2118],[-81.385,24.2201],[-81.255,24.2202],[-81.1636,24.1891],[-81.1108,24.127],[-81.0774,24.0731],[-81.0634,24.0275],[-81.0416,23.9863],[-81.0118,23.9498],[-80.9961,23.9087],[-80.9946,23.8629],[-81.0029,23.8318],[-81.021,23.8153],[-81.055,23.807],[-81.105,23.8069],[-81.15,23.8282],[-81.19,23.8706],[-81.23,23.8992],[-81.27,23.914],[-81.31,23.939],[-81.35,23.9744],[-81.3931,23.9998],[-81.4394,24.0152],[-81.4736,24.0457],[-81.4956,24.0914],[-81.5016,24.1325]]]}},{"type":"Feature","properties":{"c":"#ffffb2","v0":5.0,"v1":10.0},"geometry":{"type":"Polygon","coordinates":[[[-83.806,22.8576],[-83.7773,22.9498],[-83.7298,23.0062],[-83.6633,23.027],[-83.575,23.0282],[-83.465,23.0097],[-83.355,22.9838],[-83.245,22.9505],[-83.17,22.9251],[-83.13,22.9076],[-83.0909,22.877],[-83.0528,22.8334],[-83.0378,22.8037],[-83.0459,22.788],[-83.0851,22.7788],[-83.1552,22.776],[-83.2152,22.7616],[-83.2651,22.7355],[-83.315,22.7261],[-83.365,22.7332],[-83.42,22.7184],[-83.48,22.6817],[-83.545,22.6753],[-83.615,22.6991],[-83.675,22.7113],[-83.725,22.7119],[-83.7676,22.7371],[-83.8028,22.7867],[-83.806,22.8576]],[[-83.7828,22.8668],[-83.7578,22.9405],[-83.7165,22.9869],[-83.6588,23.0061],[-83.575,23.0063],[-83.465,22.9876],[-83.355,22.9611],[-83.245,22.9271],[-83.1701,22.8992],[-83.1302,22.8776],[-83.1027,22.853],[-83.0875,22.8254],[-83.1174,22.8053],[-83.1925,22.7928],[-83.25,22.7755],[-83.29,22.7533],[-83.335,22.7463],[-83.385,22.7544],[-83.435,22.7403],[-83.485,22.7039],[-83.54,22.6969],[-83.6,22.7193],[-83.66,22.7324],[-83.72,22.7361],[-83.7613,22.761],[-83.784,22.807],[-83.7828,22.8668]]]}},{"type":"Feature","properties":{"c":"#ffffb2","v0":5.0,"v1":10.0},"geometry":{"type":"Polygon","coordinates":[[[-84.2032,22.4684],[-84.1811,22.4835],[-84.115,22.4779],[-84.005,22.4514],[-83.8984,22.393],[-83.7952,22.3025],[-83.7338,22.2342],[-83.7144,22.1879],[-83.7078,22.1508],[-83.7141,22.123],[-83.7255,22.1018],[-83.7418,22.087],[-83.77,22.0783],[-83.81,22.0757],[-83.86,22.0886],[-83.92,22.1172],[-83.9985,22.1722],[-84.0956,22.2536],[-84.1616,22.336],[-84.1967,22.4192],[-84.2032,22.4684]],[[-84.1868,22.4495],[-84.1756,22.464],[-84.115,22.459],[-84.005,22.4345],[-83.9026,22.3811],[-83.8078,22.2986],[-83.7499,22.2342],[-83.729,22.1879],[-83.7227,22.1508],[-83.7312,22.123],[-83.759,22.1038],[-83.8063,22.093],[-83.865,22.1062],[-83.935,22.1432],[-84.0093,22.1949],[-84.0879,22.2612],[-84.1435,22.3313],[-84.1761,22.4053],[-84.1868,22.4495]]]}},{"type":"Feature","properties":{"c":"#ffffb2","v0":5.0,"v1":10.0},"geometry":{"type":"Polygon","coordinates":[[[-82.7685,21.9177],[-82.7562,21.9427],[-82.735,21.9602],[-82.705,21.97],[-82.6,21.9636],[-82.42,21.9408],[-82.3178,21.9141],[-82.2934,21.8834],[-82.2802,21.8448],[-82.2782,21.7984],[-82.2551,21.7473],[-82.2108,21.6916],[-82.219,21.6621],[-82.2797,21.6588],[-82.3439,21.696],[-82.4118,21.7736],[-82.5018,21.8149],[-82.6139,21.82],[-82.69,21.8327],[-82.73,21.8529],[-82.7562,21.8736],[-82.7685,21.8946],[-82.7685,21.9177]],[[-82.7274,21.913],[-82.7158,21.9286],[-82.7,21.9379],[-82.68,21.9408],[-82.59,21.9314],[-82.43,21.9096],[-82.3412,21.8864],[-82.3237,21.8618],[-82.3164,21.8309],[-82.3192,21.7938],[-82.3092,21.7566],[-82.2863,21.7195],[-82.2887,21.7044],[-82.3162,21.7114],[-82.355,21.7472],[-82.405,21.8116],[-82.45,21.8486],[-82.49,21.8585],[-82.545,21.8607],[-82.615,21.8554],[-82.6708,21.8659],[-82.7124,21.8921],[-82.7274,21.913]]]}},{"type":"Feature","properties":{"c":"#fed976","v0":10.0,"v1":20.0},"geometry":{"type":"Polygon","coordinates":[[[-87.0064,30.3648],[-86.9971,30.3907],[-86.9768,30.4087],[-86.9456,30.4188],[-86.88,30.413],[-86.78,30.3913],[-86.6662,30.3561],[-86.5385,30.3072],[-86.4646,30.2698],[-86.4446,30.2439],[-86.4367,30.218],[-86.441,30.1921],[-86.4544,30.1661],[-86.477,30.1402],[-86.5037,30.1224],[-86.5346,30.1128],[-86.615,30.118],[-86.745,30.1379],[-86.8519,30.1817],[-86.9358,30.2491],[-86.9861,30.3001],[-87.0027,30.3346],[-87.0064,30.3648]],[[-86.9948,30.3605],[-86.99,30.3777],[-86.9732,30.3927],[-86.9444,30.4052],[-86.88,30.4002],[-86.78,30.3775],[-86.67,30.344],[-86.55,30.2997],[-86.4803,30.2659],[-86.4609,30.2426],[-86.4532,30.218],[-86.4572,30.1921],[-86.4669,30.1697],[-86.4823,30.1509],[-86.505,30.1361],[-86.535,30.1254],[-86.58,30.128],[-86.64,30.1438],[-86.7,30.1528],[-86.76,30.1549],[-86.835,30.1908],[-86.925,30.2605],[-86.9768,30.3095],[-86.9903,30.3377],[-86.9948,30.3605]]]}},{"type":"Feature","properties":{"c":"#fed976","v0":10.0,"v1":20.0},"geometry":{"type":"Polygon","coordinates":[[[-86.4295,29.9887],[-86.3975,30.0926],[-86.3586,30.1602],[-86.3129,30.1915],[-86.27,30.2057],[-86.23,30.2028],[-86.18,30.1882],[-86.12,30.1619],[-86.05,30.1541],[-85.97,30.1649],[-85.9157,30.1638],[-85.8871,30.1509],[-85.864,30.1315],[-85.8463,30.1056],[-85.8366,30.0666],[-85.8349,30.0147],[-85.843,29.9757],[-85.8609,29.9497],[-85.9149,29.9329],[-86.005,29.9252],[-86.075,29.9271],[-86.125,29.9385],[-86.1672,29.9423],[-86.2015,29.9386],[-86.2249,29.9324],[-86.2374,29.9237],[-86.2376,29.8977],[-86.2254,29.8544],[-86.237,29.8172],[-86.2723,29.7862],[-86.305,29.7712],[-86.335,29.7722],[-86.3588,29.779],[-86.3764,29.7916],[-86.4003,29.8327],[-86.4304,29.9021],[-86.4295,29.9887]],[[-86.4115,29.9887],[-86.3787,30.0926],[-86.3442,30.1562],[-86.3081,30.1797],[-86.27,30.1899],[-86.23,30.187],[-86.18,30.1717],[-86.12,30.1441],[-86.075,30.136],[-86.045,30.1473],[-86.005,30.1534],[-85.955,30.154],[-85.9114,30.1389],[-85.8743,30.108],[-85.8542,30.071],[-85.8511,30.0277],[-85.8554,29.993],[-85.8673,29.9671],[-85.9174,29.9495],[-86.0058,29.9404],[-86.075,29.9421],[-86.125,29.9548],[-86.17,29.9581],[-86.21,29.952],[-86.2393,29.9416],[-86.258,29.9268],[-86.2601,29.8977],[-86.2455,29.8544],[-86.2512,29.8213],[-86.2771,29.7985],[-86.3,29.7863],[-86.32,29.7848],[-86.3423,29.7918],[-86.367,29.8075],[-86.3915,29.8457],[-86.4158,29.9064],[-86.4115,29.9887]]]}},{"type":"Feature","properties":{"c":"#fed976","v0":10.0,"v1":20.0},"geometry":{"type":"Polygon","coordinates":[[[-88.8903,28.6952],[-88.8101,28.7237],[-88.75,28.7505],[-88.71,28.7758],[-88.6757,28.7835],[-88.6472,28.7736],[-88.6399,28.7424],[-88.6538,28.6898],[-88.6547,28.6459],[-88.6425,28.6108],[-88.6498,28.5859],[-88.6766,28.5713],[-88.7412,28.5801],[-88.8436,28.6123],[-88.9037,28.6415],[-88.9215,28.6678],[-88.8903,28.6952]]]}},{"type":"Feature","properties":{"c":"#fed976","v0":10.0,"v1":20.0},"geometry":{"type":"Polygon","coordinates":[[[-88.5898,28.6023],[-88.5499,28.6206],[-88.52,28.6219],[-88.5,28.6063],[-88.4898,28.5884],[-88.4894,28.5682],[-88.4994,28.5546],[-88.5198,28.5476],[-88.5499,28.5563],[-88.5898,28.5809],[-88.5898,28.6023]]]}},{"type":"Feature","properties":{"c":"#fed976","v0":10.0,"v1":20.0},"geometry":{"type":"Polygon","coordinates":[[[-99.7184,27.9238],[-99.7043,27.9591],[-99.6504,28.0359],[-99.5568,28.154],[-99.49,28.2254],[-99.45,28.2501],[-99.42,28.2613],[-99.4,28.259],[-99.3841,28.2317],[-99.3724,28.1794],[-99.3517,28.1444],[-99.3222,28.1268],[-99.3,28.1047],[-99.2853,28.0783],[-99.2903,28.0386],[-99.3148,27.9856],[-99.3628,27.9394],[-99.4343,27.8999],[-99.48,27.881],[-99.5,27.8828],[-99.525,27.8969],[-99.555,27.9233],[-99.58,27.921],[-99.6,27.8902],[-99.625,27.8661],[-99.655,27.8488],[-99.6806,27.8434],[-99.7018,27.8498],[-99.7157,27.8663],[-99.7222,27.8928],[-99.7184,27.9238]]]}},{"type":"Feature","properties":{"c":"#fed976","v0":10.0,"v1":20.0},"geometry":{"type":"Polygon","coordinates":[[[-97.4085,27.497],[-97.3962,27.529],[-97.3431,27.5601],[-97.2492,27.5901],[-97.1592,27.6139],[-97.0731,27.6314],[-97.005,27.6335],[-96.955,27.6203],[-96.895,27.6198],[-96.825,27.632],[-96.7614,27.621],[-96.7041,27.5868],[-96.673,27.5564],[-96.6679,27.5298],[-96.6735,27.4899],[-96.6899,27.4367],[-96.676,27.3878],[-96.6317,27.3434],[-96.6079,27.3123],[-96.6046,27.2946],[-96.6147,27.2801],[-96.6382,27.2689],[-96.68,27.2751],[-96.74,27.2986],[-96.795,27.3044],[-96.845,27.2924],[-96.88,27.2894],[-96.9,27.2953],[-96.93,27.3407],[-96.97,27.4254],[-96.999,27.4667],[-97.017,27.4644],[-97.0325,27.45],[-97.0455,27.4233],[-97.0665,27.4047],[-97.0955,27.394],[-97.1715,27.394],[-97.2945,27.4047],[-97.3645,27.4145],[-97.3816,27.4233],[-97.3963,27.4411],[-97.4085,27.4677],[-97.4085,27.497]]]}},{"type":"Feature","properties":{"c":"#fed976","v0":10.0,"v1":20.0},"geometry":{"type":"Polygon","coordinates":[[[-84.3849,26.8181],[-84.3705,26.8805],[-84.3509,26.934],[-84.3261,26.9786],[-84.2578,27.0126],[-84.1459,27.0359],[-84.0815,27.0359],[-84.0645,27.0126],[-84.0609,26.9741],[-84.0707,26.9207],[-84.0452,26.8761],[-83.9846,26.8404],[-83.9382,26.7874],[-83.9061,26.7171],[-83.85,26.6633],[-83.77,26.626],[-83.695,26.6046],[-83.625,26.599],[-83.5776,26.5857],[-83.5528,26.5649],[-83.5286,26.5321],[-83.5051,26.4874],[-83.4939,26.4336],[-83.4952,26.3709],[-83.5194,26.3237],[-83.5665,26.2919],[-83.615,26.2749],[-83.665,26.2726],[-83.7033,26.2796],[-83.7299,26.2957],[-83.7531,26.3261],[-83.7731,26.3709],[-83.7898,26.3962],[-83.8033,26.4018],[-83.825,26.378],[-83.855,26.3246],[-83.9,26.2979],[-83.96,26.2979],[-83.9989,26.3083],[-84.0168,26.3291],[-84.0267,26.353],[-84.0286,26.3799],[-84.0234,26.4112],[-84.0113,26.4471],[-83.9906,26.4784],[-83.9614,26.5053],[-83.9532,26.5366],[-83.966,26.5724],[-84.0668,26.6226],[-84.2556,26.6873],[-84.3605,26.7364],[-84.3816,26.77],[-84.3849,26.8181]],[[-84.3609,26.8363],[-84.327,26.9351],[-84.3,26.9899],[-84.28,27.0006],[-84.225,27.0109],[-84.135,27.0209],[-84.0859,27.0152],[-84.0776,26.9938],[-84.0787,26.9608],[-84.0892,26.9162],[-84.0601,26.8716],[-83.9916,26.827],[-83.9455,26.7709],[-83.9218,26.7033],[-83.865,26.6503],[-83.775,26.6119],[-83.7,26.5913],[-83.64,26.5887],[-83.5974,26.5792],[-83.5723,26.5627],[-83.546,26.5276],[-83.5185,26.4739],[-83.5071,26.4202],[-83.5118,26.3665],[-83.5331,26.3275],[-83.571,26.3034],[-83.615,26.2902],[-83.665,26.2879],[-83.7023,26.2955],[-83.7269,26.3129],[-83.7469,26.3423],[-83.7623,26.3836],[-83.78,26.4089],[-83.8,26.4182],[-83.8163,26.4199],[-83.829,26.4141],[-83.844,26.3875],[-83.8613,26.3398],[-83.895,26.3133],[-83.945,26.3079],[-83.9816,26.3227],[-84.0048,26.3578],[-84.0117,26.3933],[-84.0022,26.4292],[-83.9801,26.465],[-83.9452,26.5008],[-83.9383,26.5445],[-83.9594,26.5961],[-83.995,26.6228],[-84.045,26.6244],[-84.0941,26.6388],[-84.1423,26.666],[-84.2073,26.6915],[-84.2891,26.7154],[-84.342,26.7421],[-84.3659,26.7719],[-84.3609,26.8363]]]}},{"type":"Feature","properties":{"c":"#fed976","v0":10.0,"v1":20.0},"geometry":{"type":"Polygon","coordinates":[[[-83.2343,25.8546],[-83.227,25.8906],[-83.205,25.922],[-83.1683,25.9489],[-83.135,25.9623],[-83.105,25.9624],[-83.07,25.9533],[-83.03,25.935],[-82.98,25.9288],[-82.92,25.9346],[-82.8801,25.9258],[-82.8603,25.9023],[-82.8503,25.8676],[-82.8501,25.8218],[-82.83,25.7922],[-82.79,25.7791],[-82.74,25.7435],[-82.68,25.6854],[-82.625,25.6489],[-82.575,25.6339],[-82.53,25.6104],[-82.49,25.5784],[-82.4259,25.5408],[-82.3378,25.4976],[-82.2628,25.4667],[-82.2009,25.448],[-82.1588,25.4209],[-82.1365,25.3854],[-82.1285,25.354],[-82.1347,25.3269],[-82.1458,25.3063],[-82.1619,25.2922],[-82.185,25.2841],[-82.215,25.282],[-82.2933,25.3026],[-82.42,25.3459],[-82.515,25.3691],[-82.5783,25.3721],[-82.664,25.4037],[-82.772,25.4639],[-82.842,25.5146],[-82.874,25.5558],[-82.915,25.5843],[-82.965,25.6001],[-83.0418,25.6426],[-83.1455,25.7119],[-83.2075,25.7691],[-83.2278,25.8141],[-83.2343,25.8546]],[[-83.2194,25.8546],[-83.2107,25.8906],[-83.1923,25.919],[-83.1641,25.9398],[-83.135,25.9502],[-83.105,25.9503],[-83.07,25.9404],[-83.03,25.9204],[-82.985,25.9156],[-82.935,25.9258],[-82.8986,25.9208],[-82.8757,25.9007],[-82.8663,25.8681],[-82.8705,25.8231],[-82.8679,25.7961],[-82.8584,25.7871],[-82.8364,25.7781],[-82.8018,25.7691],[-82.7559,25.737],[-82.6986,25.6819],[-82.64,25.6438],[-82.58,25.6226],[-82.5306,25.5961],[-82.4919,25.5642],[-82.4019,25.5203],[-82.2606,25.4645],[-82.1784,25.4239],[-82.1553,25.3984],[-82.1439,25.3721],[-82.1442,25.345],[-82.1608,25.3215],[-82.1936,25.3015],[-82.26,25.3046],[-82.36,25.3307],[-82.425,25.3526],[-82.455,25.3703],[-82.505,25.3816],[-82.575,25.3864],[-82.66,25.4162],[-82.76,25.471],[-82.8266,25.5199],[-82.8597,25.5628],[-82.9097,25.5966],[-82.9766,25.6213],[-83.055,25.6646],[-83.145,25.7264],[-83.1984,25.7771],[-83.2153,25.8167],[-83.2194,25.8546]]]}},{"type":"Feature","properties":{"c":"#fed976","v0":10.0,"v1":20.0},"geometry":{"type":"Polygon","coordinates":[[[-97.987,25.7232],[-97.9623,25.7486],[-97.915,25.7568],[-97.845,25.7479],[-97.79,25.7578],[-97.75,25.7864],[-97.71,25.7986],[-97.67,25.7945],[-97.6383,25.772],[-97.6149,25.731],[-97.6299,25.6862],[-97.6833,25.6375],[-97.7126,25.6014],[-97.7177,25.578],[-97.7027,25.5571],[-97.6676,25.5388],[-97.635,25.5295],[-97.605,25.5293],[-97.5753,25.5339],[-97.546,25.5434],[-97.5179,25.5617],[-97.491,25.5888],[-97.4699,25.6023],[-97.4545,25.6023],[-97.442,25.5933],[-97.4325,25.5753],[-97.4384,25.5166],[-97.4596,25.4173],[-97.5052,25.3471],[-97.5751,25.306],[-97.625,25.3062],[-97.655,25.3476],[-97.705,25.377],[-97.775,25.3944],[-97.8218,25.4168],[-97.8453,25.4442],[-97.8492,25.4805],[-97.8334,25.5256],[-97.8566,25.5538],[-97.9189,25.5651],[-97.9623,25.6057],[-97.987,25.6756],[-97.987,25.7232]],[[-97.9516,25.7169],[-97.9239,25.7298],[-97.88,25.731],[-97.82,25.7207],[-97.77,25.7304],[-97.73,25.7602],[-97.6976,25.7724],[-97.6729,25.7672],[-97.655,25.7555],[-97.644,25.7375],[-97.6714,25.6894],[-97.7371,25.6113],[-97.8067,25.5752],[-97.8802,25.5813],[-97.9291,25.6158],[-97.9534,25.679],[-97.9516,25.7169]],[[-97.8088,25.4953],[-97.7829,25.5339],[-97.735,25.5395],[-97.665,25.5121],[-97.5917,25.5063],[-97.5152,25.5222],[-97.4802,25.4954],[-97.4867,25.4258],[-97.515,25.3733],[-97.565,25.3376],[-97.605,25.3391],[-97.635,25.3777],[-97.6756,25.3987],[-97.7268,25.4021],[-97.767,25.4128],[-97.796,25.4308],[-97.8133,25.4489],[-97.819,25.467],[-97.8088,25.4953]]]}},{"type":"Feature","properties":{"c":"#fed976","v0":10.0,"v1":20.0},"geometry":{"type":"Polygon","coordinates":[[[-84.663,25.1007],[-84.6561,25.146],[-84.627,25.199],[-84.5757,25.2598],[-84.535,25.2961],[-84.505,25.3081],[-84.475,25.3082],[-84.445,25.2965],[-84.4181,25.2692],[-84.3943,25.2263],[-84.3947,25.1732],[-84.4192,25.1098],[-84.4261,25.0418],[-84.4154,24.9693],[-84.4151,24.9195],[-84.425,24.8923],[-84.45,24.8755],[-84.49,24.8691],[-84.53,24.8765],[-84.57,24.8977],[-84.6074,24.9281],[-84.6422,24.9677],[-84.6613,25.0101],[-84.6647,25.0554],[-84.663,25.1007]],[[-84.6447,25.1007],[-84.6368,25.146],[-84.6092,25.1958],[-84.562,25.2501],[-84.5262,25.2822],[-84.5021,25.2923],[-84.4778,25.2923],[-84.4533,25.2822],[-84.4312,25.2591],[-84.4113,25.2229],[-84.4142,25.1732],[-84.4398,25.1098],[-84.4475,25.06],[-84.4374,25.0237],[-84.4344,24.9784],[-84.4384,24.924],[-84.4579,24.8933],[-84.4926,24.8863],[-84.5255,24.8908],[-84.5565,24.9069],[-84.589,24.9331],[-84.6229,24.9693],[-84.6421,25.0101],[-84.6465,25.0554],[-84.6447,25.1007]]]}},{"type":"Feature","properties":{"c":"#fed976","v0":10.0,"v1":20.0},"geometry":{"type":"Polygon","coordinates":[[[-83.7473,24.8151],[-83.7112,24.8696],[-83.6909,24.9331],[-83.6861,25.0056],[-83.6703,25.058],[-83.6434,25.0903],[-83.615,25.1148],[-83.585,25.1315],[-83.55,25.142],[-83.51,25.1463],[-83.4557,25.1308],[-83.3872,25.0957],[-83.3443,25.0011],[-83.3269,24.8469],[-83.3311,24.7504],[-83.357,24.7117],[-83.385,24.6876],[-83.415,24.678],[-83.44,24.6757],[-83.46,24.6808],[-83.49,24.715],[-83.53,24.7783],[-83.585,24.7873],[-83.655,24.7422],[-83.7009,24.7231],[-83.7226,24.73],[-83.7414,24.747],[-83.7573,24.7743],[-83.7473,24.8151]],[[-83.7313,24.8106],[-83.6987,24.856],[-83.6782,24.9195],[-83.67,25.0011],[-83.6539,25.0554],[-83.63,25.0826],[-83.586,25.1056],[-83.522,25.1243],[-83.4614,25.1198],[-83.4043,25.092],[-83.3656,25.0056],[-83.3454,24.8605],[-83.3439,24.7689],[-83.3613,24.7309],[-83.385,24.7062],[-83.415,24.6947],[-83.44,24.6922],[-83.46,24.6985],[-83.485,24.7335],[-83.515,24.7972],[-83.545,24.8238],[-83.575,24.8134],[-83.61,24.7907],[-83.65,24.7557],[-83.685,24.7413],[-83.715,24.7476],[-83.7344,24.76],[-83.7432,24.7786],[-83.7313,24.8106]]]}},{"type":"Feature","properties":{"c":"#fed976","v0":10.0,"v1":20.0},"geometry":{"type":"Polygon","coordinates":[[[-99.0968,24.797],[-99.0627,24.8877],[-99.0018,24.9617],[-98.9139,25.0191],[-98.825,25.0432],[-98.735,25.0342],[-98.6788,25.0101],[-98.6565,24.9708],[-98.6465,24.9165],[-98.6488,24.8472],[-98.63,24.8216],[-98.59,24.8399],[-98.5587,24.8382],[-98.5362,24.8168],[-98.526,24.7879],[-98.528,24.7516],[-98.5443,24.7164],[-98.5748,24.6822],[-98.6088,24.6595],[-98.6464,24.6482],[-98.6814,24.6293],[-98.7138,24.6028],[-98.775,24.5748],[-98.865,24.5451],[-98.9268,24.5356],[-98.9603,24.5463],[-99.0113,24.6016],[-99.0797,24.7016],[-99.0968,24.797]],[[-99.0716,24.797],[-99.034,24.8877],[-98.989,24.9526],[-98.9363,24.9918],[-98.895,25.0154],[-98.865,25.0236],[-98.82,25.0268],[-98.76,25.025],[-98.7217,25.0195],[-98.7051,25.0102],[-98.6898,24.992],[-98.6758,24.9648],[-98.6708,24.9104],[-98.6748,24.8287],[-98.6701,24.7842],[-98.6567,24.7768],[-98.63,24.7837],[-98.59,24.805],[-98.5643,24.8042],[-98.5528,24.7812],[-98.5628,24.7476],[-98.5943,24.7033],[-98.625,24.6772],[-98.655,24.6694],[-98.685,24.6526],[-98.715,24.6268],[-98.775,24.5984],[-98.865,24.5675],[-98.925,24.5583],[-98.955,24.5708],[-99.0001,24.6208],[-99.0602,24.708],[-99.0716,24.797]]]}},{"type":"Feature","properties":{"c":"#fed976","v0":10.0,"v1":20.0},"geometry":{"type":"Polygon","coordinates":[[[-84.3099,24.9693],[-84.2833,25.0056],[-84.23,25.0207],[-84.15,25.0146],[-84.075,24.9745],[-84.005,24.9004],[-83.9462,24.8535],[-83.8986,24.834],[-83.8742,24.8106],[-83.8731,24.7833],[-83.8769,24.7644],[-83.8856,24.7539],[-83.9008,24.7493],[-83.9224,24.7508],[-83.9574,24.7641],[-84.0058,24.7892],[-84.055,24.828],[-84.105,24.8803],[-84.1783,24.9177],[-84.2749,24.94],[-84.3099,24.9693]]]}},{"type":"Feature","properties":{"c":"#fed976","v0":10.0,"v1":20.0},"geometry":{"type":"Polygon","coordinates":[[[-82.6034,24.7107],[-82.591,24.7379],[-82.571,24.76],[-82.5437,24.7767],[-82.515,24.7853],[-82.485,24.7856],[-82.435,24.7742],[-82.365,24.7513],[-82.285,24.7467],[-82.195,24.7604],[-82.095,24.7562],[-81.985,24.7339],[-81.9208,24.7118],[-81.9023,24.6898],[-81.8923,24.6562],[-81.8908,24.6107],[-81.895,24.578],[-81.905,24.5581],[-81.925,24.5405],[-81.955,24.525],[-81.99,24.5173],[-82.03,24.5173],[-82.095,24.5287],[-82.185,24.5516],[-82.255,24.5488],[-82.305,24.5203],[-82.34,24.5057],[-82.36,24.5051],[-82.3969,24.5301],[-82.4506,24.5808],[-82.5056,24.6152],[-82.5619,24.6332],[-82.5949,24.6559],[-82.6047,24.6834],[-82.6034,24.7107]],[[-82.589,24.7092],[-82.5763,24.7336],[-82.555,24.7531],[-82.525,24.7678],[-82.465,24.7628],[-82.375,24.7382],[-82.285,24.7328],[-82.195,24.7464],[-82.095,24.7412],[-81.985,24.717],[-81.9233,24.6939],[-81.91,24.6718],[-81.9036,24.6425],[-81.9041,24.6062],[-81.9107,24.5786],[-81.9236,24.5597],[-81.945,24.5445],[-81.975,24.5329],[-82.05,24.5396],[-82.17,24.5647],[-82.26,24.5625],[-82.32,24.5332],[-82.3751,24.5404],[-82.4254,24.5843],[-82.4804,24.6163],[-82.5401,24.6366],[-82.5763,24.6594],[-82.589,24.6845],[-82.589,24.7092]]]}},{"type":"Feature","properties":{"c":"#fed976","v0":10.0,"v1":20.0},"geometry":{"type":"Polygon","coordinates":[[[-81.5016,24.1325],[-81.4915,24.169],[-81.4773,24.1954],[-81.4591,24.2118],[-81.385,24.2201],[-81.255,24.2202],[-81.1636,24.1891],[-81.1108,24.127],[-81.0774,24.0731],[-81.0634,24.0275],[-81.0416,23.9863],[-81.0118,23.9498],[-80.9961,23.9087],[-80.9946,23.8629],[-81.0029,23.8318],[-81.021,23.8153],[-81.055,23.807],[-81.105,23.8069],[-81.15,23.8282],[-81.19,23.8706],[-81.23,23.8992],[-81.27,23.914],[-81.31,23.939],[-81.35,23.9744],[-81.3931,23.9998],[-81.4394,24.0152],[-81.4736,24.0457],[-81.4956,24.0914],[-81.5016,24.1325]],[[-81.4854,24.1325],[-81.4741,24.169],[-81.4589,24.1932],[-81.4396,24.2051],[-81.37,24.2093],[-81.25,24.2057],[-81.1651,24.1724],[-81.1153,24.1093],[-81.0853,24.0576],[-81.0751,24.0175],[-81.0559,23.981],[-81.0278,23.948],[-81.0132,23.9087],[-81.0122,23.8629],[-81.0213,23.8339],[-81.0404,23.8215],[-81.07,23.8173],[-81.11,23.8212],[-81.145,23.8415],[-81.175,23.8784],[-81.215,23.9071],[-81.265,23.9274],[-81.3081,23.9544],[-81.3444,23.9879],[-81.3844,24.0111],[-81.4281,24.0242],[-81.4603,24.0516],[-81.4808,24.0933],[-81.4854,24.1325]]]}},{"type":"Feature","properties":{"c":"#fed976","v0":10.0,"v1":20.0},"geometry":{"type":"Polygon","coordinates":[[[-83.7828,22.8668],[-83.7578,22.9405],[-83.7165,22.9869],[-83.6588,23.0061],[-83.575,23.0063],[-83.465,22.9876],[-83.355,22.9611],[-83.245,22.9271],[-83.1701,22.8992],[-83.1302,22.8776],[-83.1027,22.853],[-83.0875,22.8254],[-83.1174,22.8053],[-83.1925,22.7928],[-83.25,22.7755],[-83.29,22.7533],[-83.335,22.7463],[-83.385,22.7544],[-83.435,22.7403],[-83.485,22.7039],[-83.54,22.6969],[-83.6,22.7193],[-83.66,22.7324],[-83.72,22.7361],[-83.7613,22.761],[-83.784,22.807],[-83.7828,22.8668]]]}},{"type":"Feature","properties":{"c":"#fed976","v0":10.0,"v1":20.0},"geometry":{"type":"Polygon","coordinates":[[[-84.1868,22.4495],[-84.1756,22.464],[-84.115,22.459],[-84.005,22.4345],[-83.9026,22.3811],[-83.8078,22.2986],[-83.7499,22.2342],[-83.729,22.1879],[-83.7227,22.1508],[-83.7312,22.123],[-83.759,22.1038],[-83.8063,22.093],[-83.865,22.1062],[-83.935,22.1432],[-84.0093,22.1949],[-84.0879,22.2612],[-84.1435,22.3313],[-84.1761,22.4053],[-84.1868,22.4495]],[[-84.1415,22.411],[-84.1338,22.4222],[-84.105,22.4296],[-84.055,22.4332],[-84.01,22.4264],[-83.97,22.4094],[-83.9051,22.3604],[-83.8152,22.2793],[-83.7622,22.2203],[-83.7462,22.1832],[-83.7412,22.1541],[-83.7471,22.1329],[-83.77,22.1182],[-83.81,22.11],[-83.86,22.1216],[-83.92,22.1531],[-83.9885,22.2002],[-84.0655,22.263],[-84.1143,22.3221],[-84.135,22.3776],[-84.1415,22.411]]]}},{"type":"Feature","properties":{"c":"#fed976","v0":10.0,"v1":20.0},"geometry":{"type":"Polygon","coordinates":[[[-82.7274,21.913],[-82.7158,21.9286],[-82.7,21.9379],[-82.68,21.9408],[-82.59,21.9314],[-82.43,21.9096],[-82.3412,21.8864],[-82.3237,21.8618],[-82.3164,21.8309],[-82.3192,21.7938],[-82.3092,21.7566],[-82.2863,21.7195],[-82.2887,21.7044],[-82.3162,21.7114],[-82.355,21.7472],[-82.405,21.8116],[-82.45,21.8486],[-82.49,21.8585],[-82.545,21.8607],[-82.615,21.8554],[-82.6708,21.8659],[-82.7124,21.8921],[-82.7274,21.913]]]}},{"type":"Feature","properties":{"c":"#feb24c","v0":20.0,"v1":30.0},"geometry":{"type":"Polygon","coordinates":[[[-86.9948,30.3605],[-86.99,30.3777],[-86.9732,30.3927],[-86.9444,30.4052],[-86.88,30.4002],[-86.78,30.3775],[-86.67,30.344],[-86.55,30.2997],[-86.4803,30.2659],[-86.4609,30.2426],[-86.4532,30.218],[-86.4572,30.1921],[-86.4669,30.1697],[-86.4823,30.1509],[-86.505,30.1361],[-86.535,30.1254],[-86.58,30.128],[-86.64,30.1438],[-86.7,30.1528],[-86.76,30.1549],[-86.835,30.1908],[-86.925,30.2605],[-86.9768,30.3095],[-86.9903,30.3377],[-86.9948,30.3605]],[[-86.9821,30.3605],[-86.9759,30.3777],[-86.9621,30.3901],[-86.9407,30.3975],[-86.885,30.3916],[-86.795,30.3723],[-86.69,30.3414],[-86.57,30.2989],[-86.5,30.2693],[-86.48,30.2527],[-86.4686,30.2324],[-86.4659,30.2084],[-86.4709,30.186],[-86.4836,30.1652],[-86.505,30.1487],[-86.535,30.1364],[-86.58,30.1384],[-86.64,30.1547],[-86.7,30.1638],[-86.76,30.1656],[-86.8326,30.1999],[-86.9177,30.2667],[-86.9665,30.313],[-86.979,30.3389],[-86.9821,30.3605]]]}},{"type":"Feature","properties":{"c":"#feb24c","v0":20.0,"v1":30.0},"geometry":{"type":"Polygon","coordinates":[[[-86.4115,29.9887],[-86.3787,30.0926],[-86.3442,30.1562],[-86.3081,30.1797],[-86.27,30.1899],[-86.23,30.187],[-86.18,30.1717],[-86.12,30.1441],[-86.075,30.136],[-86.045,30.1473],[-86.005,30.1534],[-85.955,30.154],[-85.9114,30.1389],[-85.8743,30.108],[-85.8542,30.071],[-85.8511,30.0277],[-85.8554,29.993],[-85.8673,29.9671],[-85.9174,29.9495],[-86.0058,29.9404],[-86.075,29.9421],[-86.125,29.9548],[-86.17,29.9581],[-86.21,29.952],[-86.2393,29.9416],[-86.258,29.9268],[-86.2601,29.8977],[-86.2455,29.8544],[-86.2512,29.8213],[-86.2771,29.7985],[-86.3,29.7863],[-86.32,29.7848],[-86.3423,29.7918],[-86.367,29.8075],[-86.3915,29.8457],[-86.4158,29.9064],[-86.4115,29.9887]],[[-86.3981,29.9868],[-86.366,30.0868],[-86.335,30.1473],[-86.305,30.1683],[-86.275,30.1788],[-86.245,30.1789],[-86.195,30.1628],[-86.125,30.1307],[-86.075,30.1208],[-86.045,30.1332],[-86.005,30.1398],[-85.955,30.1407],[-85.9151,30.1291],[-85.8854,30.1048],[-85.8686,30.071],[-85.8649,30.0277],[-85.8698,29.9944],[-85.8833,29.971],[-85.935,29.9566],[-86.025,29.9511],[-86.095,29.9549],[-86.145,29.9678],[-86.195,29.9664],[-86.245,29.9506],[-86.2729,29.9325],[-86.2787,29.9122],[-86.2737,29.8891],[-86.2579,29.863],[-86.26,29.8377],[-86.28,29.8131],[-86.3,29.7999],[-86.32,29.7979],[-86.34,29.8039],[-86.36,29.8179],[-86.381,29.8528],[-86.4031,29.9088],[-86.3981,29.9868]]]}},{"type":"Feature","properties":{"c":"#feb24c","v0":20.0,"v1":30.0},"geometry":{"type":"Polygon","coordinates":[[[-84.3609,26.8363],[-84.327,26.9351],[-84.3,26.9899],[-84.28,27.0006],[-84.225,27.0109],[-84.135,27.0209],[-84.0859,27.0152],[-84.0776,26.9938],[-84.0787,26.9608],[-84.0892,26.9162],[-84.0601,26.8716],[-83.9916,26.827],[-83.9455,26.7709],[-83.9218,26.7033],[-83.865,26.6503],[-83.775,26.6119],[-83.7,26.5913],[-83.64,26.5887],[-83.5974,26.5792],[-83.5723,26.5627],[-83.546,26.5276],[-83.5185,26.4739],[-83.5071,26.4202],[-83.5118,26.3665],[-83.5331,26.3275],[-83.571,26.3034],[-83.615,26.2902],[-83.665,26.2879],[-83.7023,26.2955],[-83.7269,26.3129],[-83.7469,26.3423],[-83.7623,26.3836],[-83.78,26.4089],[-83.8,26.4182],[-83.8163,26.4199],[-83.829,26.4141],[-83.844,26.3875],[-83.8613,26.3398],[-83.895,26.3133],[-83.945,26.3079],[-83.9816,26.3227],[-84.0048,26.3578],[-84.0117,26.3933],[-84.0022,26.4292],[-83.9801,26.465],[-83.9452,26.5008],[-83.9383,26.5445],[-83.9594,26.5961],[-83.995,26.6228],[-84.045,26.6244],[-84.0941,26.6388],[-84.1423,26.666],[-84.2073,26.6915],[-84.2891,26.7154],[-84.342,26.7421],[-84.3659,26.7719],[-84.3609,26.8363]],[[-84.348,26.8359],[-84.3126,26.934],[-84.2486,26.9919],[-84.1562,27.0097],[-84.1042,27.0097],[-84.0926,26.9919],[-84.0918,26.9608],[-84.1019,26.9162],[-84.0696,26.8671],[-83.995,26.8136],[-83.9507,26.752],[-83.9369,26.6824],[-83.915,26.6483],[-83.885,26.6497],[-83.835,26.6331],[-83.765,26.5985],[-83.695,26.5774],[-83.625,26.57],[-83.5729,26.5409],[-83.5386,26.4903],[-83.5233,26.4336],[-83.5269,26.3709],[-83.5491,26.3287],[-83.5897,26.307],[-83.63,26.2965],[-83.67,26.2975],[-83.7016,26.3083],[-83.7249,26.3292],[-83.7424,26.3575],[-83.7542,26.3933],[-83.7725,26.4173],[-83.7975,26.4293],[-83.82,26.4299],[-83.84,26.4189],[-83.8581,26.3905],[-83.8744,26.3446],[-83.9044,26.3205],[-83.9481,26.3181],[-83.9782,26.336],[-83.9947,26.3742],[-83.9981,26.4068],[-83.9885,26.4336],[-83.9664,26.465],[-83.932,26.5008],[-83.9209,26.55],[-83.9331,26.6126],[-83.9719,26.6419],[-84.0373,26.6378],[-84.09,26.6478],[-84.13,26.6718],[-84.195,26.6976],[-84.285,26.7252],[-84.3389,26.7509],[-84.3568,26.7749],[-84.348,26.8359]]]}},{"type":"Feature","properties":{"c":"#feb24c","v0":20.0,"v1":30.0},"geometry":{"type":"Polygon","coordinates":[[[-83.2194,25.8546],[-83.2107,25.8906],[-83.1923,25.919],[-83.1641,25.9398],[-83.135,25.9502],[-83.105,25.9503],[-83.07,25.9404],[-83.03,25.9204],[-82.985,25.9156],[-82.935,25.9258],[-82.8986,25.9208],[-82.8757,25.9007],[-82.8663,25.8681],[-82.8705,25.8231],[-82.8679,25.7961],[-82.8584,25.7871],[-82.8364,25.7781],[-82.8018,25.7691],[-82.7559,25.737],[-82.6986,25.6819],[-82.64,25.6438],[-82.58,25.6226],[-82.5306,25.5961],[-82.4919,25.5642],[-82.4019,25.5203],[-82.2606,25.4645],[-82.1784,25.4239],[-82.1553,25.3984],[-82.1439,25.3721],[-82.1442,25.345],[-82.1608,25.3215],[-82.1936,25.3015],[-82.26,25.3046],[-82.36,25.3307],[-82.425,25.3526],[-82.455,25.3703],[-82.505,25.3816],[-82.575,25.3864],[-82.66,25.4162],[-82.76,25.471],[-82.8266,25.5199],[-82.8597,25.5628],[-82.9097,25.5966],[-82.9766,25.6213],[-83.055,25.6646],[-83.145,25.7264],[-83.1984,25.7771],[-83.2153,25.8167],[-83.2194,25.8546]],[[-83.2086,25.8546],[-83.199,25.8906],[-83.1831,25.9164],[-83.161,25.9321],[-83.135,25.94],[-83.105,25.9401],[-83.07,25.9297],[-83.03,25.9089],[-82.985,25.9039],[-82.935,25.9149],[-82.9002,25.9084],[-82.8806,25.8845],[-82.8719,25.8501],[-82.8743,25.8051],[-82.8541,25.7762],[-82.8114,25.7633],[-82.76,25.7284],[-82.7,25.6714],[-82.64,25.6323],[-82.58,25.6112],[-82.535,25.5872],[-82.505,25.5603],[-82.4442,25.5246],[-82.3527,25.4801],[-82.2777,25.4498],[-82.2192,25.4336],[-82.1813,25.4156],[-82.1639,25.3956],[-82.1555,25.3721],[-82.156,25.345],[-82.1647,25.3245],[-82.1816,25.3105],[-82.2,25.3036],[-82.22,25.3037],[-82.29,25.3254],[-82.41,25.3687],[-82.505,25.3926],[-82.575,25.3973],[-82.66,25.4273],[-82.76,25.4828],[-82.825,25.5309],[-82.855,25.5717],[-82.9,25.6023],[-82.96,25.6229],[-83.0382,25.666],[-83.1347,25.7317],[-83.1905,25.7826],[-83.2058,25.8186],[-83.2086,25.8546]]]}},{"type":"Feature","properties":{"c":"#feb24c","v0":20.0,"v1":30.0},"geometry":{"type":"Polygon","coordinates":[[[-97.9516,25.7169],[-97.9239,25.7298],[-97.88,25.731],[-97.82,25.7207],[-97.77,25.7304],[-97.73,25.7602],[-97.6976,25.7724],[-97.6729,25.7672],[-97.655,25.7555],[-97.644,25.7375],[-97.6714,25.6894],[-97.7371,25.6113],[-97.8067,25.5752],[-97.8802,25.5813],[-97.9291,25.6158],[-97.9534,25.679],[-97.9516,25.7169]]]}},{"type":"Feature","properties":{"c":"#feb24c","v0":20.0,"v1":30.0},"geometry":{"type":"Polygon","coordinates":[[[-97.8088,25.4953],[-97.7829,25.5339],[-97.735,25.5395],[-97.665,25.5121],[-97.5917,25.5063],[-97.5152,25.5222],[-97.4802,25.4954],[-97.4867,25.4258],[-97.515,25.3733],[-97.565,25.3376],[-97.605,25.3391],[-97.635,25.3777],[-97.6756,25.3987],[-97.7268,25.4021],[-97.767,25.4128],[-97.796,25.4308],[-97.8133,25.4489],[-97.819,25.467],[-97.8088,25.4953]]]}},{"type":"Feature","properties":{"c":"#feb24c","v0":20.0,"v1":30.0},"geometry":{"type":"Polygon","coordinates":[[[-84.6447,25.1007],[-84.6368,25.146],[-84.6092,25.1958],[-84.562,25.2501],[-84.5262,25.2822],[-84.5021,25.2923],[-84.4778,25.2923],[-84.4533,25.2822],[-84.4312,25.2591],[-84.4113,25.2229],[-84.4142,25.1732],[-84.4398,25.1098],[-84.4475,25.06],[-84.4374,25.0237],[-84.4344,24.9784],[-84.4384,24.924],[-84.4579,24.8933],[-84.4926,24.8863],[-84.5255,24.8908],[-84.5565,24.9069],[-84.589,24.9331],[-84.6229,24.9693],[-84.6421,25.0101],[-84.6465,25.0554],[-84.6447,25.1007]],[[-84.6294,25.1007],[-84.6199,25.146],[-84.5938,25.1927],[-84.5513,25.2407],[-84.52,25.2691],[-84.5,25.278],[-84.48,25.2782],[-84.46,25.2698],[-84.4419,25.2504],[-84.4258,25.22],[-84.4308,25.1732],[-84.457,25.1098],[-84.4651,25.0372],[-84.455,24.9553],[-84.465,24.9099],[-84.495,24.9011],[-84.5254,24.9058],[-84.5562,24.924],[-84.5844,24.9467],[-84.61,24.9739],[-84.6256,25.0101],[-84.6313,25.0554],[-84.6294,25.1007]]]}},{"type":"Feature","properties":{"c":"#feb24c","v0":20.0,"v1":30.0},"geometry":{"type":"Polygon","coordinates":[[[-83.7313,24.8106],[-83.6987,24.856],[-83.6782,24.9195],[-83.67,25.0011],[-83.6539,25.0554],[-83.63,25.0826],[-83.586,25.1056],[-83.522,25.1243],[-83.4614,25.1198],[-83.4043,25.092],[-83.3656,25.0056],[-83.3454,24.8605],[-83.3439,24.7689],[-83.3613,24.7309],[-83.385,24.7062],[-83.415,24.6947],[-83.44,24.6922],[-83.46,24.6985],[-83.485,24.7335],[-83.515,24.7972],[-83.545,24.8238],[-83.575,24.8134],[-83.61,24.7907],[-83.65,24.7557],[-83.685,24.7413],[-83.715,24.7476],[-83.7344,24.76],[-83.7432,24.7786],[-83.7313,24.8106]],[[-83.7173,24.8106],[-83.684,24.856],[-83.6651,24.9149],[-83.6606,24.9875],[-83.6491,25.0373],[-83.6305,25.0645],[-83.5934,25.0894],[-83.5378,25.1122],[-83.48,25.111],[-83.42,25.0858],[-83.3797,25.002],[-83.359,24.8593],[-83.358,24.7697],[-83.3768,24.7334],[-83.3972,24.7119],[-83.4191,24.7052],[-83.44,24.7058],[-83.46,24.7135],[-83.4773,24.7441],[-83.4919,24.7975],[-83.5069,24.8291],[-83.5223,24.839],[-83.545,24.8389],[-83.575,24.8287],[-83.61,24.8055],[-83.65,24.7693],[-83.68,24.7516],[-83.7,24.7525],[-83.716,24.7616],[-83.728,24.7791],[-83.7173,24.8106]]]}},{"type":"Feature","properties":{"c":"#feb24c","v0":20.0,"v1":30.0},"geometry":{"type":"Polygon","coordinates":[[[-99.0716,24.797],[-99.034,24.8877],[-98.989,24.9526],[-98.9363,24.9918],[-98.895,25.0154],[-98.865,25.0236],[-98.82,25.0268],[-98.76,25.025],[-98.7217,25.0195],[-98.7051,25.0102],[-98.6898,24.992],[-98.6758,24.9648],[-98.6708,24.9104],[-98.6748,24.8287],[-98.6701,24.7842],[-98.6567,24.7768],[-98.63,24.7837],[-98.59,24.805],[-98.5643,24.8042],[-98.5528,24.7812],[-98.5628,24.7476],[-98.5943,24.7033],[-98.625,24.6772],[-98.655,24.6694],[-98.685,24.6526],[-98.715,24.6268],[-98.775,24.5984],[-98.865,24.5675],[-98.925,24.5583],[-98.955,24.5708],[-99.0001,24.6208],[-99.0602,24.708],[-99.0716,24.797]],[[-99.0442,24.7924],[-99.0111,24.8741],[-98.9684,24.9343],[-98.9161,24.973],[-98.87,24.9952],[-98.83,25.0009],[-98.79,25.0018],[-98.75,24.9978],[-98.7235,24.9892],[-98.7106,24.976],[-98.7025,24.9149],[-98.699,24.806],[-98.6905,24.7472],[-98.6768,24.7385],[-98.65,24.7425],[-98.61,24.7592],[-98.5887,24.7635],[-98.5862,24.7555],[-98.5912,24.7424],[-98.6037,24.7239],[-98.63,24.7074],[-98.67,24.6928],[-98.705,24.6727],[-98.735,24.6469],[-98.79,24.6205],[-98.87,24.5933],[-98.92,24.5836],[-98.94,24.5913],[-98.9777,24.6343],[-99.0331,24.7125],[-99.0442,24.7924]]]}},{"type":"Feature","properties":{"c":"#feb24c","v0":20.0,"v1":30.0},"geometry":{"type":"Polygon","coordinates":[[[-82.589,24.7092],[-82.5763,24.7336],[-82.555,24.7531],[-82.525,24.7678],[-82.465,24.7628],[-82.375,24.7382],[-82.285,24.7328],[-82.195,24.7464],[-82.095,24.7412],[-81.985,24.717],[-81.9233,24.6939],[-81.91,24.6718],[-81.9036,24.6425],[-81.9041,24.6062],[-81.9107,24.5786],[-81.9236,24.5597],[-81.945,24.5445],[-81.975,24.5329],[-82.05,24.5396],[-82.17,24.5647],[-82.26,24.5625],[-82.32,24.5332],[-82.3751,24.5404],[-82.4254,24.5843],[-82.4804,24.6163],[-82.5401,24.6366],[-82.5763,24.6594],[-82.589,24.6845],[-82.589,24.7092]],[[-82.5789,24.7061],[-82.5707,24.7243],[-82.5524,24.7411],[-82.5241,24.7565],[-82.465,24.7519],[-82.375,24.7273],[-82.285,24.722],[-82.195,24.736],[-82.1,24.7333],[-82.0,24.7139],[-81.943,24.6979],[-81.9291,24.6852],[-81.9199,24.6607],[-81.9155,24.6243],[-81.9175,24.596],[-81.9258,24.5756],[-81.945,24.5585],[-81.975,24.5448],[-82.05,24.5505],[-82.17,24.5757],[-82.26,24.5738],[-82.32,24.5448],[-82.3776,24.5539],[-82.4328,24.6009],[-82.4875,24.6334],[-82.5418,24.6516],[-82.5725,24.6698],[-82.5795,24.688],[-82.5789,24.7061]]]}},{"type":"Feature","properties":{"c":"#feb24c","v0":20.0,"v1":30.0},"geometry":{"type":"Polygon","coordinates":[[[-81.4854,24.1325],[-81.4741,24.169],[-81.4589,24.1932],[-81.4396,24.2051],[-81.37,24.2093],[-81.25,24.2057],[-81.1651,24.1724],[-81.1153,24.1093],[-81.0853,24.0576],[-81.0751,24.0175],[-81.0559,23.981],[-81.0278,23.948],[-81.0132,23.9087],[-81.0122,23.8629],[-81.0213,23.8339],[-81.0404,23.8215],[-81.07,23.8173],[-81.11,23.8212],[-81.145,23.8415],[-81.175,23.8784],[-81.215,23.9071],[-81.265,23.9274],[-81.3081,23.9544],[-81.3444,23.9879],[-81.3844,24.0111],[-81.4281,24.0242],[-81.4603,24.0516],[-81.4808,24.0933],[-81.4854,24.1325]],[[-81.4766,24.1279],[-81.4693,24.1553],[-81.4567,24.1767],[-81.4389,24.1921],[-81.37,24.1975],[-81.25,24.1929],[-81.1489,24.1259],[-81.0668,23.9963],[-81.026,23.9087],[-81.0263,23.8629],[-81.0373,23.8359],[-81.0591,23.8276],[-81.085,23.8266],[-81.115,23.8328],[-81.145,23.8542],[-81.175,23.8907],[-81.2148,23.9191],[-81.2645,23.9396],[-81.3045,23.9648],[-81.3348,23.9949],[-81.375,24.0186],[-81.425,24.0358],[-81.4576,24.0619],[-81.4727,24.0968],[-81.4766,24.1279]]]}},{"type":"Feature","properties":{"c":"#feb24c","v0":20.0,"v1":30.0},"geometry":{"type":"Polygon","coordinates":[[[-84.1415,22.411],[-84.1338,22.4222],[-84.105,22.4296],[-84.055,22.4332],[-84.01,22.4264],[-83.97,22.4094],[-83.9051,22.3604],[-83.8152,22.2793],[-83.7622,22.2203],[-83.7462,22.1832],[-83.7412,22.1541],[-83.7471,22.1329],[-83.77,22.1182],[-83.81,22.11],[-83.86,22.1216],[-83.92,22.1531],[-83.9885,22.2002],[-84.0655,22.263],[-84.1143,22.3221],[-84.135,22.3776],[-84.1415,22.411]],[[-84.1037,22.3949],[-84.0679,22.4111],[-84.0269,22.4111],[-83.9808,22.3949],[-83.9158,22.3498],[-83.8319,22.2757],[-83.7815,22.2201],[-83.7644,22.1832],[-83.7593,22.1555],[-83.7661,22.1369],[-83.7895,22.1277],[-83.8296,22.1277],[-83.8729,22.1416],[-83.9196,22.1694],[-83.9797,22.2133],[-84.0532,22.2733],[-84.0979,22.3242],[-84.1137,22.366],[-84.1037,22.3949]]]}},{"type":"Feature","properties":{"c":"#fd8d3c","v0":30.0,"v1":40.0},"geometry":{"type":"Polygon","coordinates":[[[-86.9821,30.3605],[-86.9759,30.3777],[-86.9621,30.3901],[-86.9407,30.3975],[-86.885,30.3916],[-86.795,30.3723],[-86.69,30.3414],[-86.57,30.2989],[-86.5,30.2693],[-86.48,30.2527],[-86.4686,30.2324],[-86.4659,30.2084],[-86.4709,30.186],[-86.4836,30.1652],[-86.505,30.1487],[-86.535,30.1364],[-86.58,30.1384],[-86.64,30.1547],[-86.7,30.1638],[-86.76,30.1656],[-86.8326,30.1999],[-86.9177,30.2667],[-86.9665,30.313],[-86.979,30.3389],[-86.9821,30.3605]],[[-86.9699,30.3605],[-86.9598,30.3777],[-86.9435,30.3878],[-86.9212,30.3907],[-86.82,30.3652],[-86.64,30.3115],[-86.5337,30.2755],[-86.5011,30.2573],[-86.4843,30.231],[-86.4833,30.1964],[-86.5046,30.1687],[-86.5482,30.1478],[-86.595,30.146],[-86.645,30.1633],[-86.7,30.1729],[-86.76,30.1749],[-86.8292,30.207],[-86.9076,30.269],[-86.9538,30.313],[-86.9679,30.3389],[-86.9699,30.3605]]]}},{"type":"Feature","properties":{"c":"#fd8d3c","v0":30.0,"v1":40.0},"geometry":{"type":"Polygon","coordinates":[[[-86.3981,29.9868],[-86.366,30.0868],[-86.335,30.1473],[-86.305,30.1683],[-86.275,30.1788],[-86.245,30.1789],[-86.195,30.1628],[-86.125,30.1307],[-86.075,30.1208],[-86.045,30.1332],[-86.005,30.1398],[-85.955,30.1407],[-85.9151,30.1291],[-85.8854,30.1048],[-85.8686,30.071],[-85.8649,30.0277],[-85.8698,29.9944],[-85.8833,29.971],[-85.935,29.9566],[-86.025,29.9511],[-86.095,29.9549],[-86.145,29.9678],[-86.195,29.9664],[-86.245,29.9506],[-86.2729,29.9325],[-86.2787,29.9122],[-86.2737,29.8891],[-86.2579,29.863],[-86.26,29.8377],[-86.28,29.8131],[-86.3,29.7999],[-86.32,29.7979],[-86.34,29.8039],[-86.36,29.8179],[-86.381,29.8528],[-86.4031,29.9088],[-86.3981,29.9868]],[[-86.3839,29.9844],[-86.3536,30.0796],[-86.3263,30.1368],[-86.3021,30.1559],[-86.272,30.1646],[-86.2359,30.1627],[-86.1859,30.1458],[-86.122,30.1139],[-86.0731,30.1053],[-86.0393,30.1199],[-86.0043,30.1279],[-85.9681,30.1293],[-85.934,30.1207],[-85.9021,30.102],[-85.8841,30.071],[-85.88,30.0277],[-85.886,29.9963],[-85.902,29.9769],[-85.95,29.9658],[-86.03,29.9629],[-86.09,29.968],[-86.13,29.9811],[-86.18,29.9808],[-86.24,29.967],[-86.278,29.9499],[-86.294,29.9296],[-86.293,29.9021],[-86.2751,29.8674],[-86.2721,29.8413],[-86.284,29.8238],[-86.3,29.8142],[-86.32,29.8123],[-86.3371,29.8167],[-86.3513,29.8274],[-86.3686,29.8587],[-86.3889,29.9107],[-86.3839,29.9844]]]}},{"type":"Feature","properties":{"c":"#fd8d3c","v0":30.0,"v1":40.0},"geometry":{"type":"Polygon","coordinates":[[[-84.348,26.8359],[-84.3126,26.934],[-84.2486,26.9919],[-84.1562,27.0097],[-84.1042,27.0097],[-84.0926,26.9919],[-84.0918,26.9608],[-84.1019,26.9162],[-84.0696,26.8671],[-83.995,26.8136],[-83.9507,26.752],[-83.9369,26.6824],[-83.915,26.6483],[-83.885,26.6497],[-83.835,26.6331],[-83.765,26.5985],[-83.695,26.5774],[-83.625,26.57],[-83.5729,26.5409],[-83.5386,26.4903],[-83.5233,26.4336],[-83.5269,26.3709],[-83.5491,26.3287],[-83.5897,26.307],[-83.63,26.2965],[-83.67,26.2975],[-83.7016,26.3083],[-83.7249,26.3292],[-83.7424,26.3575],[-83.7542,26.3933],[-83.7725,26.4173],[-83.7975,26.4293],[-83.82,26.4299],[-83.84,26.4189],[-83.8581,26.3905],[-83.8744,26.3446],[-83.9044,26.3205],[-83.9481,26.3181],[-83.9782,26.336],[-83.9947,26.3742],[-83.9981,26.4068],[-83.9885,26.4336],[-83.9664,26.465],[-83.932,26.5008],[-83.9209,26.55],[-83.9331,26.6126],[-83.9719,26.6419],[-84.0373,26.6378],[-84.09,26.6478],[-84.13,26.6718],[-84.195,26.6976],[-84.285,26.7252],[-84.3389,26.7509],[-84.3568,26.7749],[-84.348,26.8359]],[[-84.339,26.8336],[-84.3063,26.9272],[-84.245,26.981],[-84.155,26.995],[-84.1101,26.9706],[-84.1103,26.9076],[-84.0753,26.8539],[-84.0051,26.8095],[-83.965,26.7604],[-83.955,26.7066],[-83.96,26.671],[-83.98,26.6537],[-84.005,26.6438],[-84.035,26.6414],[-84.075,26.6536],[-84.125,26.6805],[-84.195,26.7078],[-84.285,26.7356],[-84.3363,26.7589],[-84.349,26.7775],[-84.339,26.8336]],[[-83.9877,26.3933],[-83.9765,26.4292],[-83.9549,26.4605],[-83.9229,26.4874],[-83.913,26.5276],[-83.9251,26.5813],[-83.9208,26.6166],[-83.9003,26.6335],[-83.85,26.6241],[-83.77,26.5882],[-83.7,26.5688],[-83.64,26.566],[-83.5895,26.5352],[-83.5484,26.4765],[-83.5287,26.4247],[-83.5303,26.3799],[-83.5558,26.3436],[-83.6053,26.3159],[-83.6498,26.3069],[-83.6894,26.3167],[-83.7194,26.3454],[-83.7398,26.3928],[-83.765,26.4239],[-83.795,26.4388],[-83.8217,26.442],[-83.845,26.4334],[-83.86,26.4107],[-83.8667,26.3737],[-83.8795,26.3468],[-83.8985,26.33],[-83.9235,26.3236],[-83.9545,26.3276],[-83.9758,26.3411],[-83.9875,26.364],[-83.9877,26.3933]]]}},{"type":"Feature","properties":{"c":"#fd8d3c","v0":30.0,"v1":40.0},"geometry":{"type":"Polygon","coordinates":[[[-83.2086,25.8546],[-83.199,25.8906],[-83.1831,25.9164],[-83.161,25.9321],[-83.135,25.94],[-83.105,25.9401],[-83.07,25.9297],[-83.03,25.9089],[-82.985,25.9039],[-82.935,25.9149],[-82.9002,25.9084],[-82.8806,25.8845],[-82.8719,25.8501],[-82.8743,25.8051],[-82.8541,25.7762],[-82.8114,25.7633],[-82.76,25.7284],[-82.7,25.6714],[-82.64,25.6323],[-82.58,25.6112],[-82.535,25.5872],[-82.505,25.5603],[-82.4442,25.5246],[-82.3527,25.4801],[-82.2777,25.4498],[-82.2192,25.4336],[-82.1813,25.4156],[-82.1639,25.3956],[-82.1555,25.3721],[-82.156,25.345],[-82.1647,25.3245],[-82.1816,25.3105],[-82.2,25.3036],[-82.22,25.3037],[-82.29,25.3254],[-82.41,25.3687],[-82.505,25.3926],[-82.575,25.3973],[-82.66,25.4273],[-82.76,25.4828],[-82.825,25.5309],[-82.855,25.5717],[-82.9,25.6023],[-82.96,25.6229],[-83.0382,25.666],[-83.1347,25.7317],[-83.1905,25.7826],[-83.2058,25.8186],[-83.2086,25.8546]],[[-83.2022,25.8501],[-83.1977,25.8771],[-83.184,25.9007],[-83.1613,25.9211],[-83.135,25.9313],[-83.105,25.9315],[-83.07,25.9205],[-83.03,25.8983],[-82.985,25.8931],[-82.935,25.9051],[-82.9024,25.9014],[-82.8873,25.8822],[-82.8823,25.85],[-82.8874,25.8048],[-82.865,25.7734],[-82.815,25.7557],[-82.7621,25.7198],[-82.7063,25.6655],[-82.6463,25.6266],[-82.5821,25.6031],[-82.535,25.5778],[-82.505,25.5507],[-82.415,25.5067],[-82.265,25.4456],[-82.1824,25.4032],[-82.1671,25.3795],[-82.1613,25.3586],[-82.165,25.3405],[-82.1827,25.3267],[-82.2142,25.3171],[-82.29,25.3341],[-82.41,25.3777],[-82.5,25.3993],[-82.56,25.3989],[-82.6417,25.4271],[-82.7452,25.4838],[-82.8152,25.5348],[-82.8517,25.5803],[-82.915,25.6221],[-83.005,25.6604],[-83.085,25.7053],[-83.155,25.7568],[-83.1936,25.7961],[-83.2009,25.8231],[-83.2022,25.8501]]]}},{"type":"Feature","properties":{"c":"#fd8d3c","v0":30.0,"v1":40.0},"geometry":{"type":"Polygon","coordinates":[[[-84.6294,25.1007],[-84.6199,25.146],[-84.5938,25.1927],[-84.5513,25.2407],[-84.52,25.2691],[-84.5,25.278],[-84.48,25.2782],[-84.46,25.2698],[-84.4419,25.2504],[-84.4258,25.22],[-84.4308,25.1732],[-84.457,25.1098],[-84.4651,25.0372],[-84.455,24.9553],[-84.465,24.9099],[-84.495,24.9011],[-84.5254,24.9058],[-84.5562,24.924],[-84.5844,24.9467],[-84.61,24.9739],[-84.6256,25.0101],[-84.6313,25.0554],[-84.6294,25.1007]],[[-84.6114,25.1007],[-84.5997,25.146],[-84.5732,25.1913],[-84.5317,25.2365],[-84.5007,25.2594],[-84.4802,25.2599],[-84.4614,25.2463],[-84.4442,25.2187],[-84.449,25.1732],[-84.4757,25.1098],[-84.483,25.06],[-84.4708,25.0237],[-84.4661,24.9847],[-84.4687,24.943],[-84.4816,24.9203],[-84.5047,24.9167],[-84.5347,24.9291],[-84.5716,24.9573],[-84.5968,24.9981],[-84.6104,25.0514],[-84.6114,25.1007]]]}},{"type":"Feature","properties":{"c":"#fd8d3c","v0":30.0,"v1":40.0},"geometry":{"type":"Polygon","coordinates":[[[-83.7173,24.8106],[-83.684,24.856],[-83.6651,24.9149],[-83.6606,24.9875],[-83.6491,25.0373],[-83.6305,25.0645],[-83.5934,25.0894],[-83.5378,25.1122],[-83.48,25.111],[-83.42,25.0858],[-83.3797,25.002],[-83.359,24.8593],[-83.358,24.7697],[-83.3768,24.7334],[-83.3972,24.7119],[-83.4191,24.7052],[-83.44,24.7058],[-83.46,24.7135],[-83.4773,24.7441],[-83.4919,24.7975],[-83.5069,24.8291],[-83.5223,24.839],[-83.545,24.8389],[-83.575,24.8287],[-83.61,24.8055],[-83.65,24.7693],[-83.68,24.7516],[-83.7,24.7525],[-83.716,24.7616],[-83.728,24.7791],[-83.7173,24.8106]],[[-83.7029,24.8106],[-83.6702,24.856],[-83.6517,24.9149],[-83.6473,24.9875],[-83.6363,25.0359],[-83.6188,25.0601],[-83.585,25.0822],[-83.535,25.1022],[-83.4811,25.0991],[-83.4233,25.073],[-83.3863,24.992],[-83.37,24.856],[-83.3689,24.7728],[-83.383,24.7426],[-83.4,24.7241],[-83.42,24.7173],[-83.4397,24.7188],[-83.459,24.7285],[-83.4723,24.7561],[-83.4794,24.8015],[-83.4898,24.8316],[-83.5033,24.8464],[-83.53,24.8497],[-83.57,24.8416],[-83.61,24.8193],[-83.65,24.7829],[-83.6823,24.7705],[-83.7069,24.7821],[-83.7029,24.8106]]]}},{"type":"Feature","properties":{"c":"#fd8d3c","v0":30.0,"v1":40.0},"geometry":{"type":"Polygon","coordinates":[[[-99.0442,24.7924],[-99.0111,24.8741],[-98.9684,24.9343],[-98.9161,24.973],[-98.87,24.9952],[-98.83,25.0009],[-98.79,25.0018],[-98.75,24.9978],[-98.7235,24.9892],[-98.7106,24.976],[-98.7025,24.9149],[-98.699,24.806],[-98.6905,24.7472],[-98.6768,24.7385],[-98.65,24.7425],[-98.61,24.7592],[-98.5887,24.7635],[-98.5862,24.7555],[-98.5912,24.7424],[-98.6037,24.7239],[-98.63,24.7074],[-98.67,24.6928],[-98.705,24.6727],[-98.735,24.6469],[-98.79,24.6205],[-98.87,24.5933],[-98.92,24.5836],[-98.94,24.5913],[-98.9777,24.6343],[-99.0331,24.7125],[-99.0442,24.7924]]]}},{"type":"Feature","properties":{"c":"#fd8d3c","v0":30.0,"v1":40.0},"geometry":{"type":"Polygon","coordinates":[[[-82.5789,24.7061],[-82.5707,24.7243],[-82.5524,24.7411],[-82.5241,24.7565],[-82.465,24.7519],[-82.375,24.7273],[-82.285,24.722],[-82.195,24.736],[-82.1,24.7333],[-82.0,24.7139],[-81.943,24.6979],[-81.9291,24.6852],[-81.9199,24.6607],[-81.9155,24.6243],[-81.9175,24.596],[-81.9258,24.5756],[-81.945,24.5585],[-81.975,24.5448],[-82.05,24.5505],[-82.17,24.5757],[-82.26,24.5738],[-82.32,24.5448],[-82.3776,24.5539],[-82.4328,24.6009],[-82.4875,24.6334],[-82.5418,24.6516],[-82.5725,24.6698],[-82.5795,24.688],[-82.5789,24.7061]],[[-82.5564,24.7115],[-82.5255,24.7403],[-82.465,24.7424],[-82.375,24.718],[-82.285,24.7127],[-82.195,24.7263],[-82.1,24.723],[-82.0,24.7027],[-81.9434,24.671],[-81.9301,24.6278],[-81.9277,24.5971],[-81.9361,24.5789],[-81.9527,24.5642],[-81.9776,24.5529],[-82.05,24.5598],[-82.17,24.5849],[-82.26,24.5836],[-82.32,24.5559],[-82.375,24.5639],[-82.425,24.6076],[-82.475,24.6378],[-82.525,24.6545],[-82.5555,24.6714],[-82.5664,24.6885],[-82.5564,24.7115]]]}},{"type":"Feature","properties":{"c":"#fd8d3c","v0":30.0,"v1":40.0},"geometry":{"type":"Polygon","coordinates":[[[-81.4766,24.1279],[-81.4693,24.1553],[-81.4567,24.1767],[-81.4389,24.1921],[-81.37,24.1975],[-81.25,24.1929],[-81.1489,24.1259],[-81.0668,23.9963],[-81.026,23.9087],[-81.0263,23.8629],[-81.0373,23.8359],[-81.0591,23.8276],[-81.085,23.8266],[-81.115,23.8328],[-81.145,23.8542],[-81.175,23.8907],[-81.2148,23.9191],[-81.2645,23.9396],[-81.3045,23.9648],[-81.3348,23.9949],[-81.375,24.0186],[-81.425,24.0358],[-81.4576,24.0619],[-81.4727,24.0968],[-81.4766,24.1279]],[[-81.4599,24.1331],[-81.44,24.1708],[-81.3734,24.1891],[-81.2602,24.1878],[-81.1802,24.1577],[-81.1334,24.0985],[-81.1045,24.0483],[-81.0935,24.007],[-81.0735,23.9692],[-81.0445,23.9349],[-81.03,23.9015],[-81.03,23.8691],[-81.04,23.8478],[-81.06,23.8375],[-81.0818,23.8343],[-81.1053,23.8382],[-81.1325,23.8584],[-81.1634,23.8949],[-81.2021,23.9224],[-81.2485,23.9407],[-81.2913,23.9676],[-81.3304,24.0032],[-81.37,24.0262],[-81.41,24.0368],[-81.44,24.0601],[-81.4599,24.0962],[-81.4599,24.1331]]]}},{"type":"Feature","properties":{"c":"#fd8d3c","v0":30.0,"v1":40.0},"geometry":{"type":"Polygon","coordinates":[[[-84.1037,22.3949],[-84.0679,22.4111],[-84.0269,22.4111],[-83.9808,22.3949],[-83.9158,22.3498],[-83.8319,22.2757],[-83.7815,22.2201],[-83.7644,22.1832],[-83.7593,22.1555],[-83.7661,22.1369],[-83.7895,22.1277],[-83.8296,22.1277],[-83.8729,22.1416],[-83.9196,22.1694],[-83.9797,22.2133],[-84.0532,22.2733],[-84.0979,22.3242],[-84.1137,22.366],[-84.1037,22.3949]],[[-84.084,22.3759],[-84.0613,22.391],[-84.03,22.3917],[-83.99,22.3781],[-83.93,22.3358],[-83.85,22.2648],[-83.8042,22.2086],[-83.7927,22.167],[-83.8004,22.1462],[-83.8274,22.1462],[-83.8632,22.1593],[-83.9077,22.1854],[-83.9654,22.2271],[-84.0361,22.2843],[-84.0774,22.3267],[-84.0893,22.3545],[-84.084,22.3759]]]}},{"type":"Feature","properties":{"c":"#fc4e2a","v0":40.0,"v1":50.0},"geometry":{"type":"Polygon","coordinates":[[[-86.9699,30.3605],[-86.9598,30.3777],[-86.9435,30.3878],[-86.9212,30.3907],[-86.82,30.3652],[-86.64,30.3115],[-86.5337,30.2755],[-86.5011,30.2573],[-86.4843,30.231],[-86.4833,30.1964],[-86.5046,30.1687],[-86.5482,30.1478],[-86.595,30.146],[-86.645,30.1633],[-86.7,30.1729],[-86.76,30.1749],[-86.8292,30.207],[-86.9076,30.269],[-86.9538,30.313],[-86.9679,30.3389],[-86.9699,30.3605]],[[-86.9604,30.3581],[-86.9535,30.3707],[-86.94,30.3785],[-86.92,30.3816],[-86.82,30.3562],[-86.64,30.3022],[-86.535,30.266],[-86.505,30.2475],[-86.49,30.2254],[-86.49,30.1997],[-86.51,30.1767],[-86.55,30.1562],[-86.595,30.1548],[-86.645,30.1724],[-86.7,30.1825],[-86.76,30.1851],[-86.8257,30.2148],[-86.897,30.2717],[-86.9405,30.313],[-86.9561,30.3389],[-86.9604,30.3581]]]}},{"type":"Feature","properties":{"c":"#fc4e2a","v0":40.0,"v1":50.0},"geometry":{"type":"Polygon","coordinates":[[[-86.3839,29.9844],[-86.3536,30.0796],[-86.3263,30.1368],[-86.3021,30.1559],[-86.272,30.1646],[-86.2359,30.1627],[-86.1859,30.1458],[-86.122,30.1139],[-86.0731,30.1053],[-86.0393,30.1199],[-86.0043,30.1279],[-85.9681,30.1293],[-85.934,30.1207],[-85.9021,30.102],[-85.8841,30.071],[-85.88,30.0277],[-85.886,29.9963],[-85.902,29.9769],[-85.95,29.9658],[-86.03,29.9629],[-86.09,29.968],[-86.13,29.9811],[-86.18,29.9808],[-86.24,29.967],[-86.278,29.9499],[-86.294,29.9296],[-86.293,29.9021],[-86.2751,29.8674],[-86.2721,29.8413],[-86.284,29.8238],[-86.3,29.8142],[-86.32,29.8123],[-86.3371,29.8167],[-86.3513,29.8274],[-86.3686,29.8587],[-86.3889,29.9107],[-86.3839,29.9844]],[[-86.3627,29.9844],[-86.3316,30.0796],[-86.3095,30.1322],[-86.2965,30.1421],[-86.2725,30.1464],[-86.2374,30.1452],[-86.1924,30.1282],[-86.1375,30.0957],[-86.07,30.0876],[-85.99,30.104],[-85.9377,30.103],[-85.9132,30.0845],[-85.9032,30.0534],[-85.9077,30.0096],[-85.945,29.9851],[-86.015,29.9798],[-86.075,29.9842],[-86.125,29.9982],[-86.18,29.9991],[-86.24,29.9869],[-86.2837,29.9655],[-86.3111,29.9348],[-86.3159,29.9021],[-86.298,29.8674],[-86.2943,29.8449],[-86.3048,29.8345],[-86.32,29.8347],[-86.34,29.8456],[-86.3571,29.8724],[-86.3712,29.9153],[-86.3627,29.9844]]]}},{"type":"Feature","properties":{"c":"#fc4e2a","v0":40.0,"v1":50.0},"geometry":{"type":"Polygon","coordinates":[[[-84.339,26.8336],[-84.3063,26.9272],[-84.245,26.981],[-84.155,26.995],[-84.1101,26.9706],[-84.1103,26.9076],[-84.0753,26.8539],[-84.0051,26.8095],[-83.965,26.7604],[-83.955,26.7066],[-83.96,26.671],[-83.98,26.6537],[-84.005,26.6438],[-84.035,26.6414],[-84.075,26.6536],[-84.125,26.6805],[-84.195,26.7078],[-84.285,26.7356],[-84.3363,26.7589],[-84.349,26.7775],[-84.339,26.8336]],[[-84.3288,26.8315],[-84.2988,26.9207],[-84.2454,26.9707],[-84.1685,26.9815],[-84.1282,26.9592],[-84.1246,26.9038],[-84.0896,26.8559],[-84.0232,26.8156],[-83.9817,26.771],[-83.965,26.722],[-83.965,26.6873],[-83.9817,26.6668],[-84.005,26.655],[-84.035,26.6519],[-84.075,26.6639],[-84.125,26.691],[-84.19,26.7166],[-84.27,26.7406],[-84.3184,26.7612],[-84.3353,26.7783],[-84.3288,26.8315]]]}},{"type":"Feature","properties":{"c":"#fc4e2a","v0":40.0,"v1":50.0},"geometry":{"type":"Polygon","coordinates":[[[-83.9877,26.3933],[-83.9765,26.4292],[-83.9549,26.4605],[-83.9229,26.4874],[-83.913,26.5276],[-83.9251,26.5813],[-83.9208,26.6166],[-83.9003,26.6335],[-83.85,26.6241],[-83.77,26.5882],[-83.7,26.5688],[-83.64,26.566],[-83.5895,26.5352],[-83.5484,26.4765],[-83.5287,26.4247],[-83.5303,26.3799],[-83.5558,26.3436],[-83.6053,26.3159],[-83.6498,26.3069],[-83.6894,26.3167],[-83.7194,26.3454],[-83.7398,26.3928],[-83.765,26.4239],[-83.795,26.4388],[-83.8217,26.442],[-83.845,26.4334],[-83.86,26.4107],[-83.8667,26.3737],[-83.8795,26.3468],[-83.8985,26.33],[-83.9235,26.3236],[-83.9545,26.3276],[-83.9758,26.3411],[-83.9875,26.364],[-83.9877,26.3933]],[[-83.9745,26.3933],[-83.9616,26.4292],[-83.9398,26.4605],[-83.9088,26.4874],[-83.8994,26.5232],[-83.9115,26.5679],[-83.9107,26.6002],[-83.8969,26.62],[-83.85,26.6122],[-83.77,26.5767],[-83.7,26.5573],[-83.64,26.5542],[-83.5926,26.5263],[-83.5578,26.4735],[-83.5415,26.4247],[-83.5437,26.3799],[-83.5661,26.3464],[-83.6087,26.3243],[-83.6452,26.3153],[-83.6756,26.3195],[-83.7044,26.3485],[-83.7317,26.4023],[-83.7615,26.4363],[-83.7938,26.4507],[-83.8226,26.4552],[-83.8477,26.4498],[-83.8692,26.4202],[-83.8871,26.3665],[-83.9096,26.3379],[-83.9365,26.3346],[-83.9577,26.3435],[-83.9732,26.3648],[-83.9745,26.3933]]]}},{"type":"Feature","properties":{"c":"#fc4e2a","v0":40.0,"v1":50.0},"geometry":{"type":"Polygon","coordinates":[[[-83.2022,25.8501],[-83.1977,25.8771],[-83.184,25.9007],[-83.1613,25.9211],[-83.135,25.9313],[-83.105,25.9315],[-83.07,25.9205],[-83.03,25.8983],[-82.985,25.8931],[-82.935,25.9051],[-82.9024,25.9014],[-82.8873,25.8822],[-82.8823,25.85],[-82.8874,25.8048],[-82.865,25.7734],[-82.815,25.7557],[-82.7621,25.7198],[-82.7063,25.6655],[-82.6463,25.6266],[-82.5821,25.6031],[-82.535,25.5778],[-82.505,25.5507],[-82.415,25.5067],[-82.265,25.4456],[-82.1824,25.4032],[-82.1671,25.3795],[-82.1613,25.3586],[-82.165,25.3405],[-82.1827,25.3267],[-82.2142,25.3171],[-82.29,25.3341],[-82.41,25.3777],[-82.5,25.3993],[-82.56,25.3989],[-82.6417,25.4271],[-82.7452,25.4838],[-82.8152,25.5348],[-82.8517,25.5803],[-82.915,25.6221],[-83.005,25.6604],[-83.085,25.7053],[-83.155,25.7568],[-83.1936,25.7961],[-83.2009,25.8231],[-83.2022,25.8501]],[[-83.1936,25.8501],[-83.1882,25.8771],[-83.1717,25.9],[-83.1439,25.9189],[-83.1,25.9153],[-83.04,25.8893],[-82.985,25.8825],[-82.935,25.8948],[-82.9047,25.8939],[-82.894,25.8797],[-82.8932,25.8546],[-82.9023,25.8186],[-82.9026,25.7931],[-82.8942,25.7783],[-82.865,25.7623],[-82.815,25.7453],[-82.765,25.7118],[-82.715,25.6619],[-82.656,25.6238],[-82.5879,25.5975],[-82.5379,25.5701],[-82.506,25.5419],[-82.445,25.5063],[-82.355,25.4636],[-82.285,25.4361],[-82.235,25.4239],[-82.2,25.4066],[-82.18,25.3841],[-82.1723,25.3625],[-82.1768,25.3418],[-82.2057,25.3314],[-82.259,25.3314],[-82.3317,25.3506],[-82.4239,25.389],[-82.5,25.408],[-82.56,25.4077],[-82.64,25.435],[-82.74,25.4898],[-82.81,25.5409],[-82.85,25.5882],[-82.915,25.6312],[-83.005,25.6698],[-83.082,25.7125],[-83.1461,25.7592],[-83.1827,25.7961],[-83.1917,25.8231],[-83.1936,25.8501]]]}},{"type":"Feature","properties":{"c":"#fc4e2a","v0":40.0,"v1":50.0},"geometry":{"type":"Polygon","coordinates":[[[-84.6114,25.1007],[-84.5997,25.146],[-84.5732,25.1913],[-84.5317,25.2365],[-84.5007,25.2594],[-84.4802,25.2599],[-84.4614,25.2463],[-84.4442,25.2187],[-84.449,25.1732],[-84.4757,25.1098],[-84.483,25.06],[-84.4708,25.0237],[-84.4661,24.9847],[-84.4687,24.943],[-84.4816,24.9203],[-84.5047,24.9167],[-84.5347,24.9291],[-84.5716,24.9573],[-84.5968,24.9981],[-84.6104,25.0514],[-84.6114,25.1007]],[[-84.5823,25.0962],[-84.5741,25.1323],[-84.5478,25.1685],[-84.5034,25.2048],[-84.4784,25.2127],[-84.4728,25.1923],[-84.4838,25.1561],[-84.5114,25.1041],[-84.5197,25.0464],[-84.5085,24.9829],[-84.5197,24.9622],[-84.5532,24.9841],[-84.5741,25.0159],[-84.5823,25.0573],[-84.5823,25.0962]]]}},{"type":"Feature","properties":{"c":"#fc4e2a","v0":40.0,"v1":50.0},"geometry":{"type":"Polygon","coordinates":[[[-83.7029,24.8106],[-83.6702,24.856],[-83.6517,24.9149],[-83.6473,24.9875],[-83.6363,25.0359],[-83.6188,25.0601],[-83.585,25.0822],[-83.535,25.1022],[-83.4811,25.0991],[-83.4233,25.073],[-83.3863,24.992],[-83.37,24.856],[-83.3689,24.7728],[-83.383,24.7426],[-83.4,24.7241],[-83.42,24.7173],[-83.4397,24.7188],[-83.459,24.7285],[-83.4723,24.7561],[-83.4794,24.8015],[-83.4898,24.8316],[-83.5033,24.8464],[-83.53,24.8497],[-83.57,24.8416],[-83.61,24.8193],[-83.65,24.7829],[-83.6823,24.7705],[-83.7069,24.7821],[-83.7029,24.8106]],[[-83.6842,24.806],[-83.656,24.8424],[-83.6399,24.8968],[-83.6358,24.9693],[-83.6278,25.0176],[-83.6159,25.0415],[-83.585,25.0648],[-83.535,25.0876],[-83.4863,25.0892],[-83.4389,25.0697],[-83.4058,24.992],[-83.3869,24.856],[-83.3806,24.7777],[-83.3869,24.7574],[-83.405,24.7445],[-83.435,24.7391],[-83.4552,24.7628],[-83.4657,24.8159],[-83.4807,24.8492],[-83.5002,24.8629],[-83.53,24.8657],[-83.57,24.8578],[-83.61,24.836],[-83.65,24.8005],[-83.6771,24.784],[-83.6913,24.7866],[-83.6842,24.806]]]}},{"type":"Feature","properties":{"c":"#fc4e2a","v0":40.0,"v1":50.0},"geometry":{"type":"Polygon","coordinates":[[[-82.5564,24.7115],[-82.5255,24.7403],[-82.465,24.7424],[-82.375,24.718],[-82.285,24.7127],[-82.195,24.7263],[-82.1,24.723],[-82.0,24.7027],[-81.9434,24.671],[-81.9301,24.6278],[-81.9277,24.5971],[-81.9361,24.5789],[-81.9527,24.5642],[-81.9776,24.5529],[-82.05,24.5598],[-82.17,24.5849],[-82.26,24.5836],[-82.32,24.5559],[-82.375,24.5639],[-82.425,24.6076],[-82.475,24.6378],[-82.525,24.6545],[-82.5555,24.6714],[-82.5664,24.6885],[-82.5564,24.7115]],[[-82.5468,24.7088],[-82.5223,24.7323],[-82.465,24.7322],[-82.375,24.7084],[-82.285,24.7032],[-82.195,24.7164],[-82.1,24.7123],[-82.0,24.6908],[-81.9461,24.6616],[-81.9384,24.6246],[-81.9484,24.594],[-81.9761,24.5697],[-82.05,24.5698],[-82.17,24.5944],[-82.26,24.5937],[-82.32,24.5675],[-82.37,24.5728],[-82.41,24.6096],[-82.4623,24.6453],[-82.5268,24.6798],[-82.5468,24.7088]]]}},{"type":"Feature","properties":{"c":"#fc4e2a","v0":40.0,"v1":50.0},"geometry":{"type":"Polygon","coordinates":[[[-81.4599,24.1331],[-81.44,24.1708],[-81.3734,24.1891],[-81.2602,24.1878],[-81.1802,24.1577],[-81.1334,24.0985],[-81.1045,24.0483],[-81.0935,24.007],[-81.0735,23.9692],[-81.0445,23.9349],[-81.03,23.9015],[-81.03,23.8691],[-81.04,23.8478],[-81.06,23.8375],[-81.0818,23.8343],[-81.1053,23.8382],[-81.1325,23.8584],[-81.1634,23.8949],[-81.2021,23.9224],[-81.2485,23.9407],[-81.2913,23.9676],[-81.3304,24.0032],[-81.37,24.0262],[-81.41,24.0368],[-81.44,24.0601],[-81.4599,24.0962],[-81.4599,24.1331]],[[-81.4522,24.1302],[-81.4374,24.1621],[-81.375,24.1784],[-81.265,24.1789],[-81.1865,24.1493],[-81.1396,24.0894],[-81.1119,24.0412],[-81.1036,24.0046],[-81.0842,23.9681],[-81.0539,23.9315],[-81.0389,23.8995],[-81.0392,23.8721],[-81.057,23.8556],[-81.0923,23.8502],[-81.125,23.8654],[-81.155,23.9012],[-81.195,23.9292],[-81.245,23.9494],[-81.29,23.9774],[-81.33,24.0134],[-81.37,24.0369],[-81.41,24.0477],[-81.4374,24.0685],[-81.4522,24.099],[-81.4522,24.1302]]]}},{"type":"Feature","properties":{"c":"#fc4e2a","v0":40.0,"v1":50.0},"geometry":{"type":"Polygon","coordinates":[[[-84.084,22.3759],[-84.0613,22.391],[-84.03,22.3917],[-83.99,22.3781],[-83.93,22.3358],[-83.85,22.2648],[-83.8042,22.2086],[-83.7927,22.167],[-83.8004,22.1462],[-83.8274,22.1462],[-83.8632,22.1593],[-83.9077,22.1854],[-83.9654,22.2271],[-84.0361,22.2843],[-84.0774,22.3267],[-84.0893,22.3545],[-84.084,22.3759]]]}},{"type":"Feature","properties":{"c":"#e31a1c","v0":50.0,"v1":60.0},"geometry":{"type":"Polygon","coordinates":[[[-86.9604,30.3581],[-86.9535,30.3707],[-86.94,30.3785],[-86.92,30.3816],[-86.82,30.3562],[-86.64,30.3022],[-86.535,30.266],[-86.505,30.2475],[-86.49,30.2254],[-86.49,30.1997],[-86.51,30.1767],[-86.55,30.1562],[-86.595,30.1548],[-86.645,30.1724],[-86.7,30.1825],[-86.76,30.1851],[-86.8257,30.2148],[-86.897,30.2717],[-86.9405,30.313],[-86.9561,30.3389],[-86.9604,30.3581]],[[-86.9414,30.3572],[-86.9205,30.3679],[-86.87,30.3636],[-86.79,30.3445],[-86.695,30.3153],[-86.585,30.2762],[-86.5222,30.2502],[-86.5065,30.2374],[-86.4986,30.2223],[-86.4984,30.205],[-86.5062,30.188],[-86.5221,30.1713],[-86.54,30.1612],[-86.56,30.1577],[-86.595,30.1648],[-86.645,30.1827],[-86.6992,30.1928],[-86.7577,30.1952],[-86.8227,30.2252],[-86.8942,30.2828],[-86.9355,30.3217],[-86.9464,30.3418],[-86.9414,30.3572]]]}},{"type":"Feature","properties":{"c":"#e31a1c","v0":50.0,"v1":60.0},"geometry":{"type":"Polygon","coordinates":[[[-86.3627,29.9844],[-86.3316,30.0796],[-86.3095,30.1322],[-86.2965,30.1421],[-86.2725,30.1464],[-86.2374,30.1452],[-86.1924,30.1282],[-86.1375,30.0957],[-86.07,30.0876],[-85.99,30.104],[-85.9377,30.103],[-85.9132,30.0845],[-85.9032,30.0534],[-85.9077,30.0096],[-85.945,29.9851],[-86.015,29.9798],[-86.075,29.9842],[-86.125,29.9982],[-86.18,29.9991],[-86.24,29.9869],[-86.2837,29.9655],[-86.3111,29.9348],[-86.3159,29.9021],[-86.298,29.8674],[-86.2943,29.8449],[-86.3048,29.8345],[-86.32,29.8347],[-86.34,29.8456],[-86.3571,29.8724],[-86.3712,29.9153],[-86.3627,29.9844]]]}},{"type":"Feature","properties":{"c":"#e31a1c","v0":50.0,"v1":60.0},"geometry":{"type":"Polygon","coordinates":[[[-84.3288,26.8315],[-84.2988,26.9207],[-84.2454,26.9707],[-84.1685,26.9815],[-84.1282,26.9592],[-84.1246,26.9038],[-84.0896,26.8559],[-84.0232,26.8156],[-83.9817,26.771],[-83.965,26.722],[-83.965,26.6873],[-83.9817,26.6668],[-84.005,26.655],[-84.035,26.6519],[-84.075,26.6639],[-84.125,26.691],[-84.19,26.7166],[-84.27,26.7406],[-84.3184,26.7612],[-84.3353,26.7783],[-84.3288,26.8315]],[[-84.3161,26.8436],[-84.2854,26.9215],[-84.24,26.9626],[-84.18,26.9671],[-84.1439,26.9416],[-84.1316,26.886],[-84.0966,26.8435],[-84.0389,26.8139],[-84.0,26.7842],[-83.98,26.7544],[-83.9698,26.729],[-83.9693,26.708],[-83.9788,26.6886],[-83.9983,26.6707],[-84.0185,26.6616],[-84.0395,26.6613],[-84.07,26.6729],[-84.11,26.6963],[-84.175,26.7224],[-84.265,26.7511],[-84.3154,26.7753],[-84.3261,26.7949],[-84.3161,26.8436]]]}},{"type":"Feature","properties":{"c":"#e31a1c","v0":50.0,"v1":60.0},"geometry":{"type":"Polygon","coordinates":[[[-83.9745,26.3933],[-83.9616,26.4292],[-83.9398,26.4605],[-83.9088,26.4874],[-83.8994,26.5232],[-83.9115,26.5679],[-83.9107,26.6002],[-83.8969,26.62],[-83.85,26.6122],[-83.77,26.5767],[-83.7,26.5573],[-83.64,26.5542],[-83.5926,26.5263],[-83.5578,26.4735],[-83.5415,26.4247],[-83.5437,26.3799],[-83.5661,26.3464],[-83.6087,26.3243],[-83.6452,26.3153],[-83.6756,26.3195],[-83.7044,26.3485],[-83.7317,26.4023],[-83.7615,26.4363],[-83.7938,26.4507],[-83.8226,26.4552],[-83.8477,26.4498],[-83.8692,26.4202],[-83.8871,26.3665],[-83.9096,26.3379],[-83.9365,26.3346],[-83.9577,26.3435],[-83.9732,26.3648],[-83.9745,26.3933]],[[-83.9619,26.3892],[-83.954,26.4168],[-83.9323,26.4437],[-83.8969,26.4698],[-83.8819,26.5152],[-83.8873,26.5799],[-83.85,26.5952],[-83.77,26.5612],[-83.7,26.5423],[-83.64,26.5387],[-83.5954,26.5099],[-83.5662,26.4561],[-83.5547,26.4112],[-83.5609,26.3754],[-83.5805,26.3498],[-83.6135,26.3345],[-83.645,26.3297],[-83.675,26.3355],[-83.699,26.3611],[-83.7171,26.4065],[-83.7471,26.44],[-83.789,26.4616],[-83.8262,26.4706],[-83.8587,26.4668],[-83.8837,26.4361],[-83.9012,26.3782],[-83.92,26.3493],[-83.94,26.3493],[-83.954,26.3558],[-83.9619,26.3689],[-83.9619,26.3892]]]}},{"type":"Feature","properties":{"c":"#e31a1c","v0":50.0,"v1":60.0},"geometry":{"type":"Polygon","coordinates":[[[-83.1936,25.8501],[-83.1882,25.8771],[-83.1717,25.9],[-83.1439,25.9189],[-83.1,25.9153],[-83.04,25.8893],[-82.985,25.8825],[-82.935,25.8948],[-82.9047,25.8939],[-82.894,25.8797],[-82.8932,25.8546],[-82.9023,25.8186],[-82.9026,25.7931],[-82.8942,25.7783],[-82.865,25.7623],[-82.815,25.7453],[-82.765,25.7118],[-82.715,25.6619],[-82.656,25.6238],[-82.5879,25.5975],[-82.5379,25.5701],[-82.506,25.5419],[-82.445,25.5063],[-82.355,25.4636],[-82.285,25.4361],[-82.235,25.4239],[-82.2,25.4066],[-82.18,25.3841],[-82.1723,25.3625],[-82.1768,25.3418],[-82.2057,25.3314],[-82.259,25.3314],[-82.3317,25.3506],[-82.4239,25.389],[-82.5,25.408],[-82.56,25.4077],[-82.64,25.435],[-82.74,25.4898],[-82.81,25.5409],[-82.85,25.5882],[-82.915,25.6312],[-83.005,25.6698],[-83.082,25.7125],[-83.1461,25.7592],[-83.1827,25.7961],[-83.1917,25.8231],[-83.1936,25.8501]],[[-83.1845,25.8501],[-83.1784,25.8771],[-83.1641,25.8978],[-83.1414,25.9123],[-83.1,25.9059],[-83.04,25.8786],[-82.985,25.8714],[-82.935,25.8843],[-82.9119,25.8682],[-82.9156,25.8231],[-82.9123,25.7916],[-82.9022,25.7736],[-82.8711,25.7555],[-82.8191,25.7375],[-82.7673,25.703],[-82.7158,25.652],[-82.66,25.616],[-82.6,25.595],[-82.55,25.5681],[-82.51,25.5352],[-82.445,25.4973],[-82.355,25.4545],[-82.285,25.427],[-82.235,25.4147],[-82.2024,25.3938],[-82.1872,25.3643],[-82.1872,25.344],[-82.2024,25.3328],[-82.2199,25.3283],[-82.2396,25.3304],[-82.3046,25.3528],[-82.4149,25.3954],[-82.5,25.4167],[-82.56,25.4166],[-82.64,25.4441],[-82.74,25.4993],[-82.805,25.5477],[-82.835,25.5891],[-82.8977,25.6305],[-82.993,25.6718],[-83.073,25.7161],[-83.1377,25.7633],[-83.1744,25.7993],[-83.1832,25.8242],[-83.1845,25.8501]]]}},{"type":"Feature","properties":{"c":"#e31a1c","v0":50.0,"v1":60.0},"geometry":{"type":"Polygon","coordinates":[[[-84.5823,25.0962],[-84.5741,25.1323],[-84.5478,25.1685],[-84.5034,25.2048],[-84.4784,25.2127],[-84.4728,25.1923],[-84.4838,25.1561],[-84.5114,25.1041],[-84.5197,25.0464],[-84.5085,24.9829],[-84.5197,24.9622],[-84.5532,24.9841],[-84.5741,25.0159],[-84.5823,25.0573],[-84.5823,25.0962]]]}},{"type":"Feature","properties":{"c":"#e31a1c","v0":50.0,"v1":60.0},"geometry":{"type":"Polygon","coordinates":[[[-83.6842,24.806],[-83.656,24.8424],[-83.6399,24.8968],[-83.6358,24.9693],[-83.6278,25.0176],[-83.6159,25.0415],[-83.585,25.0648],[-83.535,25.0876],[-83.4863,25.0892],[-83.4389,25.0697],[-83.4058,24.992],[-83.3869,24.856],[-83.3806,24.7777],[-83.3869,24.7574],[-83.405,24.7445],[-83.435,24.7391],[-83.4552,24.7628],[-83.4657,24.8159],[-83.4807,24.8492],[-83.5002,24.8629],[-83.53,24.8657],[-83.57,24.8578],[-83.61,24.836],[-83.65,24.8005],[-83.6771,24.784],[-83.6913,24.7866],[-83.6842,24.806]],[[-83.6079,24.9693],[-83.6026,25.0056],[-83.5904,25.0328],[-83.5713,25.0509],[-83.5488,25.0637],[-83.5229,25.0712],[-83.4914,25.0667],[-83.4542,25.0501],[-83.4292,24.9731],[-83.4164,24.8356],[-83.4172,24.7675],[-83.4315,24.769],[-83.4381,24.7879],[-83.437,24.8242],[-83.4437,24.8514],[-83.4581,24.8696],[-83.4765,24.8826],[-83.4988,24.8904],[-83.53,24.8913],[-83.57,24.8852],[-83.5951,24.8994],[-83.6054,24.934],[-83.6079,24.9693]]]}},{"type":"Feature","properties":{"c":"#e31a1c","v0":50.0,"v1":60.0},"geometry":{"type":"Polygon","coordinates":[[[-82.5468,24.7088],[-82.5223,24.7323],[-82.465,24.7322],[-82.375,24.7084],[-82.285,24.7032],[-82.195,24.7164],[-82.1,24.7123],[-82.0,24.6908],[-81.9461,24.6616],[-81.9384,24.6246],[-81.9484,24.594],[-81.9761,24.5697],[-82.05,24.5698],[-82.17,24.5944],[-82.26,24.5937],[-82.32,24.5675],[-82.37,24.5728],[-82.41,24.6096],[-82.4623,24.6453],[-82.5268,24.6798],[-82.5468,24.7088]],[[-82.5294,24.7063],[-82.5031,24.7247],[-82.455,24.7219],[-82.385,24.6978],[-82.3,24.6922],[-82.2,24.7051],[-82.105,24.7032],[-82.015,24.6866],[-81.9643,24.6603],[-81.9528,24.6242],[-81.9628,24.5963],[-81.9943,24.5766],[-82.04,24.5777],[-82.1,24.5997],[-82.16,24.6123],[-82.22,24.6155],[-82.275,24.6053],[-82.325,24.5815],[-82.37,24.5876],[-82.41,24.6235],[-82.4581,24.6554],[-82.5144,24.6832],[-82.5294,24.7063]]]}},{"type":"Feature","properties":{"c":"#e31a1c","v0":50.0,"v1":60.0},"geometry":{"type":"Polygon","coordinates":[[[-81.4522,24.1302],[-81.4374,24.1621],[-81.375,24.1784],[-81.265,24.1789],[-81.1865,24.1493],[-81.1396,24.0894],[-81.1119,24.0412],[-81.1036,24.0046],[-81.0842,23.9681],[-81.0539,23.9315],[-81.0389,23.8995],[-81.0392,23.8721],[-81.057,23.8556],[-81.0923,23.8502],[-81.125,23.8654],[-81.155,23.9012],[-81.195,23.9292],[-81.245,23.9494],[-81.29,23.9774],[-81.33,24.0134],[-81.37,24.0369],[-81.41,24.0477],[-81.4374,24.0685],[-81.4522,24.099],[-81.4522,24.1302]],[[-81.4391,24.1287],[-81.4197,24.1576],[-81.3612,24.1713],[-81.2635,24.1697],[-81.193,24.1416],[-81.1496,24.0868],[-81.1237,24.0412],[-81.1152,24.0046],[-81.0956,23.9681],[-81.065,23.9315],[-81.0498,23.901],[-81.0499,23.8766],[-81.065,23.8632],[-81.095,23.8609],[-81.125,23.8776],[-81.155,23.9132],[-81.195,23.941],[-81.245,23.9611],[-81.285,23.9863],[-81.315,24.0168],[-81.355,24.0407],[-81.405,24.0581],[-81.4347,24.0787],[-81.4441,24.1024],[-81.4391,24.1287]]]}},{"type":"Feature","properties":{"c":"#bd0026","v0":60.0,"v1":75.0},"geometry":{"type":"Polygon","coordinates":[[[-86.9414,30.3572],[-86.9205,30.3679],[-86.87,30.3636],[-86.79,30.3445],[-86.695,30.3153],[-86.585,30.2762],[-86.5222,30.2502],[-86.5065,30.2374],[-86.4986,30.2223],[-86.4984,30.205],[-86.5062,30.188],[-86.5221,30.1713],[-86.54,30.1612],[-86.56,30.1577],[-86.595,30.1648],[-86.645,30.1827],[-86.6992,30.1928],[-86.7577,30.1952],[-86.8227,30.2252],[-86.8942,30.2828],[-86.9355,30.3217],[-86.9464,30.3418],[-86.9414,30.3572]],[[-86.8773,30.3303],[-86.8065,30.3216],[-86.7409,30.3031],[-86.6803,30.2746],[-86.63,30.2572],[-86.59,30.251],[-86.56,30.2426],[-86.54,30.2321],[-86.5296,30.2192],[-86.5287,30.204],[-86.5387,30.1919],[-86.5596,30.1829],[-86.59,30.1868],[-86.63,30.2038],[-86.6779,30.2126],[-86.7336,30.2133],[-86.7992,30.2439],[-86.8748,30.3044],[-86.8773,30.3303]]]}},{"type":"Feature","properties":{"c":"#bd0026","v0":60.0,"v1":75.0},"geometry":{"type":"Polygon","coordinates":[[[-84.3161,26.8436],[-84.2854,26.9215],[-84.24,26.9626],[-84.18,26.9671],[-84.1439,26.9416],[-84.1316,26.886],[-84.0966,26.8435],[-84.0389,26.8139],[-84.0,26.7842],[-83.98,26.7544],[-83.9698,26.729],[-83.9693,26.708],[-83.9788,26.6886],[-83.9983,26.6707],[-84.0185,26.6616],[-84.0395,26.6613],[-84.07,26.6729],[-84.11,26.6963],[-84.175,26.7224],[-84.265,26.7511],[-84.3154,26.7753],[-84.3261,26.7949],[-84.3161,26.8436]],[[-84.2728,26.833],[-84.2576,26.8897],[-84.2372,26.921],[-84.2116,26.9267],[-84.1907,26.9073],[-84.1745,26.8627],[-84.1344,26.8225],[-84.0705,26.7868],[-84.0318,26.7556],[-84.0185,26.7288],[-84.0214,26.7132],[-84.0405,26.7088],[-84.1076,26.7312],[-84.2228,26.7802],[-84.2728,26.833]]]}},{"type":"Feature","properties":{"c":"#bd0026","v0":60.0,"v1":75.0},"geometry":{"type":"Polygon","coordinates":[[[-83.9619,26.3892],[-83.954,26.4168],[-83.9323,26.4437],[-83.8969,26.4698],[-83.8819,26.5152],[-83.8873,26.5799],[-83.85,26.5952],[-83.77,26.5612],[-83.7,26.5423],[-83.64,26.5387],[-83.5954,26.5099],[-83.5662,26.4561],[-83.5547,26.4112],[-83.5609,26.3754],[-83.5805,26.3498],[-83.6135,26.3345],[-83.645,26.3297],[-83.675,26.3355],[-83.699,26.3611],[-83.7171,26.4065],[-83.7471,26.44],[-83.789,26.4616],[-83.8262,26.4706],[-83.8587,26.4668],[-83.8837,26.4361],[-83.9012,26.3782],[-83.92,26.3493],[-83.94,26.3493],[-83.954,26.3558],[-83.9619,26.3689],[-83.9619,26.3892]]]}},{"type":"Feature","properties":{"c":"#bd0026","v0":60.0,"v1":75.0},"geometry":{"type":"Polygon","coordinates":[[[-83.1845,25.8501],[-83.1784,25.8771],[-83.1641,25.8978],[-83.1414,25.9123],[-83.1,25.9059],[-83.04,25.8786],[-82.985,25.8714],[-82.935,25.8843],[-82.9119,25.8682],[-82.9156,25.8231],[-82.9123,25.7916],[-82.9022,25.7736],[-82.8711,25.7555],[-82.8191,25.7375],[-82.7673,25.703],[-82.7158,25.652],[-82.66,25.616],[-82.6,25.595],[-82.55,25.5681],[-82.51,25.5352],[-82.445,25.4973],[-82.355,25.4545],[-82.285,25.427],[-82.235,25.4147],[-82.2024,25.3938],[-82.1872,25.3643],[-82.1872,25.344],[-82.2024,25.3328],[-82.2199,25.3283],[-82.2396,25.3304],[-82.3046,25.3528],[-82.4149,25.3954],[-82.5,25.4167],[-82.56,25.4166],[-82.64,25.4441],[-82.74,25.4993],[-82.805,25.5477],[-82.835,25.5891],[-82.8977,25.6305],[-82.993,25.6718],[-83.073,25.7161],[-83.1377,25.7633],[-83.1744,25.7993],[-83.1832,25.8242],[-83.1845,25.8501]],[[-83.171,25.8456],[-83.1685,25.8636],[-83.1579,25.8806],[-83.1393,25.8966],[-83.1,25.8897],[-83.04,25.86],[-82.99,25.8532],[-82.95,25.8694],[-82.9308,25.8538],[-82.9324,25.8063],[-82.9274,25.7755],[-82.9158,25.7614],[-82.885,25.746],[-82.835,25.7295],[-82.78,25.693],[-82.72,25.6367],[-82.66,25.5984],[-82.6,25.578],[-82.555,25.5541],[-82.525,25.5266],[-82.435,25.4822],[-82.285,25.4208],[-82.2081,25.38],[-82.2042,25.3597],[-82.2192,25.3496],[-82.2531,25.3496],[-82.315,25.3693],[-82.405,25.4087],[-82.485,25.4296],[-82.555,25.4322],[-82.64,25.4619],[-82.74,25.5185],[-82.805,25.5672],[-82.835,25.608],[-82.8913,25.6444],[-82.974,25.6764],[-83.0517,25.7195],[-83.1245,25.7736],[-83.1637,25.8096],[-83.1694,25.8276],[-83.171,25.8456]]]}},{"type":"Feature","properties":{"c":"#bd0026","v0":60.0,"v1":75.0},"geometry":{"type":"Polygon","coordinates":[[[-83.6079,24.9693],[-83.6026,25.0056],[-83.5904,25.0328],[-83.5713,25.0509],[-83.5488,25.0637],[-83.5229,25.0712],[-83.4914,25.0667],[-83.4542,25.0501],[-83.4292,24.9731],[-83.4164,24.8356],[-83.4172,24.7675],[-83.4315,24.769],[-83.4381,24.7879],[-83.437,24.8242],[-83.4437,24.8514],[-83.4581,24.8696],[-83.4765,24.8826],[-83.4988,24.8904],[-83.53,24.8913],[-83.57,24.8852],[-83.5951,24.8994],[-83.6054,24.934],[-83.6079,24.9693]]]}},{"type":"Feature","properties":{"c":"#bd0026","v0":60.0,"v1":75.0},"geometry":{"type":"Polygon","coordinates":[[[-82.5294,24.7063],[-82.5031,24.7247],[-82.455,24.7219],[-82.385,24.6978],[-82.3,24.6922],[-82.2,24.7051],[-82.105,24.7032],[-82.015,24.6866],[-81.9643,24.6603],[-81.9528,24.6242],[-81.9628,24.5963],[-81.9943,24.5766],[-82.04,24.5777],[-82.1,24.5997],[-82.16,24.6123],[-82.22,24.6155],[-82.275,24.6053],[-82.325,24.5815],[-82.37,24.5876],[-82.41,24.6235],[-82.4581,24.6554],[-82.5144,24.6832],[-82.5294,24.7063]],[[-82.1724,24.6607],[-82.1107,24.6607],[-82.0573,24.6516],[-82.0122,24.6334],[-81.9947,24.6198],[-82.0049,24.6108],[-82.035,24.6187],[-82.085,24.6435],[-82.1333,24.6571],[-82.1799,24.6595],[-82.1724,24.6607]]]}},{"type":"Feature","properties":{"c":"#bd0026","v0":60.0,"v1":75.0},"geometry":{"type":"Polygon","coordinates":[[[-81.4391,24.1287],[-81.4197,24.1576],[-81.3612,24.1713],[-81.2635,24.1697],[-81.193,24.1416],[-81.1496,24.0868],[-81.1237,24.0412],[-81.1152,24.0046],[-81.0956,23.9681],[-81.065,23.9315],[-81.0498,23.901],[-81.0499,23.8766],[-81.065,23.8632],[-81.095,23.8609],[-81.125,23.8776],[-81.155,23.9132],[-81.195,23.941],[-81.245,23.9611],[-81.285,23.9863],[-81.315,24.0168],[-81.355,24.0407],[-81.405,24.0581],[-81.4347,24.0787],[-81.4441,24.1024],[-81.4391,24.1287]],[[-81.4136,24.1221],[-81.3979,24.1377],[-81.35,24.146],[-81.27,24.1468],[-81.21,24.1219],[-81.17,24.0714],[-81.145,24.0186],[-81.135,23.9635],[-81.1603,23.9486],[-81.2209,23.9738],[-81.2709,24.0044],[-81.3103,24.0405],[-81.3481,24.0633],[-81.3842,24.0729],[-81.4071,24.0868],[-81.4167,24.1051],[-81.4136,24.1221]],[[-81.112,23.9224],[-81.0856,23.9041],[-81.0768,23.8916],[-81.0856,23.8849],[-81.0988,23.894],[-81.1164,23.919],[-81.112,23.9224]]]}},{"type":"Feature","properties":{"c":"#800026","v0":75.0,"v1":90.0},"geometry":{"type":"Polygon","coordinates":[[[-86.8773,30.3303],[-86.8065,30.3216],[-86.7409,30.3031],[-86.6803,30.2746],[-86.63,30.2572],[-86.59,30.251],[-86.56,30.2426],[-86.54,30.2321],[-86.5296,30.2192],[-86.5287,30.204],[-86.5387,30.1919],[-86.5596,30.1829],[-86.59,30.1868],[-86.63,30.2038],[-86.6779,30.2126],[-86.7336,30.2133],[-86.7992,30.2439],[-86.8748,30.3044],[-86.8773,30.3303]]]}},{"type":"Feature","properties":{"c":"#800026","v0":75.0,"v1":90.0},"geometry":{"type":"Polygon","coordinates":[[[-84.2728,26.833],[-84.2576,26.8897],[-84.2372,26.921],[-84.2116,26.9267],[-84.1907,26.9073],[-84.1745,26.8627],[-84.1344,26.8225],[-84.0705,26.7868],[-84.0318,26.7556],[-84.0185,26.7288],[-84.0214,26.7132],[-84.0405,26.7088],[-84.1076,26.7312],[-84.2228,26.7802],[-84.2728,26.833]]]}},{"type":"Feature","properties":{"c":"#800026","v0":75.0,"v1":90.0},"geometry":{"type":"Polygon","coordinates":[[[-83.171,25.8456],[-83.1685,25.8636],[-83.1579,25.8806],[-83.1393,25.8966],[-83.1,25.8897],[-83.04,25.86],[-82.99,25.8532],[-82.95,25.8694],[-82.9308,25.8538],[-82.9324,25.8063],[-82.9274,25.7755],[-82.9158,25.7614],[-82.885,25.746],[-82.835,25.7295],[-82.78,25.693],[-82.72,25.6367],[-82.66,25.5984],[-82.6,25.578],[-82.555,25.5541],[-82.525,25.5266],[-82.435,25.4822],[-82.285,25.4208],[-82.2081,25.38],[-82.2042,25.3597],[-82.2192,25.3496],[-82.2531,25.3496],[-82.315,25.3693],[-82.405,25.4087],[-82.485,25.4296],[-82.555,25.4322],[-82.64,25.4619],[-82.74,25.5185],[-82.805,25.5672],[-82.835,25.608],[-82.8913,25.6444],[-82.974,25.6764],[-83.0517,25.7195],[-83.1245,25.7736],[-83.1637,25.8096],[-83.1694,25.8276],[-83.171,25.8456]],[[-83.1292,25.8452],[-83.1164,25.8624],[-83.0789,25.8534],[-83.0167,25.8182],[-82.9767,25.7863],[-82.9589,25.7576],[-82.9192,25.7306],[-82.8575,25.7052],[-82.7925,25.6622],[-82.7242,25.6015],[-82.665,25.5635],[-82.615,25.5483],[-82.5704,25.5245],[-82.5313,25.4921],[-82.5132,25.4715],[-82.5161,25.4624],[-82.5307,25.4579],[-82.5569,25.4579],[-82.6171,25.485],[-82.7114,25.5392],[-82.7714,25.5854],[-82.7971,25.6237],[-82.8535,25.6598],[-82.9405,25.6936],[-83.0219,25.742],[-83.0977,25.8051],[-83.1292,25.8452]]]}},{"type":"Feature","properties":{"c":"#800026","v0":75.0,"v1":90.0},"geometry":{"type":"Polygon","coordinates":[[[-82.1724,24.6607],[-82.1107,24.6607],[-82.0573,24.6516],[-82.0122,24.6334],[-81.9947,24.6198],[-82.0049,24.6108],[-82.035,24.6187],[-82.085,24.6435],[-82.1333,24.6571],[-82.1799,24.6595],[-82.1724,24.6607]]]}},{"type":"Feature","properties":{"c":"#800026","v0":75.0,"v1":90.0},"geometry":{"type":"Polygon","coordinates":[[[-81.4136,24.1221],[-81.3979,24.1377],[-81.35,24.146],[-81.27,24.1468],[-81.21,24.1219],[-81.17,24.0714],[-81.145,24.0186],[-81.135,23.9635],[-81.1603,23.9486],[-81.2209,23.9738],[-81.2709,24.0044],[-81.3103,24.0405],[-81.3481,24.0633],[-81.3842,24.0729],[-81.4071,24.0868],[-81.4167,24.1051],[-81.4136,24.1221]]]}},{"type":"Feature","properties":{"c":"#800026","v0":75.0,"v1":90.0},"geometry":{"type":"Polygon","coordinates":[[[-81.112,23.9224],[-81.0856,23.9041],[-81.0768,23.8916],[-81.0856,23.8849],[-81.0988,23.894],[-81.1164,23.919],[-81.112,23.9224]]]}},{"type":"Feature","properties":{"c":"#800026","v0":90.0,"v1":null},"geometry":{"type":"Polygon","coordinates":[[[-83.1292,25.8452],[-83.1164,25.8624],[-83.0789,25.8534],[-83.0167,25.8182],[-82.9767,25.7863],[-82.9589,25.7576],[-82.9192,25.7306],[-82.8575,25.7052],[-82.7925,25.6622],[-82.7242,25.6015],[-82.665,25.5635],[-82.615,25.5483],[-82.5704,25.5245],[-82.5313,25.4921],[-82.5132,25.4715],[-82.5161,25.4624],[-82.5307,25.4579],[-82.5569,25.4579],[-82.6171,25.485],[-82.7114,25.5392],[-82.7714,25.5854],[-82.7971,25.6237],[-82.8535,25.6598],[-82.9405,25.6936],[-83.0219,25.742],[-83.0977,25.8051],[-83.1292,25.8452]]]}}]}