{"type":"FeatureCollection","features":[{"type":"Feature","properties":{"c":"#00fb90","v0":0.2,"v1":0.25},"geometry":{"type":"Polygon","coordinates":[[[-122.5183,54.5199],[-122.4994,54.5407],[-122.46,54.5565],[-122.4,54.5673],[-122.36,54.5829],[-122.34,54.6033],[-122.305,54.6109],[-122.255,54.6058],[-122.2162,54.6088],[-122.1886,54.6199],[-122.1727,54.6341],[-122.1685,54.6515],[-122.1745,54.6804],[-122.1906,54.7208],[-122.2379,54.7785],[-122.3165,54.8535],[-122.3458,54.9167],[-122.3257,54.9684],[-122.3075,54.9943],[-122.2911,54.9943],[-122.2907,54.9885],[-122.3064,54.977],[-122.3207,54.9512],[-122.3335,54.911],[-122.3002,54.8535],[-122.2207,54.7785],[-122.1693,54.7064],[-122.146,54.637],[-122.1433,54.5995],[-122.1611,54.594],[-122.2068,54.594],[-122.2804,54.5995],[-122.3304,54.5914],[-122.3568,54.5696],[-122.4,54.5446],[-122.46,54.5163],[-122.4709,54.4836],[-122.4327,54.4466],[-122.4171,54.4106],[-122.4241,54.3757],[-122.405,54.3349],[-122.3597,54.2882],[-122.3275,54.2473],[-122.3085,54.2123],[-122.2245,54.1625],[-122.0756,54.0981],[-122.0036,54.0482],[-122.0085,54.0129],[-121.9708,53.9759],[-121.8903,53.9371],[-121.825,53.9153],[-121.775,53.9106],[-121.7456,53.877],[-121.7368,53.8144],[-121.7068,53.7738],[-121.6556,53.7553],[-121.5976,53.7493],[-121.5327,53.7561],[-121.4915,53.7683],[-121.4741,53.7861],[-121.4814,53.8068],[-121.5132,53.8304],[-121.5294,53.8514],[-121.5298,53.8697],[-121.505,53.8853],[-121.455,53.8981],[-121.405,53.9026],[-121.355,53.8989],[-121.28,53.8864],[-121.18,53.8652],[-121.11,53.862],[-121.07,53.8768],[-121.03,53.8838],[-120.99,53.883],[-120.9635,53.8873],[-120.9506,53.8965],[-120.9506,53.9175],[-120.9635,53.9501],[-120.94,53.9651],[-120.88,53.9625],[-120.825,53.9779],[-120.775,54.0113],[-120.725,54.0282],[-120.675,54.0287],[-120.625,54.0204],[-120.575,54.0035],[-120.53,53.9945],[-120.49,53.9935],[-120.4495,54.0142],[-120.4085,54.0564],[-120.4002,54.0951],[-120.4244,54.1303],[-120.4377,54.1596],[-120.44,54.183],[-120.4609,54.2093],[-120.5006,54.2386],[-120.5009,54.2736],[-120.4619,54.3145],[-120.4493,54.3501],[-120.4631,54.3805],[-120.4799,54.4009],[-120.4997,54.4113],[-120.5347,54.4208],[-120.5849,54.4296],[-120.6499,54.4674],[-120.7296,54.5341],[-120.8046,54.579],[-120.8749,54.6021],[-120.975,54.6089],[-121.105,54.5992],[-121.18,54.5969],[-121.2,54.602],[-121.2295,54.6213],[-121.2686,54.6549],[-121.3236,54.6748],[-121.3945,54.6809],[-121.466,54.7098],[-121.5379,54.7614],[-121.5779,54.7987],[-121.586,54.8218],[-121.6029,54.8391],[-121.6286,54.8506],[-121.6394,54.8678],[-121.6353,54.8909],[-121.623,54.9081],[-121.6026,54.9196],[-121.5952,54.9311],[-121.6009,54.9426],[-121.6453,54.9441],[-121.7284,54.9357],[-121.7978,54.9444],[-121.8534,54.97],[-121.8826,54.9857],[-121.8855,54.9914],[-121.8821,54.9943],[-121.8724,54.9943],[-121.8582,54.9849],[-121.8394,54.966],[-121.805,54.9527],[-121.755,54.9448],[-121.71,54.9443],[-121.67,54.9512],[-121.6397,54.9645],[-121.6192,54.9843],[-121.593,54.9742],[-121.561,54.934],[-121.5552,54.9024],[-121.5756,54.8794],[-121.58,54.8535],[-121.5683,54.8247],[-121.5443,54.7996],[-121.5081,54.7784],[-121.475,54.7492],[-121.445,54.7121],[-121.39,54.6894],[-121.31,54.6812],[-121.2543,54.6613],[-121.2228,54.6297],[-121.1978,54.6103],[-121.1793,54.6032],[-121.11,54.6056],[-120.99,54.6176],[-120.89,54.6127],[-120.81,54.591],[-120.735,54.5502],[-120.665,54.4905],[-120.5884,54.4466],[-120.5052,54.4188],[-120.4538,54.3873],[-120.4342,54.3524],[-120.4423,54.3145],[-120.4782,54.2736],[-120.4777,54.2386],[-120.4407,54.2093],[-120.4198,54.183],[-120.415,54.1596],[-120.4013,54.1362],[-120.379,54.1127],[-120.3683,54.0926],[-120.3694,54.0758],[-120.3875,54.0524],[-120.4224,54.0222],[-120.4272,53.9894],[-120.4021,53.9541],[-120.399,53.9365],[-120.4182,53.9365],[-120.4393,53.9453],[-120.4624,53.963],[-120.513,53.9832],[-120.591,54.0061],[-120.66,54.0169],[-120.72,54.0155],[-120.7606,54.0099],[-120.7818,54.0002],[-120.7971,53.9865],[-120.8064,53.9688],[-120.7864,53.9482],[-120.737,53.9247],[-120.7117,53.9064],[-120.7106,53.8933],[-120.75,53.8895],[-120.83,53.895],[-120.885,53.8922],[-120.915,53.8812],[-120.96,53.8748],[-121.02,53.8729],[-121.065,53.8656],[-121.095,53.853],[-121.17,53.8591],[-121.29,53.8838],[-121.37,53.8964],[-121.41,53.8967],[-121.4524,53.889],[-121.4973,53.8735],[-121.5196,53.8599],[-121.5193,53.8481],[-121.5014,53.8304],[-121.4659,53.8068],[-121.4638,53.7831],[-121.4952,53.7595],[-121.5406,53.7457],[-121.6002,53.7417],[-121.66,53.7465],[-121.72,53.76],[-121.7873,53.7561],[-121.862,53.7347],[-121.917,53.7335],[-121.9523,53.7526],[-121.955,53.7659],[-121.925,53.7734],[-121.885,53.7744],[-121.835,53.7688],[-121.8014,53.7732],[-121.7843,53.7877],[-121.7737,53.8127],[-121.7697,53.8481],[-121.8376,53.8982],[-121.9775,53.963],[-122.0477,54.01],[-122.0483,54.0394],[-122.0854,54.0658],[-122.1588,54.0893],[-122.1979,54.1127],[-122.2026,54.1362],[-122.233,54.1596],[-122.2891,54.183],[-122.3223,54.2093],[-122.3325,54.2386],[-122.3622,54.2795],[-122.4113,54.332],[-122.4318,54.3728],[-122.4238,54.4019],[-122.4467,54.4397],[-122.5007,54.4862],[-122.5183,54.5199]],[[-121.9299,53.7607],[-121.9033,53.7633],[-121.8796,53.7603],[-121.8587,53.7519],[-121.8587,53.7441],[-121.8796,53.7369],[-121.9033,53.7399],[-121.9299,53.7529],[-121.9299,53.7607]]]}},{"type":"Feature","properties":{"c":"#00fb90","v0":0.2,"v1":0.25},"geometry":{"type":"Polygon","coordinates":[[[-122.2297,54.9943],[-122.1593,54.9943],[-122.1456,54.9904],[-122.1885,54.9827],[-122.2237,54.9827],[-122.2512,54.9904],[-122.2297,54.9943]]]}},{"type":"Feature","properties":{"c":"#00fb90","v0":0.2,"v1":0.25},"geometry":{"type":"Polygon","coordinates":[[[-121.6854,54.8247],[-121.6673,54.8304],[-121.6612,54.8285],[-121.6671,54.8188],[-121.675,54.8128],[-121.685,54.8105],[-121.6911,54.8124],[-121.6933,54.8187],[-121.6854,54.8247]]]}},{"type":"Feature","properties":{"c":"#00fb90","v0":0.2,"v1":0.25},"geometry":{"type":"Polygon","coordinates":[[[-122.9061,54.4696],[-122.8954,54.4828],[-122.88,54.4922],[-122.86,54.4979],[-122.8376,54.4913],[-122.8127,54.4724],[-122.8127,54.4591],[-122.8376,54.4512],[-122.8654,54.4512],[-122.8961,54.4591],[-122.9061,54.4696]]]}},{"type":"Feature","properties":{"c":"#00fb90","v0":0.2,"v1":0.25},"geometry":{"type":"Polygon","coordinates":[[[-120.8904,54.1218],[-120.8635,54.14],[-120.83,54.1502],[-120.79,54.1524],[-120.7606,54.1492],[-120.7417,54.1405],[-120.7467,54.1234],[-120.7756,54.0978],[-120.8185,54.092],[-120.8754,54.1058],[-120.8904,54.1218]]]}},{"type":"Feature","properties":{"c":"#00fb90","v0":0.2,"v1":0.25},"geometry":{"type":"Polygon","coordinates":[[[-109.7972,54.149],[-109.7524,54.1512],[-109.7237,54.1483],[-109.7112,54.1402],[-109.7162,54.1345],[-109.7387,54.1312],[-109.7674,54.1341],[-109.8022,54.1433],[-109.7972,54.149]],[[-109.7737,54.1483],[-109.7446,54.149],[-109.7265,54.1461],[-109.7194,54.1395],[-109.734,54.1391],[-109.7702,54.145],[-109.7737,54.1483]]]}},{"type":"Feature","properties":{"c":"#00fb90","v0":0.2,"v1":0.25},"geometry":{"type":"Polygon","coordinates":[[[-122.2537,53.2569],[-122.2464,53.2749],[-122.2246,53.295],[-122.1882,53.3174],[-122.14,53.3289],[-122.08,53.3296],[-122.02,53.3392],[-121.96,53.3577],[-121.8891,53.3611],[-121.8072,53.3494],[-121.727,53.3316],[-121.6483,53.3077],[-121.6092,53.2867],[-121.6097,53.2685],[-121.65,53.2608],[-121.73,53.2637],[-121.795,53.2525],[-121.845,53.2273],[-121.935,53.2241],[-122.065,53.2429],[-122.16,53.2473],[-122.22,53.2374],[-122.2518,53.2363],[-122.2555,53.2441],[-122.2537,53.2569]],[[-122.2049,53.2845],[-122.1816,53.3098],[-122.14,53.323],[-122.08,53.324],[-122.02,53.3332],[-121.96,53.3504],[-121.8816,53.3522],[-121.7847,53.3385],[-121.7118,53.3227],[-121.663,53.3048],[-121.6415,53.2921],[-121.6472,53.2847],[-121.69,53.2772],[-121.77,53.2696],[-121.83,53.2546],[-121.87,53.2325],[-121.9716,53.234],[-122.1349,53.2592],[-122.2049,53.2845]]]}},{"type":"Feature","properties":{"c":"#00fb90","v0":0.2,"v1":0.25},"geometry":{"type":"Polygon","coordinates":[[[-108.7177,53.0237],[-108.6859,53.0312],[-108.6,53.0351],[-108.46,53.0356],[-108.345,53.042],[-108.255,53.0541],[-108.185,53.0559],[-108.135,53.0473],[-108.06,53.0419],[-107.96,53.0397],[-107.835,53.023],[-107.685,52.992],[-107.5655,52.9723],[-107.4764,52.9639],[-107.4302,52.9447],[-107.4271,52.9145],[-107.4403,52.8874],[-107.4698,52.8633],[-107.506,52.8479],[-107.5487,52.8414],[-107.5895,52.8293],[-107.6284,52.8117],[-107.7034,52.8],[-107.8145,52.7945],[-107.885,52.8002],[-107.915,52.8172],[-107.95,52.8254],[-107.99,52.8248],[-108.025,52.8315],[-108.055,52.8455],[-108.0851,52.8521],[-108.1154,52.8515],[-108.2354,52.8778],[-108.4451,52.931],[-108.565,52.9692],[-108.595,52.9924],[-108.6409,53.008],[-108.7027,53.016],[-108.7177,53.0237]],[[-108.6641,53.0231],[-108.6147,53.0294],[-108.54,53.0291],[-108.44,53.0222],[-108.34,53.0267],[-108.24,53.0424],[-108.14,53.0425],[-108.04,53.0268],[-107.97,53.0208],[-107.93,53.0245],[-107.88,53.0234],[-107.82,53.0175],[-107.775,53.0071],[-107.745,52.9921],[-107.71,52.9821],[-107.67,52.977],[-107.6341,52.9648],[-107.6023,52.9454],[-107.6004,52.9236],[-107.6284,52.8995],[-107.6481,52.8723],[-107.6595,52.8421],[-107.7164,52.8248],[-107.8188,52.8204],[-107.885,52.8231],[-107.915,52.833],[-107.95,52.8379],[-107.99,52.8379],[-108.025,52.8441],[-108.055,52.8565],[-108.085,52.8627],[-108.115,52.8629],[-108.2174,52.8842],[-108.3921,52.9265],[-108.5071,52.9621],[-108.5624,52.991],[-108.6147,53.0091],[-108.6641,53.0163],[-108.6641,53.0231]]]}},{"type":"Feature","properties":{"c":"#00fb90","v0":0.2,"v1":0.25},"geometry":{"type":"Polygon","coordinates":[[[-109.1299,52.988],[-109.1033,52.9963],[-109.0802,52.9963],[-109.0605,52.988],[-109.0555,52.9813],[-109.0652,52.9761],[-109.0883,52.9761],[-109.1249,52.9813],[-109.1299,52.988]]]}},{"type":"Feature","properties":{"c":"#00fb90","v0":0.2,"v1":0.25},"geometry":{"type":"Polygon","coordinates":[[[-84.4885,49.5117],[-84.4642,49.5506],[-84.4618,49.5895],[-84.4814,49.6284],[-84.4859,49.6713],[-84.4753,49.7181],[-84.445,49.7541],[-84.395,49.7794],[-84.35,49.7925],[-84.31,49.7935],[-84.28,49.798],[-84.26,49.8062],[-84.231,49.8278],[-84.1931,49.8629],[-84.1774,49.8901],[-84.1838,49.9094],[-84.2203,49.9352],[-84.2867,49.9673],[-84.3006,49.9898],[-84.2618,50.0027],[-84.183,50.0413],[-84.0642,50.1054],[-84.0065,50.1471],[-84.0102,50.1663],[-84.032,50.1952],[-84.0721,50.2336],[-84.0666,50.2643],[-84.0155,50.2873],[-83.93,50.3041],[-83.81,50.3145],[-83.7387,50.3285],[-83.7161,50.3461],[-83.7071,50.3645],[-83.7117,50.3837],[-83.731,50.406],[-83.7651,50.4315],[-83.7844,50.4697],[-83.7891,50.5206],[-83.8232,50.5555],[-83.8867,50.5746],[-83.8613,50.5937],[-83.7471,50.613],[-83.66,50.6196],[-83.6,50.6137],[-83.5254,50.6294],[-83.4362,50.6669],[-83.3712,50.6876],[-83.3304,50.6917],[-83.2866,50.7107],[-83.2399,50.7446],[-83.2128,50.7711],[-83.2053,50.79],[-83.2055,50.809],[-83.2133,50.8279],[-83.1754,50.8468],[-83.0918,50.8657],[-82.985,50.8692],[-82.855,50.8574],[-82.7656,50.8574],[-82.7168,50.8693],[-82.6118,50.8824],[-82.4506,50.8965],[-82.32,50.8967],[-82.22,50.8831],[-82.125,50.8763],[-82.035,50.8764],[-81.96,50.8872],[-81.9,50.9085],[-81.8607,50.8798],[-81.8422,50.801],[-81.8222,50.7528],[-81.8007,50.7353],[-81.7097,50.7163],[-81.5492,50.6958],[-81.4492,50.6771],[-81.4097,50.66],[-81.335,50.6413],[-81.225,50.6208],[-81.0904,50.604],[-80.9311,50.5907],[-80.7746,50.5619],[-80.6209,50.5174],[-80.4955,50.4594],[-80.3985,50.3878],[-80.3151,50.3176],[-80.2452,50.2488],[-80.1751,50.1984],[-80.1047,50.1663],[-80.0575,50.1375],[-80.0337,50.1119],[-79.9955,50.083],[-79.9429,50.0509],[-79.9022,50.0123],[-79.8733,49.9673],[-79.8733,49.9287],[-79.9022,49.8965],[-79.9185,49.8707],[-79.9221,49.8514],[-79.9154,49.8302],[-79.8985,49.8072],[-79.875,49.7904],[-79.845,49.7797],[-79.8268,49.7654],[-79.8204,49.7474],[-79.8271,49.7223],[-79.8468,49.6899],[-79.8547,49.6543],[-79.8509,49.6155],[-79.864,49.5831],[-79.8942,49.5571],[-79.9127,49.5344],[-79.9197,49.5149],[-79.9013,49.4825],[-79.8576,49.437],[-79.8143,49.4038],[-79.7714,49.3829],[-79.72,49.343],[-79.66,49.284],[-79.65,49.2275],[-79.69,49.1737],[-79.7366,49.132],[-79.7897,49.1025],[-79.8216,49.078],[-79.8324,49.0583],[-79.8658,49.0383],[-79.9219,49.0179],[-79.9622,48.9982],[-79.9865,48.9792],[-79.9996,48.9632],[-80.0015,48.9501],[-79.9891,48.9304],[-79.9627,48.9041],[-79.9501,48.8679],[-79.9515,48.8218],[-79.9566,48.788],[-79.9655,48.7664],[-79.9881,48.7433],[-80.0243,48.7188],[-80.0497,48.69],[-80.0644,48.6569],[-80.0913,48.6361],[-80.1304,48.6274],[-80.18,48.6297],[-80.24,48.6431],[-80.375,48.6506],[-80.585,48.6523],[-80.71,48.6586],[-80.75,48.6697],[-80.79,48.6641],[-80.83,48.6419],[-80.88,48.6321],[-80.94,48.6346],[-81.02,48.6283],[-81.12,48.613],[-81.19,48.59],[-81.23,48.5591],[-81.2557,48.5447],[-81.267,48.5468],[-81.282,48.5618],[-81.3007,48.5897],[-81.325,48.6105],[-81.355,48.6241],[-81.42,48.6355],[-81.52,48.6446],[-81.59,48.6439],[-81.63,48.6334],[-81.665,48.6335],[-81.695,48.6442],[-81.73,48.65],[-81.77,48.6508],[-81.8146,48.6584],[-81.8637,48.6729],[-81.9037,48.6897],[-81.9346,48.709],[-81.97,48.7196],[-82.01,48.7213],[-82.045,48.7314],[-82.075,48.7499],[-82.105,48.7546],[-82.135,48.7456],[-82.17,48.7468],[-82.21,48.7584],[-82.245,48.7595],[-82.275,48.7503],[-82.305,48.7484],[-82.335,48.7538],[-82.365,48.7514],[-82.395,48.7414],[-82.435,48.737],[-82.485,48.7381],[-82.53,48.745],[-82.57,48.7576],[-82.61,48.7617],[-82.65,48.7572],[-82.675,48.7641],[-82.685,48.7823],[-82.645,48.799],[-82.555,48.8143],[-82.503,48.8293],[-82.4891,48.8441],[-82.4853,48.858],[-82.4917,48.8712],[-82.5335,48.9008],[-82.6105,48.9468],[-82.7143,48.9861],[-82.8448,49.0187],[-82.94,49.0538],[-83.0,49.0916],[-83.055,49.1056],[-83.105,49.096],[-83.15,49.1],[-83.19,49.1176],[-83.235,49.1173],[-83.285,49.0991],[-83.335,49.0871],[-83.385,49.0813],[-83.445,49.0897],[-83.515,49.1121],[-83.57,49.1142],[-83.61,49.0959],[-83.64,49.0954],[-83.66,49.1128],[-83.685,49.1239],[-83.715,49.1288],[-83.7439,49.1269],[-83.7716,49.1183],[-83.7913,49.1074],[-83.8029,49.0943],[-83.8,49.0714],[-83.7824,49.0386],[-83.8152,49.0157],[-83.8985,49.0026],[-83.9308,49.0124],[-83.9123,49.0452],[-83.9078,49.0714],[-83.9175,49.0911],[-83.9392,49.1081],[-83.9731,49.1225],[-84.035,49.1323],[-84.125,49.1376],[-84.1914,49.1468],[-84.2342,49.1598],[-84.2679,49.1761],[-84.2926,49.1957],[-84.3072,49.2317],[-84.3117,49.2839],[-84.3353,49.323],[-84.3779,49.3491],[-84.4057,49.3751],[-84.4186,49.4012],[-84.4412,49.4249],[-84.4737,49.4462],[-84.4927,49.4657],[-84.498,49.4834],[-84.4885,49.5117]],[[-82.6025,48.789],[-82.5942,48.7959],[-82.5764,48.7992],[-82.5493,48.7989],[-82.5272,48.7955],[-82.51,48.7889],[-82.4994,48.779],[-82.4953,48.7658],[-82.5025,48.7581],[-82.5208,48.7557],[-82.5492,48.7623],[-82.5875,48.7778],[-82.6025,48.789]],[[-84.4518,49.6686],[-84.4106,49.71],[-84.36,49.7385],[-84.3,49.754],[-84.2475,49.7786],[-84.2025,49.8121],[-84.169,49.845],[-84.147,49.8772],[-84.1595,49.913],[-84.2065,49.9524],[-84.1978,49.9942],[-84.1334,50.0384],[-84.0634,50.0757],[-83.9878,50.106],[-83.9708,50.1541],[-84.0125,50.2199],[-84.0175,50.2601],[-83.9858,50.2747],[-83.915,50.2881],[-83.805,50.3002],[-83.736,50.3121],[-83.7081,50.3236],[-83.6911,50.3422],[-83.6849,50.3677],[-83.6945,50.4092],[-83.7201,50.4665],[-83.7272,50.5078],[-83.7161,50.5333],[-83.7388,50.5555],[-83.7952,50.5746],[-83.7845,50.5905],[-83.7064,50.6031],[-83.6381,50.5971],[-83.5794,50.5724],[-83.5418,50.5629],[-83.5253,50.5686],[-83.5143,50.5809],[-83.5087,50.6],[-83.4919,50.6164],[-83.464,50.6303],[-83.405,50.6417],[-83.315,50.6504],[-83.235,50.6561],[-83.165,50.6586],[-83.119,50.6505],[-83.097,50.6316],[-83.0553,50.6222],[-82.9938,50.6222],[-82.955,50.6254],[-82.9389,50.6317],[-82.9322,50.6412],[-82.9349,50.6539],[-82.9697,50.6669],[-83.0366,50.6803],[-83.0834,50.7025],[-83.1102,50.7334],[-83.1235,50.7552],[-83.1234,50.7679],[-83.105,50.7927],[-83.0683,50.8295],[-82.985,50.8454],[-82.855,50.8404],[-82.765,50.844],[-82.715,50.8562],[-82.605,50.8697],[-82.435,50.8846],[-82.32,50.8874],[-82.26,50.8781],[-82.205,50.8612],[-82.155,50.8367],[-82.115,50.8312],[-82.085,50.8447],[-82.025,50.8477],[-81.935,50.8402],[-81.8769,50.8146],[-81.8508,50.7708],[-81.8258,50.742],[-81.8019,50.7282],[-81.73,50.7146],[-81.61,50.701],[-81.505,50.6805],[-81.415,50.6532],[-81.32,50.6311],[-81.22,50.6141],[-81.0899,50.5971],[-80.9296,50.58],[-80.7736,50.5492],[-80.6218,50.5047],[-80.5021,50.4346],[-80.4145,50.339],[-80.3455,50.2822],[-80.2952,50.2645],[-80.24,50.2295],[-80.18,50.1773],[-80.0944,50.1189],[-79.9832,50.0543],[-79.9174,50.0027],[-79.897,49.9641],[-79.8968,49.9352],[-79.917,49.9158],[-79.9314,49.8901],[-79.9401,49.8579],[-79.9183,49.8159],[-79.8658,49.7643],[-79.8583,49.7223],[-79.8957,49.6899],[-79.9108,49.6543],[-79.9035,49.6155],[-79.9209,49.5733],[-79.9629,49.5279],[-79.9742,49.4955],[-79.9548,49.476],[-79.8963,49.4403],[-79.7988,49.3885],[-79.7317,49.3364],[-79.6951,49.284],[-79.6946,49.2317],[-79.73,49.1794],[-79.7833,49.136],[-79.8544,49.1015],[-79.915,49.0644],[-79.965,49.0248],[-80.0077,48.9994],[-80.0431,48.9884],[-80.0764,48.9533],[-80.1078,48.8942],[-80.1106,48.8482],[-80.085,48.8152],[-80.0735,48.7922],[-80.076,48.779],[-80.1154,48.7499],[-80.1918,48.7048],[-80.34,48.6832],[-80.56,48.685],[-80.705,48.6926],[-80.775,48.706],[-80.818,48.721],[-80.8339,48.7377],[-80.8489,48.747],[-80.863,48.7488],[-80.895,48.7485],[-80.945,48.746],[-80.9787,48.7418],[-80.9961,48.7358],[-81.0016,48.723],[-80.9952,48.7032],[-81.0165,48.6917],[-81.0655,48.6886],[-81.105,48.6803],[-81.135,48.6667],[-81.18,48.6703],[-81.24,48.6911],[-81.295,48.6968],[-81.345,48.6876],[-81.39,48.6898],[-81.43,48.7036],[-81.46,48.7077],[-81.48,48.7024],[-81.505,48.7044],[-81.535,48.7138],[-81.57,48.7122],[-81.61,48.6997],[-81.65,48.6994],[-81.69,48.7113],[-81.715,48.7113],[-81.725,48.6992],[-81.74,48.6914],[-81.76,48.688],[-81.785,48.6919],[-81.815,48.7034],[-81.845,48.7069],[-81.875,48.7024],[-81.905,48.7095],[-81.935,48.7281],[-81.97,48.7372],[-82.01,48.7368],[-82.05,48.7467],[-82.09,48.7669],[-82.125,48.7737],[-82.155,48.7672],[-82.185,48.7673],[-82.215,48.7742],[-82.26,48.7763],[-82.32,48.7737],[-82.37,48.7683],[-82.41,48.76],[-82.4389,48.7666],[-82.4567,48.788],[-82.4393,48.8087],[-82.3867,48.8284],[-82.4219,48.8712],[-82.5449,48.9369],[-82.6799,48.9894],[-82.827,49.0288],[-82.9279,49.0661],[-82.9826,49.1013],[-83.0397,49.1177],[-83.0991,49.1152],[-83.1418,49.1238],[-83.1679,49.1434],[-83.2083,49.1583],[-83.2628,49.1685],[-83.33,49.1884],[-83.41,49.2178],[-83.47,49.2283],[-83.51,49.2198],[-83.5425,49.1967],[-83.5675,49.159],[-83.5925,49.1356],[-83.6175,49.1266],[-83.65,49.1282],[-83.69,49.1404],[-83.735,49.1418],[-83.785,49.1323],[-83.84,49.1276],[-83.9,49.1276],[-84.0,49.1391],[-84.14,49.1621],[-84.2291,49.1881],[-84.2673,49.2172],[-84.2873,49.2388],[-84.2891,49.2532],[-84.285,49.266],[-84.275,49.2773],[-84.26,49.2705],[-84.24,49.2454],[-84.2198,49.2489],[-84.1993,49.2809],[-84.2143,49.3056],[-84.2648,49.323],[-84.3006,49.3458],[-84.3219,49.374],[-84.3572,49.4044],[-84.4066,49.437],[-84.4305,49.4695],[-84.4289,49.5019],[-84.4102,49.5214],[-84.3745,49.5279],[-84.3525,49.5409],[-84.3442,49.5604],[-84.3575,49.5912],[-84.3925,49.6335],[-84.42,49.6475],[-84.44,49.6332],[-84.4556,49.6315],[-84.4668,49.6424],[-84.4518,49.6686]],[[-83.4071,49.1352],[-83.3824,49.1514],[-83.3575,49.1547],[-83.3325,49.145],[-83.3222,49.1336],[-83.3268,49.1205],[-83.3393,49.1108],[-83.3598,49.1045],[-83.3824,49.1078],[-83.4071,49.1206],[-83.4071,49.1352]]]}},{"type":"Feature","properties":{"c":"#00fb90","v0":0.2,"v1":0.25},"geometry":{"type":"Polygon","coordinates":[[[-92.1226,50.7711],[-92.0923,50.7647],[-92.0853,50.7594],[-92.1018,50.755],[-92.1169,50.7582],[-92.1308,50.7689],[-92.1226,50.7711]]]}},{"type":"Feature","properties":{"c":"#00fb90","v0":0.2,"v1":0.25},"geometry":{"type":"Polygon","coordinates":[[[-69.9982,49.5571],[-69.9564,49.609],[-69.915,49.6964],[-69.8738,49.8192],[-69.8175,49.9022],[-69.7458,49.9456],[-69.685,49.9463],[-69.635,49.9043],[-69.59,49.8792],[-69.55,49.8711],[-69.5138,49.8703],[-69.4814,49.8771],[-69.4611,49.8901],[-69.4529,49.9094],[-69.4541,49.9352],[-69.4649,49.9673],[-69.5015,50.0156],[-69.5641,50.0798],[-69.5651,50.1247],[-69.5047,50.1503],[-69.4543,50.1952],[-69.414,50.2591],[-69.3628,50.3031],[-69.3009,50.3272],[-69.2464,50.3655],[-69.1993,50.418],[-69.1393,50.4524],[-69.0664,50.4688],[-69.024,50.4752],[-69.0119,50.4715],[-69.0005,50.4442],[-68.9897,50.3932],[-68.9707,50.3582],[-68.9436,50.3391],[-68.905,50.3298],[-68.855,50.3303],[-68.81,50.3255],[-68.77,50.3154],[-68.7369,50.3184],[-68.7107,50.3342],[-68.6961,50.3581],[-68.6932,50.39],[-68.6863,50.41],[-68.6754,50.418],[-68.615,50.4096],[-68.505,50.3849],[-68.425,50.3724],[-68.375,50.3722],[-68.315,50.3525],[-68.245,50.3132],[-68.195,50.2771],[-68.165,50.2442],[-68.1267,50.2212],[-68.0802,50.2081],[-68.044,50.1888],[-68.0182,50.1631],[-67.9815,50.1415],[-67.9338,50.124],[-67.895,50.1023],[-67.865,50.0766],[-67.795,50.0557],[-67.685,50.0397],[-67.6067,50.0035],[-67.5602,49.9472],[-67.5048,49.8965],[-67.4407,49.8514],[-67.3883,49.8224],[-67.3478,49.8095],[-67.3028,49.7869],[-67.2533,49.7546],[-67.2268,49.7158],[-67.2235,49.6705],[-67.1639,49.5933],[-67.048,49.4841],[-66.955,49.4201],[-66.885,49.4016],[-66.832,49.3978],[-66.796,49.4087],[-66.774,49.4272],[-66.7662,49.4532],[-66.7714,49.4792],[-66.7898,49.5052],[-66.7981,49.5441],[-66.7965,49.596],[-66.8052,49.6381],[-66.8241,49.6705],[-66.8177,49.6993],[-66.7859,49.7245],[-66.73,49.7363],[-66.65,49.7347],[-66.575,49.7268],[-66.505,49.7126],[-66.44,49.6713],[-66.38,49.6028],[-66.3182,49.5495],[-66.2545,49.5113],[-66.2125,49.4792],[-66.1924,49.4532],[-66.1692,49.435],[-66.1431,49.4246],[-66.085,49.4089],[-65.995,49.3879],[-65.88,49.3858],[-65.74,49.4024],[-65.6651,49.4083],[-65.6553,49.4036],[-65.6536,49.3979],[-65.66,49.3914],[-65.6949,49.3732],[-65.7583,49.3432],[-65.8442,49.2747],[-65.9527,49.1676],[-65.9877,49.1073],[-65.9492,49.0941],[-65.905,49.092],[-65.855,49.101],[-65.795,49.1007],[-65.725,49.091],[-65.6589,49.0931],[-65.5968,49.107],[-65.5568,49.1024],[-65.5389,49.0792],[-65.5,49.0565],[-65.44,49.0342],[-65.4065,49.013],[-65.3996,48.9929],[-65.4283,48.9501],[-65.4925,48.8843],[-65.561,48.8356],[-65.6337,48.8038],[-65.6888,48.7708],[-65.7264,48.7367],[-65.7464,48.7025],[-65.7488,48.6681],[-65.79,48.5975],[-65.87,48.4908],[-65.935,48.4396],[-65.985,48.4442],[-66.025,48.4277],[-66.055,48.39],[-66.1,48.3658],[-66.16,48.355],[-66.195,48.3308],[-66.205,48.2934],[-66.24,48.2748],[-66.3,48.2752],[-66.3527,48.2671],[-66.398,48.2506],[-66.4359,48.219],[-66.4664,48.1724],[-66.5014,48.1323],[-66.5409,48.099],[-66.5624,48.0756],[-66.5661,48.0622],[-66.5599,48.0422],[-66.5438,48.0154],[-66.5439,47.9819],[-66.5605,47.9418],[-66.5663,47.9083],[-66.5614,47.8814],[-66.5174,47.8311],[-66.4341,47.7572],[-66.4019,47.6923],[-66.4206,47.6366],[-66.4576,47.6164],[-66.5129,47.6317],[-66.5729,47.661],[-66.6376,47.7043],[-66.735,47.7434],[-66.865,47.7784],[-66.9465,47.7904],[-66.9795,47.7795],[-67.0045,47.7556],[-67.0215,47.7187],[-67.05,47.6826],[-67.09,47.6474],[-67.13,47.6367],[-67.17,47.6506],[-67.2058,47.6799],[-67.2374,47.7247],[-67.2752,47.7505],[-67.3193,47.7572],[-67.35,47.7538],[-67.3674,47.7404],[-67.3746,47.7167],[-67.3715,47.6826],[-67.39,47.6694],[-67.43,47.6769],[-67.4727,47.6536],[-67.5181,47.5992],[-67.5781,47.5669],[-67.6527,47.5566],[-67.71,47.5392],[-67.75,47.5146],[-67.815,47.5075],[-67.905,47.518],[-67.98,47.514],[-68.04,47.4956],[-68.12,47.4955],[-68.22,47.5136],[-68.295,47.5216],[-68.345,47.5195],[-68.3884,47.5251],[-68.4251,47.5384],[-68.4466,47.5619],[-68.4528,47.5956],[-68.4644,47.6189],[-68.4815,47.6319],[-68.515,47.631],[-68.565,47.6163],[-68.6037,47.6098],[-68.6311,47.6116],[-68.7132,47.6461],[-68.85,47.7135],[-68.9313,47.7626],[-68.9571,47.7935],[-69.005,47.8067],[-69.075,47.8022],[-69.125,47.8034],[-69.155,47.8105],[-69.1804,47.8242],[-69.2012,47.8445],[-69.2124,47.8647],[-69.2142,47.8848],[-69.1883,47.9083],[-69.1347,47.9351],[-69.0982,47.9619],[-69.0787,47.9886],[-69.0792,48.0077],[-69.0997,48.0192],[-69.1336,48.0258],[-69.1809,48.0278],[-69.203,48.0321],[-69.1998,48.0388],[-69.1861,48.0532],[-69.162,48.0752],[-69.09,48.1082],[-68.97,48.1522],[-68.865,48.1803],[-68.775,48.1928],[-68.6971,48.2132],[-68.6313,48.2415],[-68.6013,48.262],[-68.6071,48.2746],[-68.62,48.282],[-68.64,48.2843],[-68.68,48.2831],[-68.74,48.2783],[-68.81,48.2651],[-68.89,48.2434],[-68.9449,48.235],[-68.9748,48.2399],[-68.9648,48.2662],[-68.9149,48.3138],[-68.865,48.3428],[-68.815,48.3532],[-68.745,48.3606],[-68.655,48.365],[-68.57,48.3858],[-68.49,48.4227],[-68.4369,48.4546],[-68.4106,48.4814],[-68.3906,48.5238],[-68.3769,48.5818],[-68.345,48.6314],[-68.295,48.6726],[-68.2093,48.7164],[-68.0878,48.7625],[-68.0128,48.7978],[-67.9843,48.8222],[-67.9442,48.8419],[-67.8927,48.857],[-67.8377,48.8843],[-67.7792,48.9236],[-67.6988,48.9499],[-67.5964,48.9631],[-67.5334,48.9829],[-67.5099,49.0091],[-67.4933,49.0452],[-67.4835,49.0911],[-67.4624,49.1271],[-67.4302,49.1532],[-67.4182,49.1859],[-67.4264,49.2251],[-67.4052,49.2708],[-67.3545,49.323],[-67.3353,49.3719],[-67.3475,49.4174],[-67.3907,49.4565],[-67.465,49.489],[-67.5081,49.5247],[-67.5199,49.5636],[-67.5519,49.5938],[-67.604,49.6152],[-67.6427,49.6184],[-67.6682,49.6035],[-67.6713,49.5831],[-67.6521,49.5571],[-67.6444,49.538],[-67.6481,49.5258],[-67.675,49.5219],[-67.725,49.5262],[-67.775,49.5363],[-67.825,49.5521],[-67.9026,49.5496],[-68.0079,49.5287],[-68.0879,49.5202],[-68.1426,49.5241],[-68.215,49.4971],[-68.305,49.4392],[-68.3789,49.4047],[-68.4366,49.3937],[-68.4821,49.3719],[-68.5156,49.3393],[-68.6017,49.294],[-68.7406,49.2359],[-68.845,49.1738],[-68.915,49.1076],[-68.955,49.0721],[-68.965,49.0674],[-68.995,49.0771],[-69.045,49.101],[-69.085,49.1123],[-69.115,49.1107],[-69.1398,49.1012],[-69.1594,49.0835],[-69.1694,49.0599],[-69.1698,49.0304],[-69.2,49.0179],[-69.26,49.0224],[-69.315,48.9997],[-69.365,48.9498],[-69.4416,48.936],[-69.5449,48.9585],[-69.6649,49.0085],[-69.8016,49.0858],[-69.8722,49.148],[-69.8766,49.1951],[-69.8953,49.2349],[-69.9284,49.2676],[-69.9612,49.3199],[-69.9937,49.3919],[-70.0123,49.4537],[-70.0168,49.5053],[-69.9982,49.5571]],[[-69.9058,49.6252],[-69.8655,49.761],[-69.8307,49.845],[-69.8014,49.8772],[-69.7726,49.9001],[-69.7442,49.9137],[-69.64,49.8653],[-69.46,49.7546],[-69.325,49.6954],[-69.235,49.688],[-69.18,49.6877],[-69.16,49.6944],[-69.1503,49.7176],[-69.151,49.7573],[-69.2188,49.8224],[-69.3536,49.9126],[-69.4366,49.9802],[-69.4678,50.0252],[-69.4751,50.073],[-69.4584,50.1235],[-69.421,50.1748],[-69.363,50.2268],[-69.309,50.2655],[-69.2589,50.2911],[-69.2122,50.3326],[-69.1688,50.39],[-69.1378,50.4217],[-69.1193,50.4276],[-69.0993,50.4276],[-69.078,50.4217],[-69.028,50.3758],[-68.9493,50.2898],[-68.895,50.2405],[-68.865,50.2279],[-68.8281,50.223],[-68.7844,50.2258],[-68.7294,50.2563],[-68.6631,50.3144],[-68.5926,50.3463],[-68.5178,50.3521],[-68.4178,50.3323],[-68.2926,50.2869],[-68.13,50.2077],[-67.93,50.0944],[-67.8,50.037],[-67.74,50.0356],[-67.6929,50.0284],[-67.6587,50.0156],[-67.6204,49.9866],[-67.5782,49.9416],[-67.5263,49.8965],[-67.4647,49.8514],[-67.408,49.822],[-67.356,49.8082],[-67.3059,49.7856],[-67.2578,49.7542],[-67.2356,49.719],[-67.2394,49.6802],[-67.2243,49.6446],[-67.1905,49.6122],[-67.1601,49.5733],[-67.1332,49.5279],[-67.0924,49.4858],[-67.0375,49.447],[-66.97,49.4169],[-66.89,49.3955],[-66.8194,49.3856],[-66.7582,49.3873],[-66.7412,49.4272],[-66.7684,49.5052],[-66.782,49.5831],[-66.7821,49.6608],[-66.7741,49.7048],[-66.758,49.715],[-66.72,49.7136],[-66.66,49.7004],[-66.6037,49.6952],[-66.551,49.6982],[-66.5206,49.6964],[-66.5126,49.6899],[-66.519,49.6802],[-66.54,49.6673],[-66.549,49.6576],[-66.5462,49.6511],[-66.5111,49.6399],[-66.4437,49.6239],[-66.36,49.5671],[-66.26,49.4693],[-66.1228,49.3928],[-65.9483,49.3376],[-65.8683,49.2898],[-65.8828,49.2494],[-65.95,49.1854],[-66.07,49.0977],[-66.055,49.0637],[-65.905,49.0835],[-65.7757,49.0887],[-65.667,49.0794],[-65.5742,49.0649],[-65.4973,49.0452],[-65.4503,49.0255],[-65.4334,49.0059],[-65.4511,48.9626],[-65.5037,48.8956],[-65.565,48.8456],[-65.635,48.8125],[-65.6913,48.7769],[-65.7339,48.7387],[-65.7593,48.6999],[-65.7675,48.6602],[-65.8063,48.5983],[-65.8754,48.514],[-65.915,48.4684],[-65.925,48.4614],[-65.955,48.4564],[-66.005,48.4534],[-66.045,48.4333],[-66.075,48.3963],[-66.1186,48.3739],[-66.1758,48.366],[-66.2108,48.3437],[-66.2236,48.3069],[-66.26,48.2859],[-66.32,48.2806],[-66.3778,48.2658],[-66.4333,48.2413],[-66.4683,48.2109],[-66.4828,48.1746],[-66.5121,48.1346],[-66.5562,48.0908],[-66.573,48.0522],[-66.5623,48.0188],[-66.5644,47.9819],[-66.5794,47.9418],[-66.5791,47.9016],[-66.5635,47.8613],[-66.5219,47.811],[-66.4545,47.7505],[-66.4281,47.6961],[-66.4427,47.6478],[-66.475,47.6309],[-66.525,47.6455],[-66.575,47.6702],[-66.625,47.705],[-66.6937,47.7387],[-66.781,47.7712],[-66.841,47.7995],[-66.8737,47.8235],[-66.9314,47.8168],[-67.0142,47.7793],[-67.0706,47.7471],[-67.1006,47.7202],[-67.1192,47.6956],[-67.1264,47.6734],[-67.1361,47.6633],[-67.1484,47.6653],[-67.1621,47.6798],[-67.1773,47.7068],[-67.2062,47.7316],[-67.2487,47.7544],[-67.285,47.7686],[-67.315,47.7743],[-67.3582,47.773],[-67.4145,47.7647],[-67.4502,47.7404],[-67.4654,47.7],[-67.4922,47.6546],[-67.5307,47.604],[-67.59,47.5724],[-67.67,47.5599],[-67.73,47.5438],[-67.77,47.5241],[-67.83,47.5184],[-67.91,47.5268],[-67.98,47.5235],[-68.04,47.5084],[-68.12,47.5084],[-68.22,47.5234],[-68.3,47.5304],[-68.36,47.5294],[-68.4004,47.5329],[-68.4213,47.541],[-68.4413,47.5692],[-68.4604,47.6177],[-68.48,47.6434],[-68.5,47.6462],[-68.54,47.6402],[-68.6,47.6255],[-68.7,47.6537],[-68.84,47.7245],[-68.9185,47.7735],[-68.9355,47.8007],[-68.9605,47.8163],[-68.9935,47.8203],[-69.035,47.8182],[-69.085,47.8103],[-69.125,47.8108],[-69.155,47.8197],[-69.1797,47.8352],[-69.199,47.8571],[-69.2077,47.8747],[-69.2058,47.8881],[-69.1786,47.9083],[-69.1261,47.9351],[-69.0885,47.9619],[-69.0661,47.9886],[-69.0636,48.008],[-69.0812,48.0198],[-69.11,48.0293],[-69.15,48.0363],[-69.1699,48.0437],[-69.1697,48.0516],[-69.1622,48.0622],[-69.1475,48.0756],[-69.0826,48.1039],[-68.9675,48.1472],[-68.865,48.1752],[-68.775,48.1878],[-68.6988,48.2062],[-68.6363,48.2303],[-68.5987,48.249],[-68.5862,48.2623],[-68.5924,48.2744],[-68.6175,48.2852],[-68.715,48.2784],[-68.885,48.254],[-68.9528,48.2619],[-68.9183,48.3021],[-68.8783,48.3292],[-68.8328,48.3431],[-68.765,48.3514],[-68.675,48.3542],[-68.59,48.3714],[-68.51,48.4031],[-68.4479,48.4379],[-68.4037,48.4759],[-68.3753,48.5213],[-68.3629,48.5743],[-68.33,48.6221],[-68.2767,48.6646],[-68.1917,48.7109],[-68.075,48.7607],[-68.005,48.7962],[-67.9817,48.8174],[-67.941,48.8372],[-67.8829,48.8555],[-67.8279,48.8817],[-67.776,48.9159],[-67.7,48.94],[-67.6,48.9539],[-67.5384,48.9696],[-67.5153,48.9872],[-67.4903,49.0174],[-67.4634,49.0601],[-67.425,49.0795],[-67.375,49.0754],[-67.3401,49.077],[-67.3204,49.0842],[-67.3363,49.1205],[-67.3879,49.1859],[-67.4026,49.2284],[-67.3805,49.248],[-67.3564,49.2839],[-67.3302,49.336],[-67.3214,49.3882],[-67.33,49.4402],[-67.3733,49.4772],[-67.4511,49.499],[-67.4973,49.5283],[-67.512,49.5648],[-67.547,49.5951],[-67.6023,49.6192],[-67.64,49.6286],[-67.66,49.6233],[-67.6745,49.6145],[-67.6836,49.6022],[-67.6791,49.5798],[-67.661,49.5474],[-67.6565,49.5301],[-67.6655,49.5279],[-67.715,49.5364],[-67.805,49.5554],[-67.905,49.5539],[-68.015,49.5319],[-68.095,49.523],[-68.145,49.5271],[-68.2158,49.5005],[-68.3073,49.443],[-68.3823,49.4086],[-68.4408,49.3973],[-68.4886,49.3745],[-68.5257,49.3402],[-68.6007,49.3013],[-68.7136,49.2578],[-68.815,49.1975],[-68.905,49.1203],[-68.96,49.081],[-68.98,49.0796],[-69.01,49.0885],[-69.05,49.1077],[-69.085,49.1165],[-69.115,49.1148],[-69.1417,49.1041],[-69.165,49.0845],[-69.1764,49.0616],[-69.1759,49.0354],[-69.2043,49.0245],[-69.2614,49.0289],[-69.315,49.0065],[-69.365,48.9574],[-69.445,48.9465],[-69.555,48.9739],[-69.6613,49.0225],[-69.764,49.0922],[-69.8184,49.1434],[-69.8245,49.1761],[-69.8488,49.2186],[-69.8914,49.2708],[-69.9121,49.3049],[-69.9107,49.3208],[-69.8962,49.3338],[-69.8686,49.344],[-69.8726,49.4012],[-69.9082,49.5052],[-69.9058,49.6252]]]}},{"type":"Feature","properties":{"c":"#00fb90","v0":0.2,"v1":0.25},"geometry":{"type":"Polygon","coordinates":[[[-80.9507,50.3874],[-80.8969,50.4269],[-80.8607,50.446],[-80.842,50.4448],[-80.857,50.4205],[-80.9057,50.3732],[-80.935,50.3484],[-80.945,50.3463],[-80.9569,50.3508],[-80.9707,50.3621],[-80.9507,50.3874]]]}},{"type":"Feature","properties":{"c":"#00fb90","v0":0.2,"v1":0.25},"geometry":{"type":"Polygon","coordinates":[[[-84.5275,49.803],[-84.5164,49.803],[-84.5106,49.7991],[-84.5102,49.7911],[-84.5158,49.7911],[-84.5273,49.7991],[-84.5275,49.803]]]}},{"type":"Feature","properties":{"c":"#00fb90","v0":0.2,"v1":0.25},"geometry":{"type":"Polygon","coordinates":[[[-65.5636,49.4922],[-65.5504,49.4922],[-65.5454,49.4884],[-65.5485,49.4809],[-65.5551,49.4809],[-65.5652,49.4884],[-65.5636,49.4922]]]}},{"type":"Feature","properties":{"c":"#00fb90","v0":0.2,"v1":0.25},"geometry":{"type":"Polygon","coordinates":[[[-67.3115,49.4695],[-67.3092,49.476],[-67.2964,49.4792],[-67.2729,49.4792],[-67.2634,49.4753],[-67.2678,49.4675],[-67.2807,49.4642],[-67.302,49.4655],[-67.3115,49.4695]]]}},{"type":"Feature","properties":{"c":"#00fb90","v0":0.2,"v1":0.25},"geometry":{"type":"Polygon","coordinates":[[[-87.8878,49.4076],[-87.8759,49.4203],[-87.8664,49.4203],[-87.8593,49.4076],[-87.8653,49.4012],[-87.8842,49.4012],[-87.8878,49.4076]]]}},{"type":"Feature","properties":{"c":"#00fb90","v0":0.2,"v1":0.25},"geometry":{"type":"Polygon","coordinates":[[[-67.9603,49.3784],[-67.9094,49.3849],[-67.8955,49.3805],[-67.9185,49.3653],[-67.9426,49.3588],[-67.9677,49.361],[-67.9817,49.3654],[-67.9844,49.3719],[-67.9603,49.3784]],[[-67.9473,49.3781],[-67.9224,49.384],[-67.9091,49.384],[-67.9073,49.3781],[-67.9123,49.3727],[-67.9241,49.3677],[-67.9374,49.3677],[-67.9523,49.3727],[-67.9473,49.3781]]]}},{"type":"Feature","properties":{"c":"#00fb90","v0":0.2,"v1":0.25},"geometry":{"type":"Polygon","coordinates":[[[-68.1811,49.3428],[-68.1604,49.3564],[-68.142,49.3629],[-68.1259,49.3624],[-68.1257,49.3556],[-68.1414,49.3426],[-68.1598,49.336],[-68.1809,49.336],[-68.1811,49.3428]]]}},{"type":"Feature","properties":{"c":"#00fb90","v0":0.2,"v1":0.25},"geometry":{"type":"Polygon","coordinates":[[[-88.33,49.2244],[-88.3167,49.2361],[-88.3055,49.2328],[-88.2966,49.2146],[-88.2966,49.2041],[-88.3055,49.2013],[-88.3167,49.2045],[-88.33,49.2139],[-88.33,49.2244]],[[-88.3261,49.2229],[-88.3154,49.2316],[-88.3065,49.2316],[-88.2994,49.2229],[-88.2994,49.2149],[-88.3065,49.2075],[-88.3154,49.2075],[-88.3261,49.2149],[-88.3261,49.2229]]]}},{"type":"Feature","properties":{"c":"#00fb90","v0":0.2,"v1":0.25},"geometry":{"type":"Polygon","coordinates":[[[-83.6933,49.0316],[-83.6511,49.0502],[-83.6254,49.0568],[-83.6162,49.0512],[-83.6162,49.0401],[-83.6254,49.0232],[-83.6511,49.0166],[-83.6933,49.0204],[-83.6933,49.0316]]]}},{"type":"Feature","properties":{"c":"#00fb90","v0":0.2,"v1":0.25},"geometry":{"type":"Polygon","coordinates":[[[-78.745,48.9106],[-78.723,48.9238],[-78.6908,48.9336],[-78.6485,48.9402],[-78.6177,48.9336],[-78.5983,48.9139],[-78.5946,48.8876],[-78.6064,48.8547],[-78.6417,48.8417],[-78.7006,48.8486],[-78.7365,48.865],[-78.7495,48.891],[-78.745,48.9106]]]}},{"type":"Feature","properties":{"c":"#00fb90","v0":0.2,"v1":0.25},"geometry":{"type":"Polygon","coordinates":[[[-70.8827,48.8994],[-70.8609,48.9162],[-70.835,48.9152],[-70.805,48.8963],[-70.7835,48.8714],[-70.7704,48.8406],[-70.7704,48.8043],[-70.7835,48.7625],[-70.8088,48.7493],[-70.8465,48.7647],[-70.8723,48.8021],[-70.8865,48.8613],[-70.8827,48.8994]],[[-70.858,48.8807],[-70.8393,48.8865],[-70.82,48.8802],[-70.8,48.8616],[-70.7896,48.8323],[-70.7887,48.7924],[-70.7937,48.7699],[-70.8046,48.7648],[-70.817,48.7648],[-70.831,48.7699],[-70.8453,48.7988],[-70.8599,48.8514],[-70.858,48.8807]]]}},{"type":"Feature","properties":{"c":"#00fb90","v0":0.2,"v1":0.25},"geometry":{"type":"Polygon","coordinates":[[[-84.0276,48.8329],[-84.0025,48.8485],[-83.9755,48.8452],[-83.9464,48.823],[-83.9364,48.8079],[-83.9455,48.7997],[-83.9725,48.803],[-84.0176,48.8178],[-84.0276,48.8329]],[[-84.007,48.8303],[-83.9957,48.8407],[-83.9798,48.8374],[-83.9593,48.8204],[-83.965,48.8152],[-83.9968,48.8218],[-84.007,48.8303]]]}},{"type":"Feature","properties":{"c":"#00fb90","v0":0.2,"v1":0.25},"geometry":{"type":"Polygon","coordinates":[[[-121.8717,48.7801],[-121.8572,48.7955],[-121.84,48.8045],[-121.82,48.807],[-121.7971,48.7993],[-121.7712,48.7814],[-121.7712,48.7626],[-121.7971,48.7431],[-121.82,48.7347],[-121.84,48.7376],[-121.8572,48.7474],[-121.8717,48.7641],[-121.8717,48.7801]],[[-121.8707,48.7799],[-121.8569,48.7947],[-121.84,48.8035],[-121.82,48.8063],[-121.7974,48.7988],[-121.7721,48.7812],[-121.7721,48.7628],[-121.7974,48.7435],[-121.82,48.7354],[-121.84,48.7384],[-121.8569,48.748],[-121.8707,48.7643],[-121.8707,48.7799]]]}},{"type":"Feature","properties":{"c":"#00fb90","v0":0.2,"v1":0.25},"geometry":{"type":"Polygon","coordinates":[[[-79.4052,48.7758],[-79.3951,48.7826],[-79.3858,48.7793],[-79.3773,48.7659],[-79.3821,48.7592],[-79.4001,48.7592],[-79.4094,48.7625],[-79.41,48.7691],[-79.4052,48.7758]]]}},{"type":"Feature","properties":{"c":"#00fb90","v0":0.2,"v1":0.25},"geometry":{"type":"Polygon","coordinates":[[[-78.0163,48.7654],[-77.9988,48.7776],[-77.98,48.7816],[-77.96,48.7774],[-77.94,48.7469],[-77.92,48.6902],[-77.9388,48.6862],[-77.9963,48.7349],[-78.0163,48.7654]],[[-78.0119,48.7644],[-77.9973,48.7749],[-77.9808,48.7782],[-77.9623,48.7743],[-77.9473,48.7526],[-77.9358,48.713],[-77.9523,48.7097],[-77.9969,48.7427],[-78.0119,48.7644]]]}},{"type":"Feature","properties":{"c":"#00fb90","v0":0.2,"v1":0.25},"geometry":{"type":"Polygon","coordinates":[[[-70.6765,48.6648],[-70.6455,48.6871],[-70.6208,48.697],[-70.6025,48.6945],[-70.5719,48.6834],[-70.5291,48.6635],[-70.5016,48.6338],[-70.4895,48.5941],[-70.4951,48.5699],[-70.5184,48.5612],[-70.5575,48.5678],[-70.6124,48.5898],[-70.6529,48.614],[-70.679,48.6404],[-70.6765,48.6648]],[[-70.6649,48.6607],[-70.6416,48.675],[-70.607,48.675],[-70.561,48.6607],[-70.5322,48.6371],[-70.5206,48.6041],[-70.5186,48.5852],[-70.5262,48.5804],[-70.555,48.5849],[-70.605,48.5985],[-70.6416,48.6174],[-70.6649,48.6416],[-70.6649,48.6607]]]}},{"type":"Feature","properties":{"c":"#00fb90","v0":0.2,"v1":0.25},"geometry":{"type":"Polygon","coordinates":[[[-70.89,48.4351],[-70.8383,48.5015],[-70.8018,48.5381],[-70.7806,48.5452],[-70.75,48.5458],[-70.71,48.5401],[-70.665,48.5199],[-70.615,48.4852],[-70.5608,48.458],[-70.5024,48.4384],[-70.5224,48.4121],[-70.6208,48.3791],[-70.7,48.36],[-70.76,48.3547],[-70.8215,48.3645],[-70.8844,48.3895],[-70.89,48.4351]],[[-70.8599,48.4422],[-70.8266,48.4962],[-70.795,48.5286],[-70.765,48.5396],[-70.735,48.5415],[-70.705,48.5345],[-70.6455,48.5053],[-70.5564,48.4541],[-70.5564,48.4145],[-70.6455,48.3866],[-70.7366,48.3833],[-70.8299,48.4046],[-70.8599,48.4422]]]}},{"type":"Feature","properties":{"c":"#00fb90","v0":0.2,"v1":0.25},"geometry":{"type":"Polygon","coordinates":[[[-71.988,48.1257],[-71.9559,48.159],[-71.9446,48.1924],[-71.9539,48.2257],[-71.9665,48.249],[-71.9824,48.2623],[-71.9822,48.2823],[-71.9657,48.3089],[-71.9256,48.3296],[-71.8619,48.3443],[-71.8087,48.3742],[-71.7661,48.4193],[-71.7211,48.4575],[-71.6737,48.4888],[-71.62,48.5065],[-71.56,48.5107],[-71.47,48.5045],[-71.35,48.4878],[-71.23,48.4837],[-71.11,48.4922],[-71.0594,48.4762],[-71.0781,48.4356],[-71.1194,48.3787],[-71.1832,48.3056],[-71.2168,48.259],[-71.22,48.239],[-71.2137,48.2241],[-71.1979,48.2142],[-71.165,48.2167],[-71.115,48.2314],[-71.055,48.2345],[-70.985,48.2261],[-70.9547,48.207],[-70.9641,48.1772],[-70.9591,48.1395],[-70.9397,48.0936],[-70.955,48.0689],[-71.005,48.0654],[-71.06,48.0539],[-71.12,48.0343],[-71.1604,48.0122],[-71.1812,47.9876],[-71.1807,47.9518],[-71.1588,47.9049],[-71.1334,47.8759],[-71.1045,47.8649],[-71.0625,47.8582],[-71.0076,47.8558],[-70.967,47.8378],[-70.9406,47.8042],[-70.9771,47.7303],[-71.0764,47.6158],[-71.147,47.5652],[-71.189,47.5785],[-71.255,47.5883],[-71.345,47.5946],[-71.4177,47.5879],[-71.473,47.5683],[-71.5261,47.5382],[-71.5772,47.4977],[-71.6074,47.4639],[-71.6168,47.4369],[-71.6426,47.4267],[-71.6846,47.4335],[-71.6985,47.4538],[-71.6843,47.4876],[-71.6803,47.5247],[-71.6864,47.5652],[-71.6826,47.6158],[-71.6689,47.6765],[-71.6978,47.7438],[-71.7694,47.8177],[-71.8217,47.8647],[-71.8547,47.8848],[-71.8985,47.9317],[-71.953,48.0054],[-71.9862,48.0589],[-71.9981,48.0923],[-71.988,48.1257]],[[-71.9336,48.0823],[-71.8912,48.0823],[-71.8642,48.089],[-71.8527,48.1023],[-71.8626,48.1457],[-71.8939,48.219],[-71.908,48.2657],[-71.905,48.2856],[-71.8784,48.2956],[-71.8282,48.2956],[-71.7812,48.3322],[-71.7373,48.4053],[-71.704,48.4502],[-71.6813,48.4671],[-71.63,48.4806],[-71.55,48.4906],[-71.455,48.4874],[-71.345,48.471],[-71.235,48.4685],[-71.125,48.4799],[-71.075,48.4704],[-71.085,48.44],[-71.127,48.3792],[-71.201,48.288],[-71.231,48.2328],[-71.217,48.2137],[-71.18,48.2048],[-71.12,48.2062],[-71.075,48.2029],[-71.045,48.195],[-71.0183,48.1672],[-70.995,48.1195],[-71.03,48.0769],[-71.1233,48.0395],[-71.1779,48.0094],[-71.1937,47.9867],[-71.1912,47.9518],[-71.1705,47.9049],[-71.1476,47.8755],[-71.1225,47.8637],[-71.08,47.8558],[-71.02,47.8516],[-70.9792,47.834],[-70.9576,47.803],[-70.9926,47.737],[-71.0842,47.6359],[-71.19,47.5944],[-71.31,47.6124],[-71.39,47.6152],[-71.43,47.6028],[-71.485,47.5941],[-71.555,47.5892],[-71.59,47.5751],[-71.59,47.5518],[-71.6,47.5413],[-71.62,47.5438],[-71.6347,47.5653],[-71.6441,47.6057],[-71.6441,47.6339],[-71.6347,47.6498],[-71.6,47.6527],[-71.54,47.6425],[-71.495,47.6423],[-71.465,47.652],[-71.4485,47.6627],[-71.4456,47.6741],[-71.4906,47.6943],[-71.5835,47.7231],[-71.66,47.7586],[-71.72,47.8008],[-71.78,47.8528],[-71.84,47.9147],[-71.8679,47.9598],[-71.8636,47.9879],[-71.8786,48.0119],[-71.9129,48.0315],[-71.9362,48.0516],[-71.9486,48.072],[-71.9336,48.0823]]]}},{"type":"Feature","properties":{"c":"#00fb90","v0":0.2,"v1":0.25},"geometry":{"type":"Polygon","coordinates":[[[-84.8365,46.8348],[-84.7879,46.8553],[-84.7598,46.8792],[-84.7521,46.9066],[-84.7613,46.9305],[-84.7875,46.951],[-84.7829,46.9642],[-84.7476,46.9702],[-84.7237,46.9702],[-84.711,46.9642],[-84.686,46.9291],[-84.6487,46.8648],[-84.585,46.8341],[-84.495,46.837],[-84.4465,46.835],[-84.4396,46.828],[-84.4496,46.8174],[-84.4765,46.8032],[-84.505,46.8011],[-84.535,46.811],[-84.605,46.8045],[-84.715,46.7814],[-84.789,46.7767],[-84.827,46.7903],[-84.8497,46.804],[-84.8571,46.8177],[-84.8365,46.8348]],[[-84.8193,46.828],[-84.7633,46.8622],[-84.7403,46.8997],[-84.7504,46.9407],[-84.7468,46.9612],[-84.7295,46.9612],[-84.7137,46.9407],[-84.6993,46.8997],[-84.6747,46.8622],[-84.64,46.828],[-84.6594,46.8033],[-84.7331,46.7881],[-84.7893,46.7881],[-84.828,46.8033],[-84.8193,46.828]],[[-84.4956,46.8245],[-84.466,46.8245],[-84.4608,46.8206],[-84.4803,46.8127],[-84.4951,46.8127],[-84.5053,46.8206],[-84.4956,46.8245]]]}},{"type":"Feature","properties":{"c":"#00fb90","v0":0.2,"v1":0.25},"geometry":{"type":"Polygon","coordinates":[[[-85.5101,46.671],[-85.39,46.6654],[-85.31,46.6672],[-85.27,46.6763],[-85.2393,46.6756],[-85.218,46.6652],[-85.2113,46.6463],[-85.2193,46.6188],[-85.2177,46.5982],[-85.2065,46.5845],[-85.1432,46.5769],[-85.0277,46.5756],[-84.9655,46.5653],[-84.9565,46.546],[-84.9665,46.5274],[-84.9955,46.5096],[-85.03,46.5032],[-85.07,46.5083],[-85.0957,46.5069],[-85.1071,46.499],[-85.115,46.4813],[-85.1195,46.4537],[-85.1388,46.4393],[-85.1729,46.4378],[-85.1976,46.4413],[-85.2127,46.4496],[-85.2277,46.4693],[-85.2426,46.5005],[-85.2702,46.5211],[-85.3106,46.5313],[-85.3323,46.557],[-85.3351,46.5982],[-85.3449,46.6286],[-85.3616,46.6481],[-85.38,46.6614],[-85.4,46.6685],[-85.45,46.6724],[-85.5301,46.6733],[-85.5101,46.671]],[[-85.3147,46.6536],[-85.2716,46.668],[-85.2402,46.668],[-85.2207,46.6536],[-85.2162,46.636],[-85.2266,46.6154],[-85.2263,46.5975],[-85.2154,46.5823],[-85.155,46.5733],[-85.045,46.5705],[-84.9842,46.5678],[-84.9727,46.5652],[-84.9663,46.557],[-84.965,46.5432],[-84.9757,46.5294],[-84.9986,46.5154],[-85.03,46.5109],[-85.07,46.5157],[-85.098,46.5124],[-85.114,46.5008],[-85.124,46.483],[-85.128,46.4588],[-85.145,46.4457],[-85.175,46.4437],[-85.205,46.4626],[-85.2349,46.5026],[-85.267,46.526],[-85.3014,46.5329],[-85.323,46.5639],[-85.3318,46.6188],[-85.3147,46.6536]]]}},{"type":"Feature","properties":{"c":"#00fb90","v0":0.2,"v1":0.25},"geometry":{"type":"Polygon","coordinates":[[[-85.0025,46.4158],[-84.9942,46.4227],[-84.9832,46.4227],[-84.9696,46.4158],[-84.9738,46.4124],[-84.9957,46.4124],[-85.0025,46.4158]]]}},{"type":"Feature","properties":{"c":"#00fb90","v0":0.2,"v1":0.25},"geometry":{"type":"Polygon","coordinates":[[[-71.598,46.1441],[-71.566,46.1883],[-71.4961,46.1987],[-71.3884,46.1753],[-71.3484,46.1562],[-71.3761,46.1415],[-71.425,46.1308],[-71.495,46.1242],[-71.545,46.1135],[-71.575,46.099],[-71.596,46.0993],[-71.608,46.1144],[-71.598,46.1441]],[[-71.5868,46.1412],[-71.5623,46.1796],[-71.5109,46.1865],[-71.4326,46.162],[-71.4426,46.1389],[-71.5409,46.1171],[-71.5923,46.1102],[-71.5968,46.1181],[-71.5868,46.1412]]]}},{"type":"Feature","properties":{"c":"#00fb90","v0":0.2,"v1":0.25},"geometry":{"type":"Polygon","coordinates":[[[-105.11,41.1058],[-105.0833,41.1145],[-105.06,41.1145],[-105.04,41.1058],[-105.045,41.0937],[-105.075,41.0784],[-105.0983,41.0784],[-105.115,41.0937],[-105.11,41.1058]],[[-105.1127,41.1053],[-105.0976,41.1133],[-105.0762,41.1133],[-105.0486,41.1053],[-105.0486,41.0942],[-105.0762,41.0798],[-105.0976,41.0798],[-105.1127,41.0942],[-105.1127,41.1053]]]}},{"type":"Feature","properties":{"c":"#00fb90","v0":0.2,"v1":0.25},"geometry":{"type":"Polygon","coordinates":[[[-108.6031,39.6566],[-108.5944,39.662],[-108.588,39.6582],[-108.584,39.6451],[-108.5884,39.6424],[-108.6011,39.6501],[-108.6031,39.6566]]]}},{"type":"Feature","properties":{"c":"#00fb90","v0":0.2,"v1":0.25},"geometry":{"type":"Polygon","coordinates":[[[-108.4569,39.5193],[-108.4523,39.5275],[-108.4374,39.5275],[-108.4122,39.5193],[-108.4072,39.5123],[-108.4224,39.5065],[-108.4373,39.5065],[-108.4519,39.5123],[-108.4569,39.5193]]]}},{"type":"Feature","properties":{"c":"#00fb90","v0":0.2,"v1":0.25},"geometry":{"type":"Polygon","coordinates":[[[-108.2214,39.5036],[-108.2105,39.5113],[-108.2008,39.5075],[-108.192,39.492],[-108.1974,39.4882],[-108.217,39.4959],[-108.2214,39.5036]]]}},{"type":"Feature","properties":{"c":"#00fb90","v0":0.2,"v1":0.25},"geometry":{"type":"Polygon","coordinates":[[[-105.5775,39.3645],[-105.5725,39.372],[-105.5626,39.372],[-105.5477,39.3645],[-105.5407,39.3491],[-105.5414,39.3259],[-105.5513,39.3259],[-105.5704,39.3491],[-105.5775,39.3645]],[[-105.5667,39.3607],[-105.5543,39.3607],[-105.5486,39.3513],[-105.5495,39.3325],[-105.5557,39.3325],[-105.5672,39.3513],[-105.5667,39.3607]]]}},{"type":"Feature","properties":{"c":"#00fb90","v0":0.2,"v1":0.25},"geometry":{"type":"Polygon","coordinates":[[[-105.2446,38.8685],[-105.2349,38.8773],[-105.2211,38.8773],[-105.2034,38.8685],[-105.1984,38.858],[-105.2061,38.8457],[-105.2199,38.8457],[-105.2396,38.858],[-105.2446,38.8685]],[[-105.2325,38.8664],[-105.2175,38.8709],[-105.2092,38.867],[-105.2075,38.8547],[-105.215,38.8524],[-105.2317,38.8602],[-105.2325,38.8664]]]}},{"type":"Feature","properties":{"c":"#00fb90","v0":0.2,"v1":0.25},"geometry":{"type":"Polygon","coordinates":[[[-106.528,38.6707],[-106.516,38.6894],[-106.49,38.7014],[-106.45,38.7067],[-106.4214,38.7013],[-106.4043,38.6851],[-106.3954,38.6653],[-106.3947,38.6418],[-106.4082,38.6185],[-106.4361,38.5952],[-106.46,38.5819],[-106.48,38.5786],[-106.501,38.598],[-106.523,38.6402],[-106.528,38.6707]],[[-106.5247,38.6694],[-106.5149,38.6854],[-106.49,38.6965],[-106.45,38.7027],[-106.4223,38.6986],[-106.4068,38.6842],[-106.3986,38.6653],[-106.3977,38.6418],[-106.4104,38.6194],[-106.4368,38.5979],[-106.46,38.5859],[-106.48,38.5832],[-106.4999,38.6017],[-106.5197,38.6415],[-106.5247,38.6694]]]}},{"type":"Feature","properties":{"c":"#00fb90","v0":0.2,"v1":0.25},"geometry":{"type":"Polygon","coordinates":[[[-106.2897,38.2764],[-106.2766,38.2897],[-106.26,38.2946],[-106.24,38.2912],[-106.23,38.2756],[-106.23,38.2479],[-106.24,38.2349],[-106.26,38.2366],[-106.2766,38.2455],[-106.2897,38.2617],[-106.2897,38.2764]],[[-106.2817,38.2758],[-106.2606,38.2878],[-106.245,38.2822],[-106.235,38.2588],[-106.24,38.2459],[-106.26,38.2433],[-106.2756,38.2489],[-106.2867,38.2629],[-106.2817,38.2758]]]}},{"type":"Feature","properties":{"c":"#00fb90","v0":0.2,"v1":0.25},"geometry":{"type":"Polygon","coordinates":[[[-105.7206,38.1103],[-105.7002,38.1056],[-105.68,38.0913],[-105.66,38.0675],[-105.654,38.0462],[-105.6621,38.0275],[-105.6748,38.0221],[-105.6921,38.03],[-105.7083,38.0536],[-105.7233,38.0929],[-105.7206,38.1103]],[[-105.7092,38.0963],[-105.6964,38.095],[-105.6803,38.0832],[-105.6609,38.0608],[-105.6559,38.0427],[-105.6653,38.0288],[-105.6764,38.0249],[-105.6893,38.0309],[-105.7007,38.0496],[-105.7107,38.0811],[-105.7092,38.0963]]]}},{"type":"Feature","properties":{"c":"#00fb90","v0":0.2,"v1":0.25},"geometry":{"type":"Polygon","coordinates":[[[-107.9985,38.0113],[-107.9795,38.0293],[-107.9599,38.0293],[-107.9397,38.0113],[-107.9397,37.9966],[-107.9599,37.9851],[-107.9795,37.9851],[-107.9985,37.9966],[-107.9985,38.0113]],[[-107.9922,38.0101],[-107.9774,38.0255],[-107.9621,38.0255],[-107.9464,38.0101],[-107.9464,37.9978],[-107.9621,37.9887],[-107.9774,37.9887],[-107.9922,37.9978],[-107.9922,38.0101]]]}},{"type":"Feature","properties":{"c":"#00fb90","v0":0.2,"v1":0.25},"geometry":{"type":"Polygon","coordinates":[[[-107.5732,38.0067],[-107.5577,38.0154],[-107.5315,38.0154],[-107.4946,38.0067],[-107.4657,37.9906],[-107.445,37.9669],[-107.4385,37.9507],[-107.4462,37.9418],[-107.46,37.9385],[-107.48,37.9409],[-107.5127,37.9571],[-107.5582,37.9873],[-107.5732,38.0067]],[[-107.5414,38.0001],[-107.4938,37.9955],[-107.4635,37.9837],[-107.4505,37.9646],[-107.4605,37.955],[-107.4935,37.9549],[-107.5238,37.9667],[-107.5514,37.9905],[-107.5414,38.0001]]]}},{"type":"Feature","properties":{"c":"#00fb90","v0":0.2,"v1":0.25},"geometry":{"type":"Polygon","coordinates":[[[-107.8102,37.9906],[-107.7961,37.9984],[-107.7843,37.9927],[-107.7748,37.9733],[-107.7818,37.9693],[-107.8054,37.9809],[-107.8102,37.9906]]]}},{"type":"Feature","properties":{"c":"#00fb90","v0":0.2,"v1":0.25},"geometry":{"type":"Polygon","coordinates":[[[-108.4207,37.635],[-108.3277,37.6588],[-108.2906,37.6865],[-108.3093,37.7181],[-108.3115,37.7395],[-108.2972,37.7507],[-108.2644,37.7191],[-108.2132,37.6446],[-108.1982,37.5996],[-108.2194,37.5842],[-108.2893,37.5881],[-108.4079,37.6115],[-108.4207,37.635]],[[-108.3071,37.7379],[-108.2957,37.7458],[-108.2872,37.7418],[-108.2817,37.726],[-108.2874,37.7221],[-108.3044,37.73],[-108.3071,37.7379]],[[-108.445,37.6288],[-108.4217,37.64],[-108.385,37.6464],[-108.335,37.6477],[-108.295,37.6582],[-108.265,37.6777],[-108.2351,37.6675],[-108.2054,37.6274],[-108.2004,37.6003],[-108.2201,37.5863],[-108.2867,37.5902],[-108.4,37.6122],[-108.445,37.6288]]]}},{"type":"Feature","properties":{"c":"#00fb90","v0":0.2,"v1":0.25},"geometry":{"type":"Polygon","coordinates":[[[-105.634,37.6707],[-105.6152,37.6707],[-105.6119,37.6671],[-105.624,37.6601],[-105.6333,37.6601],[-105.64,37.6671],[-105.634,37.6707]]]}},{"type":"Feature","properties":{"c":"#00fb90","v0":0.2,"v1":0.25},"geometry":{"type":"Polygon","coordinates":[[[-112.8292,37.4665],[-112.8164,37.4703],[-112.8048,37.4663],[-112.7945,37.4546],[-112.7995,37.4484],[-112.8198,37.4479],[-112.8314,37.4519],[-112.8342,37.4603],[-112.8292,37.4665]]]}},{"type":"Feature","properties":{"c":"#00fb90","v0":0.2,"v1":0.25},"geometry":{"type":"Polygon","coordinates":[[[-112.6831,37.3937],[-112.6744,37.4109],[-112.66,37.4242],[-112.64,37.4334],[-112.6162,37.4248],[-112.5886,37.3984],[-112.5986,37.38],[-112.6462,37.3696],[-112.6744,37.3696],[-112.6831,37.38],[-112.6831,37.3937]],[[-112.6693,37.3977],[-112.6431,37.4227],[-112.6183,37.4227],[-112.595,37.3977],[-112.605,37.3809],[-112.6483,37.3724],[-112.6731,37.3724],[-112.6793,37.3809],[-112.6693,37.3977]]]}},{"type":"Feature","properties":{"c":"#00fb90","v0":0.2,"v1":0.25},"geometry":{"type":"Polygon","coordinates":[[[-112.9396,37.3867],[-112.9199,37.3897],[-112.9083,37.3858],[-112.905,37.3747],[-112.91,37.3676],[-112.9233,37.3642],[-112.9349,37.3682],[-112.9446,37.3795],[-112.9396,37.3867]],[[-112.9333,37.3855],[-112.9178,37.3862],[-112.9099,37.3822],[-112.9097,37.3736],[-112.9175,37.3732],[-112.9332,37.3812],[-112.9333,37.3855]]]}},{"type":"Feature","properties":{"c":"#00fb90","v0":0.2,"v1":0.25},"geometry":{"type":"Polygon","coordinates":[[[-107.0804,37.376],[-107.0735,37.3896],[-107.065,37.3957],[-107.055,37.3943],[-107.0395,37.3835],[-107.0184,37.3634],[-107.0184,37.3495],[-107.0395,37.3418],[-107.0585,37.3458],[-107.0754,37.3614],[-107.0804,37.376]],[[-107.0722,37.3744],[-107.0574,37.3848],[-107.0411,37.3809],[-107.0234,37.3625],[-107.0234,37.3505],[-107.0411,37.3449],[-107.0574,37.3489],[-107.0722,37.3624],[-107.0722,37.3744]]]}},{"type":"Feature","properties":{"c":"#00fb90","v0":0.2,"v1":0.25},"geometry":{"type":"Polygon","coordinates":[[[-112.2236,37.2781],[-112.2145,37.2867],[-112.1992,37.2867],[-112.1777,37.2781],[-112.1727,37.2704],[-112.1842,37.2636],[-112.1995,37.2636],[-112.2186,37.2704],[-112.2236,37.2781]]]}},{"type":"Feature","properties":{"c":"#00fb90","v0":0.2,"v1":0.25},"geometry":{"type":"Polygon","coordinates":[[[-105.4497,37.2544],[-105.4366,37.2793],[-105.4193,37.2913],[-105.3979,37.2902],[-105.3879,37.2774],[-105.3893,37.2529],[-105.4,37.237],[-105.42,37.2299],[-105.4366,37.2303],[-105.4497,37.2381],[-105.4497,37.2544]],[[-105.4414,37.2669],[-105.4205,37.2849],[-105.4024,37.2889],[-105.3873,37.2788],[-105.3873,37.2638],[-105.4024,37.2439],[-105.42,37.2354],[-105.44,37.2382],[-105.4505,37.2442],[-105.4514,37.2533],[-105.4414,37.2669]]]}},{"type":"Feature","properties":{"c":"#00fb90","v0":0.2,"v1":0.25},"geometry":{"type":"Polygon","coordinates":[[[-107.055,37.0786],[-107.044,37.1025],[-107.0264,37.1225],[-107.0021,37.1387],[-106.96,37.1395],[-106.9,37.1248],[-106.845,37.1314],[-106.795,37.1593],[-106.757,37.1665],[-106.7311,37.1531],[-106.7411,37.1096],[-106.787,37.036],[-106.8726,37.016],[-106.9978,37.0497],[-107.055,37.0786]],[[-107.0401,37.098],[-107.0067,37.1288],[-106.96,37.1365],[-106.9,37.121],[-106.845,37.1275],[-106.795,37.156],[-106.7582,37.1643],[-106.7345,37.1523],[-106.7457,37.1105],[-106.7919,37.0387],[-106.8687,37.0143],[-106.9762,37.0375],[-107.0367,37.0574],[-107.0501,37.0742],[-107.0401,37.098]]]}},{"type":"Feature","properties":{"c":"#00fb90","v0":0.2,"v1":0.25},"geometry":{"type":"Polygon","coordinates":[[[-107.0691,36.7994],[-107.0297,36.8086],[-106.9996,36.8086],[-106.9787,36.7994],[-106.9887,36.7893],[-107.0296,36.7782],[-107.0597,36.7782],[-107.0791,36.7893],[-107.0691,36.7994]],[[-107.0637,36.7985],[-107.0279,36.806],[-107.002,36.806],[-106.986,36.7985],[-106.996,36.79],[-107.032,36.7805],[-107.0579,36.7805],[-107.0737,36.79],[-107.0637,36.7985]]]}},{"type":"Feature","properties":{"c":"#00fb90","v0":0.2,"v1":0.25},"geometry":{"type":"Polygon","coordinates":[[[-107.0858,36.6866],[-107.0819,36.6946],[-107.0674,36.6986],[-107.0425,36.6986],[-107.0173,36.6906],[-106.9918,36.6746],[-106.9918,36.6632],[-107.0173,36.6565],[-107.0444,36.6605],[-107.0733,36.6752],[-107.0858,36.6866]],[[-107.0655,36.6848],[-107.0418,36.6893],[-107.0198,36.6853],[-106.9993,36.6728],[-106.9993,36.6646],[-107.0198,36.6608],[-107.0418,36.6648],[-107.0655,36.6767],[-107.0655,36.6848]]]}},{"type":"Feature","properties":{"c":"#00fb90","v0":0.2,"v1":0.25},"geometry":{"type":"Polygon","coordinates":[[[-106.9203,35.9048],[-106.8971,35.9291],[-106.8916,35.9574],[-106.9039,35.9898],[-106.895,36.0227],[-106.865,36.0561],[-106.835,36.0758],[-106.805,36.0818],[-106.7773,36.0692],[-106.7519,36.0378],[-106.7417,36.0019],[-106.7467,35.9614],[-106.7417,35.925],[-106.7265,35.8926],[-106.7517,35.8632],[-106.8172,35.8369],[-106.8635,35.8288],[-106.8904,35.8389],[-106.9108,35.8561],[-106.9248,35.8805],[-106.9203,35.9048]],[[-106.9132,35.9048],[-106.8898,35.9291],[-106.8845,35.9574],[-106.8971,35.9898],[-106.8894,36.0221],[-106.8613,36.0545],[-106.8329,36.0731],[-106.8043,36.0781],[-106.7782,36.066],[-106.7546,36.0367],[-106.7455,36.0019],[-106.7508,35.9614],[-106.746,35.925],[-106.7313,35.8926],[-106.7554,35.864],[-106.8185,35.8392],[-106.862,35.8311],[-106.886,35.8397],[-106.9047,35.8561],[-106.9182,35.8805],[-106.9132,35.9048]]]}},{"type":"Feature","properties":{"c":"#00fb90","v0":0.2,"v1":0.25},"geometry":{"type":"Polygon","coordinates":[[[-97.8349,24.9149],[-97.8161,25.1324],[-97.7859,25.3088],[-97.7442,25.4444],[-97.7242,25.5347],[-97.7258,25.5798],[-97.698,25.6429],[-97.6408,25.724],[-97.5583,25.9625],[-97.4505,26.3575],[-97.381,26.5858],[-97.3499,26.6484],[-97.3329,26.702],[-97.3301,26.7466],[-97.3152,26.7913],[-97.2884,26.8359],[-97.2637,26.8642],[-97.2412,26.8763],[-97.215,26.8822],[-97.185,26.882],[-97.16,26.8893],[-97.14,26.904],[-97.0814,26.9784],[-96.9841,27.1121],[-96.9341,27.1948],[-96.9314,27.2266],[-96.915,27.2417],[-96.885,27.2402],[-96.8539,27.2466],[-96.8218,27.2608],[-96.7718,27.3041],[-96.7039,27.3765],[-96.6559,27.4386],[-96.6276,27.4906],[-96.583,27.552],[-96.5221,27.6229],[-96.3713,27.75],[-96.1304,27.9331],[-95.97,28.0319],[-95.89,28.0466],[-95.825,28.0671],[-95.775,28.0935],[-95.7472,28.1006],[-95.7416,28.0887],[-95.7532,28.065],[-95.7819,28.0297],[-95.7997,27.9986],[-95.8066,27.9715],[-95.8,27.9479],[-95.78,27.9278],[-95.75,27.918],[-95.71,27.9186],[-95.565,27.9977],[-95.315,28.1552],[-95.16,28.2628],[-95.1,28.3206],[-95.0045,28.3841],[-94.8736,28.4532],[-94.7736,28.4971],[-94.7045,28.5157],[-94.6587,28.5201],[-94.6361,28.5103],[-94.6661,28.4781],[-94.7487,28.4234],[-94.8312,28.3574],[-94.9137,28.2801],[-94.9592,28.2282],[-94.9677,28.2017],[-94.9515,28.1804],[-94.9105,28.1641],[-94.865,28.166],[-94.815,28.1859],[-94.775,28.2109],[-94.745,28.2411],[-94.67,28.2707],[-94.55,28.2998],[-94.472,28.3489],[-94.4361,28.4181],[-94.4288,28.4658],[-94.4502,28.4922],[-94.2932,28.5426],[-93.9577,28.6171],[-93.775,28.6527],[-93.745,28.6493],[-93.705,28.6348],[-93.655,28.609],[-93.61,28.5951],[-93.57,28.593],[-93.525,28.6031],[-93.475,28.6255],[-93.43,28.6391],[-93.39,28.6438],[-93.35,28.634],[-93.31,28.6098],[-93.2499,28.6142],[-93.1697,28.647],[-93.0661,28.6722],[-92.9392,28.6898],[-92.8693,28.6942],[-92.8563,28.6854],[-92.8897,28.6503],[-92.9695,28.5888],[-93.0059,28.5405],[-92.9988,28.5054],[-92.984,28.4797],[-92.9613,28.4634],[-92.895,28.4568],[-92.785,28.4599],[-92.6924,28.4724],[-92.6173,28.4944],[-92.5673,28.4971],[-92.5424,28.4805],[-92.48,28.4712],[-92.38,28.4689],[-92.245,28.4841],[-92.075,28.5168],[-91.93,28.5558],[-91.81,28.6012],[-91.73,28.6221],[-91.69,28.6187],[-91.575,28.6316],[-91.385,28.6609],[-91.2193,28.6989],[-91.0779,28.7454],[-90.9029,28.7919],[-90.6943,28.8382],[-90.505,28.8673],[-90.335,28.8794],[-90.165,28.9111],[-89.995,28.9625],[-89.86,28.9828],[-89.76,28.9721],[-89.69,28.9703],[-89.65,28.9775],[-89.6281,28.963],[-89.6242,28.9269],[-89.6248,28.9001],[-89.6298,28.8826],[-89.6667,28.8592],[-89.7356,28.83],[-89.805,28.7813],[-89.875,28.7131],[-89.9177,28.6663],[-89.9331,28.641],[-89.9381,28.6191],[-89.9327,28.6007],[-89.91,28.5893],[-89.87,28.5848],[-89.77,28.6088],[-89.61,28.6611],[-89.51,28.6785],[-89.47,28.661],[-89.435,28.6524],[-89.405,28.6528],[-89.37,28.6676],[-89.33,28.6967],[-89.3093,28.6993],[-89.3079,28.6754],[-89.3208,28.6371],[-89.3481,28.5844],[-89.3508,28.5405],[-89.3289,28.5054],[-89.306,28.4814],[-89.282,28.4686],[-89.25,28.4685],[-89.21,28.4809],[-89.16,28.4768],[-89.1,28.4561],[-89.05,28.448],[-89.01,28.4524],[-88.9755,28.4674],[-88.9465,28.4927],[-88.9324,28.5273],[-88.9332,28.5713],[-88.9238,28.6064],[-88.9043,28.6327],[-88.8633,28.6467],[-88.8011,28.6482],[-88.74,28.6634],[-88.68,28.6921],[-88.6395,28.7045],[-88.6185,28.7005],[-88.6031,28.681],[-88.5933,28.6459],[-88.5788,28.6214],[-88.5596,28.6076],[-88.53,28.6087],[-88.49,28.6247],[-88.39,28.6367],[-88.23,28.6445],[-88.135,28.6439],[-88.105,28.6348],[-88.0902,28.6166],[-88.0905,28.5893],[-88.0755,28.5699],[-88.0452,28.5584],[-88.005,28.56],[-87.955,28.5747],[-87.91,28.6042],[-87.87,28.6484],[-87.79,28.6828],[-87.67,28.7075],[-87.585,28.7351],[-87.535,28.7657],[-87.475,28.7693],[-87.405,28.7461],[-87.325,28.7404],[-87.235,28.7522],[-87.1696,28.7739],[-87.1287,28.8055],[-87.1204,28.8476],[-87.1448,28.9001],[-87.129,28.9439],[-87.073,28.9789],[-86.9963,29.0055],[-86.8988,29.0237],[-86.835,29.0205],[-86.805,28.9958],[-86.77,28.977],[-86.73,28.964],[-86.6418,28.9716],[-86.5053,28.9998],[-86.4355,29.027],[-86.4325,29.0532],[-86.4071,29.1013],[-86.3592,29.1712],[-86.339,29.2126],[-86.3463,29.2257],[-86.369,29.2388],[-86.407,29.2519],[-86.437,29.2742],[-86.459,29.3057],[-86.48,29.3227],[-86.5,29.3251],[-86.56,29.3092],[-86.66,29.2748],[-86.75,29.2597],[-86.83,29.2639],[-86.8806,29.251],[-86.9018,29.2211],[-86.9368,29.2005],[-86.9856,29.1894],[-87.035,29.1876],[-87.085,29.1951],[-87.155,29.1924],[-87.245,29.1794],[-87.33,29.1566],[-87.41,29.1238],[-87.464,29.0927],[-87.4921,29.0635],[-87.5271,29.0437],[-87.569,29.0335],[-87.62,29.0274],[-87.68,29.0255],[-87.7101,29.0437],[-87.7102,29.0821],[-87.7202,29.1087],[-87.7401,29.1235],[-87.765,29.1326],[-87.795,29.1359],[-87.845,29.1232],[-87.915,29.0943],[-87.9637,29.059],[-87.991,29.0172],[-88.036,28.9773],[-88.0987,28.9392],[-88.1348,28.9261],[-88.1445,28.9379],[-88.1286,28.9789],[-88.087,29.0488],[-88.0594,29.1231],[-88.0459,29.2017],[-88.0168,29.256],[-87.9723,29.2861],[-87.915,29.2888],[-87.845,29.2641],[-87.765,29.2641],[-87.675,29.2889],[-87.605,29.3171],[-87.555,29.3485],[-87.5,29.3697],[-87.44,29.3804],[-87.38,29.4143],[-87.32,29.4711],[-87.2637,29.5089],[-87.2112,29.5278],[-87.1799,29.546],[-87.1697,29.5634],[-87.178,29.5982],[-87.2049,29.6503],[-87.2112,29.6933],[-87.1971,29.7272],[-87.175,29.7509],[-87.145,29.7644],[-87.105,29.7667],[-87.055,29.7575],[-86.985,29.7697],[-86.895,29.8031],[-86.8082,29.862],[-86.7247,29.9465],[-86.6935,30.0147],[-86.7145,30.0666],[-86.7106,30.1142],[-86.6819,30.1575],[-86.6331,30.2125],[-86.5644,30.2792],[-86.505,30.3122],[-86.455,30.3118],[-86.4,30.3233],[-86.34,30.347],[-86.3179,30.3139],[-86.3337,30.2241],[-86.3376,30.1705],[-86.3298,30.1532],[-86.3119,30.1382],[-86.284,30.1255],[-86.21,30.1109],[-86.09,30.0946],[-85.98,30.0979],[-85.88,30.121],[-85.785,30.1267],[-85.695,30.1152],[-85.6295,30.1182],[-85.5886,30.1358],[-85.5486,30.1877],[-85.5096,30.2742],[-85.52,30.3436],[-85.58,30.396],[-85.6264,30.4564],[-85.6592,30.5246],[-85.6619,30.5846],[-85.6343,30.6362],[-85.589,30.6792],[-85.526,30.7136],[-85.4968,30.7738],[-85.5014,30.8597],[-85.4903,30.9134],[-85.4634,30.935],[-85.395,30.9684],[-85.285,31.0136],[-85.2208,31.05],[-85.2023,31.0775],[-85.2273,31.1107],[-85.2958,31.1497],[-85.345,31.1693],[-85.375,31.1694],[-85.4221,31.1371],[-85.4863,31.0723],[-85.5763,31.0114],[-85.6921,30.9546],[-85.765,30.9317],[-85.795,30.9425],[-85.825,30.9614],[-85.855,30.9885],[-85.9004,31.0029],[-85.9613,31.0047],[-85.9863,31.0141],[-85.9754,31.0313],[-85.93,31.0549],[-85.85,31.0849],[-85.78,31.1201],[-85.72,31.1605],[-85.655,31.1852],[-85.585,31.1941],[-85.495,31.1942],[-85.385,31.1855],[-85.29,31.1903],[-85.21,31.2084],[-85.1531,31.233],[-85.1194,31.264],[-85.0394,31.2947],[-84.9131,31.3252],[-84.75,31.3455],[-84.55,31.3557],[-84.33,31.3835],[-84.09,31.4288],[-83.845,31.4564],[-83.595,31.4663],[-83.345,31.4863],[-83.095,31.5164],[-82.9,31.5347],[-82.76,31.5414],[-82.6763,31.5424],[-82.6489,31.5378],[-82.6379,31.5312],[-82.6433,31.5227],[-82.682,31.5095],[-82.754,31.4916],[-82.8091,31.4703],[-82.8473,31.4455],[-82.8621,31.4246],[-82.8536,31.4076],[-82.8138,31.3819],[-82.7427,31.3478],[-82.7078,31.3259],[-82.7093,31.3162],[-82.745,31.3005],[-82.815,31.2787],[-82.8623,31.2579],[-82.8868,31.2381],[-82.9005,31.2196],[-82.9033,31.2025],[-82.891,31.1825],[-82.8637,31.1596],[-82.82,31.1427],[-82.76,31.1316],[-82.705,31.132],[-82.655,31.1438],[-82.6122,31.1651],[-82.5766,31.1957],[-82.548,31.241],[-82.5265,31.3008],[-82.4993,31.3348],[-82.4664,31.3431],[-82.415,31.3336],[-82.345,31.3063],[-82.2063,31.2765],[-81.9988,31.2443],[-81.9438,31.2166],[-82.0413,31.1934],[-82.11,31.1683],[-82.15,31.1412],[-82.22,31.1074],[-82.32,31.0667],[-82.3834,31.0362],[-82.4102,31.0157],[-82.42,30.997],[-82.4129,30.9798],[-82.3895,30.9702],[-82.3498,30.9681],[-82.295,30.977],[-82.225,30.997],[-82.1,31.02],[-81.92,31.0462],[-81.805,31.0732],[-81.755,31.1011],[-81.68,31.1272],[-81.58,31.1515],[-81.5,31.1806],[-81.44,31.2143],[-81.385,31.2345],[-81.335,31.2411],[-81.21,31.2764],[-81.01,31.3402],[-80.865,31.3991],[-80.775,31.4531],[-80.69,31.487],[-80.61,31.5008],[-80.52,31.5272],[-80.42,31.5663],[-80.3364,31.6073],[-80.2692,31.6503],[-80.2347,31.6888],[-80.233,31.7228],[-80.2069,31.7654],[-80.1562,31.8164],[-80.143,31.8716],[-80.1672,31.931],[-80.167,31.9621],[-80.1423,31.9648],[-80.12,31.9504],[-80.1,31.919],[-80.075,31.9056],[-80.045,31.9104],[-80.0021,31.9503],[-79.9464,32.0251],[-79.8714,32.0848],[-79.7771,32.1294],[-79.615,32.1689],[-79.385,32.2035],[-79.22,32.238],[-79.12,32.2724],[-79.035,32.3113],[-78.965,32.355],[-78.87,32.3878],[-78.75,32.41],[-78.655,32.4368],[-78.585,32.4684],[-78.47,32.4878],[-78.31,32.4949],[-78.105,32.547],[-77.855,32.6441],[-77.685,32.6982],[-77.595,32.7093],[-77.5141,32.7375],[-77.4423,32.7827],[-77.2573,32.8714],[-76.9591,33.0035],[-76.78,33.0757],[-76.72,33.0884],[-76.645,33.0903],[-76.555,33.0817],[-76.475,33.0878],[-76.405,33.1087],[-76.35,33.1196],[-76.31,33.1207],[-76.2557,33.1345],[-76.1871,33.1611],[-76.1221,33.1759],[-76.0607,33.1789],[-75.91,33.231],[-75.67,33.3322],[-75.5309,33.4017],[-75.4927,33.4396],[-75.4654,33.4919],[-75.4489,33.5586],[-75.4081,33.6085],[-75.3431,33.6419],[-75.2987,33.6585],[-75.275,33.6585],[-75.2612,33.6543],[-75.2573,33.646],[-75.2754,33.6127],[-75.3153,33.5544],[-75.334,33.5167],[-75.3313,33.4997],[-75.32,33.4842],[-75.3,33.4702],[-75.255,33.4652],[-75.185,33.469],[-75.125,33.4854],[-75.075,33.5142],[-75.0297,33.532],[-74.9892,33.5386],[-74.9619,33.5544],[-74.9479,33.5794],[-74.9441,33.6085],[-74.9507,33.6419],[-74.933,33.671],[-74.891,33.6961],[-74.84,33.7054],[-74.78,33.699],[-74.705,33.709],[-74.615,33.7353],[-74.515,33.7533],[-74.405,33.7628],[-74.295,33.7834],[-74.185,33.8149],[-74.0984,33.8292],[-74.0353,33.8263],[-74.0022,33.8207],[-73.9992,33.8124],[-74.0354,33.7625],[-74.1109,33.671],[-74.1553,33.6002],[-74.1686,33.5502],[-74.1687,33.5044],[-74.1555,33.4627],[-74.1859,33.4042],[-74.2599,33.3291],[-74.2852,33.2754],[-74.2617,33.2432],[-74.2105,33.2181],[-74.1315,33.2001],[-74.0854,33.1827],[-74.0723,33.166],[-74.1428,33.0445],[-74.2969,32.8179],[-74.4364,32.6496],[-74.5613,32.5401],[-74.6354,32.4636],[-74.6585,32.4203],[-74.6869,32.3866],[-74.7207,32.3623],[-74.7457,32.3363],[-74.7619,32.3084],[-74.8513,32.2449],[-75.0139,32.1459],[-75.1639,32.0698],[-75.3013,32.0166],[-75.405,31.9573],[-75.475,31.892],[-75.5554,31.8337],[-75.6461,31.7825],[-75.7111,31.7514],[-75.7504,31.7406],[-75.7782,31.7279],[-75.7945,31.7132],[-75.8045,31.6844],[-75.8082,31.6416],[-75.815,31.6191],[-75.825,31.6168],[-75.8314,31.6255],[-75.8343,31.645],[-75.8493,31.6657],[-75.8764,31.6877],[-75.91,31.6992],[-75.95,31.7003],[-76.015,31.6848],[-76.105,31.6527],[-76.2008,31.5943],[-76.3024,31.5096],[-76.3774,31.4655],[-76.4258,31.4619],[-76.4854,31.4449],[-76.5562,31.4143],[-76.6223,31.3948],[-76.6838,31.3862],[-76.76,31.4033],[-76.8508,31.446],[-76.8947,31.4819],[-76.8916,31.5112],[-76.868,31.541],[-76.8241,31.5714],[-76.8009,31.5952],[-76.7984,31.6122],[-76.8543,31.6462],[-76.9685,31.6973],[-76.997,31.7484],[-76.9399,31.7994],[-76.911,31.8334],[-76.9104,31.8504],[-76.9201,31.8685],[-76.94,31.8878],[-76.975,31.9031],[-77.025,31.9145],[-77.11,31.9068],[-77.23,31.8799],[-77.335,31.8637],[-77.425,31.858],[-77.5,31.8592],[-77.56,31.8673],[-77.65,31.9355],[-77.77,32.0637],[-77.8363,32.1495],[-77.849,32.1931],[-77.864,32.2239],[-77.8813,32.2418],[-77.925,32.2528],[-77.995,32.2569],[-78.0709,32.2395],[-78.1528,32.2005],[-78.1969,32.1641],[-78.2034,32.1303],[-78.1858,32.0964],[-78.1441,32.0625],[-78.1065,32.0031],[-78.073,31.9183],[-78.0883,31.8419],[-78.1524,31.7739],[-78.1835,31.7101],[-78.1816,31.6505],[-78.2,31.6037],[-78.2385,31.5696],[-78.2858,31.5398],[-78.3419,31.5142],[-78.4186,31.4588],[-78.5157,31.3734],[-78.5757,31.2986],[-78.5986,31.2343],[-78.6241,31.183],[-78.6524,31.1446],[-78.6657,31.1041],[-78.6642,31.0612],[-78.676,31.0098],[-78.701,30.9498],[-78.7027,30.9113],[-78.6809,30.8943],[-78.627,30.8772],[-78.5411,30.8598],[-78.4961,30.8431],[-78.492,30.8272],[-78.497,30.8057],[-78.511,30.7787],[-78.5145,30.7566],[-78.5076,30.7394],[-78.4656,30.7211],[-78.3885,30.7017],[-78.3237,30.6544],[-78.271,30.5792],[-78.2906,30.5028],[-78.3826,30.4252],[-78.4264,30.3648],[-78.422,30.3216],[-78.3974,30.2856],[-78.3525,30.2568],[-78.3251,30.2308],[-78.3152,30.2079],[-78.3552,30.1817],[-78.4451,30.1524],[-78.5027,30.1265],[-78.528,30.1039],[-78.5384,30.084],[-78.5338,30.0666],[-78.5158,30.0493],[-78.4843,30.032],[-78.4646,30.0147],[-78.4567,29.9974],[-78.4671,29.9838],[-78.4957,29.9739],[-78.5275,29.9782],[-78.5624,29.9968],[-78.5806,30.0234],[-78.5821,30.058],[-78.5997,30.0838],[-78.6332,30.1009],[-78.675,30.1021],[-78.725,30.0876],[-78.77,30.0646],[-78.81,30.0332],[-78.865,30.0109],[-78.935,29.9977],[-79.03,29.9989],[-79.15,30.0146],[-79.255,30.0168],[-79.345,30.0055],[-79.44,30.0046],[-79.54,30.0142],[-79.645,29.9796],[-79.755,29.9009],[-79.835,29.8518],[-79.885,29.8325],[-79.9164,29.8123],[-79.9291,29.7912],[-79.9224,29.7633],[-79.8964,29.7285],[-79.845,29.7025],[-79.7682,29.6851],[-79.7348,29.6509],[-79.7449,29.5998],[-79.7669,29.5606],[-79.8007,29.5335],[-79.82,29.5112],[-79.8248,29.4938],[-79.8087,29.4676],[-79.7717,29.4328],[-79.7424,29.3947],[-79.7208,29.3534],[-79.7,29.3332],[-79.68,29.3343],[-79.655,29.347],[-79.625,29.3714],[-79.55,29.3962],[-79.43,29.4213],[-79.3737,29.3988],[-79.3811,29.3285],[-79.3796,29.2846],[-79.3692,29.2672],[-79.3505,29.2525],[-79.3235,29.2405],[-79.285,29.2334],[-79.235,29.2312],[-79.17,29.2394],[-79.09,29.258],[-78.99,29.267],[-78.87,29.2663],[-78.77,29.2787],[-78.69,29.304],[-78.635,29.3114],[-78.605,29.3008],[-78.595,29.2871],[-78.605,29.2703],[-78.625,29.2561],[-78.655,29.2445],[-78.7141,29.2043],[-78.8023,29.1356],[-78.8654,29.0707],[-78.9036,29.0095],[-78.9173,28.9614],[-78.9065,28.9264],[-78.8808,28.8914],[-78.8403,28.8563],[-78.8248,28.8213],[-78.8344,28.7862],[-78.8265,28.7468],[-78.801,28.7029],[-78.7637,28.6564],[-78.7146,28.6072],[-78.6557,28.5853],[-78.587,28.5906],[-78.5531,28.5757],[-78.5541,28.5405],[-78.5685,28.5137],[-78.5962,28.4952],[-78.64,28.4895],[-78.7,28.4964],[-78.77,28.492],[-78.85,28.4761],[-78.91,28.4698],[-78.95,28.4731],[-79.0137,28.4604],[-79.1012,28.4318],[-79.1443,28.4087],[-79.1432,28.3911],[-79.1287,28.3735],[-79.1008,28.3559],[-79.0967,28.3295],[-79.1162,28.2942],[-79.1288,28.2502],[-79.1345,28.1973],[-79.1255,28.1493],[-79.1018,28.106],[-79.075,28.0724],[-79.045,28.0485],[-79.01,28.0554],[-78.97,28.0931],[-78.9446,28.1135],[-78.9339,28.1165],[-78.9192,28.1092],[-78.9004,28.0915],[-78.9108,28.0464],[-78.9503,27.9739],[-78.995,27.9333],[-79.045,27.9246],[-79.1,27.9026],[-79.16,27.8674],[-79.19,27.8352],[-79.19,27.8062],[-79.1635,27.7893],[-79.1106,27.7846],[-79.0886,27.769],[-79.0976,27.7425],[-79.1241,27.7221],[-79.168,27.7081],[-79.1982,27.7037],[-79.2147,27.7089],[-79.2547,27.7577],[-79.3182,27.85],[-79.36,27.8924],[-79.38,27.8851],[-79.435,27.8294],[-79.525,27.7252],[-79.58,27.6706],[-79.6,27.6656],[-79.625,27.6737],[-79.655,27.6951],[-79.685,27.7087],[-79.715,27.7145],[-79.7531,27.7115],[-79.7993,27.6997],[-79.8281,27.6805],[-79.8394,27.6539],[-79.8406,27.6273],[-79.8318,27.6007],[-79.813,27.5772],[-79.7843,27.5567],[-79.74,27.5366],[-79.68,27.5171],[-79.6419,27.4918],[-79.6257,27.461],[-79.6197,27.4367],[-79.6239,27.4189],[-79.647,27.4117],[-79.689,27.4149],[-79.7255,27.406],[-79.7566,27.385],[-79.7742,27.3656],[-79.7784,27.3479],[-79.7658,27.3212],[-79.7362,27.2857],[-79.7286,27.2558],[-79.7429,27.2315],[-79.77,27.2148],[-79.81,27.2056],[-79.8577,27.1821],[-79.9131,27.1444],[-79.9411,27.1167],[-79.9417,27.0989],[-79.9301,27.0766],[-79.9063,27.0499],[-79.8983,27.0286],[-79.9061,27.0128],[-79.9249,27.0039],[-79.9547,27.0019],[-79.9897,27.0115],[-80.0299,27.0327],[-80.055,27.0414],[-80.065,27.0377],[-80.0805,27.0004],[-80.1016,26.9294],[-80.105,26.8761],[-80.0906,26.8404],[-80.0886,26.8136],[-80.099,26.7958],[-80.1606,26.7767],[-80.2735,26.7563],[-80.34,26.7273],[-80.36,26.6895],[-80.3975,26.655],[-80.4526,26.6238],[-80.4776,26.5997],[-80.4725,26.5827],[-80.4516,26.5648],[-80.4147,26.546],[-80.3806,26.5187],[-80.3491,26.4829],[-80.3352,26.4292],[-80.3387,26.3575],[-80.3628,26.3068],[-80.4076,26.2772],[-80.475,26.2747],[-80.565,26.2994],[-80.6271,26.3053],[-80.6614,26.2923],[-80.6841,26.2723],[-80.6953,26.2454],[-80.683,26.2095],[-80.6472,26.1647],[-80.6445,26.1204],[-80.6748,26.0768],[-80.7,26.054],[-80.72,26.052],[-80.75,26.0595],[-80.79,26.0766],[-80.855,26.0702],[-80.945,26.0402],[-81.005,26.031],[-81.035,26.0424],[-81.0521,26.0627],[-81.0562,26.0918],[-81.0412,26.1372],[-81.0071,26.1991],[-80.9628,26.2305],[-80.9085,26.2315],[-80.8806,26.2589],[-80.8793,26.3127],[-80.8915,26.3551],[-80.9172,26.3862],[-80.95,26.4084],[-80.99,26.4215],[-81.035,26.4244],[-81.085,26.417],[-81.1254,26.4217],[-81.1563,26.4386],[-81.1778,26.456],[-81.1901,26.4739],[-81.1944,26.5008],[-81.1908,26.5366],[-81.2143,26.5799],[-81.2648,26.6309],[-81.315,26.6477],[-81.365,26.6305],[-81.42,26.5923],[-81.48,26.533],[-81.5223,26.5072],[-81.5469,26.5149],[-81.562,26.541],[-81.5678,26.5858],[-81.5865,26.626],[-81.618,26.6618],[-81.6268,26.702],[-81.613,26.7466],[-81.627,26.7703],[-81.669,26.7731],[-81.6963,26.782],[-81.7089,26.7971],[-81.7029,26.8404],[-81.6783,26.9117],[-81.677,26.9844],[-81.699,27.0582],[-81.69,27.1139],[-81.65,27.1515],[-81.62,27.1621],[-81.6,27.1458],[-81.5837,27.1391],[-81.5711,27.1419],[-81.5551,27.1656],[-81.5356,27.2101],[-81.5319,27.2492],[-81.544,27.2829],[-81.57,27.3046],[-81.61,27.3143],[-81.645,27.3135],[-81.675,27.302],[-81.71,27.2675],[-81.75,27.2097],[-81.83,27.1729],[-81.95,27.157],[-82.025,27.1407],[-82.055,27.1241],[-82.0821,27.0959],[-82.1062,27.0563],[-82.1006,27.0276],[-82.0651,27.0098],[-82.0485,26.9964],[-82.0509,26.9875],[-82.0729,26.9697],[-82.1146,26.9429],[-82.1591,26.9036],[-82.2064,26.8517],[-82.2409,26.8294],[-82.2628,26.8367],[-82.2675,26.8538],[-82.2549,26.8805],[-82.254,26.9017],[-82.2647,26.9173],[-82.29,26.9345],[-82.33,26.9532],[-82.375,26.9584],[-82.425,26.9502],[-82.465,26.961],[-82.495,26.991],[-82.52,27.0063],[-82.54,27.007],[-82.605,26.9547],[-82.715,26.8493],[-82.7913,26.7896],[-82.8338,26.7759],[-82.8738,26.7456],[-82.9113,26.6988],[-82.945,26.6926],[-82.975,26.7269],[-83.005,26.7477],[-83.035,26.7552],[-83.095,26.7441],[-83.185,26.7145],[-83.29,26.6968],[-83.41,26.6911],[-83.52,26.6787],[-83.62,26.6596],[-83.69,26.636],[-83.73,26.608],[-83.8026,26.5349],[-83.9079,26.4166],[-83.9729,26.3501],[-83.9976,26.3354],[-84.055,26.3567],[-84.145,26.4141],[-84.24,26.4178],[-84.34,26.3679],[-84.41,26.377],[-84.45,26.4451],[-84.52,26.4877],[-84.62,26.5047],[-84.6721,26.5325],[-84.6762,26.571],[-84.6912,26.6012],[-84.7171,26.6231],[-84.7421,26.6365],[-84.7663,26.6414],[-84.7737,26.6618],[-84.7642,26.6975],[-84.7772,26.7282],[-84.8124,26.7538],[-84.865,26.762],[-84.935,26.7528],[-85.01,26.7315],[-85.09,26.6979],[-85.16,26.6889],[-85.22,26.7045],[-85.29,26.7058],[-85.37,26.6928],[-85.435,26.6879],[-85.485,26.691],[-85.5154,26.6983],[-85.5263,26.7097],[-85.5269,26.7198],[-85.517,26.7288],[-85.4679,26.7511],[-85.3793,26.7868],[-85.319,26.8404],[-85.2871,26.9117],[-85.2774,26.9563],[-85.29,26.9741],[-85.3166,26.992],[-85.3571,27.0098],[-85.383,27.041],[-85.3943,27.0855],[-85.3961,27.1256],[-85.3883,27.1612],[-85.4155,27.2056],[-85.4776,27.259],[-85.5061,27.3079],[-85.5009,27.3523],[-85.4912,27.3765],[-85.4771,27.3806],[-85.46,27.3663],[-85.44,27.3336],[-85.415,27.3095],[-85.385,27.2938],[-85.3587,27.2904],[-85.3361,27.2991],[-85.3211,27.3189],[-85.3137,27.3499],[-85.3,27.3763],[-85.28,27.3983],[-85.23,27.3965],[-85.15,27.3709],[-85.0958,27.3622],[-85.0673,27.3704],[-85.0511,27.4012],[-85.0472,27.4544],[-85.0224,27.4988],[-84.9767,27.5343],[-84.979,27.5742],[-85.0294,27.6185],[-85.046,27.6539],[-85.0289,27.6805],[-85.0178,27.7159],[-85.0128,27.7602],[-84.9816,27.8044],[-84.9244,27.8486],[-84.8969,27.8796],[-84.8993,27.8972],[-84.9079,27.9108],[-84.9226,27.9202],[-84.97,27.9218],[-85.05,27.9155],[-85.105,27.923],[-85.135,27.9445],[-85.175,27.9606],[-85.225,27.9716],[-85.2551,27.9902],[-85.2654,28.0166],[-85.1754,28.0584],[-84.9851,28.1157],[-84.8788,28.1554],[-84.8563,28.1775],[-84.8479,28.1973],[-84.8535,28.215],[-84.8748,28.2298],[-84.9116,28.242],[-84.9656,28.242],[-85.0368,28.2298],[-85.1018,28.2356],[-85.1606,28.2593],[-85.225,28.2766],[-85.295,28.2875],[-85.3327,28.3021],[-85.3381,28.3203],[-85.3337,28.3515],[-85.3193,28.3955],[-85.3216,28.4264],[-85.3405,28.4443],[-85.425,28.4485],[-85.575,28.4389],[-85.73,28.4383],[-85.89,28.4467],[-85.985,28.4644],[-86.015,28.4913],[-86.055,28.512],[-86.105,28.5263],[-86.155,28.5612],[-86.205,28.6167],[-86.245,28.6533],[-86.275,28.6712],[-86.335,28.671],[-86.425,28.6527],[-86.575,28.6454],[-86.785,28.6491],[-86.955,28.6397],[-87.085,28.6171],[-87.17,28.5963],[-87.21,28.5772],[-87.275,28.558],[-87.365,28.5388],[-87.44,28.5404],[-87.5,28.5627],[-87.625,28.5585],[-87.815,28.5276],[-87.9369,28.4885],[-87.9908,28.4412],[-88.0408,28.4065],[-88.0869,28.3847],[-88.12,28.3627],[-88.14,28.3405],[-88.175,28.3217],[-88.225,28.3062],[-88.2725,28.2754],[-88.3174,28.2292],[-88.3537,28.2017],[-88.3814,28.1929],[-88.4242,28.1885],[-88.482,28.1885],[-88.5307,28.2088],[-88.5702,28.2494],[-88.61,28.2642],[-88.65,28.2535],[-88.695,28.2499],[-88.745,28.2536],[-88.795,28.2461],[-88.845,28.2275],[-88.885,28.2307],[-88.915,28.2558],[-88.95,28.2729],[-88.99,28.282],[-89.05,28.2735],[-89.13,28.2473],[-89.181,28.214],[-89.203,28.1735],[-89.228,28.146],[-89.256,28.1314],[-89.3,28.1343],[-89.36,28.1546],[-89.405,28.1634],[-89.435,28.1609],[-89.4581,28.1492],[-89.4743,28.1284],[-89.481,28.1047],[-89.4784,28.0783],[-89.5253,28.0518],[-89.6218,28.0253],[-89.695,28.0185],[-89.745,28.0314],[-89.7841,28.0491],[-89.8124,28.0715],[-89.8313,28.1003],[-89.8409,28.1356],[-89.8567,28.1565],[-89.8789,28.1631],[-89.98,28.1457],[-90.16,28.1043],[-90.33,28.081],[-90.49,28.0759],[-90.725,28.0201],[-91.035,27.9137],[-91.265,27.864],[-91.415,27.8712],[-91.53,27.8608],[-91.61,27.8329],[-91.6665,27.823],[-91.6996,27.8312],[-91.7246,27.8553],[-91.7415,27.8953],[-91.77,27.915],[-91.81,27.9143],[-91.8529,27.9031],[-91.8987,27.8815],[-91.928,27.853],[-91.9407,27.8177],[-91.9955,27.7646],[-92.0924,27.6938],[-92.2132,27.658],[-92.3577,27.6575],[-92.46,27.6388],[-92.52,27.602],[-92.575,27.5795],[-92.625,27.5714],[-92.6695,27.5414],[-92.7084,27.4893],[-92.7384,27.4575],[-92.7595,27.4458],[-92.7842,27.4414],[-92.8126,27.4441],[-92.8476,27.4575],[-92.8892,27.4815],[-92.93,27.4898],[-92.97,27.4824],[-92.9971,27.4704],[-93.0114,27.4538],[-93.0179,27.4278],[-93.0168,27.3923],[-93.0488,27.3434],[-93.1141,27.2812],[-93.1471,27.2412],[-93.1477,27.2234],[-93.1335,27.2012],[-93.1045,27.1745],[-93.0951,27.1478],[-93.1053,27.1211],[-93.1253,27.0967],[-93.1551,27.0747],[-93.195,27.0627],[-93.245,27.0607],[-93.2905,27.0495],[-93.3315,27.029],[-93.3765,26.9838],[-93.4255,26.9141],[-93.5073,26.8383],[-93.6218,26.7564],[-93.6811,26.7064],[-93.6851,26.6886],[-93.6692,26.6618],[-93.6335,26.626],[-93.61,26.5992],[-93.5989,26.5813],[-93.5975,26.5707],[-93.6058,26.5672],[-93.665,26.5664],[-93.775,26.5681],[-93.835,26.5877],[-93.8449,26.6252],[-93.8702,26.6528],[-93.9109,26.6707],[-93.9255,26.6886],[-93.9141,26.7064],[-93.8788,26.7226],[-93.8196,26.7371],[-93.755,26.7641],[-93.685,26.8036],[-93.642,26.8365],[-93.626,26.8629],[-93.621,26.8944],[-93.627,26.9312],[-93.64,26.9508],[-93.66,26.9533],[-93.765,26.9183],[-93.955,26.8459],[-94.075,26.848],[-94.125,26.9247],[-94.165,26.9654],[-94.195,26.9702],[-94.2379,26.9663],[-94.2936,26.9537],[-94.3475,26.9207],[-94.3996,26.8671],[-94.4318,26.7913],[-94.4441,26.693],[-94.4302,26.6262],[-94.3901,26.5909],[-94.3614,26.5551],[-94.3442,26.5189],[-94.3463,26.4784],[-94.3678,26.4336],[-94.377,26.3933],[-94.3741,26.3575],[-94.3857,26.3261],[-94.4119,26.2992],[-94.4297,26.2678],[-94.4392,26.232],[-94.4304,26.2067],[-94.4035,26.192],[-94.375,26.1843],[-94.345,26.1835],[-94.3198,26.1953],[-94.2993,26.2197],[-94.2903,26.2544],[-94.2929,26.2992],[-94.2881,26.3237],[-94.276,26.3277],[-94.21,26.2969],[-94.09,26.231],[-93.9828,26.2021],[-93.8885,26.21],[-93.8518,26.1961],[-93.8725,26.1602],[-93.8821,26.1243],[-93.8803,26.0883],[-93.8871,26.0588],[-93.9024,26.0357],[-93.94,26.0154],[-94.0,25.9978],[-94.06,25.9621],[-94.12,25.9082],[-94.17,25.8832],[-94.21,25.8871],[-94.25,25.8758],[-94.29,25.8492],[-94.33,25.8336],[-94.37,25.8292],[-94.405,25.8182],[-94.435,25.8008],[-94.54,25.7824],[-94.72,25.763],[-94.83,25.7442],[-94.87,25.7259],[-94.8995,25.7062],[-94.9186,25.685],[-94.9301,25.6564],[-94.9339,25.6204],[-94.9153,25.5572],[-94.8742,25.467],[-94.8877,25.3955],[-94.9559,25.3429],[-95.02,25.3077],[-95.08,25.2898],[-95.1206,25.2664],[-95.1419,25.2374],[-95.1505,25.2048],[-95.1466,25.1686],[-95.136,25.1413],[-95.1187,25.1227],[-95.0796,25.1182],[-95.0189,25.1277],[-94.9857,25.1098],[-94.98,25.0645],[-94.9998,25.0283],[-95.0449,25.0011],[-95.0673,24.9739],[-95.0668,24.9467],[-95.0375,24.9184],[-94.9792,24.8889],[-94.915,24.8877],[-94.845,24.9147],[-94.7998,24.943],[-94.7794,24.9727],[-94.7732,25.0011],[-94.7814,25.0283],[-94.7975,25.0509],[-94.8215,25.069],[-94.8276,25.0921],[-94.8159,25.12],[-94.77,25.1238],[-94.69,25.1035],[-94.625,25.0931],[-94.575,25.0926],[-94.5319,25.0661],[-94.4957,25.0137],[-94.485,24.9603],[-94.4997,24.9059],[-94.5678,24.8537],[-94.6893,24.8038],[-94.7694,24.763],[-94.8081,24.7311],[-94.8378,24.688],[-94.8585,24.6334],[-94.853,24.5789],[-94.8213,24.5243],[-94.8366,24.481],[-94.8989,24.449],[-94.9364,24.4217],[-94.9492,24.3991],[-94.9358,24.3513],[-94.8962,24.2784],[-94.8448,24.2243],[-94.7816,24.1891],[-94.7261,24.1434],[-94.6784,24.0874],[-94.6798,24.0183],[-94.7302,23.9361],[-94.7791,23.8859],[-94.8264,23.8678],[-94.875,23.8565],[-94.925,23.8522],[-94.9684,23.8339],[-95.0051,23.8014],[-95.0183,23.7577],[-95.0079,23.7028],[-94.9839,23.6616],[-94.9464,23.6341],[-94.9185,23.5929],[-94.9003,23.5378],[-94.9059,23.4866],[-94.9353,23.4391],[-94.982,23.3886],[-95.046,23.3352],[-95.0907,23.2809],[-95.116,23.2257],[-95.1295,23.1798],[-95.1313,23.143],[-95.1816,23.1131],[-95.2805,23.09],[-95.3633,23.0578],[-95.4299,23.0164],[-95.4694,22.9774],[-95.4819,22.9405],[-95.4847,22.8899],[-95.4779,22.8254],[-95.4544,22.7747],[-95.414,22.7378],[-95.4029,22.7145],[-95.421,22.7048],[-95.445,22.7114],[-95.475,22.7341],[-95.535,22.7496],[-95.625,22.758],[-95.692,22.7377],[-95.7361,22.6885],[-95.7911,22.6467],[-95.857,22.6122],[-95.8914,22.566],[-95.8943,22.5082],[-95.9093,22.4695],[-95.9364,22.4501],[-95.965,22.4389],[-95.995,22.4361],[-96.035,22.4472],[-96.085,22.4723],[-96.1234,22.525],[-96.1502,22.6054],[-96.1802,22.6573],[-96.2134,22.6808],[-96.275,22.6826],[-96.365,22.6626],[-96.44,22.6358],[-96.5,22.602],[-96.5415,22.5863],[-96.5646,22.5889],[-96.5946,22.6039],[-96.6315,22.6316],[-96.665,22.644],[-96.695,22.6413],[-96.729,22.609],[-96.7671,22.5471],[-96.7759,22.4977],[-96.7556,22.4608],[-96.7516,22.437],[-96.7639,22.4264],[-96.8013,22.4264],[-96.8639,22.437],[-96.8991,22.4469],[-96.9068,22.4562],[-96.9038,22.4793],[-96.8903,22.5162],[-96.9101,22.5543],[-96.9634,22.5936],[-97.01,22.6119],[-97.05,22.6094],[-97.09,22.5974],[-97.13,22.5761],[-97.175,22.5645],[-97.225,22.5626],[-97.265,22.5635],[-97.295,22.5674],[-97.325,22.5831],[-97.355,22.6106],[-97.3876,22.6619],[-97.4229,22.7371],[-97.4417,22.8484],[-97.4441,22.9958],[-97.4669,23.1614],[-97.5099,23.3452],[-97.5415,23.5699],[-97.5615,23.8355],[-97.5511,24.0109],[-97.5104,24.0965],[-97.468,24.1649],[-97.4239,24.2163],[-97.3884,24.2784],[-97.3612,24.3513],[-97.3448,24.4196],[-97.3392,24.4834],[-97.3498,24.5247],[-97.3766,24.5436],[-97.405,24.5499],[-97.435,24.5437],[-97.47,24.4814],[-97.51,24.3628],[-97.5622,24.2972],[-97.6266,24.2847],[-97.6669,24.3103],[-97.683,24.3741],[-97.7108,24.4285],[-97.7503,24.4736],[-97.7886,24.5737],[-97.8257,24.7286],[-97.8349,24.9149]],[[-88.1199,28.9745],[-88.083,29.0357],[-88.0589,29.1057],[-88.0475,29.1843],[-88.0288,29.2384],[-88.0029,29.2682],[-87.9706,29.2856],[-87.9317,29.2908],[-87.8817,29.2793],[-87.8206,29.2511],[-87.745,29.2538],[-87.655,29.2875],[-87.5888,29.319],[-87.5465,29.3484],[-87.4965,29.3677],[-87.4388,29.3768],[-87.385,29.4058],[-87.335,29.4546],[-87.2725,29.498],[-87.1976,29.5358],[-87.1736,29.5851],[-87.2005,29.646],[-87.203,29.6956],[-87.181,29.734],[-87.135,29.7521],[-87.065,29.75],[-86.985,29.7639],[-86.895,29.7938],[-86.8088,29.8494],[-86.7263,29.9308],[-86.6827,29.9801],[-86.6782,29.9974],[-86.6867,30.0277],[-86.7084,30.071],[-86.6742,30.1445],[-86.5839,30.2482],[-86.4916,30.3068],[-86.3972,30.3203],[-86.345,30.2789],[-86.335,30.1828],[-86.265,30.1207],[-86.135,30.0928],[-86.04,30.0807],[-85.98,30.0845],[-85.92,30.0962],[-85.86,30.1157],[-85.78,30.1194],[-85.68,30.1075],[-85.6058,30.1122],[-85.5574,30.1337],[-85.5215,30.1618],[-85.4982,30.1964],[-85.4574,30.2238],[-85.3991,30.2441],[-85.3517,30.2527],[-85.3151,30.2497],[-85.2751,30.2277],[-85.2317,30.1866],[-85.195,30.1669],[-85.165,30.1687],[-85.1149,30.1849],[-85.0446,30.2156],[-84.9802,30.2655],[-84.9216,30.3346],[-84.8967,30.3818],[-84.9056,30.4073],[-84.92,30.427],[-84.94,30.4412],[-84.975,30.4482],[-85.025,30.4481],[-85.085,30.4331],[-85.155,30.4031],[-85.24,30.3901],[-85.34,30.3941],[-85.42,30.3857],[-85.48,30.3648],[-85.535,30.3753],[-85.585,30.4171],[-85.6241,30.4682],[-85.6524,30.5286],[-85.6524,30.5832],[-85.6241,30.632],[-85.585,30.667],[-85.535,30.6881],[-85.5035,30.7068],[-85.4905,30.7228],[-85.4851,30.7695],[-85.4872,30.8468],[-85.4837,30.894],[-85.4744,30.9112],[-85.4037,30.9498],[-85.2716,31.0098],[-85.1917,31.0563],[-85.1639,31.0893],[-85.1288,31.1193],[-85.0864,31.1462],[-85.0631,31.1854],[-85.0588,31.2367],[-85.0364,31.2709],[-84.9958,31.288],[-84.9391,31.3065],[-84.8664,31.3264],[-84.73,31.3411],[-84.53,31.3506],[-84.31,31.3787],[-84.07,31.4255],[-83.835,31.4532],[-83.605,31.4618],[-83.36,31.4816],[-83.1,31.5126],[-82.9,31.5303],[-82.76,31.5347],[-82.6871,31.5323],[-82.6813,31.5231],[-82.7063,31.5109],[-82.7621,31.4957],[-82.8117,31.4744],[-82.855,31.4469],[-82.8734,31.4246],[-82.8668,31.4076],[-82.8329,31.3862],[-82.7715,31.3606],[-82.7382,31.3392],[-82.733,31.3222],[-82.7653,31.3015],[-82.8351,31.2771],[-82.9024,31.2429],[-82.9672,31.1989],[-82.9336,31.1511],[-82.8017,31.0998],[-82.7393,31.058],[-82.7464,31.0258],[-82.78,31.0096],[-82.84,31.0095],[-82.8761,31.0042],[-82.8882,30.9937],[-82.8882,30.9819],[-82.8761,30.9689],[-82.845,30.9533],[-82.795,30.9351],[-82.735,30.9286],[-82.665,30.9338],[-82.59,30.9447],[-82.51,30.9616],[-82.435,30.968],[-82.365,30.9642],[-82.29,30.9729],[-82.21,30.9941],[-82.085,31.0153],[-81.915,31.0364],[-81.8036,31.0623],[-81.7508,31.093],[-81.6758,31.1208],[-81.5786,31.1456],[-81.5,31.1738],[-81.44,31.2053],[-81.285,31.2576],[-81.035,31.3306],[-80.865,31.3943],[-80.775,31.4489],[-80.69,31.4832],[-80.61,31.4973],[-80.52,31.524],[-80.42,31.5633],[-80.3332,31.6051],[-80.2596,31.6496],[-80.2203,31.6931],[-80.2154,31.7356],[-80.1893,31.7781],[-80.142,31.8206],[-80.1162,31.8505],[-80.1121,31.8677],[-80.0819,31.8889],[-80.0257,31.9141],[-79.9756,31.9607],[-79.9318,32.0286],[-79.8649,32.0838],[-79.775,32.1266],[-79.615,32.1652],[-79.385,32.1999],[-79.22,32.2343],[-79.12,32.2685],[-79.035,32.3073],[-78.965,32.3506],[-78.87,32.3824],[-78.75,32.4029],[-78.655,32.429],[-78.585,32.4608],[-78.47,32.4806],[-78.31,32.4883],[-78.105,32.5413],[-77.855,32.6395],[-77.685,32.6942],[-77.595,32.7054],[-77.5032,32.7387],[-77.4097,32.7943],[-77.2297,32.8811],[-76.9632,32.9989],[-76.795,33.0647],[-76.725,33.0786],[-76.645,33.0809],[-76.555,33.0716],[-76.385,33.0915],[-76.135,33.1406],[-75.975,33.185],[-75.905,33.2248],[-75.795,33.2696],[-75.645,33.3194],[-75.54,33.3631],[-75.48,33.4009],[-75.37,33.4307],[-75.21,33.4526],[-75.11,33.4774],[-75.07,33.5052],[-75.03,33.5213],[-74.99,33.5258],[-74.9579,33.5482],[-74.9338,33.5884],[-74.9263,33.621],[-74.9356,33.646],[-74.9277,33.6667],[-74.9026,33.6831],[-74.88,33.6918],[-74.86,33.6927],[-74.8458,33.6887],[-74.8373,33.6797],[-74.8373,33.6599],[-74.8458,33.6295],[-74.835,33.6118],[-74.805,33.607],[-74.73,33.6275],[-74.61,33.6734],[-74.48,33.7123],[-74.34,33.7442],[-74.235,33.7742],[-74.165,33.8023],[-74.1069,33.8102],[-74.0607,33.7978],[-74.0705,33.75],[-74.1363,33.6668],[-74.1762,33.5711],[-74.1901,33.4627],[-74.2282,33.3834],[-74.2904,33.3333],[-74.3317,33.2873],[-74.3521,33.2455],[-74.3592,33.2186],[-74.3531,33.2066],[-74.32,33.1983],[-74.26,33.1936],[-74.2139,33.1829],[-74.1818,33.166],[-74.159,33.1409],[-74.1454,33.1074],[-74.1465,33.0713],[-74.1622,33.0326],[-74.2134,32.9655],[-74.3002,32.8699],[-74.364,32.7885],[-74.4048,32.7212],[-74.4914,32.6232],[-74.6238,32.4943],[-74.71,32.4164],[-74.75,32.3895],[-74.7821,32.3569],[-74.8064,32.3186],[-74.8866,32.253],[-75.0225,32.1599],[-75.1654,32.0822],[-75.3151,32.0198],[-75.42,31.963],[-75.48,31.9118],[-75.56,31.8594],[-75.66,31.8059],[-75.74,31.7754],[-75.8,31.768],[-75.935,31.7274],[-76.145,31.6535],[-76.2621,31.6091],[-76.2864,31.5941],[-76.2973,31.5781],[-76.2946,31.5611],[-76.3075,31.5387],[-76.3358,31.5109],[-76.435,31.4723],[-76.605,31.4226],[-76.694,31.4024],[-76.7019,31.4115],[-76.6934,31.4246],[-76.6685,31.4417],[-76.7064,31.463],[-76.8072,31.4886],[-76.8283,31.5312],[-76.7697,31.5909],[-76.7428,31.6382],[-76.7476,31.6731],[-76.79,31.6939],[-76.87,31.7007],[-76.9324,31.713],[-76.9773,31.7309],[-76.9734,31.7611],[-76.9208,31.8036],[-76.8917,31.8419],[-76.8859,31.8758],[-76.889,31.9013],[-76.901,31.9183],[-76.9478,31.9331],[-77.0293,31.9458],[-77.095,31.9471],[-77.145,31.9371],[-77.1975,31.9181],[-77.2526,31.8899],[-77.3527,31.8758],[-77.498,31.8758],[-77.6306,31.9395],[-77.7504,32.0667],[-77.8207,32.1599],[-77.8413,32.2191],[-77.8812,32.256],[-77.9404,32.2705],[-77.995,32.272],[-78.045,32.2605],[-78.1,32.241],[-78.16,32.2135],[-78.1985,32.1909],[-78.2156,32.173],[-78.2236,32.1514],[-78.2227,32.126],[-78.1999,32.0921],[-78.1551,32.0498],[-78.116,31.9947],[-78.0824,31.9268],[-78.0979,31.8546],[-78.1623,31.7781],[-78.1973,31.7101],[-78.203,31.6505],[-78.2869,31.5621],[-78.449,31.4447],[-78.5535,31.3551],[-78.6005,31.2933],[-78.6386,31.2281],[-78.6677,31.1597],[-78.6842,31.0976],[-78.6881,31.0419],[-78.7,31.0044],[-78.72,30.9853],[-78.7572,30.966],[-78.8116,30.9466],[-78.8467,30.9241],[-78.8626,30.8983],[-78.8661,30.8683],[-78.8572,30.8339],[-78.8321,30.8104],[-78.7907,30.7976],[-78.76,30.7934],[-78.74,30.7979],[-78.715,30.8155],[-78.685,30.846],[-78.6411,30.8587],[-78.5832,30.8536],[-78.5459,30.8468],[-78.5294,30.8382],[-78.5228,30.8082],[-78.5262,30.7566],[-78.4834,30.7153],[-78.3945,30.6841],[-78.3305,30.6368],[-78.2914,30.5733],[-78.2901,30.5243],[-78.3265,30.4898],[-78.366,30.463],[-78.4087,30.4436],[-78.46,30.4408],[-78.52,30.4543],[-78.585,30.4616],[-78.655,30.4626],[-78.7,30.4587],[-78.72,30.45],[-78.7353,30.4351],[-78.7459,30.4141],[-78.7409,30.398],[-78.7203,30.3867],[-78.6649,30.3781],[-78.5748,30.3721],[-78.4831,30.3346],[-78.39,30.2655],[-78.3437,30.2223],[-78.3442,30.205],[-78.3808,30.1861],[-78.4536,30.1657],[-78.51,30.1439],[-78.55,30.1209],[-78.6,30.1101],[-78.66,30.1116],[-78.71,30.1039],[-78.75,30.0869],[-78.7855,30.0647],[-78.8166,30.0371],[-78.8566,30.0176],[-78.9055,30.006],[-78.955,29.9988],[-79.005,29.996],[-79.075,30.0029],[-79.165,30.0196],[-79.255,30.0233],[-79.345,30.0141],[-79.435,30.0147],[-79.525,30.0253],[-79.615,30.0088],[-79.705,29.9653],[-79.765,29.9477],[-79.795,29.956],[-79.83,29.9849],[-79.87,30.0343],[-79.975,30.0701],[-80.145,30.0923],[-80.3,30.0808],[-80.44,30.0358],[-80.545,29.9881],[-80.615,29.9379],[-80.665,29.8871],[-80.695,29.8359],[-80.7314,29.7899],[-80.7741,29.749],[-80.8491,29.7194],[-80.9564,29.7012],[-81.0274,29.6838],[-81.0621,29.6673],[-81.0823,29.6503],[-81.0879,29.6329],[-81.0846,29.6156],[-81.0723,29.5982],[-81.0117,29.5677],[-80.9029,29.5242],[-80.8415,29.4894],[-80.8275,29.4633],[-80.8013,29.4372],[-80.763,29.411],[-80.7307,29.3805],[-80.7044,29.3457],[-80.6959,29.2857],[-80.7053,29.2004],[-80.73,29.1416],[-80.77,29.1091],[-80.823,29.0863],[-80.8889,29.073],[-80.9289,29.0401],[-80.943,28.9876],[-80.9738,28.9351],[-81.0213,28.8826],[-81.0413,28.8317],[-81.0338,28.7825],[-80.9956,28.7562],[-80.9269,28.7528],[-80.8969,28.7397],[-80.9056,28.7168],[-80.93,28.7037],[-80.97,28.7004],[-80.9862,28.6899],[-80.9786,28.6723],[-80.9486,28.6628],[-80.8962,28.6614],[-80.8513,28.6526],[-80.8139,28.6364],[-80.7925,28.6196],[-80.7872,28.602],[-80.8008,28.5697],[-80.8336,28.5226],[-80.88,28.493],[-80.94,28.4809],[-81.0127,28.4562],[-81.0982,28.4186],[-81.1417,28.3867],[-81.1433,28.3603],[-81.1256,28.3332],[-81.0885,28.3055],[-81.035,28.295],[-80.965,28.3019],[-80.9,28.3207],[-80.84,28.3514],[-80.795,28.3849],[-80.765,28.421],[-80.72,28.4344],[-80.66,28.4249],[-80.6012,28.4327],[-80.5436,28.4577],[-80.5089,28.4922],[-80.4971,28.5361],[-80.5011,28.5888],[-80.5208,28.6503],[-80.4818,28.738],[-80.3839,28.8519],[-80.341,28.9264],[-80.353,28.9614],[-80.3556,28.9876],[-80.3489,29.0051],[-80.3366,29.0172],[-80.3189,29.0239],[-80.26,29.0237],[-80.16,29.0165],[-80.0858,29.0263],[-80.0373,29.053],[-79.9973,29.0947],[-79.9658,29.1514],[-79.935,29.1793],[-79.905,29.1785],[-79.875,29.169],[-79.845,29.1508],[-79.8149,29.1491],[-79.7848,29.1638],[-79.7748,29.1783],[-79.7849,29.1926],[-79.815,29.2001],[-79.865,29.2011],[-79.905,29.2087],[-79.935,29.2231],[-79.965,29.249],[-79.995,29.2865],[-80.0195,29.3328],[-80.0386,29.3879],[-80.0886,29.4596],[-80.1695,29.548],[-80.23,29.6015],[-80.27,29.6201],[-80.31,29.6304],[-80.35,29.6323],[-80.39,29.6516],[-80.43,29.6883],[-80.4525,29.7295],[-80.4576,29.7752],[-80.4426,29.813],[-80.4075,29.8432],[-80.36,29.8651],[-80.3,29.8788],[-80.24,29.8723],[-80.18,29.8455],[-80.115,29.8314],[-80.045,29.8301],[-79.9823,29.7998],[-79.9268,29.7407],[-79.8613,29.7025],[-79.7858,29.6851],[-79.7504,29.6547],[-79.7552,29.6112],[-79.7756,29.5721],[-79.8116,29.5373],[-79.831,29.5112],[-79.8339,29.4938],[-79.8171,29.4633],[-79.7807,29.4197],[-79.7616,29.3849],[-79.7598,29.3587],[-79.7516,29.3388],[-79.7372,29.325],[-79.715,29.3184],[-79.685,29.3191],[-79.65,29.3347],[-79.61,29.3653],[-79.55,29.3829],[-79.47,29.3875],[-79.4169,29.357],[-79.3907,29.2913],[-79.3407,29.2488],[-79.2669,29.2296],[-79.185,29.2311],[-79.095,29.2535],[-79.005,29.2613],[-78.915,29.2545],[-78.815,29.2652],[-78.705,29.2935],[-78.6396,29.3041],[-78.6187,29.2969],[-78.6687,29.2472],[-78.7896,29.1548],[-78.8676,29.0893],[-78.9028,29.0507],[-78.9245,29.0182],[-78.9326,28.992],[-78.9303,28.9614],[-78.9176,28.9264],[-78.8919,28.8914],[-78.8532,28.8563],[-78.8371,28.8213],[-78.8438,28.7862],[-78.8345,28.7468],[-78.8093,28.7029],[-78.77,28.6549],[-78.7167,28.6027],[-78.6593,28.5807],[-78.598,28.5891],[-78.5655,28.5757],[-78.5617,28.5405],[-78.5723,28.5145],[-78.5974,28.4976],[-78.635,28.4928],[-78.685,28.5],[-78.775,28.4975],[-78.905,28.4853],[-79.0174,28.4637],[-79.1123,28.4329],[-79.161,28.4087],[-79.1633,28.3911],[-79.148,28.3735],[-79.1149,28.3559],[-79.1094,28.3295],[-79.1314,28.2942],[-79.1437,28.2502],[-79.1461,28.1973],[-79.1343,28.1488],[-79.1082,28.1047],[-79.0789,28.0695],[-79.0463,28.0431],[-79.01,28.049],[-78.97,28.0871],[-78.937,28.1003],[-78.911,28.0886],[-78.916,28.0473],[-78.952,27.9765],[-78.995,27.937],[-79.045,27.9288],[-79.1011,27.9067],[-79.1634,27.8709],[-79.1934,27.8361],[-79.1911,27.8021],[-79.165,27.7811],[-79.115,27.773],[-79.0954,27.759],[-79.1061,27.7391],[-79.1376,27.7247],[-79.1898,27.7159],[-79.2361,27.7336],[-79.2764,27.7779],[-79.3033,27.8221],[-79.3167,27.8663],[-79.3301,27.8931],[-79.3434,27.9025],[-79.36,27.9024],[-79.38,27.8926],[-79.435,27.8353],[-79.525,27.7303],[-79.58,27.6754],[-79.6,27.6708],[-79.625,27.6792],[-79.655,27.7009],[-79.69,27.7157],[-79.73,27.7239],[-79.765,27.725],[-79.795,27.7191],[-79.8222,27.7062],[-79.8465,27.6861],[-79.8565,27.6509],[-79.8522,27.6005],[-79.8,27.5571],[-79.7,27.5205],[-79.6437,27.4836],[-79.631,27.4464],[-79.651,27.4244],[-79.7037,27.4176],[-79.7473,27.3998],[-79.7818,27.3711],[-79.7808,27.3345],[-79.7444,27.2901],[-79.7321,27.2578],[-79.744,27.2377],[-79.77,27.2219],[-79.81,27.2106],[-79.8592,27.1851],[-79.9175,27.1454],[-79.9468,27.1167],[-79.9471,27.0989],[-79.935,27.0766],[-79.9106,27.0499],[-79.9013,27.0297],[-79.9071,27.0162],[-79.9209,27.0073],[-79.9427,27.003],[-79.9777,27.0137],[-80.0259,27.0393],[-80.055,27.0502],[-80.065,27.0463],[-80.0813,27.0068],[-80.104,26.9316],[-80.1086,26.8761],[-80.0951,26.8404],[-80.0936,26.8136],[-80.1041,26.7958],[-80.1445,26.7777],[-80.2148,26.7595],[-80.2704,26.7506],[-80.3113,26.7509],[-80.3451,26.7288],[-80.3719,26.6841],[-80.4083,26.6528],[-80.4544,26.635],[-80.4788,26.6126],[-80.4815,26.5858],[-80.4637,26.5634],[-80.4254,26.5455],[-80.3895,26.5142],[-80.356,26.4695],[-80.3407,26.4157],[-80.3435,26.353],[-80.3662,26.3078],[-80.4087,26.2801],[-80.475,26.2782],[-80.565,26.3022],[-80.6283,26.307],[-80.665,26.2929],[-80.6891,26.2723],[-80.7007,26.2454],[-80.6886,26.2095],[-80.653,26.1647],[-80.6489,26.1214],[-80.6763,26.0796],[-80.7,26.0577],[-80.72,26.0556],[-80.75,26.0632],[-80.79,26.0806],[-80.855,26.0741],[-80.945,26.0438],[-81.005,26.0346],[-81.035,26.0465],[-81.0515,26.0659],[-81.0544,26.0928],[-81.0394,26.1341],[-81.0065,26.1897],[-80.9613,26.2211],[-80.9039,26.2284],[-80.8752,26.2589],[-80.8752,26.3127],[-80.8889,26.3557],[-80.9163,26.388],[-80.95,26.4108],[-80.99,26.4242],[-81.035,26.4273],[-81.085,26.4202],[-81.1239,26.4243],[-81.1516,26.4395],[-81.1719,26.456],[-81.1848,26.4739],[-81.1892,26.5008],[-81.1851,26.5366],[-81.2048,26.5801],[-81.2483,26.6314],[-81.28,26.6597],[-81.3,26.665],[-81.33,26.657],[-81.37,26.6357],[-81.42,26.596],[-81.48,26.5378],[-81.5229,26.5156],[-81.5488,26.5296],[-81.5625,26.5545],[-81.5639,26.5902],[-81.5806,26.626],[-81.6127,26.6618],[-81.6209,26.702],[-81.6052,26.7466],[-81.6205,26.7715],[-81.6668,26.7764],[-81.6954,26.7854],[-81.7061,26.7982],[-81.6994,26.8404],[-81.6751,26.9117],[-81.6711,26.9875],[-81.6875,27.0677],[-81.6843,27.1162],[-81.6614,27.1331],[-81.626,27.142],[-81.5781,27.1429],[-81.5459,27.1656],[-81.5292,27.2101],[-81.5269,27.2501],[-81.5389,27.2857],[-81.5662,27.3085],[-81.6087,27.3185],[-81.645,27.3179],[-81.675,27.3066],[-81.71,27.2719],[-81.75,27.2136],[-81.84,27.1727],[-81.98,27.1491],[-82.0688,27.1121],[-82.1064,27.0617],[-82.1092,27.0232],[-82.0771,26.9964],[-82.0823,26.9697],[-82.1248,26.9429],[-82.167,26.9047],[-82.209,26.855],[-82.2392,26.8327],[-82.2577,26.8378],[-82.2604,26.8538],[-82.2473,26.8805],[-82.2474,26.9028],[-82.2605,26.9207],[-82.2879,26.9389],[-82.3293,26.9575],[-82.3714,26.962],[-82.4143,26.9523],[-82.4543,26.9633],[-82.4914,26.995],[-82.52,27.0114],[-82.54,27.0124],[-82.5786,26.9832],[-82.6359,26.9237],[-82.6809,26.8855],[-82.7136,26.8687],[-82.74,26.8454],[-82.76,26.8156],[-82.7927,26.7927],[-82.8382,26.7769],[-82.8782,26.7489],[-82.9127,26.7088],[-82.945,26.7038],[-82.975,26.7338],[-83.005,26.7524],[-83.035,26.7594],[-83.095,26.7483],[-83.185,26.7191],[-83.29,26.7026],[-83.41,26.6989],[-83.52,26.6863],[-83.62,26.6649],[-83.69,26.6408],[-83.73,26.6141],[-83.815,26.5337],[-83.945,26.3996],[-84.055,26.3619],[-84.145,26.4206],[-84.24,26.4276],[-84.34,26.3828],[-84.41,26.3924],[-84.45,26.4566],[-84.5119,26.4961],[-84.5956,26.5112],[-84.644,26.5366],[-84.657,26.5724],[-84.6801,26.6081],[-84.713,26.6439],[-84.7246,26.6711],[-84.7149,26.6898],[-84.74,26.7174],[-84.8,26.754],[-84.865,26.7688],[-84.935,26.762],[-85.01,26.7428],[-85.09,26.7112],[-85.165,26.7032],[-85.235,26.7189],[-85.3066,26.7195],[-85.3797,26.7048],[-85.4347,26.6991],[-85.4716,26.7022],[-85.4943,26.7067],[-85.5029,26.7125],[-85.5001,26.7198],[-85.4858,26.7288],[-85.4515,26.7375],[-85.3972,26.7459],[-85.36,26.7571],[-85.34,26.771],[-85.3108,26.8159],[-85.2723,26.8917],[-85.2604,26.9429],[-85.275,26.9697],[-85.301,26.992],[-85.3383,27.0098],[-85.3621,27.0588],[-85.3722,27.1389],[-85.4055,27.2078],[-85.4618,27.2654],[-85.49,27.306],[-85.49,27.3295],[-85.485,27.3437],[-85.475,27.3486],[-85.46,27.3367],[-85.44,27.308],[-85.415,27.2886],[-85.385,27.2786],[-85.3573,27.2766],[-85.3319,27.2827],[-85.3161,27.3034],[-85.31,27.339],[-85.2977,27.3682],[-85.2792,27.3911],[-85.2502,27.4],[-85.2107,27.3948],[-85.1707,27.3809],[-85.1302,27.3581],[-85.1,27.3483],[-85.08,27.3513],[-85.0613,27.3626],[-85.0438,27.3824],[-85.035,27.4145],[-85.035,27.4588],[-85.0104,27.4943],[-84.9611,27.5209],[-84.9612,27.5609],[-85.0107,27.614],[-85.0254,27.676],[-85.0053,27.7469],[-84.97,27.8],[-84.9194,27.8354],[-84.8932,27.8663],[-84.8914,27.8928],[-84.9054,27.9132],[-84.9351,27.9273],[-84.98,27.9323],[-85.04,27.928],[-85.1137,27.9474],[-85.2011,27.9905],[-85.2211,28.0256],[-85.1737,28.0526],[-85.08,28.0863],[-84.94,28.1268],[-84.8614,28.1575],[-84.8441,28.1782],[-84.8391,28.199],[-84.8464,28.2199],[-84.87,28.2365],[-84.91,28.2489],[-84.965,28.2504],[-85.035,28.2409],[-85.1305,28.2507],[-85.2516,28.2797],[-85.3175,28.303],[-85.3281,28.3207],[-85.3268,28.3559],[-85.3135,28.4087],[-85.3176,28.4411],[-85.3392,28.4533],[-85.425,28.4542],[-85.575,28.4437],[-85.7222,28.442],[-85.8667,28.4491],[-85.9618,28.4746],[-86.0074,28.5186],[-86.0235,28.5581],[-86.0101,28.5932],[-86.0301,28.6224],[-86.0834,28.6455],[-86.1169,28.6543],[-86.1306,28.6487],[-86.1318,28.6327],[-86.1207,28.6064],[-86.1188,28.5909],[-86.1263,28.5863],[-86.175,28.6143],[-86.265,28.6749],[-86.35,28.6934],[-86.43,28.6698],[-86.58,28.6601],[-86.8,28.6644],[-86.9265,28.7008],[-86.9595,28.7695],[-86.9995,28.8014],[-87.0465,28.7968],[-87.0915,28.8231],[-87.1346,28.8803],[-87.1544,28.9132],[-87.151,28.922],[-87.1294,28.9401],[-87.0898,28.9677],[-87.045,28.989],[-86.995,29.0041],[-86.945,29.0114],[-86.895,29.0111],[-86.845,28.9971],[-86.795,28.9694],[-86.755,28.9534],[-86.725,28.9489],[-86.6356,28.9634],[-86.4868,28.9971],[-86.4072,29.0401],[-86.397,29.0926],[-86.376,29.1406],[-86.3443,29.1843],[-86.3338,29.2156],[-86.3446,29.2345],[-86.365,29.2476],[-86.395,29.255],[-86.4189,29.2718],[-86.4367,29.2978],[-86.4567,29.3162],[-86.4789,29.327],[-86.545,29.3147],[-86.655,29.2794],[-86.75,29.2643],[-86.83,29.2694],[-86.885,29.2559],[-86.915,29.2238],[-86.95,29.2034],[-86.99,29.1947],[-87.035,29.1939],[-87.085,29.2009],[-87.155,29.1982],[-87.245,29.1858],[-87.365,29.1449],[-87.515,29.0755],[-87.6144,29.0428],[-87.6633,29.0468],[-87.6897,29.0663],[-87.6936,29.1013],[-87.7242,29.1265],[-87.7814,29.1418],[-87.85,29.1317],[-87.93,29.0959],[-87.98,29.0601],[-88.0,29.0243],[-88.0272,28.9995],[-88.0616,28.9858],[-88.0866,28.9678],[-88.1022,28.9457],[-88.115,28.9326],[-88.125,28.9287],[-88.1321,28.931],[-88.1363,28.9396],[-88.1199,28.9745]],[[-97.8287,24.9149],[-97.812,25.1324],[-97.782,25.3088],[-97.7388,25.4444],[-97.7184,25.5347],[-97.7209,25.5798],[-97.6938,25.6429],[-97.6369,25.724],[-97.5547,25.9625],[-97.4472,26.3575],[-97.3779,26.5858],[-97.3469,26.6484],[-97.3291,26.702],[-97.3246,26.7466],[-97.3093,26.7902],[-97.2831,26.8328],[-97.245,26.86],[-97.195,26.8718],[-97.16,26.8855],[-97.14,26.9009],[-97.075,26.9885],[-96.965,27.1481],[-96.8823,27.2378],[-96.8268,27.2579],[-96.7214,27.3656],[-96.5662,27.5609],[-96.369,27.7493],[-96.1297,27.931],[-95.97,28.0288],[-95.89,28.0431],[-95.825,28.0628],[-95.775,28.088],[-95.7647,28.074],[-95.794,28.021],[-95.8094,27.9812],[-95.8109,27.9547],[-95.8012,27.9337],[-95.7804,27.9183],[-95.75,27.9115],[-95.71,27.9132],[-95.565,27.9922],[-95.315,28.1484],[-95.16,28.2562],[-95.1,28.3158],[-95.001,28.3812],[-94.8631,28.4523],[-94.7631,28.4963],[-94.701,28.5133],[-94.6609,28.5177],[-94.6428,28.5095],[-94.674,28.479],[-94.7547,28.4263],[-94.8392,28.3559],[-94.9277,28.2678],[-94.9715,28.2116],[-94.9705,28.1874],[-94.95,28.1677],[-94.91,28.1528],[-94.865,28.1559],[-94.815,28.1772],[-94.775,28.2029],[-94.745,28.2329],[-94.6683,28.2639],[-94.5448,28.2959],[-94.4594,28.3515],[-94.4121,28.4306],[-94.3941,28.479],[-94.4056,28.4966],[-94.4048,28.5098],[-94.3917,28.5186],[-94.2364,28.5552],[-93.9388,28.6198],[-93.776,28.6505],[-93.7479,28.6474],[-93.7129,28.633],[-93.671,28.6073],[-93.625,28.5918],[-93.575,28.5867],[-93.525,28.5964],[-93.475,28.6208],[-93.43,28.6349],[-93.39,28.6387],[-93.355,28.6276],[-93.325,28.6017],[-93.2602,28.6074],[-93.1607,28.6448],[-93.0557,28.6702],[-92.9452,28.6836],[-92.8846,28.688],[-92.8737,28.6833],[-92.872,28.6766],[-92.8795,28.6678],[-92.9164,28.6371],[-92.9829,28.5844],[-93.014,28.5405],[-93.0098,28.5054],[-92.9982,28.4797],[-92.9794,28.4635],[-92.91,28.4558],[-92.79,28.4567],[-92.695,28.4673],[-92.625,28.4878],[-92.575,28.4904],[-92.545,28.4752],[-92.475,28.4672],[-92.365,28.4664],[-92.23,28.482],[-92.07,28.5139],[-91.93,28.552],[-91.81,28.5963],[-91.73,28.617],[-91.69,28.6141],[-91.565,28.6294],[-91.355,28.6629],[-91.19,28.6998],[-91.07,28.7402],[-90.91,28.7838],[-90.71,28.8306],[-90.52,28.8606],[-90.34,28.8739],[-90.165,28.9061],[-89.995,28.9572],[-89.84,28.9778],[-89.7,28.9678],[-89.6311,28.9493],[-89.6334,28.9224],[-89.6434,28.8989],[-89.6611,28.8789],[-89.7046,28.857],[-89.7738,28.8332],[-89.8591,28.7556],[-89.9607,28.624],[-89.9811,28.5578],[-89.9204,28.5574],[-89.8,28.5855],[-89.62,28.6422],[-89.516,28.66],[-89.4881,28.6389],[-89.5031,28.6149],[-89.561,28.5881],[-89.6105,28.5529],[-89.6514,28.5095],[-89.6364,28.4684],[-89.5655,28.4297],[-89.49,28.4273],[-89.41,28.4611],[-89.345,28.4665],[-89.295,28.4435],[-89.25,28.4409],[-89.21,28.4588],[-89.155,28.4597],[-89.085,28.4438],[-89.0208,28.4401],[-88.9625,28.4484],[-88.9214,28.4614],[-88.8976,28.479],[-88.8919,28.5142],[-88.9043,28.5669],[-88.9053,28.6035],[-88.8951,28.6242],[-88.88,28.6373],[-88.86,28.6429],[-88.825,28.6391],[-88.775,28.6259],[-88.725,28.6393],[-88.675,28.6793],[-88.64,28.6952],[-88.62,28.687],[-88.6091,28.6693],[-88.6072,28.642],[-88.5922,28.6162],[-88.5641,28.5919],[-88.53,28.5889],[-88.49,28.6072],[-88.395,28.6211],[-88.245,28.6306],[-88.1577,28.6336],[-88.133,28.6301],[-88.1212,28.6152],[-88.1221,28.5888],[-88.1044,28.5673],[-88.0681,28.5506],[-88.02,28.5506],[-87.96,28.5673],[-87.9077,28.5976],[-87.863,28.6415],[-87.783,28.6761],[-87.6677,28.7015],[-87.58,28.7296],[-87.52,28.7606],[-87.46,28.7641],[-87.4,28.7402],[-87.305,28.7374],[-87.175,28.7559],[-87.0819,28.7397],[-87.0256,28.6889],[-87.009,28.6547],[-87.0319,28.6371],[-87.07,28.6251],[-87.1233,28.6185],[-87.17,28.6052],[-87.21,28.5852],[-87.27,28.566],[-87.35,28.5476],[-87.405,28.5389],[-87.435,28.5397],[-87.47,28.5502],[-87.51,28.5702],[-87.63,28.5636],[-87.83,28.5304],[-87.9562,28.4897],[-88.0085,28.4415],[-88.0885,28.39],[-88.1962,28.3352],[-88.28,28.2824],[-88.3399,28.2316],[-88.3849,28.2019],[-88.415,28.1933],[-88.45,28.1905],[-88.49,28.1936],[-88.53,28.2156],[-88.57,28.2568],[-88.61,28.2716],[-88.65,28.2601],[-88.7,28.2566],[-88.76,28.2611],[-88.805,28.2579],[-88.835,28.2469],[-88.875,28.2523],[-88.925,28.274],[-88.97,28.2869],[-89.01,28.2907],[-89.075,28.2807],[-89.165,28.2566],[-89.2114,28.2262],[-89.2141,28.1893],[-89.2256,28.1621],[-89.2458,28.1444],[-89.2694,28.1349],[-89.2965,28.1336],[-89.34,28.1446],[-89.4,28.168],[-89.444,28.1687],[-89.472,28.1466],[-89.4901,28.118],[-89.4981,28.0827],[-89.5291,28.0651],[-89.583,28.0653],[-89.625,28.056],[-89.655,28.0372],[-89.6917,28.0327],[-89.7352,28.0425],[-89.7692,28.0562],[-89.7938,28.0739],[-89.813,28.1003],[-89.8267,28.1356],[-89.8477,28.1575],[-89.8759,28.1661],[-89.98,28.1494],[-90.16,28.1074],[-90.33,28.0841],[-90.49,28.0795],[-90.599,28.0654],[-90.657,28.0416],[-90.732,28.024],[-90.824,28.0126],[-90.895,27.9904],[-90.945,27.9573],[-90.99,27.9398],[-91.03,27.9377],[-91.085,27.919],[-91.155,27.8838],[-91.235,27.8656],[-91.325,27.8647],[-91.4,27.8743],[-91.46,27.8944],[-91.53,27.8858],[-91.61,27.8484],[-91.6633,27.8356],[-91.69,27.8472],[-91.705,27.8663],[-91.7084,27.8928],[-91.7201,27.913],[-91.74,27.9269],[-91.79,27.9262],[-91.87,27.9108],[-91.935,27.905],[-91.985,27.9086],[-92.0231,27.905],[-92.0493,27.8939],[-92.0669,27.8796],[-92.0757,27.8619],[-92.0576,27.8402],[-92.0125,27.8145],[-91.9907,27.7968],[-91.992,27.7871],[-92.0285,27.7557],[-92.1001,27.7026],[-92.2045,27.6774],[-92.3415,27.6801],[-92.455,27.6605],[-92.545,27.6188],[-92.615,27.5983],[-92.665,27.599],[-92.695,27.5964],[-92.7051,27.5904],[-92.7145,27.5609],[-92.7232,27.5076],[-92.7381,27.4728],[-92.7594,27.4564],[-92.7847,27.4519],[-92.814,27.4595],[-92.8445,27.4766],[-92.8763,27.5032],[-92.8967,27.5303],[-92.9056,27.5578],[-92.9578,27.5534],[-93.0534,27.517],[-93.1053,27.4943],[-93.1134,27.4855],[-93.1005,27.4762],[-93.0668,27.4665],[-93.0445,27.4443],[-93.0336,27.4096],[-93.0643,27.3523],[-93.1366,27.2723],[-93.1696,27.2234],[-93.1633,27.2056],[-93.1469,27.1879],[-93.1203,27.1701],[-93.1078,27.1521],[-93.1093,27.134],[-93.125,27.1114],[-93.155,27.0845],[-93.195,27.07],[-93.245,27.0679],[-93.2933,27.0549],[-93.34,27.0308],[-93.385,26.9858],[-93.4283,26.9198],[-93.485,26.868],[-93.555,26.8302],[-93.6294,26.7784],[-93.7082,26.7126],[-93.7468,26.6752],[-93.7454,26.6662],[-93.721,26.6526],[-93.6737,26.6342],[-93.6469,26.6163],[-93.6407,26.5989],[-93.6457,26.5869],[-93.6619,26.5802],[-93.705,26.5788],[-93.775,26.5827],[-93.815,26.6035],[-93.825,26.6411],[-93.85,26.6638],[-93.89,26.6715],[-93.911,26.6809],[-93.913,26.692],[-93.883,26.7034],[-93.821,26.7151],[-93.7474,26.7464],[-93.6621,26.7972],[-93.6156,26.8716],[-93.6079,26.9697],[-93.5855,27.0375],[-93.5485,27.0752],[-93.565,27.0726],[-93.635,27.0296],[-93.6834,26.993],[-93.7101,26.9626],[-93.7801,26.9216],[-93.8934,26.8699],[-93.975,26.8401],[-94.025,26.8324],[-94.066,26.8583],[-94.098,26.9177],[-94.133,26.9551],[-94.171,26.9704],[-94.22,26.9746],[-94.28,26.9675],[-94.345,26.938],[-94.415,26.886],[-94.46,26.8662],[-94.48,26.8786],[-94.5295,26.8692],[-94.6086,26.8381],[-94.6529,26.8091],[-94.6626,26.7824],[-94.6606,26.7466],[-94.647,26.702],[-94.6327,26.6755],[-94.6176,26.6673],[-94.58,26.6647],[-94.52,26.6679],[-94.4553,26.6318],[-94.386,26.5564],[-94.3639,26.4739],[-94.389,26.3844],[-94.4137,26.3202],[-94.4379,26.2816],[-94.4777,26.2412],[-94.5331,26.1992],[-94.5644,26.1647],[-94.5717,26.1377],[-94.559,26.1165],[-94.5263,26.1009],[-94.46,26.0851],[-94.36,26.0691],[-94.3025,26.0724],[-94.2875,26.095],[-94.2813,26.1288],[-94.2837,26.1736],[-94.2762,26.2204],[-94.2587,26.269],[-94.195,26.2668],[-94.085,26.214],[-93.9993,26.1897],[-93.9379,26.1939],[-93.9038,26.1647],[-93.8971,26.1018],[-93.9028,26.0601],[-93.9209,26.0396],[-93.955,26.0217],[-94.005,26.0064],[-94.06,25.974],[-94.12,25.9245],[-94.17,25.9006],[-94.21,25.9023],[-94.25,25.8898],[-94.29,25.8631],[-94.33,25.8476],[-94.37,25.8432],[-94.4089,25.8309],[-94.4466,25.8107],[-94.5566,25.7893],[-94.7389,25.7668],[-94.845,25.7491],[-94.875,25.7363],[-94.9018,25.716],[-94.9253,25.6883],[-94.9385,25.6519],[-94.9413,25.6068],[-94.9244,25.5437],[-94.8878,25.4624],[-94.8846,25.4087],[-94.9149,25.3824],[-94.98,25.3472],[-95.08,25.3031],[-95.1389,25.2665],[-95.1566,25.2375],[-95.1659,25.2048],[-95.1666,25.1686],[-95.1577,25.1346],[-95.1392,25.1026],[-95.12,25.0855],[-95.1,25.0831],[-95.07,25.0912],[-95.03,25.1098],[-95.005,25.11],[-94.995,25.0915],[-94.99,25.0719],[-94.99,25.051],[-95.0145,25.0273],[-95.0636,25.0007],[-95.0863,24.9739],[-95.0827,24.9467],[-95.0432,24.9063],[-94.9677,24.8529],[-94.92,24.8264],[-94.9,24.8269],[-94.8586,24.8627],[-94.7958,24.9338],[-94.7641,24.9829],[-94.7635,25.0101],[-94.7769,25.0418],[-94.8045,25.0781],[-94.8112,25.1016],[-94.7971,25.1123],[-94.73,25.1076],[-94.61,25.0874],[-94.5339,25.0548],[-94.5018,25.0099],[-94.4918,24.9637],[-94.5039,24.9162],[-94.565,24.869],[-94.675,24.8221],[-94.7575,24.7778],[-94.8124,24.7361],[-94.8505,24.688],[-94.8716,24.6334],[-94.867,24.5789],[-94.8368,24.5243],[-94.8488,24.4839],[-94.9029,24.4577],[-94.9378,24.435],[-94.9533,24.4156],[-94.9597,24.3923],[-94.957,24.365],[-94.9406,24.324],[-94.9104,24.2693],[-94.884,24.2305],[-94.8613,24.2076],[-94.8251,24.1847],[-94.7752,24.1621],[-94.735,24.1279],[-94.7044,24.0823],[-94.7143,24.0414],[-94.7648,24.0052],[-94.775,23.9782],[-94.745,23.9603],[-94.735,23.9416],[-94.745,23.9222],[-94.77,23.9027],[-94.81,23.8831],[-94.865,23.8687],[-94.935,23.8595],[-94.9846,23.842],[-95.0137,23.8163],[-95.0311,23.7897],[-95.0365,23.7623],[-95.032,23.7257],[-95.0175,23.6799],[-94.9902,23.6376],[-94.9501,23.5988],[-94.9245,23.5575],[-94.9136,23.5138],[-94.9236,23.4708],[-94.9545,23.4283],[-94.998,23.387],[-95.0541,23.3469],[-95.0991,23.28],[-95.133,23.1864],[-95.225,23.1143],[-95.375,23.0635],[-95.461,23.0138],[-95.483,22.9649],[-95.493,22.8951],[-95.491,22.8041],[-95.535,22.7624],[-95.625,22.7699],[-95.6818,22.7693],[-95.7055,22.7606],[-95.7305,22.7362],[-95.7568,22.696],[-95.795,22.676],[-95.845,22.6762],[-95.8805,22.6501],[-95.9014,22.5978],[-95.9112,22.5486],[-95.91,22.5024],[-95.9246,22.4706],[-95.9549,22.4532],[-96.005,22.4574],[-96.075,22.4831],[-96.1234,22.538],[-96.1502,22.622],[-96.1802,22.6725],[-96.2134,22.6895],[-96.265,22.6913],[-96.335,22.6778],[-96.41,22.6519],[-96.49,22.6136],[-96.5448,22.598],[-96.5743,22.605],[-96.5993,22.6219],[-96.6198,22.6485],[-96.645,22.6609],[-96.675,22.659],[-96.725,22.6238],[-96.795,22.5552],[-96.87,22.547],[-96.95,22.5992],[-97.05,22.6115],[-97.17,22.5838],[-97.245,22.5712],[-97.275,22.5737],[-97.3064,22.5879],[-97.3391,22.614],[-97.3745,22.664],[-97.4127,22.7378],[-97.4333,22.853],[-97.4365,23.0096],[-97.4598,23.1752],[-97.5035,23.3498],[-97.5352,23.5699],[-97.5549,23.8355],[-97.546,24.0075],[-97.5087,24.0863],[-97.4661,24.1547],[-97.4184,24.2129],[-97.3816,24.2784],[-97.3558,24.3513],[-97.3397,24.4225],[-97.3332,24.4919],[-97.345,24.5369],[-97.375,24.5575],[-97.405,24.5633],[-97.435,24.5541],[-97.47,24.5001],[-97.51,24.4011],[-97.56,24.337],[-97.62,24.3079],[-97.66,24.3239],[-97.68,24.3851],[-97.705,24.4304],[-97.735,24.4599],[-97.76,24.4996],[-97.78,24.5496],[-97.8017,24.6325],[-97.8252,24.7482],[-97.8287,24.9149]],[[-85.896,31.062],[-85.7453,31.1405],[-85.6086,31.179],[-85.4857,31.1775],[-85.4507,31.1429],[-85.5036,31.0751],[-85.58,31.0168],[-85.68,30.9682],[-85.765,30.9608],[-85.835,30.9947],[-85.8953,31.0144],[-85.946,31.0199],[-85.896,31.062]],[[-82.6208,31.0398],[-82.5887,31.0741],[-82.5681,31.1126],[-82.5588,31.1554],[-82.539,31.1897],[-82.5088,31.2153],[-82.4983,31.2452],[-82.5074,31.2794],[-82.5065,31.3058],[-82.4955,31.3245],[-82.4727,31.333],[-82.4382,31.3315],[-82.4032,31.3205],[-82.3677,31.3001],[-82.2563,31.2744],[-82.0689,31.2436],[-82.0089,31.2171],[-82.0763,31.195],[-82.195,31.1404],[-82.365,31.0533],[-82.4967,31.0129],[-82.5901,31.0194],[-82.6208,31.0398]],[[-80.1648,31.948],[-80.1468,31.9565],[-80.1358,31.9501],[-80.1319,31.9288],[-80.141,31.9246],[-80.1629,31.9374],[-80.1648,31.948]],[[-75.3868,33.6028],[-75.3489,33.6247],[-75.3214,33.633],[-75.3041,33.6278],[-75.2991,33.6161],[-75.3064,33.5979],[-75.325,33.5797],[-75.355,33.5613],[-75.3789,33.5621],[-75.3968,33.5819],[-75.3868,33.6028]],[[-85.47,30.3337],[-85.43,30.3665],[-85.3503,30.3795],[-85.231,30.3726],[-85.136,30.3879],[-85.0653,30.4254],[-85.01,30.4422],[-84.97,30.4381],[-84.9387,30.4237],[-84.9161,30.3988],[-84.9088,30.3734],[-84.9171,30.3475],[-84.9334,30.3225],[-84.9578,30.2982],[-85.02,30.2585],[-85.12,30.2033],[-85.185,30.179],[-85.215,30.1857],[-85.245,30.2061],[-85.275,30.2402],[-85.33,30.2599],[-85.41,30.2652],[-85.46,30.2802],[-85.48,30.305],[-85.47,30.3337]],[[-81.1248,28.3779],[-81.102,28.4043],[-81.0505,28.4316],[-80.9702,28.4599],[-80.905,28.4752],[-80.855,28.4775],[-80.8187,28.4677],[-80.7961,28.4459],[-80.7885,28.4219],[-80.7959,28.3955],[-80.8372,28.3627],[-80.9124,28.3235],[-80.98,28.3018],[-81.04,28.2975],[-81.0865,28.3127],[-81.1196,28.3474],[-81.1248,28.3779]],[[-81.0598,29.6531],[-81.0266,29.6761],[-80.9533,29.6979],[-80.8398,29.7183],[-80.7648,29.746],[-80.7283,29.7811],[-80.695,29.8254],[-80.665,29.8791],[-80.6,29.9389],[-80.5,30.0049],[-80.385,30.0537],[-80.255,30.0852],[-80.12,30.0902],[-79.98,30.0687],[-79.8954,30.0449],[-79.8662,30.019],[-79.8512,29.9924],[-79.8504,29.965],[-79.895,29.9254],[-79.985,29.8735],[-80.06,29.8487],[-80.12,29.8511],[-80.185,29.862],[-80.255,29.8816],[-80.32,29.8818],[-80.38,29.8625],[-80.4232,29.8392],[-80.4497,29.8117],[-80.4638,29.7806],[-80.4656,29.7459],[-80.4473,29.7065],[-80.4091,29.6623],[-80.35,29.6309],[-80.27,29.6121],[-80.1854,29.5559],[-80.0961,29.4623],[-80.0465,29.3936],[-80.0364,29.35],[-80.0422,29.3108],[-80.0639,29.2759],[-80.0557,29.241],[-80.0177,29.2061],[-79.998,29.1755],[-79.9969,29.1493],[-80.0028,29.1188],[-80.0158,29.0838],[-80.0475,29.0532],[-80.0979,29.027],[-80.1448,29.0132],[-80.1883,29.0118],[-80.235,29.0192],[-80.285,29.0356],[-80.3281,29.0406],[-80.3644,29.0345],[-80.3738,29.0008],[-80.3564,28.9395],[-80.3633,28.8865],[-80.3944,28.8419],[-80.455,28.7854],[-80.545,28.7171],[-80.5711,28.6605],[-80.5332,28.6157],[-80.5113,28.5801],[-80.5054,28.5537],[-80.5082,28.523],[-80.5196,28.4878],[-80.5465,28.4602],[-80.5888,28.4403],[-80.625,28.4291],[-80.655,28.4269],[-80.6935,28.4368],[-80.7406,28.4591],[-80.7668,28.5098],[-80.7722,28.5888],[-80.798,28.6415],[-80.8443,28.6678],[-80.8731,28.7012],[-80.8844,28.7415],[-80.915,28.7644],[-80.965,28.7698],[-80.9985,28.7847],[-81.0155,28.8091],[-81.0105,28.8422],[-80.9835,28.884],[-80.925,28.9156],[-80.835,28.9372],[-80.7866,28.9514],[-80.7798,28.958],[-80.7839,28.9833],[-80.7988,29.027],[-80.7922,29.0608],[-80.7641,29.0847],[-80.73,29.1022],[-80.69,29.1134],[-80.6695,29.1888],[-80.6686,29.3283],[-80.6936,29.4082],[-80.7445,29.4285],[-80.7845,29.459],[-80.8134,29.4996],[-80.8784,29.5337],[-80.9795,29.5612],[-81.0416,29.5917],[-81.0648,29.625],[-81.0598,29.6531]],[[-79.8567,29.8762],[-79.8389,29.8939],[-79.825,29.8982],[-79.815,29.8892],[-79.8239,29.8804],[-79.8517,29.8717],[-79.8567,29.8762]],[[-94.6499,26.7822],[-94.6366,26.8086],[-94.615,26.8264],[-94.585,26.8357],[-94.5552,26.8359],[-94.5257,26.827],[-94.504,26.8091],[-94.4902,26.7824],[-94.4905,26.7556],[-94.5047,26.7288],[-94.5314,26.7078],[-94.5705,26.6928],[-94.6028,26.6928],[-94.6285,26.7078],[-94.6451,26.7288],[-94.6527,26.7556],[-94.6499,26.7822]]]}},{"type":"Feature","properties":{"c":"#00fb90","v0":0.2,"v1":0.25},"geometry":{"type":"Polygon","coordinates":[[[-76.7537,31.9997],[-76.7379,32.0099],[-76.7236,32.0057],[-76.7109,31.987],[-76.7109,31.9744],[-76.7236,31.9679],[-76.7379,31.9721],[-76.7537,31.9871],[-76.7537,31.9997]]]}},{"type":"Feature","properties":{"c":"#00fb90","v0":0.2,"v1":0.25},"geometry":{"type":"Polygon","coordinates":[[[-110.2247,30.6226],[-110.2016,30.6469],[-110.178,30.6512],[-110.1541,30.6355],[-110.1491,30.6133],[-110.163,30.5847],[-110.1817,30.5718],[-110.2052,30.5746],[-110.2218,30.5846],[-110.2315,30.6018],[-110.2247,30.6226]],[[-110.2223,30.6215],[-110.2008,30.6435],[-110.1789,30.6478],[-110.1568,30.6344],[-110.1471,30.619],[-110.1498,30.6018],[-110.1608,30.5873],[-110.1803,30.5754],[-110.2008,30.5797],[-110.2223,30.6002],[-110.2223,30.6215]]]}},{"type":"Feature","properties":{"c":"#00fb90","v0":0.2,"v1":0.25},"geometry":{"type":"Polygon","coordinates":[[[-84.9843,30.1244],[-84.9481,30.1535],[-84.8791,30.1665],[-84.7774,30.1634],[-84.7514,30.1488],[-84.8011,30.1229],[-84.847,30.1056],[-84.8893,30.0969],[-84.9253,30.0908],[-84.9551,30.0873],[-84.9781,30.0916],[-84.9943,30.1038],[-84.9843,30.1244]]]}},{"type":"Feature","properties":{"c":"#00fb90","v0":0.2,"v1":0.25},"geometry":{"type":"Polygon","coordinates":[[[-108.001,29.6803],[-107.9937,29.6882],[-107.9849,29.6882],[-107.9747,29.6803],[-107.9784,29.6764],[-107.9959,29.6764],[-108.001,29.6803]]]}},{"type":"Feature","properties":{"c":"#00fb90","v0":0.2,"v1":0.25},"geometry":{"type":"Polygon","coordinates":[[[-79.3211,29.4689],[-79.2604,29.5062],[-79.1895,29.5149],[-79.1085,29.495],[-79.0735,29.4763],[-79.0845,29.4589],[-79.12,29.442],[-79.18,29.4258],[-79.2454,29.4258],[-79.3161,29.4421],[-79.3211,29.4689]],[[-79.2833,29.4764],[-79.2675,29.4938],[-79.2472,29.5059],[-79.2224,29.5129],[-79.1775,29.5086],[-79.1126,29.4929],[-79.0868,29.4764],[-79.1,29.4589],[-79.1325,29.4458],[-79.1842,29.437],[-79.2303,29.4414],[-79.2709,29.4589],[-79.2833,29.4764]]]}},{"type":"Feature","properties":{"c":"#00fb90","v0":0.2,"v1":0.25},"geometry":{"type":"Polygon","coordinates":[[[-89.9529,28.8461],[-89.9376,28.8607],[-89.9059,28.8607],[-89.8576,28.8461],[-89.8576,28.8316],[-89.9059,28.8172],[-89.9376,28.8172],[-89.9529,28.8316],[-89.9529,28.8461]]]}},{"type":"Feature","properties":{"c":"#00fb90","v0":0.2,"v1":0.25},"geometry":{"type":"Polygon","coordinates":[[[-78.4637,28.6952],[-78.4546,28.7235],[-78.435,28.7393],[-78.405,28.7424],[-78.395,28.7313],[-78.405,28.7058],[-78.42,28.6874],[-78.44,28.676],[-78.4546,28.6729],[-78.4637,28.6783],[-78.4637,28.6952]],[[-78.4526,28.71],[-78.4375,28.7329],[-78.4196,28.7417],[-78.3989,28.7363],[-78.3989,28.7216],[-78.4196,28.6975],[-78.435,28.6839],[-78.445,28.6807],[-78.4525,28.684],[-78.4576,28.6937],[-78.4526,28.71]]]}},{"type":"Feature","properties":{"c":"#00fb90","v0":0.2,"v1":0.25},"geometry":{"type":"Polygon","coordinates":[[[-94.2183,28.3185],[-94.0528,28.4021],[-93.915,28.4498],[-93.805,28.4616],[-93.685,28.4959],[-93.555,28.5527],[-93.4508,28.5797],[-93.3725,28.577],[-93.3216,28.5493],[-93.2981,28.4966],[-93.3022,28.4482],[-93.3341,28.4043],[-93.4,28.3679],[-93.5,28.3391],[-93.61,28.32],[-93.73,28.3106],[-93.82,28.2982],[-93.88,28.2828],[-93.975,28.2759],[-94.105,28.2774],[-94.19,28.2723],[-94.23,28.2603],[-94.2628,28.2599],[-94.2883,28.2711],[-94.2183,28.3185]],[[-94.2102,28.3175],[-94.0501,28.3991],[-93.915,28.4457],[-93.805,28.4571],[-93.68,28.4916],[-93.54,28.5493],[-93.44,28.5768],[-93.38,28.5741],[-93.3358,28.5471],[-93.3073,28.4958],[-93.3073,28.4494],[-93.3358,28.4077],[-93.4,28.3721],[-93.5,28.3426],[-93.61,28.3229],[-93.73,28.3131],[-93.82,28.3005],[-93.88,28.2851],[-93.975,28.2788],[-94.105,28.2817],[-94.19,28.2763],[-94.23,28.2628],[-94.2601,28.2612],[-94.2802,28.2715],[-94.2102,28.3175]]]}},{"type":"Feature","properties":{"c":"#00fb90","v0":0.2,"v1":0.25},"geometry":{"type":"Polygon","coordinates":[[[-80.5036,28.3419],[-80.4412,28.4019],[-80.395,28.4345],[-80.365,28.4398],[-80.34,28.4368],[-80.32,28.4255],[-80.3076,28.4061],[-80.3028,28.3785],[-80.3128,28.3559],[-80.3376,28.3384],[-80.385,28.3204],[-80.455,28.3019],[-80.5012,28.2974],[-80.5236,28.307],[-80.5036,28.3419]],[[-80.4401,28.3821],[-80.4067,28.4169],[-80.375,28.4338],[-80.345,28.4328],[-80.3238,28.4242],[-80.3114,28.408],[-80.3057,28.3911],[-80.3065,28.3735],[-80.3227,28.3552],[-80.3542,28.3364],[-80.3851,28.3276],[-80.4154,28.3288],[-80.4371,28.3383],[-80.4502,28.3559],[-80.4401,28.3821]]]}},{"type":"Feature","properties":{"c":"#00fb90","v0":0.2,"v1":0.25},"geometry":{"type":"Polygon","coordinates":[[[-92.1881,28.043],[-92.1622,28.0695],[-92.107,28.0959],[-92.0227,28.1224],[-91.9677,28.1533],[-91.942,28.1885],[-91.8943,28.2212],[-91.8248,28.2514],[-91.73,28.2627],[-91.61,28.2551],[-91.505,28.2616],[-91.415,28.2822],[-91.3388,28.2754],[-91.2763,28.241],[-91.2467,28.215],[-91.2499,28.1973],[-91.2662,28.1744],[-91.2954,28.146],[-91.365,28.0998],[-91.475,28.0357],[-91.565,28.0029],[-91.635,28.0014],[-91.675,28.0223],[-91.685,28.0655],[-91.715,28.0741],[-91.765,28.0483],[-91.815,28.0339],[-91.865,28.0309],[-91.92,28.0121],[-91.98,27.9774],[-92.05,27.9629],[-92.13,27.9686],[-92.1778,27.9861],[-92.1933,28.0152],[-92.1881,28.043]],[[-91.9351,28.1797],[-91.9241,28.1973],[-91.8914,28.2182],[-91.8371,28.2424],[-91.745,28.252],[-91.615,28.2471],[-91.505,28.2553],[-91.415,28.2766],[-91.352,28.2802],[-91.3159,28.2661],[-91.2883,28.2458],[-91.2689,28.2194],[-91.277,28.1864],[-91.3123,28.1467],[-91.385,28.1],[-91.495,28.0462],[-91.565,28.0225],[-91.595,28.0289],[-91.63,28.0499],[-91.67,28.0856],[-91.715,28.0899],[-91.765,28.0629],[-91.805,28.0502],[-91.835,28.052],[-91.8683,28.0692],[-91.9048,28.1017],[-91.9274,28.1312],[-91.9362,28.1577],[-91.9351,28.1797]],[[-92.1688,28.043],[-92.1472,28.0695],[-92.1098,28.0908],[-92.0566,28.107],[-92.015,28.1151],[-91.985,28.115],[-91.9614,28.1025],[-91.9443,28.0775],[-91.9381,28.0518],[-91.9429,28.0253],[-91.9615,28.0022],[-91.9938,27.9824],[-92.04,27.9741],[-92.1,27.9772],[-92.1424,27.9915],[-92.1672,28.017],[-92.1688,28.043]]]}},{"type":"Feature","properties":{"c":"#00fb90","v0":0.2,"v1":0.25},"geometry":{"type":"Polygon","coordinates":[[[-78.7113,27.9413],[-78.6971,27.9765],[-78.685,27.9947],[-78.675,27.9959],[-78.6658,27.9827],[-78.6574,27.9552],[-78.6624,27.9318],[-78.6808,27.9126],[-78.695,27.9023],[-78.705,27.901],[-78.7121,27.9062],[-78.7163,27.9179],[-78.7113,27.9413]],[[-78.7009,27.9398],[-78.6803,27.9717],[-78.6677,27.9762],[-78.6632,27.953],[-78.6682,27.9344],[-78.6827,27.9202],[-78.6953,27.9158],[-78.7059,27.9211],[-78.7009,27.9398]]]}},{"type":"Feature","properties":{"c":"#00fb90","v0":0.2,"v1":0.25},"geometry":{"type":"Polygon","coordinates":[[[-95.8313,27.6362],[-95.8228,27.6628],[-95.7713,27.7239],[-95.6771,27.8196],[-95.615,27.8715],[-95.585,27.8797],[-95.5579,27.8805],[-95.5337,27.874],[-95.5252,27.8442],[-95.5325,27.7911],[-95.5663,27.7425],[-95.6264,27.6982],[-95.6699,27.6548],[-95.6966,27.6123],[-95.735,27.5872],[-95.785,27.5796],[-95.8164,27.5876],[-95.8292,27.6111],[-95.8313,27.6362]],[[-95.8262,27.6362],[-95.8181,27.6628],[-95.7928,27.6893],[-95.7503,27.7159],[-95.7043,27.7622],[-95.6548,27.8281],[-95.615,27.8655],[-95.585,27.8744],[-95.56,27.8754],[-95.54,27.8686],[-95.5328,27.84],[-95.5384,27.7897],[-95.5732,27.7425],[-95.6372,27.6982],[-95.6794,27.6569],[-95.6998,27.6187],[-95.73,27.5955],[-95.77,27.5873],[-95.8001,27.5931],[-95.8202,27.613],[-95.8262,27.6362]]]}},{"type":"Feature","properties":{"c":"#00fb90","v0":0.2,"v1":0.25},"geometry":{"type":"Polygon","coordinates":[[[-81.6331,27.8594],[-81.6177,27.872],[-81.5949,27.872],[-81.5647,27.8594],[-81.5647,27.84],[-81.5949,27.814],[-81.615,27.802],[-81.625,27.804],[-81.6327,27.8171],[-81.6381,27.841],[-81.6331,27.8594]]]}},{"type":"Feature","properties":{"c":"#00fb90","v0":0.2,"v1":0.25},"geometry":{"type":"Polygon","coordinates":[[[-79.0321,27.8224],[-79.0307,27.8318],[-79.0239,27.8318],[-79.0118,27.8224],[-79.0125,27.8177],[-79.0261,27.8177],[-79.0321,27.8224]]]}},{"type":"Feature","properties":{"c":"#00fb90","v0":0.2,"v1":0.25},"geometry":{"type":"Polygon","coordinates":[[[-78.3649,27.8261],[-78.355,27.8429],[-78.3391,27.8429],[-78.3173,27.8261],[-78.3173,27.8104],[-78.3391,27.7957],[-78.355,27.7957],[-78.3649,27.8104],[-78.3649,27.8261]],[[-78.3617,27.825],[-78.3539,27.8395],[-78.34,27.8395],[-78.32,27.825],[-78.32,27.8114],[-78.34,27.7989],[-78.3539,27.7989],[-78.3617,27.8114],[-78.3617,27.825]]]}},{"type":"Feature","properties":{"c":"#00fb90","v0":0.2,"v1":0.25},"geometry":{"type":"Polygon","coordinates":[[[-79.4746,27.6446],[-79.4049,27.688],[-79.36,27.7089],[-79.34,27.7071],[-79.3227,27.6987],[-79.3081,27.6836],[-79.3043,27.6628],[-79.3111,27.6362],[-79.3283,27.6103],[-79.3561,27.5851],[-79.4049,27.5851],[-79.4746,27.6103],[-79.4746,27.6446]],[[-79.4697,27.6426],[-79.4166,27.6819],[-79.375,27.702],[-79.345,27.7028],[-79.3235,27.6964],[-79.3106,27.6828],[-79.3074,27.6628],[-79.3139,27.6362],[-79.3303,27.6109],[-79.3568,27.587],[-79.4016,27.587],[-79.4647,27.6109],[-79.4697,27.6426]]]}},{"type":"Feature","properties":{"c":"#00fb90","v0":0.2,"v1":0.25},"geometry":{"type":"Polygon","coordinates":[[[-80.6514,27.2279],[-80.6446,27.2901],[-80.6354,27.3257],[-80.6238,27.3345],[-80.601,27.3385],[-80.567,27.3376],[-80.54,27.3316],[-80.52,27.3205],[-80.4962,27.2809],[-80.4687,27.213],[-80.4587,27.1693],[-80.4662,27.1501],[-80.495,27.1348],[-80.545,27.1234],[-80.5848,27.1242],[-80.6145,27.137],[-80.6357,27.1567],[-80.6484,27.1834],[-80.6514,27.2279]],[[-80.6364,27.2412],[-80.6253,27.2946],[-80.5973,27.323],[-80.5524,27.3265],[-80.5125,27.2954],[-80.4776,27.2296],[-80.4607,27.1879],[-80.4621,27.1701],[-80.4696,27.1549],[-80.4832,27.1423],[-80.515,27.1351],[-80.565,27.1334],[-80.5998,27.1397],[-80.6193,27.154],[-80.6322,27.1745],[-80.6387,27.2012],[-80.6364,27.2412]]]}},{"type":"Feature","properties":{"c":"#00fb90","v0":0.2,"v1":0.25},"geometry":{"type":"Polygon","coordinates":[[[-80.2354,27.2212],[-80.2185,27.2702],[-80.195,27.2992],[-80.165,27.3082],[-80.125,27.2978],[-80.075,27.2679],[-80.045,27.2256],[-80.035,27.1708],[-80.04,27.1393],[-80.06,27.1312],[-80.11,27.1393],[-80.19,27.1638],[-80.2335,27.1812],[-80.2404,27.1916],[-80.2354,27.2212]],[[-80.2321,27.2328],[-80.2174,27.2693],[-80.2,27.293],[-80.18,27.3036],[-80.16,27.3073],[-80.14,27.3038],[-80.1105,27.2891],[-80.0714,27.2631],[-80.0492,27.2234],[-80.0437,27.1701],[-80.0482,27.1409],[-80.0627,27.1358],[-80.1088,27.1447],[-80.1864,27.1676],[-80.2288,27.1879],[-80.2359,27.2056],[-80.2321,27.2328]]]}},{"type":"Feature","properties":{"c":"#00fb90","v0":0.2,"v1":0.25},"geometry":{"type":"Polygon","coordinates":[[[-79.7765,27.1429],[-79.7588,27.1776],[-79.7392,27.1954],[-79.7177,27.1963],[-79.7091,27.1701],[-79.7136,27.1167],[-79.7294,27.0881],[-79.7565,27.0845],[-79.7738,27.0934],[-79.7815,27.1148],[-79.7765,27.1429]],[[-79.7737,27.1407],[-79.7579,27.1711],[-79.74,27.1875],[-79.72,27.1901],[-79.7126,27.166],[-79.7178,27.1153],[-79.7328,27.0893],[-79.7576,27.0879],[-79.7729,27.0968],[-79.7787,27.116],[-79.7737,27.1407]]]}},{"type":"Feature","properties":{"c":"#00fb90","v0":0.2,"v1":0.25},"geometry":{"type":"Polygon","coordinates":[[[-79.0981,26.9059],[-79.066,26.9298],[-79.035,26.9412],[-79.005,26.9399],[-78.9839,26.9324],[-78.9716,26.9186],[-78.9657,26.8984],[-78.9662,26.8716],[-78.9495,26.8448],[-78.9155,26.8181],[-78.9063,26.8005],[-78.9221,26.7921],[-78.9417,26.8011],[-78.965,26.8273],[-79.005,26.8446],[-79.0617,26.853],[-79.096,26.8664],[-79.1081,26.8847],[-79.0981,26.9059]],[[-78.9505,26.8248],[-78.9368,26.8295],[-78.9236,26.825],[-78.9109,26.8115],[-78.9109,26.8021],[-78.9236,26.7969],[-78.9368,26.8013],[-78.9505,26.8155],[-78.9505,26.8248]],[[-79.0903,26.9065],[-79.0501,26.9318],[-79.0181,26.9407],[-78.9943,26.9333],[-78.9785,26.9207],[-78.9707,26.9028],[-78.9726,26.884],[-78.9842,26.8643],[-79.015,26.8562],[-79.065,26.8599],[-79.0951,26.8697],[-79.1053,26.8858],[-79.0903,26.9065]]]}},{"type":"Feature","properties":{"c":"#00fb90","v0":0.2,"v1":0.25},"geometry":{"type":"Polygon","coordinates":[[[-79.9132,26.8671],[-79.8895,26.885],[-79.8803,26.885],[-79.8856,26.8671],[-79.8974,26.8582],[-79.9158,26.8582],[-79.9132,26.8671]],[[-79.9056,26.8794],[-79.8952,26.8861],[-79.8886,26.8861],[-79.8858,26.8794],[-79.891,26.8761],[-79.9042,26.8761],[-79.9056,26.8794]]]}},{"type":"Feature","properties":{"c":"#00fb90","v0":0.2,"v1":0.25},"geometry":{"type":"Polygon","coordinates":[[[-78.7885,26.834],[-78.7628,26.857],[-78.7361,26.8615],[-78.7084,26.8474],[-78.7084,26.8249],[-78.7361,26.7938],[-78.76,26.7801],[-78.78,26.7836],[-78.7928,26.7947],[-78.7985,26.8132],[-78.7885,26.834]],[[-78.7862,26.8333],[-78.7621,26.8548],[-78.7372,26.8593],[-78.7117,26.8467],[-78.7117,26.8256],[-78.7372,26.7962],[-78.7589,26.7828],[-78.7767,26.7855],[-78.7888,26.7958],[-78.7951,26.8136],[-78.7862,26.8333]]]}},{"type":"Feature","properties":{"c":"#00fb90","v0":0.2,"v1":0.25},"geometry":{"type":"Polygon","coordinates":[[[-82.6145,26.6171],[-82.5782,26.6707],[-82.5674,26.7243],[-82.5822,26.7779],[-82.5797,26.8154],[-82.5599,26.8368],[-82.54,26.8492],[-82.52,26.8526],[-82.4926,26.833],[-82.4579,26.7903],[-82.4395,26.7422],[-82.4375,26.6886],[-82.4157,26.635],[-82.3743,26.5813],[-82.3539,26.5232],[-82.3545,26.4605],[-82.3586,26.4265],[-82.3662,26.4211],[-82.395,26.434],[-82.445,26.4651],[-82.49,26.48],[-82.53,26.4787],[-82.5707,26.5061],[-82.612,26.5622],[-82.6145,26.6171]],[[-82.6114,26.6171],[-82.5746,26.6707],[-82.5638,26.7243],[-82.5792,26.7779],[-82.5776,26.8144],[-82.5592,26.8338],[-82.54,26.8444],[-82.52,26.8463],[-82.4939,26.8277],[-82.4617,26.7885],[-82.4443,26.7422],[-82.4415,26.6886],[-82.4193,26.635],[-82.3775,26.5813],[-82.3564,26.5276],[-82.3561,26.4739],[-82.3595,26.4428],[-82.3665,26.4343],[-82.395,26.4443],[-82.445,26.4729],[-82.49,26.4861],[-82.53,26.4839],[-82.57,26.5097],[-82.6099,26.5634],[-82.6114,26.6171]]]}},{"type":"Feature","properties":{"c":"#00fb90","v0":0.2,"v1":0.25},"geometry":{"type":"Polygon","coordinates":[[[-79.7551,26.8044],[-79.7384,26.8395],[-79.723,26.8485],[-79.709,26.8312],[-79.704,26.81],[-79.708,26.7848],[-79.72,26.768],[-79.74,26.7595],[-79.7534,26.7631],[-79.7601,26.7789],[-79.7551,26.8044]],[[-79.7527,26.8029],[-79.7376,26.8351],[-79.7238,26.8441],[-79.7115,26.8297],[-79.7065,26.8119],[-79.7088,26.7905],[-79.715,26.7741],[-79.725,26.7626],[-79.7376,26.7643],[-79.7527,26.7793],[-79.7527,26.8029]]]}},{"type":"Feature","properties":{"c":"#00fb90","v0":0.2,"v1":0.25},"geometry":{"type":"Polygon","coordinates":[[[-78.6923,26.6573],[-78.6789,26.6841],[-78.6563,26.7064],[-78.6245,26.7243],[-78.5939,26.7582],[-78.5646,26.8081],[-78.53,26.8317],[-78.49,26.8289],[-78.4456,26.8129],[-78.3969,26.7836],[-78.3753,26.76],[-78.381,26.7422],[-78.4005,26.7198],[-78.4338,26.693],[-78.4754,26.6707],[-78.5251,26.6528],[-78.565,26.6302],[-78.595,26.6029],[-78.625,26.589],[-78.655,26.5886],[-78.6773,26.6022],[-78.6918,26.63],[-78.6923,26.6573]],[[-78.6901,26.6571],[-78.6767,26.6835],[-78.6537,26.7059],[-78.621,26.7241],[-78.591,26.7572],[-78.5637,26.8052],[-78.53,26.8277],[-78.49,26.8248],[-78.4493,26.8098],[-78.4078,26.7826],[-78.3887,26.76],[-78.3919,26.7422],[-78.4086,26.7198],[-78.4389,26.693],[-78.478,26.6714],[-78.526,26.6549],[-78.565,26.6329],[-78.595,26.6054],[-78.625,26.5916],[-78.655,26.5914],[-78.6767,26.6044],[-78.6901,26.6307],[-78.6901,26.6571]]]}},{"type":"Feature","properties":{"c":"#00fb90","v0":0.2,"v1":0.25},"geometry":{"type":"Polygon","coordinates":[[[-93.3488,26.5966],[-93.3096,26.6092],[-93.2748,26.6137],[-93.2443,26.61],[-93.2543,26.6005],[-93.3048,26.5851],[-93.3396,26.5806],[-93.3588,26.587],[-93.3488,26.5966]]]}},{"type":"Feature","properties":{"c":"#00fb90","v0":0.2,"v1":0.25},"geometry":{"type":"Polygon","coordinates":[[[-78.8062,26.5238],[-78.7954,26.5339],[-78.7758,26.5294],[-78.7475,26.5103],[-78.7375,26.4959],[-78.7458,26.4861],[-78.7654,26.4906],[-78.7962,26.5093],[-78.8062,26.5238]],[[-78.7989,26.5218],[-78.793,26.528],[-78.7791,26.5235],[-78.7574,26.5084],[-78.7603,26.5053],[-78.788,26.5142],[-78.7989,26.5218]]]}},{"type":"Feature","properties":{"c":"#00fb90","v0":0.2,"v1":0.25},"geometry":{"type":"Polygon","coordinates":[[[-81.6739,26.4794],[-81.658,26.5082],[-81.6359,26.5216],[-81.6076,26.5197],[-81.6026,26.4867],[-81.6209,26.4226],[-81.64,26.3933],[-81.66,26.3989],[-81.673,26.4176],[-81.6789,26.4492],[-81.6739,26.4794]],[[-81.6716,26.4784],[-81.6572,26.5052],[-81.6392,26.5186],[-81.6176,26.5187],[-81.6046,26.5097],[-81.6002,26.4918],[-81.606,26.461],[-81.622,26.4173],[-81.64,26.3989],[-81.66,26.4057],[-81.6722,26.4231],[-81.6766,26.451],[-81.6716,26.4784]]]}},{"type":"Feature","properties":{"c":"#00fb90","v0":0.2,"v1":0.25},"geometry":{"type":"Polygon","coordinates":[[[-95.6268,26.4247],[-95.6114,26.4515],[-95.5853,26.4737],[-95.5484,26.4911],[-95.515,26.497],[-95.485,26.4915],[-95.4567,26.4739],[-95.4302,26.4441],[-95.4452,26.3981],[-95.5017,26.3359],[-95.5503,26.3135],[-95.5908,26.3309],[-95.6169,26.3575],[-95.6286,26.3933],[-95.6268,26.4247]],[[-95.6151,26.4247],[-95.6012,26.4515],[-95.5782,26.4725],[-95.5461,26.4875],[-95.515,26.4912],[-95.485,26.4835],[-95.4598,26.4671],[-95.4395,26.4418],[-95.4545,26.3996],[-95.5048,26.3404],[-95.5477,26.318],[-95.583,26.3324],[-95.606,26.3575],[-95.6167,26.3933],[-95.6151,26.4247]]]}},{"type":"Feature","properties":{"c":"#00fb90","v0":0.2,"v1":0.25},"geometry":{"type":"Polygon","coordinates":[[[-81.3833,26.353],[-81.3683,26.3799],[-81.3431,26.4029],[-81.3077,26.4221],[-81.275,26.4151],[-81.245,26.3817],[-81.2,26.3633],[-81.14,26.3601],[-81.1061,26.3538],[-81.0984,26.3443],[-81.1184,26.3139],[-81.1661,26.2626],[-81.2181,26.2626],[-81.2742,26.3139],[-81.3244,26.3396],[-81.3686,26.3396],[-81.3833,26.353]],[[-81.3668,26.3712],[-81.3423,26.3985],[-81.32,26.4143],[-81.3,26.4185],[-81.275,26.4043],[-81.245,26.3717],[-81.2008,26.3515],[-81.1424,26.3435],[-81.1324,26.3181],[-81.1708,26.2751],[-81.215,26.276],[-81.265,26.3207],[-81.31,26.3423],[-81.35,26.341],[-81.3723,26.3446],[-81.3768,26.3532],[-81.3668,26.3712]]]}},{"type":"Feature","properties":{"c":"#00fb90","v0":0.2,"v1":0.25},"geometry":{"type":"Polygon","coordinates":[[[-82.3555,26.3978],[-82.3518,26.4067],[-82.34,26.4067],[-82.32,26.3978],[-82.3,26.3835],[-82.28,26.3637],[-82.2767,26.3503],[-82.2902,26.3431],[-82.312,26.353],[-82.3422,26.3799],[-82.3555,26.3978]],[[-82.3256,26.3889],[-82.3001,26.3799],[-82.288,26.3673],[-82.2893,26.351],[-82.3021,26.3555],[-82.3263,26.3807],[-82.3256,26.3889]]]}},{"type":"Feature","properties":{"c":"#00fb90","v0":0.2,"v1":0.25},"geometry":{"type":"Polygon","coordinates":[[[-81.2264,26.1857],[-81.2155,26.2009],[-81.2052,26.2053],[-81.1955,26.1992],[-81.1955,26.1878],[-81.2052,26.1713],[-81.2155,26.1668],[-81.2264,26.1744],[-81.2264,26.1857]]]}},{"type":"Feature","properties":{"c":"#00fb90","v0":0.2,"v1":0.25},"geometry":{"type":"Polygon","coordinates":[[[-95.8358,25.958],[-95.8075,26.021],[-95.7825,26.0624],[-95.7608,26.0823],[-95.74,26.093],[-95.72,26.0946],[-95.7022,26.0801],[-95.6867,26.0497],[-95.6867,25.99],[-95.7022,25.9012],[-95.7378,25.8607],[-95.7933,25.8686],[-95.8283,25.8861],[-95.8427,25.9131],[-95.8358,25.958]],[[-95.8308,25.958],[-95.8026,26.021],[-95.7789,26.0612],[-95.7596,26.0787],[-95.74,26.0878],[-95.72,26.0884],[-95.7032,26.0752],[-95.6896,26.048],[-95.6896,25.9916],[-95.7032,25.9058],[-95.7344,25.8653],[-95.7831,25.8702],[-95.8168,25.8861],[-95.8355,25.9131],[-95.8308,25.958]]]}},{"type":"Feature","properties":{"c":"#00fb90","v0":0.2,"v1":0.25},"geometry":{"type":"Polygon","coordinates":[[[-81.9845,25.9445],[-81.9723,25.9445],[-81.9721,25.9399],[-81.984,25.9306],[-81.9902,25.9306],[-81.9905,25.9399],[-81.9845,25.9445]]]}},{"type":"Feature","properties":{"c":"#00fb90","v0":0.2,"v1":0.25},"geometry":{"type":"Polygon","coordinates":[[[-80.7922,25.8051],[-80.7658,25.8501],[-80.7354,25.8681],[-80.701,25.8591],[-80.6854,25.8289],[-80.6885,25.7776],[-80.715,25.7477],[-80.765,25.7392],[-80.7938,25.7469],[-80.8015,25.7707],[-80.7922,25.8051]],[[-80.7881,25.8043],[-80.7627,25.8478],[-80.7349,25.8658],[-80.7047,25.8583],[-80.6897,25.8302],[-80.6899,25.7814],[-80.715,25.7541],[-80.765,25.7484],[-80.7927,25.7548],[-80.7981,25.7733],[-80.7881,25.8043]]]}},{"type":"Feature","properties":{"c":"#00fb90","v0":0.2,"v1":0.25},"geometry":{"type":"Polygon","coordinates":[[[-78.0461,25.76],[-78.028,25.8231],[-78.0117,25.8575],[-77.9972,25.8635],[-77.9858,25.859],[-77.9775,25.844],[-77.985,25.8051],[-78.0084,25.742],[-78.0276,25.7095],[-78.0425,25.7074],[-78.0513,25.7119],[-78.0539,25.723],[-78.0461,25.76]],[[-78.0427,25.76],[-78.0243,25.8231],[-78.0089,25.8565],[-77.9963,25.8603],[-77.9867,25.8558],[-77.9802,25.843],[-77.989,25.8051],[-78.0131,25.742],[-78.0319,25.715],[-78.0452,25.724],[-78.0427,25.76]]]}},{"type":"Feature","properties":{"c":"#00fb90","v0":0.2,"v1":0.25},"geometry":{"type":"Polygon","coordinates":[[[-81.1677,25.733],[-81.1646,25.742],[-81.1348,25.7525],[-81.0783,25.7645],[-81.0382,25.751],[-81.0145,25.712],[-81.0095,25.689],[-81.0232,25.6821],[-81.0648,25.6911],[-81.1344,25.7161],[-81.1677,25.733]],[[-81.1317,25.7382],[-81.0772,25.7575],[-81.0407,25.7485],[-81.022,25.7111],[-81.0492,25.7015],[-81.1224,25.7195],[-81.1317,25.7382]]]}},{"type":"Feature","properties":{"c":"#00fb90","v0":0.2,"v1":0.25},"geometry":{"type":"Polygon","coordinates":[[[-80.967,25.6817],[-80.9423,25.696],[-80.92,25.7017],[-80.9,25.6986],[-80.89,25.6796],[-80.89,25.6445],[-80.9,25.6248],[-80.92,25.6206],[-80.9423,25.6324],[-80.967,25.6604],[-80.967,25.6817]],[[-80.9584,25.681],[-80.9395,25.6941],[-80.92,25.6989],[-80.9,25.6955],[-80.89,25.6784],[-80.89,25.6478],[-80.9,25.6298],[-80.92,25.6245],[-80.9395,25.635],[-80.9584,25.6613],[-80.9584,25.681]]]}},{"type":"Feature","properties":{"c":"#00fb90","v0":0.2,"v1":0.25},"geometry":{"type":"Polygon","coordinates":[[[-79.2146,25.5967],[-79.1982,25.6215],[-79.175,25.6275],[-79.145,25.6147],[-79.07,25.6233],[-78.95,25.6532],[-78.865,25.6645],[-78.815,25.6571],[-78.7732,25.6407],[-78.7396,25.6151],[-78.7296,25.5906],[-78.7432,25.5672],[-78.7813,25.5311],[-78.8438,25.4823],[-78.8888,25.4182],[-78.9163,25.3387],[-78.939,25.3026],[-78.957,25.3098],[-78.9702,25.3224],[-78.9786,25.3405],[-78.9845,25.3906],[-78.9882,25.4727],[-79.015,25.5235],[-79.065,25.543],[-79.115,25.5453],[-79.165,25.5306],[-79.1982,25.5385],[-79.2146,25.569],[-79.2146,25.5967]],[[-79.212,25.5954],[-79.1973,25.6176],[-79.175,25.6228],[-79.145,25.6107],[-79.065,25.62],[-78.935,25.6506],[-78.85,25.6621],[-78.81,25.6545],[-78.7748,25.6386],[-78.7444,25.6144],[-78.7344,25.5917],[-78.7448,25.5706],[-78.782,25.5345],[-78.846,25.4835],[-78.891,25.4199],[-78.917,25.3439],[-78.9423,25.3168],[-78.9668,25.3386],[-78.9818,25.3916],[-78.9873,25.4757],[-79.015,25.5274],[-79.065,25.5465],[-79.115,25.5487],[-79.165,25.534],[-79.1973,25.541],[-79.212,25.5699],[-79.212,25.5954]]]}},{"type":"Feature","properties":{"c":"#00fb90","v0":0.2,"v1":0.25},"geometry":{"type":"Polygon","coordinates":[[[-78.6707,25.6428],[-78.6569,25.6517],[-78.635,25.6518],[-78.605,25.6429],[-78.5872,25.6294],[-78.5817,25.6113],[-78.5941,25.6023],[-78.6243,25.6023],[-78.649,25.6113],[-78.668,25.6294],[-78.6707,25.6428]],[[-78.6547,25.6384],[-78.6215,25.6384],[-78.6006,25.6294],[-78.5921,25.6113],[-78.6033,25.6049],[-78.6344,25.6101],[-78.6553,25.6191],[-78.6659,25.632],[-78.6547,25.6384]]]}},{"type":"Feature","properties":{"c":"#00fb90","v0":0.2,"v1":0.25},"geometry":{"type":"Polygon","coordinates":[[[-97.034,25.3902],[-97.0113,25.4715],[-96.9841,25.5301],[-96.9525,25.5662],[-96.915,25.5921],[-96.8717,25.6076],[-96.815,25.612],[-96.745,25.6053],[-96.7083,25.5794],[-96.7049,25.5345],[-96.7299,25.4621],[-96.7833,25.3622],[-96.86,25.3093],[-96.96,25.3036],[-97.0188,25.313],[-97.0365,25.3373],[-97.034,25.3902]],[[-97.0262,25.4037],[-96.9992,25.476],[-96.9703,25.5301],[-96.9394,25.5662],[-96.9054,25.5909],[-96.8685,25.6042],[-96.815,25.6058],[-96.745,25.5959],[-96.7091,25.5713],[-96.7074,25.5318],[-96.7324,25.4631],[-96.7841,25.365],[-96.86,25.3163],[-96.96,25.3171],[-97.0174,25.33],[-97.0322,25.3551],[-97.0262,25.4037]]]}},{"type":"Feature","properties":{"c":"#00fb90","v0":0.2,"v1":0.25},"geometry":{"type":"Polygon","coordinates":[[[-94.7323,25.4571],[-94.7174,25.4915],[-94.7,25.4978],[-94.68,25.4759],[-94.6687,25.4541],[-94.6661,25.4326],[-94.6711,25.4182],[-94.6837,25.411],[-94.7024,25.4155],[-94.7273,25.4317],[-94.7323,25.4571]],[[-94.7179,25.466],[-94.7126,25.4821],[-94.7064,25.4866],[-94.6992,25.4795],[-94.6942,25.4635],[-94.6914,25.4386],[-94.6976,25.4341],[-94.7129,25.45],[-94.7179,25.466]]]}},{"type":"Feature","properties":{"c":"#00fb90","v0":0.2,"v1":0.25},"geometry":{"type":"Polygon","coordinates":[[[-81.4107,25.3766],[-81.4043,25.3947],[-81.3933,25.4038],[-81.3778,25.404],[-81.37,25.3927],[-81.37,25.3698],[-81.381,25.3607],[-81.4029,25.3653],[-81.4107,25.3766]],[[-81.4011,25.3771],[-81.3937,25.396],[-81.3849,25.396],[-81.3747,25.3771],[-81.3784,25.3676],[-81.396,25.3676],[-81.4011,25.3771]]]}},{"type":"Feature","properties":{"c":"#00fb90","v0":0.2,"v1":0.25},"geometry":{"type":"Polygon","coordinates":[[[-79.0182,24.9648],[-78.9898,24.992],[-78.9742,25.0192],[-78.9714,25.0464],[-78.9575,25.0736],[-78.9326,25.1007],[-78.9276,25.1383],[-78.9425,25.1862],[-78.945,25.219],[-78.935,25.2367],[-78.925,25.2432],[-78.915,25.2387],[-78.9063,25.2149],[-78.8988,25.172],[-78.8623,25.1188],[-78.7968,25.0554],[-78.7642,25.0011],[-78.7646,24.9557],[-78.7508,24.8832],[-78.7227,24.7833],[-78.739,24.7504],[-78.7997,24.7843],[-78.8366,24.816],[-78.8499,24.8457],[-78.9005,24.8832],[-78.9884,24.9285],[-79.0182,24.9648]],[[-78.9416,25.2131],[-78.9339,25.2296],[-78.9236,25.2341],[-78.9107,25.2267],[-78.9057,25.2063],[-78.9086,25.1731],[-78.9189,25.1686],[-78.9366,25.1927],[-78.9416,25.2131]],[[-79.007,24.9648],[-78.9823,24.9919],[-78.9655,25.0236],[-78.9566,25.0599],[-78.9393,25.0917],[-78.9136,25.1188],[-78.893,25.1316],[-78.8777,25.1298],[-78.8442,25.1027],[-78.7926,25.05],[-78.7588,24.9603],[-78.7426,24.8333],[-78.7534,24.7756],[-78.7911,24.7872],[-78.8193,24.8099],[-78.838,24.8437],[-78.8904,24.8832],[-78.9764,24.9285],[-79.007,24.9648]]]}},{"type":"Feature","properties":{"c":"#00fb90","v0":0.2,"v1":0.25},"geometry":{"type":"Polygon","coordinates":[[[-78.1949,25.1494],[-78.1783,25.1835],[-78.1448,25.1925],[-78.0945,25.1766],[-78.0895,25.1372],[-78.1298,25.0743],[-78.1633,25.0653],[-78.1899,25.11],[-78.1949,25.1494]],[[-78.1931,25.1485],[-78.1777,25.1807],[-78.1466,25.1898],[-78.0998,25.1757],[-78.0827,25.1505],[-78.0953,25.1143],[-78.1137,25.0841],[-78.1379,25.0599],[-78.1627,25.069],[-78.1881,25.1113],[-78.1931,25.1485]]]}},{"type":"Feature","properties":{"c":"#00fb90","v0":0.2,"v1":0.25},"geometry":{"type":"Polygon","coordinates":[[[-97.761,24.8786],[-97.7314,25.0237],[-97.69,25.1047],[-97.6367,25.1216],[-97.585,25.127],[-97.535,25.1208],[-97.5038,25.0988],[-97.4915,25.0608],[-97.5089,25.0056],[-97.5561,24.9331],[-97.5944,24.8378],[-97.6236,24.7198],[-97.6511,24.6536],[-97.677,24.6394],[-97.7068,24.6394],[-97.7405,24.6536],[-97.762,24.6971],[-97.7712,24.7697],[-97.761,24.8786]],[[-97.7571,24.8741],[-97.7354,25.0101],[-97.716,25.0857],[-97.6987,25.1009],[-97.67,25.1117],[-97.63,25.1182],[-97.585,25.1178],[-97.535,25.1105],[-97.5049,25.0906],[-97.4946,25.0581],[-97.5136,25.0056],[-97.5618,24.9331],[-97.6003,24.8378],[-97.6289,24.7198],[-97.6549,24.6553],[-97.6783,24.6446],[-97.705,24.6464],[-97.735,24.6608],[-97.7545,24.7025],[-97.7634,24.7716],[-97.7571,24.8741]]]}},{"type":"Feature","properties":{"c":"#00fb90","v0":0.2,"v1":0.25},"geometry":{"type":"Polygon","coordinates":[[[-79.6153,25.0878],[-79.5984,25.1072],[-79.5829,25.1117],[-79.5687,25.1014],[-79.5687,25.0816],[-79.5829,25.0524],[-79.5984,25.0479],[-79.6153,25.068],[-79.6153,25.0878]],[[-79.6125,25.0868],[-79.5975,25.1042],[-79.5839,25.1087],[-79.5718,25.1004],[-79.5718,25.0828],[-79.5839,25.056],[-79.5975,25.0515],[-79.6125,25.0692],[-79.6125,25.0868]]]}},{"type":"Feature","properties":{"c":"#00fb90","v0":0.2,"v1":0.25},"geometry":{"type":"Polygon","coordinates":[[[-97.3709,24.9054],[-97.3436,24.9589],[-97.31,24.9994],[-97.27,25.0269],[-97.2422,25.0047],[-97.2266,24.9328],[-97.2316,24.8669],[-97.2572,24.8069],[-97.28,24.7769],[-97.3,24.7768],[-97.32,24.7841],[-97.34,24.799],[-97.3586,24.8245],[-97.3759,24.8606],[-97.3709,24.9054]],[[-97.3627,24.9096],[-97.3276,24.9716],[-97.3,25.0089],[-97.28,25.0214],[-97.265,25.0253],[-97.255,25.0206],[-97.2432,24.9879],[-97.2296,24.9272],[-97.2346,24.8727],[-97.2582,24.8245],[-97.28,24.7985],[-97.3,24.7949],[-97.32,24.7986],[-97.34,24.8096],[-97.3576,24.831],[-97.3727,24.8628],[-97.3627,24.9096]]]}},{"type":"Feature","properties":{"c":"#00fb90","v0":0.2,"v1":0.25},"geometry":{"type":"Polygon","coordinates":[[[-78.167,24.9678],[-78.1557,25.0008],[-78.14,25.0165],[-78.12,25.0149],[-78.0997,25.0029],[-78.0791,24.9805],[-78.0633,24.9421],[-78.0525,24.8877],[-78.0728,24.872],[-78.1243,24.8951],[-78.1557,24.9178],[-78.167,24.9401],[-78.167,24.9678]],[[-78.1649,24.9658],[-78.155,24.9951],[-78.14,25.0098],[-78.12,25.0102],[-78.1005,25.0001],[-78.0815,24.9796],[-78.0741,24.9512],[-78.0783,24.9149],[-78.0978,24.9002],[-78.1326,24.907],[-78.155,24.9206],[-78.1649,24.941],[-78.1649,24.9658]]]}},{"type":"Feature","properties":{"c":"#00fb90","v0":0.2,"v1":0.25},"geometry":{"type":"Polygon","coordinates":[[[-78.4715,24.9569],[-78.4572,24.9682],[-78.45,24.9657],[-78.45,24.9493],[-78.455,24.939],[-78.465,24.9349],[-78.4722,24.9375],[-78.4765,24.9466],[-78.4715,24.9569]]]}},{"type":"Feature","properties":{"c":"#00fb90","v0":0.2,"v1":0.25},"geometry":{"type":"Polygon","coordinates":[[[-94.5087,24.5698],[-94.4999,24.6062],[-94.4791,24.6447],[-94.4464,24.6855],[-94.415,24.7089],[-94.385,24.7152],[-94.3692,24.7084],[-94.3677,24.6887],[-94.4035,24.6471],[-94.4766,24.5834],[-94.5087,24.5698]],[[-94.4731,24.6153],[-94.4529,24.6334],[-94.4496,24.6315],[-94.4632,24.6094],[-94.4733,24.6003],[-94.4799,24.6042],[-94.4731,24.6153]]]}},{"type":"Feature","properties":{"c":"#00fb90","v0":0.2,"v1":0.25},"geometry":{"type":"Polygon","coordinates":[[[-78.0896,24.6425],[-78.0816,24.6789],[-78.0707,24.7001],[-78.0569,24.7063],[-78.0456,24.6881],[-78.0369,24.6456],[-78.0419,24.6185],[-78.0606,24.6069],[-78.0759,24.6069],[-78.0878,24.6185],[-78.0896,24.6425]],[[-78.0846,24.6423],[-78.0749,24.6781],[-78.065,24.6967],[-78.055,24.698],[-78.047,24.6801],[-78.0411,24.6429],[-78.0461,24.6196],[-78.062,24.6102],[-78.0749,24.6102],[-78.0846,24.6196],[-78.0846,24.6423]]]}},{"type":"Feature","properties":{"c":"#00fb90","v0":0.2,"v1":0.25},"geometry":{"type":"Polygon","coordinates":[[[-78.9074,24.3416],[-78.8958,24.3585],[-78.87,24.3591],[-78.83,24.3433],[-78.7984,24.3393],[-78.7753,24.3473],[-78.7677,24.3741],[-78.7755,24.4196],[-78.7913,24.4606],[-78.815,24.497],[-78.8192,24.5334],[-78.804,24.5698],[-78.7848,24.588],[-78.7616,24.5881],[-78.73,24.5677],[-78.69,24.5268],[-78.642,24.5085],[-78.5859,24.513],[-78.5459,24.5254],[-78.522,24.5459],[-78.5065,24.5504],[-78.4995,24.5391],[-78.5032,24.5243],[-78.5175,24.5061],[-78.5274,24.4743],[-78.5326,24.4287],[-78.503,24.3923],[-78.4383,24.365],[-78.407,24.3223],[-78.409,24.2641],[-78.415,24.2281],[-78.425,24.2141],[-78.45,24.2032],[-78.49,24.1955],[-78.53,24.2082],[-78.57,24.2416],[-78.615,24.2529],[-78.665,24.2421],[-78.7309,24.2471],[-78.8127,24.268],[-78.8685,24.2921],[-78.8983,24.3194],[-78.9074,24.3416]],[[-78.9032,24.34],[-78.8944,24.3539],[-78.87,24.3527],[-78.83,24.3365],[-78.7946,24.3341],[-78.7638,24.3456],[-78.7661,24.3923],[-78.8016,24.4743],[-78.8172,24.5289],[-78.813,24.5561],[-78.8006,24.5746],[-78.7802,24.5842],[-78.75,24.5685],[-78.71,24.5276],[-78.6517,24.5046],[-78.575,24.4995],[-78.535,24.4702],[-78.5317,24.4166],[-78.5,24.3802],[-78.44,24.3609],[-78.4104,24.324],[-78.4113,24.2693],[-78.4163,24.2343],[-78.4254,24.219],[-78.45,24.2078],[-78.49,24.2007],[-78.53,24.2138],[-78.57,24.247],[-78.615,24.258],[-78.665,24.2468],[-78.7267,24.2505],[-78.8,24.2691],[-78.8544,24.2921],[-78.8899,24.3194],[-78.9032,24.34]]]}},{"type":"Feature","properties":{"c":"#00fb90","v0":0.2,"v1":0.25},"geometry":{"type":"Polygon","coordinates":[[[-79.3123,24.5289],[-79.3051,24.5561],[-79.2937,24.5724],[-79.2779,24.5777],[-79.24,24.5712],[-79.18,24.5527],[-79.1443,24.5318],[-79.1328,24.5086],[-79.1328,24.4895],[-79.1443,24.4744],[-79.165,24.4655],[-79.195,24.4628],[-79.2365,24.4748],[-79.2894,24.5018],[-79.3123,24.5289]],[[-79.3065,24.5289],[-79.2985,24.5561],[-79.2884,24.5714],[-79.2761,24.5747],[-79.24,24.5672],[-79.18,24.549],[-79.1454,24.5292],[-79.1363,24.5077],[-79.1363,24.4907],[-79.1454,24.4782],[-79.165,24.4702],[-79.195,24.4666],[-79.2351,24.4774],[-79.2854,24.5026],[-79.3065,24.5289]]]}},{"type":"Feature","properties":{"c":"#00fb90","v0":0.2,"v1":0.25},"geometry":{"type":"Polygon","coordinates":[[[-94.6055,24.2658],[-94.5818,24.3134],[-94.56,24.3341],[-94.54,24.3279],[-94.53,24.3024],[-94.53,24.2577],[-94.54,24.2316],[-94.56,24.224],[-94.5818,24.2257],[-94.6055,24.2365],[-94.6055,24.2658]],[[-94.5826,24.2724],[-94.5609,24.2968],[-94.5454,24.3013],[-94.5362,24.286],[-94.5357,24.2693],[-94.5438,24.2511],[-94.5576,24.2419],[-94.5771,24.2419],[-94.5885,24.2465],[-94.5918,24.2556],[-94.5826,24.2724]]]}},{"type":"Feature","properties":{"c":"#00fb90","v0":0.2,"v1":0.25},"geometry":{"type":"Polygon","coordinates":[[[-95.1388,23.9858],[-95.0929,24.0211],[-95.05,24.0639],[-95.01,24.1141],[-94.97,24.1298],[-94.93,24.1109],[-94.8982,24.0864],[-94.8747,24.0562],[-94.8647,24.0353],[-94.8682,24.0236],[-94.91,24.0117],[-94.99,23.9997],[-95.05,23.9831],[-95.09,23.962],[-95.1229,23.9556],[-95.1488,23.9639],[-95.1388,23.9858]]]}},{"type":"Feature","properties":{"c":"#00fb90","v0":0.2,"v1":0.25},"geometry":{"type":"Polygon","coordinates":[[[-82.8633,23.9996],[-82.8011,23.9897],[-82.7605,23.9714],[-82.7414,23.9448],[-82.7464,23.9276],[-82.7755,23.9197],[-82.81,23.9269],[-82.85,23.9492],[-82.8761,23.9714],[-82.8883,23.9936],[-82.8633,23.9996]],[[-82.8813,23.9917],[-82.8738,24.0025],[-82.845,24.001],[-82.795,23.9872],[-82.762,23.9681],[-82.7461,23.9437],[-82.7511,23.9288],[-82.777,23.9233],[-82.8138,23.937],[-82.8613,23.9699],[-82.8813,23.9917]]]}},{"type":"Feature","properties":{"c":"#00fb90","v0":0.2,"v1":0.25},"geometry":{"type":"Polygon","coordinates":[[[-82.6395,23.4966],[-82.6388,23.5058],[-82.6307,23.5103],[-82.6151,23.5103],[-82.608,23.5041],[-82.6093,23.4915],[-82.6175,23.4869],[-82.6324,23.4903],[-82.6395,23.4966]]]}},{"type":"Feature","properties":{"c":"#00fb90","v0":0.2,"v1":0.25},"geometry":{"type":"Polygon","coordinates":[[[-83.0888,23.2388],[-83.0763,23.3201],[-83.0184,23.3752],[-82.9151,23.4041],[-82.8451,23.4369],[-82.8084,23.4734],[-82.78,23.4913],[-82.76,23.4906],[-82.725,23.4723],[-82.675,23.4365],[-82.615,23.4325],[-82.545,23.4605],[-82.4894,23.4742],[-82.4482,23.4738],[-82.4607,23.437],[-82.5271,23.3635],[-82.5777,23.2916],[-82.6126,23.2211],[-82.665,23.1836],[-82.735,23.1791],[-82.78,23.1668],[-82.8,23.1467],[-82.835,23.1326],[-82.885,23.1245],[-82.92,23.1024],[-82.94,23.0662],[-82.955,23.0462],[-82.965,23.0425],[-82.9791,23.057],[-82.9973,23.0898],[-83.0246,23.1154],[-83.0608,23.1338],[-83.083,23.1568],[-83.091,23.1844],[-83.0888,23.2388]],[[-83.0863,23.2377],[-83.0754,23.3168],[-83.0166,23.3719],[-82.9099,23.403],[-82.8399,23.4358],[-82.8066,23.4701],[-82.78,23.4868],[-82.76,23.4858],[-82.725,23.4679],[-82.675,23.4329],[-82.615,23.4294],[-82.545,23.4574],[-82.492,23.4719],[-82.4559,23.4731],[-82.4692,23.437],[-82.5318,23.3635],[-82.5737,23.2992],[-82.5949,23.2441],[-82.6166,23.2068],[-82.6389,23.1874],[-82.68,23.1783],[-82.74,23.1795],[-82.785,23.1679],[-82.815,23.1436],[-82.8497,23.1297],[-82.889,23.1263],[-82.924,23.1055],[-82.9547,23.0672],[-82.9774,23.0626],[-82.9922,23.0917],[-83.0178,23.1154],[-83.054,23.1338],[-83.077,23.1568],[-83.0869,23.1844],[-83.0863,23.2377]]]}},{"type":"Feature","properties":{"c":"#00fb90","v0":0.2,"v1":0.25},"geometry":{"type":"Polygon","coordinates":[[[-83.4455,23.3543],[-83.4335,23.3727],[-83.4081,23.3918],[-83.3694,23.4117],[-83.3336,23.4117],[-83.3009,23.3918],[-83.2866,23.3543],[-83.2908,23.2992],[-83.3122,23.2437],[-83.3507,23.1878],[-83.384,23.1649],[-83.4121,23.1748],[-83.4325,23.2211],[-83.4452,23.3038],[-83.4455,23.3543]],[[-83.423,23.3635],[-83.3743,23.4001],[-83.3346,23.4093],[-83.3038,23.391],[-83.2927,23.3543],[-83.3012,23.2992],[-83.3216,23.2447],[-83.3539,23.1906],[-83.3827,23.1676],[-83.4081,23.1757],[-83.4275,23.2211],[-83.4407,23.3038],[-83.423,23.3635]]]}},{"type":"Feature","properties":{"c":"#00fb90","v0":0.2,"v1":0.25},"geometry":{"type":"Polygon","coordinates":[[[-82.6693,22.5255],[-82.6599,22.5439],[-82.6439,22.5574],[-82.6213,22.5657],[-82.58,22.5601],[-82.52,22.5404],[-82.4775,22.5362],[-82.4526,22.5475],[-82.444,22.5716],[-82.4515,22.6086],[-82.4469,22.6547],[-82.4301,22.7101],[-82.4364,22.7562],[-82.466,22.7931],[-82.4758,22.8254],[-82.4659,22.853],[-82.4332,22.8705],[-82.3777,22.8778],[-82.3,22.8607],[-82.2,22.8194],[-82.11,22.8051],[-82.03,22.8178],[-81.97,22.8382],[-81.93,22.8661],[-81.885,22.8777],[-81.835,22.8727],[-81.7889,22.8879],[-81.7467,22.923],[-81.7447,22.9682],[-81.7828,23.0234],[-81.8258,23.0648],[-81.8734,23.0924],[-81.8971,23.1292],[-81.8967,23.1752],[-81.8698,23.195],[-81.8166,23.1888],[-81.7813,23.175],[-81.7639,23.1537],[-81.7577,23.1246],[-81.7628,23.0878],[-81.7399,23.0648],[-81.689,23.0556],[-81.6452,23.0604],[-81.6084,23.0791],[-81.5598,23.0929],[-81.4995,23.1018],[-81.472,23.12],[-81.4775,23.1476],[-81.4966,23.1752],[-81.5292,23.2028],[-81.4916,23.2483],[-81.3839,23.3117],[-81.31,23.3314],[-81.27,23.3075],[-81.22,23.2993],[-81.16,23.3069],[-81.0995,23.2963],[-81.0384,23.2676],[-81.0084,23.2483],[-81.0095,23.2382],[-81.03,23.2325],[-81.07,23.2311],[-81.1047,23.2224],[-81.134,23.2062],[-81.1644,23.1844],[-81.1959,23.1568],[-81.217,23.1292],[-81.2275,23.1016],[-81.2271,23.0816],[-81.2157,23.0692],[-81.185,23.0606],[-81.135,23.0558],[-81.0989,23.0344],[-81.0767,22.9964],[-81.0517,22.9676],[-81.0239,22.9481],[-81.0,22.9368],[-80.98,22.9337],[-80.96,22.9387],[-80.94,22.9518],[-80.9075,22.9907],[-80.8625,23.0555],[-80.8407,23.1108],[-80.8422,23.1568],[-80.8247,23.1935],[-80.7882,23.2211],[-80.75,23.2248],[-80.71,23.2047],[-80.6723,23.1772],[-80.6369,23.1421],[-80.6181,23.0924],[-80.6161,23.028],[-80.5988,22.968],[-80.5663,22.9123],[-80.54,22.889],[-80.52,22.8981],[-80.495,22.9257],[-80.465,22.9718],[-80.43,22.9976],[-80.39,23.0034],[-80.36,23.0041],[-80.34,22.9998],[-80.3244,22.9833],[-80.3131,22.9548],[-80.2831,22.923],[-80.2344,22.888],[-80.1712,22.8696],[-80.0937,22.8678],[-80.0587,22.8556],[-80.0662,22.8331],[-80.085,22.813],[-80.115,22.7954],[-80.16,22.7897],[-80.22,22.7958],[-80.27,22.7929],[-80.31,22.781],[-80.35,22.7493],[-80.39,22.6976],[-80.46,22.6771],[-80.56,22.6877],[-80.6151,22.6857],[-80.6252,22.6712],[-80.6273,22.6317],[-80.6211,22.567],[-80.601,22.5316],[-80.567,22.5255],[-80.5461,22.5163],[-80.5382,22.5039],[-80.5482,22.4887],[-80.5761,22.4705],[-80.5994,22.4659],[-80.6182,22.4748],[-80.6332,22.4903],[-80.6444,22.5123],[-80.7,22.5202],[-80.8,22.5141],[-80.88,22.5213],[-80.94,22.5416],[-80.98,22.5201],[-81.0,22.4569],[-81.0349,22.4295],[-81.0848,22.438],[-81.1138,22.4469],[-81.1219,22.4562],[-81.1147,22.4746],[-81.0921,22.5024],[-81.0581,22.5307],[-81.0127,22.5596],[-80.991,22.5965],[-80.9931,22.6415],[-81.026,22.6732],[-81.0897,22.6916],[-81.1154,22.7239],[-81.103,22.7701],[-81.1101,22.8196],[-81.1367,22.8725],[-81.215,22.9084],[-81.345,22.9272],[-81.4231,22.933],[-81.4494,22.9258],[-81.4654,22.9129],[-81.4711,22.8945],[-81.4429,22.8733],[-81.381,22.8493],[-81.3436,22.817],[-81.3309,22.7765],[-81.3133,22.747],[-81.2907,22.7285],[-81.2787,22.6916],[-81.2771,22.6363],[-81.2611,22.5809],[-81.2307,22.5255],[-81.2191,22.4921],[-81.2264,22.4807],[-81.285,22.4731],[-81.395,22.4693],[-81.47,22.477],[-81.51,22.4962],[-81.565,22.4979],[-81.635,22.482],[-81.6701,22.4892],[-81.6703,22.5195],[-81.6803,22.5447],[-81.7001,22.5648],[-81.72,22.5715],[-81.74,22.5648],[-81.7639,22.5456],[-81.7918,22.5137],[-81.7968,22.4891],[-81.7789,22.4719],[-81.7477,22.4627],[-81.7031,22.4614],[-81.6981,22.4487],[-81.7327,22.4244],[-81.77,22.41],[-81.81,22.4053],[-81.8542,22.4081],[-81.9026,22.4186],[-81.9216,22.4423],[-81.9111,22.4793],[-81.9269,22.5067],[-81.969,22.5246],[-82.0081,22.52],[-82.0443,22.4928],[-82.0743,22.4394],[-82.0981,22.3598],[-82.1238,22.3274],[-82.1514,22.3423],[-82.1615,22.3683],[-82.1542,22.4053],[-82.1554,22.4272],[-82.1651,22.4339],[-82.255,22.4058],[-82.425,22.343],[-82.551,22.3628],[-82.633,22.4651],[-82.6693,22.5255]],[[-82.6664,22.5255],[-82.6567,22.5439],[-82.6414,22.5569],[-82.6205,22.5643],[-82.58,22.5575],[-82.52,22.5364],[-82.4755,22.5327],[-82.4465,22.5464],[-82.4354,22.5716],[-82.4422,22.6086],[-82.4385,22.6547],[-82.4243,22.7101],[-82.4325,22.7562],[-82.463,22.7931],[-82.4729,22.8254],[-82.4622,22.853],[-82.4302,22.8701],[-82.3767,22.8766],[-82.3,22.8587],[-82.2,22.8165],[-82.11,22.8019],[-82.03,22.8149],[-81.97,22.835],[-81.93,22.8623],[-81.885,22.8736],[-81.835,22.8692],[-81.79,22.8787],[-81.75,22.9023],[-81.7281,22.9207],[-81.7243,22.9339],[-81.7401,22.9682],[-81.7755,23.0234],[-81.8185,23.0648],[-81.8692,23.0924],[-81.8934,23.1278],[-81.8911,23.1709],[-81.87,23.1921],[-81.83,23.1913],[-81.8,23.1849],[-81.78,23.1729],[-81.7708,23.1426],[-81.7724,23.0938],[-81.7674,23.0669],[-81.7558,23.0618],[-81.73,23.0565],[-81.69,23.0509],[-81.65,23.0575],[-81.61,23.0764],[-81.565,23.0872],[-81.515,23.09],[-81.4824,23.095],[-81.4673,23.1025],[-81.4615,23.1154],[-81.465,23.1338],[-81.4849,23.1614],[-81.5212,23.1982],[-81.487,23.2474],[-81.3823,23.3092],[-81.31,23.3274],[-81.27,23.3021],[-81.22,23.2938],[-81.16,23.3024],[-81.102,23.2934],[-81.046,23.2667],[-81.0187,23.2487],[-81.0203,23.2395],[-81.0383,23.2346],[-81.0728,23.234],[-81.105,23.2255],[-81.135,23.2093],[-81.1663,23.1866],[-81.1988,23.1576],[-81.2204,23.1292],[-81.2312,23.1016],[-81.2299,23.0808],[-81.2166,23.0669],[-81.1857,23.0577],[-81.1372,23.0532],[-81.102,23.0326],[-81.0803,22.9958],[-81.0546,22.9669],[-81.0249,22.9458],[-81.0,22.9336],[-80.98,22.9303],[-80.96,22.935],[-80.94,22.9479],[-80.9067,22.9877],[-80.8601,23.0544],[-80.8371,23.1108],[-80.8379,23.1568],[-80.8212,23.192],[-80.7871,23.2165],[-80.75,23.2191],[-80.71,23.1999],[-80.6745,23.1739],[-80.6436,23.141],[-80.6259,23.0924],[-80.6216,23.028],[-80.6021,22.9668],[-80.5674,22.9088],[-80.54,22.884],[-80.52,22.8923],[-80.495,22.9203],[-80.465,22.9679],[-80.43,22.9946],[-80.39,23.0003],[-80.3617,23.0013],[-80.345,22.9976],[-80.3307,22.982],[-80.3187,22.9544],[-80.2871,22.9222],[-80.2357,22.8856],[-80.1731,22.8672],[-80.0994,22.867],[-80.0638,22.8576],[-80.0664,22.8392],[-80.0832,22.8198],[-80.1144,22.7994],[-80.16,22.7923],[-80.22,22.7985],[-80.27,22.7956],[-80.31,22.7834],[-80.35,22.7519],[-80.39,22.7011],[-80.46,22.6815],[-80.56,22.6931],[-80.6163,22.6901],[-80.6289,22.6727],[-80.6343,22.6317],[-80.6326,22.567],[-80.6863,22.5295],[-80.7954,22.5191],[-80.883,22.5283],[-80.949,22.5572],[-80.9859,22.5993],[-80.9938,22.6547],[-81.027,22.687],[-81.0855,22.6963],[-81.1094,22.7239],[-81.0988,22.7701],[-81.0987,22.8115],[-81.109,22.8484],[-81.1231,22.8758],[-81.141,22.8937],[-81.225,22.9103],[-81.375,22.9257],[-81.4583,22.9213],[-81.4749,22.8973],[-81.4499,22.8717],[-81.3833,22.8446],[-81.345,22.8124],[-81.3349,22.7749],[-81.319,22.747],[-81.2972,22.7285],[-81.285,22.6916],[-81.2824,22.6363],[-81.2685,22.5763],[-81.2434,22.5116],[-81.2856,22.4773],[-81.3952,22.4735],[-81.47,22.481],[-81.51,22.5],[-81.56,22.5032],[-81.62,22.4908],[-81.6552,22.5017],[-81.6655,22.536],[-81.6805,22.5606],[-81.7002,22.5754],[-81.735,22.5615],[-81.7849,22.519],[-81.8049,22.4899],[-81.795,22.4741],[-81.7681,22.4602],[-81.7242,22.4483],[-81.7342,22.4332],[-81.7981,22.4149],[-81.8511,22.4102],[-81.8934,22.4193],[-81.9111,22.4423],[-81.9042,22.4793],[-81.908,22.5049],[-81.9227,22.5191],[-81.945,22.5291],[-81.975,22.5348],[-82.0133,22.5184],[-82.0599,22.48],[-82.0896,22.4284],[-82.1025,22.3637],[-82.1143,22.3293],[-82.1248,22.3253],[-82.138,22.3345],[-82.1541,22.3571],[-82.1556,22.3822],[-82.1427,22.4099],[-82.1447,22.4295],[-82.1616,22.441],[-82.205,22.4291],[-82.275,22.394],[-82.36,22.362],[-82.46,22.3331],[-82.5503,22.368],[-82.631,22.4668],[-82.6664,22.5255]],[[-80.6163,22.5042],[-80.5988,22.5172],[-80.5774,22.5172],[-80.5522,22.5042],[-80.5522,22.4898],[-80.5774,22.4739],[-80.5988,22.4739],[-80.6163,22.4898],[-80.6163,22.5042]],[[-81.0985,22.4811],[-81.0662,22.5217],[-81.0336,22.5448],[-81.0007,22.5504],[-80.9907,22.5226],[-81.0036,22.4613],[-81.02,22.4289],[-81.04,22.4254],[-81.0662,22.433],[-81.0985,22.4515],[-81.0985,22.4811]]]}},{"type":"Feature","properties":{"c":"#00fb90","v0":0.2,"v1":0.25},"geometry":{"type":"Polygon","coordinates":[[[-82.3874,23.2405],[-82.3358,23.2883],[-82.2627,23.3112],[-82.1681,23.3094],[-82.1231,23.2985],[-82.1277,23.2785],[-82.16,23.2682],[-82.22,23.2674],[-82.275,23.2436],[-82.325,23.1968],[-82.36,23.1734],[-82.38,23.1734],[-82.3958,23.1842],[-82.4074,23.2058],[-82.3874,23.2405]],[[-82.3852,23.2396],[-82.3351,23.2857],[-82.2663,23.3086],[-82.179,23.3085],[-82.1318,23.3038],[-82.1248,23.2947],[-82.1285,23.2849],[-82.1428,23.2747],[-82.175,23.2699],[-82.225,23.2706],[-82.28,23.246],[-82.34,23.1962],[-82.3801,23.1826],[-82.4002,23.2052],[-82.3852,23.2396]]]}},{"type":"Feature","properties":{"c":"#00fb90","v0":0.2,"v1":0.25},"geometry":{"type":"Polygon","coordinates":[[[-83.2662,23.0327],[-83.2421,23.0697],[-83.22,23.0925],[-83.2,23.1012],[-83.1823,23.1011],[-83.167,23.0922],[-83.1641,23.0602],[-83.1735,23.005],[-83.1962,22.9781],[-83.2321,22.9796],[-83.2571,22.9888],[-83.2712,23.0057],[-83.2662,23.0327]],[[-83.2633,23.0319],[-83.2411,23.0672],[-83.22,23.0889],[-83.2,23.0969],[-83.1837,23.0977],[-83.1711,23.0911],[-83.1711,23.0607],[-83.1837,23.0065],[-83.205,22.9808],[-83.235,22.9836],[-83.2561,22.9923],[-83.2683,23.0069],[-83.2633,23.0319]]]}},{"type":"Feature","properties":{"c":"#00fb90","v0":0.2,"v1":0.25},"geometry":{"type":"Polygon","coordinates":[[[-83.4801,23.0096],[-83.469,23.0372],[-83.45,23.0565],[-83.4233,23.0674],[-83.39,23.0537],[-83.35,23.0154],[-83.295,22.9777],[-83.225,22.9407],[-83.1853,22.9084],[-83.1758,22.8807],[-83.1858,22.8532],[-83.2153,22.826],[-83.25,22.813],[-83.29,22.814],[-83.345,22.8437],[-83.415,22.902],[-83.4589,22.9473],[-83.4768,22.9796],[-83.4801,23.0096]],[[-83.4744,23.0096],[-83.4637,23.0372],[-83.4463,23.0555],[-83.4221,23.0645],[-83.3913,23.0507],[-83.354,23.0141],[-83.299,22.9751],[-83.2263,22.9338],[-83.1864,22.9016],[-83.1793,22.8784],[-83.1893,22.8544],[-83.2164,22.8295],[-83.25,22.8173],[-83.29,22.818],[-83.345,22.8482],[-83.415,22.908],[-83.4574,22.9523],[-83.4723,22.9813],[-83.4744,23.0096]]]}},{"type":"Feature","properties":{"c":"#00fb90","v0":0.2,"v1":0.25},"geometry":{"type":"Polygon","coordinates":[[[-83.4817,22.8319],[-83.4739,22.8359],[-83.4673,22.8313],[-83.462,22.8181],[-83.4659,22.8162],[-83.479,22.8254],[-83.4817,22.8319]]]}},{"type":"Feature","properties":{"c":"#00fb90","v0":0.2,"v1":0.25},"geometry":{"type":"Polygon","coordinates":[[[-80.0218,22.7495],[-80.0006,22.773],[-79.97,22.7777],[-79.93,22.7634],[-79.885,22.7737],[-79.835,22.8083],[-79.805,22.8222],[-79.795,22.8152],[-79.782,22.7979],[-79.766,22.7701],[-79.7547,22.6963],[-79.748,22.5763],[-79.776,22.5107],[-79.8387,22.4997],[-79.8847,22.4997],[-79.914,22.5107],[-79.9546,22.5716],[-80.0065,22.6824],[-80.0218,22.7495]],[[-80.0176,22.7483],[-79.9992,22.7692],[-79.97,22.7722],[-79.93,22.7571],[-79.885,22.766],[-79.835,22.7988],[-79.805,22.8122],[-79.795,22.8063],[-79.7832,22.7916],[-79.7696,22.768],[-79.7596,22.6973],[-79.7532,22.5794],[-79.78,22.5145],[-79.84,22.5026],[-79.8835,22.5015],[-79.9105,22.5113],[-79.9498,22.5716],[-80.0012,22.6824],[-80.0176,22.7483]]]}},{"type":"Feature","properties":{"c":"#00fb90","v0":0.2,"v1":0.25},"geometry":{"type":"Polygon","coordinates":[[[-81.7797,22.7285],[-81.7675,22.747],[-81.7436,22.7605],[-81.7079,22.769],[-81.6826,22.7644],[-81.6678,22.7466],[-81.6605,22.7193],[-81.6607,22.6824],[-81.6731,22.6552],[-81.6977,22.6376],[-81.7261,22.6422],[-81.7583,22.669],[-81.7773,22.6916],[-81.7829,22.7101],[-81.7797,22.7285]],[[-81.7758,22.7285],[-81.7624,22.747],[-81.7392,22.7595],[-81.7064,22.7662],[-81.6822,22.757],[-81.6666,22.7319],[-81.6602,22.7055],[-81.6632,22.6778],[-81.676,22.6566],[-81.6987,22.6417],[-81.7251,22.6463],[-81.7554,22.6704],[-81.7736,22.6916],[-81.7796,22.7101],[-81.7758,22.7285]]]}},{"type":"Feature","properties":{"c":"#00fb90","v0":0.25,"v1":1.0},"geometry":{"type":"Polygon","coordinates":[[[-122.4476,54.524],[-122.3607,54.5762],[-122.2804,54.5995],[-122.2068,54.594],[-122.1611,54.594],[-122.1433,54.5995],[-122.146,54.637],[-122.1693,54.7064],[-122.2207,54.7785],[-122.3002,54.8535],[-122.3274,54.9166],[-122.3025,54.9679],[-122.27,54.9899],[-122.23,54.9825],[-122.1885,54.9827],[-122.1456,54.9904],[-122.0648,54.9943],[-121.9462,54.9943],[-121.8786,54.9857],[-121.8622,54.9684],[-121.833,54.9528],[-121.791,54.9386],[-121.73,54.9367],[-121.65,54.9471],[-121.605,54.9471],[-121.595,54.9367],[-121.6008,54.9242],[-121.6224,54.9096],[-121.6353,54.8909],[-121.6394,54.8678],[-121.6286,54.8506],[-121.6029,54.8391],[-121.586,54.8218],[-121.5779,54.7987],[-121.5379,54.7614],[-121.466,54.7098],[-121.3945,54.6809],[-121.3236,54.6748],[-121.2686,54.6549],[-121.2295,54.6213],[-121.2,54.602],[-121.18,54.5969],[-121.105,54.5992],[-120.975,54.6089],[-120.8749,54.6021],[-120.8046,54.579],[-120.7296,54.5341],[-120.6499,54.4674],[-120.5778,54.4267],[-120.5133,54.4121],[-120.4714,54.3873],[-120.4521,54.3524],[-120.4619,54.3145],[-120.5009,54.2736],[-120.5006,54.2386],[-120.4609,54.2093],[-120.4283,54.1646],[-120.4028,54.1042],[-120.415,54.0528],[-120.465,54.0103],[-120.505,53.9906],[-120.535,53.9935],[-120.57,54.0027],[-120.61,54.018],[-120.655,54.0268],[-120.705,54.0289],[-120.74,54.0274],[-120.76,54.0221],[-120.79,54.0049],[-120.83,53.9758],[-120.88,53.9625],[-120.94,53.9651],[-120.9645,53.9472],[-120.9535,53.9086],[-120.9735,53.8881],[-121.0245,53.8855],[-121.065,53.8769],[-121.095,53.8622],[-121.18,53.8676],[-121.32,53.893],[-121.42,53.9019],[-121.48,53.8943],[-121.5162,53.8814],[-121.5286,53.8631],[-121.5186,53.8409],[-121.4862,53.8146],[-121.47,53.7966],[-121.47,53.7869],[-121.4859,53.7735],[-121.5176,53.7563],[-121.5626,53.7479],[-121.6209,53.7484],[-121.6706,53.7573],[-121.7118,53.7745],[-121.7368,53.8144],[-121.7456,53.877],[-121.775,53.9106],[-121.825,53.9153],[-121.8903,53.9371],[-121.9708,53.9759],[-122.0085,54.0129],[-122.0036,54.0482],[-122.0783,54.1001],[-122.2328,54.1686],[-122.3168,54.2183],[-122.3303,54.2493],[-122.3597,54.2882],[-122.405,54.3349],[-122.4241,54.3757],[-122.4171,54.4106],[-122.4329,54.4455],[-122.4716,54.4804],[-122.4476,54.524]],[[-121.6854,54.8247],[-121.6673,54.8304],[-121.6612,54.8285],[-121.6671,54.8188],[-121.675,54.8128],[-121.685,54.8105],[-121.6911,54.8124],[-121.6933,54.8187],[-121.6854,54.8247]],[[-120.8904,54.1218],[-120.8635,54.14],[-120.83,54.1502],[-120.79,54.1524],[-120.7606,54.1492],[-120.7417,54.1405],[-120.7467,54.1234],[-120.7756,54.0978],[-120.8185,54.092],[-120.8754,54.1058],[-120.8904,54.1218]]]}},{"type":"Feature","properties":{"c":"#00fb90","v0":0.25,"v1":1.0},"geometry":{"type":"Polygon","coordinates":[[[-109.7737,54.1483],[-109.7446,54.149],[-109.7265,54.1461],[-109.7194,54.1395],[-109.734,54.1391],[-109.7702,54.145],[-109.7737,54.1483]]]}},{"type":"Feature","properties":{"c":"#00fb90","v0":0.25,"v1":1.0},"geometry":{"type":"Polygon","coordinates":[[[-121.9299,53.7607],[-121.9033,53.7633],[-121.8796,53.7603],[-121.8587,53.7519],[-121.8587,53.7441],[-121.8796,53.7369],[-121.9033,53.7399],[-121.9299,53.7529],[-121.9299,53.7607]]]}},{"type":"Feature","properties":{"c":"#00fb90","v0":0.25,"v1":1.0},"geometry":{"type":"Polygon","coordinates":[[[-122.2049,53.2845],[-122.1816,53.3098],[-122.14,53.323],[-122.08,53.324],[-122.02,53.3332],[-121.96,53.3504],[-121.8816,53.3522],[-121.7847,53.3385],[-121.7118,53.3227],[-121.663,53.3048],[-121.6415,53.2921],[-121.6472,53.2847],[-121.69,53.2772],[-121.77,53.2696],[-121.83,53.2546],[-121.87,53.2325],[-121.9716,53.234],[-122.1349,53.2592],[-122.2049,53.2845]]]}},{"type":"Feature","properties":{"c":"#00fb90","v0":0.25,"v1":1.0},"geometry":{"type":"Polygon","coordinates":[[[-108.6641,53.0231],[-108.6147,53.0294],[-108.54,53.0291],[-108.44,53.0222],[-108.34,53.0267],[-108.24,53.0424],[-108.14,53.0425],[-108.04,53.0268],[-107.97,53.0208],[-107.93,53.0245],[-107.88,53.0234],[-107.82,53.0175],[-107.775,53.0071],[-107.745,52.9921],[-107.71,52.9821],[-107.67,52.977],[-107.6341,52.9648],[-107.6023,52.9454],[-107.6004,52.9236],[-107.6284,52.8995],[-107.6481,52.8723],[-107.6595,52.8421],[-107.7164,52.8248],[-107.8188,52.8204],[-107.885,52.8231],[-107.915,52.833],[-107.95,52.8379],[-107.99,52.8379],[-108.025,52.8441],[-108.055,52.8565],[-108.085,52.8627],[-108.115,52.8629],[-108.2174,52.8842],[-108.3921,52.9265],[-108.5071,52.9621],[-108.5624,52.991],[-108.6147,53.0091],[-108.6641,53.0163],[-108.6641,53.0231]]]}},{"type":"Feature","properties":{"c":"#00fb90","v0":0.25,"v1":1.0},"geometry":{"type":"Polygon","coordinates":[[[-84.4518,49.6686],[-84.4106,49.71],[-84.36,49.7385],[-84.3,49.754],[-84.2475,49.7786],[-84.2025,49.8121],[-84.169,49.845],[-84.147,49.8772],[-84.1595,49.913],[-84.2065,49.9524],[-84.1978,49.9942],[-84.1334,50.0384],[-84.0634,50.0757],[-83.9878,50.106],[-83.9708,50.1541],[-84.0125,50.2199],[-84.0175,50.2601],[-83.9858,50.2747],[-83.915,50.2881],[-83.805,50.3002],[-83.736,50.3121],[-83.7081,50.3236],[-83.6911,50.3422],[-83.6849,50.3677],[-83.6945,50.4092],[-83.7201,50.4665],[-83.7272,50.5078],[-83.7161,50.5333],[-83.7388,50.5555],[-83.7952,50.5746],[-83.7845,50.5905],[-83.7064,50.6031],[-83.6381,50.5971],[-83.5794,50.5724],[-83.5418,50.5629],[-83.5253,50.5686],[-83.5143,50.5809],[-83.5087,50.6],[-83.4919,50.6164],[-83.464,50.6303],[-83.405,50.6417],[-83.315,50.6504],[-83.235,50.6561],[-83.165,50.6586],[-83.119,50.6505],[-83.097,50.6316],[-83.0553,50.6222],[-82.9938,50.6222],[-82.955,50.6254],[-82.9389,50.6317],[-82.9322,50.6412],[-82.9349,50.6539],[-82.9697,50.6669],[-83.0366,50.6803],[-83.0834,50.7025],[-83.1102,50.7334],[-83.1235,50.7552],[-83.1234,50.7679],[-83.105,50.7927],[-83.0683,50.8295],[-82.985,50.8454],[-82.855,50.8404],[-82.765,50.844],[-82.715,50.8562],[-82.605,50.8697],[-82.435,50.8846],[-82.32,50.8874],[-82.26,50.8781],[-82.205,50.8612],[-82.155,50.8367],[-82.115,50.8312],[-82.085,50.8447],[-82.025,50.8477],[-81.935,50.8402],[-81.8769,50.8146],[-81.8508,50.7708],[-81.8258,50.742],[-81.8019,50.7282],[-81.73,50.7146],[-81.61,50.701],[-81.505,50.6805],[-81.415,50.6532],[-81.32,50.6311],[-81.22,50.6141],[-81.0899,50.5971],[-80.9296,50.58],[-80.7736,50.5492],[-80.6218,50.5047],[-80.5021,50.4346],[-80.4145,50.339],[-80.3455,50.2822],[-80.2952,50.2645],[-80.24,50.2295],[-80.18,50.1773],[-80.0944,50.1189],[-79.9832,50.0543],[-79.9174,50.0027],[-79.897,49.9641],[-79.8968,49.9352],[-79.917,49.9158],[-79.9314,49.8901],[-79.9401,49.8579],[-79.9183,49.8159],[-79.8658,49.7643],[-79.8583,49.7223],[-79.8957,49.6899],[-79.9108,49.6543],[-79.9035,49.6155],[-79.9209,49.5733],[-79.9629,49.5279],[-79.9742,49.4955],[-79.9548,49.476],[-79.8963,49.4403],[-79.7988,49.3885],[-79.7317,49.3364],[-79.6951,49.284],[-79.6946,49.2317],[-79.73,49.1794],[-79.7833,49.136],[-79.8544,49.1015],[-79.915,49.0644],[-79.965,49.0248],[-80.0077,48.9994],[-80.0431,48.9884],[-80.0764,48.9533],[-80.1078,48.8942],[-80.1106,48.8482],[-80.085,48.8152],[-80.0735,48.7922],[-80.076,48.779],[-80.1154,48.7499],[-80.1918,48.7048],[-80.34,48.6832],[-80.56,48.685],[-80.705,48.6926],[-80.775,48.706],[-80.818,48.721],[-80.8339,48.7377],[-80.8489,48.747],[-80.863,48.7488],[-80.895,48.7485],[-80.945,48.746],[-80.9787,48.7418],[-80.9961,48.7358],[-81.0016,48.723],[-80.9952,48.7032],[-81.0165,48.6917],[-81.0655,48.6886],[-81.105,48.6803],[-81.135,48.6667],[-81.18,48.6703],[-81.24,48.6911],[-81.295,48.6968],[-81.345,48.6876],[-81.39,48.6898],[-81.43,48.7036],[-81.46,48.7077],[-81.48,48.7024],[-81.505,48.7044],[-81.535,48.7138],[-81.57,48.7122],[-81.61,48.6997],[-81.65,48.6994],[-81.69,48.7113],[-81.715,48.7113],[-81.725,48.6992],[-81.74,48.6914],[-81.76,48.688],[-81.785,48.6919],[-81.815,48.7034],[-81.845,48.7069],[-81.875,48.7024],[-81.905,48.7095],[-81.935,48.7281],[-81.97,48.7372],[-82.01,48.7368],[-82.05,48.7467],[-82.09,48.7669],[-82.125,48.7737],[-82.155,48.7672],[-82.185,48.7673],[-82.215,48.7742],[-82.26,48.7763],[-82.32,48.7737],[-82.37,48.7683],[-82.41,48.76],[-82.4389,48.7666],[-82.4567,48.788],[-82.4393,48.8087],[-82.3867,48.8284],[-82.4219,48.8712],[-82.5449,48.9369],[-82.6799,48.9894],[-82.827,49.0288],[-82.9279,49.0661],[-82.9826,49.1013],[-83.0397,49.1177],[-83.0991,49.1152],[-83.1418,49.1238],[-83.1679,49.1434],[-83.2083,49.1583],[-83.2628,49.1685],[-83.33,49.1884],[-83.41,49.2178],[-83.47,49.2283],[-83.51,49.2198],[-83.5425,49.1967],[-83.5675,49.159],[-83.5925,49.1356],[-83.6175,49.1266],[-83.65,49.1282],[-83.69,49.1404],[-83.735,49.1418],[-83.785,49.1323],[-83.84,49.1276],[-83.9,49.1276],[-84.0,49.1391],[-84.14,49.1621],[-84.2291,49.1881],[-84.2673,49.2172],[-84.2873,49.2388],[-84.2891,49.2532],[-84.285,49.266],[-84.275,49.2773],[-84.26,49.2705],[-84.24,49.2454],[-84.2198,49.2489],[-84.1993,49.2809],[-84.2143,49.3056],[-84.2648,49.323],[-84.3006,49.3458],[-84.3219,49.374],[-84.3572,49.4044],[-84.4066,49.437],[-84.4305,49.4695],[-84.4289,49.5019],[-84.4102,49.5214],[-84.3745,49.5279],[-84.3525,49.5409],[-84.3442,49.5604],[-84.3575,49.5912],[-84.3925,49.6335],[-84.42,49.6475],[-84.44,49.6332],[-84.4556,49.6315],[-84.4668,49.6424],[-84.4518,49.6686]],[[-82.2747,49.5954],[-82.2449,49.62],[-82.21,49.6348],[-82.17,49.6396],[-82.14,49.6573],[-82.12,49.6878],[-82.095,49.701],[-82.065,49.697],[-82.035,49.7065],[-82.005,49.7295],[-81.975,49.7358],[-81.945,49.7253],[-81.91,49.7229],[-81.87,49.7286],[-81.78,49.7233],[-81.64,49.7069],[-81.5615,49.6892],[-81.5445,49.6703],[-81.5519,49.6479],[-81.5838,49.622],[-81.5991,49.5993],[-81.5979,49.5798],[-81.5855,49.5652],[-81.5618,49.5554],[-81.53,49.5525],[-81.49,49.5565],[-81.4653,49.5517],[-81.4559,49.538],[-81.4609,49.5222],[-81.4803,49.5044],[-81.56,49.4905],[-81.7,49.4804],[-81.7952,49.4796],[-81.8457,49.488],[-81.8857,49.5054],[-81.9152,49.5319],[-82.0,49.5484],[-82.14,49.555],[-82.2299,49.5645],[-82.2697,49.5769],[-82.2747,49.5954]],[[-80.9507,50.3874],[-80.8969,50.4269],[-80.8607,50.446],[-80.842,50.4448],[-80.857,50.4205],[-80.9057,50.3732],[-80.935,50.3484],[-80.945,50.3463],[-80.9569,50.3508],[-80.9707,50.3621],[-80.9507,50.3874]]]}},{"type":"Feature","properties":{"c":"#00fb90","v0":0.25,"v1":1.0},"geometry":{"type":"Polygon","coordinates":[[[-69.9058,49.6252],[-69.8655,49.761],[-69.8307,49.845],[-69.8014,49.8772],[-69.7726,49.9001],[-69.7442,49.9137],[-69.64,49.8653],[-69.46,49.7546],[-69.325,49.6954],[-69.235,49.688],[-69.18,49.6877],[-69.16,49.6944],[-69.1503,49.7176],[-69.151,49.7573],[-69.2188,49.8224],[-69.3536,49.9126],[-69.4366,49.9802],[-69.4678,50.0252],[-69.4751,50.073],[-69.4584,50.1235],[-69.421,50.1748],[-69.363,50.2268],[-69.309,50.2655],[-69.2589,50.2911],[-69.2122,50.3326],[-69.1688,50.39],[-69.1378,50.4217],[-69.1193,50.4276],[-69.0993,50.4276],[-69.078,50.4217],[-69.028,50.3758],[-68.9493,50.2898],[-68.895,50.2405],[-68.865,50.2279],[-68.8281,50.223],[-68.7844,50.2258],[-68.7294,50.2563],[-68.6631,50.3144],[-68.5926,50.3463],[-68.5178,50.3521],[-68.4178,50.3323],[-68.2926,50.2869],[-68.13,50.2077],[-67.93,50.0944],[-67.8,50.037],[-67.74,50.0356],[-67.6929,50.0284],[-67.6587,50.0156],[-67.6204,49.9866],[-67.5782,49.9416],[-67.5263,49.8965],[-67.4647,49.8514],[-67.408,49.822],[-67.356,49.8082],[-67.3059,49.7856],[-67.2578,49.7542],[-67.2356,49.719],[-67.2394,49.6802],[-67.2243,49.6446],[-67.1905,49.6122],[-67.1601,49.5733],[-67.1332,49.5279],[-67.0924,49.4858],[-67.0375,49.447],[-66.97,49.4169],[-66.89,49.3955],[-66.8194,49.3856],[-66.7582,49.3873],[-66.7412,49.4272],[-66.7684,49.5052],[-66.782,49.5831],[-66.7821,49.6608],[-66.7741,49.7048],[-66.758,49.715],[-66.72,49.7136],[-66.66,49.7004],[-66.6037,49.6952],[-66.551,49.6982],[-66.5206,49.6964],[-66.5126,49.6899],[-66.519,49.6802],[-66.54,49.6673],[-66.549,49.6576],[-66.5462,49.6511],[-66.5111,49.6399],[-66.4437,49.6239],[-66.36,49.5671],[-66.26,49.4693],[-66.1228,49.3928],[-65.9483,49.3376],[-65.8683,49.2898],[-65.8828,49.2494],[-65.95,49.1854],[-66.07,49.0977],[-66.055,49.0637],[-65.905,49.0835],[-65.7757,49.0887],[-65.667,49.0794],[-65.5742,49.0649],[-65.4973,49.0452],[-65.4503,49.0255],[-65.4334,49.0059],[-65.4511,48.9626],[-65.5037,48.8956],[-65.565,48.8456],[-65.635,48.8125],[-65.6913,48.7769],[-65.7339,48.7387],[-65.7593,48.6999],[-65.7675,48.6602],[-65.8063,48.5983],[-65.8754,48.514],[-65.915,48.4684],[-65.925,48.4614],[-65.955,48.4564],[-66.005,48.4534],[-66.045,48.4333],[-66.075,48.3963],[-66.1186,48.3739],[-66.1758,48.366],[-66.2108,48.3437],[-66.2236,48.3069],[-66.26,48.2859],[-66.32,48.2806],[-66.3778,48.2658],[-66.4333,48.2413],[-66.4683,48.2109],[-66.4828,48.1746],[-66.5121,48.1346],[-66.5562,48.0908],[-66.573,48.0522],[-66.5623,48.0188],[-66.5644,47.9819],[-66.5794,47.9418],[-66.5791,47.9016],[-66.5635,47.8613],[-66.5219,47.811],[-66.4545,47.7505],[-66.4281,47.6961],[-66.4427,47.6478],[-66.475,47.6309],[-66.525,47.6455],[-66.575,47.6702],[-66.625,47.705],[-66.6937,47.7387],[-66.781,47.7712],[-66.841,47.7995],[-66.8737,47.8235],[-66.9314,47.8168],[-67.0142,47.7793],[-67.0706,47.7471],[-67.1006,47.7202],[-67.1192,47.6956],[-67.1264,47.6734],[-67.1361,47.6633],[-67.1484,47.6653],[-67.1621,47.6798],[-67.1773,47.7068],[-67.2062,47.7316],[-67.2487,47.7544],[-67.285,47.7686],[-67.315,47.7743],[-67.3582,47.773],[-67.4145,47.7647],[-67.4502,47.7404],[-67.4654,47.7],[-67.4922,47.6546],[-67.5307,47.604],[-67.59,47.5724],[-67.67,47.5599],[-67.73,47.5438],[-67.77,47.5241],[-67.83,47.5184],[-67.91,47.5268],[-67.98,47.5235],[-68.04,47.5084],[-68.12,47.5084],[-68.22,47.5234],[-68.3,47.5304],[-68.36,47.5294],[-68.4004,47.5329],[-68.4213,47.541],[-68.4413,47.5692],[-68.4604,47.6177],[-68.48,47.6434],[-68.5,47.6462],[-68.54,47.6402],[-68.6,47.6255],[-68.7,47.6537],[-68.84,47.7245],[-68.9185,47.7735],[-68.9355,47.8007],[-68.9605,47.8163],[-68.9935,47.8203],[-69.035,47.8182],[-69.085,47.8103],[-69.125,47.8108],[-69.155,47.8197],[-69.1797,47.8352],[-69.199,47.8571],[-69.2077,47.8747],[-69.2058,47.8881],[-69.1786,47.9083],[-69.1261,47.9351],[-69.0885,47.9619],[-69.0661,47.9886],[-69.0636,48.008],[-69.0812,48.0198],[-69.11,48.0293],[-69.15,48.0363],[-69.1699,48.0437],[-69.1697,48.0516],[-69.1622,48.0622],[-69.1475,48.0756],[-69.0826,48.1039],[-68.9675,48.1472],[-68.865,48.1752],[-68.775,48.1878],[-68.6988,48.2062],[-68.6363,48.2303],[-68.5987,48.249],[-68.5862,48.2623],[-68.5924,48.2744],[-68.6175,48.2852],[-68.715,48.2784],[-68.885,48.254],[-68.9528,48.2619],[-68.9183,48.3021],[-68.8783,48.3292],[-68.8328,48.3431],[-68.765,48.3514],[-68.675,48.3542],[-68.59,48.3714],[-68.51,48.4031],[-68.4479,48.4379],[-68.4037,48.4759],[-68.3753,48.5213],[-68.3629,48.5743],[-68.33,48.6221],[-68.2767,48.6646],[-68.1917,48.7109],[-68.075,48.7607],[-68.005,48.7962],[-67.9817,48.8174],[-67.941,48.8372],[-67.8829,48.8555],[-67.8279,48.8817],[-67.776,48.9159],[-67.7,48.94],[-67.6,48.9539],[-67.5384,48.9696],[-67.5153,48.9872],[-67.4903,49.0174],[-67.4634,49.0601],[-67.425,49.0795],[-67.375,49.0754],[-67.3401,49.077],[-67.3204,49.0842],[-67.3363,49.1205],[-67.3879,49.1859],[-67.4026,49.2284],[-67.3805,49.248],[-67.3564,49.2839],[-67.3302,49.336],[-67.3214,49.3882],[-67.33,49.4402],[-67.3733,49.4772],[-67.4511,49.499],[-67.4973,49.5283],[-67.512,49.5648],[-67.547,49.5951],[-67.6023,49.6192],[-67.64,49.6286],[-67.66,49.6233],[-67.6745,49.6145],[-67.6836,49.6022],[-67.6791,49.5798],[-67.661,49.5474],[-67.6565,49.5301],[-67.6655,49.5279],[-67.715,49.5364],[-67.805,49.5554],[-67.905,49.5539],[-68.015,49.5319],[-68.095,49.523],[-68.145,49.5271],[-68.2158,49.5005],[-68.3073,49.443],[-68.3823,49.4086],[-68.4408,49.3973],[-68.4886,49.3745],[-68.5257,49.3402],[-68.6007,49.3013],[-68.7136,49.2578],[-68.815,49.1975],[-68.905,49.1203],[-68.96,49.081],[-68.98,49.0796],[-69.01,49.0885],[-69.05,49.1077],[-69.085,49.1165],[-69.115,49.1148],[-69.1417,49.1041],[-69.165,49.0845],[-69.1764,49.0616],[-69.1759,49.0354],[-69.2043,49.0245],[-69.2614,49.0289],[-69.315,49.0065],[-69.365,48.9574],[-69.445,48.9465],[-69.555,48.9739],[-69.6613,49.0225],[-69.764,49.0922],[-69.8184,49.1434],[-69.8245,49.1761],[-69.8488,49.2186],[-69.8914,49.2708],[-69.9121,49.3049],[-69.9107,49.3208],[-69.8962,49.3338],[-69.8686,49.344],[-69.8726,49.4012],[-69.9082,49.5052],[-69.9058,49.6252]],[[-67.3115,49.4695],[-67.3092,49.476],[-67.2964,49.4792],[-67.2729,49.4792],[-67.2634,49.4753],[-67.2678,49.4675],[-67.2807,49.4642],[-67.302,49.4655],[-67.3115,49.4695]],[[-67.2286,48.7865],[-67.2029,48.8146],[-67.18,48.8319],[-67.16,48.8385],[-67.1055,48.8311],[-67.0165,48.8095],[-66.9711,48.7955],[-66.9692,48.7889],[-66.9986,48.7626],[-67.0595,48.7166],[-67.105,48.6965],[-67.135,48.7024],[-67.1729,48.7222],[-67.2186,48.7557],[-67.2286,48.7865]],[[-66.5747,48.7901],[-66.5582,48.799],[-66.52,48.8064],[-66.46,48.8122],[-66.415,48.8259],[-66.385,48.8473],[-66.3557,48.8564],[-66.3272,48.8531],[-66.3172,48.8414],[-66.3257,48.8213],[-66.3508,48.8082],[-66.3923,48.8019],[-66.4078,48.779],[-66.3971,48.7394],[-66.4013,48.7077],[-66.4204,48.6838],[-66.44,48.671],[-66.46,48.6692],[-66.4878,48.6746],[-66.5235,48.687],[-66.5518,48.7164],[-66.5726,48.7625],[-66.5747,48.7901]],[[-68.2147,47.821],[-68.1279,47.9418],[-68.0859,48.0067],[-68.0886,48.0161],[-68.11,48.0191],[-68.15,48.0158],[-68.1801,48.0178],[-68.2002,48.0251],[-68.2207,48.0555],[-68.2416,48.109],[-68.1576,48.1924],[-67.9687,48.3056],[-67.8652,48.3721],[-67.8472,48.392],[-67.8462,48.4055],[-67.8621,48.4127],[-67.9247,48.416],[-68.0342,48.4155],[-68.0411,48.4783],[-67.9455,48.6041],[-67.8258,48.6768],[-67.6819,48.6967],[-67.59,48.6964],[-67.55,48.6759],[-67.52,48.6789],[-67.5,48.7053],[-67.46,48.7209],[-67.4,48.7257],[-67.34,48.7256],[-67.28,48.7206],[-67.23,48.7049],[-67.19,48.6786],[-67.15,48.6724],[-67.11,48.6861],[-67.065,48.6929],[-67.015,48.6927],[-66.97,48.6837],[-66.93,48.6659],[-66.85,48.6596],[-66.73,48.6647],[-66.665,48.6647],[-66.655,48.6595],[-66.6415,48.6428],[-66.6246,48.6148],[-66.6221,48.5743],[-66.6341,48.5213],[-66.6324,48.4816],[-66.617,48.455],[-66.6145,48.416],[-66.6248,48.3644],[-66.65,48.3278],[-66.69,48.3064],[-66.7108,48.2857],[-66.7124,48.2657],[-66.7224,48.2483],[-66.7408,48.2336],[-66.7875,48.2136],[-66.8626,48.1884],[-66.9135,48.159],[-66.9403,48.1257],[-66.9627,48.1066],[-66.9809,48.1018],[-67.01,48.1032],[-67.05,48.1109],[-67.095,48.0937],[-67.145,48.0517],[-67.2072,48.0302],[-67.2815,48.0293],[-67.3465,48.0167],[-67.4022,47.9926],[-67.4522,47.9792],[-67.4966,47.9766],[-67.5616,47.9551],[-67.6472,47.9147],[-67.72,47.899],[-67.78,47.908],[-67.8159,47.8913],[-67.8278,47.849],[-67.8525,47.821],[-67.89,47.8076],[-67.9191,47.7902],[-67.9397,47.7687],[-67.97,47.7537],[-68.01,47.7451],[-68.0443,47.7323],[-68.0728,47.7153],[-68.1228,47.7119],[-68.1943,47.7223],[-68.237,47.7357],[-68.2511,47.7523],[-68.2147,47.821]]]}},{"type":"Feature","properties":{"c":"#00fb90","v0":0.25,"v1":1.0},"geometry":{"type":"Polygon","coordinates":[[[-67.9473,49.3781],[-67.9224,49.384],[-67.9091,49.384],[-67.9073,49.3781],[-67.9123,49.3727],[-67.9241,49.3677],[-67.9374,49.3677],[-67.9523,49.3727],[-67.9473,49.3781]]]}},{"type":"Feature","properties":{"c":"#00fb90","v0":0.25,"v1":1.0},"geometry":{"type":"Polygon","coordinates":[[[-88.3261,49.2229],[-88.3154,49.2316],[-88.3065,49.2316],[-88.2994,49.2229],[-88.2994,49.2149],[-88.3065,49.2075],[-88.3154,49.2075],[-88.3261,49.2149],[-88.3261,49.2229]]]}},{"type":"Feature","properties":{"c":"#00fb90","v0":0.25,"v1":1.0},"geometry":{"type":"Polygon","coordinates":[[[-83.4071,49.1352],[-83.3824,49.1514],[-83.3575,49.1547],[-83.3325,49.145],[-83.3222,49.1336],[-83.3268,49.1205],[-83.3393,49.1108],[-83.3598,49.1045],[-83.3824,49.1078],[-83.4071,49.1206],[-83.4071,49.1352]]]}},{"type":"Feature","properties":{"c":"#00fb90","v0":0.25,"v1":1.0},"geometry":{"type":"Polygon","coordinates":[[[-70.858,48.8807],[-70.8393,48.8865],[-70.82,48.8802],[-70.8,48.8616],[-70.7896,48.8323],[-70.7887,48.7924],[-70.7937,48.7699],[-70.8046,48.7648],[-70.817,48.7648],[-70.831,48.7699],[-70.8453,48.7988],[-70.8599,48.8514],[-70.858,48.8807]]]}},{"type":"Feature","properties":{"c":"#00fb90","v0":0.25,"v1":1.0},"geometry":{"type":"Polygon","coordinates":[[[-84.007,48.8303],[-83.9957,48.8407],[-83.9798,48.8374],[-83.9593,48.8204],[-83.965,48.8152],[-83.9968,48.8218],[-84.007,48.8303]]]}},{"type":"Feature","properties":{"c":"#00fb90","v0":0.25,"v1":1.0},"geometry":{"type":"Polygon","coordinates":[[[-121.8707,48.7799],[-121.8569,48.7947],[-121.84,48.8035],[-121.82,48.8063],[-121.7974,48.7988],[-121.7721,48.7812],[-121.7721,48.7628],[-121.7974,48.7435],[-121.82,48.7354],[-121.84,48.7384],[-121.8569,48.748],[-121.8707,48.7643],[-121.8707,48.7799]],[[-121.85,48.7788],[-121.8233,48.7917],[-121.801,48.7917],[-121.7831,48.7788],[-121.7831,48.7649],[-121.801,48.7498],[-121.8233,48.7498],[-121.85,48.7649],[-121.85,48.7788]]]}},{"type":"Feature","properties":{"c":"#00fb90","v0":0.25,"v1":1.0},"geometry":{"type":"Polygon","coordinates":[[[-82.6025,48.789],[-82.5942,48.7959],[-82.5764,48.7992],[-82.5493,48.7989],[-82.5272,48.7955],[-82.51,48.7889],[-82.4994,48.779],[-82.4953,48.7658],[-82.5025,48.7581],[-82.5208,48.7557],[-82.5492,48.7623],[-82.5875,48.7778],[-82.6025,48.789]]]}},{"type":"Feature","properties":{"c":"#00fb90","v0":0.25,"v1":1.0},"geometry":{"type":"Polygon","coordinates":[[[-78.0119,48.7644],[-77.9973,48.7749],[-77.9808,48.7782],[-77.9623,48.7743],[-77.9473,48.7526],[-77.9358,48.713],[-77.9523,48.7097],[-77.9969,48.7427],[-78.0119,48.7644]]]}},{"type":"Feature","properties":{"c":"#00fb90","v0":0.25,"v1":1.0},"geometry":{"type":"Polygon","coordinates":[[[-70.6649,48.6607],[-70.6416,48.675],[-70.607,48.675],[-70.561,48.6607],[-70.5322,48.6371],[-70.5206,48.6041],[-70.5186,48.5852],[-70.5262,48.5804],[-70.555,48.5849],[-70.605,48.5985],[-70.6416,48.6174],[-70.6649,48.6416],[-70.6649,48.6607]]]}},{"type":"Feature","properties":{"c":"#00fb90","v0":0.25,"v1":1.0},"geometry":{"type":"Polygon","coordinates":[[[-70.8599,48.4422],[-70.8266,48.4962],[-70.795,48.5286],[-70.765,48.5396],[-70.735,48.5415],[-70.705,48.5345],[-70.6455,48.5053],[-70.5564,48.4541],[-70.5564,48.4145],[-70.6455,48.3866],[-70.7366,48.3833],[-70.8299,48.4046],[-70.8599,48.4422]]]}},{"type":"Feature","properties":{"c":"#00fb90","v0":0.25,"v1":1.0},"geometry":{"type":"Polygon","coordinates":[[[-66.9459,48.5256],[-66.9353,48.534],[-66.9177,48.5373],[-66.8931,48.5355],[-66.8881,48.5294],[-66.9027,48.5189],[-66.9203,48.5156],[-66.9409,48.5194],[-66.9459,48.5256]]]}},{"type":"Feature","properties":{"c":"#00fb90","v0":0.25,"v1":1.0},"geometry":{"type":"Polygon","coordinates":[[[-66.817,48.5147],[-66.7908,48.5015],[-66.7857,48.4946],[-66.8019,48.4942],[-66.815,48.5008],[-66.8251,48.5145],[-66.817,48.5147]]]}},{"type":"Feature","properties":{"c":"#00fb90","v0":0.25,"v1":1.0},"geometry":{"type":"Polygon","coordinates":[[[-71.9336,48.0823],[-71.8912,48.0823],[-71.8642,48.089],[-71.8527,48.1023],[-71.8626,48.1457],[-71.8939,48.219],[-71.908,48.2657],[-71.905,48.2856],[-71.8784,48.2956],[-71.8282,48.2956],[-71.7812,48.3322],[-71.7373,48.4053],[-71.704,48.4502],[-71.6813,48.4671],[-71.63,48.4806],[-71.55,48.4906],[-71.455,48.4874],[-71.345,48.471],[-71.235,48.4685],[-71.125,48.4799],[-71.075,48.4704],[-71.085,48.44],[-71.127,48.3792],[-71.201,48.288],[-71.231,48.2328],[-71.217,48.2137],[-71.18,48.2048],[-71.12,48.2062],[-71.075,48.2029],[-71.045,48.195],[-71.0183,48.1672],[-70.995,48.1195],[-71.03,48.0769],[-71.1233,48.0395],[-71.1779,48.0094],[-71.1937,47.9867],[-71.1912,47.9518],[-71.1705,47.9049],[-71.1476,47.8755],[-71.1225,47.8637],[-71.08,47.8558],[-71.02,47.8516],[-70.9792,47.834],[-70.9576,47.803],[-70.9926,47.737],[-71.0842,47.6359],[-71.19,47.5944],[-71.31,47.6124],[-71.39,47.6152],[-71.43,47.6028],[-71.485,47.5941],[-71.555,47.5892],[-71.59,47.5751],[-71.59,47.5518],[-71.6,47.5413],[-71.62,47.5438],[-71.6347,47.5653],[-71.6441,47.6057],[-71.6441,47.6339],[-71.6347,47.6498],[-71.6,47.6527],[-71.54,47.6425],[-71.495,47.6423],[-71.465,47.652],[-71.4485,47.6627],[-71.4456,47.6741],[-71.4906,47.6943],[-71.5835,47.7231],[-71.66,47.7586],[-71.72,47.8008],[-71.78,47.8528],[-71.84,47.9147],[-71.8679,47.9598],[-71.8636,47.9879],[-71.8786,48.0119],[-71.9129,48.0315],[-71.9362,48.0516],[-71.9486,48.072],[-71.9336,48.0823]]]}},{"type":"Feature","properties":{"c":"#00fb90","v0":0.25,"v1":1.0},"geometry":{"type":"Polygon","coordinates":[[[-84.8193,46.828],[-84.7633,46.8622],[-84.7403,46.8997],[-84.7504,46.9407],[-84.7468,46.9612],[-84.7295,46.9612],[-84.7137,46.9407],[-84.6993,46.8997],[-84.6747,46.8622],[-84.64,46.828],[-84.6594,46.8033],[-84.7331,46.7881],[-84.7893,46.7881],[-84.828,46.8033],[-84.8193,46.828]]]}},{"type":"Feature","properties":{"c":"#00fb90","v0":0.25,"v1":1.0},"geometry":{"type":"Polygon","coordinates":[[[-84.4956,46.8245],[-84.466,46.8245],[-84.4608,46.8206],[-84.4803,46.8127],[-84.4951,46.8127],[-84.5053,46.8206],[-84.4956,46.8245]]]}},{"type":"Feature","properties":{"c":"#00fb90","v0":0.25,"v1":1.0},"geometry":{"type":"Polygon","coordinates":[[[-85.3147,46.6536],[-85.2716,46.668],[-85.2402,46.668],[-85.2207,46.6536],[-85.2162,46.636],[-85.2266,46.6154],[-85.2263,46.5975],[-85.2154,46.5823],[-85.155,46.5733],[-85.045,46.5705],[-84.9842,46.5678],[-84.9727,46.5652],[-84.9663,46.557],[-84.965,46.5432],[-84.9757,46.5294],[-84.9986,46.5154],[-85.03,46.5109],[-85.07,46.5157],[-85.098,46.5124],[-85.114,46.5008],[-85.124,46.483],[-85.128,46.4588],[-85.145,46.4457],[-85.175,46.4437],[-85.205,46.4626],[-85.2349,46.5026],[-85.267,46.526],[-85.3014,46.5329],[-85.323,46.5639],[-85.3318,46.6188],[-85.3147,46.6536]]]}},{"type":"Feature","properties":{"c":"#00fb90","v0":0.25,"v1":1.0},"geometry":{"type":"Polygon","coordinates":[[[-71.5868,46.1412],[-71.5623,46.1796],[-71.5109,46.1865],[-71.4326,46.162],[-71.4426,46.1389],[-71.5409,46.1171],[-71.5923,46.1102],[-71.5968,46.1181],[-71.5868,46.1412]]]}},{"type":"Feature","properties":{"c":"#00fb90","v0":0.25,"v1":1.0},"geometry":{"type":"Polygon","coordinates":[[[-105.1127,41.1053],[-105.0976,41.1133],[-105.0762,41.1133],[-105.0486,41.1053],[-105.0486,41.0942],[-105.0762,41.0798],[-105.0976,41.0798],[-105.1127,41.0942],[-105.1127,41.1053]]]}},{"type":"Feature","properties":{"c":"#00fb90","v0":0.25,"v1":1.0},"geometry":{"type":"Polygon","coordinates":[[[-105.5667,39.3607],[-105.5543,39.3607],[-105.5486,39.3513],[-105.5495,39.3325],[-105.5557,39.3325],[-105.5672,39.3513],[-105.5667,39.3607]]]}},{"type":"Feature","properties":{"c":"#00fb90","v0":0.25,"v1":1.0},"geometry":{"type":"Polygon","coordinates":[[[-105.2325,38.8664],[-105.2175,38.8709],[-105.2092,38.867],[-105.2075,38.8547],[-105.215,38.8524],[-105.2317,38.8602],[-105.2325,38.8664]]]}},{"type":"Feature","properties":{"c":"#00fb90","v0":0.25,"v1":1.0},"geometry":{"type":"Polygon","coordinates":[[[-106.5247,38.6694],[-106.5149,38.6854],[-106.49,38.6965],[-106.45,38.7027],[-106.4223,38.6986],[-106.4068,38.6842],[-106.3986,38.6653],[-106.3977,38.6418],[-106.4104,38.6194],[-106.4368,38.5979],[-106.46,38.5859],[-106.48,38.5832],[-106.4999,38.6017],[-106.5197,38.6415],[-106.5247,38.6694]]]}},{"type":"Feature","properties":{"c":"#00fb90","v0":0.25,"v1":1.0},"geometry":{"type":"Polygon","coordinates":[[[-106.2817,38.2758],[-106.2606,38.2878],[-106.245,38.2822],[-106.235,38.2588],[-106.24,38.2459],[-106.26,38.2433],[-106.2756,38.2489],[-106.2867,38.2629],[-106.2817,38.2758]]]}},{"type":"Feature","properties":{"c":"#00fb90","v0":0.25,"v1":1.0},"geometry":{"type":"Polygon","coordinates":[[[-105.7092,38.0963],[-105.6964,38.095],[-105.6803,38.0832],[-105.6609,38.0608],[-105.6559,38.0427],[-105.6653,38.0288],[-105.6764,38.0249],[-105.6893,38.0309],[-105.7007,38.0496],[-105.7107,38.0811],[-105.7092,38.0963]]]}},{"type":"Feature","properties":{"c":"#00fb90","v0":0.25,"v1":1.0},"geometry":{"type":"Polygon","coordinates":[[[-107.9922,38.0101],[-107.9774,38.0255],[-107.9621,38.0255],[-107.9464,38.0101],[-107.9464,37.9978],[-107.9621,37.9887],[-107.9774,37.9887],[-107.9922,37.9978],[-107.9922,38.0101]]]}},{"type":"Feature","properties":{"c":"#00fb90","v0":0.25,"v1":1.0},"geometry":{"type":"Polygon","coordinates":[[[-107.5414,38.0001],[-107.4938,37.9955],[-107.4635,37.9837],[-107.4505,37.9646],[-107.4605,37.955],[-107.4935,37.9549],[-107.5238,37.9667],[-107.5514,37.9905],[-107.5414,38.0001]]]}},{"type":"Feature","properties":{"c":"#00fb90","v0":0.25,"v1":1.0},"geometry":{"type":"Polygon","coordinates":[[[-108.3071,37.7379],[-108.2957,37.7458],[-108.2872,37.7418],[-108.2817,37.726],[-108.2874,37.7221],[-108.3044,37.73],[-108.3071,37.7379]]]}},{"type":"Feature","properties":{"c":"#00fb90","v0":0.25,"v1":1.0},"geometry":{"type":"Polygon","coordinates":[[[-108.445,37.6288],[-108.4217,37.64],[-108.385,37.6464],[-108.335,37.6477],[-108.295,37.6582],[-108.265,37.6777],[-108.2351,37.6675],[-108.2054,37.6274],[-108.2004,37.6003],[-108.2201,37.5863],[-108.2867,37.5902],[-108.4,37.6122],[-108.445,37.6288]]]}},{"type":"Feature","properties":{"c":"#00fb90","v0":0.25,"v1":1.0},"geometry":{"type":"Polygon","coordinates":[[[-112.6693,37.3977],[-112.6431,37.4227],[-112.6183,37.4227],[-112.595,37.3977],[-112.605,37.3809],[-112.6483,37.3724],[-112.6731,37.3724],[-112.6793,37.3809],[-112.6693,37.3977]]]}},{"type":"Feature","properties":{"c":"#00fb90","v0":0.25,"v1":1.0},"geometry":{"type":"Polygon","coordinates":[[[-112.9333,37.3855],[-112.9178,37.3862],[-112.9099,37.3822],[-112.9097,37.3736],[-112.9175,37.3732],[-112.9332,37.3812],[-112.9333,37.3855]]]}},{"type":"Feature","properties":{"c":"#00fb90","v0":0.25,"v1":1.0},"geometry":{"type":"Polygon","coordinates":[[[-107.0722,37.3744],[-107.0574,37.3848],[-107.0411,37.3809],[-107.0234,37.3625],[-107.0234,37.3505],[-107.0411,37.3449],[-107.0574,37.3489],[-107.0722,37.3624],[-107.0722,37.3744]]]}},{"type":"Feature","properties":{"c":"#00fb90","v0":0.25,"v1":1.0},"geometry":{"type":"Polygon","coordinates":[[[-105.4414,37.2669],[-105.4205,37.2849],[-105.4024,37.2889],[-105.3873,37.2788],[-105.3873,37.2638],[-105.4024,37.2439],[-105.42,37.2354],[-105.44,37.2382],[-105.4505,37.2442],[-105.4514,37.2533],[-105.4414,37.2669]]]}},{"type":"Feature","properties":{"c":"#00fb90","v0":0.25,"v1":1.0},"geometry":{"type":"Polygon","coordinates":[[[-107.0401,37.098],[-107.0067,37.1288],[-106.96,37.1365],[-106.9,37.121],[-106.845,37.1275],[-106.795,37.156],[-106.7582,37.1643],[-106.7345,37.1523],[-106.7457,37.1105],[-106.7919,37.0387],[-106.8687,37.0143],[-106.9762,37.0375],[-107.0367,37.0574],[-107.0501,37.0742],[-107.0401,37.098]],[[-106.9939,37.0885],[-106.978,37.1005],[-106.9623,37.1005],[-106.947,37.0885],[-106.947,37.078],[-106.9623,37.0689],[-106.978,37.0689],[-106.9939,37.078],[-106.9939,37.0885]]]}},{"type":"Feature","properties":{"c":"#00fb90","v0":0.25,"v1":1.0},"geometry":{"type":"Polygon","coordinates":[[[-107.0637,36.7985],[-107.0279,36.806],[-107.002,36.806],[-106.986,36.7985],[-106.996,36.79],[-107.032,36.7805],[-107.0579,36.7805],[-107.0737,36.79],[-107.0637,36.7985]]]}},{"type":"Feature","properties":{"c":"#00fb90","v0":0.25,"v1":1.0},"geometry":{"type":"Polygon","coordinates":[[[-107.0655,36.6848],[-107.0418,36.6893],[-107.0198,36.6853],[-106.9993,36.6728],[-106.9993,36.6646],[-107.0198,36.6608],[-107.0418,36.6648],[-107.0655,36.6767],[-107.0655,36.6848]]]}},{"type":"Feature","properties":{"c":"#00fb90","v0":0.25,"v1":1.0},"geometry":{"type":"Polygon","coordinates":[[[-106.9132,35.9048],[-106.8898,35.9291],[-106.8845,35.9574],[-106.8971,35.9898],[-106.8894,36.0221],[-106.8613,36.0545],[-106.8329,36.0731],[-106.8043,36.0781],[-106.7782,36.066],[-106.7546,36.0367],[-106.7455,36.0019],[-106.7508,35.9614],[-106.746,35.925],[-106.7313,35.8926],[-106.7554,35.864],[-106.8185,35.8392],[-106.862,35.8311],[-106.886,35.8397],[-106.9047,35.8561],[-106.9182,35.8805],[-106.9132,35.9048]]]}},{"type":"Feature","properties":{"c":"#00fb90","v0":0.25,"v1":1.0},"geometry":{"type":"Polygon","coordinates":[[[-88.1199,28.9745],[-88.083,29.0357],[-88.0589,29.1057],[-88.0475,29.1843],[-88.0288,29.2384],[-88.0029,29.2682],[-87.9706,29.2856],[-87.9317,29.2908],[-87.8817,29.2793],[-87.8206,29.2511],[-87.745,29.2538],[-87.655,29.2875],[-87.5888,29.319],[-87.5465,29.3484],[-87.4965,29.3677],[-87.4388,29.3768],[-87.385,29.4058],[-87.335,29.4546],[-87.2725,29.498],[-87.1976,29.5358],[-87.1736,29.5851],[-87.2005,29.646],[-87.203,29.6956],[-87.181,29.734],[-87.135,29.7521],[-87.065,29.75],[-86.985,29.7639],[-86.895,29.7938],[-86.8088,29.8494],[-86.7263,29.9308],[-86.6827,29.9801],[-86.6782,29.9974],[-86.6867,30.0277],[-86.7084,30.071],[-86.6742,30.1445],[-86.5839,30.2482],[-86.4916,30.3068],[-86.3972,30.3203],[-86.345,30.2789],[-86.335,30.1828],[-86.265,30.1207],[-86.135,30.0928],[-86.04,30.0807],[-85.98,30.0845],[-85.92,30.0962],[-85.86,30.1157],[-85.78,30.1194],[-85.68,30.1075],[-85.6058,30.1122],[-85.5574,30.1337],[-85.5215,30.1618],[-85.4982,30.1964],[-85.4574,30.2238],[-85.3991,30.2441],[-85.3517,30.2527],[-85.3151,30.2497],[-85.2751,30.2277],[-85.2317,30.1866],[-85.195,30.1669],[-85.165,30.1687],[-85.1149,30.1849],[-85.0446,30.2156],[-84.9802,30.2655],[-84.9216,30.3346],[-84.8967,30.3818],[-84.9056,30.4073],[-84.92,30.427],[-84.94,30.4412],[-84.975,30.4482],[-85.025,30.4481],[-85.085,30.4331],[-85.155,30.4031],[-85.24,30.3901],[-85.34,30.3941],[-85.42,30.3857],[-85.48,30.3648],[-85.535,30.3753],[-85.585,30.4171],[-85.6241,30.4682],[-85.6524,30.5286],[-85.6524,30.5832],[-85.6241,30.632],[-85.585,30.667],[-85.535,30.6881],[-85.5035,30.7068],[-85.4905,30.7228],[-85.4851,30.7695],[-85.4872,30.8468],[-85.4837,30.894],[-85.4744,30.9112],[-85.4037,30.9498],[-85.2716,31.0098],[-85.1917,31.0563],[-85.1639,31.0893],[-85.1288,31.1193],[-85.0864,31.1462],[-85.0631,31.1854],[-85.0588,31.2367],[-85.0364,31.2709],[-84.9958,31.288],[-84.9391,31.3065],[-84.8664,31.3264],[-84.73,31.3411],[-84.53,31.3506],[-84.31,31.3787],[-84.07,31.4255],[-83.835,31.4532],[-83.605,31.4618],[-83.36,31.4816],[-83.1,31.5126],[-82.9,31.5303],[-82.76,31.5347],[-82.6871,31.5323],[-82.6813,31.5231],[-82.7063,31.5109],[-82.7621,31.4957],[-82.8117,31.4744],[-82.855,31.4469],[-82.8734,31.4246],[-82.8668,31.4076],[-82.8329,31.3862],[-82.7715,31.3606],[-82.7382,31.3392],[-82.733,31.3222],[-82.7653,31.3015],[-82.8351,31.2771],[-82.9024,31.2429],[-82.9672,31.1989],[-82.9336,31.1511],[-82.8017,31.0998],[-82.7393,31.058],[-82.7464,31.0258],[-82.78,31.0096],[-82.84,31.0095],[-82.8761,31.0042],[-82.8882,30.9937],[-82.8882,30.9819],[-82.8761,30.9689],[-82.845,30.9533],[-82.795,30.9351],[-82.735,30.9286],[-82.665,30.9338],[-82.59,30.9447],[-82.51,30.9616],[-82.435,30.968],[-82.365,30.9642],[-82.29,30.9729],[-82.21,30.9941],[-82.085,31.0153],[-81.915,31.0364],[-81.8036,31.0623],[-81.7508,31.093],[-81.6758,31.1208],[-81.5786,31.1456],[-81.5,31.1738],[-81.44,31.2053],[-81.285,31.2576],[-81.035,31.3306],[-80.865,31.3943],[-80.775,31.4489],[-80.69,31.4832],[-80.61,31.4973],[-80.52,31.524],[-80.42,31.5633],[-80.3332,31.6051],[-80.2596,31.6496],[-80.2203,31.6931],[-80.2154,31.7356],[-80.1893,31.7781],[-80.142,31.8206],[-80.1162,31.8505],[-80.1121,31.8677],[-80.0819,31.8889],[-80.0257,31.9141],[-79.9756,31.9607],[-79.9318,32.0286],[-79.8649,32.0838],[-79.775,32.1266],[-79.615,32.1652],[-79.385,32.1999],[-79.22,32.2343],[-79.12,32.2685],[-79.035,32.3073],[-78.965,32.3506],[-78.87,32.3824],[-78.75,32.4029],[-78.655,32.429],[-78.585,32.4608],[-78.47,32.4806],[-78.31,32.4883],[-78.105,32.5413],[-77.855,32.6395],[-77.685,32.6942],[-77.595,32.7054],[-77.5032,32.7387],[-77.4097,32.7943],[-77.2297,32.8811],[-76.9632,32.9989],[-76.795,33.0647],[-76.725,33.0786],[-76.645,33.0809],[-76.555,33.0716],[-76.385,33.0915],[-76.135,33.1406],[-75.975,33.185],[-75.905,33.2248],[-75.795,33.2696],[-75.645,33.3194],[-75.54,33.3631],[-75.48,33.4009],[-75.37,33.4307],[-75.21,33.4526],[-75.11,33.4774],[-75.07,33.5052],[-75.03,33.5213],[-74.99,33.5258],[-74.9579,33.5482],[-74.9338,33.5884],[-74.9263,33.621],[-74.9356,33.646],[-74.9277,33.6667],[-74.9026,33.6831],[-74.88,33.6918],[-74.86,33.6927],[-74.8458,33.6887],[-74.8373,33.6797],[-74.8373,33.6599],[-74.8458,33.6295],[-74.835,33.6118],[-74.805,33.607],[-74.73,33.6275],[-74.61,33.6734],[-74.48,33.7123],[-74.34,33.7442],[-74.235,33.7742],[-74.165,33.8023],[-74.1069,33.8102],[-74.0607,33.7978],[-74.0705,33.75],[-74.1363,33.6668],[-74.1762,33.5711],[-74.1901,33.4627],[-74.2282,33.3834],[-74.2904,33.3333],[-74.3317,33.2873],[-74.3521,33.2455],[-74.3592,33.2186],[-74.3531,33.2066],[-74.32,33.1983],[-74.26,33.1936],[-74.2139,33.1829],[-74.1818,33.166],[-74.159,33.1409],[-74.1454,33.1074],[-74.1465,33.0713],[-74.1622,33.0326],[-74.2134,32.9655],[-74.3002,32.8699],[-74.364,32.7885],[-74.4048,32.7212],[-74.4914,32.6232],[-74.6238,32.4943],[-74.71,32.4164],[-74.75,32.3895],[-74.7821,32.3569],[-74.8064,32.3186],[-74.8866,32.253],[-75.0225,32.1599],[-75.1654,32.0822],[-75.3151,32.0198],[-75.42,31.963],[-75.48,31.9118],[-75.56,31.8594],[-75.66,31.8059],[-75.74,31.7754],[-75.8,31.768],[-75.935,31.7274],[-76.145,31.6535],[-76.2621,31.6091],[-76.2864,31.5941],[-76.2973,31.5781],[-76.2946,31.5611],[-76.3075,31.5387],[-76.3358,31.5109],[-76.435,31.4723],[-76.605,31.4226],[-76.694,31.4024],[-76.7019,31.4115],[-76.6934,31.4246],[-76.6685,31.4417],[-76.7064,31.463],[-76.8072,31.4886],[-76.8283,31.5312],[-76.7697,31.5909],[-76.7428,31.6382],[-76.7476,31.6731],[-76.79,31.6939],[-76.87,31.7007],[-76.9324,31.713],[-76.9773,31.7309],[-76.9734,31.7611],[-76.9208,31.8036],[-76.8917,31.8419],[-76.8859,31.8758],[-76.889,31.9013],[-76.901,31.9183],[-76.9478,31.9331],[-77.0293,31.9458],[-77.095,31.9471],[-77.145,31.9371],[-77.1975,31.9181],[-77.2526,31.8899],[-77.3527,31.8758],[-77.498,31.8758],[-77.6306,31.9395],[-77.7504,32.0667],[-77.8207,32.1599],[-77.8413,32.2191],[-77.8812,32.256],[-77.9404,32.2705],[-77.995,32.272],[-78.045,32.2605],[-78.1,32.241],[-78.16,32.2135],[-78.1985,32.1909],[-78.2156,32.173],[-78.2236,32.1514],[-78.2227,32.126],[-78.1999,32.0921],[-78.1551,32.0498],[-78.116,31.9947],[-78.0824,31.9268],[-78.0979,31.8546],[-78.1623,31.7781],[-78.1973,31.7101],[-78.203,31.6505],[-78.2869,31.5621],[-78.449,31.4447],[-78.5535,31.3551],[-78.6005,31.2933],[-78.6386,31.2281],[-78.6677,31.1597],[-78.6842,31.0976],[-78.6881,31.0419],[-78.7,31.0044],[-78.72,30.9853],[-78.7572,30.966],[-78.8116,30.9466],[-78.8467,30.9241],[-78.8626,30.8983],[-78.8661,30.8683],[-78.8572,30.8339],[-78.8321,30.8104],[-78.7907,30.7976],[-78.76,30.7934],[-78.74,30.7979],[-78.715,30.8155],[-78.685,30.846],[-78.6411,30.8587],[-78.5832,30.8536],[-78.5459,30.8468],[-78.5294,30.8382],[-78.5228,30.8082],[-78.5262,30.7566],[-78.4834,30.7153],[-78.3945,30.6841],[-78.3305,30.6368],[-78.2914,30.5733],[-78.2901,30.5243],[-78.3265,30.4898],[-78.366,30.463],[-78.4087,30.4436],[-78.46,30.4408],[-78.52,30.4543],[-78.585,30.4616],[-78.655,30.4626],[-78.7,30.4587],[-78.72,30.45],[-78.7353,30.4351],[-78.7459,30.4141],[-78.7409,30.398],[-78.7203,30.3867],[-78.6649,30.3781],[-78.5748,30.3721],[-78.4831,30.3346],[-78.39,30.2655],[-78.3437,30.2223],[-78.3442,30.205],[-78.3808,30.1861],[-78.4536,30.1657],[-78.51,30.1439],[-78.55,30.1209],[-78.6,30.1101],[-78.66,30.1116],[-78.71,30.1039],[-78.75,30.0869],[-78.7855,30.0647],[-78.8166,30.0371],[-78.8566,30.0176],[-78.9055,30.006],[-78.955,29.9988],[-79.005,29.996],[-79.075,30.0029],[-79.165,30.0196],[-79.255,30.0233],[-79.345,30.0141],[-79.435,30.0147],[-79.525,30.0253],[-79.615,30.0088],[-79.705,29.9653],[-79.765,29.9477],[-79.795,29.956],[-79.83,29.9849],[-79.87,30.0343],[-79.975,30.0701],[-80.145,30.0923],[-80.3,30.0808],[-80.44,30.0358],[-80.545,29.9881],[-80.615,29.9379],[-80.665,29.8871],[-80.695,29.8359],[-80.7314,29.7899],[-80.7741,29.749],[-80.8491,29.7194],[-80.9564,29.7012],[-81.0274,29.6838],[-81.0621,29.6673],[-81.0823,29.6503],[-81.0879,29.6329],[-81.0846,29.6156],[-81.0723,29.5982],[-81.0117,29.5677],[-80.9029,29.5242],[-80.8415,29.4894],[-80.8275,29.4633],[-80.8013,29.4372],[-80.763,29.411],[-80.7307,29.3805],[-80.7044,29.3457],[-80.6959,29.2857],[-80.7053,29.2004],[-80.73,29.1416],[-80.77,29.1091],[-80.823,29.0863],[-80.8889,29.073],[-80.9289,29.0401],[-80.943,28.9876],[-80.9738,28.9351],[-81.0213,28.8826],[-81.0413,28.8317],[-81.0338,28.7825],[-80.9956,28.7562],[-80.9269,28.7528],[-80.8969,28.7397],[-80.9056,28.7168],[-80.93,28.7037],[-80.97,28.7004],[-80.9862,28.6899],[-80.9786,28.6723],[-80.9486,28.6628],[-80.8962,28.6614],[-80.8513,28.6526],[-80.8139,28.6364],[-80.7925,28.6196],[-80.7872,28.602],[-80.8008,28.5697],[-80.8336,28.5226],[-80.88,28.493],[-80.94,28.4809],[-81.0127,28.4562],[-81.0982,28.4186],[-81.1417,28.3867],[-81.1433,28.3603],[-81.1256,28.3332],[-81.0885,28.3055],[-81.035,28.295],[-80.965,28.3019],[-80.9,28.3207],[-80.84,28.3514],[-80.795,28.3849],[-80.765,28.421],[-80.72,28.4344],[-80.66,28.4249],[-80.6012,28.4327],[-80.5436,28.4577],[-80.5089,28.4922],[-80.4971,28.5361],[-80.5011,28.5888],[-80.5208,28.6503],[-80.4818,28.738],[-80.3839,28.8519],[-80.341,28.9264],[-80.353,28.9614],[-80.3556,28.9876],[-80.3489,29.0051],[-80.3366,29.0172],[-80.3189,29.0239],[-80.26,29.0237],[-80.16,29.0165],[-80.0858,29.0263],[-80.0373,29.053],[-79.9973,29.0947],[-79.9658,29.1514],[-79.935,29.1793],[-79.905,29.1785],[-79.875,29.169],[-79.845,29.1508],[-79.8149,29.1491],[-79.7848,29.1638],[-79.7748,29.1783],[-79.7849,29.1926],[-79.815,29.2001],[-79.865,29.2011],[-79.905,29.2087],[-79.935,29.2231],[-79.965,29.249],[-79.995,29.2865],[-80.0195,29.3328],[-80.0386,29.3879],[-80.0886,29.4596],[-80.1695,29.548],[-80.23,29.6015],[-80.27,29.6201],[-80.31,29.6304],[-80.35,29.6323],[-80.39,29.6516],[-80.43,29.6883],[-80.4525,29.7295],[-80.4576,29.7752],[-80.4426,29.813],[-80.4075,29.8432],[-80.36,29.8651],[-80.3,29.8788],[-80.24,29.8723],[-80.18,29.8455],[-80.115,29.8314],[-80.045,29.8301],[-79.9823,29.7998],[-79.9268,29.7407],[-79.8613,29.7025],[-79.7858,29.6851],[-79.7504,29.6547],[-79.7552,29.6112],[-79.7756,29.5721],[-79.8116,29.5373],[-79.831,29.5112],[-79.8339,29.4938],[-79.8171,29.4633],[-79.7807,29.4197],[-79.7616,29.3849],[-79.7598,29.3587],[-79.7516,29.3388],[-79.7372,29.325],[-79.715,29.3184],[-79.685,29.3191],[-79.65,29.3347],[-79.61,29.3653],[-79.55,29.3829],[-79.47,29.3875],[-79.4169,29.357],[-79.3907,29.2913],[-79.3407,29.2488],[-79.2669,29.2296],[-79.185,29.2311],[-79.095,29.2535],[-79.005,29.2613],[-78.915,29.2545],[-78.815,29.2652],[-78.705,29.2935],[-78.6396,29.3041],[-78.6187,29.2969],[-78.6687,29.2472],[-78.7896,29.1548],[-78.8676,29.0893],[-78.9028,29.0507],[-78.9245,29.0182],[-78.9326,28.992],[-78.9303,28.9614],[-78.9176,28.9264],[-78.8919,28.8914],[-78.8532,28.8563],[-78.8371,28.8213],[-78.8438,28.7862],[-78.8345,28.7468],[-78.8093,28.7029],[-78.77,28.6549],[-78.7167,28.6027],[-78.6593,28.5807],[-78.598,28.5891],[-78.5655,28.5757],[-78.5617,28.5405],[-78.5723,28.5145],[-78.5974,28.4976],[-78.635,28.4928],[-78.685,28.5],[-78.775,28.4975],[-78.905,28.4853],[-79.0174,28.4637],[-79.1123,28.4329],[-79.161,28.4087],[-79.1633,28.3911],[-79.148,28.3735],[-79.1149,28.3559],[-79.1094,28.3295],[-79.1314,28.2942],[-79.1437,28.2502],[-79.1461,28.1973],[-79.1343,28.1488],[-79.1082,28.1047],[-79.0789,28.0695],[-79.0463,28.0431],[-79.01,28.049],[-78.97,28.0871],[-78.937,28.1003],[-78.911,28.0886],[-78.916,28.0473],[-78.952,27.9765],[-78.995,27.937],[-79.045,27.9288],[-79.1011,27.9067],[-79.1634,27.8709],[-79.1934,27.8361],[-79.1911,27.8021],[-79.165,27.7811],[-79.115,27.773],[-79.0954,27.759],[-79.1061,27.7391],[-79.1376,27.7247],[-79.1898,27.7159],[-79.2361,27.7336],[-79.2764,27.7779],[-79.3033,27.8221],[-79.3167,27.8663],[-79.3301,27.8931],[-79.3434,27.9025],[-79.36,27.9024],[-79.38,27.8926],[-79.435,27.8353],[-79.525,27.7303],[-79.58,27.6754],[-79.6,27.6708],[-79.625,27.6792],[-79.655,27.7009],[-79.69,27.7157],[-79.73,27.7239],[-79.765,27.725],[-79.795,27.7191],[-79.8222,27.7062],[-79.8465,27.6861],[-79.8565,27.6509],[-79.8522,27.6005],[-79.8,27.5571],[-79.7,27.5205],[-79.6437,27.4836],[-79.631,27.4464],[-79.651,27.4244],[-79.7037,27.4176],[-79.7473,27.3998],[-79.7818,27.3711],[-79.7808,27.3345],[-79.7444,27.2901],[-79.7321,27.2578],[-79.744,27.2377],[-79.77,27.2219],[-79.81,27.2106],[-79.8592,27.1851],[-79.9175,27.1454],[-79.9468,27.1167],[-79.9471,27.0989],[-79.935,27.0766],[-79.9106,27.0499],[-79.9013,27.0297],[-79.9071,27.0162],[-79.9209,27.0073],[-79.9427,27.003],[-79.9777,27.0137],[-80.0259,27.0393],[-80.055,27.0502],[-80.065,27.0463],[-80.0813,27.0068],[-80.104,26.9316],[-80.1086,26.8761],[-80.0951,26.8404],[-80.0936,26.8136],[-80.1041,26.7958],[-80.1445,26.7777],[-80.2148,26.7595],[-80.2704,26.7506],[-80.3113,26.7509],[-80.3451,26.7288],[-80.3719,26.6841],[-80.4083,26.6528],[-80.4544,26.635],[-80.4788,26.6126],[-80.4815,26.5858],[-80.4637,26.5634],[-80.4254,26.5455],[-80.3895,26.5142],[-80.356,26.4695],[-80.3407,26.4157],[-80.3435,26.353],[-80.3662,26.3078],[-80.4087,26.2801],[-80.475,26.2782],[-80.565,26.3022],[-80.6283,26.307],[-80.665,26.2929],[-80.6891,26.2723],[-80.7007,26.2454],[-80.6886,26.2095],[-80.653,26.1647],[-80.6489,26.1214],[-80.6763,26.0796],[-80.7,26.0577],[-80.72,26.0556],[-80.75,26.0632],[-80.79,26.0806],[-80.855,26.0741],[-80.945,26.0438],[-81.005,26.0346],[-81.035,26.0465],[-81.0515,26.0659],[-81.0544,26.0928],[-81.0394,26.1341],[-81.0065,26.1897],[-80.9613,26.2211],[-80.9039,26.2284],[-80.8752,26.2589],[-80.8752,26.3127],[-80.8889,26.3557],[-80.9163,26.388],[-80.95,26.4108],[-80.99,26.4242],[-81.035,26.4273],[-81.085,26.4202],[-81.1239,26.4243],[-81.1516,26.4395],[-81.1719,26.456],[-81.1848,26.4739],[-81.1892,26.5008],[-81.1851,26.5366],[-81.2048,26.5801],[-81.2483,26.6314],[-81.28,26.6597],[-81.3,26.665],[-81.33,26.657],[-81.37,26.6357],[-81.42,26.596],[-81.48,26.5378],[-81.5229,26.5156],[-81.5488,26.5296],[-81.5625,26.5545],[-81.5639,26.5902],[-81.5806,26.626],[-81.6127,26.6618],[-81.6209,26.702],[-81.6052,26.7466],[-81.6205,26.7715],[-81.6668,26.7764],[-81.6954,26.7854],[-81.7061,26.7982],[-81.6994,26.8404],[-81.6751,26.9117],[-81.6711,26.9875],[-81.6875,27.0677],[-81.6843,27.1162],[-81.6614,27.1331],[-81.626,27.142],[-81.5781,27.1429],[-81.5459,27.1656],[-81.5292,27.2101],[-81.5269,27.2501],[-81.5389,27.2857],[-81.5662,27.3085],[-81.6087,27.3185],[-81.645,27.3179],[-81.675,27.3066],[-81.71,27.2719],[-81.75,27.2136],[-81.84,27.1727],[-81.98,27.1491],[-82.0688,27.1121],[-82.1064,27.0617],[-82.1092,27.0232],[-82.0771,26.9964],[-82.0823,26.9697],[-82.1248,26.9429],[-82.167,26.9047],[-82.209,26.855],[-82.2392,26.8327],[-82.2577,26.8378],[-82.2604,26.8538],[-82.2473,26.8805],[-82.2474,26.9028],[-82.2605,26.9207],[-82.2879,26.9389],[-82.3293,26.9575],[-82.3714,26.962],[-82.4143,26.9523],[-82.4543,26.9633],[-82.4914,26.995],[-82.52,27.0114],[-82.54,27.0124],[-82.5786,26.9832],[-82.6359,26.9237],[-82.6809,26.8855],[-82.7136,26.8687],[-82.74,26.8454],[-82.76,26.8156],[-82.7927,26.7927],[-82.8382,26.7769],[-82.8782,26.7489],[-82.9127,26.7088],[-82.945,26.7038],[-82.975,26.7338],[-83.005,26.7524],[-83.035,26.7594],[-83.095,26.7483],[-83.185,26.7191],[-83.29,26.7026],[-83.41,26.6989],[-83.52,26.6863],[-83.62,26.6649],[-83.69,26.6408],[-83.73,26.6141],[-83.815,26.5337],[-83.945,26.3996],[-84.055,26.3619],[-84.145,26.4206],[-84.24,26.4276],[-84.34,26.3828],[-84.41,26.3924],[-84.45,26.4566],[-84.5119,26.4961],[-84.5956,26.5112],[-84.644,26.5366],[-84.657,26.5724],[-84.6801,26.6081],[-84.713,26.6439],[-84.7246,26.6711],[-84.7149,26.6898],[-84.74,26.7174],[-84.8,26.754],[-84.865,26.7688],[-84.935,26.762],[-85.01,26.7428],[-85.09,26.7112],[-85.165,26.7032],[-85.235,26.7189],[-85.3066,26.7195],[-85.3797,26.7048],[-85.4347,26.6991],[-85.4716,26.7022],[-85.4943,26.7067],[-85.5029,26.7125],[-85.5001,26.7198],[-85.4858,26.7288],[-85.4515,26.7375],[-85.3972,26.7459],[-85.36,26.7571],[-85.34,26.771],[-85.3108,26.8159],[-85.2723,26.8917],[-85.2604,26.9429],[-85.275,26.9697],[-85.301,26.992],[-85.3383,27.0098],[-85.3621,27.0588],[-85.3722,27.1389],[-85.4055,27.2078],[-85.4618,27.2654],[-85.49,27.306],[-85.49,27.3295],[-85.485,27.3437],[-85.475,27.3486],[-85.46,27.3367],[-85.44,27.308],[-85.415,27.2886],[-85.385,27.2786],[-85.3573,27.2766],[-85.3319,27.2827],[-85.3161,27.3034],[-85.31,27.339],[-85.2977,27.3682],[-85.2792,27.3911],[-85.2502,27.4],[-85.2107,27.3948],[-85.1707,27.3809],[-85.1302,27.3581],[-85.1,27.3483],[-85.08,27.3513],[-85.0613,27.3626],[-85.0438,27.3824],[-85.035,27.4145],[-85.035,27.4588],[-85.0104,27.4943],[-84.9611,27.5209],[-84.9612,27.5609],[-85.0107,27.614],[-85.0254,27.676],[-85.0053,27.7469],[-84.97,27.8],[-84.9194,27.8354],[-84.8932,27.8663],[-84.8914,27.8928],[-84.9054,27.9132],[-84.9351,27.9273],[-84.98,27.9323],[-85.04,27.928],[-85.1137,27.9474],[-85.2011,27.9905],[-85.2211,28.0256],[-85.1737,28.0526],[-85.08,28.0863],[-84.94,28.1268],[-84.8614,28.1575],[-84.8441,28.1782],[-84.8391,28.199],[-84.8464,28.2199],[-84.87,28.2365],[-84.91,28.2489],[-84.965,28.2504],[-85.035,28.2409],[-85.1305,28.2507],[-85.2516,28.2797],[-85.3175,28.303],[-85.3281,28.3207],[-85.3268,28.3559],[-85.3135,28.4087],[-85.3176,28.4411],[-85.3392,28.4533],[-85.425,28.4542],[-85.575,28.4437],[-85.7222,28.442],[-85.8667,28.4491],[-85.9618,28.4746],[-86.0074,28.5186],[-86.0235,28.5581],[-86.0101,28.5932],[-86.0301,28.6224],[-86.0834,28.6455],[-86.1169,28.6543],[-86.1306,28.6487],[-86.1318,28.6327],[-86.1207,28.6064],[-86.1188,28.5909],[-86.1263,28.5863],[-86.175,28.6143],[-86.265,28.6749],[-86.35,28.6934],[-86.43,28.6698],[-86.58,28.6601],[-86.8,28.6644],[-86.9265,28.7008],[-86.9595,28.7695],[-86.9995,28.8014],[-87.0465,28.7968],[-87.0915,28.8231],[-87.1346,28.8803],[-87.1544,28.9132],[-87.151,28.922],[-87.1294,28.9401],[-87.0898,28.9677],[-87.045,28.989],[-86.995,29.0041],[-86.945,29.0114],[-86.895,29.0111],[-86.845,28.9971],[-86.795,28.9694],[-86.755,28.9534],[-86.725,28.9489],[-86.6356,28.9634],[-86.4868,28.9971],[-86.4072,29.0401],[-86.397,29.0926],[-86.376,29.1406],[-86.3443,29.1843],[-86.3338,29.2156],[-86.3446,29.2345],[-86.365,29.2476],[-86.395,29.255],[-86.4189,29.2718],[-86.4367,29.2978],[-86.4567,29.3162],[-86.4789,29.327],[-86.545,29.3147],[-86.655,29.2794],[-86.75,29.2643],[-86.83,29.2694],[-86.885,29.2559],[-86.915,29.2238],[-86.95,29.2034],[-86.99,29.1947],[-87.035,29.1939],[-87.085,29.2009],[-87.155,29.1982],[-87.245,29.1858],[-87.365,29.1449],[-87.515,29.0755],[-87.6144,29.0428],[-87.6633,29.0468],[-87.6897,29.0663],[-87.6936,29.1013],[-87.7242,29.1265],[-87.7814,29.1418],[-87.85,29.1317],[-87.93,29.0959],[-87.98,29.0601],[-88.0,29.0243],[-88.0272,28.9995],[-88.0616,28.9858],[-88.0866,28.9678],[-88.1022,28.9457],[-88.115,28.9326],[-88.125,28.9287],[-88.1321,28.931],[-88.1363,28.9396],[-88.1199,28.9745]],[[-80.5036,28.3419],[-80.4412,28.4019],[-80.395,28.4345],[-80.365,28.4398],[-80.34,28.4368],[-80.32,28.4255],[-80.3076,28.4061],[-80.3028,28.3785],[-80.3128,28.3559],[-80.3376,28.3384],[-80.385,28.3204],[-80.455,28.3019],[-80.5012,28.2974],[-80.5236,28.307],[-80.5036,28.3419]],[[-80.422,29.77],[-80.4007,29.7834],[-80.3854,29.779],[-80.3761,29.7569],[-80.3811,29.741],[-80.4004,29.7312],[-80.4157,29.7356],[-80.427,29.754],[-80.422,29.77]],[[-80.1218,29.5753],[-80.1139,29.5816],[-80.1,29.5808],[-80.08,29.5727],[-80.066,29.5608],[-80.0579,29.5451],[-80.0579,29.53],[-80.066,29.5155],[-80.0839,29.5242],[-80.1118,29.5561],[-80.1218,29.5753]],[[-81.7339,28.2199],[-81.718,28.2474],[-81.69,28.2503],[-81.65,28.2287],[-81.6143,28.2282],[-81.5828,28.2487],[-81.5578,28.3144],[-81.5393,28.425],[-81.525,28.4813],[-81.515,28.4834],[-81.5075,28.4677],[-81.5024,28.4342],[-81.4858,28.3955],[-81.4577,28.3515],[-81.4507,28.3119],[-81.4645,28.2766],[-81.4558,28.2458],[-81.4246,28.2194],[-81.3792,28.2001],[-81.3197,28.1881],[-81.27,28.1927],[-81.23,28.2139],[-81.175,28.2198],[-81.105,28.2103],[-81.045,28.1932],[-80.995,28.1684],[-80.935,28.1595],[-80.865,28.1666],[-80.8,28.1397],[-80.74,28.0789],[-80.685,28.0478],[-80.635,28.0465],[-80.5949,28.0595],[-80.5646,28.0867],[-80.5587,28.1136],[-80.5771,28.14],[-80.5773,28.1658],[-80.5591,28.191],[-80.4759,28.2351],[-80.3278,28.298],[-80.2231,28.3559],[-80.1619,28.4087],[-80.1012,28.4438],[-80.0411,28.4614],[-80.0069,28.479],[-79.9986,28.4966],[-80.0034,28.5295],[-80.0211,28.5776],[-80.06,28.595],[-80.12,28.5815],[-80.1528,28.5794],[-80.1585,28.5886],[-80.1548,28.602],[-80.1416,28.6196],[-80.1425,28.6371],[-80.1573,28.6547],[-80.216,28.6697],[-80.3187,28.6821],[-80.3716,28.704],[-80.3747,28.7355],[-80.3697,28.7591],[-80.3566,28.7751],[-80.335,28.7845],[-80.305,28.7873],[-80.27,28.7781],[-80.23,28.757],[-80.1961,28.7695],[-80.1684,28.8157],[-80.1334,28.8415],[-80.0911,28.8469],[-80.0647,28.8337],[-80.0542,28.8021],[-80.0592,28.7745],[-80.0797,28.7511],[-80.0902,28.7292],[-80.0905,28.7088],[-80.0855,28.6915],[-80.0752,28.6773],[-80.06,28.6698],[-80.04,28.6689],[-79.9844,28.7111],[-79.8933,28.7963],[-79.8533,28.844],[-79.8644,28.8544],[-79.895,28.8541],[-79.945,28.8429],[-79.9858,28.842],[-80.0173,28.8516],[-80.0274,28.8695],[-80.016,28.8957],[-79.9852,28.9308],[-79.9352,28.9745],[-79.9151,29.0146],[-79.925,29.051],[-79.92,29.0703],[-79.9,29.0725],[-79.87,29.0611],[-79.83,29.036],[-79.79,29.0294],[-79.75,29.0411],[-79.71,29.0444],[-79.67,29.0391],[-79.64,29.0556],[-79.62,29.0937],[-79.57,29.1278],[-79.49,29.1577],[-79.42,29.1665],[-79.36,29.1541],[-79.285,29.1525],[-79.195,29.1619],[-79.13,29.1808],[-79.09,29.2094],[-79.0535,29.2193],[-79.0206,29.2105],[-78.9995,29.1974],[-78.99,29.1799],[-78.9883,29.1624],[-78.9943,29.145],[-79.0404,29.1151],[-79.1268,29.073],[-79.2588,29.038],[-79.4364,29.0103],[-79.5154,28.9789],[-79.4956,28.9439],[-79.4871,28.9132],[-79.4898,28.887],[-79.5359,28.8387],[-79.6253,28.7685],[-79.625,28.7301],[-79.535,28.7237],[-79.44,28.7567],[-79.34,28.829],[-79.245,28.8636],[-79.155,28.8604],[-79.0792,28.8407],[-79.0177,28.8044],[-78.9777,28.7635],[-78.9592,28.718],[-78.9038,28.661],[-78.8114,28.5924],[-78.7764,28.5494],[-78.7988,28.5319],[-78.84,28.5286],[-78.9,28.5394],[-78.965,28.5352],[-79.035,28.5159],[-79.11,28.5072],[-79.19,28.5092],[-79.265,28.4988],[-79.335,28.4762],[-79.3782,28.4706],[-79.3945,28.4821],[-79.4095,28.5085],[-79.4232,28.5499],[-79.435,28.5706],[-79.445,28.5706],[-79.4582,28.5543],[-79.4746,28.5217],[-79.4744,28.4922],[-79.4576,28.4658],[-79.4594,28.4289],[-79.4798,28.3813],[-79.525,28.3516],[-79.595,28.3397],[-79.6519,28.3371],[-79.6957,28.3437],[-79.7018,28.3339],[-79.6702,28.3075],[-79.6583,28.2807],[-79.6661,28.2535],[-79.7072,28.2358],[-79.7815,28.2278],[-79.8515,28.2073],[-79.9172,28.1742],[-79.975,28.1529],[-80.025,28.1432],[-80.0406,28.1112],[-80.0219,28.0569],[-80.0139,28.0077],[-80.0167,27.9635],[-79.9961,27.9224],[-79.952,27.8843],[-79.905,27.8634],[-79.855,27.8596],[-79.8314,27.8432],[-79.8341,27.8144],[-79.8691,27.7982],[-79.9364,27.7947],[-80.005,27.8125],[-80.075,27.8517],[-80.18,27.8685],[-80.32,27.8627],[-80.395,27.8516],[-80.405,27.8351],[-80.3975,27.8069],[-80.3724,27.7669],[-80.3324,27.7231],[-80.2775,27.6754],[-80.245,27.6487],[-80.235,27.6429],[-80.2176,27.6623],[-80.1928,27.7069],[-80.1678,27.7354],[-80.1426,27.7478],[-80.1138,27.7478],[-80.0814,27.7354],[-80.0647,27.7115],[-80.0637,27.676],[-80.0899,27.6393],[-80.1433,27.6014],[-80.185,27.5873],[-80.215,27.5971],[-80.255,27.5798],[-80.305,27.5355],[-80.365,27.5108],[-80.435,27.5057],[-80.525,27.4799],[-80.635,27.4334],[-80.705,27.4128],[-80.735,27.4183],[-80.7538,27.4316],[-80.7614,27.4527],[-80.7264,27.5103],[-80.6488,27.6042],[-80.58,27.6638],[-80.52,27.6892],[-80.49,27.7123],[-80.49,27.7333],[-80.51,27.7474],[-80.55,27.7545],[-80.5954,27.7774],[-80.6461,27.8161],[-80.6911,27.8402],[-80.7304,27.8498],[-80.7803,27.8365],[-80.841,27.8004],[-80.901,27.7753],[-80.9603,27.7612],[-81.015,27.7777],[-81.065,27.8247],[-81.105,27.8512],[-81.135,27.8573],[-81.156,27.8585],[-81.1681,27.8549],[-81.1781,27.8337],[-81.186,27.7951],[-81.26,27.757],[-81.4,27.7193],[-81.475,27.6833],[-81.485,27.6492],[-81.51,27.6339],[-81.55,27.6374],[-81.5753,27.6483],[-81.5859,27.6668],[-81.5809,27.6841],[-81.5603,27.7002],[-81.535,27.7108],[-81.505,27.716],[-81.4872,27.7478],[-81.4816,27.8062],[-81.456,27.8663],[-81.4105,27.9282],[-81.4233,27.9593],[-81.4944,27.9598],[-81.5519,28.004],[-81.5957,28.0918],[-81.6207,28.1388],[-81.6269,28.145],[-81.65,28.1432],[-81.69,28.1331],[-81.718,28.1476],[-81.7339,28.1866],[-81.7339,28.2199]],[[-80.5195,26.3933],[-80.5119,26.4292],[-80.4936,26.4502],[-80.4645,26.4564],[-80.4355,26.4296],[-80.4064,26.3696],[-80.4014,26.3355],[-80.4205,26.3272],[-80.4533,26.3362],[-80.5,26.3623],[-80.5195,26.3933]],[[-81.0057,26.1148],[-80.9819,26.1317],[-80.9636,26.1362],[-80.9509,26.1283],[-80.9559,26.1124],[-80.9786,26.0887],[-80.9969,26.0842],[-81.0107,26.0989],[-81.0057,26.1148]],[[-85.0036,27.0612],[-84.9945,27.075],[-84.9793,27.0795],[-84.9578,27.0746],[-84.9528,27.0624],[-84.9643,27.0429],[-84.9795,27.0384],[-84.9986,27.049],[-85.0036,27.0612]],[[-86.5878,30.0974],[-86.5759,30.1069],[-86.5632,30.1069],[-86.5497,30.0974],[-86.5497,30.0864],[-86.5632,30.0741],[-86.5759,30.0741],[-86.5878,30.0864],[-86.5878,30.0974]],[[-86.6654,29.8481],[-86.6418,29.8789],[-86.595,29.9091],[-86.525,29.9387],[-86.445,29.9552],[-86.355,29.9585],[-86.28,29.9691],[-86.22,29.9871],[-86.08,29.9883],[-85.86,29.9728],[-85.65,29.9878],[-85.45,30.0334],[-85.335,30.0496],[-85.305,30.0365],[-85.2789,30.0109],[-85.2567,29.973],[-85.2513,29.9454],[-85.2627,29.9281],[-85.3038,29.9046],[-85.3746,29.875],[-85.5243,29.8229],[-85.753,29.7484],[-85.8714,29.6981],[-85.8796,29.6721],[-85.8611,29.646],[-85.8158,29.6199],[-85.7945,29.5982],[-85.7971,29.5808],[-85.8114,29.5681],[-85.8371,29.5601],[-85.865,29.5579],[-85.895,29.5616],[-85.915,29.5761],[-85.925,29.6015],[-85.96,29.6228],[-86.02,29.6402],[-86.0601,29.6471],[-86.0804,29.6435],[-86.1054,29.6255],[-86.1351,29.5933],[-86.17,29.5783],[-86.21,29.5806],[-86.2402,29.601],[-86.2607,29.6397],[-86.2667,29.6894],[-86.2581,29.7502],[-86.2879,29.8035],[-86.356,29.8492],[-86.4137,29.8666],[-86.4612,29.8555],[-86.4881,29.8414],[-86.4944,29.824],[-86.4887,29.8023],[-86.471,29.7763],[-86.4941,29.7409],[-86.558,29.6963],[-86.5947,29.6833],[-86.604,29.7019],[-86.6019,29.7285],[-86.5886,29.7633],[-86.6057,29.7936],[-86.6534,29.8197],[-86.6654,29.8481]],[[-84.9843,30.1244],[-84.9481,30.1535],[-84.8791,30.1665],[-84.7774,30.1634],[-84.7514,30.1488],[-84.8011,30.1229],[-84.847,30.1056],[-84.8893,30.0969],[-84.9253,30.0908],[-84.9551,30.0873],[-84.9781,30.0916],[-84.9943,30.1038],[-84.9843,30.1244]],[[-86.2634,29.2803],[-86.258,29.3239],[-86.224,29.3694],[-86.1613,29.4168],[-86.11,29.4449],[-86.07,29.4536],[-86.02,29.4507],[-85.96,29.4363],[-85.8962,29.4301],[-85.8286,29.4319],[-85.7782,29.4502],[-85.7451,29.4851],[-85.6789,29.5131],[-85.5796,29.5344],[-85.495,29.5623],[-85.425,29.5969],[-85.36,29.6163],[-85.3,29.6204],[-85.225,29.6358],[-85.135,29.6626],[-85.04,29.6962],[-84.94,29.7367],[-84.8267,29.8019],[-84.7002,29.8918],[-84.6205,29.9541],[-84.5877,29.9887],[-84.516,30.0339],[-84.4053,30.0897],[-84.35,30.1265],[-84.35,30.1444],[-84.369,30.1685],[-84.4069,30.1986],[-84.4521,30.2569],[-84.5045,30.3432],[-84.5155,30.395],[-84.4852,30.4124],[-84.43,30.4178],[-84.35,30.4112],[-84.305,30.4346],[-84.295,30.4878],[-84.2739,30.5211],[-84.2416,30.5347],[-84.2293,30.5458],[-84.2371,30.5544],[-84.2582,30.5604],[-84.2927,30.5638],[-84.38,30.5474],[-84.52,30.5112],[-84.6033,30.4836],[-84.63,30.4648],[-84.643,30.4467],[-84.6423,30.4295],[-84.649,30.4151],[-84.663,30.4035],[-84.678,30.4035],[-84.6939,30.4151],[-84.6963,30.4338],[-84.6851,30.4597],[-84.6852,30.4769],[-84.6967,30.4855],[-84.7775,30.52],[-84.9275,30.5803],[-85.0039,30.6147],[-85.0067,30.6233],[-84.9959,30.6362],[-84.9714,30.6534],[-84.9169,30.6824],[-84.8323,30.723],[-84.72,30.7463],[-84.58,30.7525],[-84.425,30.7809],[-84.255,30.8315],[-84.105,30.846],[-83.975,30.8244],[-83.875,30.8251],[-83.805,30.8482],[-83.7729,30.8361],[-83.7786,30.7889],[-83.7367,30.7437],[-83.6473,30.7007],[-83.6094,30.6752],[-83.6231,30.667],[-83.68,30.6668],[-83.78,30.6746],[-83.8429,30.6701],[-83.8686,30.6532],[-83.8386,30.6284],[-83.7529,30.5956],[-83.695,30.5549],[-83.665,30.5064],[-83.63,30.4786],[-83.59,30.4716],[-83.52,30.4715],[-83.42,30.4783],[-83.2791,30.4234],[-83.0973,30.3067],[-82.9773,30.218],[-82.9191,30.1574],[-82.7963,30.1141],[-82.6088,30.0882],[-82.5135,30.0407],[-82.5106,29.9714],[-82.4929,29.9107],[-82.4606,29.8587],[-82.4181,29.8067],[-82.3654,29.7546],[-82.3667,29.7206],[-82.4222,29.7047],[-82.48,29.7089],[-82.54,29.7333],[-82.61,29.7435],[-82.69,29.7395],[-82.7536,29.7179],[-82.8007,29.6786],[-82.8229,29.6373],[-82.8202,29.5938],[-82.7966,29.5607],[-82.7522,29.538],[-82.6537,29.5293],[-82.5012,29.5346],[-82.4207,29.5329],[-82.4121,29.5242],[-82.4186,29.5025],[-82.4401,29.4676],[-82.4356,29.4412],[-82.4052,29.4231],[-82.3784,29.3969],[-82.3551,29.3628],[-82.3242,29.3326],[-82.2856,29.3064],[-82.2072,29.2773],[-82.0891,29.2453],[-81.995,29.2053],[-81.925,29.1574],[-81.8478,29.073],[-81.7633,28.9519],[-81.7205,28.8826],[-81.7195,28.8651],[-81.7514,28.8213],[-81.8162,28.7512],[-81.909,28.6741],[-82.0297,28.5902],[-82.11,28.5423],[-82.15,28.5305],[-82.1811,28.5066],[-82.2033,28.4706],[-82.2483,28.445],[-82.3161,28.4296],[-82.3637,28.4296],[-82.3912,28.445],[-82.4112,28.4662],[-82.4237,28.4935],[-82.44,28.5089],[-82.46,28.5126],[-82.485,28.5091],[-82.515,28.4986],[-82.5396,28.4788],[-82.5589,28.4496],[-82.5455,28.3955],[-82.4995,28.3163],[-82.496,28.259],[-82.5353,28.2238],[-82.5537,28.1897],[-82.5512,28.1568],[-82.5324,28.1303],[-82.4971,28.1103],[-82.4671,28.0814],[-82.4424,28.0434],[-82.3952,27.9992],[-82.3255,27.9489],[-82.2777,27.9017],[-82.2519,27.8575],[-82.2023,27.7955],[-82.129,27.7159],[-82.0941,27.6406],[-82.0977,27.5697],[-82.0882,27.5165],[-82.0654,27.481],[-82.1148,27.3834],[-82.2363,27.2234],[-82.2953,27.1309],[-82.2918,27.1059],[-82.2781,27.0925],[-82.2544,27.0908],[-82.258,27.0811],[-82.289,27.0632],[-82.3308,27.0488],[-82.3836,27.0379],[-82.435,27.0541],[-82.485,27.0975],[-82.53,27.1193],[-82.57,27.1196],[-82.6062,27.1034],[-82.6387,27.0707],[-82.6687,27.0255],[-82.6962,26.9677],[-82.7356,26.9142],[-82.7867,26.865],[-82.8317,26.8313],[-82.8706,26.813],[-82.9,26.8051],[-82.92,26.8074],[-82.9344,26.8165],[-82.9432,26.8324],[-82.9359,26.8627],[-82.9124,26.9073],[-82.9031,26.946],[-82.9077,26.9789],[-82.935,26.9823],[-82.985,26.9565],[-83.03,26.9416],[-83.07,26.9378],[-83.11,26.9194],[-83.15,26.8864],[-83.1957,26.867],[-83.247,26.8611],[-83.2772,26.8894],[-83.286,26.9519],[-83.274,27.0098],[-83.2412,27.0632],[-83.2361,27.0971],[-83.2587,27.1115],[-83.2996,27.1115],[-83.3587,27.0971],[-83.4037,27.0698],[-83.4346,27.0294],[-83.4812,27.0027],[-83.5436,26.9896],[-83.5936,26.9823],[-83.6312,26.9807],[-83.665,26.991],[-83.695,27.0134],[-83.75,27.0111],[-83.83,26.9841],[-83.8777,26.9737],[-83.8931,26.9799],[-83.9031,26.9921],[-83.9077,27.0102],[-83.915,27.0187],[-83.925,27.0174],[-83.975,26.9962],[-84.065,26.9548],[-84.14,26.9129],[-84.2,26.8706],[-84.265,26.8453],[-84.335,26.8369],[-84.3904,26.8213],[-84.4312,26.7983],[-84.456,26.7913],[-84.4649,26.8002],[-84.4571,26.8315],[-84.4328,26.885],[-84.4227,26.9251],[-84.427,26.9519],[-84.4794,26.9732],[-84.5798,26.9893],[-84.66,27.0102],[-84.72,27.0362],[-84.7634,27.0638],[-84.7903,27.0931],[-84.7726,27.13],[-84.7103,27.1745],[-84.676,27.2145],[-84.6697,27.2501],[-84.6549,27.2812],[-84.6314,27.3079],[-84.6336,27.3656],[-84.6613,27.4544],[-84.6667,27.5121],[-84.6497,27.5387],[-84.6226,27.5653],[-84.5854,27.5919],[-84.5537,27.6273],[-84.5275,27.6716],[-84.527,27.7159],[-84.5522,27.7602],[-84.566,27.7955],[-84.5682,27.8221],[-84.5345,27.8451],[-84.4648,27.8646],[-84.421,27.8823],[-84.4031,27.8982],[-84.4081,27.9238],[-84.436,27.9591],[-84.4374,27.9988],[-84.4121,28.043],[-84.4231,28.0739],[-84.4705,28.0915],[-84.4901,28.1268],[-84.482,28.1797],[-84.5,28.237],[-84.5443,28.2986],[-84.5623,28.3472],[-84.5541,28.3827],[-84.6,28.4391],[-84.7,28.5165],[-84.7769,28.5602],[-84.8308,28.5705],[-84.901,28.6152],[-84.9874,28.6942],[-85.0259,28.7424],[-85.0163,28.7599],[-85.0011,28.7717],[-84.9804,28.7777],[-84.86,28.7853],[-84.64,28.7945],[-84.5274,28.809],[-84.5221,28.8289],[-84.5671,28.8519],[-84.6624,28.8782],[-84.76,28.8897],[-84.86,28.8864],[-84.955,28.8982],[-85.045,28.9252],[-85.1092,28.9312],[-85.1477,28.9163],[-85.1627,28.9001],[-85.1541,28.8826],[-85.1543,28.8651],[-85.1634,28.8476],[-85.1935,28.8317],[-85.2445,28.8176],[-85.315,28.8264],[-85.405,28.8581],[-85.5,28.8722],[-85.6,28.8685],[-85.7,28.8776],[-85.8,28.8995],[-85.8699,28.9275],[-85.9096,28.9618],[-85.9396,29.0052],[-85.9599,29.0577],[-86.005,29.0729],[-86.075,29.0507],[-86.1263,29.0419],[-86.1588,29.0465],[-86.184,29.0663],[-86.2019,29.1013],[-86.2075,29.1362],[-86.2008,29.1712],[-86.2146,29.2061],[-86.2489,29.241],[-86.2634,29.2803]],[[-82.5469,30.4683],[-82.531,30.4941],[-82.5048,30.5151],[-82.4683,30.5311],[-82.355,30.5504],[-82.165,30.5731],[-82.0453,30.5952],[-81.9958,30.6168],[-81.9658,30.6452],[-81.9553,30.6804],[-81.9,30.6951],[-81.8,30.6893],[-81.69,30.7182],[-81.57,30.7818],[-81.4775,30.8015],[-81.4126,30.7773],[-81.4095,30.7394],[-81.4682,30.6878],[-81.4959,30.6491],[-81.4927,30.6233],[-81.4808,30.6052],[-81.4603,30.5948],[-81.3,30.6358],[-81.0,30.7283],[-80.82,30.7983],[-80.76,30.8459],[-80.72,30.8675],[-80.7,30.863],[-80.6863,30.854],[-80.679,30.8406],[-80.7022,30.8082],[-80.7559,30.7566],[-80.7815,30.7093],[-80.7789,30.6663],[-80.7707,30.6412],[-80.7569,30.6341],[-80.7119,30.6427],[-80.6356,30.6671],[-80.5809,30.7007],[-80.5477,30.7437],[-80.4779,30.8125],[-80.3714,30.9069],[-80.3186,30.9627],[-80.3194,30.9798],[-80.3323,30.9962],[-80.3574,31.012],[-80.44,31.0214],[-80.58,31.0245],[-80.72,31.0402],[-80.86,31.0686],[-81.0,31.0606],[-81.14,31.0164],[-81.2079,31.0142],[-81.2037,31.0541],[-81.2137,31.0772],[-81.2379,31.0834],[-81.2668,31.0791],[-81.3003,31.0643],[-81.3672,31.0184],[-81.4674,30.9412],[-81.5406,30.893],[-81.5869,30.8738],[-81.6227,30.8695],[-81.6481,30.8801],[-81.6527,30.9112],[-81.6367,30.9627],[-81.599,30.998],[-81.5397,31.0171],[-81.4927,31.0428],[-81.4582,31.0751],[-81.4032,31.1119],[-81.3277,31.1533],[-81.195,31.1949],[-81.005,31.2366],[-80.78,31.3177],[-80.52,31.4379],[-80.365,31.5168],[-80.315,31.5546],[-80.245,31.5878],[-80.155,31.6164],[-80.0705,31.658],[-79.9914,31.7126],[-79.9507,31.7441],[-79.9481,31.7526],[-79.9631,31.7654],[-79.9957,31.7824],[-80.0098,31.7951],[-80.0055,31.8036],[-79.945,31.8332],[-79.8283,31.8838],[-79.7443,31.9262],[-79.6928,31.9605],[-79.6658,31.9862],[-79.6634,32.0031],[-79.6724,32.0159],[-79.6929,32.0243],[-79.7078,32.0371],[-79.7171,32.054],[-79.7117,32.071],[-79.6915,32.0879],[-79.6286,32.1093],[-79.5229,32.1351],[-79.37,32.1549],[-79.17,32.1688],[-79.045,32.1828],[-78.995,32.1969],[-78.935,32.201],[-78.865,32.1951],[-78.8177,32.1851],[-78.7932,32.1711],[-78.7997,32.143],[-78.8373,32.1006],[-78.8596,32.0608],[-78.8665,32.0235],[-78.89,32.0034],[-78.93,32.0006],[-78.98,31.9822],[-79.04,31.9481],[-79.1,31.9312],[-79.16,31.9313],[-79.1978,31.9175],[-79.2133,31.8897],[-79.2083,31.8698],[-79.1828,31.8577],[-79.14,31.8525],[-79.08,31.8542],[-79.01,31.888],[-78.93,31.9538],[-78.865,31.9871],[-78.815,31.9878],[-78.768,31.9813],[-78.7239,31.9676],[-78.6961,31.9565],[-78.6846,31.948],[-78.6885,31.931],[-78.7079,31.9056],[-78.7507,31.8825],[-78.8169,31.8618],[-78.875,31.8361],[-78.925,31.8052],[-78.975,31.7873],[-79.025,31.7824],[-79.11,31.7609],[-79.23,31.7229],[-79.3007,31.6916],[-79.322,31.667],[-79.3199,31.6462],[-79.2945,31.6292],[-79.2888,31.6098],[-79.3029,31.5879],[-79.3463,31.5751],[-79.4189,31.5714],[-79.5139,31.5436],[-79.6313,31.4916],[-79.7485,31.4191],[-79.8656,31.326],[-79.8906,31.2704],[-79.8235,31.2524],[-79.775,31.22],[-79.745,31.1731],[-79.705,31.1532],[-79.655,31.1603],[-79.585,31.1568],[-79.495,31.1427],[-79.4346,31.1245],[-79.4037,31.1023],[-79.3859,31.0655],[-79.3812,31.0141],[-79.4484,30.9412],[-79.5877,30.8468],[-79.6766,30.7609],[-79.7152,30.6835],[-79.7108,30.6018],[-79.6635,30.5157],[-79.6447,30.4597],[-79.6545,30.4338],[-79.6813,30.4122],[-79.7252,30.395],[-79.746,30.3821],[-79.744,30.3734],[-79.7235,30.3519],[-79.6845,30.3173],[-79.6213,30.2796],[-79.5338,30.2386],[-79.4874,30.2084],[-79.4822,30.1889],[-79.4872,30.1726],[-79.5024,30.1596],[-79.525,30.1509],[-79.555,30.1463],[-79.595,30.1575],[-79.645,30.1844],[-79.72,30.2063],[-79.82,30.223],[-79.8766,30.2269],[-79.8898,30.2181],[-79.8946,30.1964],[-79.8911,30.1618],[-79.8945,30.141],[-79.9048,30.1341],[-79.965,30.1394],[-80.075,30.1567],[-80.145,30.1701],[-80.175,30.1793],[-80.23,30.2235],[-80.31,30.3025],[-80.4,30.3423],[-80.5,30.3427],[-80.585,30.3752],[-80.655,30.4395],[-80.715,30.473],[-80.765,30.4756],[-80.8199,30.4542],[-80.8796,30.409],[-80.9114,30.3648],[-80.9153,30.3216],[-80.8954,30.2892],[-80.8518,30.2674],[-80.805,30.2687],[-80.755,30.2931],[-80.715,30.3032],[-80.685,30.2991],[-80.64,30.261],[-80.58,30.1889],[-80.5522,30.1378],[-80.5565,30.1077],[-80.5786,30.0796],[-80.6187,30.0537],[-80.6595,30.006],[-80.701,29.9367],[-80.7439,29.8844],[-80.788,29.8489],[-80.825,29.8312],[-80.855,29.8311],[-80.915,29.8519],[-81.005,29.8936],[-81.0826,29.9114],[-81.1477,29.9052],[-81.2077,29.8857],[-81.2626,29.8529],[-81.3058,29.8486],[-81.3373,29.8727],[-81.3379,29.9064],[-81.3073,29.9497],[-81.3065,29.9873],[-81.3355,30.0193],[-81.37,30.0392],[-81.41,30.0471],[-81.47,30.0477],[-81.55,30.0408],[-81.5958,30.0642],[-81.6075,30.1177],[-81.6299,30.1532],[-81.6629,30.1705],[-81.7171,30.1726],[-81.7924,30.1597],[-81.86,30.1639],[-81.92,30.1852],[-81.99,30.1835],[-82.07,30.1586],[-82.125,30.1469],[-82.155,30.1482],[-82.1888,30.1651],[-82.2264,30.1975],[-82.2411,30.2223],[-82.2329,30.2396],[-82.214,30.2569],[-82.1843,30.2742],[-82.1696,30.2923],[-82.1699,30.3112],[-82.195,30.3238],[-82.245,30.3301],[-82.2979,30.3509],[-82.3536,30.386],[-82.4136,30.4092],[-82.4779,30.4205],[-82.5212,30.4334],[-82.5436,30.4481],[-82.5469,30.4683]],[[-77.2304,32.831],[-77.2035,32.849],[-77.12,32.8789],[-76.98,32.9208],[-76.86,32.9492],[-76.76,32.9641],[-76.641,32.9426],[-76.5029,32.8847],[-76.4189,32.8389],[-76.3889,32.8053],[-76.3694,32.7716],[-76.3604,32.738],[-76.3394,32.7062],[-76.3065,32.6763],[-76.235,32.6644],[-76.125,32.6706],[-76.025,32.6866],[-75.935,32.7126],[-75.79,32.7301],[-75.59,32.7391],[-75.47,32.7503],[-75.43,32.7635],[-75.4032,32.7663],[-75.3896,32.7586],[-75.4224,32.7254],[-75.5014,32.6665],[-75.6107,32.5991],[-75.7502,32.5232],[-75.8725,32.4733],[-75.9775,32.4492],[-76.0784,32.4154],[-76.1751,32.3719],[-76.2401,32.3482],[-76.2734,32.3442],[-76.3289,32.3526],[-76.4067,32.3735],[-76.4534,32.3966],[-76.4689,32.422],[-76.4983,32.4473],[-76.5414,32.4726],[-76.5758,32.5148],[-76.6013,32.5738],[-76.6695,32.6328],[-76.7804,32.6917],[-76.8409,32.7338],[-76.851,32.759],[-76.8495,32.7952],[-76.8365,32.8422],[-76.915,32.8432],[-77.085,32.7982],[-77.1824,32.7788],[-77.2073,32.7852],[-77.2258,32.7969],[-77.2378,32.8137],[-77.2304,32.831]],[[-81.7429,27.6538],[-81.721,27.6801],[-81.691,27.6801],[-81.653,27.6538],[-81.643,27.6301],[-81.661,27.6092],[-81.68,27.5966],[-81.7,27.5924],[-81.721,27.6029],[-81.7429,27.628],[-81.7429,27.6538]],[[-81.6331,27.8594],[-81.6177,27.872],[-81.5949,27.872],[-81.5647,27.8594],[-81.5647,27.84],[-81.5949,27.814],[-81.615,27.802],[-81.625,27.804],[-81.6327,27.8171],[-81.6381,27.841],[-81.6331,27.8594]],[[-81.5586,27.5115],[-81.4995,27.5725],[-81.4524,27.5947],[-81.4173,27.578],[-81.399,27.5609],[-81.3976,27.5431],[-81.4202,27.498],[-81.4667,27.4255],[-81.5,27.3934],[-81.52,27.4016],[-81.5445,27.4246],[-81.5736,27.4622],[-81.5586,27.5115]],[[-81.6287,26.9162],[-81.6138,26.9608],[-81.5873,27.0096],[-81.5491,27.0627],[-81.5212,27.085],[-81.5037,27.0764],[-81.4869,27.0543],[-81.4708,27.0187],[-81.4396,26.9927],[-81.3932,26.9762],[-81.3597,26.9717],[-81.3392,26.9793],[-81.3207,27.0009],[-81.3041,27.0365],[-81.3047,27.0677],[-81.3225,27.0944],[-81.341,27.1132],[-81.3603,27.124],[-81.3922,27.124],[-81.4367,27.1132],[-81.4632,27.1167],[-81.4717,27.1345],[-81.4437,27.2012],[-81.3791,27.3168],[-81.3276,27.3905],[-81.2892,27.4224],[-81.2217,27.4136],[-81.1252,27.3638],[-81.0811,27.3257],[-81.0894,27.299],[-81.1076,27.2745],[-81.1359,27.2521],[-81.1617,27.221],[-81.1851,27.1811],[-81.1951,27.1513],[-81.1917,27.1316],[-81.18,27.1124],[-81.16,27.0936],[-81.135,27.0816],[-81.105,27.0764],[-81.0756,27.0823],[-81.0467,27.0993],[-81.0301,27.1256],[-81.0258,27.1612],[-81.0103,27.1928],[-80.9834,27.2206],[-80.955,27.2353],[-80.925,27.2369],[-80.9002,27.2275],[-80.8806,27.207],[-80.8683,27.1834],[-80.8633,27.1567],[-80.8769,27.1167],[-80.9091,27.0632],[-80.9282,27.0187],[-80.9341,26.9831],[-80.9325,26.9519],[-80.9234,26.9251],[-80.9249,26.9028],[-80.9369,26.885],[-80.9146,26.8843],[-80.8582,26.9008],[-80.805,26.9037],[-80.755,26.8931],[-80.7059,26.8938],[-80.6577,26.9057],[-80.6127,26.9325],[-80.5709,26.974],[-80.535,27.0016],[-80.505,27.0153],[-80.4842,27.0213],[-80.4726,27.0196],[-80.4642,27.0009],[-80.459,26.9652],[-80.4649,26.9207],[-80.4817,26.8671],[-80.5151,26.8104],[-80.565,26.7505],[-80.6207,26.7147],[-80.6822,26.7033],[-80.7372,26.6765],[-80.7857,26.6343],[-80.8211,26.6254],[-80.8434,26.6496],[-80.8635,26.6618],[-80.8816,26.6618],[-80.8955,26.6431],[-80.9052,26.6059],[-80.885,26.5836],[-80.835,26.5764],[-80.7977,26.5414],[-80.7731,26.4785],[-80.7377,26.4247],[-80.6914,26.3799],[-80.6768,26.3485],[-80.6937,26.3306],[-80.7141,26.3187],[-80.738,26.3129],[-80.7629,26.3129],[-80.7886,26.3187],[-80.8236,26.3471],[-80.8679,26.3981],[-80.92,26.4351],[-80.98,26.458],[-81.03,26.4657],[-81.07,26.4584],[-81.099,26.4618],[-81.1171,26.4758],[-81.1215,26.5053],[-81.1122,26.55],[-81.1107,26.6081],[-81.1172,26.6796],[-81.1393,26.7332],[-81.177,26.769],[-81.1844,26.8106],[-81.1615,26.858],[-81.1327,26.8982],[-81.0982,26.931],[-81.0808,26.9563],[-81.0804,26.9741],[-81.0927,26.9827],[-81.1176,26.9819],[-81.145,26.9671],[-81.175,26.9384],[-81.25,26.8886],[-81.37,26.8179],[-81.475,26.7963],[-81.565,26.8238],[-81.6165,26.8517],[-81.6296,26.8798],[-81.6287,26.9162]],[[-80.914,27.5282],[-80.8847,27.5515],[-80.8559,27.5559],[-80.8276,27.5415],[-80.8176,27.5267],[-80.8259,27.5116],[-80.84,27.5011],[-80.86,27.4951],[-80.88,27.4925],[-80.9,27.4931],[-80.9147,27.4992],[-80.924,27.5107],[-80.914,27.5282]],[[-80.6514,27.2279],[-80.6446,27.2901],[-80.6354,27.3257],[-80.6238,27.3345],[-80.601,27.3385],[-80.567,27.3376],[-80.54,27.3316],[-80.52,27.3205],[-80.4962,27.2809],[-80.4687,27.213],[-80.4587,27.1693],[-80.4662,27.1501],[-80.495,27.1348],[-80.545,27.1234],[-80.5848,27.1242],[-80.6145,27.137],[-80.6357,27.1567],[-80.6484,27.1834],[-80.6514,27.2279]],[[-80.4622,27.339],[-80.4491,27.3745],[-80.4295,27.3984],[-80.4032,27.4107],[-80.365,27.409],[-80.315,27.3933],[-80.2831,27.3783],[-80.2692,27.3639],[-80.2681,27.3301],[-80.2798,27.2768],[-80.3017,27.2352],[-80.3339,27.2054],[-80.37,27.1991],[-80.41,27.2161],[-80.4397,27.2488],[-80.459,27.2971],[-80.4622,27.339]],[[-80.2354,27.2212],[-80.2185,27.2702],[-80.195,27.2992],[-80.165,27.3082],[-80.125,27.2978],[-80.075,27.2679],[-80.045,27.2256],[-80.035,27.1708],[-80.04,27.1393],[-80.06,27.1312],[-80.11,27.1393],[-80.19,27.1638],[-80.2335,27.1812],[-80.2404,27.1916],[-80.2354,27.2212]],[[-80.1153,27.4203],[-80.0984,27.4408],[-80.08,27.4477],[-80.06,27.4408],[-80.0385,27.4172],[-80.0154,27.3769],[-80.0057,27.3479],[-80.0095,27.3301],[-80.0161,27.3179],[-80.0254,27.3112],[-80.0407,27.3112],[-80.062,27.3179],[-80.0854,27.3434],[-80.111,27.3878],[-80.1153,27.4203]],[[-79.9989,27.2245],[-79.9796,27.2445],[-79.9542,27.2445],[-79.9226,27.2245],[-79.9126,27.2062],[-79.9242,27.1895],[-79.94,27.1792],[-79.96,27.1752],[-79.9796,27.1835],[-79.9989,27.2042],[-79.9989,27.2245]],[[-79.8971,28.0005],[-79.879,28.0128],[-79.8571,28.0128],[-79.8313,28.0005],[-79.8313,27.9841],[-79.8571,27.9635],[-79.879,27.9635],[-79.8971,27.9841],[-79.8971,28.0005]],[[-79.7436,27.872],[-79.7212,27.8745],[-79.703,27.8701],[-79.6891,27.8587],[-79.6904,27.8486],[-79.7069,27.8398],[-79.7251,27.8442],[-79.7449,27.8619],[-79.7436,27.872]],[[-79.4895,28.1568],[-79.4765,28.1639],[-79.4631,28.1639],[-79.4493,28.1568],[-79.4493,28.1464],[-79.4631,28.1327],[-79.4765,28.1327],[-79.4895,28.1464],[-79.4895,28.1568]],[[-86.8025,29.4947],[-86.7808,29.5488],[-86.73,29.594],[-86.65,29.6304],[-86.5664,29.6164],[-86.4793,29.5521],[-86.4693,29.4834],[-86.5364,29.4105],[-86.605,29.3666],[-86.675,29.3519],[-86.725,29.3493],[-86.755,29.359],[-86.7808,29.3898],[-86.8025,29.4417],[-86.8025,29.4947]],[[-84.9082,27.222],[-84.8827,27.237],[-84.85,27.2458],[-84.81,27.2485],[-84.7874,27.2454],[-84.7823,27.2367],[-84.7973,27.2227],[-84.8324,27.2035],[-84.8677,27.1991],[-84.9032,27.2094],[-84.9082,27.222]],[[-83.1723,26.8303],[-83.1574,26.8459],[-83.1347,26.8504],[-83.1042,26.8437],[-83.0992,26.8296],[-83.1197,26.8082],[-83.14,26.7975],[-83.16,26.7977],[-83.1724,26.8039],[-83.1773,26.8163],[-83.1723,26.8303]],[[-81.9611,27.382],[-81.9537,27.397],[-81.9398,27.4059],[-81.9195,27.4087],[-81.8985,27.3923],[-81.8769,27.3567],[-81.8461,27.3301],[-81.8061,27.3123],[-81.7871,27.2911],[-81.789,27.2664],[-81.82,27.2588],[-81.88,27.2682],[-81.9209,27.285],[-81.9428,27.3092],[-81.9565,27.3345],[-81.9621,27.3612],[-81.9611,27.382]],[[-81.7735,28.3196],[-81.7578,28.335],[-81.7445,28.3394],[-81.7336,28.3328],[-81.7286,28.3186],[-81.7295,28.2967],[-81.74,28.2868],[-81.76,28.2887],[-81.7728,28.2952],[-81.7785,28.3063],[-81.7735,28.3196]],[[-81.2932,29.7743],[-81.2777,29.7965],[-81.215,29.8145],[-81.105,29.8283],[-81.0395,29.8345],[-81.0186,29.8333],[-81.0006,29.824],[-80.9854,29.8067],[-80.9859,29.7875],[-81.002,29.7666],[-81.055,29.7374],[-81.145,29.7],[-81.209,29.6844],[-81.2469,29.6906],[-81.2747,29.7112],[-81.2922,29.7459],[-81.2932,29.7743]],[[-79.4756,30.5529],[-79.4585,30.5757],[-79.42,30.5887],[-79.36,30.592],[-79.3175,30.5892],[-79.2926,30.5804],[-79.2752,30.5631],[-79.2652,30.5372],[-79.2677,30.5142],[-79.2826,30.494],[-79.325,30.4759],[-79.395,30.4601],[-79.4386,30.4573],[-79.4557,30.4675],[-79.4692,30.4898],[-79.4792,30.5243],[-79.4756,30.5529]],[[-79.1234,31.5594],[-79.1011,31.6072],[-79.075,31.6385],[-79.045,31.6534],[-78.9975,31.6551],[-78.9325,31.6435],[-78.8875,31.6297],[-78.8625,31.6137],[-78.855,31.5989],[-78.865,31.5852],[-78.89,31.5723],[-78.93,31.5599],[-78.99,31.5449],[-79.07,31.5273],[-79.1161,31.5227],[-79.1284,31.5313],[-79.1234,31.5594]],[[-76.7537,31.9997],[-76.7379,32.0099],[-76.7236,32.0057],[-76.7109,31.987],[-76.7109,31.9744],[-76.7236,31.9679],[-76.7379,31.9721],[-76.7537,31.9871],[-76.7537,31.9997]],[[-81.4627,26.7252],[-81.4409,26.7448],[-81.4233,26.7493],[-81.4099,26.7386],[-81.4099,26.724],[-81.4233,26.7054],[-81.4409,26.701],[-81.4627,26.7106],[-81.4627,26.7252]],[[-80.7525,26.132],[-80.7375,26.1475],[-80.7248,26.1475],[-80.7145,26.132],[-80.7145,26.1192],[-80.7248,26.1092],[-80.7375,26.1092],[-80.7525,26.1192],[-80.7525,26.132]],[[-80.3728,27.0766],[-80.3619,27.1211],[-80.3498,27.1471],[-80.3366,27.1546],[-80.31,27.1448],[-80.27,27.1179],[-80.23,27.1126],[-80.19,27.129],[-80.1593,27.1298],[-80.138,27.1151],[-80.125,27.0944],[-80.1203,27.0677],[-80.1318,26.9964],[-80.1594,26.8805],[-80.1874,26.8126],[-80.2158,26.7927],[-80.245,26.7835],[-80.275,26.7851],[-80.2988,26.7995],[-80.3164,26.8267],[-80.3043,26.8582],[-80.2625,26.8939],[-80.2414,26.9251],[-80.241,26.9519],[-80.2681,26.9757],[-80.3227,26.9966],[-80.3571,27.0189],[-80.3712,27.0425],[-80.3728,27.0766]],[[-84.908,27.1147],[-84.8827,27.1285],[-84.8614,27.1285],[-84.8442,27.1147],[-84.8492,27.1026],[-84.8764,27.0923],[-84.8974,27.0878],[-84.9123,27.0892],[-84.92,27.0944],[-84.9205,27.1033],[-84.908,27.1147]],[[-79.1126,30.1899],[-79.0575,30.2114],[-79.0221,30.2114],[-79.0063,30.1899],[-79.0035,30.1705],[-79.0136,30.1532],[-79.0315,30.1409],[-79.0572,30.1336],[-79.0822,30.1336],[-79.1066,30.1409],[-79.1242,30.1532],[-79.1348,30.1705],[-79.1126,30.1899]]]}},{"type":"Feature","properties":{"c":"#00fb90","v0":0.25,"v1":1.0},"geometry":{"type":"Polygon","coordinates":[[[-75.3868,33.6028],[-75.3489,33.6247],[-75.3214,33.633],[-75.3041,33.6278],[-75.2991,33.6161],[-75.3064,33.5979],[-75.325,33.5797],[-75.355,33.5613],[-75.3789,33.5621],[-75.3968,33.5819],[-75.3868,33.6028]]]}},{"type":"Feature","properties":{"c":"#00fb90","v0":0.25,"v1":1.0},"geometry":{"type":"Polygon","coordinates":[[[-80.1648,31.948],[-80.1468,31.9565],[-80.1358,31.9501],[-80.1319,31.9288],[-80.141,31.9246],[-80.1629,31.9374],[-80.1648,31.948]]]}},{"type":"Feature","properties":{"c":"#00fb90","v0":0.25,"v1":1.0},"geometry":{"type":"Polygon","coordinates":[[[-82.6208,31.0398],[-82.5887,31.0741],[-82.5681,31.1126],[-82.5588,31.1554],[-82.539,31.1897],[-82.5088,31.2153],[-82.4983,31.2452],[-82.5074,31.2794],[-82.5065,31.3058],[-82.4955,31.3245],[-82.4727,31.333],[-82.4382,31.3315],[-82.4032,31.3205],[-82.3677,31.3001],[-82.2563,31.2744],[-82.0689,31.2436],[-82.0089,31.2171],[-82.0763,31.195],[-82.195,31.1404],[-82.365,31.0533],[-82.4967,31.0129],[-82.5901,31.0194],[-82.6208,31.0398]]]}},{"type":"Feature","properties":{"c":"#00fb90","v0":0.25,"v1":1.0},"geometry":{"type":"Polygon","coordinates":[[[-85.896,31.062],[-85.7453,31.1405],[-85.6086,31.179],[-85.4857,31.1775],[-85.4507,31.1429],[-85.5036,31.0751],[-85.58,31.0168],[-85.68,30.9682],[-85.765,30.9608],[-85.835,30.9947],[-85.8953,31.0144],[-85.946,31.0199],[-85.896,31.062]]]}},{"type":"Feature","properties":{"c":"#00fb90","v0":0.25,"v1":1.0},"geometry":{"type":"Polygon","coordinates":[[[-110.2223,30.6215],[-110.2008,30.6435],[-110.1789,30.6478],[-110.1568,30.6344],[-110.1471,30.619],[-110.1498,30.6018],[-110.1608,30.5873],[-110.1803,30.5754],[-110.2008,30.5797],[-110.2223,30.6002],[-110.2223,30.6215]]]}},{"type":"Feature","properties":{"c":"#00fb90","v0":0.25,"v1":1.0},"geometry":{"type":"Polygon","coordinates":[[[-79.8426,30.5794],[-79.8342,30.5864],[-79.8238,30.5864],[-79.8115,30.5794],[-79.8115,30.5708],[-79.8238,30.5605],[-79.8342,30.5605],[-79.8426,30.5708],[-79.8426,30.5794]]]}},{"type":"Feature","properties":{"c":"#00fb90","v0":0.25,"v1":1.0},"geometry":{"type":"Polygon","coordinates":[[[-84.0102,30.4732],[-83.9834,30.5088],[-83.955,30.5322],[-83.925,30.5435],[-83.8499,30.53],[-83.7297,30.4917],[-83.6797,30.4611],[-83.6999,30.4382],[-83.755,30.4197],[-83.845,30.4056],[-83.915,30.4035],[-83.965,30.4132],[-83.9984,30.4273],[-84.0152,30.446],[-84.0102,30.4732]]]}},{"type":"Feature","properties":{"c":"#00fb90","v0":0.25,"v1":1.0},"geometry":{"type":"Polygon","coordinates":[[[-84.3206,30.3458],[-84.3135,30.3683],[-84.305,30.3781],[-84.295,30.3753],[-84.2881,30.3598],[-84.2844,30.3315],[-84.293,30.3216],[-84.3137,30.3303],[-84.3206,30.3458]]]}},{"type":"Feature","properties":{"c":"#00fb90","v0":0.25,"v1":1.0},"geometry":{"type":"Polygon","coordinates":[[[-83.585,30.3519],[-83.5708,30.3519],[-83.5642,30.3475],[-83.5652,30.3389],[-83.5723,30.3389],[-83.5855,30.3475],[-83.585,30.3519]]]}},{"type":"Feature","properties":{"c":"#00fb90","v0":0.25,"v1":1.0},"geometry":{"type":"Polygon","coordinates":[[[-84.1985,30.1186],[-84.1551,30.1359],[-84.0573,30.1575],[-83.905,30.1834],[-83.8277,30.1921],[-83.8254,30.1834],[-83.9107,30.1568],[-84.0836,30.1121],[-84.18,30.0895],[-84.2,30.0889],[-84.2125,30.0939],[-84.2176,30.1046],[-84.1985,30.1186]]]}},{"type":"Feature","properties":{"c":"#00fb90","v0":0.25,"v1":1.0},"geometry":{"type":"Polygon","coordinates":[[[-79.8567,29.8762],[-79.8389,29.8939],[-79.825,29.8982],[-79.815,29.8892],[-79.8239,29.8804],[-79.8517,29.8717],[-79.8567,29.8762]]]}},{"type":"Feature","properties":{"c":"#00fb90","v0":0.25,"v1":1.0},"geometry":{"type":"Polygon","coordinates":[[[-79.2833,29.4764],[-79.2675,29.4938],[-79.2472,29.5059],[-79.2224,29.5129],[-79.1775,29.5086],[-79.1126,29.4929],[-79.0868,29.4764],[-79.1,29.4589],[-79.1325,29.4458],[-79.1842,29.437],[-79.2303,29.4414],[-79.2709,29.4589],[-79.2833,29.4764]]]}},{"type":"Feature","properties":{"c":"#00fb90","v0":0.25,"v1":1.0},"geometry":{"type":"Polygon","coordinates":[[[-97.8287,24.9149],[-97.812,25.1324],[-97.782,25.3088],[-97.7388,25.4444],[-97.7184,25.5347],[-97.7209,25.5798],[-97.6938,25.6429],[-97.6369,25.724],[-97.5547,25.9625],[-97.4472,26.3575],[-97.3779,26.5858],[-97.3469,26.6484],[-97.3291,26.702],[-97.3246,26.7466],[-97.3093,26.7902],[-97.2831,26.8328],[-97.245,26.86],[-97.195,26.8718],[-97.16,26.8855],[-97.14,26.9009],[-97.075,26.9885],[-96.965,27.1481],[-96.8823,27.2378],[-96.8268,27.2579],[-96.7214,27.3656],[-96.5662,27.5609],[-96.369,27.7493],[-96.1297,27.931],[-95.97,28.0288],[-95.89,28.0431],[-95.825,28.0628],[-95.775,28.088],[-95.7647,28.074],[-95.794,28.021],[-95.8094,27.9812],[-95.8109,27.9547],[-95.8012,27.9337],[-95.7804,27.9183],[-95.75,27.9115],[-95.71,27.9132],[-95.565,27.9922],[-95.315,28.1484],[-95.16,28.2562],[-95.1,28.3158],[-95.001,28.3812],[-94.8631,28.4523],[-94.7631,28.4963],[-94.701,28.5133],[-94.6609,28.5177],[-94.6428,28.5095],[-94.674,28.479],[-94.7547,28.4263],[-94.8392,28.3559],[-94.9277,28.2678],[-94.9715,28.2116],[-94.9705,28.1874],[-94.95,28.1677],[-94.91,28.1528],[-94.865,28.1559],[-94.815,28.1772],[-94.775,28.2029],[-94.745,28.2329],[-94.6683,28.2639],[-94.5448,28.2959],[-94.4594,28.3515],[-94.4121,28.4306],[-94.3941,28.479],[-94.4056,28.4966],[-94.4048,28.5098],[-94.3917,28.5186],[-94.2364,28.5552],[-93.9388,28.6198],[-93.776,28.6505],[-93.7479,28.6474],[-93.7129,28.633],[-93.671,28.6073],[-93.625,28.5918],[-93.575,28.5867],[-93.525,28.5964],[-93.475,28.6208],[-93.43,28.6349],[-93.39,28.6387],[-93.355,28.6276],[-93.325,28.6017],[-93.2602,28.6074],[-93.1607,28.6448],[-93.0557,28.6702],[-92.9452,28.6836],[-92.8846,28.688],[-92.8737,28.6833],[-92.872,28.6766],[-92.8795,28.6678],[-92.9164,28.6371],[-92.9829,28.5844],[-93.014,28.5405],[-93.0098,28.5054],[-92.9982,28.4797],[-92.9794,28.4635],[-92.91,28.4558],[-92.79,28.4567],[-92.695,28.4673],[-92.625,28.4878],[-92.575,28.4904],[-92.545,28.4752],[-92.475,28.4672],[-92.365,28.4664],[-92.23,28.482],[-92.07,28.5139],[-91.93,28.552],[-91.81,28.5963],[-91.73,28.617],[-91.69,28.6141],[-91.565,28.6294],[-91.355,28.6629],[-91.19,28.6998],[-91.07,28.7402],[-90.91,28.7838],[-90.71,28.8306],[-90.52,28.8606],[-90.34,28.8739],[-90.165,28.9061],[-89.995,28.9572],[-89.84,28.9778],[-89.7,28.9678],[-89.6311,28.9493],[-89.6334,28.9224],[-89.6434,28.8989],[-89.6611,28.8789],[-89.7046,28.857],[-89.7738,28.8332],[-89.8591,28.7556],[-89.9607,28.624],[-89.9811,28.5578],[-89.9204,28.5574],[-89.8,28.5855],[-89.62,28.6422],[-89.516,28.66],[-89.4881,28.6389],[-89.5031,28.6149],[-89.561,28.5881],[-89.6105,28.5529],[-89.6514,28.5095],[-89.6364,28.4684],[-89.5655,28.4297],[-89.49,28.4273],[-89.41,28.4611],[-89.345,28.4665],[-89.295,28.4435],[-89.25,28.4409],[-89.21,28.4588],[-89.155,28.4597],[-89.085,28.4438],[-89.0208,28.4401],[-88.9625,28.4484],[-88.9214,28.4614],[-88.8976,28.479],[-88.8919,28.5142],[-88.9043,28.5669],[-88.9053,28.6035],[-88.8951,28.6242],[-88.88,28.6373],[-88.86,28.6429],[-88.825,28.6391],[-88.775,28.6259],[-88.725,28.6393],[-88.675,28.6793],[-88.64,28.6952],[-88.62,28.687],[-88.6091,28.6693],[-88.6072,28.642],[-88.5922,28.6162],[-88.5641,28.5919],[-88.53,28.5889],[-88.49,28.6072],[-88.395,28.6211],[-88.245,28.6306],[-88.1577,28.6336],[-88.133,28.6301],[-88.1212,28.6152],[-88.1221,28.5888],[-88.1044,28.5673],[-88.0681,28.5506],[-88.02,28.5506],[-87.96,28.5673],[-87.9077,28.5976],[-87.863,28.6415],[-87.783,28.6761],[-87.6677,28.7015],[-87.58,28.7296],[-87.52,28.7606],[-87.46,28.7641],[-87.4,28.7402],[-87.305,28.7374],[-87.175,28.7559],[-87.0819,28.7397],[-87.0256,28.6889],[-87.009,28.6547],[-87.0319,28.6371],[-87.07,28.6251],[-87.1233,28.6185],[-87.17,28.6052],[-87.21,28.5852],[-87.27,28.566],[-87.35,28.5476],[-87.405,28.5389],[-87.435,28.5397],[-87.47,28.5502],[-87.51,28.5702],[-87.63,28.5636],[-87.83,28.5304],[-87.9562,28.4897],[-88.0085,28.4415],[-88.0885,28.39],[-88.1962,28.3352],[-88.28,28.2824],[-88.3399,28.2316],[-88.3849,28.2019],[-88.415,28.1933],[-88.45,28.1905],[-88.49,28.1936],[-88.53,28.2156],[-88.57,28.2568],[-88.61,28.2716],[-88.65,28.2601],[-88.7,28.2566],[-88.76,28.2611],[-88.805,28.2579],[-88.835,28.2469],[-88.875,28.2523],[-88.925,28.274],[-88.97,28.2869],[-89.01,28.2907],[-89.075,28.2807],[-89.165,28.2566],[-89.2114,28.2262],[-89.2141,28.1893],[-89.2256,28.1621],[-89.2458,28.1444],[-89.2694,28.1349],[-89.2965,28.1336],[-89.34,28.1446],[-89.4,28.168],[-89.444,28.1687],[-89.472,28.1466],[-89.4901,28.118],[-89.4981,28.0827],[-89.5291,28.0651],[-89.583,28.0653],[-89.625,28.056],[-89.655,28.0372],[-89.6917,28.0327],[-89.7352,28.0425],[-89.7692,28.0562],[-89.7938,28.0739],[-89.813,28.1003],[-89.8267,28.1356],[-89.8477,28.1575],[-89.8759,28.1661],[-89.98,28.1494],[-90.16,28.1074],[-90.33,28.0841],[-90.49,28.0795],[-90.599,28.0654],[-90.657,28.0416],[-90.732,28.024],[-90.824,28.0126],[-90.895,27.9904],[-90.945,27.9573],[-90.99,27.9398],[-91.03,27.9377],[-91.085,27.919],[-91.155,27.8838],[-91.235,27.8656],[-91.325,27.8647],[-91.4,27.8743],[-91.46,27.8944],[-91.53,27.8858],[-91.61,27.8484],[-91.6633,27.8356],[-91.69,27.8472],[-91.705,27.8663],[-91.7084,27.8928],[-91.7201,27.913],[-91.74,27.9269],[-91.79,27.9262],[-91.87,27.9108],[-91.935,27.905],[-91.985,27.9086],[-92.0231,27.905],[-92.0493,27.8939],[-92.0669,27.8796],[-92.0757,27.8619],[-92.0576,27.8402],[-92.0125,27.8145],[-91.9907,27.7968],[-91.992,27.7871],[-92.0285,27.7557],[-92.1001,27.7026],[-92.2045,27.6774],[-92.3415,27.6801],[-92.455,27.6605],[-92.545,27.6188],[-92.615,27.5983],[-92.665,27.599],[-92.695,27.5964],[-92.7051,27.5904],[-92.7145,27.5609],[-92.7232,27.5076],[-92.7381,27.4728],[-92.7594,27.4564],[-92.7847,27.4519],[-92.814,27.4595],[-92.8445,27.4766],[-92.8763,27.5032],[-92.8967,27.5303],[-92.9056,27.5578],[-92.9578,27.5534],[-93.0534,27.517],[-93.1053,27.4943],[-93.1134,27.4855],[-93.1005,27.4762],[-93.0668,27.4665],[-93.0445,27.4443],[-93.0336,27.4096],[-93.0643,27.3523],[-93.1366,27.2723],[-93.1696,27.2234],[-93.1633,27.2056],[-93.1469,27.1879],[-93.1203,27.1701],[-93.1078,27.1521],[-93.1093,27.134],[-93.125,27.1114],[-93.155,27.0845],[-93.195,27.07],[-93.245,27.0679],[-93.2933,27.0549],[-93.34,27.0308],[-93.385,26.9858],[-93.4283,26.9198],[-93.485,26.868],[-93.555,26.8302],[-93.6294,26.7784],[-93.7082,26.7126],[-93.7468,26.6752],[-93.7454,26.6662],[-93.721,26.6526],[-93.6737,26.6342],[-93.6469,26.6163],[-93.6407,26.5989],[-93.6457,26.5869],[-93.6619,26.5802],[-93.705,26.5788],[-93.775,26.5827],[-93.815,26.6035],[-93.825,26.6411],[-93.85,26.6638],[-93.89,26.6715],[-93.911,26.6809],[-93.913,26.692],[-93.883,26.7034],[-93.821,26.7151],[-93.7474,26.7464],[-93.6621,26.7972],[-93.6156,26.8716],[-93.6079,26.9697],[-93.5855,27.0375],[-93.5485,27.0752],[-93.565,27.0726],[-93.635,27.0296],[-93.6834,26.993],[-93.7101,26.9626],[-93.7801,26.9216],[-93.8934,26.8699],[-93.975,26.8401],[-94.025,26.8324],[-94.066,26.8583],[-94.098,26.9177],[-94.133,26.9551],[-94.171,26.9704],[-94.22,26.9746],[-94.28,26.9675],[-94.345,26.938],[-94.415,26.886],[-94.46,26.8662],[-94.48,26.8786],[-94.5295,26.8692],[-94.6086,26.8381],[-94.6529,26.8091],[-94.6626,26.7824],[-94.6606,26.7466],[-94.647,26.702],[-94.6327,26.6755],[-94.6176,26.6673],[-94.58,26.6647],[-94.52,26.6679],[-94.4553,26.6318],[-94.386,26.5564],[-94.3639,26.4739],[-94.389,26.3844],[-94.4137,26.3202],[-94.4379,26.2816],[-94.4777,26.2412],[-94.5331,26.1992],[-94.5644,26.1647],[-94.5717,26.1377],[-94.559,26.1165],[-94.5263,26.1009],[-94.46,26.0851],[-94.36,26.0691],[-94.3025,26.0724],[-94.2875,26.095],[-94.2813,26.1288],[-94.2837,26.1736],[-94.2762,26.2204],[-94.2587,26.269],[-94.195,26.2668],[-94.085,26.214],[-93.9993,26.1897],[-93.9379,26.1939],[-93.9038,26.1647],[-93.8971,26.1018],[-93.9028,26.0601],[-93.9209,26.0396],[-93.955,26.0217],[-94.005,26.0064],[-94.06,25.974],[-94.12,25.9245],[-94.17,25.9006],[-94.21,25.9023],[-94.25,25.8898],[-94.29,25.8631],[-94.33,25.8476],[-94.37,25.8432],[-94.4089,25.8309],[-94.4466,25.8107],[-94.5566,25.7893],[-94.7389,25.7668],[-94.845,25.7491],[-94.875,25.7363],[-94.9018,25.716],[-94.9253,25.6883],[-94.9385,25.6519],[-94.9413,25.6068],[-94.9244,25.5437],[-94.8878,25.4624],[-94.8846,25.4087],[-94.9149,25.3824],[-94.98,25.3472],[-95.08,25.3031],[-95.1389,25.2665],[-95.1566,25.2375],[-95.1659,25.2048],[-95.1666,25.1686],[-95.1577,25.1346],[-95.1392,25.1026],[-95.12,25.0855],[-95.1,25.0831],[-95.07,25.0912],[-95.03,25.1098],[-95.005,25.11],[-94.995,25.0915],[-94.99,25.0719],[-94.99,25.051],[-95.0145,25.0273],[-95.0636,25.0007],[-95.0863,24.9739],[-95.0827,24.9467],[-95.0432,24.9063],[-94.9677,24.8529],[-94.92,24.8264],[-94.9,24.8269],[-94.8586,24.8627],[-94.7958,24.9338],[-94.7641,24.9829],[-94.7635,25.0101],[-94.7769,25.0418],[-94.8045,25.0781],[-94.8112,25.1016],[-94.7971,25.1123],[-94.73,25.1076],[-94.61,25.0874],[-94.5339,25.0548],[-94.5018,25.0099],[-94.4918,24.9637],[-94.5039,24.9162],[-94.565,24.869],[-94.675,24.8221],[-94.7575,24.7778],[-94.8124,24.7361],[-94.8505,24.688],[-94.8716,24.6334],[-94.867,24.5789],[-94.8368,24.5243],[-94.8488,24.4839],[-94.9029,24.4577],[-94.9378,24.435],[-94.9533,24.4156],[-94.9597,24.3923],[-94.957,24.365],[-94.9406,24.324],[-94.9104,24.2693],[-94.884,24.2305],[-94.8613,24.2076],[-94.8251,24.1847],[-94.7752,24.1621],[-94.735,24.1279],[-94.7044,24.0823],[-94.7143,24.0414],[-94.7648,24.0052],[-94.775,23.9782],[-94.745,23.9603],[-94.735,23.9416],[-94.745,23.9222],[-94.77,23.9027],[-94.81,23.8831],[-94.865,23.8687],[-94.935,23.8595],[-94.9846,23.842],[-95.0137,23.8163],[-95.0311,23.7897],[-95.0365,23.7623],[-95.032,23.7257],[-95.0175,23.6799],[-94.9902,23.6376],[-94.9501,23.5988],[-94.9245,23.5575],[-94.9136,23.5138],[-94.9236,23.4708],[-94.9545,23.4283],[-94.998,23.387],[-95.0541,23.3469],[-95.0991,23.28],[-95.133,23.1864],[-95.225,23.1143],[-95.375,23.0635],[-95.461,23.0138],[-95.483,22.9649],[-95.493,22.8951],[-95.491,22.8041],[-95.535,22.7624],[-95.625,22.7699],[-95.6818,22.7693],[-95.7055,22.7606],[-95.7305,22.7362],[-95.7568,22.696],[-95.795,22.676],[-95.845,22.6762],[-95.8805,22.6501],[-95.9014,22.5978],[-95.9112,22.5486],[-95.91,22.5024],[-95.9246,22.4706],[-95.9549,22.4532],[-96.005,22.4574],[-96.075,22.4831],[-96.1234,22.538],[-96.1502,22.622],[-96.1802,22.6725],[-96.2134,22.6895],[-96.265,22.6913],[-96.335,22.6778],[-96.41,22.6519],[-96.49,22.6136],[-96.5448,22.598],[-96.5743,22.605],[-96.5993,22.6219],[-96.6198,22.6485],[-96.645,22.6609],[-96.675,22.659],[-96.725,22.6238],[-96.795,22.5552],[-96.87,22.547],[-96.95,22.5992],[-97.05,22.6115],[-97.17,22.5838],[-97.245,22.5712],[-97.275,22.5737],[-97.3064,22.5879],[-97.3391,22.614],[-97.3745,22.664],[-97.4127,22.7378],[-97.4333,22.853],[-97.4365,23.0096],[-97.4598,23.1752],[-97.5035,23.3498],[-97.5352,23.5699],[-97.5549,23.8355],[-97.546,24.0075],[-97.5087,24.0863],[-97.4661,24.1547],[-97.4184,24.2129],[-97.3816,24.2784],[-97.3558,24.3513],[-97.3397,24.4225],[-97.3332,24.4919],[-97.345,24.5369],[-97.375,24.5575],[-97.405,24.5633],[-97.435,24.5541],[-97.47,24.5001],[-97.51,24.4011],[-97.56,24.337],[-97.62,24.3079],[-97.66,24.3239],[-97.68,24.3851],[-97.705,24.4304],[-97.735,24.4599],[-97.76,24.4996],[-97.78,24.5496],[-97.8017,24.6325],[-97.8252,24.7482],[-97.8287,24.9149]],[[-95.1388,23.9858],[-95.0929,24.0211],[-95.05,24.0639],[-95.01,24.1141],[-94.97,24.1298],[-94.93,24.1109],[-94.8982,24.0864],[-94.8747,24.0562],[-94.8647,24.0353],[-94.8682,24.0236],[-94.91,24.0117],[-94.99,23.9997],[-95.05,23.9831],[-95.09,23.962],[-95.1229,23.9556],[-95.1488,23.9639],[-95.1388,23.9858]],[[-97.761,24.8786],[-97.7314,25.0237],[-97.69,25.1047],[-97.6367,25.1216],[-97.585,25.127],[-97.535,25.1208],[-97.5038,25.0988],[-97.4915,25.0608],[-97.5089,25.0056],[-97.5561,24.9331],[-97.5944,24.8378],[-97.6236,24.7198],[-97.6511,24.6536],[-97.677,24.6394],[-97.7068,24.6394],[-97.7405,24.6536],[-97.762,24.6971],[-97.7712,24.7697],[-97.761,24.8786]],[[-97.4928,26.0255],[-97.4058,26.3665],[-97.3469,26.5679],[-97.3161,26.6305],[-97.2231,26.7537],[-97.0677,26.9374],[-96.985,27.0318],[-96.975,27.0371],[-96.9654,27.0345],[-96.9561,27.024],[-96.9511,26.9941],[-96.9504,26.9449],[-96.93,26.9321],[-96.89,26.9558],[-96.8491,26.9982],[-96.8073,27.0594],[-96.7827,27.1167],[-96.7753,27.1701],[-96.7462,27.2245],[-96.6954,27.28],[-96.6148,27.3955],[-96.5045,27.5708],[-96.3845,27.7086],[-96.2548,27.809],[-96.15,27.885],[-96.07,27.9365],[-96.02,27.9636],[-96.0,27.9664],[-95.9797,27.9346],[-95.959,27.8685],[-95.9695,27.8044],[-96.0112,27.7425],[-96.0371,27.6938],[-96.0472,27.6583],[-96.0266,27.6407],[-95.9755,27.6408],[-95.9456,27.6319],[-95.9367,27.6141],[-95.9641,27.5697],[-96.0278,27.4988],[-96.0772,27.4277],[-96.1124,27.3564],[-96.1916,27.2764],[-96.3148,27.1877],[-96.3798,27.1317],[-96.3866,27.1083],[-96.375,27.0866],[-96.345,27.0664],[-96.3285,27.0469],[-96.3254,27.0281],[-96.3628,26.9474],[-96.4405,26.8047],[-96.5031,26.702],[-96.5505,26.6394],[-96.5681,26.5996],[-96.556,26.5827],[-96.5144,26.5827],[-96.4433,26.5996],[-96.4015,26.5992],[-96.3892,26.5813],[-96.3848,26.5587],[-96.3883,26.5313],[-96.41,26.5022],[-96.45,26.4713],[-96.5,26.4531],[-96.56,26.4475],[-96.6093,26.405],[-96.6478,26.3255],[-96.6928,26.2688],[-96.7443,26.2349],[-96.8568,26.1182],[-97.0304,25.9185],[-97.1154,25.8109],[-97.1118,25.7956],[-97.095,25.7938],[-97.065,25.8055],[-97.0388,25.8086],[-97.0165,25.8033],[-97.0212,25.7555],[-97.0529,25.6654],[-97.0793,25.6068],[-97.1002,25.5798],[-97.1081,25.5301],[-97.1027,25.4579],[-97.1053,25.4083],[-97.1158,25.3812],[-97.1333,25.3533],[-97.1578,25.3246],[-97.19,25.3007],[-97.23,25.2815],[-97.2538,25.3139],[-97.2613,25.3979],[-97.2409,25.4805],[-97.1927,25.5617],[-97.1722,25.6113],[-97.1794,25.6294],[-97.1898,25.6394],[-97.2033,25.6415],[-97.23,25.6227],[-97.27,25.583],[-97.3004,25.5639],[-97.3212,25.5655],[-97.3212,25.662],[-97.3004,25.8532],[-97.31,25.9399],[-97.35,25.9223],[-97.405,25.8825],[-97.475,25.8204],[-97.5166,25.8057],[-97.5298,25.8383],[-97.4928,26.0255]],[[-95.8313,27.6362],[-95.8228,27.6628],[-95.7713,27.7239],[-95.6771,27.8196],[-95.615,27.8715],[-95.585,27.8797],[-95.5579,27.8805],[-95.5337,27.874],[-95.5252,27.8442],[-95.5325,27.7911],[-95.5663,27.7425],[-95.6264,27.6982],[-95.6699,27.6548],[-95.6966,27.6123],[-95.735,27.5872],[-95.785,27.5796],[-95.8164,27.5876],[-95.8292,27.6111],[-95.8313,27.6362]],[[-94.611,28.2273],[-94.597,28.2344],[-94.5873,28.2344],[-94.582,28.2273],[-94.589,28.2238],[-94.6083,28.2238],[-94.611,28.2273]],[[-94.3244,28.3932],[-94.3015,28.415],[-94.2585,28.4282],[-94.1955,28.4327],[-94.1705,28.4248],[-94.1835,28.4042],[-94.205,28.3874],[-94.235,28.3743],[-94.265,28.366],[-94.295,28.3624],[-94.3165,28.366],[-94.3294,28.3769],[-94.3244,28.3932]],[[-94.2183,28.3185],[-94.0528,28.4021],[-93.915,28.4498],[-93.805,28.4616],[-93.685,28.4959],[-93.555,28.5527],[-93.4508,28.5797],[-93.3725,28.577],[-93.3216,28.5493],[-93.2981,28.4966],[-93.3022,28.4482],[-93.3341,28.4043],[-93.4,28.3679],[-93.5,28.3391],[-93.61,28.32],[-93.73,28.3106],[-93.82,28.2982],[-93.88,28.2828],[-93.975,28.2759],[-94.105,28.2774],[-94.19,28.2723],[-94.23,28.2603],[-94.2628,28.2599],[-94.2883,28.2711],[-94.2183,28.3185]],[[-93.0252,28.2458],[-93.0233,28.2546],[-92.9772,28.2766],[-92.8867,28.3119],[-92.8414,28.3427],[-92.8414,28.3691],[-92.8136,28.388],[-92.7579,28.3993],[-92.665,28.4014],[-92.535,28.3943],[-92.463,28.3842],[-92.4489,28.3712],[-92.4436,28.3515],[-92.447,28.3251],[-92.4441,28.308],[-92.4347,28.3002],[-92.405,28.3151],[-92.355,28.3526],[-92.3057,28.3697],[-92.2572,28.3664],[-92.2222,28.3559],[-92.2006,28.3383],[-92.2101,28.3207],[-92.2506,28.303],[-92.2907,28.2663],[-92.3302,28.2104],[-92.4,28.1748],[-92.5,28.1595],[-92.58,28.157],[-92.64,28.1673],[-92.685,28.1831],[-92.715,28.2044],[-92.79,28.2112],[-92.91,28.2035],[-92.984,28.2101],[-93.0121,28.231],[-93.0252,28.2458]],[[-91.9893,28.4526],[-91.9628,28.4526],[-91.9597,28.4465],[-91.9799,28.4343],[-91.9931,28.4343],[-91.9994,28.4465],[-91.9893,28.4526]],[[-92.1881,28.043],[-92.1622,28.0695],[-92.107,28.0959],[-92.0227,28.1224],[-91.9677,28.1533],[-91.942,28.1885],[-91.8943,28.2212],[-91.8248,28.2514],[-91.73,28.2627],[-91.61,28.2551],[-91.505,28.2616],[-91.415,28.2822],[-91.3388,28.2754],[-91.2763,28.241],[-91.2467,28.215],[-91.2499,28.1973],[-91.2662,28.1744],[-91.2954,28.146],[-91.365,28.0998],[-91.475,28.0357],[-91.565,28.0029],[-91.635,28.0014],[-91.675,28.0223],[-91.685,28.0655],[-91.715,28.0741],[-91.765,28.0483],[-91.815,28.0339],[-91.865,28.0309],[-91.92,28.0121],[-91.98,27.9774],[-92.05,27.9629],[-92.13,27.9686],[-92.1778,27.9861],[-92.1933,28.0152],[-92.1881,28.043]],[[-91.3447,28.6108],[-91.3101,28.6108],[-91.2971,28.6057],[-91.3057,28.5956],[-91.323,28.5956],[-91.349,28.6057],[-91.3447,28.6108]],[[-91.0276,28.626],[-90.9759,28.6212],[-90.9197,28.5993],[-90.8591,28.5601],[-90.8391,28.5348],[-90.8597,28.5235],[-90.89,28.521],[-90.93,28.5273],[-90.965,28.5387],[-90.995,28.5551],[-91.0209,28.5796],[-91.0426,28.6121],[-91.0276,28.626]],[[-90.8323,28.7255],[-90.8041,28.7443],[-90.77,28.755],[-90.73,28.7575],[-90.7025,28.7525],[-90.6875,28.7399],[-90.7025,28.7191],[-90.7475,28.6901],[-90.78,28.6766],[-90.8,28.6788],[-90.8191,28.6889],[-90.8373,28.707],[-90.8323,28.7255]],[[-89.9529,28.8461],[-89.9376,28.8607],[-89.9059,28.8607],[-89.8576,28.8461],[-89.8576,28.8316],[-89.9059,28.8172],[-89.9376,28.8172],[-89.9529,28.8316],[-89.9529,28.8461]],[[-97.4159,25.0147],[-97.3892,25.0328],[-97.3844,25.0276],[-97.4015,24.9991],[-97.4148,24.99],[-97.4245,25.0004],[-97.4159,25.0147]],[[-97.3709,24.9054],[-97.3436,24.9589],[-97.31,24.9994],[-97.27,25.0269],[-97.2422,25.0047],[-97.2266,24.9328],[-97.2316,24.8669],[-97.2572,24.8069],[-97.28,24.7769],[-97.3,24.7768],[-97.32,24.7841],[-97.34,24.799],[-97.3586,24.8245],[-97.3759,24.8606],[-97.3709,24.9054]],[[-97.034,25.3902],[-97.0113,25.4715],[-96.9841,25.5301],[-96.9525,25.5662],[-96.915,25.5921],[-96.8717,25.6076],[-96.815,25.612],[-96.745,25.6053],[-96.7083,25.5794],[-96.7049,25.5345],[-96.7299,25.4621],[-96.7833,25.3622],[-96.86,25.3093],[-96.96,25.3036],[-97.0188,25.313],[-97.0365,25.3373],[-97.034,25.3902]],[[-96.6722,25.4282],[-96.6707,25.4409],[-96.665,25.4458],[-96.655,25.443],[-96.6557,25.4366],[-96.6672,25.4267],[-96.6722,25.4282]],[[-96.5698,25.6204],[-96.5479,25.7646],[-96.5222,25.8636],[-96.4928,25.9176],[-96.4784,25.958],[-96.4791,25.985],[-96.4974,26.0165],[-96.5334,26.0524],[-96.5316,26.1108],[-96.492,26.1916],[-96.4834,26.2499],[-96.5058,26.2858],[-96.5102,26.3123],[-96.4967,26.3296],[-96.465,26.3464],[-96.415,26.3629],[-96.36,26.394],[-96.3,26.4397],[-96.2663,26.49],[-96.2588,26.5449],[-96.2287,26.5902],[-96.176,26.626],[-96.1447,26.6662],[-96.1349,26.7109],[-96.1024,26.76],[-96.0472,26.8136],[-96.0217,26.8493],[-96.0259,26.8671],[-96.0435,26.8886],[-96.0745,26.9138],[-96.115,26.9229],[-96.165,26.9159],[-96.2,26.9045],[-96.22,26.8887],[-96.2339,26.8618],[-96.2416,26.8237],[-96.2616,26.7994],[-96.2939,26.789],[-96.3158,26.7934],[-96.3273,26.8128],[-96.3226,26.8404],[-96.3017,26.8761],[-96.2143,26.9608],[-96.0606,27.0944],[-95.9356,27.1879],[-95.8394,27.2412],[-95.7821,27.2857],[-95.7638,27.3212],[-95.7435,27.3433],[-95.7212,27.352],[-95.685,27.3597],[-95.635,27.3666],[-95.58,27.3548],[-95.52,27.3244],[-95.445,27.3154],[-95.355,27.3279],[-95.2954,27.3132],[-95.2663,27.2711],[-95.2213,27.2256],[-95.1604,27.1766],[-95.125,27.1521],[-95.115,27.1521],[-95.1008,27.1721],[-95.0823,27.2123],[-95.0378,27.2501],[-94.9672,27.2857],[-94.9264,27.3301],[-94.9155,27.3834],[-94.8953,27.4233],[-94.866,27.45],[-94.876,27.4702],[-94.9253,27.4841],[-94.9609,27.4797],[-94.9827,27.4569],[-95.0061,27.4455],[-95.0312,27.4455],[-95.0289,27.4633],[-94.9992,27.4988],[-94.9848,27.5298],[-94.9859,27.5564],[-94.9923,27.5726],[-95.0041,27.5783],[-95.025,27.5809],[-95.055,27.5806],[-95.085,27.5662],[-95.115,27.5378],[-95.165,27.5234],[-95.235,27.5232],[-95.32,27.5043],[-95.42,27.4668],[-95.49,27.4468],[-95.53,27.4443],[-95.555,27.4475],[-95.565,27.4561],[-95.5686,27.4789],[-95.5659,27.5158],[-95.5464,27.5742],[-95.5103,27.6539],[-95.4517,27.7434],[-95.3706,27.8425],[-95.2901,27.9221],[-95.2102,27.9821],[-95.1502,28.0153],[-95.1101,28.0217],[-95.07,28.0179],[-95.03,28.0038],[-94.905,28.0295],[-94.695,28.0949],[-94.555,28.1276],[-94.485,28.1276],[-94.415,28.1497],[-94.345,28.1941],[-94.275,28.2251],[-94.205,28.2427],[-94.12,28.2481],[-94.02,28.2412],[-93.925,28.2442],[-93.835,28.2571],[-93.7821,28.258],[-93.7663,28.2469],[-93.7663,28.2234],[-93.7821,28.1875],[-93.77,28.1846],[-93.73,28.2149],[-93.6495,28.2417],[-93.5286,28.265],[-93.4639,28.2678],[-93.4555,28.2502],[-93.4716,28.1973],[-93.5122,28.1092],[-93.5119,28.0562],[-93.4709,28.0386],[-93.4583,28.0165],[-93.4744,27.99],[-93.5343,27.9575],[-93.6381,27.9189],[-93.74,27.8927],[-93.84,27.8788],[-93.9053,27.854],[-93.9359,27.818],[-93.8909,27.7911],[-93.7703,27.7734],[-93.6937,27.7468],[-93.6611,27.7115],[-93.6472,27.6849],[-93.6519,27.6672],[-93.6632,27.6553],[-93.6811,27.6493],[-93.745,27.6488],[-93.855,27.6539],[-93.9219,27.648],[-93.9457,27.6313],[-93.9457,27.6129],[-93.9219,27.5929],[-93.875,27.589],[-93.805,27.6011],[-93.745,27.6046],[-93.695,27.5994],[-93.635,27.6223],[-93.565,27.673],[-93.49,27.7033],[-93.41,27.713],[-93.364,27.703],[-93.3521,27.6732],[-93.3465,27.6229],[-93.3472,27.552],[-93.3882,27.4796],[-93.4694,27.4058],[-93.525,27.3443],[-93.555,27.2953],[-93.615,27.2553],[-93.705,27.2242],[-93.7631,27.2102],[-93.7892,27.2131],[-93.8142,27.2249],[-93.8381,27.2457],[-93.86,27.2551],[-93.88,27.2529],[-93.9336,27.2336],[-94.0207,27.1972],[-94.0807,27.1591],[-94.1136,27.1194],[-94.15,27.1007],[-94.19,27.103],[-94.27,27.0931],[-94.39,27.0712],[-94.46,27.0662],[-94.48,27.078],[-94.49,27.0988],[-94.49,27.1285],[-94.5025,27.1612],[-94.5276,27.1967],[-94.5326,27.223],[-94.5175,27.2398],[-94.485,27.2469],[-94.435,27.2443],[-94.395,27.2491],[-94.365,27.2614],[-94.3448,27.2765],[-94.3345,27.2945],[-94.3319,27.3123],[-94.337,27.3301],[-94.3772,27.3374],[-94.4524,27.3341],[-94.545,27.3407],[-94.655,27.3571],[-94.72,27.3611],[-94.74,27.3527],[-94.7618,27.3194],[-94.7855,27.2614],[-94.8181,27.2101],[-94.8594,27.1656],[-94.8826,27.1123],[-94.8875,27.0501],[-94.9,27.0101],[-94.92,26.9922],[-94.945,26.9874],[-94.975,26.9958],[-95.02,27.0304],[-95.08,27.0912],[-95.165,27.1181],[-95.275,27.111],[-95.36,27.0749],[-95.42,27.0098],[-95.4854,26.9698],[-95.5563,26.9549],[-95.5795,26.934],[-95.555,26.9073],[-95.5424,26.8805],[-95.5417,26.8538],[-95.5459,26.8315],[-95.5551,26.8136],[-95.5823,26.7977],[-95.6274,26.7838],[-95.6554,26.7704],[-95.6662,26.7575],[-95.6674,26.7064],[-95.6588,26.6171],[-95.6684,26.571],[-95.6961,26.5684],[-95.7163,26.5818],[-95.7289,26.6113],[-95.7439,26.6292],[-95.7613,26.6357],[-95.8,26.6153],[-95.86,26.5681],[-95.8969,26.5246],[-95.9107,26.4849],[-95.9106,26.4471],[-95.8964,26.4112],[-95.896,26.3799],[-95.9093,26.353],[-95.9152,26.3172],[-95.9137,26.2723],[-95.9382,26.2185],[-95.9887,26.1557],[-96.033,26.1098],[-96.071,26.0808],[-96.1055,26.0359],[-96.1365,25.975],[-96.1639,25.9356],[-96.1879,25.9176],[-96.2024,25.8939],[-96.2075,25.8646],[-96.2274,25.8421],[-96.2622,25.8264],[-96.2766,25.7916],[-96.2708,25.7375],[-96.3045,25.6699],[-96.3777,25.5888],[-96.4233,25.528],[-96.4411,25.4877],[-96.465,25.4609],[-96.495,25.4477],[-96.52,25.4429],[-96.54,25.4465],[-96.5577,25.4733],[-96.573,25.5232],[-96.5698,25.6204]],[[-93.3634,27.9831],[-93.3411,27.9957],[-93.3184,27.9957],[-93.2953,27.9831],[-93.2953,27.9686],[-93.3184,27.9522],[-93.3411,27.9522],[-93.3634,27.9686],[-93.3634,27.9831]],[[-92.7135,28.0562],[-92.7007,28.0739],[-92.6782,28.0896],[-92.6461,28.1034],[-92.61,28.1101],[-92.57,28.1099],[-92.5397,28.103],[-92.5191,28.0895],[-92.5147,28.0695],[-92.5265,28.043],[-92.5418,28.0241],[-92.5606,28.0129],[-92.6075,28.0173],[-92.6824,28.0374],[-92.7135,28.0562]],[[-96.2914,25.4577],[-96.2771,25.4934],[-96.23,25.5237],[-96.15,25.5485],[-96.0978,25.5577],[-96.0733,25.5514],[-96.061,25.5347],[-96.0608,25.5076],[-96.073,25.484],[-96.0977,25.4639],[-96.145,25.4518],[-96.215,25.4478],[-96.26,25.4389],[-96.28,25.425],[-96.2921,25.4235],[-96.2964,25.4344],[-96.2914,25.4577]],[[-95.8345,26.201],[-95.8315,26.211],[-95.8245,26.211],[-95.8134,26.201],[-95.8149,26.1961],[-95.829,26.1961],[-95.8345,26.201]],[[-95.8358,25.958],[-95.8075,26.021],[-95.7825,26.0624],[-95.7608,26.0823],[-95.74,26.093],[-95.72,26.0946],[-95.7022,26.0801],[-95.6867,26.0497],[-95.6867,25.99],[-95.7022,25.9012],[-95.7378,25.8607],[-95.7933,25.8686],[-95.8283,25.8861],[-95.8427,25.9131],[-95.8358,25.958]],[[-95.9475,25.3495],[-95.8628,25.4579],[-95.7929,25.5655],[-95.7376,25.6724],[-95.695,25.7447],[-95.665,25.7826],[-95.64,25.8024],[-95.62,25.8041],[-95.6059,25.7949],[-95.5978,25.7747],[-95.5969,25.742],[-95.6033,25.697],[-95.6218,25.6519],[-95.6525,25.6068],[-95.6713,25.5662],[-95.6784,25.5301],[-95.699,25.5023],[-95.733,25.4826],[-95.79,25.4161],[-95.87,25.3026],[-95.925,25.2456],[-95.955,25.2453],[-95.975,25.2577],[-95.9849,25.2828],[-95.9475,25.3495]],[[-95.6268,26.4247],[-95.6114,26.4515],[-95.5853,26.4737],[-95.5484,26.4911],[-95.515,26.497],[-95.485,26.4915],[-95.4567,26.4739],[-95.4302,26.4441],[-95.4452,26.3981],[-95.5017,26.3359],[-95.5503,26.3135],[-95.5908,26.3309],[-95.6169,26.3575],[-95.6286,26.3933],[-95.6268,26.4247]],[[-95.4397,26.6851],[-95.4332,26.6961],[-95.4179,26.6961],[-95.3936,26.6851],[-95.3886,26.6725],[-95.4029,26.6583],[-95.4182,26.6583],[-95.4347,26.6725],[-95.4397,26.6851]],[[-95.8725,25.049],[-95.8575,25.0632],[-95.841,25.0677],[-95.8229,25.0626],[-95.8229,25.0482],[-95.841,25.0246],[-95.8575,25.02],[-95.8725,25.0346],[-95.8725,25.049]],[[-95.6081,25.3573],[-95.596,25.3729],[-95.5867,25.3774],[-95.5802,25.3709],[-95.5802,25.3598],[-95.5867,25.3441],[-95.596,25.3396],[-95.6081,25.3462],[-95.6081,25.3573]],[[-95.611,26.0928],[-95.6109,26.1018],[-95.6057,26.105],[-95.5952,26.1025],[-95.5882,26.0935],[-95.5847,26.0781],[-95.59,26.0749],[-95.6041,26.0839],[-95.611,26.0928]],[[-95.6322,25.9504],[-95.6307,25.9622],[-95.6025,25.9757],[-95.5476,25.9909],[-95.5326,25.968],[-95.5575,25.907],[-95.5857,25.8935],[-95.6172,25.9275],[-95.6322,25.9504]],[[-97.3902,23.7119],[-97.3797,23.7486],[-97.3594,23.7852],[-97.3293,23.8218],[-97.3192,23.8584],[-97.329,23.8949],[-97.3279,23.9367],[-97.316,23.9836],[-97.305,24.0116],[-97.295,24.0207],[-97.27,24.0235],[-97.23,24.0201],[-97.1943,24.0561],[-97.1628,24.1314],[-97.1529,24.1963],[-97.1646,24.2511],[-97.1753,24.2842],[-97.1851,24.2959],[-97.21,24.3],[-97.25,24.2965],[-97.2719,24.3089],[-97.2757,24.3372],[-97.2707,24.3637],[-97.2569,24.3884],[-97.235,24.4017],[-97.205,24.4036],[-97.16,24.4681],[-97.1,24.5951],[-97.0631,24.75],[-97.0494,24.9326],[-97.0244,25.0537],[-96.9881,25.1136],[-96.96,25.145],[-96.94,25.148],[-96.9239,25.1226],[-96.9117,25.0688],[-96.8967,25.035],[-96.8789,25.0213],[-96.8529,25.0304],[-96.8188,25.0622],[-96.7938,25.1232],[-96.7779,25.2134],[-96.765,25.2604],[-96.755,25.2641],[-96.74,25.2628],[-96.72,25.2566],[-96.6995,25.2595],[-96.6786,25.2713],[-96.6625,25.2546],[-96.6512,25.2094],[-96.6316,25.1797],[-96.6039,25.1656],[-96.56,25.1706],[-96.5,25.1948],[-96.45,25.185],[-96.41,25.1414],[-96.375,25.1188],[-96.345,25.1174],[-96.305,25.1333],[-96.255,25.1666],[-96.217,25.1841],[-96.1911,25.1858],[-96.177,25.1732],[-96.1749,25.146],[-96.1918,25.1234],[-96.2277,25.1053],[-96.2605,25.0781],[-96.2903,25.0418],[-96.3164,25.0205],[-96.3388,25.0139],[-96.37,25.0195],[-96.41,25.0371],[-96.4547,25.0267],[-96.5042,24.9885],[-96.5292,24.9583],[-96.5297,24.9361],[-96.505,24.9285],[-96.455,24.9354],[-96.4172,24.9283],[-96.3917,24.9073],[-96.3911,24.8696],[-96.4153,24.8151],[-96.4168,24.7697],[-96.3955,24.7334],[-96.3971,24.6971],[-96.4216,24.6607],[-96.4268,24.6334],[-96.4126,24.6153],[-96.3917,24.6052],[-96.3639,24.6033],[-96.3417,24.6079],[-96.325,24.6189],[-96.3272,24.6425],[-96.3484,24.6789],[-96.3269,24.7289],[-96.2627,24.7924],[-96.2104,24.8296],[-96.1701,24.8403],[-96.1459,24.8675],[-96.1376,24.9112],[-96.1226,24.9457],[-96.1009,24.9709],[-96.08,24.9862],[-96.06,24.9916],[-96.0407,24.988],[-96.0221,24.9756],[-96.0155,24.9421],[-96.0209,24.8877],[-96.0152,24.8534],[-95.9984,24.8392],[-95.975,24.8335],[-95.945,24.8362],[-95.915,24.864],[-95.885,24.917],[-95.85,24.9368],[-95.81,24.9233],[-95.78,24.9197],[-95.76,24.9261],[-95.7453,24.9438],[-95.7358,24.9729],[-95.7358,25.0101],[-95.7452,25.0554],[-95.7249,25.0989],[-95.675,25.1405],[-95.64,25.1781],[-95.62,25.2115],[-95.575,25.2536],[-95.505,25.3043],[-95.4665,25.3211],[-95.4594,25.3039],[-95.4628,25.2727],[-95.4764,25.2275],[-95.5188,25.1505],[-95.5899,25.0418],[-95.6326,24.9648],[-95.6471,24.9195],[-95.6779,24.8786],[-95.7252,24.8424],[-95.7539,24.8106],[-95.7641,24.7833],[-95.7644,24.75],[-95.7548,24.7105],[-95.725,24.6972],[-95.675,24.71],[-95.64,24.71],[-95.62,24.697],[-95.6113,24.6649],[-95.6138,24.6136],[-95.6056,24.5425],[-95.5867,24.4515],[-95.5678,24.3878],[-95.549,24.3513],[-95.5393,24.2875],[-95.5387,24.1963],[-95.5249,24.1051],[-95.498,24.0138],[-95.4936,23.9224],[-95.5119,23.8309],[-95.5342,23.7669],[-95.5606,23.7303],[-95.5779,23.6732],[-95.586,23.5956],[-95.63,23.5515],[-95.71,23.5407],[-95.763,23.5245],[-95.789,23.5028],[-95.8215,23.4553],[-95.8606,23.3819],[-95.8758,23.2947],[-95.867,23.1936],[-95.8894,23.1154],[-95.9431,23.0602],[-95.99,23.0246],[-96.03,23.0088],[-96.065,22.9613],[-96.095,22.8822],[-96.13,22.8383],[-96.17,22.8298],[-96.2013,22.8405],[-96.2238,22.8703],[-96.2336,22.9175],[-96.2309,22.982],[-96.2146,23.038],[-96.1849,23.0855],[-96.1523,23.1177],[-96.1168,23.1346],[-96.0967,23.1522],[-96.0919,23.1706],[-96.0946,23.1872],[-96.1049,23.202],[-96.12,23.2105],[-96.14,23.2126],[-96.17,23.1988],[-96.21,23.169],[-96.25,23.1523],[-96.29,23.1489],[-96.3179,23.16],[-96.3336,23.1854],[-96.3347,23.2211],[-96.321,23.2671],[-96.3181,23.2974],[-96.326,23.312],[-96.375,23.3192],[-96.465,23.3191],[-96.5177,23.3302],[-96.5332,23.3524],[-96.5832,23.3814],[-96.6677,23.4172],[-96.745,23.4169],[-96.815,23.3807],[-96.8626,23.372],[-96.8879,23.3908],[-96.9115,23.4278],[-96.9332,23.4828],[-96.9556,23.5187],[-96.9785,23.5355],[-96.9954,23.5355],[-97.0063,23.5187],[-97.0018,23.4874],[-96.9822,23.4415],[-96.9757,23.3957],[-96.9826,23.3498],[-97.0079,23.3084],[-97.0515,23.2717],[-97.0975,23.2496],[-97.1458,23.2422],[-97.1983,23.2743],[-97.2548,23.346],[-97.2841,23.414],[-97.2861,23.4782],[-97.3087,23.5333],[-97.3518,23.5791],[-97.3789,23.6249],[-97.3899,23.6707],[-97.3902,23.7119]]]}},{"type":"Feature","properties":{"c":"#00fb90","v0":0.25,"v1":1.0},"geometry":{"type":"Polygon","coordinates":[[[-79.7266,28.9184],[-79.7022,28.9376],[-79.6823,28.9463],[-79.6669,28.9447],[-79.6719,28.9336],[-79.6973,28.9129],[-79.7172,28.9042],[-79.7316,28.9073],[-79.7266,28.9184]]]}},{"type":"Feature","properties":{"c":"#00fb90","v0":0.25,"v1":1.0},"geometry":{"type":"Polygon","coordinates":[[[-78.4526,28.71],[-78.4375,28.7329],[-78.4196,28.7417],[-78.3989,28.7363],[-78.3989,28.7216],[-78.4196,28.6975],[-78.435,28.6839],[-78.445,28.6807],[-78.4525,28.684],[-78.4576,28.6937],[-78.4526,28.71]]]}},{"type":"Feature","properties":{"c":"#00fb90","v0":0.25,"v1":1.0},"geometry":{"type":"Polygon","coordinates":[[[-82.2923,28.5641],[-82.2641,28.576],[-82.2429,28.576],[-82.2288,28.5641],[-82.2338,28.551],[-82.2579,28.5368],[-82.2791,28.5368],[-82.2973,28.551],[-82.2923,28.5641]]]}},{"type":"Feature","properties":{"c":"#00fb90","v0":0.25,"v1":1.0},"geometry":{"type":"Polygon","coordinates":[[[-80.1334,28.2678],[-80.1259,28.2854],[-80.1092,28.3022],[-80.0831,28.318],[-80.075,28.3073],[-80.085,28.2701],[-80.1018,28.2533],[-80.1253,28.2571],[-80.1334,28.2678]]]}},{"type":"Feature","properties":{"c":"#00fb90","v0":0.25,"v1":1.0},"geometry":{"type":"Polygon","coordinates":[[[-78.7009,27.9398],[-78.6803,27.9717],[-78.6677,27.9762],[-78.6632,27.953],[-78.6682,27.9344],[-78.6827,27.9202],[-78.6953,27.9158],[-78.7059,27.9211],[-78.7009,27.9398]]]}},{"type":"Feature","properties":{"c":"#00fb90","v0":0.25,"v1":1.0},"geometry":{"type":"Polygon","coordinates":[[[-78.3617,27.825],[-78.3539,27.8395],[-78.34,27.8395],[-78.32,27.825],[-78.32,27.8114],[-78.34,27.7989],[-78.3539,27.7989],[-78.3617,27.8114],[-78.3617,27.825]]]}},{"type":"Feature","properties":{"c":"#00fb90","v0":0.25,"v1":1.0},"geometry":{"type":"Polygon","coordinates":[[[-79.4697,27.6426],[-79.4166,27.6819],[-79.375,27.702],[-79.345,27.7028],[-79.3235,27.6964],[-79.3106,27.6828],[-79.3074,27.6628],[-79.3139,27.6362],[-79.3303,27.6109],[-79.3568,27.587],[-79.4016,27.587],[-79.4647,27.6109],[-79.4697,27.6426]],[[-79.3893,27.6308],[-79.3764,27.6467],[-79.3694,27.6467],[-79.3681,27.6308],[-79.3745,27.6229],[-79.3887,27.6229],[-79.3893,27.6308]]]}},{"type":"Feature","properties":{"c":"#00fb90","v0":0.25,"v1":1.0},"geometry":{"type":"Polygon","coordinates":[[[-94.2263,27.5072],[-94.2021,27.524],[-94.18,27.5296],[-94.16,27.524],[-94.16,27.5121],[-94.18,27.4938],[-94.2021,27.4882],[-94.2263,27.4952],[-94.2263,27.5072]]]}},{"type":"Feature","properties":{"c":"#00fb90","v0":0.25,"v1":1.0},"geometry":{"type":"Polygon","coordinates":[[[-94.3636,27.481],[-94.3297,27.481],[-94.3221,27.4764],[-94.3407,27.467],[-94.3576,27.467],[-94.3729,27.4764],[-94.3636,27.481]]]}},{"type":"Feature","properties":{"c":"#00fb90","v0":0.25,"v1":1.0},"geometry":{"type":"Polygon","coordinates":[[[-96.5695,27.2323],[-96.5283,27.2679],[-96.5142,27.2723],[-96.527,27.2457],[-96.5426,27.2258],[-96.5609,27.2127],[-96.575,27.2082],[-96.5851,27.2124],[-96.5695,27.2323]]]}},{"type":"Feature","properties":{"c":"#00fb90","v0":0.25,"v1":1.0},"geometry":{"type":"Polygon","coordinates":[[[-79.7737,27.1407],[-79.7579,27.1711],[-79.74,27.1875],[-79.72,27.1901],[-79.7126,27.166],[-79.7178,27.1153],[-79.7328,27.0893],[-79.7576,27.0879],[-79.7729,27.0968],[-79.7787,27.116],[-79.7737,27.1407]]]}},{"type":"Feature","properties":{"c":"#00fb90","v0":0.25,"v1":1.0},"geometry":{"type":"Polygon","coordinates":[[[-79.0903,26.9065],[-79.0501,26.9318],[-79.0181,26.9407],[-78.9943,26.9333],[-78.9785,26.9207],[-78.9707,26.9028],[-78.9726,26.884],[-78.9842,26.8643],[-79.015,26.8562],[-79.065,26.8599],[-79.0951,26.8697],[-79.1053,26.8858],[-79.0903,26.9065]]]}},{"type":"Feature","properties":{"c":"#00fb90","v0":0.25,"v1":1.0},"geometry":{"type":"Polygon","coordinates":[[[-79.9056,26.8794],[-79.8952,26.8861],[-79.8886,26.8861],[-79.8858,26.8794],[-79.891,26.8761],[-79.9042,26.8761],[-79.9056,26.8794]]]}},{"type":"Feature","properties":{"c":"#00fb90","v0":0.25,"v1":1.0},"geometry":{"type":"Polygon","coordinates":[[[-78.7862,26.8333],[-78.7621,26.8548],[-78.7372,26.8593],[-78.7117,26.8467],[-78.7117,26.8256],[-78.7372,26.7962],[-78.7589,26.7828],[-78.7767,26.7855],[-78.7888,26.7958],[-78.7951,26.8136],[-78.7862,26.8333]]]}},{"type":"Feature","properties":{"c":"#00fb90","v0":0.25,"v1":1.0},"geometry":{"type":"Polygon","coordinates":[[[-82.6114,26.6171],[-82.5746,26.6707],[-82.5638,26.7243],[-82.5792,26.7779],[-82.5776,26.8144],[-82.5592,26.8338],[-82.54,26.8444],[-82.52,26.8463],[-82.4939,26.8277],[-82.4617,26.7885],[-82.4443,26.7422],[-82.4415,26.6886],[-82.4193,26.635],[-82.3775,26.5813],[-82.3564,26.5276],[-82.3561,26.4739],[-82.3595,26.4428],[-82.3665,26.4343],[-82.395,26.4443],[-82.445,26.4729],[-82.49,26.4861],[-82.53,26.4839],[-82.57,26.5097],[-82.6099,26.5634],[-82.6114,26.6171]],[[-82.5456,26.7892],[-82.5352,26.7941],[-82.525,26.7885],[-82.515,26.7724],[-82.515,26.7631],[-82.525,26.7605],[-82.5352,26.7661],[-82.5456,26.7799],[-82.5456,26.7892]]]}},{"type":"Feature","properties":{"c":"#00fb90","v0":0.25,"v1":1.0},"geometry":{"type":"Polygon","coordinates":[[[-79.7527,26.8029],[-79.7376,26.8351],[-79.7238,26.8441],[-79.7115,26.8297],[-79.7065,26.8119],[-79.7088,26.7905],[-79.715,26.7741],[-79.725,26.7626],[-79.7376,26.7643],[-79.7527,26.7793],[-79.7527,26.8029]]]}},{"type":"Feature","properties":{"c":"#00fb90","v0":0.25,"v1":1.0},"geometry":{"type":"Polygon","coordinates":[[[-78.9505,26.8248],[-78.9368,26.8295],[-78.9236,26.825],[-78.9109,26.8115],[-78.9109,26.8021],[-78.9236,26.7969],[-78.9368,26.8013],[-78.9505,26.8155],[-78.9505,26.8248]]]}},{"type":"Feature","properties":{"c":"#00fb90","v0":0.25,"v1":1.0},"geometry":{"type":"Polygon","coordinates":[[[-78.6901,26.6571],[-78.6767,26.6835],[-78.6537,26.7059],[-78.621,26.7241],[-78.591,26.7572],[-78.5637,26.8052],[-78.53,26.8277],[-78.49,26.8248],[-78.4493,26.8098],[-78.4078,26.7826],[-78.3887,26.76],[-78.3919,26.7422],[-78.4086,26.7198],[-78.4389,26.693],[-78.478,26.6714],[-78.526,26.6549],[-78.565,26.6329],[-78.595,26.6054],[-78.625,26.5916],[-78.655,26.5914],[-78.6767,26.6044],[-78.6901,26.6307],[-78.6901,26.6571]],[[-78.5534,26.7343],[-78.5378,26.7722],[-78.5148,26.7856],[-78.4844,26.7745],[-78.4667,26.76],[-78.4616,26.7422],[-78.4668,26.7229],[-78.4823,26.7023],[-78.5,26.691],[-78.52,26.6889],[-78.5378,26.6948],[-78.5534,26.7085],[-78.5534,26.7343]],[[-78.6615,26.6528],[-78.6522,26.6707],[-78.6339,26.6796],[-78.6066,26.6796],[-78.5937,26.6707],[-78.5953,26.6528],[-78.6045,26.637],[-78.6215,26.6231],[-78.639,26.6231],[-78.6571,26.637],[-78.6615,26.6528]]]}},{"type":"Feature","properties":{"c":"#00fb90","v0":0.25,"v1":1.0},"geometry":{"type":"Polygon","coordinates":[[[-81.6716,26.4784],[-81.6572,26.5052],[-81.6392,26.5186],[-81.6176,26.5187],[-81.6046,26.5097],[-81.6002,26.4918],[-81.606,26.461],[-81.622,26.4173],[-81.64,26.3989],[-81.66,26.4057],[-81.6722,26.4231],[-81.6766,26.451],[-81.6716,26.4784]]]}},{"type":"Feature","properties":{"c":"#00fb90","v0":0.25,"v1":1.0},"geometry":{"type":"Polygon","coordinates":[[[-78.7989,26.5218],[-78.793,26.528],[-78.7791,26.5235],[-78.7574,26.5084],[-78.7603,26.5053],[-78.788,26.5142],[-78.7989,26.5218]]]}},{"type":"Feature","properties":{"c":"#00fb90","v0":0.25,"v1":1.0},"geometry":{"type":"Polygon","coordinates":[[[-81.3668,26.3712],[-81.3423,26.3985],[-81.32,26.4143],[-81.3,26.4185],[-81.275,26.4043],[-81.245,26.3717],[-81.2008,26.3515],[-81.1424,26.3435],[-81.1324,26.3181],[-81.1708,26.2751],[-81.215,26.276],[-81.265,26.3207],[-81.31,26.3423],[-81.35,26.341],[-81.3723,26.3446],[-81.3768,26.3532],[-81.3668,26.3712]]]}},{"type":"Feature","properties":{"c":"#00fb90","v0":0.25,"v1":1.0},"geometry":{"type":"Polygon","coordinates":[[[-82.3256,26.3889],[-82.3001,26.3799],[-82.288,26.3673],[-82.2893,26.351],[-82.3021,26.3555],[-82.3263,26.3807],[-82.3256,26.3889]]]}},{"type":"Feature","properties":{"c":"#00fb90","v0":0.25,"v1":1.0},"geometry":{"type":"Polygon","coordinates":[[[-97.1523,26.0839],[-97.1119,26.1467],[-97.0763,26.1867],[-97.0454,26.2038],[-97.0261,26.2038],[-97.0184,26.1867],[-97.0282,26.1557],[-97.0554,26.1108],[-97.0892,26.0745],[-97.1297,26.0467],[-97.1556,26.0377],[-97.1669,26.0475],[-97.1523,26.0839]]]}},{"type":"Feature","properties":{"c":"#00fb90","v0":0.25,"v1":1.0},"geometry":{"type":"Polygon","coordinates":[[[-80.7881,25.8043],[-80.7627,25.8478],[-80.7349,25.8658],[-80.7047,25.8583],[-80.6897,25.8302],[-80.6899,25.7814],[-80.715,25.7541],[-80.765,25.7484],[-80.7927,25.7548],[-80.7981,25.7733],[-80.7881,25.8043]]]}},{"type":"Feature","properties":{"c":"#00fb90","v0":0.25,"v1":1.0},"geometry":{"type":"Polygon","coordinates":[[[-78.0427,25.76],[-78.0243,25.8231],[-78.0089,25.8565],[-77.9963,25.8603],[-77.9867,25.8558],[-77.9802,25.843],[-77.989,25.8051],[-78.0131,25.742],[-78.0319,25.715],[-78.0452,25.724],[-78.0427,25.76]]]}},{"type":"Feature","properties":{"c":"#00fb90","v0":0.25,"v1":1.0},"geometry":{"type":"Polygon","coordinates":[[[-81.1317,25.7382],[-81.0772,25.7575],[-81.0407,25.7485],[-81.022,25.7111],[-81.0492,25.7015],[-81.1224,25.7195],[-81.1317,25.7382]]]}},{"type":"Feature","properties":{"c":"#00fb90","v0":0.25,"v1":1.0},"geometry":{"type":"Polygon","coordinates":[[[-80.9584,25.681],[-80.9395,25.6941],[-80.92,25.6989],[-80.9,25.6955],[-80.89,25.6784],[-80.89,25.6478],[-80.9,25.6298],[-80.92,25.6245],[-80.9395,25.635],[-80.9584,25.6613],[-80.9584,25.681]]]}},{"type":"Feature","properties":{"c":"#00fb90","v0":0.25,"v1":1.0},"geometry":{"type":"Polygon","coordinates":[[[-79.212,25.5954],[-79.1973,25.6176],[-79.175,25.6228],[-79.145,25.6107],[-79.065,25.62],[-78.935,25.6506],[-78.85,25.6621],[-78.81,25.6545],[-78.7748,25.6386],[-78.7444,25.6144],[-78.7344,25.5917],[-78.7448,25.5706],[-78.782,25.5345],[-78.846,25.4835],[-78.891,25.4199],[-78.917,25.3439],[-78.9423,25.3168],[-78.9668,25.3386],[-78.9818,25.3916],[-78.9873,25.4757],[-79.015,25.5274],[-79.065,25.5465],[-79.115,25.5487],[-79.165,25.534],[-79.1973,25.541],[-79.212,25.5699],[-79.212,25.5954]],[[-78.9412,25.5809],[-78.8937,25.6101],[-78.851,25.6191],[-78.8129,25.6079],[-78.8048,25.5843],[-78.8269,25.5482],[-78.8559,25.521],[-78.892,25.5027],[-78.9237,25.5117],[-78.9512,25.5481],[-78.9412,25.5809]]]}},{"type":"Feature","properties":{"c":"#00fb90","v0":0.25,"v1":1.0},"geometry":{"type":"Polygon","coordinates":[[[-78.6547,25.6384],[-78.6215,25.6384],[-78.6006,25.6294],[-78.5921,25.6113],[-78.6033,25.6049],[-78.6344,25.6101],[-78.6553,25.6191],[-78.6659,25.632],[-78.6547,25.6384]]]}},{"type":"Feature","properties":{"c":"#00fb90","v0":0.25,"v1":1.0},"geometry":{"type":"Polygon","coordinates":[[[-94.7179,25.466],[-94.7126,25.4821],[-94.7064,25.4866],[-94.6992,25.4795],[-94.6942,25.4635],[-94.6914,25.4386],[-94.6976,25.4341],[-94.7129,25.45],[-94.7179,25.466]]]}},{"type":"Feature","properties":{"c":"#00fb90","v0":0.25,"v1":1.0},"geometry":{"type":"Polygon","coordinates":[[[-81.4011,25.3771],[-81.3937,25.396],[-81.3849,25.396],[-81.3747,25.3771],[-81.3784,25.3676],[-81.396,25.3676],[-81.4011,25.3771]]]}},{"type":"Feature","properties":{"c":"#00fb90","v0":0.25,"v1":1.0},"geometry":{"type":"Polygon","coordinates":[[[-78.9416,25.2131],[-78.9339,25.2296],[-78.9236,25.2341],[-78.9107,25.2267],[-78.9057,25.2063],[-78.9086,25.1731],[-78.9189,25.1686],[-78.9366,25.1927],[-78.9416,25.2131]]]}},{"type":"Feature","properties":{"c":"#00fb90","v0":0.25,"v1":1.0},"geometry":{"type":"Polygon","coordinates":[[[-78.1931,25.1485],[-78.1777,25.1807],[-78.1466,25.1898],[-78.0998,25.1757],[-78.0827,25.1505],[-78.0953,25.1143],[-78.1137,25.0841],[-78.1379,25.0599],[-78.1627,25.069],[-78.1881,25.1113],[-78.1931,25.1485]]]}},{"type":"Feature","properties":{"c":"#00fb90","v0":0.25,"v1":1.0},"geometry":{"type":"Polygon","coordinates":[[[-79.007,24.9648],[-78.9823,24.9919],[-78.9655,25.0236],[-78.9566,25.0599],[-78.9393,25.0917],[-78.9136,25.1188],[-78.893,25.1316],[-78.8777,25.1298],[-78.8442,25.1027],[-78.7926,25.05],[-78.7588,24.9603],[-78.7426,24.8333],[-78.7534,24.7756],[-78.7911,24.7872],[-78.8193,24.8099],[-78.838,24.8437],[-78.8904,24.8832],[-78.9764,24.9285],[-79.007,24.9648]],[[-78.901,24.9863],[-78.8803,25.0202],[-78.86,25.0367],[-78.84,25.0358],[-78.8221,25.0279],[-78.8063,25.013],[-78.8063,24.9886],[-78.8221,24.9545],[-78.845,24.9392],[-78.875,24.9426],[-78.8953,24.9506],[-78.906,24.9631],[-78.901,24.9863]]]}},{"type":"Feature","properties":{"c":"#00fb90","v0":0.25,"v1":1.0},"geometry":{"type":"Polygon","coordinates":[[[-79.6125,25.0868],[-79.5975,25.1042],[-79.5839,25.1087],[-79.5718,25.1004],[-79.5718,25.0828],[-79.5839,25.056],[-79.5975,25.0515],[-79.6125,25.0692],[-79.6125,25.0868]]]}},{"type":"Feature","properties":{"c":"#00fb90","v0":0.25,"v1":1.0},"geometry":{"type":"Polygon","coordinates":[[[-78.1649,24.9658],[-78.155,24.9951],[-78.14,25.0098],[-78.12,25.0102],[-78.1005,25.0001],[-78.0815,24.9796],[-78.0741,24.9512],[-78.0783,24.9149],[-78.0978,24.9002],[-78.1326,24.907],[-78.155,24.9206],[-78.1649,24.941],[-78.1649,24.9658]]]}},{"type":"Feature","properties":{"c":"#00fb90","v0":0.25,"v1":1.0},"geometry":{"type":"Polygon","coordinates":[[[-96.7482,24.8786],[-96.7242,24.9149],[-96.7017,24.9308],[-96.6806,24.9261],[-96.6662,24.9171],[-96.6586,24.9035],[-96.6619,24.8877],[-96.676,24.8696],[-96.6999,24.8542],[-96.7333,24.8416],[-96.7525,24.8416],[-96.7576,24.8542],[-96.7482,24.8786]]]}},{"type":"Feature","properties":{"c":"#00fb90","v0":0.25,"v1":1.0},"geometry":{"type":"Polygon","coordinates":[[[-78.0846,24.6423],[-78.0749,24.6781],[-78.065,24.6967],[-78.055,24.698],[-78.047,24.6801],[-78.0411,24.6429],[-78.0461,24.6196],[-78.062,24.6102],[-78.0749,24.6102],[-78.0846,24.6196],[-78.0846,24.6423]]]}},{"type":"Feature","properties":{"c":"#00fb90","v0":0.25,"v1":1.0},"geometry":{"type":"Polygon","coordinates":[[[-94.4731,24.6153],[-94.4529,24.6334],[-94.4496,24.6315],[-94.4632,24.6094],[-94.4733,24.6003],[-94.4799,24.6042],[-94.4731,24.6153]]]}},{"type":"Feature","properties":{"c":"#00fb90","v0":0.25,"v1":1.0},"geometry":{"type":"Polygon","coordinates":[[[-78.9032,24.34],[-78.8944,24.3539],[-78.87,24.3527],[-78.83,24.3365],[-78.7946,24.3341],[-78.7638,24.3456],[-78.7661,24.3923],[-78.8016,24.4743],[-78.8172,24.5289],[-78.813,24.5561],[-78.8006,24.5746],[-78.7802,24.5842],[-78.75,24.5685],[-78.71,24.5276],[-78.6517,24.5046],[-78.575,24.4995],[-78.535,24.4702],[-78.5317,24.4166],[-78.5,24.3802],[-78.44,24.3609],[-78.4104,24.324],[-78.4113,24.2693],[-78.4163,24.2343],[-78.4254,24.219],[-78.45,24.2078],[-78.49,24.2007],[-78.53,24.2138],[-78.57,24.247],[-78.615,24.258],[-78.665,24.2468],[-78.7267,24.2505],[-78.8,24.2691],[-78.8544,24.2921],[-78.8899,24.3194],[-78.9032,24.34]],[[-78.4937,24.3012],[-78.4764,24.3103],[-78.4683,24.3056],[-78.4694,24.2872],[-78.4781,24.2826],[-78.4943,24.292],[-78.4937,24.3012]]]}},{"type":"Feature","properties":{"c":"#00fb90","v0":0.25,"v1":1.0},"geometry":{"type":"Polygon","coordinates":[[[-79.3065,24.5289],[-79.2985,24.5561],[-79.2884,24.5714],[-79.2761,24.5747],[-79.24,24.5672],[-79.18,24.549],[-79.1454,24.5292],[-79.1363,24.5077],[-79.1363,24.4907],[-79.1454,24.4782],[-79.165,24.4702],[-79.195,24.4666],[-79.2351,24.4774],[-79.2854,24.5026],[-79.3065,24.5289]]]}},{"type":"Feature","properties":{"c":"#00fb90","v0":0.25,"v1":1.0},"geometry":{"type":"Polygon","coordinates":[[[-94.5826,24.2724],[-94.5609,24.2968],[-94.5454,24.3013],[-94.5362,24.286],[-94.5357,24.2693],[-94.5438,24.2511],[-94.5576,24.2419],[-94.5771,24.2419],[-94.5885,24.2465],[-94.5918,24.2556],[-94.5826,24.2724]]]}},{"type":"Feature","properties":{"c":"#00fb90","v0":0.25,"v1":1.0},"geometry":{"type":"Polygon","coordinates":[[[-82.8813,23.9917],[-82.8738,24.0025],[-82.845,24.001],[-82.795,23.9872],[-82.762,23.9681],[-82.7461,23.9437],[-82.7511,23.9288],[-82.777,23.9233],[-82.8138,23.937],[-82.8613,23.9699],[-82.8813,23.9917]]]}},{"type":"Feature","properties":{"c":"#00fb90","v0":0.25,"v1":1.0},"geometry":{"type":"Polygon","coordinates":[[[-96.4441,23.6153],[-96.4214,23.6419],[-96.4,23.6582],[-96.38,23.6641],[-96.345,23.6663],[-96.295,23.665],[-96.2624,23.6579],[-96.2472,23.6451],[-96.2572,23.6267],[-96.2924,23.6028],[-96.345,23.5895],[-96.415,23.5869],[-96.4514,23.5896],[-96.4541,23.5979],[-96.4441,23.6153]]]}},{"type":"Feature","properties":{"c":"#00fb90","v0":0.25,"v1":1.0},"geometry":{"type":"Polygon","coordinates":[[[-96.8362,23.5699],[-96.8243,23.6158],[-96.8113,23.6393],[-96.7971,23.6407],[-96.785,23.6095],[-96.775,23.5459],[-96.788,23.5224],[-96.8241,23.5388],[-96.8362,23.5699]]]}},{"type":"Feature","properties":{"c":"#00fb90","v0":0.25,"v1":1.0},"geometry":{"type":"Polygon","coordinates":[[[-83.0863,23.2377],[-83.0754,23.3168],[-83.0166,23.3719],[-82.9099,23.403],[-82.8399,23.4358],[-82.8066,23.4701],[-82.78,23.4868],[-82.76,23.4858],[-82.725,23.4679],[-82.675,23.4329],[-82.615,23.4294],[-82.545,23.4574],[-82.492,23.4719],[-82.4559,23.4731],[-82.4692,23.437],[-82.5318,23.3635],[-82.5737,23.2992],[-82.5949,23.2441],[-82.6166,23.2068],[-82.6389,23.1874],[-82.68,23.1783],[-82.74,23.1795],[-82.785,23.1679],[-82.815,23.1436],[-82.8497,23.1297],[-82.889,23.1263],[-82.924,23.1055],[-82.9547,23.0672],[-82.9774,23.0626],[-82.9922,23.0917],[-83.0178,23.1154],[-83.054,23.1338],[-83.077,23.1568],[-83.0869,23.1844],[-83.0863,23.2377]],[[-83.031,23.2441],[-83.0132,23.2992],[-82.9807,23.3381],[-82.9336,23.3606],[-82.8297,23.3744],[-82.6691,23.3794],[-82.5995,23.3452],[-82.621,23.2717],[-82.6413,23.2255],[-82.6604,23.2067],[-82.7,23.2004],[-82.76,23.2068],[-82.83,23.1995],[-82.91,23.1785],[-82.9664,23.1709],[-82.9992,23.1768],[-83.0217,23.189],[-83.0338,23.2074],[-83.031,23.2441]]]}},{"type":"Feature","properties":{"c":"#00fb90","v0":0.25,"v1":1.0},"geometry":{"type":"Polygon","coordinates":[[[-83.423,23.3635],[-83.3743,23.4001],[-83.3346,23.4093],[-83.3038,23.391],[-83.2927,23.3543],[-83.3012,23.2992],[-83.3216,23.2447],[-83.3539,23.1906],[-83.3827,23.1676],[-83.4081,23.1757],[-83.4275,23.2211],[-83.4407,23.3038],[-83.423,23.3635]]]}},{"type":"Feature","properties":{"c":"#00fb90","v0":0.25,"v1":1.0},"geometry":{"type":"Polygon","coordinates":[[[-82.6664,22.5255],[-82.6567,22.5439],[-82.6414,22.5569],[-82.6205,22.5643],[-82.58,22.5575],[-82.52,22.5364],[-82.4755,22.5327],[-82.4465,22.5464],[-82.4354,22.5716],[-82.4422,22.6086],[-82.4385,22.6547],[-82.4243,22.7101],[-82.4325,22.7562],[-82.463,22.7931],[-82.4729,22.8254],[-82.4622,22.853],[-82.4302,22.8701],[-82.3767,22.8766],[-82.3,22.8587],[-82.2,22.8165],[-82.11,22.8019],[-82.03,22.8149],[-81.97,22.835],[-81.93,22.8623],[-81.885,22.8736],[-81.835,22.8692],[-81.79,22.8787],[-81.75,22.9023],[-81.7281,22.9207],[-81.7243,22.9339],[-81.7401,22.9682],[-81.7755,23.0234],[-81.8185,23.0648],[-81.8692,23.0924],[-81.8934,23.1278],[-81.8911,23.1709],[-81.87,23.1921],[-81.83,23.1913],[-81.8,23.1849],[-81.78,23.1729],[-81.7708,23.1426],[-81.7724,23.0938],[-81.7674,23.0669],[-81.7558,23.0618],[-81.73,23.0565],[-81.69,23.0509],[-81.65,23.0575],[-81.61,23.0764],[-81.565,23.0872],[-81.515,23.09],[-81.4824,23.095],[-81.4673,23.1025],[-81.4615,23.1154],[-81.465,23.1338],[-81.4849,23.1614],[-81.5212,23.1982],[-81.487,23.2474],[-81.3823,23.3092],[-81.31,23.3274],[-81.27,23.3021],[-81.22,23.2938],[-81.16,23.3024],[-81.102,23.2934],[-81.046,23.2667],[-81.0187,23.2487],[-81.0203,23.2395],[-81.0383,23.2346],[-81.0728,23.234],[-81.105,23.2255],[-81.135,23.2093],[-81.1663,23.1866],[-81.1988,23.1576],[-81.2204,23.1292],[-81.2312,23.1016],[-81.2299,23.0808],[-81.2166,23.0669],[-81.1857,23.0577],[-81.1372,23.0532],[-81.102,23.0326],[-81.0803,22.9958],[-81.0546,22.9669],[-81.0249,22.9458],[-81.0,22.9336],[-80.98,22.9303],[-80.96,22.935],[-80.94,22.9479],[-80.9067,22.9877],[-80.8601,23.0544],[-80.8371,23.1108],[-80.8379,23.1568],[-80.8212,23.192],[-80.7871,23.2165],[-80.75,23.2191],[-80.71,23.1999],[-80.6745,23.1739],[-80.6436,23.141],[-80.6259,23.0924],[-80.6216,23.028],[-80.6021,22.9668],[-80.5674,22.9088],[-80.54,22.884],[-80.52,22.8923],[-80.495,22.9203],[-80.465,22.9679],[-80.43,22.9946],[-80.39,23.0003],[-80.3617,23.0013],[-80.345,22.9976],[-80.3307,22.982],[-80.3187,22.9544],[-80.2871,22.9222],[-80.2357,22.8856],[-80.1731,22.8672],[-80.0994,22.867],[-80.0638,22.8576],[-80.0664,22.8392],[-80.0832,22.8198],[-80.1144,22.7994],[-80.16,22.7923],[-80.22,22.7985],[-80.27,22.7956],[-80.31,22.7834],[-80.35,22.7519],[-80.39,22.7011],[-80.46,22.6815],[-80.56,22.6931],[-80.6163,22.6901],[-80.6289,22.6727],[-80.6343,22.6317],[-80.6326,22.567],[-80.6863,22.5295],[-80.7954,22.5191],[-80.883,22.5283],[-80.949,22.5572],[-80.9859,22.5993],[-80.9938,22.6547],[-81.027,22.687],[-81.0855,22.6963],[-81.1094,22.7239],[-81.0988,22.7701],[-81.0987,22.8115],[-81.109,22.8484],[-81.1231,22.8758],[-81.141,22.8937],[-81.225,22.9103],[-81.375,22.9257],[-81.4583,22.9213],[-81.4749,22.8973],[-81.4499,22.8717],[-81.3833,22.8446],[-81.345,22.8124],[-81.3349,22.7749],[-81.319,22.747],[-81.2972,22.7285],[-81.285,22.6916],[-81.2824,22.6363],[-81.2685,22.5763],[-81.2434,22.5116],[-81.2856,22.4773],[-81.3952,22.4735],[-81.47,22.481],[-81.51,22.5],[-81.56,22.5032],[-81.62,22.4908],[-81.6552,22.5017],[-81.6655,22.536],[-81.6805,22.5606],[-81.7002,22.5754],[-81.735,22.5615],[-81.7849,22.519],[-81.8049,22.4899],[-81.795,22.4741],[-81.7681,22.4602],[-81.7242,22.4483],[-81.7342,22.4332],[-81.7981,22.4149],[-81.8511,22.4102],[-81.8934,22.4193],[-81.9111,22.4423],[-81.9042,22.4793],[-81.908,22.5049],[-81.9227,22.5191],[-81.945,22.5291],[-81.975,22.5348],[-82.0133,22.5184],[-82.0599,22.48],[-82.0896,22.4284],[-82.1025,22.3637],[-82.1143,22.3293],[-82.1248,22.3253],[-82.138,22.3345],[-82.1541,22.3571],[-82.1556,22.3822],[-82.1427,22.4099],[-82.1447,22.4295],[-82.1616,22.441],[-82.205,22.4291],[-82.275,22.394],[-82.36,22.362],[-82.46,22.3331],[-82.5503,22.368],[-82.631,22.4668],[-82.6664,22.5255]],[[-81.2778,22.9881],[-81.2193,23.0095],[-81.18,23.0181],[-81.16,23.0138],[-81.1466,23.0031],[-81.1397,22.986],[-81.1497,22.9697],[-81.1766,22.9543],[-81.2164,22.9497],[-81.2692,22.9559],[-81.2985,22.9636],[-81.3043,22.9728],[-81.2778,22.9881]],[[-81.0499,22.8727],[-81.0366,22.8843],[-81.015,22.8818],[-80.985,22.8652],[-80.943,22.8779],[-80.8889,22.9197],[-80.8339,22.9094],[-80.778,22.8472],[-80.7314,22.8057],[-80.6943,22.785],[-80.6914,22.7654],[-80.7227,22.747],[-80.7353,22.7239],[-80.7293,22.6963],[-80.735,22.664],[-80.7525,22.627],[-80.7834,22.5998],[-80.8278,22.5821],[-80.8664,22.5775],[-80.8993,22.5859],[-80.9194,22.5993],[-80.9266,22.6178],[-80.9127,22.6593],[-80.8776,22.7239],[-80.8875,22.7756],[-80.9425,22.8142],[-80.985,22.8311],[-81.015,22.8261],[-81.0366,22.8344],[-81.0499,22.856],[-81.0499,22.8727]],[[-80.7824,23.0805],[-80.7608,23.1025],[-80.73,23.1013],[-80.69,23.0768],[-80.6664,23.0566],[-80.6593,23.0406],[-80.6693,23.0258],[-80.6964,23.0123],[-80.7252,23.0123],[-80.7556,23.0258],[-80.7764,23.0418],[-80.7876,23.0602],[-80.7824,23.0805]],[[-80.4295,22.9445],[-80.4165,22.9525],[-80.4082,22.9525],[-80.4046,22.9445],[-80.4096,22.936],[-80.4232,22.927],[-80.4315,22.927],[-80.4345,22.936],[-80.4295,22.9445]],[[-80.5419,22.7839],[-80.5307,22.8023],[-80.5063,22.8131],[-80.4688,22.8163],[-80.435,22.8275],[-80.405,22.8469],[-80.37,22.8603],[-80.33,22.8677],[-80.3022,22.8657],[-80.2866,22.8542],[-80.3166,22.8175],[-80.3922,22.7557],[-80.45,22.7255],[-80.49,22.7269],[-80.5194,22.7393],[-80.5381,22.7629],[-80.5419,22.7839]],[[-81.6043,22.7443],[-81.5948,22.7573],[-81.575,22.764],[-81.545,22.7643],[-81.51,22.776],[-81.47,22.799],[-81.435,22.8086],[-81.405,22.8047],[-81.3881,22.7866],[-81.3844,22.754],[-81.3964,22.7193],[-81.4241,22.6824],[-81.4333,22.6501],[-81.424,22.6224],[-81.4246,22.5993],[-81.4352,22.5809],[-81.4579,22.5677],[-81.4926,22.5597],[-81.52,22.5609],[-81.54,22.5713],[-81.5598,22.5937],[-81.5795,22.6283],[-81.5852,22.6593],[-81.577,22.687],[-81.5819,22.7101],[-81.6,22.7285],[-81.6043,22.7443]],[[-82.6216,22.5208],[-82.5979,22.5301],[-82.5752,22.5208],[-82.5535,22.4931],[-82.5545,22.4786],[-82.5782,22.4774],[-82.6009,22.4866],[-82.6226,22.5064],[-82.6216,22.5208]],[[-82.443,22.8358],[-82.4343,22.8473],[-82.415,22.8552],[-82.385,22.8595],[-82.3423,22.8399],[-82.2869,22.7964],[-82.2769,22.7698],[-82.3123,22.7601],[-82.3534,22.7647],[-82.4001,22.7836],[-82.4294,22.8023],[-82.4414,22.8208],[-82.443,22.8358]],[[-82.0479,22.7637],[-81.9826,22.7785],[-81.925,22.7793],[-81.875,22.766],[-81.8474,22.7402],[-81.8422,22.7017],[-81.824,22.664],[-81.793,22.627],[-81.7814,22.5993],[-81.7894,22.5809],[-81.8075,22.5629],[-81.8358,22.5455],[-81.8661,22.5455],[-81.8982,22.5629],[-81.9232,22.5888],[-81.9411,22.6231],[-81.9778,22.6416],[-82.0334,22.6442],[-82.066,22.6732],[-82.0757,22.7285],[-82.0479,22.7637]],[[-81.7672,22.8199],[-81.7424,22.8367],[-81.7304,22.8367],[-81.7312,22.8199],[-81.7436,22.8115],[-81.7676,22.8115],[-81.7672,22.8199]],[[-81.8587,23.1476],[-81.8396,23.1567],[-81.8238,23.1521],[-81.8113,23.1338],[-81.8163,23.1217],[-81.8388,23.1159],[-81.8546,23.1204],[-81.8637,23.1355],[-81.8587,23.1476]],[[-81.6935,23.0244],[-81.6112,23.0449],[-81.5517,23.0449],[-81.5152,23.0244],[-81.5202,22.9972],[-81.5667,22.9632],[-81.605,22.9424],[-81.635,22.935],[-81.6712,22.952],[-81.7135,22.9935],[-81.6935,23.0244]],[[-81.423,23.2092],[-81.3877,23.2314],[-81.3603,23.236],[-81.3409,23.223],[-81.3359,23.2059],[-81.3453,23.1845],[-81.36,23.1695],[-81.38,23.161],[-81.4027,23.1671],[-81.428,23.1878],[-81.423,23.2092]],[[-80.7219,22.5906],[-80.7006,22.5917],[-80.6897,22.5871],[-80.6892,22.5768],[-80.6999,22.5763],[-80.7216,22.5855],[-80.7219,22.5906]],[[-82.3601,22.5024],[-82.3301,22.5486],[-82.3038,22.5716],[-82.2813,22.5715],[-82.2751,22.5392],[-82.2852,22.4746],[-82.3052,22.4408],[-82.3351,22.4378],[-82.3563,22.447],[-82.3688,22.4685],[-82.3601,22.5024]],[[-81.7797,22.7285],[-81.7675,22.747],[-81.7436,22.7605],[-81.7079,22.769],[-81.6826,22.7644],[-81.6678,22.7466],[-81.6605,22.7193],[-81.6607,22.6824],[-81.6731,22.6552],[-81.6977,22.6376],[-81.7261,22.6422],[-81.7583,22.669],[-81.7773,22.6916],[-81.7829,22.7101],[-81.7797,22.7285]]]}},{"type":"Feature","properties":{"c":"#00fb90","v0":0.25,"v1":1.0},"geometry":{"type":"Polygon","coordinates":[[[-82.3852,23.2396],[-82.3351,23.2857],[-82.2663,23.3086],[-82.179,23.3085],[-82.1318,23.3038],[-82.1248,23.2947],[-82.1285,23.2849],[-82.1428,23.2747],[-82.175,23.2699],[-82.225,23.2706],[-82.28,23.246],[-82.34,23.1962],[-82.3801,23.1826],[-82.4002,23.2052],[-82.3852,23.2396]]]}},{"type":"Feature","properties":{"c":"#00fb90","v0":0.25,"v1":1.0},"geometry":{"type":"Polygon","coordinates":[[[-83.2633,23.0319],[-83.2411,23.0672],[-83.22,23.0889],[-83.2,23.0969],[-83.1837,23.0977],[-83.1711,23.0911],[-83.1711,23.0607],[-83.1837,23.0065],[-83.205,22.9808],[-83.235,22.9836],[-83.2561,22.9923],[-83.2683,23.0069],[-83.2633,23.0319]]]}},{"type":"Feature","properties":{"c":"#00fb90","v0":0.25,"v1":1.0},"geometry":{"type":"Polygon","coordinates":[[[-83.4744,23.0096],[-83.4637,23.0372],[-83.4463,23.0555],[-83.4221,23.0645],[-83.3913,23.0507],[-83.354,23.0141],[-83.299,22.9751],[-83.2263,22.9338],[-83.1864,22.9016],[-83.1793,22.8784],[-83.1893,22.8544],[-83.2164,22.8295],[-83.25,22.8173],[-83.29,22.818],[-83.345,22.8482],[-83.415,22.908],[-83.4574,22.9523],[-83.4723,22.9813],[-83.4744,23.0096]],[[-83.337,22.9246],[-83.319,22.9297],[-83.3042,22.925],[-83.2926,22.9108],[-83.2926,22.9],[-83.3042,22.8926],[-83.319,22.8972],[-83.337,22.9138],[-83.337,22.9246]]]}},{"type":"Feature","properties":{"c":"#00fb90","v0":0.25,"v1":1.0},"geometry":{"type":"Polygon","coordinates":[[[-80.0176,22.7483],[-79.9992,22.7692],[-79.97,22.7722],[-79.93,22.7571],[-79.885,22.766],[-79.835,22.7988],[-79.805,22.8122],[-79.795,22.8063],[-79.7832,22.7916],[-79.7696,22.768],[-79.7596,22.6973],[-79.7532,22.5794],[-79.78,22.5145],[-79.84,22.5026],[-79.8835,22.5015],[-79.9105,22.5113],[-79.9498,22.5716],[-80.0012,22.6824],[-80.0176,22.7483]],[[-79.8674,22.5779],[-79.8558,22.5903],[-79.8434,22.5903],[-79.8303,22.5779],[-79.8303,22.5653],[-79.8434,22.5525],[-79.8558,22.5525],[-79.8674,22.5653],[-79.8674,22.5779]]]}},{"type":"Feature","properties":{"c":"#00fb90","v0":0.25,"v1":1.0},"geometry":{"type":"Polygon","coordinates":[[[-81.0985,22.4811],[-81.0662,22.5217],[-81.0336,22.5448],[-81.0007,22.5504],[-80.9907,22.5226],[-81.0036,22.4613],[-81.02,22.4289],[-81.04,22.4254],[-81.0662,22.433],[-81.0985,22.4515],[-81.0985,22.4811]]]}},{"type":"Feature","properties":{"c":"#00fb90","v0":0.25,"v1":1.0},"geometry":{"type":"Polygon","coordinates":[[[-80.6163,22.5042],[-80.5988,22.5172],[-80.5774,22.5172],[-80.5522,22.5042],[-80.5522,22.4898],[-80.5774,22.4739],[-80.5988,22.4739],[-80.6163,22.4898],[-80.6163,22.5042]]]}},{"type":"Feature","properties":{"c":"#00cc00","v0":1.0,"v1":2.0},"geometry":{"type":"Polygon","coordinates":[[[-82.2747,49.5954],[-82.2449,49.62],[-82.21,49.6348],[-82.17,49.6396],[-82.14,49.6573],[-82.12,49.6878],[-82.095,49.701],[-82.065,49.697],[-82.035,49.7065],[-82.005,49.7295],[-81.975,49.7358],[-81.945,49.7253],[-81.91,49.7229],[-81.87,49.7286],[-81.78,49.7233],[-81.64,49.7069],[-81.5615,49.6892],[-81.5445,49.6703],[-81.5519,49.6479],[-81.5838,49.622],[-81.5991,49.5993],[-81.5979,49.5798],[-81.5855,49.5652],[-81.5618,49.5554],[-81.53,49.5525],[-81.49,49.5565],[-81.4653,49.5517],[-81.4559,49.538],[-81.4609,49.5222],[-81.4803,49.5044],[-81.56,49.4905],[-81.7,49.4804],[-81.7952,49.4796],[-81.8457,49.488],[-81.8857,49.5054],[-81.9152,49.5319],[-82.0,49.5484],[-82.14,49.555],[-82.2299,49.5645],[-82.2697,49.5769],[-82.2747,49.5954]]]}},{"type":"Feature","properties":{"c":"#00cc00","v0":1.0,"v1":2.0},"geometry":{"type":"Polygon","coordinates":[[[-66.5747,48.7901],[-66.5582,48.799],[-66.52,48.8064],[-66.46,48.8122],[-66.415,48.8259],[-66.385,48.8473],[-66.3557,48.8564],[-66.3272,48.8531],[-66.3172,48.8414],[-66.3257,48.8213],[-66.3508,48.8082],[-66.3923,48.8019],[-66.4078,48.779],[-66.3971,48.7394],[-66.4013,48.7077],[-66.4204,48.6838],[-66.44,48.671],[-66.46,48.6692],[-66.4878,48.6746],[-66.5235,48.687],[-66.5518,48.7164],[-66.5726,48.7625],[-66.5747,48.7901]]]}},{"type":"Feature","properties":{"c":"#00cc00","v0":1.0,"v1":2.0},"geometry":{"type":"Polygon","coordinates":[[[-67.2286,48.7865],[-67.2029,48.8146],[-67.18,48.8319],[-67.16,48.8385],[-67.1055,48.8311],[-67.0165,48.8095],[-66.9711,48.7955],[-66.9692,48.7889],[-66.9986,48.7626],[-67.0595,48.7166],[-67.105,48.6965],[-67.135,48.7024],[-67.1729,48.7222],[-67.2186,48.7557],[-67.2286,48.7865]]]}},{"type":"Feature","properties":{"c":"#00cc00","v0":1.0,"v1":2.0},"geometry":{"type":"Polygon","coordinates":[[[-121.85,48.7788],[-121.8233,48.7917],[-121.801,48.7917],[-121.7831,48.7788],[-121.7831,48.7649],[-121.801,48.7498],[-121.8233,48.7498],[-121.85,48.7649],[-121.85,48.7788]],[[-121.8391,48.7766],[-121.8197,48.785],[-121.8045,48.785],[-121.7936,48.7766],[-121.7936,48.7674],[-121.8045,48.7572],[-121.8197,48.7572],[-121.8391,48.7674],[-121.8391,48.7766]]]}},{"type":"Feature","properties":{"c":"#00cc00","v0":1.0,"v1":2.0},"geometry":{"type":"Polygon","coordinates":[[[-68.2147,47.821],[-68.1279,47.9418],[-68.0859,48.0067],[-68.0886,48.0161],[-68.11,48.0191],[-68.15,48.0158],[-68.1801,48.0178],[-68.2002,48.0251],[-68.2207,48.0555],[-68.2416,48.109],[-68.1576,48.1924],[-67.9687,48.3056],[-67.8652,48.3721],[-67.8472,48.392],[-67.8462,48.4055],[-67.8621,48.4127],[-67.9247,48.416],[-68.0342,48.4155],[-68.0411,48.4783],[-67.9455,48.6041],[-67.8258,48.6768],[-67.6819,48.6967],[-67.59,48.6964],[-67.55,48.6759],[-67.52,48.6789],[-67.5,48.7053],[-67.46,48.7209],[-67.4,48.7257],[-67.34,48.7256],[-67.28,48.7206],[-67.23,48.7049],[-67.19,48.6786],[-67.15,48.6724],[-67.11,48.6861],[-67.065,48.6929],[-67.015,48.6927],[-66.97,48.6837],[-66.93,48.6659],[-66.85,48.6596],[-66.73,48.6647],[-66.665,48.6647],[-66.655,48.6595],[-66.6415,48.6428],[-66.6246,48.6148],[-66.6221,48.5743],[-66.6341,48.5213],[-66.6324,48.4816],[-66.617,48.455],[-66.6145,48.416],[-66.6248,48.3644],[-66.65,48.3278],[-66.69,48.3064],[-66.7108,48.2857],[-66.7124,48.2657],[-66.7224,48.2483],[-66.7408,48.2336],[-66.7875,48.2136],[-66.8626,48.1884],[-66.9135,48.159],[-66.9403,48.1257],[-66.9627,48.1066],[-66.9809,48.1018],[-67.01,48.1032],[-67.05,48.1109],[-67.095,48.0937],[-67.145,48.0517],[-67.2072,48.0302],[-67.2815,48.0293],[-67.3465,48.0167],[-67.4022,47.9926],[-67.4522,47.9792],[-67.4966,47.9766],[-67.5616,47.9551],[-67.6472,47.9147],[-67.72,47.899],[-67.78,47.908],[-67.8159,47.8913],[-67.8278,47.849],[-67.8525,47.821],[-67.89,47.8076],[-67.9191,47.7902],[-67.9397,47.7687],[-67.97,47.7537],[-68.01,47.7451],[-68.0443,47.7323],[-68.0728,47.7153],[-68.1228,47.7119],[-68.1943,47.7223],[-68.237,47.7357],[-68.2511,47.7523],[-68.2147,47.821]],[[-67.3224,48.209],[-67.2865,48.2224],[-67.2641,48.219],[-67.255,48.199],[-67.2554,48.18],[-67.2651,48.1618],[-67.28,48.1539],[-67.3,48.1562],[-67.3176,48.1686],[-67.3328,48.1911],[-67.3224,48.209]],[[-67.2597,48.4352],[-67.2532,48.4487],[-67.24,48.4527],[-67.22,48.4473],[-67.195,48.4353],[-67.165,48.4167],[-67.1424,48.396],[-67.1272,48.3734],[-67.1422,48.3674],[-67.1874,48.3779],[-67.2232,48.3945],[-67.2497,48.4172],[-67.2597,48.4352]],[[-67.1164,48.3514],[-67.1121,48.3565],[-67.1,48.3565],[-67.08,48.3514],[-67.057,48.3422],[-67.0311,48.3289],[-67.0172,48.3122],[-67.0155,48.2923],[-67.0235,48.2729],[-67.0412,48.254],[-67.0621,48.2473],[-67.0864,48.2529],[-67.1035,48.279],[-67.1135,48.3255],[-67.1164,48.3514]],[[-66.9459,48.5256],[-66.9353,48.534],[-66.9177,48.5373],[-66.8931,48.5355],[-66.8881,48.5294],[-66.9027,48.5189],[-66.9203,48.5156],[-66.9409,48.5194],[-66.9459,48.5256]],[[-66.817,48.5147],[-66.7908,48.5015],[-66.7857,48.4946],[-66.8019,48.4942],[-66.815,48.5008],[-66.8251,48.5145],[-66.817,48.5147]],[[-67.862,48.2923],[-67.8101,48.3388],[-67.7656,48.3692],[-67.7285,48.3835],[-67.7017,48.4067],[-67.6852,48.439],[-67.6528,48.4617],[-67.6047,48.4749],[-67.5866,48.4981],[-67.5985,48.5313],[-67.5858,48.5485],[-67.5486,48.5497],[-67.5191,48.5464],[-67.4973,48.5385],[-67.482,48.528],[-67.4732,48.5147],[-67.4791,48.4893],[-67.4997,48.4516],[-67.53,48.429],[-67.57,48.4216],[-67.5924,48.4139],[-67.5971,48.4059],[-67.561,48.3654],[-67.4841,48.2923],[-67.4572,48.239],[-67.4802,48.2057],[-67.5052,48.189],[-67.5322,48.189],[-67.5718,48.2108],[-67.6239,48.2544],[-67.665,48.2778],[-67.695,48.281],[-67.7123,48.2758],[-67.717,48.2624],[-67.7054,48.229],[-67.6776,48.1757],[-67.6743,48.1457],[-67.6955,48.139],[-67.7516,48.169],[-67.8425,48.2357],[-67.862,48.2923]]]}},{"type":"Feature","properties":{"c":"#00cc00","v0":1.0,"v1":2.0},"geometry":{"type":"Polygon","coordinates":[[[-106.9939,37.0885],[-106.978,37.1005],[-106.9623,37.1005],[-106.947,37.0885],[-106.947,37.078],[-106.9623,37.0689],[-106.978,37.0689],[-106.9939,37.078],[-106.9939,37.0885]]]}},{"type":"Feature","properties":{"c":"#00cc00","v0":1.0,"v1":2.0},"geometry":{"type":"Polygon","coordinates":[[[-77.2304,32.831],[-77.2035,32.849],[-77.12,32.8789],[-76.98,32.9208],[-76.86,32.9492],[-76.76,32.9641],[-76.641,32.9426],[-76.5029,32.8847],[-76.4189,32.8389],[-76.3889,32.8053],[-76.3694,32.7716],[-76.3604,32.738],[-76.3394,32.7062],[-76.3065,32.6763],[-76.235,32.6644],[-76.125,32.6706],[-76.025,32.6866],[-75.935,32.7126],[-75.79,32.7301],[-75.59,32.7391],[-75.47,32.7503],[-75.43,32.7635],[-75.4032,32.7663],[-75.3896,32.7586],[-75.4224,32.7254],[-75.5014,32.6665],[-75.6107,32.5991],[-75.7502,32.5232],[-75.8725,32.4733],[-75.9775,32.4492],[-76.0784,32.4154],[-76.1751,32.3719],[-76.2401,32.3482],[-76.2734,32.3442],[-76.3289,32.3526],[-76.4067,32.3735],[-76.4534,32.3966],[-76.4689,32.422],[-76.4983,32.4473],[-76.5414,32.4726],[-76.5758,32.5148],[-76.6013,32.5738],[-76.6695,32.6328],[-76.7804,32.6917],[-76.8409,32.7338],[-76.851,32.759],[-76.8495,32.7952],[-76.8365,32.8422],[-76.915,32.8432],[-77.085,32.7982],[-77.1824,32.7788],[-77.2073,32.7852],[-77.2258,32.7969],[-77.2378,32.8137],[-77.2304,32.831]]]}},{"type":"Feature","properties":{"c":"#00cc00","v0":1.0,"v1":2.0},"geometry":{"type":"Polygon","coordinates":[[[-82.5469,30.4683],[-82.531,30.4941],[-82.5048,30.5151],[-82.4683,30.5311],[-82.355,30.5504],[-82.165,30.5731],[-82.0453,30.5952],[-81.9958,30.6168],[-81.9658,30.6452],[-81.9553,30.6804],[-81.9,30.6951],[-81.8,30.6893],[-81.69,30.7182],[-81.57,30.7818],[-81.4775,30.8015],[-81.4126,30.7773],[-81.4095,30.7394],[-81.4682,30.6878],[-81.4959,30.6491],[-81.4927,30.6233],[-81.4808,30.6052],[-81.4603,30.5948],[-81.3,30.6358],[-81.0,30.7283],[-80.82,30.7983],[-80.76,30.8459],[-80.72,30.8675],[-80.7,30.863],[-80.6863,30.854],[-80.679,30.8406],[-80.7022,30.8082],[-80.7559,30.7566],[-80.7815,30.7093],[-80.7789,30.6663],[-80.7707,30.6412],[-80.7569,30.6341],[-80.7119,30.6427],[-80.6356,30.6671],[-80.5809,30.7007],[-80.5477,30.7437],[-80.4779,30.8125],[-80.3714,30.9069],[-80.3186,30.9627],[-80.3194,30.9798],[-80.3323,30.9962],[-80.3574,31.012],[-80.44,31.0214],[-80.58,31.0245],[-80.72,31.0402],[-80.86,31.0686],[-81.0,31.0606],[-81.14,31.0164],[-81.2079,31.0142],[-81.2037,31.0541],[-81.2137,31.0772],[-81.2379,31.0834],[-81.2668,31.0791],[-81.3003,31.0643],[-81.3672,31.0184],[-81.4674,30.9412],[-81.5406,30.893],[-81.5869,30.8738],[-81.6227,30.8695],[-81.6481,30.8801],[-81.6527,30.9112],[-81.6367,30.9627],[-81.599,30.998],[-81.5397,31.0171],[-81.4927,31.0428],[-81.4582,31.0751],[-81.4032,31.1119],[-81.3277,31.1533],[-81.195,31.1949],[-81.005,31.2366],[-80.78,31.3177],[-80.52,31.4379],[-80.365,31.5168],[-80.315,31.5546],[-80.245,31.5878],[-80.155,31.6164],[-80.0705,31.658],[-79.9914,31.7126],[-79.9507,31.7441],[-79.9481,31.7526],[-79.9631,31.7654],[-79.9957,31.7824],[-80.0098,31.7951],[-80.0055,31.8036],[-79.945,31.8332],[-79.8283,31.8838],[-79.7443,31.9262],[-79.6928,31.9605],[-79.6658,31.9862],[-79.6634,32.0031],[-79.6724,32.0159],[-79.6929,32.0243],[-79.7078,32.0371],[-79.7171,32.054],[-79.7117,32.071],[-79.6915,32.0879],[-79.6286,32.1093],[-79.5229,32.1351],[-79.37,32.1549],[-79.17,32.1688],[-79.045,32.1828],[-78.995,32.1969],[-78.935,32.201],[-78.865,32.1951],[-78.8177,32.1851],[-78.7932,32.1711],[-78.7997,32.143],[-78.8373,32.1006],[-78.8596,32.0608],[-78.8665,32.0235],[-78.89,32.0034],[-78.93,32.0006],[-78.98,31.9822],[-79.04,31.9481],[-79.1,31.9312],[-79.16,31.9313],[-79.1978,31.9175],[-79.2133,31.8897],[-79.2083,31.8698],[-79.1828,31.8577],[-79.14,31.8525],[-79.08,31.8542],[-79.01,31.888],[-78.93,31.9538],[-78.865,31.9871],[-78.815,31.9878],[-78.768,31.9813],[-78.7239,31.9676],[-78.6961,31.9565],[-78.6846,31.948],[-78.6885,31.931],[-78.7079,31.9056],[-78.7507,31.8825],[-78.8169,31.8618],[-78.875,31.8361],[-78.925,31.8052],[-78.975,31.7873],[-79.025,31.7824],[-79.11,31.7609],[-79.23,31.7229],[-79.3007,31.6916],[-79.322,31.667],[-79.3199,31.6462],[-79.2945,31.6292],[-79.2888,31.6098],[-79.3029,31.5879],[-79.3463,31.5751],[-79.4189,31.5714],[-79.5139,31.5436],[-79.6313,31.4916],[-79.7485,31.4191],[-79.8656,31.326],[-79.8906,31.2704],[-79.8235,31.2524],[-79.775,31.22],[-79.745,31.1731],[-79.705,31.1532],[-79.655,31.1603],[-79.585,31.1568],[-79.495,31.1427],[-79.4346,31.1245],[-79.4037,31.1023],[-79.3859,31.0655],[-79.3812,31.0141],[-79.4484,30.9412],[-79.5877,30.8468],[-79.6766,30.7609],[-79.7152,30.6835],[-79.7108,30.6018],[-79.6635,30.5157],[-79.6447,30.4597],[-79.6545,30.4338],[-79.6813,30.4122],[-79.7252,30.395],[-79.746,30.3821],[-79.744,30.3734],[-79.7235,30.3519],[-79.6845,30.3173],[-79.6213,30.2796],[-79.5338,30.2386],[-79.4874,30.2084],[-79.4822,30.1889],[-79.4872,30.1726],[-79.5024,30.1596],[-79.525,30.1509],[-79.555,30.1463],[-79.595,30.1575],[-79.645,30.1844],[-79.72,30.2063],[-79.82,30.223],[-79.8766,30.2269],[-79.8898,30.2181],[-79.8946,30.1964],[-79.8911,30.1618],[-79.8945,30.141],[-79.9048,30.1341],[-79.965,30.1394],[-80.075,30.1567],[-80.145,30.1701],[-80.175,30.1793],[-80.23,30.2235],[-80.31,30.3025],[-80.4,30.3423],[-80.5,30.3427],[-80.585,30.3752],[-80.655,30.4395],[-80.715,30.473],[-80.765,30.4756],[-80.8199,30.4542],[-80.8796,30.409],[-80.9114,30.3648],[-80.9153,30.3216],[-80.8954,30.2892],[-80.8518,30.2674],[-80.805,30.2687],[-80.755,30.2931],[-80.715,30.3032],[-80.685,30.2991],[-80.64,30.261],[-80.58,30.1889],[-80.5522,30.1378],[-80.5565,30.1077],[-80.5786,30.0796],[-80.6187,30.0537],[-80.6595,30.006],[-80.701,29.9367],[-80.7439,29.8844],[-80.788,29.8489],[-80.825,29.8312],[-80.855,29.8311],[-80.915,29.8519],[-81.005,29.8936],[-81.0826,29.9114],[-81.1477,29.9052],[-81.2077,29.8857],[-81.2626,29.8529],[-81.3058,29.8486],[-81.3373,29.8727],[-81.3379,29.9064],[-81.3073,29.9497],[-81.3065,29.9873],[-81.3355,30.0193],[-81.37,30.0392],[-81.41,30.0471],[-81.47,30.0477],[-81.55,30.0408],[-81.5958,30.0642],[-81.6075,30.1177],[-81.6299,30.1532],[-81.6629,30.1705],[-81.7171,30.1726],[-81.7924,30.1597],[-81.86,30.1639],[-81.92,30.1852],[-81.99,30.1835],[-82.07,30.1586],[-82.125,30.1469],[-82.155,30.1482],[-82.1888,30.1651],[-82.2264,30.1975],[-82.2411,30.2223],[-82.2329,30.2396],[-82.214,30.2569],[-82.1843,30.2742],[-82.1696,30.2923],[-82.1699,30.3112],[-82.195,30.3238],[-82.245,30.3301],[-82.2979,30.3509],[-82.3536,30.386],[-82.4136,30.4092],[-82.4779,30.4205],[-82.5212,30.4334],[-82.5436,30.4481],[-82.5469,30.4683]],[[-80.6854,30.5735],[-80.6085,30.6031],[-80.535,30.6605],[-80.465,30.7459],[-80.335,30.8468],[-80.145,30.9631],[-79.96,31.0261],[-79.78,31.0359],[-79.663,31.032],[-79.6091,31.0143],[-79.6041,30.9876],[-79.648,30.9518],[-79.725,30.9166],[-79.835,30.882],[-79.9155,30.8441],[-79.9666,30.803],[-79.979,30.7695],[-79.9527,30.7437],[-79.9606,30.6964],[-80.0029,30.6276],[-80.0205,30.5718],[-80.0135,30.5291],[-79.9994,30.4904],[-79.9782,30.4555],[-79.9782,30.4235],[-79.9994,30.3944],[-80.025,30.3847],[-80.055,30.3945],[-80.09,30.416],[-80.13,30.4491],[-80.185,30.4534],[-80.255,30.4289],[-80.3248,30.4177],[-80.3944,30.4198],[-80.421,30.4381],[-80.4048,30.4726],[-80.4,30.4983],[-80.4067,30.5152],[-80.44,30.5216],[-80.5,30.5176],[-80.545,30.506],[-80.575,30.487],[-80.605,30.4924],[-80.635,30.5221],[-80.6685,30.5425],[-80.7054,30.5533],[-80.6854,30.5735]],[[-80.6812,30.1519],[-80.6737,30.1666],[-80.6652,30.171],[-80.6557,30.1649],[-80.6512,30.1575],[-80.6518,30.1488],[-80.6603,30.1445],[-80.6767,30.1445],[-80.6812,30.1519]],[[-81.6685,30.6201],[-81.6562,30.6396],[-81.6367,30.6482],[-81.6102,30.646],[-81.6002,30.6341],[-81.6067,30.6127],[-81.62,30.6],[-81.64,30.596],[-81.6562,30.5981],[-81.6685,30.6063],[-81.6685,30.6201]],[[-81.9926,30.3959],[-81.9642,30.4151],[-81.875,30.4432],[-81.725,30.4801],[-81.625,30.5161],[-81.575,30.5512],[-81.505,30.5603],[-81.415,30.5434],[-81.355,30.5176],[-81.325,30.4831],[-81.28,30.4572],[-81.22,30.4402],[-81.1782,30.416],[-81.1547,30.3847],[-81.1147,30.3634],[-81.0582,30.3519],[-81.026,30.3389],[-81.0179,30.3245],[-81.0179,30.2906],[-81.026,30.2371],[-81.0107,30.2026],[-80.9721,30.1869],[-80.9361,30.1575],[-80.9026,30.1142],[-80.8669,30.0892],[-80.829,30.0822],[-80.7888,30.0822],[-80.7464,30.0892],[-80.7245,30.071],[-80.7231,30.0277],[-80.7361,29.9974],[-80.7634,29.9801],[-80.7809,29.9497],[-80.7886,29.9064],[-80.8019,29.8782],[-80.8206,29.8652],[-80.88,29.879],[-80.98,29.9194],[-81.07,29.9423],[-81.15,29.9477],[-81.1956,29.9556],[-81.2068,29.9661],[-81.2097,29.9887],[-81.2041,30.0234],[-81.2084,30.049],[-81.2228,30.0658],[-81.265,30.0821],[-81.335,30.098],[-81.405,30.1046],[-81.475,30.102],[-81.5178,30.1246],[-81.5333,30.1725],[-81.5483,30.2011],[-81.5628,30.2106],[-81.635,30.217],[-81.765,30.2201],[-81.853,30.2327],[-81.8991,30.2546],[-81.9392,30.2828],[-81.9732,30.3173],[-81.9944,30.3475],[-82.0027,30.3734],[-81.9926,30.3959]],[[-81.0336,30.5249],[-81.0045,30.5606],[-80.98,30.5815],[-80.96,30.5875],[-80.9406,30.5868],[-80.9218,30.5796],[-80.9119,30.5631],[-80.9108,30.5372],[-80.9202,30.5129],[-80.9401,30.4902],[-80.96,30.4779],[-80.98,30.476],[-81.0045,30.4831],[-81.0336,30.4991],[-81.0336,30.5249]],[[-81.0431,31.1682],[-80.981,31.1851],[-80.9403,31.1894],[-80.921,31.181],[-80.936,31.1682],[-80.9853,31.1509],[-81.0236,31.1423],[-81.0507,31.1425],[-81.0667,31.1469],[-81.0717,31.1554],[-81.0431,31.1682]],[[-80.6924,31.2427],[-80.6241,31.2718],[-80.58,31.2868],[-80.56,31.2877],[-80.5428,31.2817],[-80.5284,31.2688],[-80.5484,31.2487],[-80.6028,31.2216],[-80.6524,31.2087],[-80.6972,31.2103],[-80.7214,31.2153],[-80.7248,31.2239],[-80.6924,31.2427]],[[-80.4141,31.3008],[-80.3482,31.3435],[-80.2689,31.3852],[-80.1763,31.4258],[-80.1137,31.4471],[-80.0811,31.4492],[-80.0657,31.4246],[-80.0677,31.3734],[-80.089,31.3337],[-80.1297,31.3056],[-80.205,31.27],[-80.315,31.2268],[-80.3893,31.2238],[-80.4278,31.2609],[-80.4141,31.3008]],[[-79.7921,31.846],[-79.724,31.8883],[-79.65,31.9191],[-79.57,31.9384],[-79.505,31.9602],[-79.455,31.9846],[-79.405,31.9974],[-79.355,31.9987],[-79.3204,31.9939],[-79.3011,31.9831],[-79.3097,31.9607],[-79.3461,31.9268],[-79.4558,31.8761],[-79.6386,31.8088],[-79.745,31.7758],[-79.775,31.7774],[-79.799,31.7899],[-79.8171,31.8132],[-79.7921,31.846]],[[-79.8426,30.5794],[-79.8342,30.5864],[-79.8238,30.5864],[-79.8115,30.5794],[-79.8115,30.5708],[-79.8238,30.5605],[-79.8342,30.5605],[-79.8426,30.5708],[-79.8426,30.5794]]]}},{"type":"Feature","properties":{"c":"#00cc00","v0":1.0,"v1":2.0},"geometry":{"type":"Polygon","coordinates":[[[-79.1234,31.5594],[-79.1011,31.6072],[-79.075,31.6385],[-79.045,31.6534],[-78.9975,31.6551],[-78.9325,31.6435],[-78.8875,31.6297],[-78.8625,31.6137],[-78.855,31.5989],[-78.865,31.5852],[-78.89,31.5723],[-78.93,31.5599],[-78.99,31.5449],[-79.07,31.5273],[-79.1161,31.5227],[-79.1284,31.5313],[-79.1234,31.5594]]]}},{"type":"Feature","properties":{"c":"#00cc00","v0":1.0,"v1":2.0},"geometry":{"type":"Polygon","coordinates":[[[-86.2634,29.2803],[-86.258,29.3239],[-86.224,29.3694],[-86.1613,29.4168],[-86.11,29.4449],[-86.07,29.4536],[-86.02,29.4507],[-85.96,29.4363],[-85.8962,29.4301],[-85.8286,29.4319],[-85.7782,29.4502],[-85.7451,29.4851],[-85.6789,29.5131],[-85.5796,29.5344],[-85.495,29.5623],[-85.425,29.5969],[-85.36,29.6163],[-85.3,29.6204],[-85.225,29.6358],[-85.135,29.6626],[-85.04,29.6962],[-84.94,29.7367],[-84.8267,29.8019],[-84.7002,29.8918],[-84.6205,29.9541],[-84.5877,29.9887],[-84.516,30.0339],[-84.4053,30.0897],[-84.35,30.1265],[-84.35,30.1444],[-84.369,30.1685],[-84.4069,30.1986],[-84.4521,30.2569],[-84.5045,30.3432],[-84.5155,30.395],[-84.4852,30.4124],[-84.43,30.4178],[-84.35,30.4112],[-84.305,30.4346],[-84.295,30.4878],[-84.2739,30.5211],[-84.2416,30.5347],[-84.2293,30.5458],[-84.2371,30.5544],[-84.2582,30.5604],[-84.2927,30.5638],[-84.38,30.5474],[-84.52,30.5112],[-84.6033,30.4836],[-84.63,30.4648],[-84.643,30.4467],[-84.6423,30.4295],[-84.649,30.4151],[-84.663,30.4035],[-84.678,30.4035],[-84.6939,30.4151],[-84.6963,30.4338],[-84.6851,30.4597],[-84.6852,30.4769],[-84.6967,30.4855],[-84.7775,30.52],[-84.9275,30.5803],[-85.0039,30.6147],[-85.0067,30.6233],[-84.9959,30.6362],[-84.9714,30.6534],[-84.9169,30.6824],[-84.8323,30.723],[-84.72,30.7463],[-84.58,30.7525],[-84.425,30.7809],[-84.255,30.8315],[-84.105,30.846],[-83.975,30.8244],[-83.875,30.8251],[-83.805,30.8482],[-83.7729,30.8361],[-83.7786,30.7889],[-83.7367,30.7437],[-83.6473,30.7007],[-83.6094,30.6752],[-83.6231,30.667],[-83.68,30.6668],[-83.78,30.6746],[-83.8429,30.6701],[-83.8686,30.6532],[-83.8386,30.6284],[-83.7529,30.5956],[-83.695,30.5549],[-83.665,30.5064],[-83.63,30.4786],[-83.59,30.4716],[-83.52,30.4715],[-83.42,30.4783],[-83.2791,30.4234],[-83.0973,30.3067],[-82.9773,30.218],[-82.9191,30.1574],[-82.7963,30.1141],[-82.6088,30.0882],[-82.5135,30.0407],[-82.5106,29.9714],[-82.4929,29.9107],[-82.4606,29.8587],[-82.4181,29.8067],[-82.3654,29.7546],[-82.3667,29.7206],[-82.4222,29.7047],[-82.48,29.7089],[-82.54,29.7333],[-82.61,29.7435],[-82.69,29.7395],[-82.7536,29.7179],[-82.8007,29.6786],[-82.8229,29.6373],[-82.8202,29.5938],[-82.7966,29.5607],[-82.7522,29.538],[-82.6537,29.5293],[-82.5012,29.5346],[-82.4207,29.5329],[-82.4121,29.5242],[-82.4186,29.5025],[-82.4401,29.4676],[-82.4356,29.4412],[-82.4052,29.4231],[-82.3784,29.3969],[-82.3551,29.3628],[-82.3242,29.3326],[-82.2856,29.3064],[-82.2072,29.2773],[-82.0891,29.2453],[-81.995,29.2053],[-81.925,29.1574],[-81.8478,29.073],[-81.7633,28.9519],[-81.7205,28.8826],[-81.7195,28.8651],[-81.7514,28.8213],[-81.8162,28.7512],[-81.909,28.6741],[-82.0297,28.5902],[-82.11,28.5423],[-82.15,28.5305],[-82.1811,28.5066],[-82.2033,28.4706],[-82.2483,28.445],[-82.3161,28.4296],[-82.3637,28.4296],[-82.3912,28.445],[-82.4112,28.4662],[-82.4237,28.4935],[-82.44,28.5089],[-82.46,28.5126],[-82.485,28.5091],[-82.515,28.4986],[-82.5396,28.4788],[-82.5589,28.4496],[-82.5455,28.3955],[-82.4995,28.3163],[-82.496,28.259],[-82.5353,28.2238],[-82.5537,28.1897],[-82.5512,28.1568],[-82.5324,28.1303],[-82.4971,28.1103],[-82.4671,28.0814],[-82.4424,28.0434],[-82.3952,27.9992],[-82.3255,27.9489],[-82.2777,27.9017],[-82.2519,27.8575],[-82.2023,27.7955],[-82.129,27.7159],[-82.0941,27.6406],[-82.0977,27.5697],[-82.0882,27.5165],[-82.0654,27.481],[-82.1148,27.3834],[-82.2363,27.2234],[-82.2953,27.1309],[-82.2918,27.1059],[-82.2781,27.0925],[-82.2544,27.0908],[-82.258,27.0811],[-82.289,27.0632],[-82.3308,27.0488],[-82.3836,27.0379],[-82.435,27.0541],[-82.485,27.0975],[-82.53,27.1193],[-82.57,27.1196],[-82.6062,27.1034],[-82.6387,27.0707],[-82.6687,27.0255],[-82.6962,26.9677],[-82.7356,26.9142],[-82.7867,26.865],[-82.8317,26.8313],[-82.8706,26.813],[-82.9,26.8051],[-82.92,26.8074],[-82.9344,26.8165],[-82.9432,26.8324],[-82.9359,26.8627],[-82.9124,26.9073],[-82.9031,26.946],[-82.9077,26.9789],[-82.935,26.9823],[-82.985,26.9565],[-83.03,26.9416],[-83.07,26.9378],[-83.11,26.9194],[-83.15,26.8864],[-83.1957,26.867],[-83.247,26.8611],[-83.2772,26.8894],[-83.286,26.9519],[-83.274,27.0098],[-83.2412,27.0632],[-83.2361,27.0971],[-83.2587,27.1115],[-83.2996,27.1115],[-83.3587,27.0971],[-83.4037,27.0698],[-83.4346,27.0294],[-83.4812,27.0027],[-83.5436,26.9896],[-83.5936,26.9823],[-83.6312,26.9807],[-83.665,26.991],[-83.695,27.0134],[-83.75,27.0111],[-83.83,26.9841],[-83.8777,26.9737],[-83.8931,26.9799],[-83.9031,26.9921],[-83.9077,27.0102],[-83.915,27.0187],[-83.925,27.0174],[-83.975,26.9962],[-84.065,26.9548],[-84.14,26.9129],[-84.2,26.8706],[-84.265,26.8453],[-84.335,26.8369],[-84.3904,26.8213],[-84.4312,26.7983],[-84.456,26.7913],[-84.4649,26.8002],[-84.4571,26.8315],[-84.4328,26.885],[-84.4227,26.9251],[-84.427,26.9519],[-84.4794,26.9732],[-84.5798,26.9893],[-84.66,27.0102],[-84.72,27.0362],[-84.7634,27.0638],[-84.7903,27.0931],[-84.7726,27.13],[-84.7103,27.1745],[-84.676,27.2145],[-84.6697,27.2501],[-84.6549,27.2812],[-84.6314,27.3079],[-84.6336,27.3656],[-84.6613,27.4544],[-84.6667,27.5121],[-84.6497,27.5387],[-84.6226,27.5653],[-84.5854,27.5919],[-84.5537,27.6273],[-84.5275,27.6716],[-84.527,27.7159],[-84.5522,27.7602],[-84.566,27.7955],[-84.5682,27.8221],[-84.5345,27.8451],[-84.4648,27.8646],[-84.421,27.8823],[-84.4031,27.8982],[-84.4081,27.9238],[-84.436,27.9591],[-84.4374,27.9988],[-84.4121,28.043],[-84.4231,28.0739],[-84.4705,28.0915],[-84.4901,28.1268],[-84.482,28.1797],[-84.5,28.237],[-84.5443,28.2986],[-84.5623,28.3472],[-84.5541,28.3827],[-84.6,28.4391],[-84.7,28.5165],[-84.7769,28.5602],[-84.8308,28.5705],[-84.901,28.6152],[-84.9874,28.6942],[-85.0259,28.7424],[-85.0163,28.7599],[-85.0011,28.7717],[-84.9804,28.7777],[-84.86,28.7853],[-84.64,28.7945],[-84.5274,28.809],[-84.5221,28.8289],[-84.5671,28.8519],[-84.6624,28.8782],[-84.76,28.8897],[-84.86,28.8864],[-84.955,28.8982],[-85.045,28.9252],[-85.1092,28.9312],[-85.1477,28.9163],[-85.1627,28.9001],[-85.1541,28.8826],[-85.1543,28.8651],[-85.1634,28.8476],[-85.1935,28.8317],[-85.2445,28.8176],[-85.315,28.8264],[-85.405,28.8581],[-85.5,28.8722],[-85.6,28.8685],[-85.7,28.8776],[-85.8,28.8995],[-85.8699,28.9275],[-85.9096,28.9618],[-85.9396,29.0052],[-85.9599,29.0577],[-86.005,29.0729],[-86.075,29.0507],[-86.1263,29.0419],[-86.1588,29.0465],[-86.184,29.0663],[-86.2019,29.1013],[-86.2075,29.1362],[-86.2008,29.1712],[-86.2146,29.2061],[-86.2489,29.241],[-86.2634,29.2803]],[[-84.0102,30.4732],[-83.9834,30.5088],[-83.955,30.5322],[-83.925,30.5435],[-83.8499,30.53],[-83.7297,30.4917],[-83.6797,30.4611],[-83.6999,30.4382],[-83.755,30.4197],[-83.845,30.4056],[-83.915,30.4035],[-83.965,30.4132],[-83.9984,30.4273],[-84.0152,30.446],[-84.0102,30.4732]],[[-83.585,30.3519],[-83.5708,30.3519],[-83.5642,30.3475],[-83.5652,30.3389],[-83.5723,30.3389],[-83.5855,30.3475],[-83.585,30.3519]],[[-83.2609,30.0825],[-83.2536,30.0968],[-83.2359,30.1011],[-83.2076,30.0954],[-83.1813,30.0666],[-83.157,30.0147],[-83.1561,29.9879],[-83.1787,29.9862],[-83.2086,30.0078],[-83.2459,30.0528],[-83.2609,30.0825]],[[-82.2923,28.5641],[-82.2641,28.576],[-82.2429,28.576],[-82.2288,28.5641],[-82.2338,28.551],[-82.2579,28.5368],[-82.2791,28.5368],[-82.2973,28.551],[-82.2923,28.5641]],[[-86.1461,29.3207],[-86.1354,29.3405],[-86.12,29.353],[-86.1,29.3583],[-86.0903,29.3527],[-86.0908,29.3364],[-86.1062,29.3239],[-86.1363,29.3152],[-86.1461,29.3207]],[[-85.1385,29.5293],[-85.1195,29.548],[-85.0956,29.5524],[-85.0669,29.5423],[-85.0619,29.5239],[-85.0806,29.4971],[-85.1045,29.4927],[-85.1335,29.5108],[-85.1385,29.5293]],[[-84.3206,30.3458],[-84.3135,30.3683],[-84.305,30.3781],[-84.295,30.3753],[-84.2881,30.3598],[-84.2844,30.3315],[-84.293,30.3216],[-84.3137,30.3303],[-84.3206,30.3458]],[[-84.1985,30.1186],[-84.1551,30.1359],[-84.0573,30.1575],[-83.905,30.1834],[-83.8277,30.1921],[-83.8254,30.1834],[-83.9107,30.1568],[-84.0836,30.1121],[-84.18,30.0895],[-84.2,30.0889],[-84.2125,30.0939],[-84.2176,30.1046],[-84.1985,30.1186]],[[-85.8864,29.1009],[-85.8755,29.1351],[-85.83,29.181],[-85.75,29.2386],[-85.6963,29.2608],[-85.669,29.2476],[-85.6537,29.2236],[-85.6504,29.1886],[-85.614,29.1622],[-85.5447,29.1442],[-85.495,29.1398],[-85.465,29.1492],[-85.425,29.1788],[-85.375,29.2286],[-85.295,29.2814],[-85.185,29.337],[-85.12,29.3619],[-85.1,29.3561],[-85.08,29.3396],[-85.06,29.3124],[-85.03,29.2868],[-84.99,29.2629],[-84.9317,29.2659],[-84.8551,29.2958],[-84.8143,29.3282],[-84.8092,29.3631],[-84.7873,29.3893],[-84.7485,29.4067],[-84.7297,29.4328],[-84.7306,29.4676],[-84.7424,29.5025],[-84.7649,29.5373],[-84.7605,29.5851],[-84.729,29.646],[-84.7349,29.6721],[-84.7781,29.6634],[-84.8123,29.6446],[-84.8374,29.6157],[-84.8593,29.607],[-84.878,29.6185],[-84.8884,29.6329],[-84.8906,29.6503],[-84.8695,29.6894],[-84.825,29.7502],[-84.7045,29.834],[-84.5082,29.9408],[-84.32,29.998],[-84.14,30.0056],[-83.94,30.0257],[-83.72,30.0581],[-83.5637,30.0442],[-83.4712,29.9841],[-83.3712,29.9431],[-83.2637,29.9212],[-83.1937,29.8995],[-83.1612,29.8781],[-83.1465,29.85],[-83.1495,29.8153],[-83.1708,29.7743],[-83.2103,29.727],[-83.255,29.6966],[-83.305,29.6831],[-83.3422,29.6677],[-83.3666,29.6503],[-83.3833,29.6286],[-83.3925,29.6025],[-83.3921,29.5808],[-83.3821,29.5634],[-83.3503,29.5404],[-83.2968,29.5119],[-83.24,29.4933],[-83.18,29.4846],[-83.09,29.4577],[-82.97,29.4125],[-82.8493,29.357],[-82.7279,29.2913],[-82.6429,29.2354],[-82.5943,29.1892],[-82.546,29.1543],[-82.498,29.1306],[-82.448,29.0861],[-82.396,29.0208],[-82.355,28.9955],[-82.325,29.0102],[-82.3008,29.0123],[-82.2823,29.0017],[-82.2823,28.9866],[-82.3008,28.967],[-82.325,28.958],[-82.355,28.9596],[-82.39,28.9398],[-82.43,28.8986],[-82.525,28.8494],[-82.675,28.7923],[-82.77,28.763],[-82.81,28.7615],[-82.8259,28.7277],[-82.8178,28.6615],[-82.8478,28.5991],[-82.9159,28.5405],[-83.02,28.5036],[-83.16,28.4882],[-83.2392,28.4692],[-83.2577,28.4464],[-83.2603,28.4175],[-83.247,28.3823],[-83.2077,28.3391],[-83.1426,28.2878],[-83.08,28.2473],[-83.02,28.2176],[-82.97,28.1827],[-82.93,28.1425],[-82.905,28.0968],[-82.895,28.0456],[-82.855,28.0194],[-82.785,28.0182],[-82.734,28.0074],[-82.702,27.987],[-82.6768,27.9458],[-82.6583,27.884],[-82.6543,27.8464],[-82.6648,27.8331],[-82.685,27.8302],[-82.715,27.8378],[-82.7292,27.8356],[-82.7277,27.8236],[-82.7077,27.8077],[-82.6692,27.7878],[-82.625,27.7816],[-82.575,27.7893],[-82.545,27.7801],[-82.535,27.7538],[-82.5156,27.7289],[-82.4869,27.7055],[-82.4892,27.676],[-82.5225,27.6406],[-82.5391,27.614],[-82.539,27.5963],[-82.5217,27.5667],[-82.4872,27.5253],[-82.4465,27.4943],[-82.3996,27.4736],[-82.3667,27.4455],[-82.3478,27.41],[-82.3516,27.339],[-82.3781,27.2323],[-82.401,27.1737],[-82.4203,27.1631],[-82.47,27.169],[-82.55,27.1914],[-82.61,27.2016],[-82.65,27.1995],[-82.68,27.2087],[-82.7,27.2291],[-82.73,27.2364],[-82.77,27.2308],[-82.803,27.2202],[-82.829,27.2046],[-82.879,27.1536],[-82.953,27.0673],[-83.0,27.0203],[-83.02,27.0128],[-83.0369,27.0203],[-83.0507,27.043],[-83.0303,27.09],[-82.9758,27.1612],[-82.9484,27.2056],[-82.9482,27.2234],[-82.9658,27.2368],[-83.0012,27.2457],[-83.0317,27.2618],[-83.0572,27.2851],[-83.09,27.2824],[-83.13,27.2537],[-83.19,27.2411],[-83.27,27.2447],[-83.3327,27.2563],[-83.378,27.2759],[-83.408,27.2957],[-83.4227,27.3157],[-83.445,27.3282],[-83.475,27.3331],[-83.5,27.3475],[-83.52,27.3712],[-83.55,27.3885],[-83.59,27.3995],[-83.6576,27.3974],[-83.7528,27.3821],[-83.8228,27.3594],[-83.8676,27.3293],[-83.9182,27.307],[-83.9745,27.2928],[-84.0295,27.2653],[-84.0832,27.2245],[-84.165,27.2108],[-84.275,27.2242],[-84.3321,27.2535],[-84.3363,27.2987],[-84.3163,27.3401],[-84.2721,27.3779],[-84.2431,27.4178],[-84.2293,27.46],[-84.2843,27.4713],[-84.4081,27.4519],[-84.484,27.4474],[-84.5121,27.458],[-84.5303,27.4722],[-84.5387,27.4899],[-84.5247,27.5171],[-84.4882,27.5536],[-84.4179,27.5846],[-84.3136,27.6101],[-84.2619,27.6362],[-84.2628,27.6628],[-84.2876,27.6849],[-84.3363,27.7026],[-84.3633,27.7292],[-84.3687,27.7646],[-84.366,27.7928],[-84.3553,27.8137],[-84.316,27.8358],[-84.2481,27.8591],[-84.2131,27.8819],[-84.211,27.9041],[-84.2281,27.9307],[-84.2643,27.9614],[-84.2743,27.9842],[-84.2581,27.999],[-84.23,28.0081],[-84.19,28.0115],[-84.1448,27.9776],[-84.0943,27.9064],[-84.0834,27.8575],[-84.112,27.8309],[-84.1123,27.7882],[-84.0841,27.7293],[-84.065,27.6981],[-84.055,27.6944],[-84.0241,27.715],[-83.9723,27.7599],[-83.9407,27.7955],[-83.9295,27.8221],[-83.9274,27.8707],[-83.9345,27.9414],[-83.9233,27.9988],[-83.8939,28.043],[-83.8907,28.0827],[-83.9138,28.118],[-83.9194,28.1709],[-83.9075,28.2414],[-83.9137,28.2823],[-83.9379,28.2935],[-84.005,28.3026],[-84.115,28.3094],[-84.2,28.2915],[-84.26,28.2487],[-84.305,28.2262],[-84.335,28.2239],[-84.3782,28.2583],[-84.4345,28.3292],[-84.4545,28.3739],[-84.4382,28.3925],[-84.4,28.4098],[-84.34,28.4259],[-84.305,28.4433],[-84.295,28.462],[-84.355,28.5002],[-84.485,28.5579],[-84.605,28.5978],[-84.715,28.6202],[-84.7927,28.6525],[-84.8382,28.6949],[-84.8282,28.7232],[-84.7627,28.7375],[-84.63,28.7404],[-84.43,28.7318],[-84.31,28.7366],[-84.27,28.7549],[-84.2538,28.774],[-84.2613,28.7938],[-84.2789,28.8125],[-84.3067,28.83],[-84.343,28.8434],[-84.3877,28.8527],[-84.43,28.8757],[-84.47,28.9125],[-84.515,28.9356],[-84.565,28.9451],[-84.615,28.9631],[-84.665,28.9896],[-84.74,28.9999],[-84.84,28.9941],[-84.955,29.0038],[-85.085,29.0291],[-85.16,29.0393],[-85.18,29.0346],[-85.205,29.0184],[-85.235,28.9908],[-85.31,28.9741],[-85.43,28.9685],[-85.53,28.9527],[-85.61,28.9269],[-85.6961,28.9258],[-85.7882,28.9495],[-85.8487,28.992],[-85.8775,29.0532],[-85.8864,29.1009]],[[-86.1548,29.1562],[-86.1383,29.1962],[-86.12,29.2253],[-86.1,29.2435],[-86.08,29.2531],[-86.06,29.2543],[-86.0384,29.2383],[-86.0151,29.2052],[-86.008,29.1799],[-86.0172,29.1624],[-86.0438,29.1406],[-86.0879,29.1145],[-86.1233,29.1101],[-86.1498,29.1275],[-86.1548,29.1562]],[[-83.6912,27.1989],[-83.6637,27.2388],[-83.6314,27.2566],[-83.5941,27.2523],[-83.5941,27.2286],[-83.6314,27.1856],[-83.66,27.163],[-83.68,27.1608],[-83.6937,27.1646],[-83.7012,27.1742],[-83.6912,27.1989]],[[-83.1542,27.1872],[-83.1381,27.2036],[-83.1204,27.208],[-83.1012,27.2005],[-83.1012,27.1844],[-83.1204,27.1596],[-83.1381,27.1551],[-83.1542,27.171],[-83.1542,27.1872]],[[-82.7791,27.0922],[-82.7597,27.1324],[-82.74,27.1575],[-82.72,27.1674],[-82.7055,27.1696],[-82.6965,27.164],[-82.6917,27.1478],[-82.6912,27.1211],[-82.7007,27.0944],[-82.7202,27.0678],[-82.74,27.0491],[-82.76,27.0384],[-82.7747,27.0429],[-82.7841,27.0624],[-82.7791,27.0922]]]}},{"type":"Feature","properties":{"c":"#00cc00","v0":1.0,"v1":2.0},"geometry":{"type":"Polygon","coordinates":[[[-79.4756,30.5529],[-79.4585,30.5757],[-79.42,30.5887],[-79.36,30.592],[-79.3175,30.5892],[-79.2926,30.5804],[-79.2752,30.5631],[-79.2652,30.5372],[-79.2677,30.5142],[-79.2826,30.494],[-79.325,30.4759],[-79.395,30.4601],[-79.4386,30.4573],[-79.4557,30.4675],[-79.4692,30.4898],[-79.4792,30.5243],[-79.4756,30.5529]]]}},{"type":"Feature","properties":{"c":"#00cc00","v0":1.0,"v1":2.0},"geometry":{"type":"Polygon","coordinates":[[[-79.1126,30.1899],[-79.0575,30.2114],[-79.0221,30.2114],[-79.0063,30.1899],[-79.0035,30.1705],[-79.0136,30.1532],[-79.0315,30.1409],[-79.0572,30.1336],[-79.0822,30.1336],[-79.1066,30.1409],[-79.1242,30.1532],[-79.1348,30.1705],[-79.1126,30.1899]]]}},{"type":"Feature","properties":{"c":"#00cc00","v0":1.0,"v1":2.0},"geometry":{"type":"Polygon","coordinates":[[[-86.5878,30.0974],[-86.5759,30.1069],[-86.5632,30.1069],[-86.5497,30.0974],[-86.5497,30.0864],[-86.5632,30.0741],[-86.5759,30.0741],[-86.5878,30.0864],[-86.5878,30.0974]]]}},{"type":"Feature","properties":{"c":"#00cc00","v0":1.0,"v1":2.0},"geometry":{"type":"Polygon","coordinates":[[[-86.6654,29.8481],[-86.6418,29.8789],[-86.595,29.9091],[-86.525,29.9387],[-86.445,29.9552],[-86.355,29.9585],[-86.28,29.9691],[-86.22,29.9871],[-86.08,29.9883],[-85.86,29.9728],[-85.65,29.9878],[-85.45,30.0334],[-85.335,30.0496],[-85.305,30.0365],[-85.2789,30.0109],[-85.2567,29.973],[-85.2513,29.9454],[-85.2627,29.9281],[-85.3038,29.9046],[-85.3746,29.875],[-85.5243,29.8229],[-85.753,29.7484],[-85.8714,29.6981],[-85.8796,29.6721],[-85.8611,29.646],[-85.8158,29.6199],[-85.7945,29.5982],[-85.7971,29.5808],[-85.8114,29.5681],[-85.8371,29.5601],[-85.865,29.5579],[-85.895,29.5616],[-85.915,29.5761],[-85.925,29.6015],[-85.96,29.6228],[-86.02,29.6402],[-86.0601,29.6471],[-86.0804,29.6435],[-86.1054,29.6255],[-86.1351,29.5933],[-86.17,29.5783],[-86.21,29.5806],[-86.2402,29.601],[-86.2607,29.6397],[-86.2667,29.6894],[-86.2581,29.7502],[-86.2879,29.8035],[-86.356,29.8492],[-86.4137,29.8666],[-86.4612,29.8555],[-86.4881,29.8414],[-86.4944,29.824],[-86.4887,29.8023],[-86.471,29.7763],[-86.4941,29.7409],[-86.558,29.6963],[-86.5947,29.6833],[-86.604,29.7019],[-86.6019,29.7285],[-86.5886,29.7633],[-86.6057,29.7936],[-86.6534,29.8197],[-86.6654,29.8481]],[[-86.2373,29.8977],[-86.2073,29.9237],[-86.1717,29.9423],[-86.1306,29.9533],[-86.03,29.9495],[-85.87,29.9308],[-85.7711,29.908],[-85.7334,29.8809],[-85.727,29.85],[-85.7519,29.8153],[-85.8708,29.7631],[-86.0836,29.6932],[-86.1999,29.6715],[-86.2198,29.6979],[-86.219,29.7415],[-86.1975,29.8023],[-86.2032,29.8457],[-86.2359,29.8717],[-86.2373,29.8977]]]}},{"type":"Feature","properties":{"c":"#00cc00","v0":1.0,"v1":2.0},"geometry":{"type":"Polygon","coordinates":[[[-81.2932,29.7743],[-81.2777,29.7965],[-81.215,29.8145],[-81.105,29.8283],[-81.0395,29.8345],[-81.0186,29.8333],[-81.0006,29.824],[-80.9854,29.8067],[-80.9859,29.7875],[-81.002,29.7666],[-81.055,29.7374],[-81.145,29.7],[-81.209,29.6844],[-81.2469,29.6906],[-81.2747,29.7112],[-81.2922,29.7459],[-81.2932,29.7743]],[[-81.2452,29.754],[-81.2217,29.7704],[-81.1925,29.7747],[-81.1576,29.7671],[-81.1526,29.751],[-81.1775,29.7264],[-81.2,29.7143],[-81.22,29.7148],[-81.2367,29.7228],[-81.2502,29.7382],[-81.2452,29.754]]]}},{"type":"Feature","properties":{"c":"#00cc00","v0":1.0,"v1":2.0},"geometry":{"type":"Polygon","coordinates":[[[-80.422,29.77],[-80.4007,29.7834],[-80.3854,29.779],[-80.3761,29.7569],[-80.3811,29.741],[-80.4004,29.7312],[-80.4157,29.7356],[-80.427,29.754],[-80.422,29.77]]]}},{"type":"Feature","properties":{"c":"#00cc00","v0":1.0,"v1":2.0},"geometry":{"type":"Polygon","coordinates":[[[-86.8025,29.4947],[-86.7808,29.5488],[-86.73,29.594],[-86.65,29.6304],[-86.5664,29.6164],[-86.4793,29.5521],[-86.4693,29.4834],[-86.5364,29.4105],[-86.605,29.3666],[-86.675,29.3519],[-86.725,29.3493],[-86.755,29.359],[-86.7808,29.3898],[-86.8025,29.4417],[-86.8025,29.4947]],[[-86.7516,29.5041],[-86.7372,29.5421],[-86.71,29.5697],[-86.67,29.5869],[-86.635,29.5929],[-86.605,29.5878],[-86.5703,29.5645],[-86.5308,29.5232],[-86.5208,29.4882],[-86.5403,29.4597],[-86.575,29.4432],[-86.625,29.4387],[-86.665,29.4276],[-86.695,29.4098],[-86.7199,29.4045],[-86.7398,29.4118],[-86.752,29.4328],[-86.7565,29.4676],[-86.7516,29.5041]]]}},{"type":"Feature","properties":{"c":"#00cc00","v0":1.0,"v1":2.0},"geometry":{"type":"Polygon","coordinates":[[[-80.1218,29.5753],[-80.1139,29.5816],[-80.1,29.5808],[-80.08,29.5727],[-80.066,29.5608],[-80.0579,29.5451],[-80.0579,29.53],[-80.066,29.5155],[-80.0839,29.5242],[-80.1118,29.5561],[-80.1218,29.5753]]]}},{"type":"Feature","properties":{"c":"#00cc00","v0":1.0,"v1":2.0},"geometry":{"type":"Polygon","coordinates":[[[-81.7339,28.2199],[-81.718,28.2474],[-81.69,28.2503],[-81.65,28.2287],[-81.6143,28.2282],[-81.5828,28.2487],[-81.5578,28.3144],[-81.5393,28.425],[-81.525,28.4813],[-81.515,28.4834],[-81.5075,28.4677],[-81.5024,28.4342],[-81.4858,28.3955],[-81.4577,28.3515],[-81.4507,28.3119],[-81.4645,28.2766],[-81.4558,28.2458],[-81.4246,28.2194],[-81.3792,28.2001],[-81.3197,28.1881],[-81.27,28.1927],[-81.23,28.2139],[-81.175,28.2198],[-81.105,28.2103],[-81.045,28.1932],[-80.995,28.1684],[-80.935,28.1595],[-80.865,28.1666],[-80.8,28.1397],[-80.74,28.0789],[-80.685,28.0478],[-80.635,28.0465],[-80.5949,28.0595],[-80.5646,28.0867],[-80.5587,28.1136],[-80.5771,28.14],[-80.5773,28.1658],[-80.5591,28.191],[-80.4759,28.2351],[-80.3278,28.298],[-80.2231,28.3559],[-80.1619,28.4087],[-80.1012,28.4438],[-80.0411,28.4614],[-80.0069,28.479],[-79.9986,28.4966],[-80.0034,28.5295],[-80.0211,28.5776],[-80.06,28.595],[-80.12,28.5815],[-80.1528,28.5794],[-80.1585,28.5886],[-80.1548,28.602],[-80.1416,28.6196],[-80.1425,28.6371],[-80.1573,28.6547],[-80.216,28.6697],[-80.3187,28.6821],[-80.3716,28.704],[-80.3747,28.7355],[-80.3697,28.7591],[-80.3566,28.7751],[-80.335,28.7845],[-80.305,28.7873],[-80.27,28.7781],[-80.23,28.757],[-80.1961,28.7695],[-80.1684,28.8157],[-80.1334,28.8415],[-80.0911,28.8469],[-80.0647,28.8337],[-80.0542,28.8021],[-80.0592,28.7745],[-80.0797,28.7511],[-80.0902,28.7292],[-80.0905,28.7088],[-80.0855,28.6915],[-80.0752,28.6773],[-80.06,28.6698],[-80.04,28.6689],[-79.9844,28.7111],[-79.8933,28.7963],[-79.8533,28.844],[-79.8644,28.8544],[-79.895,28.8541],[-79.945,28.8429],[-79.9858,28.842],[-80.0173,28.8516],[-80.0274,28.8695],[-80.016,28.8957],[-79.9852,28.9308],[-79.9352,28.9745],[-79.9151,29.0146],[-79.925,29.051],[-79.92,29.0703],[-79.9,29.0725],[-79.87,29.0611],[-79.83,29.036],[-79.79,29.0294],[-79.75,29.0411],[-79.71,29.0444],[-79.67,29.0391],[-79.64,29.0556],[-79.62,29.0937],[-79.57,29.1278],[-79.49,29.1577],[-79.42,29.1665],[-79.36,29.1541],[-79.285,29.1525],[-79.195,29.1619],[-79.13,29.1808],[-79.09,29.2094],[-79.0535,29.2193],[-79.0206,29.2105],[-78.9995,29.1974],[-78.99,29.1799],[-78.9883,29.1624],[-78.9943,29.145],[-79.0404,29.1151],[-79.1268,29.073],[-79.2588,29.038],[-79.4364,29.0103],[-79.5154,28.9789],[-79.4956,28.9439],[-79.4871,28.9132],[-79.4898,28.887],[-79.5359,28.8387],[-79.6253,28.7685],[-79.625,28.7301],[-79.535,28.7237],[-79.44,28.7567],[-79.34,28.829],[-79.245,28.8636],[-79.155,28.8604],[-79.0792,28.8407],[-79.0177,28.8044],[-78.9777,28.7635],[-78.9592,28.718],[-78.9038,28.661],[-78.8114,28.5924],[-78.7764,28.5494],[-78.7988,28.5319],[-78.84,28.5286],[-78.9,28.5394],[-78.965,28.5352],[-79.035,28.5159],[-79.11,28.5072],[-79.19,28.5092],[-79.265,28.4988],[-79.335,28.4762],[-79.3782,28.4706],[-79.3945,28.4821],[-79.4095,28.5085],[-79.4232,28.5499],[-79.435,28.5706],[-79.445,28.5706],[-79.4582,28.5543],[-79.4746,28.5217],[-79.4744,28.4922],[-79.4576,28.4658],[-79.4594,28.4289],[-79.4798,28.3813],[-79.525,28.3516],[-79.595,28.3397],[-79.6519,28.3371],[-79.6957,28.3437],[-79.7018,28.3339],[-79.6702,28.3075],[-79.6583,28.2807],[-79.6661,28.2535],[-79.7072,28.2358],[-79.7815,28.2278],[-79.8515,28.2073],[-79.9172,28.1742],[-79.975,28.1529],[-80.025,28.1432],[-80.0406,28.1112],[-80.0219,28.0569],[-80.0139,28.0077],[-80.0167,27.9635],[-79.9961,27.9224],[-79.952,27.8843],[-79.905,27.8634],[-79.855,27.8596],[-79.8314,27.8432],[-79.8341,27.8144],[-79.8691,27.7982],[-79.9364,27.7947],[-80.005,27.8125],[-80.075,27.8517],[-80.18,27.8685],[-80.32,27.8627],[-80.395,27.8516],[-80.405,27.8351],[-80.3975,27.8069],[-80.3724,27.7669],[-80.3324,27.7231],[-80.2775,27.6754],[-80.245,27.6487],[-80.235,27.6429],[-80.2176,27.6623],[-80.1928,27.7069],[-80.1678,27.7354],[-80.1426,27.7478],[-80.1138,27.7478],[-80.0814,27.7354],[-80.0647,27.7115],[-80.0637,27.676],[-80.0899,27.6393],[-80.1433,27.6014],[-80.185,27.5873],[-80.215,27.5971],[-80.255,27.5798],[-80.305,27.5355],[-80.365,27.5108],[-80.435,27.5057],[-80.525,27.4799],[-80.635,27.4334],[-80.705,27.4128],[-80.735,27.4183],[-80.7538,27.4316],[-80.7614,27.4527],[-80.7264,27.5103],[-80.6488,27.6042],[-80.58,27.6638],[-80.52,27.6892],[-80.49,27.7123],[-80.49,27.7333],[-80.51,27.7474],[-80.55,27.7545],[-80.5954,27.7774],[-80.6461,27.8161],[-80.6911,27.8402],[-80.7304,27.8498],[-80.7803,27.8365],[-80.841,27.8004],[-80.901,27.7753],[-80.9603,27.7612],[-81.015,27.7777],[-81.065,27.8247],[-81.105,27.8512],[-81.135,27.8573],[-81.156,27.8585],[-81.1681,27.8549],[-81.1781,27.8337],[-81.186,27.7951],[-81.26,27.757],[-81.4,27.7193],[-81.475,27.6833],[-81.485,27.6492],[-81.51,27.6339],[-81.55,27.6374],[-81.5753,27.6483],[-81.5859,27.6668],[-81.5809,27.6841],[-81.5603,27.7002],[-81.535,27.7108],[-81.505,27.716],[-81.4872,27.7478],[-81.4816,27.8062],[-81.456,27.8663],[-81.4105,27.9282],[-81.4233,27.9593],[-81.4944,27.9598],[-81.5519,28.004],[-81.5957,28.0918],[-81.6207,28.1388],[-81.6269,28.145],[-81.65,28.1432],[-81.69,28.1331],[-81.718,28.1476],[-81.7339,28.1866],[-81.7339,28.2199]],[[-79.6682,28.4265],[-79.6427,28.4446],[-79.6116,28.449],[-79.5749,28.4397],[-79.5699,28.4237],[-79.5966,28.401],[-79.6277,28.3966],[-79.6632,28.4105],[-79.6682,28.4265]],[[-79.2895,28.6942],[-79.2693,28.7556],[-79.2219,28.7914],[-79.1473,28.8018],[-79.0889,28.793],[-79.0467,28.7651],[-79.0292,28.7292],[-79.0364,28.6854],[-79.0295,28.6503],[-79.0086,28.624],[-79.0084,28.602],[-79.029,28.5844],[-79.067,28.5705],[-79.1223,28.5601],[-79.1812,28.5733],[-79.2437,28.61],[-79.2811,28.6371],[-79.2934,28.6547],[-79.2895,28.6942]],[[-80.3746,27.606],[-80.3715,27.643],[-80.3528,27.6519],[-80.3183,27.6326],[-80.3009,27.614],[-80.3006,27.5963],[-80.3078,27.5813],[-80.3226,27.569],[-80.3415,27.569],[-80.3646,27.5813],[-80.3746,27.606]],[[-80.1499,27.6844],[-80.1366,27.7011],[-80.1231,27.7056],[-80.1094,27.6977],[-80.1094,27.6837],[-80.1231,27.6636],[-80.1366,27.6591],[-80.1499,27.6704],[-80.1499,27.6844]],[[-81.4336,28.0834],[-81.3912,28.12],[-81.27,28.1305],[-81.07,28.1149],[-80.9557,28.0966],[-80.927,28.0756],[-80.905,28.0342],[-80.8896,27.9723],[-80.904,27.9493],[-80.948,27.965],[-81.0,27.9583],[-81.06,27.929],[-81.115,27.9178],[-81.165,27.9247],[-81.2027,27.9183],[-81.2281,27.8984],[-81.2486,27.8663],[-81.2643,27.8221],[-81.3066,27.7957],[-81.3755,27.787],[-81.4171,27.787],[-81.4313,27.7957],[-81.4394,27.8088],[-81.4414,27.8265],[-81.4243,27.8497],[-81.3881,27.8783],[-81.3563,27.9137],[-81.329,27.9557],[-81.3502,27.9988],[-81.4199,28.043],[-81.4336,28.0834]],[[-80.5211,28.1811],[-80.487,28.2014],[-80.435,28.221],[-80.365,28.24],[-80.3196,28.2475],[-80.2989,28.2434],[-80.2935,28.2282],[-80.3034,28.2017],[-80.3237,28.1787],[-80.3546,28.159],[-80.4,28.1452],[-80.46,28.1376],[-80.5,28.137],[-80.52,28.1434],[-80.532,28.1527],[-80.5361,28.1648],[-80.5211,28.1811]],[[-80.1334,28.2678],[-80.1259,28.2854],[-80.1092,28.3022],[-80.0831,28.318],[-80.075,28.3073],[-80.085,28.2701],[-80.1018,28.2533],[-80.1253,28.2571],[-80.1334,28.2678]],[[-79.9553,28.4272],[-79.9384,28.4467],[-79.9168,28.4511],[-79.8904,28.4404],[-79.8904,28.4246],[-79.9168,28.4036],[-79.9384,28.3992],[-79.9553,28.4114],[-79.9553,28.4272]],[[-79.8999,28.693],[-79.8666,28.717],[-79.84,28.7273],[-79.82,28.7238],[-79.8072,28.7162],[-79.8016,28.7044],[-79.8018,28.6898],[-79.8079,28.6722],[-79.8207,28.6596],[-79.8402,28.652],[-79.865,28.6513],[-79.895,28.6575],[-79.9116,28.6657],[-79.9149,28.6759],[-79.8999,28.693]],[[-79.7266,28.9184],[-79.7022,28.9376],[-79.6823,28.9463],[-79.6669,28.9447],[-79.6719,28.9336],[-79.6973,28.9129],[-79.7172,28.9042],[-79.7316,28.9073],[-79.7266,28.9184]],[[-79.3212,29.0944],[-79.2471,29.1154],[-79.2027,29.1198],[-79.1882,29.1075],[-79.1932,29.0962],[-79.2177,29.0859],[-79.2621,29.0815],[-79.3262,29.0831],[-79.3212,29.0944]],[[-80.7062,27.9233],[-80.6821,27.9577],[-80.61,28.0052],[-80.49,28.066],[-80.38,28.1016],[-80.28,28.1123],[-80.221,28.1133],[-80.2029,28.1047],[-80.2025,28.0871],[-80.2199,28.0606],[-80.214,28.0231],[-80.1847,27.9746],[-80.2535,27.9393],[-80.4206,27.9171],[-80.5071,27.8972],[-80.5131,27.8796],[-80.5091,27.8575],[-80.4952,27.8309],[-80.4937,27.811],[-80.5046,27.7978],[-80.525,27.7927],[-80.555,27.7956],[-80.58,27.8096],[-80.6,27.8348],[-80.6371,27.862],[-80.6912,27.8914],[-80.7062,27.9233]],[[-79.9825,28.2698],[-79.9475,28.2913],[-79.9018,28.3002],[-79.8455,28.2962],[-79.8188,28.2898],[-79.8216,28.281],[-79.8497,28.2693],[-79.9032,28.2546],[-79.945,28.2458],[-79.975,28.2428],[-79.9925,28.2457],[-79.9975,28.2546],[-79.9825,28.2698]]]}},{"type":"Feature","properties":{"c":"#00cc00","v0":1.0,"v1":2.0},"geometry":{"type":"Polygon","coordinates":[[[-90.8323,28.7255],[-90.8041,28.7443],[-90.77,28.755],[-90.73,28.7575],[-90.7025,28.7525],[-90.6875,28.7399],[-90.7025,28.7191],[-90.7475,28.6901],[-90.78,28.6766],[-90.8,28.6788],[-90.8191,28.6889],[-90.8373,28.707],[-90.8323,28.7255]]]}},{"type":"Feature","properties":{"c":"#00cc00","v0":1.0,"v1":2.0},"geometry":{"type":"Polygon","coordinates":[[[-91.0276,28.626],[-90.9759,28.6212],[-90.9197,28.5993],[-90.8591,28.5601],[-90.8391,28.5348],[-90.8597,28.5235],[-90.89,28.521],[-90.93,28.5273],[-90.965,28.5387],[-90.995,28.5551],[-91.0209,28.5796],[-91.0426,28.6121],[-91.0276,28.626]]]}},{"type":"Feature","properties":{"c":"#00cc00","v0":1.0,"v1":2.0},"geometry":{"type":"Polygon","coordinates":[[[-91.3447,28.6108],[-91.3101,28.6108],[-91.2971,28.6057],[-91.3057,28.5956],[-91.323,28.5956],[-91.349,28.6057],[-91.3447,28.6108]]]}},{"type":"Feature","properties":{"c":"#00cc00","v0":1.0,"v1":2.0},"geometry":{"type":"Polygon","coordinates":[[[-91.9893,28.4526],[-91.9628,28.4526],[-91.9597,28.4465],[-91.9799,28.4343],[-91.9931,28.4343],[-91.9994,28.4465],[-91.9893,28.4526]]]}},{"type":"Feature","properties":{"c":"#00cc00","v0":1.0,"v1":2.0},"geometry":{"type":"Polygon","coordinates":[[[-94.3244,28.3932],[-94.3015,28.415],[-94.2585,28.4282],[-94.1955,28.4327],[-94.1705,28.4248],[-94.1835,28.4042],[-94.205,28.3874],[-94.235,28.3743],[-94.265,28.366],[-94.295,28.3624],[-94.3165,28.366],[-94.3294,28.3769],[-94.3244,28.3932]]]}},{"type":"Feature","properties":{"c":"#00cc00","v0":1.0,"v1":2.0},"geometry":{"type":"Polygon","coordinates":[[[-93.0252,28.2458],[-93.0233,28.2546],[-92.9772,28.2766],[-92.8867,28.3119],[-92.8414,28.3427],[-92.8414,28.3691],[-92.8136,28.388],[-92.7579,28.3993],[-92.665,28.4014],[-92.535,28.3943],[-92.463,28.3842],[-92.4489,28.3712],[-92.4436,28.3515],[-92.447,28.3251],[-92.4441,28.308],[-92.4347,28.3002],[-92.405,28.3151],[-92.355,28.3526],[-92.3057,28.3697],[-92.2572,28.3664],[-92.2222,28.3559],[-92.2006,28.3383],[-92.2101,28.3207],[-92.2506,28.303],[-92.2907,28.2663],[-92.3302,28.2104],[-92.4,28.1748],[-92.5,28.1595],[-92.58,28.157],[-92.64,28.1673],[-92.685,28.1831],[-92.715,28.2044],[-92.79,28.2112],[-92.91,28.2035],[-92.984,28.2101],[-93.0121,28.231],[-93.0252,28.2458]]]}},{"type":"Feature","properties":{"c":"#00cc00","v0":1.0,"v1":2.0},"geometry":{"type":"Polygon","coordinates":[[[-81.7735,28.3196],[-81.7578,28.335],[-81.7445,28.3394],[-81.7336,28.3328],[-81.7286,28.3186],[-81.7295,28.2967],[-81.74,28.2868],[-81.76,28.2887],[-81.7728,28.2952],[-81.7785,28.3063],[-81.7735,28.3196]]]}},{"type":"Feature","properties":{"c":"#00cc00","v0":1.0,"v1":2.0},"geometry":{"type":"Polygon","coordinates":[[[-96.5698,25.6204],[-96.5479,25.7646],[-96.5222,25.8636],[-96.4928,25.9176],[-96.4784,25.958],[-96.4791,25.985],[-96.4974,26.0165],[-96.5334,26.0524],[-96.5316,26.1108],[-96.492,26.1916],[-96.4834,26.2499],[-96.5058,26.2858],[-96.5102,26.3123],[-96.4967,26.3296],[-96.465,26.3464],[-96.415,26.3629],[-96.36,26.394],[-96.3,26.4397],[-96.2663,26.49],[-96.2588,26.5449],[-96.2287,26.5902],[-96.176,26.626],[-96.1447,26.6662],[-96.1349,26.7109],[-96.1024,26.76],[-96.0472,26.8136],[-96.0217,26.8493],[-96.0259,26.8671],[-96.0435,26.8886],[-96.0745,26.9138],[-96.115,26.9229],[-96.165,26.9159],[-96.2,26.9045],[-96.22,26.8887],[-96.2339,26.8618],[-96.2416,26.8237],[-96.2616,26.7994],[-96.2939,26.789],[-96.3158,26.7934],[-96.3273,26.8128],[-96.3226,26.8404],[-96.3017,26.8761],[-96.2143,26.9608],[-96.0606,27.0944],[-95.9356,27.1879],[-95.8394,27.2412],[-95.7821,27.2857],[-95.7638,27.3212],[-95.7435,27.3433],[-95.7212,27.352],[-95.685,27.3597],[-95.635,27.3666],[-95.58,27.3548],[-95.52,27.3244],[-95.445,27.3154],[-95.355,27.3279],[-95.2954,27.3132],[-95.2663,27.2711],[-95.2213,27.2256],[-95.1604,27.1766],[-95.125,27.1521],[-95.115,27.1521],[-95.1008,27.1721],[-95.0823,27.2123],[-95.0378,27.2501],[-94.9672,27.2857],[-94.9264,27.3301],[-94.9155,27.3834],[-94.8953,27.4233],[-94.866,27.45],[-94.876,27.4702],[-94.9253,27.4841],[-94.9609,27.4797],[-94.9827,27.4569],[-95.0061,27.4455],[-95.0312,27.4455],[-95.0289,27.4633],[-94.9992,27.4988],[-94.9848,27.5298],[-94.9859,27.5564],[-94.9923,27.5726],[-95.0041,27.5783],[-95.025,27.5809],[-95.055,27.5806],[-95.085,27.5662],[-95.115,27.5378],[-95.165,27.5234],[-95.235,27.5232],[-95.32,27.5043],[-95.42,27.4668],[-95.49,27.4468],[-95.53,27.4443],[-95.555,27.4475],[-95.565,27.4561],[-95.5686,27.4789],[-95.5659,27.5158],[-95.5464,27.5742],[-95.5103,27.6539],[-95.4517,27.7434],[-95.3706,27.8425],[-95.2901,27.9221],[-95.2102,27.9821],[-95.1502,28.0153],[-95.1101,28.0217],[-95.07,28.0179],[-95.03,28.0038],[-94.905,28.0295],[-94.695,28.0949],[-94.555,28.1276],[-94.485,28.1276],[-94.415,28.1497],[-94.345,28.1941],[-94.275,28.2251],[-94.205,28.2427],[-94.12,28.2481],[-94.02,28.2412],[-93.925,28.2442],[-93.835,28.2571],[-93.7821,28.258],[-93.7663,28.2469],[-93.7663,28.2234],[-93.7821,28.1875],[-93.77,28.1846],[-93.73,28.2149],[-93.6495,28.2417],[-93.5286,28.265],[-93.4639,28.2678],[-93.4555,28.2502],[-93.4716,28.1973],[-93.5122,28.1092],[-93.5119,28.0562],[-93.4709,28.0386],[-93.4583,28.0165],[-93.4744,27.99],[-93.5343,27.9575],[-93.6381,27.9189],[-93.74,27.8927],[-93.84,27.8788],[-93.9053,27.854],[-93.9359,27.818],[-93.8909,27.7911],[-93.7703,27.7734],[-93.6937,27.7468],[-93.6611,27.7115],[-93.6472,27.6849],[-93.6519,27.6672],[-93.6632,27.6553],[-93.6811,27.6493],[-93.745,27.6488],[-93.855,27.6539],[-93.9219,27.648],[-93.9457,27.6313],[-93.9457,27.6129],[-93.9219,27.5929],[-93.875,27.589],[-93.805,27.6011],[-93.745,27.6046],[-93.695,27.5994],[-93.635,27.6223],[-93.565,27.673],[-93.49,27.7033],[-93.41,27.713],[-93.364,27.703],[-93.3521,27.6732],[-93.3465,27.6229],[-93.3472,27.552],[-93.3882,27.4796],[-93.4694,27.4058],[-93.525,27.3443],[-93.555,27.2953],[-93.615,27.2553],[-93.705,27.2242],[-93.7631,27.2102],[-93.7892,27.2131],[-93.8142,27.2249],[-93.8381,27.2457],[-93.86,27.2551],[-93.88,27.2529],[-93.9336,27.2336],[-94.0207,27.1972],[-94.0807,27.1591],[-94.1136,27.1194],[-94.15,27.1007],[-94.19,27.103],[-94.27,27.0931],[-94.39,27.0712],[-94.46,27.0662],[-94.48,27.078],[-94.49,27.0988],[-94.49,27.1285],[-94.5025,27.1612],[-94.5276,27.1967],[-94.5326,27.223],[-94.5175,27.2398],[-94.485,27.2469],[-94.435,27.2443],[-94.395,27.2491],[-94.365,27.2614],[-94.3448,27.2765],[-94.3345,27.2945],[-94.3319,27.3123],[-94.337,27.3301],[-94.3772,27.3374],[-94.4524,27.3341],[-94.545,27.3407],[-94.655,27.3571],[-94.72,27.3611],[-94.74,27.3527],[-94.7618,27.3194],[-94.7855,27.2614],[-94.8181,27.2101],[-94.8594,27.1656],[-94.8826,27.1123],[-94.8875,27.0501],[-94.9,27.0101],[-94.92,26.9922],[-94.945,26.9874],[-94.975,26.9958],[-95.02,27.0304],[-95.08,27.0912],[-95.165,27.1181],[-95.275,27.111],[-95.36,27.0749],[-95.42,27.0098],[-95.4854,26.9698],[-95.5563,26.9549],[-95.5795,26.934],[-95.555,26.9073],[-95.5424,26.8805],[-95.5417,26.8538],[-95.5459,26.8315],[-95.5551,26.8136],[-95.5823,26.7977],[-95.6274,26.7838],[-95.6554,26.7704],[-95.6662,26.7575],[-95.6674,26.7064],[-95.6588,26.6171],[-95.6684,26.571],[-95.6961,26.5684],[-95.7163,26.5818],[-95.7289,26.6113],[-95.7439,26.6292],[-95.7613,26.6357],[-95.8,26.6153],[-95.86,26.5681],[-95.8969,26.5246],[-95.9107,26.4849],[-95.9106,26.4471],[-95.8964,26.4112],[-95.896,26.3799],[-95.9093,26.353],[-95.9152,26.3172],[-95.9137,26.2723],[-95.9382,26.2185],[-95.9887,26.1557],[-96.033,26.1098],[-96.071,26.0808],[-96.1055,26.0359],[-96.1365,25.975],[-96.1639,25.9356],[-96.1879,25.9176],[-96.2024,25.8939],[-96.2075,25.8646],[-96.2274,25.8421],[-96.2622,25.8264],[-96.2766,25.7916],[-96.2708,25.7375],[-96.3045,25.6699],[-96.3777,25.5888],[-96.4233,25.528],[-96.4411,25.4877],[-96.465,25.4609],[-96.495,25.4477],[-96.52,25.4429],[-96.54,25.4465],[-96.5577,25.4733],[-96.573,25.5232],[-96.5698,25.6204]],[[-94.1955,27.3034],[-94.1441,27.3745],[-94.1036,27.4189],[-94.0737,27.4367],[-94.0266,27.4544],[-93.9622,27.4721],[-93.895,27.4756],[-93.825,27.4648],[-93.7736,27.4737],[-93.7409,27.5022],[-93.6961,27.5254],[-93.6393,27.5431],[-93.5857,27.5782],[-93.5352,27.6307],[-93.4942,27.6529],[-93.4627,27.6447],[-93.4483,27.6185],[-93.4511,27.5742],[-93.4819,27.5368],[-93.5406,27.5065],[-93.5727,27.4666],[-93.5781,27.417],[-93.5931,27.3815],[-93.6177,27.3601],[-93.665,27.3541],[-93.735,27.3637],[-93.8,27.3664],[-93.86,27.3622],[-93.9159,27.337],[-93.9676,27.2909],[-94.0176,27.2584],[-94.0659,27.2395],[-94.115,27.2295],[-94.165,27.2286],[-94.1978,27.238],[-94.2133,27.2579],[-94.1955,27.3034]],[[-96.5034,25.8006],[-96.4928,25.8366],[-96.4553,25.8951],[-96.3909,25.976],[-96.3615,26.0325],[-96.3672,26.0644],[-96.3909,26.0914],[-96.4326,26.1133],[-96.4204,26.1871],[-96.3544,26.3127],[-96.2946,26.3844],[-96.2409,26.4023],[-96.2032,26.4426],[-96.1814,26.5053],[-96.1354,26.5746],[-96.0651,26.6506],[-95.995,26.7029],[-95.925,26.7316],[-95.87,26.7457],[-95.83,26.7451],[-95.8061,26.7374],[-95.7982,26.7227],[-95.8375,26.6618],[-95.9237,26.5545],[-95.9727,26.4737],[-95.9842,26.4194],[-96.0,26.3888],[-96.02,26.382],[-96.045,26.3991],[-96.075,26.4401],[-96.1096,26.4393],[-96.1489,26.3967],[-96.1612,26.3575],[-96.1465,26.3216],[-96.1145,26.2903],[-96.0655,26.2634],[-96.0379,26.232],[-96.0319,26.1961],[-96.0892,26.1179],[-96.2097,25.9974],[-96.2914,25.9029],[-96.3343,25.8347],[-96.3587,25.7736],[-96.3648,25.7195],[-96.3784,25.6853],[-96.3995,25.6709],[-96.42,25.6654],[-96.44,25.6689],[-96.4647,25.6987],[-96.494,25.7546],[-96.5034,25.8006]],[[-95.8157,27.1723],[-95.7852,27.1944],[-95.7606,27.2033],[-95.7419,27.1989],[-95.7369,27.1893],[-95.7456,27.1745],[-95.7702,27.1656],[-95.8107,27.1626],[-95.8157,27.1723]],[[-95.339,27.7653],[-95.3063,27.8022],[-95.27,27.8265],[-95.23,27.8383],[-95.185,27.8626],[-95.135,27.8997],[-95.09,27.922],[-95.05,27.9296],[-95.0013,27.931],[-94.944,27.9262],[-94.909,27.9105],[-94.8963,27.884],[-94.9,27.8622],[-94.92,27.8451],[-94.9707,27.823],[-95.0522,27.7958],[-95.0988,27.7779],[-95.1106,27.769],[-95.1099,27.7631],[-95.0966,27.7603],[-95.06,27.7603],[-95.0,27.7631],[-94.95,27.7762],[-94.91,27.7995],[-94.87,27.8112],[-94.83,27.8113],[-94.7923,27.8217],[-94.7569,27.8426],[-94.7345,27.8663],[-94.7249,27.8928],[-94.7076,27.9148],[-94.6825,27.9322],[-94.62,27.955],[-94.52,27.983],[-94.46,27.9968],[-94.44,27.9964],[-94.405,27.9755],[-94.355,27.9342],[-94.3,27.9143],[-94.24,27.916],[-94.2039,27.9097],[-94.1918,27.8955],[-94.1968,27.877],[-94.2189,27.8541],[-94.365,27.8185],[-94.635,27.7704],[-94.83,27.7175],[-94.95,27.6598],[-95.0441,27.6378],[-95.1124,27.6515],[-95.1524,27.6748],[-95.1641,27.7077],[-95.205,27.7223],[-95.275,27.7188],[-95.3213,27.7244],[-95.344,27.7394],[-95.339,27.7653]],[[-94.3598,28.0959],[-94.3097,28.1577],[-94.256,28.1974],[-94.1987,28.2152],[-94.15,28.2163],[-94.11,28.2007],[-94.05,28.1902],[-93.97,28.1847],[-93.9161,28.1615],[-93.8883,28.1207],[-93.8883,28.0762],[-93.9161,28.0279],[-93.97,27.9846],[-94.05,27.9464],[-94.115,27.9275],[-94.165,27.9282],[-94.1935,27.9406],[-94.2004,27.9647],[-94.1954,27.993],[-94.1785,28.0256],[-94.22,28.0429],[-94.32,28.0451],[-94.3737,28.0509],[-94.3811,28.0603],[-94.3598,28.0959]],[[-93.8286,27.9679],[-93.8196,27.9856],[-93.7888,28.0103],[-93.7363,28.042],[-93.705,28.0578],[-93.695,28.0577],[-93.6797,28.0374],[-93.659,27.997],[-93.669,27.9789],[-93.7097,27.9832],[-93.745,27.9763],[-93.775,27.9581],[-93.8008,27.9515],[-93.8224,27.9566],[-93.8286,27.9679]],[[-95.8197,26.955],[-95.7866,27.0058],[-95.76,27.0209],[-95.74,27.0003],[-95.7296,26.9704],[-95.7288,26.9313],[-95.7181,26.8939],[-95.6975,26.8582],[-95.6978,26.8248],[-95.7193,26.7935],[-95.74,26.7755],[-95.76,26.7707],[-95.7743,26.7729],[-95.783,26.7822],[-95.7869,26.8091],[-95.7861,26.8538],[-95.7984,26.8894],[-95.8236,26.9162],[-95.8197,26.955]],[[-94.6658,27.6672],[-94.6464,27.6849],[-94.5561,27.7115],[-94.3947,27.7469],[-94.273,27.7796],[-94.191,27.8095],[-94.1452,27.8095],[-94.1355,27.7796],[-94.1155,27.7568],[-94.0852,27.7413],[-94.045,27.7284],[-93.995,27.7184],[-93.945,27.7238],[-93.895,27.7447],[-93.8564,27.7487],[-93.8291,27.7357],[-93.8291,27.7222],[-93.8564,27.7083],[-93.915,27.7003],[-94.005,27.6981],[-94.11,27.6627],[-94.23,27.594],[-94.31,27.5672],[-94.35,27.5822],[-94.415,27.5943],[-94.505,27.6036],[-94.5814,27.6208],[-94.6441,27.6458],[-94.6658,27.6672]],[[-94.1239,27.8565],[-94.1013,27.8988],[-94.0763,27.9165],[-94.049,27.9095],[-94.0348,27.8972],[-94.0337,27.8796],[-94.0587,27.8619],[-94.1097,27.8442],[-94.1239,27.8565]],[[-94.3636,27.481],[-94.3297,27.481],[-94.3221,27.4764],[-94.3407,27.467],[-94.3576,27.467],[-94.3729,27.4764],[-94.3636,27.481]],[[-94.2263,27.5072],[-94.2021,27.524],[-94.18,27.5296],[-94.16,27.524],[-94.16,27.5121],[-94.18,27.4938],[-94.2021,27.4882],[-94.2263,27.4952],[-94.2263,27.5072]],[[-94.2284,27.1826],[-94.2161,27.1899],[-94.208,27.1899],[-94.2041,27.1826],[-94.2103,27.179],[-94.2265,27.179],[-94.2284,27.1826]]]}},{"type":"Feature","properties":{"c":"#00cc00","v0":1.0,"v1":2.0},"geometry":{"type":"Polygon","coordinates":[[[-94.611,28.2273],[-94.597,28.2344],[-94.5873,28.2344],[-94.582,28.2273],[-94.589,28.2238],[-94.6083,28.2238],[-94.611,28.2273]]]}},{"type":"Feature","properties":{"c":"#00cc00","v0":1.0,"v1":2.0},"geometry":{"type":"Polygon","coordinates":[[[-79.4895,28.1568],[-79.4765,28.1639],[-79.4631,28.1639],[-79.4493,28.1568],[-79.4493,28.1464],[-79.4631,28.1327],[-79.4765,28.1327],[-79.4895,28.1464],[-79.4895,28.1568]]]}},{"type":"Feature","properties":{"c":"#00cc00","v0":1.0,"v1":2.0},"geometry":{"type":"Polygon","coordinates":[[[-92.7135,28.0562],[-92.7007,28.0739],[-92.6782,28.0896],[-92.6461,28.1034],[-92.61,28.1101],[-92.57,28.1099],[-92.5397,28.103],[-92.5191,28.0895],[-92.5147,28.0695],[-92.5265,28.043],[-92.5418,28.0241],[-92.5606,28.0129],[-92.6075,28.0173],[-92.6824,28.0374],[-92.7135,28.0562]]]}},{"type":"Feature","properties":{"c":"#00cc00","v0":1.0,"v1":2.0},"geometry":{"type":"Polygon","coordinates":[[[-79.8971,28.0005],[-79.879,28.0128],[-79.8571,28.0128],[-79.8313,28.0005],[-79.8313,27.9841],[-79.8571,27.9635],[-79.879,27.9635],[-79.8971,27.9841],[-79.8971,28.0005]]]}},{"type":"Feature","properties":{"c":"#00cc00","v0":1.0,"v1":2.0},"geometry":{"type":"Polygon","coordinates":[[[-93.3634,27.9831],[-93.3411,27.9957],[-93.3184,27.9957],[-93.2953,27.9831],[-93.2953,27.9686],[-93.3184,27.9522],[-93.3411,27.9522],[-93.3634,27.9686],[-93.3634,27.9831]]]}},{"type":"Feature","properties":{"c":"#00cc00","v0":1.0,"v1":2.0},"geometry":{"type":"Polygon","coordinates":[[[-97.4928,26.0255],[-97.4058,26.3665],[-97.3469,26.5679],[-97.3161,26.6305],[-97.2231,26.7537],[-97.0677,26.9374],[-96.985,27.0318],[-96.975,27.0371],[-96.9654,27.0345],[-96.9561,27.024],[-96.9511,26.9941],[-96.9504,26.9449],[-96.93,26.9321],[-96.89,26.9558],[-96.8491,26.9982],[-96.8073,27.0594],[-96.7827,27.1167],[-96.7753,27.1701],[-96.7462,27.2245],[-96.6954,27.28],[-96.6148,27.3955],[-96.5045,27.5708],[-96.3845,27.7086],[-96.2548,27.809],[-96.15,27.885],[-96.07,27.9365],[-96.02,27.9636],[-96.0,27.9664],[-95.9797,27.9346],[-95.959,27.8685],[-95.9695,27.8044],[-96.0112,27.7425],[-96.0371,27.6938],[-96.0472,27.6583],[-96.0266,27.6407],[-95.9755,27.6408],[-95.9456,27.6319],[-95.9367,27.6141],[-95.9641,27.5697],[-96.0278,27.4988],[-96.0772,27.4277],[-96.1124,27.3564],[-96.1916,27.2764],[-96.3148,27.1877],[-96.3798,27.1317],[-96.3866,27.1083],[-96.375,27.0866],[-96.345,27.0664],[-96.3285,27.0469],[-96.3254,27.0281],[-96.3628,26.9474],[-96.4405,26.8047],[-96.5031,26.702],[-96.5505,26.6394],[-96.5681,26.5996],[-96.556,26.5827],[-96.5144,26.5827],[-96.4433,26.5996],[-96.4015,26.5992],[-96.3892,26.5813],[-96.3848,26.5587],[-96.3883,26.5313],[-96.41,26.5022],[-96.45,26.4713],[-96.5,26.4531],[-96.56,26.4475],[-96.6093,26.405],[-96.6478,26.3255],[-96.6928,26.2688],[-96.7443,26.2349],[-96.8568,26.1182],[-97.0304,25.9185],[-97.1154,25.8109],[-97.1118,25.7956],[-97.095,25.7938],[-97.065,25.8055],[-97.0388,25.8086],[-97.0165,25.8033],[-97.0212,25.7555],[-97.0529,25.6654],[-97.0793,25.6068],[-97.1002,25.5798],[-97.1081,25.5301],[-97.1027,25.4579],[-97.1053,25.4083],[-97.1158,25.3812],[-97.1333,25.3533],[-97.1578,25.3246],[-97.19,25.3007],[-97.23,25.2815],[-97.2538,25.3139],[-97.2613,25.3979],[-97.2409,25.4805],[-97.1927,25.5617],[-97.1722,25.6113],[-97.1794,25.6294],[-97.1898,25.6394],[-97.2033,25.6415],[-97.23,25.6227],[-97.27,25.583],[-97.3004,25.5639],[-97.3212,25.5655],[-97.3212,25.662],[-97.3004,25.8532],[-97.31,25.9399],[-97.35,25.9223],[-97.405,25.8825],[-97.475,25.8204],[-97.5166,25.8057],[-97.5298,25.8383],[-97.4928,26.0255]],[[-97.4624,25.949],[-97.4469,25.958],[-97.4418,25.9539],[-97.4473,25.9368],[-97.455,25.9323],[-97.4651,25.9405],[-97.4624,25.949]],[[-97.4086,26.2215],[-97.3295,26.4872],[-97.26,26.6409],[-97.2,26.6831],[-97.145,26.7427],[-97.095,26.8199],[-97.0561,26.8405],[-97.0282,26.8047],[-97.0309,26.7288],[-97.0643,26.6126],[-97.1101,26.5097],[-97.1683,26.4202],[-97.2294,26.3082],[-97.2932,26.1736],[-97.3463,26.0921],[-97.3888,26.0638],[-97.4167,26.0503],[-97.43,26.0517],[-97.4395,26.0614],[-97.4453,26.0794],[-97.4086,26.2215]],[[-96.9873,26.456],[-96.9744,26.5097],[-96.9384,26.5786],[-96.8795,26.6625],[-96.8396,26.7429],[-96.8188,26.8198],[-96.7888,26.8897],[-96.7496,26.9527],[-96.725,26.9873],[-96.715,26.9935],[-96.68,26.9835],[-96.62,26.9573],[-96.5514,26.945],[-96.4741,26.9466],[-96.4741,26.8866],[-96.5514,26.7648],[-96.64,26.6452],[-96.74,26.5277],[-96.8012,26.4277],[-96.8235,26.3451],[-96.8535,26.2655],[-96.8912,26.1889],[-96.9157,26.1485],[-96.9272,26.1443],[-96.9353,26.1557],[-96.9401,26.1826],[-96.9382,26.232],[-96.9295,26.3037],[-96.9423,26.362],[-96.9766,26.4068],[-96.9873,26.456]],[[-96.5695,27.2323],[-96.5283,27.2679],[-96.5142,27.2723],[-96.527,27.2457],[-96.5426,27.2258],[-96.5609,27.2127],[-96.575,27.2082],[-96.5851,27.2124],[-96.5695,27.2323]],[[-96.3273,27.7011],[-96.2224,27.7866],[-96.1517,27.8308],[-96.1151,27.8338],[-96.1422,27.7911],[-96.233,27.7026],[-96.2963,27.6517],[-96.3321,27.6385],[-96.3574,27.6385],[-96.3723,27.6517],[-96.3273,27.7011]],[[-97.1523,26.0839],[-97.1119,26.1467],[-97.0763,26.1867],[-97.0454,26.2038],[-97.0261,26.2038],[-97.0184,26.1867],[-97.0282,26.1557],[-97.0554,26.1108],[-97.0892,26.0745],[-97.1297,26.0467],[-97.1556,26.0377],[-97.1669,26.0475],[-97.1523,26.0839]],[[-96.2405,27.5874],[-96.2202,27.6229],[-96.1844,27.6583],[-96.133,27.6938],[-96.1055,27.6982],[-96.1019,27.6716],[-96.1076,27.634],[-96.1225,27.5854],[-96.15,27.5543],[-96.19,27.5409],[-96.2201,27.5431],[-96.2404,27.5608],[-96.2405,27.5874]],[[-97.2587,25.8366],[-97.2283,25.9086],[-97.1823,25.9575],[-97.1208,25.9835],[-97.088,25.988],[-97.0839,25.971],[-97.0994,25.9445],[-97.1344,25.9086],[-97.1695,25.8591],[-97.2046,25.7961],[-97.2291,25.7612],[-97.243,25.7544],[-97.256,25.7634],[-97.2679,25.7882],[-97.2587,25.8366]],[[-96.1939,27.4222],[-96.178,27.4467],[-96.16,27.4614],[-96.14,27.4664],[-96.135,27.4564],[-96.145,27.4314],[-96.163,27.4167],[-96.1889,27.4122],[-96.1939,27.4222]]]}},{"type":"Feature","properties":{"c":"#00cc00","v0":1.0,"v1":2.0},"geometry":{"type":"Polygon","coordinates":[[[-79.7436,27.872],[-79.7212,27.8745],[-79.703,27.8701],[-79.6891,27.8587],[-79.6904,27.8486],[-79.7069,27.8398],[-79.7251,27.8442],[-79.7449,27.8619],[-79.7436,27.872]]]}},{"type":"Feature","properties":{"c":"#00cc00","v0":1.0,"v1":2.0},"geometry":{"type":"Polygon","coordinates":[[[-81.7429,27.6538],[-81.721,27.6801],[-81.691,27.6801],[-81.653,27.6538],[-81.643,27.6301],[-81.661,27.6092],[-81.68,27.5966],[-81.7,27.5924],[-81.721,27.6029],[-81.7429,27.628],[-81.7429,27.6538]]]}},{"type":"Feature","properties":{"c":"#00cc00","v0":1.0,"v1":2.0},"geometry":{"type":"Polygon","coordinates":[[[-79.3893,27.6308],[-79.3764,27.6467],[-79.3694,27.6467],[-79.3681,27.6308],[-79.3745,27.6229],[-79.3887,27.6229],[-79.3893,27.6308]]]}},{"type":"Feature","properties":{"c":"#00cc00","v0":1.0,"v1":2.0},"geometry":{"type":"Polygon","coordinates":[[[-84.1709,27.5934],[-84.157,27.6053],[-84.1286,27.6142],[-84.0857,27.62],[-84.065,27.614],[-84.0665,27.5963],[-84.0829,27.5789],[-84.1143,27.5618],[-84.14,27.5554],[-84.16,27.5598],[-84.172,27.5683],[-84.1759,27.5811],[-84.1709,27.5934]]]}},{"type":"Feature","properties":{"c":"#00cc00","v0":1.0,"v1":2.0},"geometry":{"type":"Polygon","coordinates":[[[-81.5586,27.5115],[-81.4995,27.5725],[-81.4524,27.5947],[-81.4173,27.578],[-81.399,27.5609],[-81.3976,27.5431],[-81.4202,27.498],[-81.4667,27.4255],[-81.5,27.3934],[-81.52,27.4016],[-81.5445,27.4246],[-81.5736,27.4622],[-81.5586,27.5115]]]}},{"type":"Feature","properties":{"c":"#00cc00","v0":1.0,"v1":2.0},"geometry":{"type":"Polygon","coordinates":[[[-80.914,27.5282],[-80.8847,27.5515],[-80.8559,27.5559],[-80.8276,27.5415],[-80.8176,27.5267],[-80.8259,27.5116],[-80.84,27.5011],[-80.86,27.4951],[-80.88,27.4925],[-80.9,27.4931],[-80.9147,27.4992],[-80.924,27.5107],[-80.914,27.5282]]]}},{"type":"Feature","properties":{"c":"#00cc00","v0":1.0,"v1":2.0},"geometry":{"type":"Polygon","coordinates":[[[-80.1153,27.4203],[-80.0984,27.4408],[-80.08,27.4477],[-80.06,27.4408],[-80.0385,27.4172],[-80.0154,27.3769],[-80.0057,27.3479],[-80.0095,27.3301],[-80.0161,27.3179],[-80.0254,27.3112],[-80.0407,27.3112],[-80.062,27.3179],[-80.0854,27.3434],[-80.111,27.3878],[-80.1153,27.4203]]]}},{"type":"Feature","properties":{"c":"#00cc00","v0":1.0,"v1":2.0},"geometry":{"type":"Polygon","coordinates":[[[-81.6287,26.9162],[-81.6138,26.9608],[-81.5873,27.0096],[-81.5491,27.0627],[-81.5212,27.085],[-81.5037,27.0764],[-81.4869,27.0543],[-81.4708,27.0187],[-81.4396,26.9927],[-81.3932,26.9762],[-81.3597,26.9717],[-81.3392,26.9793],[-81.3207,27.0009],[-81.3041,27.0365],[-81.3047,27.0677],[-81.3225,27.0944],[-81.341,27.1132],[-81.3603,27.124],[-81.3922,27.124],[-81.4367,27.1132],[-81.4632,27.1167],[-81.4717,27.1345],[-81.4437,27.2012],[-81.3791,27.3168],[-81.3276,27.3905],[-81.2892,27.4224],[-81.2217,27.4136],[-81.1252,27.3638],[-81.0811,27.3257],[-81.0894,27.299],[-81.1076,27.2745],[-81.1359,27.2521],[-81.1617,27.221],[-81.1851,27.1811],[-81.1951,27.1513],[-81.1917,27.1316],[-81.18,27.1124],[-81.16,27.0936],[-81.135,27.0816],[-81.105,27.0764],[-81.0756,27.0823],[-81.0467,27.0993],[-81.0301,27.1256],[-81.0258,27.1612],[-81.0103,27.1928],[-80.9834,27.2206],[-80.955,27.2353],[-80.925,27.2369],[-80.9002,27.2275],[-80.8806,27.207],[-80.8683,27.1834],[-80.8633,27.1567],[-80.8769,27.1167],[-80.9091,27.0632],[-80.9282,27.0187],[-80.9341,26.9831],[-80.9325,26.9519],[-80.9234,26.9251],[-80.9249,26.9028],[-80.9369,26.885],[-80.9146,26.8843],[-80.8582,26.9008],[-80.805,26.9037],[-80.755,26.8931],[-80.7059,26.8938],[-80.6577,26.9057],[-80.6127,26.9325],[-80.5709,26.974],[-80.535,27.0016],[-80.505,27.0153],[-80.4842,27.0213],[-80.4726,27.0196],[-80.4642,27.0009],[-80.459,26.9652],[-80.4649,26.9207],[-80.4817,26.8671],[-80.5151,26.8104],[-80.565,26.7505],[-80.6207,26.7147],[-80.6822,26.7033],[-80.7372,26.6765],[-80.7857,26.6343],[-80.8211,26.6254],[-80.8434,26.6496],[-80.8635,26.6618],[-80.8816,26.6618],[-80.8955,26.6431],[-80.9052,26.6059],[-80.885,26.5836],[-80.835,26.5764],[-80.7977,26.5414],[-80.7731,26.4785],[-80.7377,26.4247],[-80.6914,26.3799],[-80.6768,26.3485],[-80.6937,26.3306],[-80.7141,26.3187],[-80.738,26.3129],[-80.7629,26.3129],[-80.7886,26.3187],[-80.8236,26.3471],[-80.8679,26.3981],[-80.92,26.4351],[-80.98,26.458],[-81.03,26.4657],[-81.07,26.4584],[-81.099,26.4618],[-81.1171,26.4758],[-81.1215,26.5053],[-81.1122,26.55],[-81.1107,26.6081],[-81.1172,26.6796],[-81.1393,26.7332],[-81.177,26.769],[-81.1844,26.8106],[-81.1615,26.858],[-81.1327,26.8982],[-81.0982,26.931],[-81.0808,26.9563],[-81.0804,26.9741],[-81.0927,26.9827],[-81.1176,26.9819],[-81.145,26.9671],[-81.175,26.9384],[-81.25,26.8886],[-81.37,26.8179],[-81.475,26.7963],[-81.565,26.8238],[-81.6165,26.8517],[-81.6296,26.8798],[-81.6287,26.9162]],[[-81.0522,26.7092],[-81.0374,26.7327],[-81.009,26.7505],[-80.9671,26.7628],[-80.9571,26.7618],[-80.979,26.7476],[-80.9952,26.7252],[-81.0056,26.6948],[-81.0061,26.6662],[-80.9967,26.6394],[-81.0015,26.6136],[-81.0205,26.5887],[-81.035,26.5809],[-81.045,26.5902],[-81.0524,26.6206],[-81.0572,26.6719],[-81.0522,26.7092]],[[-80.9646,27.1359],[-80.9549,27.1565],[-80.9419,27.161],[-80.9256,27.1492],[-80.9206,27.1332],[-80.9269,27.1127],[-80.9399,27.1083],[-80.9596,27.1198],[-80.9646,27.1359]],[[-80.7231,26.7885],[-80.6744,26.8277],[-80.6384,26.8456],[-80.6151,26.8421],[-80.6051,26.8218],[-80.6084,26.7848],[-80.635,26.7619],[-80.685,26.7534],[-80.7194,26.754],[-80.7381,26.764],[-80.7231,26.7885]],[[-81.466,26.9039],[-81.4553,26.9238],[-81.44,26.9334],[-81.42,26.9327],[-81.405,26.9155],[-81.395,26.8817],[-81.4,26.8617],[-81.42,26.8556],[-81.4403,26.8629],[-81.461,26.8836],[-81.466,26.9039]],[[-81.3139,27.2815],[-81.298,27.3087],[-81.28,27.323],[-81.26,27.3244],[-81.255,27.3136],[-81.265,27.2906],[-81.283,27.2763],[-81.3089,27.2707],[-81.3139,27.2815]]]}},{"type":"Feature","properties":{"c":"#00cc00","v0":1.0,"v1":2.0},"geometry":{"type":"Polygon","coordinates":[[[-81.9611,27.382],[-81.9537,27.397],[-81.9398,27.4059],[-81.9195,27.4087],[-81.8985,27.3923],[-81.8769,27.3567],[-81.8461,27.3301],[-81.8061,27.3123],[-81.7871,27.2911],[-81.789,27.2664],[-81.82,27.2588],[-81.88,27.2682],[-81.9209,27.285],[-81.9428,27.3092],[-81.9565,27.3345],[-81.9621,27.3612],[-81.9611,27.382]]]}},{"type":"Feature","properties":{"c":"#00cc00","v0":1.0,"v1":2.0},"geometry":{"type":"Polygon","coordinates":[[[-80.4622,27.339],[-80.4491,27.3745],[-80.4295,27.3984],[-80.4032,27.4107],[-80.365,27.409],[-80.315,27.3933],[-80.2831,27.3783],[-80.2692,27.3639],[-80.2681,27.3301],[-80.2798,27.2768],[-80.3017,27.2352],[-80.3339,27.2054],[-80.37,27.1991],[-80.41,27.2161],[-80.4397,27.2488],[-80.459,27.2971],[-80.4622,27.339]],[[-80.4007,27.3308],[-80.3936,27.35],[-80.375,27.358],[-80.345,27.3547],[-80.325,27.3451],[-80.315,27.3292],[-80.315,27.3063],[-80.325,27.2763],[-80.345,27.2606],[-80.375,27.2592],[-80.3936,27.2741],[-80.4007,27.3055],[-80.4007,27.3308]]]}},{"type":"Feature","properties":{"c":"#00cc00","v0":1.0,"v1":2.0},"geometry":{"type":"Polygon","coordinates":[[[-84.9082,27.222],[-84.8827,27.237],[-84.85,27.2458],[-84.81,27.2485],[-84.7874,27.2454],[-84.7823,27.2367],[-84.7973,27.2227],[-84.8324,27.2035],[-84.8677,27.1991],[-84.9032,27.2094],[-84.9082,27.222]]]}},{"type":"Feature","properties":{"c":"#00cc00","v0":1.0,"v1":2.0},"geometry":{"type":"Polygon","coordinates":[[[-79.9989,27.2245],[-79.9796,27.2445],[-79.9542,27.2445],[-79.9226,27.2245],[-79.9126,27.2062],[-79.9242,27.1895],[-79.94,27.1792],[-79.96,27.1752],[-79.9796,27.1835],[-79.9989,27.2042],[-79.9989,27.2245]]]}},{"type":"Feature","properties":{"c":"#00cc00","v0":1.0,"v1":2.0},"geometry":{"type":"Polygon","coordinates":[[[-80.3728,27.0766],[-80.3619,27.1211],[-80.3498,27.1471],[-80.3366,27.1546],[-80.31,27.1448],[-80.27,27.1179],[-80.23,27.1126],[-80.19,27.129],[-80.1593,27.1298],[-80.138,27.1151],[-80.125,27.0944],[-80.1203,27.0677],[-80.1318,26.9964],[-80.1594,26.8805],[-80.1874,26.8126],[-80.2158,26.7927],[-80.245,26.7835],[-80.275,26.7851],[-80.2988,26.7995],[-80.3164,26.8267],[-80.3043,26.8582],[-80.2625,26.8939],[-80.2414,26.9251],[-80.241,26.9519],[-80.2681,26.9757],[-80.3227,26.9966],[-80.3571,27.0189],[-80.3712,27.0425],[-80.3728,27.0766]],[[-80.2072,27.0442],[-80.1957,27.0594],[-80.1854,27.0639],[-80.1762,27.0575],[-80.1762,27.0461],[-80.1854,27.0296],[-80.1957,27.0252],[-80.2072,27.0327],[-80.2072,27.0442]]]}},{"type":"Feature","properties":{"c":"#00cc00","v0":1.0,"v1":2.0},"geometry":{"type":"Polygon","coordinates":[[[-84.908,27.1147],[-84.8827,27.1285],[-84.8614,27.1285],[-84.8442,27.1147],[-84.8492,27.1026],[-84.8764,27.0923],[-84.8974,27.0878],[-84.9123,27.0892],[-84.92,27.0944],[-84.9205,27.1033],[-84.908,27.1147]]]}},{"type":"Feature","properties":{"c":"#00cc00","v0":1.0,"v1":2.0},"geometry":{"type":"Polygon","coordinates":[[[-85.0036,27.0612],[-84.9945,27.075],[-84.9793,27.0795],[-84.9578,27.0746],[-84.9528,27.0624],[-84.9643,27.0429],[-84.9795,27.0384],[-84.9986,27.049],[-85.0036,27.0612]]]}},{"type":"Feature","properties":{"c":"#00cc00","v0":1.0,"v1":2.0},"geometry":{"type":"Polygon","coordinates":[[[-83.1723,26.8303],[-83.1574,26.8459],[-83.1347,26.8504],[-83.1042,26.8437],[-83.0992,26.8296],[-83.1197,26.8082],[-83.14,26.7975],[-83.16,26.7977],[-83.1724,26.8039],[-83.1773,26.8163],[-83.1723,26.8303]]]}},{"type":"Feature","properties":{"c":"#00cc00","v0":1.0,"v1":2.0},"geometry":{"type":"Polygon","coordinates":[[[-82.5456,26.7892],[-82.5352,26.7941],[-82.525,26.7885],[-82.515,26.7724],[-82.515,26.7631],[-82.525,26.7605],[-82.5352,26.7661],[-82.5456,26.7799],[-82.5456,26.7892]]]}},{"type":"Feature","properties":{"c":"#00cc00","v0":1.0,"v1":2.0},"geometry":{"type":"Polygon","coordinates":[[[-78.5534,26.7343],[-78.5378,26.7722],[-78.5148,26.7856],[-78.4844,26.7745],[-78.4667,26.76],[-78.4616,26.7422],[-78.4668,26.7229],[-78.4823,26.7023],[-78.5,26.691],[-78.52,26.6889],[-78.5378,26.6948],[-78.5534,26.7085],[-78.5534,26.7343]]]}},{"type":"Feature","properties":{"c":"#00cc00","v0":1.0,"v1":2.0},"geometry":{"type":"Polygon","coordinates":[[[-81.4627,26.7252],[-81.4409,26.7448],[-81.4233,26.7493],[-81.4099,26.7386],[-81.4099,26.724],[-81.4233,26.7054],[-81.4409,26.701],[-81.4627,26.7106],[-81.4627,26.7252]]]}},{"type":"Feature","properties":{"c":"#00cc00","v0":1.0,"v1":2.0},"geometry":{"type":"Polygon","coordinates":[[[-95.4397,26.6851],[-95.4332,26.6961],[-95.4179,26.6961],[-95.3936,26.6851],[-95.3886,26.6725],[-95.4029,26.6583],[-95.4182,26.6583],[-95.4347,26.6725],[-95.4397,26.6851]]]}},{"type":"Feature","properties":{"c":"#00cc00","v0":1.0,"v1":2.0},"geometry":{"type":"Polygon","coordinates":[[[-78.6615,26.6528],[-78.6522,26.6707],[-78.6339,26.6796],[-78.6066,26.6796],[-78.5937,26.6707],[-78.5953,26.6528],[-78.6045,26.637],[-78.6215,26.6231],[-78.639,26.6231],[-78.6571,26.637],[-78.6615,26.6528]]]}},{"type":"Feature","properties":{"c":"#00cc00","v0":1.0,"v1":2.0},"geometry":{"type":"Polygon","coordinates":[[[-97.1916,26.5679],[-97.1872,26.5947],[-97.1762,26.6139],[-97.1587,26.6255],[-97.1489,26.6121],[-97.1467,26.5737],[-97.1517,26.5464],[-97.1639,26.5302],[-97.176,26.5302],[-97.1879,26.5464],[-97.1916,26.5679]]]}},{"type":"Feature","properties":{"c":"#00cc00","v0":1.0,"v1":2.0},"geometry":{"type":"Polygon","coordinates":[[[-80.5195,26.3933],[-80.5119,26.4292],[-80.4936,26.4502],[-80.4645,26.4564],[-80.4355,26.4296],[-80.4064,26.3696],[-80.4014,26.3355],[-80.4205,26.3272],[-80.4533,26.3362],[-80.5,26.3623],[-80.5195,26.3933]]]}},{"type":"Feature","properties":{"c":"#00cc00","v0":1.0,"v1":2.0},"geometry":{"type":"Polygon","coordinates":[[[-95.8345,26.201],[-95.8315,26.211],[-95.8245,26.211],[-95.8134,26.201],[-95.8149,26.1961],[-95.829,26.1961],[-95.8345,26.201]]]}},{"type":"Feature","properties":{"c":"#00cc00","v0":1.0,"v1":2.0},"geometry":{"type":"Polygon","coordinates":[[[-80.7525,26.132],[-80.7375,26.1475],[-80.7248,26.1475],[-80.7145,26.132],[-80.7145,26.1192],[-80.7248,26.1092],[-80.7375,26.1092],[-80.7525,26.1192],[-80.7525,26.132]]]}},{"type":"Feature","properties":{"c":"#00cc00","v0":1.0,"v1":2.0},"geometry":{"type":"Polygon","coordinates":[[[-81.0057,26.1148],[-80.9819,26.1317],[-80.9636,26.1362],[-80.9509,26.1283],[-80.9559,26.1124],[-80.9786,26.0887],[-80.9969,26.0842],[-81.0107,26.0989],[-81.0057,26.1148]]]}},{"type":"Feature","properties":{"c":"#00cc00","v0":1.0,"v1":2.0},"geometry":{"type":"Polygon","coordinates":[[[-95.611,26.0928],[-95.6109,26.1018],[-95.6057,26.105],[-95.5952,26.1025],[-95.5882,26.0935],[-95.5847,26.0781],[-95.59,26.0749],[-95.6041,26.0839],[-95.611,26.0928]]]}},{"type":"Feature","properties":{"c":"#00cc00","v0":1.0,"v1":2.0},"geometry":{"type":"Polygon","coordinates":[[[-95.6322,25.9504],[-95.6307,25.9622],[-95.6025,25.9757],[-95.5476,25.9909],[-95.5326,25.968],[-95.5575,25.907],[-95.5857,25.8935],[-95.6172,25.9275],[-95.6322,25.9504]]]}},{"type":"Feature","properties":{"c":"#00cc00","v0":1.0,"v1":2.0},"geometry":{"type":"Polygon","coordinates":[[[-95.9475,25.3495],[-95.8628,25.4579],[-95.7929,25.5655],[-95.7376,25.6724],[-95.695,25.7447],[-95.665,25.7826],[-95.64,25.8024],[-95.62,25.8041],[-95.6059,25.7949],[-95.5978,25.7747],[-95.5969,25.742],[-95.6033,25.697],[-95.6218,25.6519],[-95.6525,25.6068],[-95.6713,25.5662],[-95.6784,25.5301],[-95.699,25.5023],[-95.733,25.4826],[-95.79,25.4161],[-95.87,25.3026],[-95.925,25.2456],[-95.955,25.2453],[-95.975,25.2577],[-95.9849,25.2828],[-95.9475,25.3495]]]}},{"type":"Feature","properties":{"c":"#00cc00","v0":1.0,"v1":2.0},"geometry":{"type":"Polygon","coordinates":[[[-78.9412,25.5809],[-78.8937,25.6101],[-78.851,25.6191],[-78.8129,25.6079],[-78.8048,25.5843],[-78.8269,25.5482],[-78.8559,25.521],[-78.892,25.5027],[-78.9237,25.5117],[-78.9512,25.5481],[-78.9412,25.5809]]]}},{"type":"Feature","properties":{"c":"#00cc00","v0":1.0,"v1":2.0},"geometry":{"type":"Polygon","coordinates":[[[-96.2914,25.4577],[-96.2771,25.4934],[-96.23,25.5237],[-96.15,25.5485],[-96.0978,25.5577],[-96.0733,25.5514],[-96.061,25.5347],[-96.0608,25.5076],[-96.073,25.484],[-96.0977,25.4639],[-96.145,25.4518],[-96.215,25.4478],[-96.26,25.4389],[-96.28,25.425],[-96.2921,25.4235],[-96.2964,25.4344],[-96.2914,25.4577]]]}},{"type":"Feature","properties":{"c":"#00cc00","v0":1.0,"v1":2.0},"geometry":{"type":"Polygon","coordinates":[[[-96.6722,25.4282],[-96.6707,25.4409],[-96.665,25.4458],[-96.655,25.443],[-96.6557,25.4366],[-96.6672,25.4267],[-96.6722,25.4282]]]}},{"type":"Feature","properties":{"c":"#00cc00","v0":1.0,"v1":2.0},"geometry":{"type":"Polygon","coordinates":[[[-95.6081,25.3573],[-95.596,25.3729],[-95.5867,25.3774],[-95.5802,25.3709],[-95.5802,25.3598],[-95.5867,25.3441],[-95.596,25.3396],[-95.6081,25.3462],[-95.6081,25.3573]]]}},{"type":"Feature","properties":{"c":"#00cc00","v0":1.0,"v1":2.0},"geometry":{"type":"Polygon","coordinates":[[[-97.3902,23.7119],[-97.3797,23.7486],[-97.3594,23.7852],[-97.3293,23.8218],[-97.3192,23.8584],[-97.329,23.8949],[-97.3279,23.9367],[-97.316,23.9836],[-97.305,24.0116],[-97.295,24.0207],[-97.27,24.0235],[-97.23,24.0201],[-97.1943,24.0561],[-97.1628,24.1314],[-97.1529,24.1963],[-97.1646,24.2511],[-97.1753,24.2842],[-97.1851,24.2959],[-97.21,24.3],[-97.25,24.2965],[-97.2719,24.3089],[-97.2757,24.3372],[-97.2707,24.3637],[-97.2569,24.3884],[-97.235,24.4017],[-97.205,24.4036],[-97.16,24.4681],[-97.1,24.5951],[-97.0631,24.75],[-97.0494,24.9326],[-97.0244,25.0537],[-96.9881,25.1136],[-96.96,25.145],[-96.94,25.148],[-96.9239,25.1226],[-96.9117,25.0688],[-96.8967,25.035],[-96.8789,25.0213],[-96.8529,25.0304],[-96.8188,25.0622],[-96.7938,25.1232],[-96.7779,25.2134],[-96.765,25.2604],[-96.755,25.2641],[-96.74,25.2628],[-96.72,25.2566],[-96.6995,25.2595],[-96.6786,25.2713],[-96.6625,25.2546],[-96.6512,25.2094],[-96.6316,25.1797],[-96.6039,25.1656],[-96.56,25.1706],[-96.5,25.1948],[-96.45,25.185],[-96.41,25.1414],[-96.375,25.1188],[-96.345,25.1174],[-96.305,25.1333],[-96.255,25.1666],[-96.217,25.1841],[-96.1911,25.1858],[-96.177,25.1732],[-96.1749,25.146],[-96.1918,25.1234],[-96.2277,25.1053],[-96.2605,25.0781],[-96.2903,25.0418],[-96.3164,25.0205],[-96.3388,25.0139],[-96.37,25.0195],[-96.41,25.0371],[-96.4547,25.0267],[-96.5042,24.9885],[-96.5292,24.9583],[-96.5297,24.9361],[-96.505,24.9285],[-96.455,24.9354],[-96.4172,24.9283],[-96.3917,24.9073],[-96.3911,24.8696],[-96.4153,24.8151],[-96.4168,24.7697],[-96.3955,24.7334],[-96.3971,24.6971],[-96.4216,24.6607],[-96.4268,24.6334],[-96.4126,24.6153],[-96.3917,24.6052],[-96.3639,24.6033],[-96.3417,24.6079],[-96.325,24.6189],[-96.3272,24.6425],[-96.3484,24.6789],[-96.3269,24.7289],[-96.2627,24.7924],[-96.2104,24.8296],[-96.1701,24.8403],[-96.1459,24.8675],[-96.1376,24.9112],[-96.1226,24.9457],[-96.1009,24.9709],[-96.08,24.9862],[-96.06,24.9916],[-96.0407,24.988],[-96.0221,24.9756],[-96.0155,24.9421],[-96.0209,24.8877],[-96.0152,24.8534],[-95.9984,24.8392],[-95.975,24.8335],[-95.945,24.8362],[-95.915,24.864],[-95.885,24.917],[-95.85,24.9368],[-95.81,24.9233],[-95.78,24.9197],[-95.76,24.9261],[-95.7453,24.9438],[-95.7358,24.9729],[-95.7358,25.0101],[-95.7452,25.0554],[-95.7249,25.0989],[-95.675,25.1405],[-95.64,25.1781],[-95.62,25.2115],[-95.575,25.2536],[-95.505,25.3043],[-95.4665,25.3211],[-95.4594,25.3039],[-95.4628,25.2727],[-95.4764,25.2275],[-95.5188,25.1505],[-95.5899,25.0418],[-95.6326,24.9648],[-95.6471,24.9195],[-95.6779,24.8786],[-95.7252,24.8424],[-95.7539,24.8106],[-95.7641,24.7833],[-95.7644,24.75],[-95.7548,24.7105],[-95.725,24.6972],[-95.675,24.71],[-95.64,24.71],[-95.62,24.697],[-95.6113,24.6649],[-95.6138,24.6136],[-95.6056,24.5425],[-95.5867,24.4515],[-95.5678,24.3878],[-95.549,24.3513],[-95.5393,24.2875],[-95.5387,24.1963],[-95.5249,24.1051],[-95.498,24.0138],[-95.4936,23.9224],[-95.5119,23.8309],[-95.5342,23.7669],[-95.5606,23.7303],[-95.5779,23.6732],[-95.586,23.5956],[-95.63,23.5515],[-95.71,23.5407],[-95.763,23.5245],[-95.789,23.5028],[-95.8215,23.4553],[-95.8606,23.3819],[-95.8758,23.2947],[-95.867,23.1936],[-95.8894,23.1154],[-95.9431,23.0602],[-95.99,23.0246],[-96.03,23.0088],[-96.065,22.9613],[-96.095,22.8822],[-96.13,22.8383],[-96.17,22.8298],[-96.2013,22.8405],[-96.2238,22.8703],[-96.2336,22.9175],[-96.2309,22.982],[-96.2146,23.038],[-96.1849,23.0855],[-96.1523,23.1177],[-96.1168,23.1346],[-96.0967,23.1522],[-96.0919,23.1706],[-96.0946,23.1872],[-96.1049,23.202],[-96.12,23.2105],[-96.14,23.2126],[-96.17,23.1988],[-96.21,23.169],[-96.25,23.1523],[-96.29,23.1489],[-96.3179,23.16],[-96.3336,23.1854],[-96.3347,23.2211],[-96.321,23.2671],[-96.3181,23.2974],[-96.326,23.312],[-96.375,23.3192],[-96.465,23.3191],[-96.5177,23.3302],[-96.5332,23.3524],[-96.5832,23.3814],[-96.6677,23.4172],[-96.745,23.4169],[-96.815,23.3807],[-96.8626,23.372],[-96.8879,23.3908],[-96.9115,23.4278],[-96.9332,23.4828],[-96.9556,23.5187],[-96.9785,23.5355],[-96.9954,23.5355],[-97.0063,23.5187],[-97.0018,23.4874],[-96.9822,23.4415],[-96.9757,23.3957],[-96.9826,23.3498],[-97.0079,23.3084],[-97.0515,23.2717],[-97.0975,23.2496],[-97.1458,23.2422],[-97.1983,23.2743],[-97.2548,23.346],[-97.2841,23.414],[-97.2861,23.4782],[-97.3087,23.5333],[-97.3518,23.5791],[-97.3789,23.6249],[-97.3899,23.6707],[-97.3902,23.7119]],[[-97.0975,24.4651],[-97.0893,24.5107],[-97.0557,24.5561],[-96.9968,24.6016],[-96.966,24.6334],[-96.9634,24.6516],[-96.9715,24.6698],[-96.9905,24.688],[-97.0009,24.7107],[-97.0028,24.7379],[-96.9903,24.7728],[-96.9634,24.8154],[-96.925,24.8407],[-96.875,24.8488],[-96.835,24.8326],[-96.805,24.7921],[-96.7461,24.7849],[-96.6584,24.8111],[-96.6054,24.806],[-96.587,24.7697],[-96.5632,24.747],[-96.5339,24.7379],[-96.5278,24.7107],[-96.5448,24.6653],[-96.5489,24.6198],[-96.5401,24.5743],[-96.5598,24.4879],[-96.6079,24.3604],[-96.6465,24.2854],[-96.6755,24.263],[-96.71,24.2606],[-96.75,24.2784],[-96.7792,24.2851],[-96.7976,24.2806],[-96.8182,24.2465],[-96.841,24.1826],[-96.8614,24.1416],[-96.8794,24.1233],[-96.9002,24.1188],[-96.9237,24.1279],[-96.946,24.1644],[-96.967,24.2283],[-96.9607,24.2827],[-96.9269,24.3277],[-96.905,24.3784],[-96.895,24.435],[-96.895,24.4671],[-96.905,24.4746],[-96.9177,24.4739],[-96.9331,24.465],[-96.951,24.4333],[-96.9714,24.3786],[-96.9937,24.3423],[-97.0179,24.3243],[-97.0433,24.3243],[-97.07,24.3423],[-97.0879,24.3741],[-97.097,24.4196],[-97.0975,24.4651]],[[-96.7482,24.8786],[-96.7242,24.9149],[-96.7017,24.9308],[-96.6806,24.9261],[-96.6662,24.9171],[-96.6586,24.9035],[-96.6619,24.8877],[-96.676,24.8696],[-96.6999,24.8542],[-96.7333,24.8416],[-96.7525,24.8416],[-96.7576,24.8542],[-96.7482,24.8786]],[[-96.6619,25.0593],[-96.6406,25.0578],[-96.625,25.0472],[-96.615,25.0272],[-96.6187,25.0189],[-96.6361,25.0221],[-96.6517,25.0328],[-96.6656,25.0509],[-96.6619,25.0593]],[[-96.4441,23.6153],[-96.4214,23.6419],[-96.4,23.6582],[-96.38,23.6641],[-96.345,23.6663],[-96.295,23.665],[-96.2624,23.6579],[-96.2472,23.6451],[-96.2572,23.6267],[-96.2924,23.6028],[-96.345,23.5895],[-96.415,23.5869],[-96.4514,23.5896],[-96.4541,23.5979],[-96.4441,23.6153]],[[-96.1923,24.6753],[-96.1774,24.7045],[-96.16,24.7228],[-96.14,24.7304],[-96.1204,24.7294],[-96.1011,24.72],[-96.0917,24.7061],[-96.0922,24.688],[-96.1019,24.67],[-96.1206,24.6521],[-96.14,24.6396],[-96.16,24.6323],[-96.1774,24.6367],[-96.1923,24.6527],[-96.1923,24.6753]],[[-96.1297,24.1592],[-96.0766,24.2125],[-96.03,24.2412],[-95.99,24.2451],[-95.9585,24.2412],[-95.9354,24.2295],[-95.9302,24.2009],[-95.9426,24.1553],[-95.9242,24.1309],[-95.8747,24.1277],[-95.82,24.1325],[-95.76,24.145],[-95.7235,24.1375],[-95.7104,24.1098],[-95.7104,24.0864],[-95.7235,24.0672],[-95.77,24.0329],[-95.85,23.9835],[-95.945,23.9487],[-96.055,23.9284],[-96.1193,23.9261],[-96.138,23.9419],[-96.142,23.9818],[-96.1313,24.0457],[-96.1336,24.0914],[-96.1487,24.1188],[-96.1297,24.1592]],[[-97.0702,24.089],[-97.0567,24.1116],[-97.05,24.1105],[-97.05,24.0857],[-97.055,24.0698],[-97.065,24.0628],[-97.0717,24.0639],[-97.0752,24.0731],[-97.0702,24.089]],[[-96.8362,23.5699],[-96.8243,23.6158],[-96.8113,23.6393],[-96.7971,23.6407],[-96.785,23.6095],[-96.775,23.5459],[-96.788,23.5224],[-96.8241,23.5388],[-96.8362,23.5699]],[[-95.9212,23.8932],[-95.8871,23.9262],[-95.86,23.9427],[-95.84,23.9427],[-95.8209,23.9354],[-95.8028,23.9206],[-95.7986,23.8995],[-95.8082,23.8721],[-95.8322,23.8484],[-95.8707,23.8283],[-95.9021,23.8329],[-95.9262,23.8621],[-95.9212,23.8932]]]}},{"type":"Feature","properties":{"c":"#00cc00","v0":1.0,"v1":2.0},"geometry":{"type":"Polygon","coordinates":[[[-95.8725,25.049],[-95.8575,25.0632],[-95.841,25.0677],[-95.8229,25.0626],[-95.8229,25.0482],[-95.841,25.0246],[-95.8575,25.02],[-95.8725,25.0346],[-95.8725,25.049]]]}},{"type":"Feature","properties":{"c":"#00cc00","v0":1.0,"v1":2.0},"geometry":{"type":"Polygon","coordinates":[[[-97.4159,25.0147],[-97.3892,25.0328],[-97.3844,25.0276],[-97.4015,24.9991],[-97.4148,24.99],[-97.4245,25.0004],[-97.4159,25.0147]]]}},{"type":"Feature","properties":{"c":"#00cc00","v0":1.0,"v1":2.0},"geometry":{"type":"Polygon","coordinates":[[[-78.901,24.9863],[-78.8803,25.0202],[-78.86,25.0367],[-78.84,25.0358],[-78.8221,25.0279],[-78.8063,25.013],[-78.8063,24.9886],[-78.8221,24.9545],[-78.845,24.9392],[-78.875,24.9426],[-78.8953,24.9506],[-78.906,24.9631],[-78.901,24.9863]]]}},{"type":"Feature","properties":{"c":"#00cc00","v0":1.0,"v1":2.0},"geometry":{"type":"Polygon","coordinates":[[[-78.4937,24.3012],[-78.4764,24.3103],[-78.4683,24.3056],[-78.4694,24.2872],[-78.4781,24.2826],[-78.4943,24.292],[-78.4937,24.3012]]]}},{"type":"Feature","properties":{"c":"#00cc00","v0":1.0,"v1":2.0},"geometry":{"type":"Polygon","coordinates":[[[-83.031,23.2441],[-83.0132,23.2992],[-82.9807,23.3381],[-82.9336,23.3606],[-82.8297,23.3744],[-82.6691,23.3794],[-82.5995,23.3452],[-82.621,23.2717],[-82.6413,23.2255],[-82.6604,23.2067],[-82.7,23.2004],[-82.76,23.2068],[-82.83,23.1995],[-82.91,23.1785],[-82.9664,23.1709],[-82.9992,23.1768],[-83.0217,23.189],[-83.0338,23.2074],[-83.031,23.2441]],[[-82.9609,23.2813],[-82.9536,23.3006],[-82.94,23.3159],[-82.92,23.3272],[-82.895,23.3294],[-82.865,23.3226],[-82.81,23.3252],[-82.73,23.3375],[-82.679,23.3394],[-82.6571,23.331],[-82.6571,23.3017],[-82.679,23.2516],[-82.715,23.2303],[-82.765,23.238],[-82.825,23.2386],[-82.895,23.2322],[-82.9386,23.2397],[-82.9559,23.261],[-82.9609,23.2813]]]}},{"type":"Feature","properties":{"c":"#00cc00","v0":1.0,"v1":2.0},"geometry":{"type":"Polygon","coordinates":[[[-81.423,23.2092],[-81.3877,23.2314],[-81.3603,23.236],[-81.3409,23.223],[-81.3359,23.2059],[-81.3453,23.1845],[-81.36,23.1695],[-81.38,23.161],[-81.4027,23.1671],[-81.428,23.1878],[-81.423,23.2092]]]}},{"type":"Feature","properties":{"c":"#00cc00","v0":1.0,"v1":2.0},"geometry":{"type":"Polygon","coordinates":[[[-81.8587,23.1476],[-81.8396,23.1567],[-81.8238,23.1521],[-81.8113,23.1338],[-81.8163,23.1217],[-81.8388,23.1159],[-81.8546,23.1204],[-81.8637,23.1355],[-81.8587,23.1476]]]}},{"type":"Feature","properties":{"c":"#00cc00","v0":1.0,"v1":2.0},"geometry":{"type":"Polygon","coordinates":[[[-80.7824,23.0805],[-80.7608,23.1025],[-80.73,23.1013],[-80.69,23.0768],[-80.6664,23.0566],[-80.6593,23.0406],[-80.6693,23.0258],[-80.6964,23.0123],[-80.7252,23.0123],[-80.7556,23.0258],[-80.7764,23.0418],[-80.7876,23.0602],[-80.7824,23.0805]]]}},{"type":"Feature","properties":{"c":"#00cc00","v0":1.0,"v1":2.0},"geometry":{"type":"Polygon","coordinates":[[[-81.6935,23.0244],[-81.6112,23.0449],[-81.5517,23.0449],[-81.5152,23.0244],[-81.5202,22.9972],[-81.5667,22.9632],[-81.605,22.9424],[-81.635,22.935],[-81.6712,22.952],[-81.7135,22.9935],[-81.6935,23.0244]],[[-81.6481,22.9998],[-81.6227,23.0079],[-81.6061,23.0079],[-81.5984,22.9998],[-81.6034,22.9894],[-81.6211,22.9767],[-81.6377,22.9767],[-81.6531,22.9894],[-81.6481,22.9998]]]}},{"type":"Feature","properties":{"c":"#00cc00","v0":1.0,"v1":2.0},"geometry":{"type":"Polygon","coordinates":[[[-81.2778,22.9881],[-81.2193,23.0095],[-81.18,23.0181],[-81.16,23.0138],[-81.1466,23.0031],[-81.1397,22.986],[-81.1497,22.9697],[-81.1766,22.9543],[-81.2164,22.9497],[-81.2692,22.9559],[-81.2985,22.9636],[-81.3043,22.9728],[-81.2778,22.9881]]]}},{"type":"Feature","properties":{"c":"#00cc00","v0":1.0,"v1":2.0},"geometry":{"type":"Polygon","coordinates":[[[-81.0499,22.8727],[-81.0366,22.8843],[-81.015,22.8818],[-80.985,22.8652],[-80.943,22.8779],[-80.8889,22.9197],[-80.8339,22.9094],[-80.778,22.8472],[-80.7314,22.8057],[-80.6943,22.785],[-80.6914,22.7654],[-80.7227,22.747],[-80.7353,22.7239],[-80.7293,22.6963],[-80.735,22.664],[-80.7525,22.627],[-80.7834,22.5998],[-80.8278,22.5821],[-80.8664,22.5775],[-80.8993,22.5859],[-80.9194,22.5993],[-80.9266,22.6178],[-80.9127,22.6593],[-80.8776,22.7239],[-80.8875,22.7756],[-80.9425,22.8142],[-80.985,22.8311],[-81.015,22.8261],[-81.0366,22.8344],[-81.0499,22.856],[-81.0499,22.8727]]]}},{"type":"Feature","properties":{"c":"#00cc00","v0":1.0,"v1":2.0},"geometry":{"type":"Polygon","coordinates":[[[-80.4295,22.9445],[-80.4165,22.9525],[-80.4082,22.9525],[-80.4046,22.9445],[-80.4096,22.936],[-80.4232,22.927],[-80.4315,22.927],[-80.4345,22.936],[-80.4295,22.9445]]]}},{"type":"Feature","properties":{"c":"#00cc00","v0":1.0,"v1":2.0},"geometry":{"type":"Polygon","coordinates":[[[-83.337,22.9246],[-83.319,22.9297],[-83.3042,22.925],[-83.2926,22.9108],[-83.2926,22.9],[-83.3042,22.8926],[-83.319,22.8972],[-83.337,22.9138],[-83.337,22.9246]]]}},{"type":"Feature","properties":{"c":"#00cc00","v0":1.0,"v1":2.0},"geometry":{"type":"Polygon","coordinates":[[[-80.5419,22.7839],[-80.5307,22.8023],[-80.5063,22.8131],[-80.4688,22.8163],[-80.435,22.8275],[-80.405,22.8469],[-80.37,22.8603],[-80.33,22.8677],[-80.3022,22.8657],[-80.2866,22.8542],[-80.3166,22.8175],[-80.3922,22.7557],[-80.45,22.7255],[-80.49,22.7269],[-80.5194,22.7393],[-80.5381,22.7629],[-80.5419,22.7839]]]}},{"type":"Feature","properties":{"c":"#00cc00","v0":1.0,"v1":2.0},"geometry":{"type":"Polygon","coordinates":[[[-82.443,22.8358],[-82.4343,22.8473],[-82.415,22.8552],[-82.385,22.8595],[-82.3423,22.8399],[-82.2869,22.7964],[-82.2769,22.7698],[-82.3123,22.7601],[-82.3534,22.7647],[-82.4001,22.7836],[-82.4294,22.8023],[-82.4414,22.8208],[-82.443,22.8358]]]}},{"type":"Feature","properties":{"c":"#00cc00","v0":1.0,"v1":2.0},"geometry":{"type":"Polygon","coordinates":[[[-81.7672,22.8199],[-81.7424,22.8367],[-81.7304,22.8367],[-81.7312,22.8199],[-81.7436,22.8115],[-81.7676,22.8115],[-81.7672,22.8199]]]}},{"type":"Feature","properties":{"c":"#00cc00","v0":1.0,"v1":2.0},"geometry":{"type":"Polygon","coordinates":[[[-81.6043,22.7443],[-81.5948,22.7573],[-81.575,22.764],[-81.545,22.7643],[-81.51,22.776],[-81.47,22.799],[-81.435,22.8086],[-81.405,22.8047],[-81.3881,22.7866],[-81.3844,22.754],[-81.3964,22.7193],[-81.4241,22.6824],[-81.4333,22.6501],[-81.424,22.6224],[-81.4246,22.5993],[-81.4352,22.5809],[-81.4579,22.5677],[-81.4926,22.5597],[-81.52,22.5609],[-81.54,22.5713],[-81.5598,22.5937],[-81.5795,22.6283],[-81.5852,22.6593],[-81.577,22.687],[-81.5819,22.7101],[-81.6,22.7285],[-81.6043,22.7443]]]}},{"type":"Feature","properties":{"c":"#00cc00","v0":1.0,"v1":2.0},"geometry":{"type":"Polygon","coordinates":[[[-82.0479,22.7637],[-81.9826,22.7785],[-81.925,22.7793],[-81.875,22.766],[-81.8474,22.7402],[-81.8422,22.7017],[-81.824,22.664],[-81.793,22.627],[-81.7814,22.5993],[-81.7894,22.5809],[-81.8075,22.5629],[-81.8358,22.5455],[-81.8661,22.5455],[-81.8982,22.5629],[-81.9232,22.5888],[-81.9411,22.6231],[-81.9778,22.6416],[-82.0334,22.6442],[-82.066,22.6732],[-82.0757,22.7285],[-82.0479,22.7637]]]}},{"type":"Feature","properties":{"c":"#00cc00","v0":1.0,"v1":2.0},"geometry":{"type":"Polygon","coordinates":[[[-80.7219,22.5906],[-80.7006,22.5917],[-80.6897,22.5871],[-80.6892,22.5768],[-80.6999,22.5763],[-80.7216,22.5855],[-80.7219,22.5906]]]}},{"type":"Feature","properties":{"c":"#00cc00","v0":1.0,"v1":2.0},"geometry":{"type":"Polygon","coordinates":[[[-79.8674,22.5779],[-79.8558,22.5903],[-79.8434,22.5903],[-79.8303,22.5779],[-79.8303,22.5653],[-79.8434,22.5525],[-79.8558,22.5525],[-79.8674,22.5653],[-79.8674,22.5779]]]}},{"type":"Feature","properties":{"c":"#00cc00","v0":1.0,"v1":2.0},"geometry":{"type":"Polygon","coordinates":[[[-82.3601,22.5024],[-82.3301,22.5486],[-82.3038,22.5716],[-82.2813,22.5715],[-82.2751,22.5392],[-82.2852,22.4746],[-82.3052,22.4408],[-82.3351,22.4378],[-82.3563,22.447],[-82.3688,22.4685],[-82.3601,22.5024]]]}},{"type":"Feature","properties":{"c":"#00cc00","v0":1.0,"v1":2.0},"geometry":{"type":"Polygon","coordinates":[[[-82.6216,22.5208],[-82.5979,22.5301],[-82.5752,22.5208],[-82.5535,22.4931],[-82.5545,22.4786],[-82.5782,22.4774],[-82.6009,22.4866],[-82.6226,22.5064],[-82.6216,22.5208]]]}},{"type":"Feature","properties":{"c":"#009900","v0":2.0,"v1":3.0},"geometry":{"type":"Polygon","coordinates":[[[-121.8391,48.7766],[-121.8197,48.785],[-121.8045,48.785],[-121.7936,48.7766],[-121.7936,48.7674],[-121.8045,48.7572],[-121.8197,48.7572],[-121.8391,48.7674],[-121.8391,48.7766]]]}},{"type":"Feature","properties":{"c":"#009900","v0":2.0,"v1":3.0},"geometry":{"type":"Polygon","coordinates":[[[-67.862,48.2923],[-67.8101,48.3388],[-67.7656,48.3692],[-67.7285,48.3835],[-67.7017,48.4067],[-67.6852,48.439],[-67.6528,48.4617],[-67.6047,48.4749],[-67.5866,48.4981],[-67.5985,48.5313],[-67.5858,48.5485],[-67.5486,48.5497],[-67.5191,48.5464],[-67.4973,48.5385],[-67.482,48.528],[-67.4732,48.5147],[-67.4791,48.4893],[-67.4997,48.4516],[-67.53,48.429],[-67.57,48.4216],[-67.5924,48.4139],[-67.5971,48.4059],[-67.561,48.3654],[-67.4841,48.2923],[-67.4572,48.239],[-67.4802,48.2057],[-67.5052,48.189],[-67.5322,48.189],[-67.5718,48.2108],[-67.6239,48.2544],[-67.665,48.2778],[-67.695,48.281],[-67.7123,48.2758],[-67.717,48.2624],[-67.7054,48.229],[-67.6776,48.1757],[-67.6743,48.1457],[-67.6955,48.139],[-67.7516,48.169],[-67.8425,48.2357],[-67.862,48.2923]]]}},{"type":"Feature","properties":{"c":"#009900","v0":2.0,"v1":3.0},"geometry":{"type":"Polygon","coordinates":[[[-67.2597,48.4352],[-67.2532,48.4487],[-67.24,48.4527],[-67.22,48.4473],[-67.195,48.4353],[-67.165,48.4167],[-67.1424,48.396],[-67.1272,48.3734],[-67.1422,48.3674],[-67.1874,48.3779],[-67.2232,48.3945],[-67.2497,48.4172],[-67.2597,48.4352]]]}},{"type":"Feature","properties":{"c":"#009900","v0":2.0,"v1":3.0},"geometry":{"type":"Polygon","coordinates":[[[-67.1164,48.3514],[-67.1121,48.3565],[-67.1,48.3565],[-67.08,48.3514],[-67.057,48.3422],[-67.0311,48.3289],[-67.0172,48.3122],[-67.0155,48.2923],[-67.0235,48.2729],[-67.0412,48.254],[-67.0621,48.2473],[-67.0864,48.2529],[-67.1035,48.279],[-67.1135,48.3255],[-67.1164,48.3514]]]}},{"type":"Feature","properties":{"c":"#009900","v0":2.0,"v1":3.0},"geometry":{"type":"Polygon","coordinates":[[[-67.3224,48.209],[-67.2865,48.2224],[-67.2641,48.219],[-67.255,48.199],[-67.2554,48.18],[-67.2651,48.1618],[-67.28,48.1539],[-67.3,48.1562],[-67.3176,48.1686],[-67.3328,48.1911],[-67.3224,48.209]]]}},{"type":"Feature","properties":{"c":"#009900","v0":2.0,"v1":3.0},"geometry":{"type":"Polygon","coordinates":[[[-79.7921,31.846],[-79.724,31.8883],[-79.65,31.9191],[-79.57,31.9384],[-79.505,31.9602],[-79.455,31.9846],[-79.405,31.9974],[-79.355,31.9987],[-79.3204,31.9939],[-79.3011,31.9831],[-79.3097,31.9607],[-79.3461,31.9268],[-79.4558,31.8761],[-79.6386,31.8088],[-79.745,31.7758],[-79.775,31.7774],[-79.799,31.7899],[-79.8171,31.8132],[-79.7921,31.846]],[[-79.6842,31.8631],[-79.6516,31.8716],[-79.644,31.868],[-79.6613,31.8523],[-79.6776,31.848],[-79.6928,31.8552],[-79.6842,31.8631]]]}},{"type":"Feature","properties":{"c":"#009900","v0":2.0,"v1":3.0},"geometry":{"type":"Polygon","coordinates":[[[-80.4141,31.3008],[-80.3482,31.3435],[-80.2689,31.3852],[-80.1763,31.4258],[-80.1137,31.4471],[-80.0811,31.4492],[-80.0657,31.4246],[-80.0677,31.3734],[-80.089,31.3337],[-80.1297,31.3056],[-80.205,31.27],[-80.315,31.2268],[-80.3893,31.2238],[-80.4278,31.2609],[-80.4141,31.3008]]]}},{"type":"Feature","properties":{"c":"#009900","v0":2.0,"v1":3.0},"geometry":{"type":"Polygon","coordinates":[[[-80.6924,31.2427],[-80.6241,31.2718],[-80.58,31.2868],[-80.56,31.2877],[-80.5428,31.2817],[-80.5284,31.2688],[-80.5484,31.2487],[-80.6028,31.2216],[-80.6524,31.2087],[-80.6972,31.2103],[-80.7214,31.2153],[-80.7248,31.2239],[-80.6924,31.2427]]]}},{"type":"Feature","properties":{"c":"#009900","v0":2.0,"v1":3.0},"geometry":{"type":"Polygon","coordinates":[[[-81.0431,31.1682],[-80.981,31.1851],[-80.9403,31.1894],[-80.921,31.181],[-80.936,31.1682],[-80.9853,31.1509],[-81.0236,31.1423],[-81.0507,31.1425],[-81.0667,31.1469],[-81.0717,31.1554],[-81.0431,31.1682]]]}},{"type":"Feature","properties":{"c":"#009900","v0":2.0,"v1":3.0},"geometry":{"type":"Polygon","coordinates":[[[-80.6854,30.5735],[-80.6085,30.6031],[-80.535,30.6605],[-80.465,30.7459],[-80.335,30.8468],[-80.145,30.9631],[-79.96,31.0261],[-79.78,31.0359],[-79.663,31.032],[-79.6091,31.0143],[-79.6041,30.9876],[-79.648,30.9518],[-79.725,30.9166],[-79.835,30.882],[-79.9155,30.8441],[-79.9666,30.803],[-79.979,30.7695],[-79.9527,30.7437],[-79.9606,30.6964],[-80.0029,30.6276],[-80.0205,30.5718],[-80.0135,30.5291],[-79.9994,30.4904],[-79.9782,30.4555],[-79.9782,30.4235],[-79.9994,30.3944],[-80.025,30.3847],[-80.055,30.3945],[-80.09,30.416],[-80.13,30.4491],[-80.185,30.4534],[-80.255,30.4289],[-80.3248,30.4177],[-80.3944,30.4198],[-80.421,30.4381],[-80.4048,30.4726],[-80.4,30.4983],[-80.4067,30.5152],[-80.44,30.5216],[-80.5,30.5176],[-80.545,30.506],[-80.575,30.487],[-80.605,30.4924],[-80.635,30.5221],[-80.6685,30.5425],[-80.7054,30.5533],[-80.6854,30.5735]],[[-80.4882,30.6362],[-80.4357,30.7222],[-80.3745,30.7891],[-80.3048,30.8368],[-80.235,30.8743],[-80.165,30.9016],[-80.105,30.9362],[-80.055,30.9781],[-79.99,31.0008],[-79.91,31.0044],[-79.8383,31.0017],[-79.775,30.9928],[-79.7514,30.9798],[-79.7674,30.9627],[-79.8452,30.9198],[-79.985,30.8511],[-80.0736,30.7871],[-80.1112,30.7279],[-80.14,30.7019],[-80.16,30.7093],[-80.215,30.6888],[-80.305,30.6405],[-80.385,30.6064],[-80.455,30.5866],[-80.4961,30.5808],[-80.5084,30.589],[-80.4882,30.6362]],[[-80.2087,30.5859],[-80.1829,30.6403],[-80.155,30.6728],[-80.125,30.6835],[-80.1033,30.6735],[-80.0899,30.6429],[-80.0849,30.6128],[-80.0883,30.583],[-80.115,30.5613],[-80.165,30.5476],[-80.1979,30.5453],[-80.2137,30.5543],[-80.2087,30.5859]]]}},{"type":"Feature","properties":{"c":"#009900","v0":2.0,"v1":3.0},"geometry":{"type":"Polygon","coordinates":[[[-81.6685,30.6201],[-81.6562,30.6396],[-81.6367,30.6482],[-81.6102,30.646],[-81.6002,30.6341],[-81.6067,30.6127],[-81.62,30.6],[-81.64,30.596],[-81.6562,30.5981],[-81.6685,30.6063],[-81.6685,30.6201]]]}},{"type":"Feature","properties":{"c":"#009900","v0":2.0,"v1":3.0},"geometry":{"type":"Polygon","coordinates":[[[-81.0336,30.5249],[-81.0045,30.5606],[-80.98,30.5815],[-80.96,30.5875],[-80.9406,30.5868],[-80.9218,30.5796],[-80.9119,30.5631],[-80.9108,30.5372],[-80.9202,30.5129],[-80.9401,30.4902],[-80.96,30.4779],[-80.98,30.476],[-81.0045,30.4831],[-81.0336,30.4991],[-81.0336,30.5249]]]}},{"type":"Feature","properties":{"c":"#009900","v0":2.0,"v1":3.0},"geometry":{"type":"Polygon","coordinates":[[[-81.9926,30.3959],[-81.9642,30.4151],[-81.875,30.4432],[-81.725,30.4801],[-81.625,30.5161],[-81.575,30.5512],[-81.505,30.5603],[-81.415,30.5434],[-81.355,30.5176],[-81.325,30.4831],[-81.28,30.4572],[-81.22,30.4402],[-81.1782,30.416],[-81.1547,30.3847],[-81.1147,30.3634],[-81.0582,30.3519],[-81.026,30.3389],[-81.0179,30.3245],[-81.0179,30.2906],[-81.026,30.2371],[-81.0107,30.2026],[-80.9721,30.1869],[-80.9361,30.1575],[-80.9026,30.1142],[-80.8669,30.0892],[-80.829,30.0822],[-80.7888,30.0822],[-80.7464,30.0892],[-80.7245,30.071],[-80.7231,30.0277],[-80.7361,29.9974],[-80.7634,29.9801],[-80.7809,29.9497],[-80.7886,29.9064],[-80.8019,29.8782],[-80.8206,29.8652],[-80.88,29.879],[-80.98,29.9194],[-81.07,29.9423],[-81.15,29.9477],[-81.1956,29.9556],[-81.2068,29.9661],[-81.2097,29.9887],[-81.2041,30.0234],[-81.2084,30.049],[-81.2228,30.0658],[-81.265,30.0821],[-81.335,30.098],[-81.405,30.1046],[-81.475,30.102],[-81.5178,30.1246],[-81.5333,30.1725],[-81.5483,30.2011],[-81.5628,30.2106],[-81.635,30.217],[-81.765,30.2201],[-81.853,30.2327],[-81.8991,30.2546],[-81.9392,30.2828],[-81.9732,30.3173],[-81.9944,30.3475],[-82.0027,30.3734],[-81.9926,30.3959]],[[-81.8519,30.3648],[-81.834,30.3907],[-81.7563,30.4308],[-81.6188,30.4852],[-81.52,30.5089],[-81.46,30.5018],[-81.4152,30.4832],[-81.3855,30.4531],[-81.3355,30.4262],[-81.2652,30.4023],[-81.22,30.3758],[-81.2,30.3466],[-81.1638,30.3283],[-81.1115,30.321],[-81.0815,30.313],[-81.074,30.3044],[-81.0743,30.2742],[-81.0825,30.2223],[-81.0248,30.1532],[-80.9012,30.0666],[-80.841,30.0017],[-80.8443,29.9584],[-80.8619,29.9334],[-80.894,29.9267],[-80.9706,29.9354],[-81.0919,29.9594],[-81.1579,29.9757],[-81.1687,29.9844],[-81.1713,30.0104],[-81.1657,30.0537],[-81.1775,30.0969],[-81.2066,30.1402],[-81.2434,30.1622],[-81.2878,30.1629],[-81.33,30.1712],[-81.37,30.1871],[-81.405,30.1897],[-81.435,30.1789],[-81.4607,30.1879],[-81.4821,30.2166],[-81.5071,30.2363],[-81.5357,30.2469],[-81.61,30.2497],[-81.73,30.2446],[-81.8001,30.2479],[-81.8202,30.2596],[-81.8379,30.2871],[-81.8532,30.3303],[-81.8519,30.3648]]]}},{"type":"Feature","properties":{"c":"#009900","v0":2.0,"v1":3.0},"geometry":{"type":"Polygon","coordinates":[[[-80.6812,30.1519],[-80.6737,30.1666],[-80.6652,30.171],[-80.6557,30.1649],[-80.6512,30.1575],[-80.6518,30.1488],[-80.6603,30.1445],[-80.6767,30.1445],[-80.6812,30.1519]]]}},{"type":"Feature","properties":{"c":"#009900","v0":2.0,"v1":3.0},"geometry":{"type":"Polygon","coordinates":[[[-83.2609,30.0825],[-83.2536,30.0968],[-83.2359,30.1011],[-83.2076,30.0954],[-83.1813,30.0666],[-83.157,30.0147],[-83.1561,29.9879],[-83.1787,29.9862],[-83.2086,30.0078],[-83.2459,30.0528],[-83.2609,30.0825]]]}},{"type":"Feature","properties":{"c":"#009900","v0":2.0,"v1":3.0},"geometry":{"type":"Polygon","coordinates":[[[-85.8864,29.1009],[-85.8755,29.1351],[-85.83,29.181],[-85.75,29.2386],[-85.6963,29.2608],[-85.669,29.2476],[-85.6537,29.2236],[-85.6504,29.1886],[-85.614,29.1622],[-85.5447,29.1442],[-85.495,29.1398],[-85.465,29.1492],[-85.425,29.1788],[-85.375,29.2286],[-85.295,29.2814],[-85.185,29.337],[-85.12,29.3619],[-85.1,29.3561],[-85.08,29.3396],[-85.06,29.3124],[-85.03,29.2868],[-84.99,29.2629],[-84.9317,29.2659],[-84.8551,29.2958],[-84.8143,29.3282],[-84.8092,29.3631],[-84.7873,29.3893],[-84.7485,29.4067],[-84.7297,29.4328],[-84.7306,29.4676],[-84.7424,29.5025],[-84.7649,29.5373],[-84.7605,29.5851],[-84.729,29.646],[-84.7349,29.6721],[-84.7781,29.6634],[-84.8123,29.6446],[-84.8374,29.6157],[-84.8593,29.607],[-84.878,29.6185],[-84.8884,29.6329],[-84.8906,29.6503],[-84.8695,29.6894],[-84.825,29.7502],[-84.7045,29.834],[-84.5082,29.9408],[-84.32,29.998],[-84.14,30.0056],[-83.94,30.0257],[-83.72,30.0581],[-83.5637,30.0442],[-83.4712,29.9841],[-83.3712,29.9431],[-83.2637,29.9212],[-83.1937,29.8995],[-83.1612,29.8781],[-83.1465,29.85],[-83.1495,29.8153],[-83.1708,29.7743],[-83.2103,29.727],[-83.255,29.6966],[-83.305,29.6831],[-83.3422,29.6677],[-83.3666,29.6503],[-83.3833,29.6286],[-83.3925,29.6025],[-83.3921,29.5808],[-83.3821,29.5634],[-83.3503,29.5404],[-83.2968,29.5119],[-83.24,29.4933],[-83.18,29.4846],[-83.09,29.4577],[-82.97,29.4125],[-82.8493,29.357],[-82.7279,29.2913],[-82.6429,29.2354],[-82.5943,29.1892],[-82.546,29.1543],[-82.498,29.1306],[-82.448,29.0861],[-82.396,29.0208],[-82.355,28.9955],[-82.325,29.0102],[-82.3008,29.0123],[-82.2823,29.0017],[-82.2823,28.9866],[-82.3008,28.967],[-82.325,28.958],[-82.355,28.9596],[-82.39,28.9398],[-82.43,28.8986],[-82.525,28.8494],[-82.675,28.7923],[-82.77,28.763],[-82.81,28.7615],[-82.8259,28.7277],[-82.8178,28.6615],[-82.8478,28.5991],[-82.9159,28.5405],[-83.02,28.5036],[-83.16,28.4882],[-83.2392,28.4692],[-83.2577,28.4464],[-83.2603,28.4175],[-83.247,28.3823],[-83.2077,28.3391],[-83.1426,28.2878],[-83.08,28.2473],[-83.02,28.2176],[-82.97,28.1827],[-82.93,28.1425],[-82.905,28.0968],[-82.895,28.0456],[-82.855,28.0194],[-82.785,28.0182],[-82.734,28.0074],[-82.702,27.987],[-82.6768,27.9458],[-82.6583,27.884],[-82.6543,27.8464],[-82.6648,27.8331],[-82.685,27.8302],[-82.715,27.8378],[-82.7292,27.8356],[-82.7277,27.8236],[-82.7077,27.8077],[-82.6692,27.7878],[-82.625,27.7816],[-82.575,27.7893],[-82.545,27.7801],[-82.535,27.7538],[-82.5156,27.7289],[-82.4869,27.7055],[-82.4892,27.676],[-82.5225,27.6406],[-82.5391,27.614],[-82.539,27.5963],[-82.5217,27.5667],[-82.4872,27.5253],[-82.4465,27.4943],[-82.3996,27.4736],[-82.3667,27.4455],[-82.3478,27.41],[-82.3516,27.339],[-82.3781,27.2323],[-82.401,27.1737],[-82.4203,27.1631],[-82.47,27.169],[-82.55,27.1914],[-82.61,27.2016],[-82.65,27.1995],[-82.68,27.2087],[-82.7,27.2291],[-82.73,27.2364],[-82.77,27.2308],[-82.803,27.2202],[-82.829,27.2046],[-82.879,27.1536],[-82.953,27.0673],[-83.0,27.0203],[-83.02,27.0128],[-83.0369,27.0203],[-83.0507,27.043],[-83.0303,27.09],[-82.9758,27.1612],[-82.9484,27.2056],[-82.9482,27.2234],[-82.9658,27.2368],[-83.0012,27.2457],[-83.0317,27.2618],[-83.0572,27.2851],[-83.09,27.2824],[-83.13,27.2537],[-83.19,27.2411],[-83.27,27.2447],[-83.3327,27.2563],[-83.378,27.2759],[-83.408,27.2957],[-83.4227,27.3157],[-83.445,27.3282],[-83.475,27.3331],[-83.5,27.3475],[-83.52,27.3712],[-83.55,27.3885],[-83.59,27.3995],[-83.6576,27.3974],[-83.7528,27.3821],[-83.8228,27.3594],[-83.8676,27.3293],[-83.9182,27.307],[-83.9745,27.2928],[-84.0295,27.2653],[-84.0832,27.2245],[-84.165,27.2108],[-84.275,27.2242],[-84.3321,27.2535],[-84.3363,27.2987],[-84.3163,27.3401],[-84.2721,27.3779],[-84.2431,27.4178],[-84.2293,27.46],[-84.2843,27.4713],[-84.4081,27.4519],[-84.484,27.4474],[-84.5121,27.458],[-84.5303,27.4722],[-84.5387,27.4899],[-84.5247,27.5171],[-84.4882,27.5536],[-84.4179,27.5846],[-84.3136,27.6101],[-84.2619,27.6362],[-84.2628,27.6628],[-84.2876,27.6849],[-84.3363,27.7026],[-84.3633,27.7292],[-84.3687,27.7646],[-84.366,27.7928],[-84.3553,27.8137],[-84.316,27.8358],[-84.2481,27.8591],[-84.2131,27.8819],[-84.211,27.9041],[-84.2281,27.9307],[-84.2643,27.9614],[-84.2743,27.9842],[-84.2581,27.999],[-84.23,28.0081],[-84.19,28.0115],[-84.1448,27.9776],[-84.0943,27.9064],[-84.0834,27.8575],[-84.112,27.8309],[-84.1123,27.7882],[-84.0841,27.7293],[-84.065,27.6981],[-84.055,27.6944],[-84.0241,27.715],[-83.9723,27.7599],[-83.9407,27.7955],[-83.9295,27.8221],[-83.9274,27.8707],[-83.9345,27.9414],[-83.9233,27.9988],[-83.8939,28.043],[-83.8907,28.0827],[-83.9138,28.118],[-83.9194,28.1709],[-83.9075,28.2414],[-83.9137,28.2823],[-83.9379,28.2935],[-84.005,28.3026],[-84.115,28.3094],[-84.2,28.2915],[-84.26,28.2487],[-84.305,28.2262],[-84.335,28.2239],[-84.3782,28.2583],[-84.4345,28.3292],[-84.4545,28.3739],[-84.4382,28.3925],[-84.4,28.4098],[-84.34,28.4259],[-84.305,28.4433],[-84.295,28.462],[-84.355,28.5002],[-84.485,28.5579],[-84.605,28.5978],[-84.715,28.6202],[-84.7927,28.6525],[-84.8382,28.6949],[-84.8282,28.7232],[-84.7627,28.7375],[-84.63,28.7404],[-84.43,28.7318],[-84.31,28.7366],[-84.27,28.7549],[-84.2538,28.774],[-84.2613,28.7938],[-84.2789,28.8125],[-84.3067,28.83],[-84.343,28.8434],[-84.3877,28.8527],[-84.43,28.8757],[-84.47,28.9125],[-84.515,28.9356],[-84.565,28.9451],[-84.615,28.9631],[-84.665,28.9896],[-84.74,28.9999],[-84.84,28.9941],[-84.955,29.0038],[-85.085,29.0291],[-85.16,29.0393],[-85.18,29.0346],[-85.205,29.0184],[-85.235,28.9908],[-85.31,28.9741],[-85.43,28.9685],[-85.53,28.9527],[-85.61,28.9269],[-85.6961,28.9258],[-85.7882,28.9495],[-85.8487,28.992],[-85.8775,29.0532],[-85.8864,29.1009]],[[-84.1709,27.5934],[-84.157,27.6053],[-84.1286,27.6142],[-84.0857,27.62],[-84.065,27.614],[-84.0665,27.5963],[-84.0829,27.5789],[-84.1143,27.5618],[-84.14,27.5554],[-84.16,27.5598],[-84.172,27.5683],[-84.1759,27.5811],[-84.1709,27.5934]],[[-84.7195,28.6991],[-84.6732,28.7003],[-84.646,28.6915],[-84.6381,28.6728],[-84.6531,28.6623],[-84.691,28.6599],[-84.7182,28.6687],[-84.7345,28.6886],[-84.7195,28.6991]],[[-85.8515,29.0948],[-85.8372,29.1168],[-85.805,29.132],[-85.755,29.1403],[-85.68,29.131],[-85.58,29.104],[-85.5214,29.0801],[-85.5042,29.0593],[-85.5292,29.0284],[-85.5964,28.9875],[-85.66,28.9671],[-85.72,28.9671],[-85.7684,28.9745],[-85.8053,28.9891],[-85.8324,29.0182],[-85.8499,29.062],[-85.8515,29.0948]],[[-85.2816,29.0953],[-85.2605,29.1182],[-85.2378,29.1269],[-85.2134,29.1215],[-85.2134,29.1058],[-85.2378,29.08],[-85.2605,29.0712],[-85.2816,29.0796],[-85.2816,29.0953]],[[-84.9549,29.1493],[-84.9341,29.1755],[-84.8903,29.2021],[-84.8234,29.2289],[-84.768,29.2638],[-84.7241,29.3068],[-84.695,29.3457],[-84.6805,29.3805],[-84.6724,29.4169],[-84.6708,29.4549],[-84.6803,29.4941],[-84.701,29.5345],[-84.696,29.5895],[-84.6654,29.659],[-84.6572,29.6981],[-84.6715,29.7068],[-84.7112,29.7112],[-84.7765,29.7112],[-84.8043,29.7253],[-84.7948,29.7537],[-84.69,29.8128],[-84.49,29.9026],[-84.345,29.953],[-84.255,29.9639],[-84.175,29.9586],[-84.105,29.9372],[-84.02,29.9429],[-83.92,29.9759],[-83.845,29.9949],[-83.795,30.0001],[-83.71,29.9915],[-83.59,29.9691],[-83.4787,29.9309],[-83.376,29.877],[-83.3256,29.837],[-83.3274,29.811],[-83.3438,29.7852],[-83.3746,29.7595],[-83.4703,29.7335],[-83.631,29.707],[-83.704,29.6721],[-83.6894,29.6286],[-83.6517,29.5895],[-83.5908,29.5547],[-83.5478,29.5133],[-83.5226,29.4652],[-83.46,29.4122],[-83.36,29.3543],[-83.265,29.3298],[-83.175,29.3386],[-83.1158,29.3393],[-83.0875,29.3319],[-83.0588,29.3108],[-83.0298,29.2759],[-82.9889,29.2499],[-82.9363,29.2329],[-82.8822,29.2067],[-82.8265,29.1714],[-82.7804,29.1275],[-82.7438,29.0751],[-82.7389,29.0314],[-82.7656,28.9964],[-82.8068,28.9712],[-82.8623,28.9557],[-82.955,28.8982],[-83.085,28.7985],[-83.25,28.7193],[-83.45,28.6605],[-83.5633,28.6085],[-83.59,28.5632],[-83.6007,28.5317],[-83.5953,28.5142],[-83.557,28.51],[-83.4857,28.5193],[-83.4325,28.5149],[-83.3974,28.4968],[-83.3847,28.4394],[-83.3944,28.3427],[-83.407,28.2853],[-83.4223,28.2673],[-83.46,28.2442],[-83.52,28.2159],[-83.57,28.2144],[-83.61,28.2398],[-83.65,28.2473],[-83.69,28.237],[-83.725,28.215],[-83.755,28.1812],[-83.7753,28.166],[-83.7859,28.1693],[-83.7894,28.1797],[-83.7859,28.1973],[-83.7506,28.2352],[-83.6835,28.2932],[-83.6492,28.3328],[-83.6476,28.3541],[-83.6726,28.357],[-83.7242,28.3418],[-83.7669,28.355],[-83.8008,28.3966],[-83.8308,28.4202],[-83.8569,28.4256],[-83.8756,28.4256],[-83.8867,28.4202],[-83.8943,28.4043],[-83.8982,28.3779],[-83.9126,28.3579],[-83.9375,28.3445],[-83.97,28.3342],[-84.01,28.327],[-84.05,28.3284],[-84.09,28.3384],[-84.1387,28.3663],[-84.196,28.4121],[-84.206,28.4756],[-84.1687,28.5567],[-84.185,28.6093],[-84.255,28.6333],[-84.3311,28.6499],[-84.4134,28.6589],[-84.4134,28.6703],[-84.3311,28.6841],[-84.2722,28.7016],[-84.2366,28.723],[-84.2162,28.7424],[-84.2109,28.7599],[-84.2187,28.7829],[-84.2396,28.8114],[-84.31,28.8596],[-84.43,28.9274],[-84.52,28.969],[-84.58,28.9844],[-84.635,29.0126],[-84.685,29.0536],[-84.76,29.0659],[-84.86,29.0494],[-84.9238,29.065],[-84.9515,29.1125],[-84.9549,29.1493]],[[-84.19,27.4062],[-84.1767,27.434],[-84.155,27.4563],[-84.125,27.4732],[-84.0729,27.4815],[-83.9988,27.4812],[-83.9717,27.45],[-83.9919,27.3878],[-84.034,27.3323],[-84.098,27.2834],[-84.1467,27.2923],[-84.18,27.359],[-84.19,27.4062]],[[-83.9002,27.7513],[-83.8838,27.7955],[-83.8709,27.8619],[-83.8616,27.9503],[-83.7896,28.0033],[-83.6548,28.0209],[-83.572,28.0386],[-83.5412,28.0562],[-83.5168,28.0798],[-83.4989,28.1094],[-83.48,28.127],[-83.46,28.1327],[-83.42,28.107],[-83.36,28.0497],[-83.295,28.0103],[-83.225,27.9889],[-83.17,27.9798],[-83.13,27.983],[-83.0764,27.965],[-83.0093,27.9257],[-82.9293,27.8595],[-82.8364,27.7662],[-82.7567,27.6954],[-82.69,27.6471],[-82.665,27.5771],[-82.6817,27.4855],[-82.635,27.4386],[-82.525,27.4365],[-82.4622,27.4113],[-82.4465,27.3631],[-82.4565,27.3276],[-82.4922,27.3049],[-82.535,27.2875],[-82.585,27.2754],[-82.63,27.2813],[-82.67,27.3053],[-82.7067,27.3183],[-82.7401,27.3202],[-82.7651,27.3356],[-82.7817,27.3645],[-82.825,27.3637],[-82.895,27.3334],[-82.941,27.3278],[-82.9629,27.3471],[-82.9879,27.36],[-83.016,27.3665],[-83.0495,27.362],[-83.0884,27.3467],[-83.1234,27.3242],[-83.1545,27.2945],[-83.195,27.2797],[-83.245,27.2798],[-83.2812,27.2857],[-83.3036,27.2975],[-83.3183,27.3168],[-83.3251,27.3434],[-83.2946,27.3923],[-83.2267,27.4633],[-83.1971,27.5091],[-83.2057,27.5298],[-83.3489,27.5121],[-83.6267,27.4559],[-83.7701,27.4367],[-83.7792,27.4544],[-83.7616,27.4855],[-83.7173,27.5298],[-83.6938,27.5697],[-83.6911,27.6052],[-83.7098,27.6086],[-83.7499,27.5799],[-83.785,27.5636],[-83.815,27.5597],[-83.8381,27.5652],[-83.8544,27.58],[-83.8608,27.6052],[-83.8574,27.6406],[-83.8688,27.676],[-83.8953,27.7115],[-83.9002,27.7513]]]}},{"type":"Feature","properties":{"c":"#009900","v0":2.0,"v1":3.0},"geometry":{"type":"Polygon","coordinates":[[[-86.2373,29.8977],[-86.2073,29.9237],[-86.1717,29.9423],[-86.1306,29.9533],[-86.03,29.9495],[-85.87,29.9308],[-85.7711,29.908],[-85.7334,29.8809],[-85.727,29.85],[-85.7519,29.8153],[-85.8708,29.7631],[-86.0836,29.6932],[-86.1999,29.6715],[-86.2198,29.6979],[-86.219,29.7415],[-86.1975,29.8023],[-86.2032,29.8457],[-86.2359,29.8717],[-86.2373,29.8977]],[[-86.1869,29.7633],[-86.1543,29.8674],[-86.076,29.9183],[-85.952,29.916],[-85.8645,29.9074],[-85.8136,29.8923],[-85.7891,29.8717],[-85.7912,29.8457],[-85.8067,29.8228],[-85.8356,29.803],[-85.885,29.7839],[-85.955,29.7655],[-86.025,29.7396],[-86.095,29.7063],[-86.145,29.6895],[-86.175,29.6892],[-86.1933,29.6946],[-86.1999,29.7056],[-86.1869,29.7633]]]}},{"type":"Feature","properties":{"c":"#009900","v0":2.0,"v1":3.0},"geometry":{"type":"Polygon","coordinates":[[[-81.2452,29.754],[-81.2217,29.7704],[-81.1925,29.7747],[-81.1576,29.7671],[-81.1526,29.751],[-81.1775,29.7264],[-81.2,29.7143],[-81.22,29.7148],[-81.2367,29.7228],[-81.2502,29.7382],[-81.2452,29.754]]]}},{"type":"Feature","properties":{"c":"#009900","v0":2.0,"v1":3.0},"geometry":{"type":"Polygon","coordinates":[[[-86.7516,29.5041],[-86.7372,29.5421],[-86.71,29.5697],[-86.67,29.5869],[-86.635,29.5929],[-86.605,29.5878],[-86.5703,29.5645],[-86.5308,29.5232],[-86.5208,29.4882],[-86.5403,29.4597],[-86.575,29.4432],[-86.625,29.4387],[-86.665,29.4276],[-86.695,29.4098],[-86.7199,29.4045],[-86.7398,29.4118],[-86.752,29.4328],[-86.7565,29.4676],[-86.7516,29.5041]],[[-86.6973,29.5286],[-86.6791,29.546],[-86.6571,29.5503],[-86.6313,29.5416],[-86.6313,29.527],[-86.6571,29.5065],[-86.6791,29.5021],[-86.6973,29.514],[-86.6973,29.5286]]]}},{"type":"Feature","properties":{"c":"#009900","v0":2.0,"v1":3.0},"geometry":{"type":"Polygon","coordinates":[[[-85.1385,29.5293],[-85.1195,29.548],[-85.0956,29.5524],[-85.0669,29.5423],[-85.0619,29.5239],[-85.0806,29.4971],[-85.1045,29.4927],[-85.1335,29.5108],[-85.1385,29.5293]]]}},{"type":"Feature","properties":{"c":"#009900","v0":2.0,"v1":3.0},"geometry":{"type":"Polygon","coordinates":[[[-86.1461,29.3207],[-86.1354,29.3405],[-86.12,29.353],[-86.1,29.3583],[-86.0903,29.3527],[-86.0908,29.3364],[-86.1062,29.3239],[-86.1363,29.3152],[-86.1461,29.3207]]]}},{"type":"Feature","properties":{"c":"#009900","v0":2.0,"v1":3.0},"geometry":{"type":"Polygon","coordinates":[[[-86.1548,29.1562],[-86.1383,29.1962],[-86.12,29.2253],[-86.1,29.2435],[-86.08,29.2531],[-86.06,29.2543],[-86.0384,29.2383],[-86.0151,29.2052],[-86.008,29.1799],[-86.0172,29.1624],[-86.0438,29.1406],[-86.0879,29.1145],[-86.1233,29.1101],[-86.1498,29.1275],[-86.1548,29.1562]]]}},{"type":"Feature","properties":{"c":"#009900","v0":2.0,"v1":3.0},"geometry":{"type":"Polygon","coordinates":[[[-79.3212,29.0944],[-79.2471,29.1154],[-79.2027,29.1198],[-79.1882,29.1075],[-79.1932,29.0962],[-79.2177,29.0859],[-79.2621,29.0815],[-79.3262,29.0831],[-79.3212,29.0944]]]}},{"type":"Feature","properties":{"c":"#009900","v0":2.0,"v1":3.0},"geometry":{"type":"Polygon","coordinates":[[[-79.2895,28.6942],[-79.2693,28.7556],[-79.2219,28.7914],[-79.1473,28.8018],[-79.0889,28.793],[-79.0467,28.7651],[-79.0292,28.7292],[-79.0364,28.6854],[-79.0295,28.6503],[-79.0086,28.624],[-79.0084,28.602],[-79.029,28.5844],[-79.067,28.5705],[-79.1223,28.5601],[-79.1812,28.5733],[-79.2437,28.61],[-79.2811,28.6371],[-79.2934,28.6547],[-79.2895,28.6942]]]}},{"type":"Feature","properties":{"c":"#009900","v0":2.0,"v1":3.0},"geometry":{"type":"Polygon","coordinates":[[[-79.8999,28.693],[-79.8666,28.717],[-79.84,28.7273],[-79.82,28.7238],[-79.8072,28.7162],[-79.8016,28.7044],[-79.8018,28.6898],[-79.8079,28.6722],[-79.8207,28.6596],[-79.8402,28.652],[-79.865,28.6513],[-79.895,28.6575],[-79.9116,28.6657],[-79.9149,28.6759],[-79.8999,28.693]]]}},{"type":"Feature","properties":{"c":"#009900","v0":2.0,"v1":3.0},"geometry":{"type":"Polygon","coordinates":[[[-79.9553,28.4272],[-79.9384,28.4467],[-79.9168,28.4511],[-79.8904,28.4404],[-79.8904,28.4246],[-79.9168,28.4036],[-79.9384,28.3992],[-79.9553,28.4114],[-79.9553,28.4272]]]}},{"type":"Feature","properties":{"c":"#009900","v0":2.0,"v1":3.0},"geometry":{"type":"Polygon","coordinates":[[[-79.6682,28.4265],[-79.6427,28.4446],[-79.6116,28.449],[-79.5749,28.4397],[-79.5699,28.4237],[-79.5966,28.401],[-79.6277,28.3966],[-79.6632,28.4105],[-79.6682,28.4265]]]}},{"type":"Feature","properties":{"c":"#009900","v0":2.0,"v1":3.0},"geometry":{"type":"Polygon","coordinates":[[[-79.9825,28.2698],[-79.9475,28.2913],[-79.9018,28.3002],[-79.8455,28.2962],[-79.8188,28.2898],[-79.8216,28.281],[-79.8497,28.2693],[-79.9032,28.2546],[-79.945,28.2458],[-79.975,28.2428],[-79.9925,28.2457],[-79.9975,28.2546],[-79.9825,28.2698]]]}},{"type":"Feature","properties":{"c":"#009900","v0":2.0,"v1":3.0},"geometry":{"type":"Polygon","coordinates":[[[-80.5211,28.1811],[-80.487,28.2014],[-80.435,28.221],[-80.365,28.24],[-80.3196,28.2475],[-80.2989,28.2434],[-80.2935,28.2282],[-80.3034,28.2017],[-80.3237,28.1787],[-80.3546,28.159],[-80.4,28.1452],[-80.46,28.1376],[-80.5,28.137],[-80.52,28.1434],[-80.532,28.1527],[-80.5361,28.1648],[-80.5211,28.1811]]]}},{"type":"Feature","properties":{"c":"#009900","v0":2.0,"v1":3.0},"geometry":{"type":"Polygon","coordinates":[[[-94.3598,28.0959],[-94.3097,28.1577],[-94.256,28.1974],[-94.1987,28.2152],[-94.15,28.2163],[-94.11,28.2007],[-94.05,28.1902],[-93.97,28.1847],[-93.9161,28.1615],[-93.8883,28.1207],[-93.8883,28.0762],[-93.9161,28.0279],[-93.97,27.9846],[-94.05,27.9464],[-94.115,27.9275],[-94.165,27.9282],[-94.1935,27.9406],[-94.2004,27.9647],[-94.1954,27.993],[-94.1785,28.0256],[-94.22,28.0429],[-94.32,28.0451],[-94.3737,28.0509],[-94.3811,28.0603],[-94.3598,28.0959]],[[-94.0127,28.1241],[-93.9976,28.1363],[-93.9833,28.1319],[-93.97,28.1109],[-93.9776,28.1047],[-94.006,28.1136],[-94.0127,28.1241]]]}},{"type":"Feature","properties":{"c":"#009900","v0":2.0,"v1":3.0},"geometry":{"type":"Polygon","coordinates":[[[-81.4336,28.0834],[-81.3912,28.12],[-81.27,28.1305],[-81.07,28.1149],[-80.9557,28.0966],[-80.927,28.0756],[-80.905,28.0342],[-80.8896,27.9723],[-80.904,27.9493],[-80.948,27.965],[-81.0,27.9583],[-81.06,27.929],[-81.115,27.9178],[-81.165,27.9247],[-81.2027,27.9183],[-81.2281,27.8984],[-81.2486,27.8663],[-81.2643,27.8221],[-81.3066,27.7957],[-81.3755,27.787],[-81.4171,27.787],[-81.4313,27.7957],[-81.4394,27.8088],[-81.4414,27.8265],[-81.4243,27.8497],[-81.3881,27.8783],[-81.3563,27.9137],[-81.329,27.9557],[-81.3502,27.9988],[-81.4199,28.043],[-81.4336,28.0834]],[[-81.309,28.0713],[-81.2697,28.0837],[-81.21,28.0752],[-81.13,28.0456],[-81.065,28.0412],[-81.015,28.062],[-80.98,28.0617],[-80.96,28.0404],[-80.985,28.0217],[-81.055,28.0057],[-81.1,27.9882],[-81.12,27.9693],[-81.15,27.9624],[-81.19,27.9675],[-81.22,27.9652],[-81.24,27.9556],[-81.2697,27.9794],[-81.309,28.0365],[-81.309,28.0713]],[[-81.3342,27.8648],[-81.3181,27.8882],[-81.3059,27.8971],[-81.2978,27.8913],[-81.2978,27.8731],[-81.3059,27.8424],[-81.3181,27.8335],[-81.3342,27.8465],[-81.3342,27.8648]]]}},{"type":"Feature","properties":{"c":"#009900","v0":2.0,"v1":3.0},"geometry":{"type":"Polygon","coordinates":[[[-80.7062,27.9233],[-80.6821,27.9577],[-80.61,28.0052],[-80.49,28.066],[-80.38,28.1016],[-80.28,28.1123],[-80.221,28.1133],[-80.2029,28.1047],[-80.2025,28.0871],[-80.2199,28.0606],[-80.214,28.0231],[-80.1847,27.9746],[-80.2535,27.9393],[-80.4206,27.9171],[-80.5071,27.8972],[-80.5131,27.8796],[-80.5091,27.8575],[-80.4952,27.8309],[-80.4937,27.811],[-80.5046,27.7978],[-80.525,27.7927],[-80.555,27.7956],[-80.58,27.8096],[-80.6,27.8348],[-80.6371,27.862],[-80.6912,27.8914],[-80.7062,27.9233]],[[-80.6686,27.9149],[-80.6562,27.9326],[-80.63,27.9489],[-80.59,27.9637],[-80.55,27.9876],[-80.51,28.0204],[-80.47,28.0434],[-80.43,28.0565],[-80.3832,28.0591],[-80.3296,28.0513],[-80.3146,28.0461],[-80.3382,28.0434],[-80.365,28.0245],[-80.395,27.9894],[-80.445,27.9638],[-80.515,27.9477],[-80.565,27.9272],[-80.595,27.9023],[-80.6262,27.8939],[-80.6586,27.902],[-80.6686,27.9149]]]}},{"type":"Feature","properties":{"c":"#009900","v0":2.0,"v1":3.0},"geometry":{"type":"Polygon","coordinates":[[[-93.8286,27.9679],[-93.8196,27.9856],[-93.7888,28.0103],[-93.7363,28.042],[-93.705,28.0578],[-93.695,28.0577],[-93.6797,28.0374],[-93.659,27.997],[-93.669,27.9789],[-93.7097,27.9832],[-93.745,27.9763],[-93.775,27.9581],[-93.8008,27.9515],[-93.8224,27.9566],[-93.8286,27.9679]]]}},{"type":"Feature","properties":{"c":"#009900","v0":2.0,"v1":3.0},"geometry":{"type":"Polygon","coordinates":[[[-95.339,27.7653],[-95.3063,27.8022],[-95.27,27.8265],[-95.23,27.8383],[-95.185,27.8626],[-95.135,27.8997],[-95.09,27.922],[-95.05,27.9296],[-95.0013,27.931],[-94.944,27.9262],[-94.909,27.9105],[-94.8963,27.884],[-94.9,27.8622],[-94.92,27.8451],[-94.9707,27.823],[-95.0522,27.7958],[-95.0988,27.7779],[-95.1106,27.769],[-95.1099,27.7631],[-95.0966,27.7603],[-95.06,27.7603],[-95.0,27.7631],[-94.95,27.7762],[-94.91,27.7995],[-94.87,27.8112],[-94.83,27.8113],[-94.7923,27.8217],[-94.7569,27.8426],[-94.7345,27.8663],[-94.7249,27.8928],[-94.7076,27.9148],[-94.6825,27.9322],[-94.62,27.955],[-94.52,27.983],[-94.46,27.9968],[-94.44,27.9964],[-94.405,27.9755],[-94.355,27.9342],[-94.3,27.9143],[-94.24,27.916],[-94.2039,27.9097],[-94.1918,27.8955],[-94.1968,27.877],[-94.2189,27.8541],[-94.365,27.8185],[-94.635,27.7704],[-94.83,27.7175],[-94.95,27.6598],[-95.0441,27.6378],[-95.1124,27.6515],[-95.1524,27.6748],[-95.1641,27.7077],[-95.205,27.7223],[-95.275,27.7188],[-95.3213,27.7244],[-95.344,27.7394],[-95.339,27.7653]],[[-95.1379,27.8442],[-95.1252,27.8619],[-95.1016,27.8784],[-95.0672,27.8938],[-95.0317,27.8982],[-94.9952,27.8917],[-94.9811,27.8796],[-94.9894,27.8619],[-95.0177,27.844],[-95.0659,27.8259],[-95.1036,27.8214],[-95.1307,27.8307],[-95.1379,27.8442]],[[-95.034,27.7003],[-95.018,27.7135],[-94.9986,27.7179],[-94.9758,27.7136],[-94.9708,27.7023],[-94.9836,27.6839],[-95.003,27.6795],[-95.029,27.689],[-95.034,27.7003]],[[-94.6384,27.8972],[-94.6176,27.9149],[-94.5829,27.9278],[-94.5343,27.9359],[-94.4985,27.9359],[-94.4755,27.9278],[-94.4599,27.9149],[-94.4519,27.8972],[-94.4534,27.8832],[-94.4645,27.8728],[-94.505,27.8659],[-94.575,27.8624],[-94.6197,27.8676],[-94.6391,27.8815],[-94.6384,27.8972]]]}},{"type":"Feature","properties":{"c":"#009900","v0":2.0,"v1":3.0},"geometry":{"type":"Polygon","coordinates":[[[-94.1239,27.8565],[-94.1013,27.8988],[-94.0763,27.9165],[-94.049,27.9095],[-94.0348,27.8972],[-94.0337,27.8796],[-94.0587,27.8619],[-94.1097,27.8442],[-94.1239,27.8565]]]}},{"type":"Feature","properties":{"c":"#009900","v0":2.0,"v1":3.0},"geometry":{"type":"Polygon","coordinates":[[[-96.3273,27.7011],[-96.2224,27.7866],[-96.1517,27.8308],[-96.1151,27.8338],[-96.1422,27.7911],[-96.233,27.7026],[-96.2963,27.6517],[-96.3321,27.6385],[-96.3574,27.6385],[-96.3723,27.6517],[-96.3273,27.7011]]]}},{"type":"Feature","properties":{"c":"#009900","v0":2.0,"v1":3.0},"geometry":{"type":"Polygon","coordinates":[[[-94.6658,27.6672],[-94.6464,27.6849],[-94.5561,27.7115],[-94.3947,27.7469],[-94.273,27.7796],[-94.191,27.8095],[-94.1452,27.8095],[-94.1355,27.7796],[-94.1155,27.7568],[-94.0852,27.7413],[-94.045,27.7284],[-93.995,27.7184],[-93.945,27.7238],[-93.895,27.7447],[-93.8564,27.7487],[-93.8291,27.7357],[-93.8291,27.7222],[-93.8564,27.7083],[-93.915,27.7003],[-94.005,27.6981],[-94.11,27.6627],[-94.23,27.594],[-94.31,27.5672],[-94.35,27.5822],[-94.415,27.5943],[-94.505,27.6036],[-94.5814,27.6208],[-94.6441,27.6458],[-94.6658,27.6672]],[[-94.5256,27.6716],[-94.4845,27.6982],[-94.4154,27.7199],[-94.3185,27.7369],[-94.255,27.7457],[-94.225,27.7463],[-94.1961,27.7378],[-94.1682,27.7203],[-94.1832,27.6862],[-94.2411,27.6357],[-94.32,27.6153],[-94.42,27.6251],[-94.489,27.6371],[-94.5271,27.6513],[-94.5256,27.6716]]]}},{"type":"Feature","properties":{"c":"#009900","v0":2.0,"v1":3.0},"geometry":{"type":"Polygon","coordinates":[[[-96.2405,27.5874],[-96.2202,27.6229],[-96.1844,27.6583],[-96.133,27.6938],[-96.1055,27.6982],[-96.1019,27.6716],[-96.1076,27.634],[-96.1225,27.5854],[-96.15,27.5543],[-96.19,27.5409],[-96.2201,27.5431],[-96.2404,27.5608],[-96.2405,27.5874]]]}},{"type":"Feature","properties":{"c":"#009900","v0":2.0,"v1":3.0},"geometry":{"type":"Polygon","coordinates":[[[-80.1499,27.6844],[-80.1366,27.7011],[-80.1231,27.7056],[-80.1094,27.6977],[-80.1094,27.6837],[-80.1231,27.6636],[-80.1366,27.6591],[-80.1499,27.6704],[-80.1499,27.6844]]]}},{"type":"Feature","properties":{"c":"#009900","v0":2.0,"v1":3.0},"geometry":{"type":"Polygon","coordinates":[[[-94.1955,27.3034],[-94.1441,27.3745],[-94.1036,27.4189],[-94.0737,27.4367],[-94.0266,27.4544],[-93.9622,27.4721],[-93.895,27.4756],[-93.825,27.4648],[-93.7736,27.4737],[-93.7409,27.5022],[-93.6961,27.5254],[-93.6393,27.5431],[-93.5857,27.5782],[-93.5352,27.6307],[-93.4942,27.6529],[-93.4627,27.6447],[-93.4483,27.6185],[-93.4511,27.5742],[-93.4819,27.5368],[-93.5406,27.5065],[-93.5727,27.4666],[-93.5781,27.417],[-93.5931,27.3815],[-93.6177,27.3601],[-93.665,27.3541],[-93.735,27.3637],[-93.8,27.3664],[-93.86,27.3622],[-93.9159,27.337],[-93.9676,27.2909],[-94.0176,27.2584],[-94.0659,27.2395],[-94.115,27.2295],[-94.165,27.2286],[-94.1978,27.238],[-94.2133,27.2579],[-94.1955,27.3034]],[[-94.1026,27.2916],[-94.0942,27.3036],[-94.0828,27.308],[-94.0685,27.305],[-94.0635,27.2986],[-94.0678,27.2889],[-94.0792,27.2845],[-94.0976,27.2853],[-94.1026,27.2916]]]}},{"type":"Feature","properties":{"c":"#009900","v0":2.0,"v1":3.0},"geometry":{"type":"Polygon","coordinates":[[[-80.3746,27.606],[-80.3715,27.643],[-80.3528,27.6519],[-80.3183,27.6326],[-80.3009,27.614],[-80.3006,27.5963],[-80.3078,27.5813],[-80.3226,27.569],[-80.3415,27.569],[-80.3646,27.5813],[-80.3746,27.606]]]}},{"type":"Feature","properties":{"c":"#009900","v0":2.0,"v1":3.0},"geometry":{"type":"Polygon","coordinates":[[[-96.1939,27.4222],[-96.178,27.4467],[-96.16,27.4614],[-96.14,27.4664],[-96.135,27.4564],[-96.145,27.4314],[-96.163,27.4167],[-96.1889,27.4122],[-96.1939,27.4222]]]}},{"type":"Feature","properties":{"c":"#009900","v0":2.0,"v1":3.0},"geometry":{"type":"Polygon","coordinates":[[[-80.4007,27.3308],[-80.3936,27.35],[-80.375,27.358],[-80.345,27.3547],[-80.325,27.3451],[-80.315,27.3292],[-80.315,27.3063],[-80.325,27.2763],[-80.345,27.2606],[-80.375,27.2592],[-80.3936,27.2741],[-80.4007,27.3055],[-80.4007,27.3308]]]}},{"type":"Feature","properties":{"c":"#009900","v0":2.0,"v1":3.0},"geometry":{"type":"Polygon","coordinates":[[[-81.3139,27.2815],[-81.298,27.3087],[-81.28,27.323],[-81.26,27.3244],[-81.255,27.3136],[-81.265,27.2906],[-81.283,27.2763],[-81.3089,27.2707],[-81.3139,27.2815]]]}},{"type":"Feature","properties":{"c":"#009900","v0":2.0,"v1":3.0},"geometry":{"type":"Polygon","coordinates":[[[-83.6912,27.1989],[-83.6637,27.2388],[-83.6314,27.2566],[-83.5941,27.2523],[-83.5941,27.2286],[-83.6314,27.1856],[-83.66,27.163],[-83.68,27.1608],[-83.6937,27.1646],[-83.7012,27.1742],[-83.6912,27.1989]]]}},{"type":"Feature","properties":{"c":"#009900","v0":2.0,"v1":3.0},"geometry":{"type":"Polygon","coordinates":[[[-95.8157,27.1723],[-95.7852,27.1944],[-95.7606,27.2033],[-95.7419,27.1989],[-95.7369,27.1893],[-95.7456,27.1745],[-95.7702,27.1656],[-95.8107,27.1626],[-95.8157,27.1723]]]}},{"type":"Feature","properties":{"c":"#009900","v0":2.0,"v1":3.0},"geometry":{"type":"Polygon","coordinates":[[[-83.1542,27.1872],[-83.1381,27.2036],[-83.1204,27.208],[-83.1012,27.2005],[-83.1012,27.1844],[-83.1204,27.1596],[-83.1381,27.1551],[-83.1542,27.171],[-83.1542,27.1872]]]}},{"type":"Feature","properties":{"c":"#009900","v0":2.0,"v1":3.0},"geometry":{"type":"Polygon","coordinates":[[[-94.2284,27.1826],[-94.2161,27.1899],[-94.208,27.1899],[-94.2041,27.1826],[-94.2103,27.179],[-94.2265,27.179],[-94.2284,27.1826]]]}},{"type":"Feature","properties":{"c":"#009900","v0":2.0,"v1":3.0},"geometry":{"type":"Polygon","coordinates":[[[-82.7791,27.0922],[-82.7597,27.1324],[-82.74,27.1575],[-82.72,27.1674],[-82.7055,27.1696],[-82.6965,27.164],[-82.6917,27.1478],[-82.6912,27.1211],[-82.7007,27.0944],[-82.7202,27.0678],[-82.74,27.0491],[-82.76,27.0384],[-82.7747,27.0429],[-82.7841,27.0624],[-82.7791,27.0922]]]}},{"type":"Feature","properties":{"c":"#009900","v0":2.0,"v1":3.0},"geometry":{"type":"Polygon","coordinates":[[[-80.9646,27.1359],[-80.9549,27.1565],[-80.9419,27.161],[-80.9256,27.1492],[-80.9206,27.1332],[-80.9269,27.1127],[-80.9399,27.1083],[-80.9596,27.1198],[-80.9646,27.1359]]]}},{"type":"Feature","properties":{"c":"#009900","v0":2.0,"v1":3.0},"geometry":{"type":"Polygon","coordinates":[[[-80.2072,27.0442],[-80.1957,27.0594],[-80.1854,27.0639],[-80.1762,27.0575],[-80.1762,27.0461],[-80.1854,27.0296],[-80.1957,27.0252],[-80.2072,27.0327],[-80.2072,27.0442]]]}},{"type":"Feature","properties":{"c":"#009900","v0":2.0,"v1":3.0},"geometry":{"type":"Polygon","coordinates":[[[-95.8197,26.955],[-95.7866,27.0058],[-95.76,27.0209],[-95.74,27.0003],[-95.7296,26.9704],[-95.7288,26.9313],[-95.7181,26.8939],[-95.6975,26.8582],[-95.6978,26.8248],[-95.7193,26.7935],[-95.74,26.7755],[-95.76,26.7707],[-95.7743,26.7729],[-95.783,26.7822],[-95.7869,26.8091],[-95.7861,26.8538],[-95.7984,26.8894],[-95.8236,26.9162],[-95.8197,26.955]]]}},{"type":"Feature","properties":{"c":"#009900","v0":2.0,"v1":3.0},"geometry":{"type":"Polygon","coordinates":[[[-96.9873,26.456],[-96.9744,26.5097],[-96.9384,26.5786],[-96.8795,26.6625],[-96.8396,26.7429],[-96.8188,26.8198],[-96.7888,26.8897],[-96.7496,26.9527],[-96.725,26.9873],[-96.715,26.9935],[-96.68,26.9835],[-96.62,26.9573],[-96.5514,26.945],[-96.4741,26.9466],[-96.4741,26.8866],[-96.5514,26.7648],[-96.64,26.6452],[-96.74,26.5277],[-96.8012,26.4277],[-96.8235,26.3451],[-96.8535,26.2655],[-96.8912,26.1889],[-96.9157,26.1485],[-96.9272,26.1443],[-96.9353,26.1557],[-96.9401,26.1826],[-96.9382,26.232],[-96.9295,26.3037],[-96.9423,26.362],[-96.9766,26.4068],[-96.9873,26.456]],[[-96.8936,26.4963],[-96.867,26.5947],[-96.8378,26.6687],[-96.8059,26.7183],[-96.775,26.7498],[-96.745,26.7632],[-96.7274,26.7384],[-96.7222,26.6754],[-96.7522,26.5912],[-96.8174,26.4858],[-96.86,26.4279],[-96.88,26.4176],[-96.8942,26.4212],[-96.9027,26.4384],[-96.8936,26.4963]]]}},{"type":"Feature","properties":{"c":"#009900","v0":2.0,"v1":3.0},"geometry":{"type":"Polygon","coordinates":[[[-81.466,26.9039],[-81.4553,26.9238],[-81.44,26.9334],[-81.42,26.9327],[-81.405,26.9155],[-81.395,26.8817],[-81.4,26.8617],[-81.42,26.8556],[-81.4403,26.8629],[-81.461,26.8836],[-81.466,26.9039]]]}},{"type":"Feature","properties":{"c":"#009900","v0":2.0,"v1":3.0},"geometry":{"type":"Polygon","coordinates":[[[-97.4086,26.2215],[-97.3295,26.4872],[-97.26,26.6409],[-97.2,26.6831],[-97.145,26.7427],[-97.095,26.8199],[-97.0561,26.8405],[-97.0282,26.8047],[-97.0309,26.7288],[-97.0643,26.6126],[-97.1101,26.5097],[-97.1683,26.4202],[-97.2294,26.3082],[-97.2932,26.1736],[-97.3463,26.0921],[-97.3888,26.0638],[-97.4167,26.0503],[-97.43,26.0517],[-97.4395,26.0614],[-97.4453,26.0794],[-97.4086,26.2215]],[[-97.3942,26.1676],[-97.3647,26.2542],[-97.335,26.3123],[-97.305,26.3417],[-97.2938,26.3298],[-97.3013,26.2766],[-97.3176,26.223],[-97.3426,26.1692],[-97.3639,26.1337],[-97.3813,26.1167],[-97.3947,26.1122],[-97.4042,26.1202],[-97.3942,26.1676]],[[-97.2831,26.5071],[-97.261,26.5556],[-97.255,26.5499],[-97.265,26.4901],[-97.275,26.4536],[-97.285,26.4404],[-97.291,26.4461],[-97.2931,26.4706],[-97.2831,26.5071]],[[-97.1916,26.5679],[-97.1872,26.5947],[-97.1762,26.6139],[-97.1587,26.6255],[-97.1489,26.6121],[-97.1467,26.5737],[-97.1517,26.5464],[-97.1639,26.5302],[-97.176,26.5302],[-97.1879,26.5464],[-97.1916,26.5679]]]}},{"type":"Feature","properties":{"c":"#009900","v0":2.0,"v1":3.0},"geometry":{"type":"Polygon","coordinates":[[[-80.7231,26.7885],[-80.6744,26.8277],[-80.6384,26.8456],[-80.6151,26.8421],[-80.6051,26.8218],[-80.6084,26.7848],[-80.635,26.7619],[-80.685,26.7534],[-80.7194,26.754],[-80.7381,26.764],[-80.7231,26.7885]]]}},{"type":"Feature","properties":{"c":"#009900","v0":2.0,"v1":3.0},"geometry":{"type":"Polygon","coordinates":[[[-81.0522,26.7092],[-81.0374,26.7327],[-81.009,26.7505],[-80.9671,26.7628],[-80.9571,26.7618],[-80.979,26.7476],[-80.9952,26.7252],[-81.0056,26.6948],[-81.0061,26.6662],[-80.9967,26.6394],[-81.0015,26.6136],[-81.0205,26.5887],[-81.035,26.5809],[-81.045,26.5902],[-81.0524,26.6206],[-81.0572,26.6719],[-81.0522,26.7092]]]}},{"type":"Feature","properties":{"c":"#009900","v0":2.0,"v1":3.0},"geometry":{"type":"Polygon","coordinates":[[[-96.5034,25.8006],[-96.4928,25.8366],[-96.4553,25.8951],[-96.3909,25.976],[-96.3615,26.0325],[-96.3672,26.0644],[-96.3909,26.0914],[-96.4326,26.1133],[-96.4204,26.1871],[-96.3544,26.3127],[-96.2946,26.3844],[-96.2409,26.4023],[-96.2032,26.4426],[-96.1814,26.5053],[-96.1354,26.5746],[-96.0651,26.6506],[-95.995,26.7029],[-95.925,26.7316],[-95.87,26.7457],[-95.83,26.7451],[-95.8061,26.7374],[-95.7982,26.7227],[-95.8375,26.6618],[-95.9237,26.5545],[-95.9727,26.4737],[-95.9842,26.4194],[-96.0,26.3888],[-96.02,26.382],[-96.045,26.3991],[-96.075,26.4401],[-96.1096,26.4393],[-96.1489,26.3967],[-96.1612,26.3575],[-96.1465,26.3216],[-96.1145,26.2903],[-96.0655,26.2634],[-96.0379,26.232],[-96.0319,26.1961],[-96.0892,26.1179],[-96.2097,25.9974],[-96.2914,25.9029],[-96.3343,25.8347],[-96.3587,25.7736],[-96.3648,25.7195],[-96.3784,25.6853],[-96.3995,25.6709],[-96.42,25.6654],[-96.44,25.6689],[-96.4647,25.6987],[-96.494,25.7546],[-96.5034,25.8006]],[[-96.4551,25.8301],[-96.425,25.8891],[-96.389,25.934],[-96.347,25.965],[-96.3179,26.0255],[-96.3018,26.1153],[-96.3066,26.1736],[-96.3323,26.2006],[-96.3364,26.2434],[-96.3188,26.3022],[-96.3,26.3369],[-96.28,26.3476],[-96.245,26.3254],[-96.195,26.2701],[-96.1472,26.2399],[-96.1017,26.2346],[-96.0748,26.2185],[-96.0664,26.1916],[-96.0906,26.1602],[-96.1473,26.1243],[-96.2093,26.0704],[-96.2764,25.9985],[-96.335,25.9074],[-96.385,25.7972],[-96.42,25.7454],[-96.44,25.7521],[-96.455,25.7667],[-96.4651,25.7893],[-96.4551,25.8301]],[[-96.0554,26.5767],[-96.0251,26.6212],[-95.985,26.6519],[-95.935,26.6686],[-95.9106,26.6687],[-95.9119,26.6522],[-95.9369,26.61],[-95.9856,26.5421],[-96.02,26.5087],[-96.04,26.5097],[-96.0551,26.5213],[-96.0654,26.5434],[-96.0554,26.5767]]]}},{"type":"Feature","properties":{"c":"#009900","v0":2.0,"v1":3.0},"geometry":{"type":"Polygon","coordinates":[[[-97.2587,25.8366],[-97.2283,25.9086],[-97.1823,25.9575],[-97.1208,25.9835],[-97.088,25.988],[-97.0839,25.971],[-97.0994,25.9445],[-97.1344,25.9086],[-97.1695,25.8591],[-97.2046,25.7961],[-97.2291,25.7612],[-97.243,25.7544],[-97.256,25.7634],[-97.2679,25.7882],[-97.2587,25.8366]]]}},{"type":"Feature","properties":{"c":"#009900","v0":2.0,"v1":3.0},"geometry":{"type":"Polygon","coordinates":[[[-97.4624,25.949],[-97.4469,25.958],[-97.4418,25.9539],[-97.4473,25.9368],[-97.455,25.9323],[-97.4651,25.9405],[-97.4624,25.949]]]}},{"type":"Feature","properties":{"c":"#009900","v0":2.0,"v1":3.0},"geometry":{"type":"Polygon","coordinates":[[[-96.6619,25.0593],[-96.6406,25.0578],[-96.625,25.0472],[-96.615,25.0272],[-96.6187,25.0189],[-96.6361,25.0221],[-96.6517,25.0328],[-96.6656,25.0509],[-96.6619,25.0593]]]}},{"type":"Feature","properties":{"c":"#009900","v0":2.0,"v1":3.0},"geometry":{"type":"Polygon","coordinates":[[[-97.0975,24.4651],[-97.0893,24.5107],[-97.0557,24.5561],[-96.9968,24.6016],[-96.966,24.6334],[-96.9634,24.6516],[-96.9715,24.6698],[-96.9905,24.688],[-97.0009,24.7107],[-97.0028,24.7379],[-96.9903,24.7728],[-96.9634,24.8154],[-96.925,24.8407],[-96.875,24.8488],[-96.835,24.8326],[-96.805,24.7921],[-96.7461,24.7849],[-96.6584,24.8111],[-96.6054,24.806],[-96.587,24.7697],[-96.5632,24.747],[-96.5339,24.7379],[-96.5278,24.7107],[-96.5448,24.6653],[-96.5489,24.6198],[-96.5401,24.5743],[-96.5598,24.4879],[-96.6079,24.3604],[-96.6465,24.2854],[-96.6755,24.263],[-96.71,24.2606],[-96.75,24.2784],[-96.7792,24.2851],[-96.7976,24.2806],[-96.8182,24.2465],[-96.841,24.1826],[-96.8614,24.1416],[-96.8794,24.1233],[-96.9002,24.1188],[-96.9237,24.1279],[-96.946,24.1644],[-96.967,24.2283],[-96.9607,24.2827],[-96.9269,24.3277],[-96.905,24.3784],[-96.895,24.435],[-96.895,24.4671],[-96.905,24.4746],[-96.9177,24.4739],[-96.9331,24.465],[-96.951,24.4333],[-96.9714,24.3786],[-96.9937,24.3423],[-97.0179,24.3243],[-97.0433,24.3243],[-97.07,24.3423],[-97.0879,24.3741],[-97.097,24.4196],[-97.0975,24.4651]],[[-96.9212,24.762],[-96.9004,24.7828],[-96.88,24.7828],[-96.86,24.762],[-96.86,24.7408],[-96.88,24.7192],[-96.9004,24.7192],[-96.9212,24.7408],[-96.9212,24.762]],[[-96.8486,24.4196],[-96.834,24.4834],[-96.8318,24.5289],[-96.842,24.5561],[-96.8396,24.588],[-96.8245,24.6243],[-96.8002,24.668],[-96.7667,24.7188],[-96.725,24.753],[-96.675,24.7706],[-96.65,24.7656],[-96.65,24.7379],[-96.6833,24.6855],[-96.75,24.6084],[-96.775,24.5544],[-96.7583,24.5237],[-96.7335,24.5055],[-96.7004,24.4998],[-96.6875,24.4788],[-96.6947,24.4424],[-96.7122,24.4105],[-96.7401,24.3832],[-96.773,24.3611],[-96.811,24.3441],[-96.835,24.3371],[-96.845,24.34],[-96.8515,24.3531],[-96.8545,24.3762],[-96.8486,24.4196]],[[-96.9174,24.5931],[-96.9125,24.6032],[-96.9035,24.6032],[-96.8905,24.5931],[-96.8905,24.5826],[-96.9035,24.5718],[-96.9125,24.5718],[-96.9174,24.5826],[-96.9174,24.5931]]]}},{"type":"Feature","properties":{"c":"#009900","v0":2.0,"v1":3.0},"geometry":{"type":"Polygon","coordinates":[[[-96.1923,24.6753],[-96.1774,24.7045],[-96.16,24.7228],[-96.14,24.7304],[-96.1204,24.7294],[-96.1011,24.72],[-96.0917,24.7061],[-96.0922,24.688],[-96.1019,24.67],[-96.1206,24.6521],[-96.14,24.6396],[-96.16,24.6323],[-96.1774,24.6367],[-96.1923,24.6527],[-96.1923,24.6753]]]}},{"type":"Feature","properties":{"c":"#009900","v0":2.0,"v1":3.0},"geometry":{"type":"Polygon","coordinates":[[[-96.1297,24.1592],[-96.0766,24.2125],[-96.03,24.2412],[-95.99,24.2451],[-95.9585,24.2412],[-95.9354,24.2295],[-95.9302,24.2009],[-95.9426,24.1553],[-95.9242,24.1309],[-95.8747,24.1277],[-95.82,24.1325],[-95.76,24.145],[-95.7235,24.1375],[-95.7104,24.1098],[-95.7104,24.0864],[-95.7235,24.0672],[-95.77,24.0329],[-95.85,23.9835],[-95.945,23.9487],[-96.055,23.9284],[-96.1193,23.9261],[-96.138,23.9419],[-96.142,23.9818],[-96.1313,24.0457],[-96.1336,24.0914],[-96.1487,24.1188],[-96.1297,24.1592]]]}},{"type":"Feature","properties":{"c":"#009900","v0":2.0,"v1":3.0},"geometry":{"type":"Polygon","coordinates":[[[-97.0702,24.089],[-97.0567,24.1116],[-97.05,24.1105],[-97.05,24.0857],[-97.055,24.0698],[-97.065,24.0628],[-97.0717,24.0639],[-97.0752,24.0731],[-97.0702,24.089]]]}},{"type":"Feature","properties":{"c":"#009900","v0":2.0,"v1":3.0},"geometry":{"type":"Polygon","coordinates":[[[-95.9212,23.8932],[-95.8871,23.9262],[-95.86,23.9427],[-95.84,23.9427],[-95.8209,23.9354],[-95.8028,23.9206],[-95.7986,23.8995],[-95.8082,23.8721],[-95.8322,23.8484],[-95.8707,23.8283],[-95.9021,23.8329],[-95.9262,23.8621],[-95.9212,23.8932]]]}},{"type":"Feature","properties":{"c":"#009900","v0":2.0,"v1":3.0},"geometry":{"type":"Polygon","coordinates":[[[-82.9609,23.2813],[-82.9536,23.3006],[-82.94,23.3159],[-82.92,23.3272],[-82.895,23.3294],[-82.865,23.3226],[-82.81,23.3252],[-82.73,23.3375],[-82.679,23.3394],[-82.6571,23.331],[-82.6571,23.3017],[-82.679,23.2516],[-82.715,23.2303],[-82.765,23.238],[-82.825,23.2386],[-82.895,23.2322],[-82.9386,23.2397],[-82.9559,23.261],[-82.9609,23.2813]],[[-82.7698,23.2964],[-82.7299,23.3091],[-82.7043,23.3091],[-82.6928,23.2964],[-82.6978,23.2816],[-82.7193,23.2647],[-82.7449,23.2647],[-82.7748,23.2816],[-82.7698,23.2964]]]}},{"type":"Feature","properties":{"c":"#009900","v0":2.0,"v1":3.0},"geometry":{"type":"Polygon","coordinates":[[[-81.6481,22.9998],[-81.6227,23.0079],[-81.6061,23.0079],[-81.5984,22.9998],[-81.6034,22.9894],[-81.6211,22.9767],[-81.6377,22.9767],[-81.6531,22.9894],[-81.6481,22.9998]]]}},{"type":"Feature","properties":{"c":"#006600","v0":3.0,"v1":4.0},"geometry":{"type":"Polygon","coordinates":[[[-79.6842,31.8631],[-79.6516,31.8716],[-79.644,31.868],[-79.6613,31.8523],[-79.6776,31.848],[-79.6928,31.8552],[-79.6842,31.8631]]]}},{"type":"Feature","properties":{"c":"#006600","v0":3.0,"v1":4.0},"geometry":{"type":"Polygon","coordinates":[[[-80.4882,30.6362],[-80.4357,30.7222],[-80.3745,30.7891],[-80.3048,30.8368],[-80.235,30.8743],[-80.165,30.9016],[-80.105,30.9362],[-80.055,30.9781],[-79.99,31.0008],[-79.91,31.0044],[-79.8383,31.0017],[-79.775,30.9928],[-79.7514,30.9798],[-79.7674,30.9627],[-79.8452,30.9198],[-79.985,30.8511],[-80.0736,30.7871],[-80.1112,30.7279],[-80.14,30.7019],[-80.16,30.7093],[-80.215,30.6888],[-80.305,30.6405],[-80.385,30.6064],[-80.455,30.5866],[-80.4961,30.5808],[-80.5084,30.589],[-80.4882,30.6362]],[[-80.2882,30.7917],[-80.2761,30.8103],[-80.253,30.8232],[-80.2191,30.8304],[-80.2075,30.8254],[-80.2181,30.8082],[-80.2412,30.7953],[-80.2766,30.7867],[-80.2882,30.7917]],[[-80.0627,30.9148],[-80.0542,30.9393],[-80.04,30.9579],[-80.02,30.9707],[-79.985,30.9758],[-79.935,30.9731],[-79.9047,30.9674],[-79.894,30.9585],[-79.914,30.9378],[-79.9647,30.9051],[-80.005,30.8876],[-80.035,30.8853],[-80.0542,30.8888],[-80.0627,30.898],[-80.0627,30.9148]]]}},{"type":"Feature","properties":{"c":"#006600","v0":3.0,"v1":4.0},"geometry":{"type":"Polygon","coordinates":[[[-80.2087,30.5859],[-80.1829,30.6403],[-80.155,30.6728],[-80.125,30.6835],[-80.1033,30.6735],[-80.0899,30.6429],[-80.0849,30.6128],[-80.0883,30.583],[-80.115,30.5613],[-80.165,30.5476],[-80.1979,30.5453],[-80.2137,30.5543],[-80.2087,30.5859]]]}},{"type":"Feature","properties":{"c":"#006600","v0":3.0,"v1":4.0},"geometry":{"type":"Polygon","coordinates":[[[-81.8519,30.3648],[-81.834,30.3907],[-81.7563,30.4308],[-81.6188,30.4852],[-81.52,30.5089],[-81.46,30.5018],[-81.4152,30.4832],[-81.3855,30.4531],[-81.3355,30.4262],[-81.2652,30.4023],[-81.22,30.3758],[-81.2,30.3466],[-81.1638,30.3283],[-81.1115,30.321],[-81.0815,30.313],[-81.074,30.3044],[-81.0743,30.2742],[-81.0825,30.2223],[-81.0248,30.1532],[-80.9012,30.0666],[-80.841,30.0017],[-80.8443,29.9584],[-80.8619,29.9334],[-80.894,29.9267],[-80.9706,29.9354],[-81.0919,29.9594],[-81.1579,29.9757],[-81.1687,29.9844],[-81.1713,30.0104],[-81.1657,30.0537],[-81.1775,30.0969],[-81.2066,30.1402],[-81.2434,30.1622],[-81.2878,30.1629],[-81.33,30.1712],[-81.37,30.1871],[-81.405,30.1897],[-81.435,30.1789],[-81.4607,30.1879],[-81.4821,30.2166],[-81.5071,30.2363],[-81.5357,30.2469],[-81.61,30.2497],[-81.73,30.2446],[-81.8001,30.2479],[-81.8202,30.2596],[-81.8379,30.2871],[-81.8532,30.3303],[-81.8519,30.3648]],[[-81.791,30.3303],[-81.7778,30.3562],[-81.7509,30.3819],[-81.7103,30.4076],[-81.64,30.4364],[-81.54,30.4684],[-81.4677,30.4685],[-81.4232,30.4367],[-81.364,30.4079],[-81.2901,30.3821],[-81.2424,30.3527],[-81.2208,30.3199],[-81.1904,30.2983],[-81.1513,30.288],[-81.1297,30.2742],[-81.1254,30.2569],[-81.1299,30.2343],[-81.1433,30.2063],[-81.17,30.1973],[-81.21,30.2073],[-81.25,30.209],[-81.29,30.2025],[-81.35,30.2178],[-81.43,30.255],[-81.5446,30.2715],[-81.6939,30.2675],[-81.7758,30.2785],[-81.7903,30.3044],[-81.791,30.3303]],[[-81.1483,30.1513],[-81.1361,30.165],[-81.1,30.1589],[-81.04,30.1332],[-80.9782,30.0831],[-80.9146,30.0087],[-80.9096,29.9697],[-80.9632,29.9662],[-81.0247,29.9749],[-81.0941,29.9957],[-81.1352,30.0407],[-81.148,30.1099],[-81.1483,30.1513]]]}},{"type":"Feature","properties":{"c":"#006600","v0":3.0,"v1":4.0},"geometry":{"type":"Polygon","coordinates":[[[-84.9549,29.1493],[-84.9341,29.1755],[-84.8903,29.2021],[-84.8234,29.2289],[-84.768,29.2638],[-84.7241,29.3068],[-84.695,29.3457],[-84.6805,29.3805],[-84.6724,29.4169],[-84.6708,29.4549],[-84.6803,29.4941],[-84.701,29.5345],[-84.696,29.5895],[-84.6654,29.659],[-84.6572,29.6981],[-84.6715,29.7068],[-84.7112,29.7112],[-84.7765,29.7112],[-84.8043,29.7253],[-84.7948,29.7537],[-84.69,29.8128],[-84.49,29.9026],[-84.345,29.953],[-84.255,29.9639],[-84.175,29.9586],[-84.105,29.9372],[-84.02,29.9429],[-83.92,29.9759],[-83.845,29.9949],[-83.795,30.0001],[-83.71,29.9915],[-83.59,29.9691],[-83.4787,29.9309],[-83.376,29.877],[-83.3256,29.837],[-83.3274,29.811],[-83.3438,29.7852],[-83.3746,29.7595],[-83.4703,29.7335],[-83.631,29.707],[-83.704,29.6721],[-83.6894,29.6286],[-83.6517,29.5895],[-83.5908,29.5547],[-83.5478,29.5133],[-83.5226,29.4652],[-83.46,29.4122],[-83.36,29.3543],[-83.265,29.3298],[-83.175,29.3386],[-83.1158,29.3393],[-83.0875,29.3319],[-83.0588,29.3108],[-83.0298,29.2759],[-82.9889,29.2499],[-82.9363,29.2329],[-82.8822,29.2067],[-82.8265,29.1714],[-82.7804,29.1275],[-82.7438,29.0751],[-82.7389,29.0314],[-82.7656,28.9964],[-82.8068,28.9712],[-82.8623,28.9557],[-82.955,28.8982],[-83.085,28.7985],[-83.25,28.7193],[-83.45,28.6605],[-83.5633,28.6085],[-83.59,28.5632],[-83.6007,28.5317],[-83.5953,28.5142],[-83.557,28.51],[-83.4857,28.5193],[-83.4325,28.5149],[-83.3974,28.4968],[-83.3847,28.4394],[-83.3944,28.3427],[-83.407,28.2853],[-83.4223,28.2673],[-83.46,28.2442],[-83.52,28.2159],[-83.57,28.2144],[-83.61,28.2398],[-83.65,28.2473],[-83.69,28.237],[-83.725,28.215],[-83.755,28.1812],[-83.7753,28.166],[-83.7859,28.1693],[-83.7894,28.1797],[-83.7859,28.1973],[-83.7506,28.2352],[-83.6835,28.2932],[-83.6492,28.3328],[-83.6476,28.3541],[-83.6726,28.357],[-83.7242,28.3418],[-83.7669,28.355],[-83.8008,28.3966],[-83.8308,28.4202],[-83.8569,28.4256],[-83.8756,28.4256],[-83.8867,28.4202],[-83.8943,28.4043],[-83.8982,28.3779],[-83.9126,28.3579],[-83.9375,28.3445],[-83.97,28.3342],[-84.01,28.327],[-84.05,28.3284],[-84.09,28.3384],[-84.1387,28.3663],[-84.196,28.4121],[-84.206,28.4756],[-84.1687,28.5567],[-84.185,28.6093],[-84.255,28.6333],[-84.3311,28.6499],[-84.4134,28.6589],[-84.4134,28.6703],[-84.3311,28.6841],[-84.2722,28.7016],[-84.2366,28.723],[-84.2162,28.7424],[-84.2109,28.7599],[-84.2187,28.7829],[-84.2396,28.8114],[-84.31,28.8596],[-84.43,28.9274],[-84.52,28.969],[-84.58,28.9844],[-84.635,29.0126],[-84.685,29.0536],[-84.76,29.0659],[-84.86,29.0494],[-84.9238,29.065],[-84.9515,29.1125],[-84.9549,29.1493]],[[-83.9539,29.8934],[-83.9343,29.9107],[-83.8958,29.9293],[-83.8386,29.9492],[-83.7985,29.9579],[-83.7754,29.9553],[-83.755,29.9454],[-83.7371,29.9281],[-83.7353,29.9107],[-83.7496,29.8934],[-83.7701,29.8815],[-83.7967,29.8751],[-83.84,29.8708],[-83.9,29.8688],[-83.9384,29.872],[-83.9553,29.8805],[-83.9539,29.8934]],[[-83.6612,29.9074],[-83.6404,29.9182],[-83.61,29.9224],[-83.57,29.9199],[-83.5261,29.9059],[-83.4783,29.8802],[-83.4453,29.8544],[-83.4273,29.8283],[-83.4262,29.8116],[-83.4421,29.8042],[-83.475,29.8055],[-83.525,29.8156],[-83.5804,29.841],[-83.6412,29.8817],[-83.6612,29.9074]],[[-84.8896,29.1616],[-84.8632,29.1775],[-84.8385,29.1775],[-84.8154,29.1616],[-84.8154,29.1468],[-84.8385,29.1329],[-84.8632,29.1329],[-84.8896,29.1468],[-84.8896,29.1616]],[[-84.7418,29.762],[-84.6539,29.7941],[-84.565,29.8352],[-84.475,29.8852],[-84.38,29.9152],[-84.28,29.9251],[-84.18,29.9038],[-84.08,29.8513],[-84.0299,29.8053],[-84.0297,29.7657],[-84.0467,29.7198],[-84.081,29.6677],[-84.0811,29.6083],[-84.047,29.5416],[-84.01,29.5011],[-83.97,29.4869],[-83.9386,29.4637],[-83.9157,29.4315],[-83.8993,29.398],[-83.8892,29.3631],[-83.8892,29.3326],[-83.8994,29.3064],[-83.892,29.2803],[-83.8671,29.2541],[-83.8485,29.2227],[-83.8362,29.1862],[-83.8,29.1627],[-83.74,29.1525],[-83.665,29.1606],[-83.575,29.1871],[-83.48,29.1895],[-83.38,29.1677],[-83.2685,29.1255],[-83.1454,29.0627],[-83.0762,29.0226],[-83.0606,29.0051],[-83.0542,28.9876],[-83.0569,28.9701],[-83.0962,28.934],[-83.1721,28.8791],[-83.265,28.8376],[-83.375,28.8095],[-83.44,28.7798],[-83.46,28.7485],[-83.495,28.7296],[-83.545,28.7232],[-83.6019,28.6971],[-83.6658,28.6513],[-83.7009,28.6196],[-83.707,28.602],[-83.6956,28.5537],[-83.6664,28.4746],[-83.6574,28.4263],[-83.6684,28.4087],[-83.683,28.3962],[-83.701,28.3888],[-83.72,28.3884],[-83.74,28.3948],[-83.7549,28.4205],[-83.7646,28.4654],[-83.7796,28.4948],[-83.7999,28.5087],[-83.8457,28.4955],[-83.9172,28.4552],[-83.9572,28.417],[-83.9657,28.3809],[-83.985,28.3588],[-84.015,28.3508],[-84.045,28.351],[-84.075,28.3594],[-84.1091,28.3903],[-84.1473,28.4436],[-84.1464,28.501],[-84.1064,28.5625],[-84.1196,28.6152],[-84.1862,28.6591],[-84.2066,28.6942],[-84.1809,28.7205],[-84.1696,28.7424],[-84.1727,28.7599],[-84.1982,28.7929],[-84.2461,28.8411],[-84.325,28.8949],[-84.435,28.9541],[-84.518,28.9912],[-84.574,29.0063],[-84.6183,29.0357],[-84.651,29.0794],[-84.6661,29.1275],[-84.6636,29.1799],[-84.6745,29.2192],[-84.6989,29.2454],[-84.6984,29.2803],[-84.673,29.3239],[-84.6555,29.3762],[-84.646,29.4372],[-84.6474,29.4938],[-84.6597,29.546],[-84.6518,29.6069],[-84.6237,29.6764],[-84.6197,29.7175],[-84.6399,29.7302],[-84.68,29.7327],[-84.74,29.7249],[-84.7739,29.7272],[-84.7818,29.7397],[-84.7418,29.762]]]}},{"type":"Feature","properties":{"c":"#006600","v0":3.0,"v1":4.0},"geometry":{"type":"Polygon","coordinates":[[[-86.1869,29.7633],[-86.1543,29.8674],[-86.076,29.9183],[-85.952,29.916],[-85.8645,29.9074],[-85.8136,29.8923],[-85.7891,29.8717],[-85.7912,29.8457],[-85.8067,29.8228],[-85.8356,29.803],[-85.885,29.7839],[-85.955,29.7655],[-86.025,29.7396],[-86.095,29.7063],[-86.145,29.6895],[-86.175,29.6892],[-86.1933,29.6946],[-86.1999,29.7056],[-86.1869,29.7633]],[[-86.1625,29.7526],[-86.1408,29.8007],[-86.11,29.8423],[-86.07,29.8775],[-86.015,29.8963],[-85.945,29.8989],[-85.888,29.892],[-85.8439,29.8756],[-85.83,29.8544],[-85.8461,29.8283],[-85.8931,29.8037],[-85.971,29.7806],[-86.03,29.7558],[-86.07,29.7293],[-86.105,29.7134],[-86.135,29.7079],[-86.1558,29.711],[-86.1675,29.7227],[-86.1625,29.7526]]]}},{"type":"Feature","properties":{"c":"#006600","v0":3.0,"v1":4.0},"geometry":{"type":"Polygon","coordinates":[[[-86.6973,29.5286],[-86.6791,29.546],[-86.6571,29.5503],[-86.6313,29.5416],[-86.6313,29.527],[-86.6571,29.5065],[-86.6791,29.5021],[-86.6973,29.514],[-86.6973,29.5286]]]}},{"type":"Feature","properties":{"c":"#006600","v0":3.0,"v1":4.0},"geometry":{"type":"Polygon","coordinates":[[[-85.8515,29.0948],[-85.8372,29.1168],[-85.805,29.132],[-85.755,29.1403],[-85.68,29.131],[-85.58,29.104],[-85.5214,29.0801],[-85.5042,29.0593],[-85.5292,29.0284],[-85.5964,28.9875],[-85.66,28.9671],[-85.72,28.9671],[-85.7684,28.9745],[-85.8053,28.9891],[-85.8324,29.0182],[-85.8499,29.062],[-85.8515,29.0948]],[[-85.7955,29.0401],[-85.7883,29.0576],[-85.7711,29.0722],[-85.7437,29.0841],[-85.7145,29.0884],[-85.6834,29.0854],[-85.6565,29.0751],[-85.6338,29.0576],[-85.6271,29.0401],[-85.6363,29.0226],[-85.6582,29.0084],[-85.6927,28.9975],[-85.7257,28.9932],[-85.7572,28.9953],[-85.7794,29.0051],[-85.7926,29.0226],[-85.7955,29.0401]]]}},{"type":"Feature","properties":{"c":"#006600","v0":3.0,"v1":4.0},"geometry":{"type":"Polygon","coordinates":[[[-85.2816,29.0953],[-85.2605,29.1182],[-85.2378,29.1269],[-85.2134,29.1215],[-85.2134,29.1058],[-85.2378,29.08],[-85.2605,29.0712],[-85.2816,29.0796],[-85.2816,29.0953]]]}},{"type":"Feature","properties":{"c":"#006600","v0":3.0,"v1":4.0},"geometry":{"type":"Polygon","coordinates":[[[-84.7195,28.6991],[-84.6732,28.7003],[-84.646,28.6915],[-84.6381,28.6728],[-84.6531,28.6623],[-84.691,28.6599],[-84.7182,28.6687],[-84.7345,28.6886],[-84.7195,28.6991]]]}},{"type":"Feature","properties":{"c":"#006600","v0":3.0,"v1":4.0},"geometry":{"type":"Polygon","coordinates":[[[-94.0127,28.1241],[-93.9976,28.1363],[-93.9833,28.1319],[-93.97,28.1109],[-93.9776,28.1047],[-94.006,28.1136],[-94.0127,28.1241]]]}},{"type":"Feature","properties":{"c":"#006600","v0":3.0,"v1":4.0},"geometry":{"type":"Polygon","coordinates":[[[-83.9002,27.7513],[-83.8838,27.7955],[-83.8709,27.8619],[-83.8616,27.9503],[-83.7896,28.0033],[-83.6548,28.0209],[-83.572,28.0386],[-83.5412,28.0562],[-83.5168,28.0798],[-83.4989,28.1094],[-83.48,28.127],[-83.46,28.1327],[-83.42,28.107],[-83.36,28.0497],[-83.295,28.0103],[-83.225,27.9889],[-83.17,27.9798],[-83.13,27.983],[-83.0764,27.965],[-83.0093,27.9257],[-82.9293,27.8595],[-82.8364,27.7662],[-82.7567,27.6954],[-82.69,27.6471],[-82.665,27.5771],[-82.6817,27.4855],[-82.635,27.4386],[-82.525,27.4365],[-82.4622,27.4113],[-82.4465,27.3631],[-82.4565,27.3276],[-82.4922,27.3049],[-82.535,27.2875],[-82.585,27.2754],[-82.63,27.2813],[-82.67,27.3053],[-82.7067,27.3183],[-82.7401,27.3202],[-82.7651,27.3356],[-82.7817,27.3645],[-82.825,27.3637],[-82.895,27.3334],[-82.941,27.3278],[-82.9629,27.3471],[-82.9879,27.36],[-83.016,27.3665],[-83.0495,27.362],[-83.0884,27.3467],[-83.1234,27.3242],[-83.1545,27.2945],[-83.195,27.2797],[-83.245,27.2798],[-83.2812,27.2857],[-83.3036,27.2975],[-83.3183,27.3168],[-83.3251,27.3434],[-83.2946,27.3923],[-83.2267,27.4633],[-83.1971,27.5091],[-83.2057,27.5298],[-83.3489,27.5121],[-83.6267,27.4559],[-83.7701,27.4367],[-83.7792,27.4544],[-83.7616,27.4855],[-83.7173,27.5298],[-83.6938,27.5697],[-83.6911,27.6052],[-83.7098,27.6086],[-83.7499,27.5799],[-83.785,27.5636],[-83.815,27.5597],[-83.8381,27.5652],[-83.8544,27.58],[-83.8608,27.6052],[-83.8574,27.6406],[-83.8688,27.676],[-83.8953,27.7115],[-83.9002,27.7513]],[[-83.8268,27.9193],[-83.8171,27.9458],[-83.8017,27.9601],[-83.7806,27.9621],[-83.755,27.942],[-83.725,27.8995],[-83.69,27.9056],[-83.65,27.96],[-83.59,27.9978],[-83.51,28.0189],[-83.455,28.0125],[-83.425,27.9787],[-83.375,27.945],[-83.305,27.9114],[-83.22,27.8821],[-83.12,27.8572],[-83.025,27.8258],[-82.935,27.7879],[-82.8811,27.759],[-82.8633,27.7391],[-82.8483,27.7076],[-82.8361,27.6645],[-82.8008,27.6335],[-82.7423,27.6146],[-82.7134,27.5919],[-82.7141,27.5653],[-82.7284,27.5345],[-82.7561,27.4995],[-82.785,27.474],[-82.815,27.4579],[-82.86,27.4393],[-82.92,27.4183],[-82.975,27.4095],[-83.025,27.4129],[-83.085,27.392],[-83.155,27.3467],[-83.2084,27.3234],[-83.2452,27.3219],[-83.2648,27.3301],[-83.2673,27.3479],[-83.2389,27.3916],[-83.1796,27.4611],[-83.1564,27.5099],[-83.1691,27.538],[-83.1891,27.5579],[-83.2164,27.5697],[-83.27,27.5618],[-83.35,27.5342],[-83.41,27.5202],[-83.45,27.5197],[-83.49,27.5329],[-83.53,27.5598],[-83.5666,27.5989],[-83.5999,27.6503],[-83.6139,27.6893],[-83.6085,27.7159],[-83.5861,27.7513],[-83.5469,27.7955],[-83.5308,27.8265],[-83.5377,27.8442],[-83.5534,27.8578],[-83.5778,27.8673],[-83.6044,27.8673],[-83.6331,27.8578],[-83.6583,27.8354],[-83.6802,27.8],[-83.7059,27.7713],[-83.7353,27.7492],[-83.7574,27.7448],[-83.7722,27.758],[-83.7745,27.7823],[-83.7643,27.8177],[-83.7719,27.8404],[-83.7973,27.8504],[-83.8154,27.8681],[-83.8262,27.8934],[-83.8268,27.9193]],[[-83.8006,27.6315],[-83.7802,27.6486],[-83.77,27.6457],[-83.77,27.6226],[-83.775,27.6083],[-83.785,27.6028],[-83.7952,27.6057],[-83.8056,27.6172],[-83.8006,27.6315]]]}},{"type":"Feature","properties":{"c":"#006600","v0":3.0,"v1":4.0},"geometry":{"type":"Polygon","coordinates":[[[-81.309,28.0713],[-81.2697,28.0837],[-81.21,28.0752],[-81.13,28.0456],[-81.065,28.0412],[-81.015,28.062],[-80.98,28.0617],[-80.96,28.0404],[-80.985,28.0217],[-81.055,28.0057],[-81.1,27.9882],[-81.12,27.9693],[-81.15,27.9624],[-81.19,27.9675],[-81.22,27.9652],[-81.24,27.9556],[-81.2697,27.9794],[-81.309,28.0365],[-81.309,28.0713]]]}},{"type":"Feature","properties":{"c":"#006600","v0":3.0,"v1":4.0},"geometry":{"type":"Polygon","coordinates":[[[-80.6686,27.9149],[-80.6562,27.9326],[-80.63,27.9489],[-80.59,27.9637],[-80.55,27.9876],[-80.51,28.0204],[-80.47,28.0434],[-80.43,28.0565],[-80.3832,28.0591],[-80.3296,28.0513],[-80.3146,28.0461],[-80.3382,28.0434],[-80.365,28.0245],[-80.395,27.9894],[-80.445,27.9638],[-80.515,27.9477],[-80.565,27.9272],[-80.595,27.9023],[-80.6262,27.8939],[-80.6586,27.902],[-80.6686,27.9149]]]}},{"type":"Feature","properties":{"c":"#006600","v0":3.0,"v1":4.0},"geometry":{"type":"Polygon","coordinates":[[[-94.6384,27.8972],[-94.6176,27.9149],[-94.5829,27.9278],[-94.5343,27.9359],[-94.4985,27.9359],[-94.4755,27.9278],[-94.4599,27.9149],[-94.4519,27.8972],[-94.4534,27.8832],[-94.4645,27.8728],[-94.505,27.8659],[-94.575,27.8624],[-94.6197,27.8676],[-94.6391,27.8815],[-94.6384,27.8972]]]}},{"type":"Feature","properties":{"c":"#006600","v0":3.0,"v1":4.0},"geometry":{"type":"Polygon","coordinates":[[[-95.1379,27.8442],[-95.1252,27.8619],[-95.1016,27.8784],[-95.0672,27.8938],[-95.0317,27.8982],[-94.9952,27.8917],[-94.9811,27.8796],[-94.9894,27.8619],[-95.0177,27.844],[-95.0659,27.8259],[-95.1036,27.8214],[-95.1307,27.8307],[-95.1379,27.8442]]]}},{"type":"Feature","properties":{"c":"#006600","v0":3.0,"v1":4.0},"geometry":{"type":"Polygon","coordinates":[[[-81.3342,27.8648],[-81.3181,27.8882],[-81.3059,27.8971],[-81.2978,27.8913],[-81.2978,27.8731],[-81.3059,27.8424],[-81.3181,27.8335],[-81.3342,27.8465],[-81.3342,27.8648]]]}},{"type":"Feature","properties":{"c":"#006600","v0":3.0,"v1":4.0},"geometry":{"type":"Polygon","coordinates":[[[-94.5256,27.6716],[-94.4845,27.6982],[-94.4154,27.7199],[-94.3185,27.7369],[-94.255,27.7457],[-94.225,27.7463],[-94.1961,27.7378],[-94.1682,27.7203],[-94.1832,27.6862],[-94.2411,27.6357],[-94.32,27.6153],[-94.42,27.6251],[-94.489,27.6371],[-94.5271,27.6513],[-94.5256,27.6716]],[[-94.4432,27.6847],[-94.4077,27.7021],[-94.365,27.713],[-94.315,27.7174],[-94.275,27.7178],[-94.245,27.7141],[-94.228,27.7077],[-94.2241,27.6984],[-94.2391,27.6802],[-94.273,27.653],[-94.325,27.6431],[-94.395,27.6503],[-94.4377,27.6594],[-94.4532,27.6705],[-94.4432,27.6847]]]}},{"type":"Feature","properties":{"c":"#006600","v0":3.0,"v1":4.0},"geometry":{"type":"Polygon","coordinates":[[[-95.034,27.7003],[-95.018,27.7135],[-94.9986,27.7179],[-94.9758,27.7136],[-94.9708,27.7023],[-94.9836,27.6839],[-95.003,27.6795],[-95.029,27.689],[-95.034,27.7003]]]}},{"type":"Feature","properties":{"c":"#006600","v0":3.0,"v1":4.0},"geometry":{"type":"Polygon","coordinates":[[[-84.19,27.4062],[-84.1767,27.434],[-84.155,27.4563],[-84.125,27.4732],[-84.0729,27.4815],[-83.9988,27.4812],[-83.9717,27.45],[-83.9919,27.3878],[-84.034,27.3323],[-84.098,27.2834],[-84.1467,27.2923],[-84.18,27.359],[-84.19,27.4062]],[[-84.119,27.4149],[-84.0997,27.4245],[-84.0847,27.4245],[-84.0742,27.4149],[-84.0742,27.4052],[-84.0847,27.3957],[-84.0997,27.3957],[-84.119,27.4052],[-84.119,27.4149]]]}},{"type":"Feature","properties":{"c":"#006600","v0":3.0,"v1":4.0},"geometry":{"type":"Polygon","coordinates":[[[-94.1026,27.2916],[-94.0942,27.3036],[-94.0828,27.308],[-94.0685,27.305],[-94.0635,27.2986],[-94.0678,27.2889],[-94.0792,27.2845],[-94.0976,27.2853],[-94.1026,27.2916]]]}},{"type":"Feature","properties":{"c":"#006600","v0":3.0,"v1":4.0},"geometry":{"type":"Polygon","coordinates":[[[-96.8936,26.4963],[-96.867,26.5947],[-96.8378,26.6687],[-96.8059,26.7183],[-96.775,26.7498],[-96.745,26.7632],[-96.7274,26.7384],[-96.7222,26.6754],[-96.7522,26.5912],[-96.8174,26.4858],[-96.86,26.4279],[-96.88,26.4176],[-96.8942,26.4212],[-96.9027,26.4384],[-96.8936,26.4963]],[[-96.829,26.6092],[-96.8163,26.6471],[-96.8,26.674],[-96.78,26.6899],[-96.7714,26.6843],[-96.7742,26.6574],[-96.7892,26.626],[-96.8164,26.5901],[-96.8313,26.5767],[-96.834,26.5857],[-96.829,26.6092]]]}},{"type":"Feature","properties":{"c":"#006600","v0":3.0,"v1":4.0},"geometry":{"type":"Polygon","coordinates":[[[-96.0554,26.5767],[-96.0251,26.6212],[-95.985,26.6519],[-95.935,26.6686],[-95.9106,26.6687],[-95.9119,26.6522],[-95.9369,26.61],[-95.9856,26.5421],[-96.02,26.5087],[-96.04,26.5097],[-96.0551,26.5213],[-96.0654,26.5434],[-96.0554,26.5767]]]}},{"type":"Feature","properties":{"c":"#006600","v0":3.0,"v1":4.0},"geometry":{"type":"Polygon","coordinates":[[[-97.2831,26.5071],[-97.261,26.5556],[-97.255,26.5499],[-97.265,26.4901],[-97.275,26.4536],[-97.285,26.4404],[-97.291,26.4461],[-97.2931,26.4706],[-97.2831,26.5071]]]}},{"type":"Feature","properties":{"c":"#006600","v0":3.0,"v1":4.0},"geometry":{"type":"Polygon","coordinates":[[[-97.3942,26.1676],[-97.3647,26.2542],[-97.335,26.3123],[-97.305,26.3417],[-97.2938,26.3298],[-97.3013,26.2766],[-97.3176,26.223],[-97.3426,26.1692],[-97.3639,26.1337],[-97.3813,26.1167],[-97.3947,26.1122],[-97.4042,26.1202],[-97.3942,26.1676]]]}},{"type":"Feature","properties":{"c":"#006600","v0":3.0,"v1":4.0},"geometry":{"type":"Polygon","coordinates":[[[-96.4551,25.8301],[-96.425,25.8891],[-96.389,25.934],[-96.347,25.965],[-96.3179,26.0255],[-96.3018,26.1153],[-96.3066,26.1736],[-96.3323,26.2006],[-96.3364,26.2434],[-96.3188,26.3022],[-96.3,26.3369],[-96.28,26.3476],[-96.245,26.3254],[-96.195,26.2701],[-96.1472,26.2399],[-96.1017,26.2346],[-96.0748,26.2185],[-96.0664,26.1916],[-96.0906,26.1602],[-96.1473,26.1243],[-96.2093,26.0704],[-96.2764,25.9985],[-96.335,25.9074],[-96.385,25.7972],[-96.42,25.7454],[-96.44,25.7521],[-96.455,25.7667],[-96.4651,25.7893],[-96.4551,25.8301]],[[-96.2858,26.0825],[-96.2753,26.1067],[-96.26,26.1226],[-96.24,26.1302],[-96.235,26.1146],[-96.245,26.076],[-96.255,26.0538],[-96.265,26.0483],[-96.2753,26.0517],[-96.2858,26.0642],[-96.2858,26.0825]],[[-96.4099,25.8627],[-96.3966,25.8789],[-96.39,25.8797],[-96.39,25.8651],[-96.3966,25.857],[-96.4099,25.8554],[-96.4099,25.8627]]]}},{"type":"Feature","properties":{"c":"#006600","v0":3.0,"v1":4.0},"geometry":{"type":"Polygon","coordinates":[[[-96.9212,24.762],[-96.9004,24.7828],[-96.88,24.7828],[-96.86,24.762],[-96.86,24.7408],[-96.88,24.7192],[-96.9004,24.7192],[-96.9212,24.7408],[-96.9212,24.762]]]}},{"type":"Feature","properties":{"c":"#006600","v0":3.0,"v1":4.0},"geometry":{"type":"Polygon","coordinates":[[[-96.8486,24.4196],[-96.834,24.4834],[-96.8318,24.5289],[-96.842,24.5561],[-96.8396,24.588],[-96.8245,24.6243],[-96.8002,24.668],[-96.7667,24.7188],[-96.725,24.753],[-96.675,24.7706],[-96.65,24.7656],[-96.65,24.7379],[-96.6833,24.6855],[-96.75,24.6084],[-96.775,24.5544],[-96.7583,24.5237],[-96.7335,24.5055],[-96.7004,24.4998],[-96.6875,24.4788],[-96.6947,24.4424],[-96.7122,24.4105],[-96.7401,24.3832],[-96.773,24.3611],[-96.811,24.3441],[-96.835,24.3371],[-96.845,24.34],[-96.8515,24.3531],[-96.8545,24.3762],[-96.8486,24.4196]]]}},{"type":"Feature","properties":{"c":"#006600","v0":3.0,"v1":4.0},"geometry":{"type":"Polygon","coordinates":[[[-96.9174,24.5931],[-96.9125,24.6032],[-96.9035,24.6032],[-96.8905,24.5931],[-96.8905,24.5826],[-96.9035,24.5718],[-96.9125,24.5718],[-96.9174,24.5826],[-96.9174,24.5931]]]}},{"type":"Feature","properties":{"c":"#006600","v0":3.0,"v1":4.0},"geometry":{"type":"Polygon","coordinates":[[[-82.7698,23.2964],[-82.7299,23.3091],[-82.7043,23.3091],[-82.6928,23.2964],[-82.6978,23.2816],[-82.7193,23.2647],[-82.7449,23.2647],[-82.7748,23.2816],[-82.7698,23.2964]]]}},{"type":"Feature","properties":{"c":"#ffff00","v0":4.0,"v1":6.0},"geometry":{"type":"Polygon","coordinates":[[[-80.0627,30.9148],[-80.0542,30.9393],[-80.04,30.9579],[-80.02,30.9707],[-79.985,30.9758],[-79.935,30.9731],[-79.9047,30.9674],[-79.894,30.9585],[-79.914,30.9378],[-79.9647,30.9051],[-80.005,30.8876],[-80.035,30.8853],[-80.0542,30.8888],[-80.0627,30.898],[-80.0627,30.9148]]]}},{"type":"Feature","properties":{"c":"#ffff00","v0":4.0,"v1":6.0},"geometry":{"type":"Polygon","coordinates":[[[-80.2882,30.7917],[-80.2761,30.8103],[-80.253,30.8232],[-80.2191,30.8304],[-80.2075,30.8254],[-80.2181,30.8082],[-80.2412,30.7953],[-80.2766,30.7867],[-80.2882,30.7917]]]}},{"type":"Feature","properties":{"c":"#ffff00","v0":4.0,"v1":6.0},"geometry":{"type":"Polygon","coordinates":[[[-81.791,30.3303],[-81.7778,30.3562],[-81.7509,30.3819],[-81.7103,30.4076],[-81.64,30.4364],[-81.54,30.4684],[-81.4677,30.4685],[-81.4232,30.4367],[-81.364,30.4079],[-81.2901,30.3821],[-81.2424,30.3527],[-81.2208,30.3199],[-81.1904,30.2983],[-81.1513,30.288],[-81.1297,30.2742],[-81.1254,30.2569],[-81.1299,30.2343],[-81.1433,30.2063],[-81.17,30.1973],[-81.21,30.2073],[-81.25,30.209],[-81.29,30.2025],[-81.35,30.2178],[-81.43,30.255],[-81.5446,30.2715],[-81.6939,30.2675],[-81.7758,30.2785],[-81.7903,30.3044],[-81.791,30.3303]],[[-81.4809,30.361],[-81.4603,30.3793],[-81.425,30.3847],[-81.375,30.3774],[-81.3363,30.364],[-81.3089,30.3444],[-81.2945,30.3216],[-81.293,30.2957],[-81.3117,30.2825],[-81.3506,30.282],[-81.3999,30.295],[-81.4597,30.3214],[-81.49,30.3389],[-81.4908,30.3475],[-81.4809,30.361]]]}},{"type":"Feature","properties":{"c":"#ffff00","v0":4.0,"v1":6.0},"geometry":{"type":"Polygon","coordinates":[[[-81.1483,30.1513],[-81.1361,30.165],[-81.1,30.1589],[-81.04,30.1332],[-80.9782,30.0831],[-80.9146,30.0087],[-80.9096,29.9697],[-80.9632,29.9662],[-81.0247,29.9749],[-81.0941,29.9957],[-81.1352,30.0407],[-81.148,30.1099],[-81.1483,30.1513]],[[-81.0768,30.0641],[-81.0723,30.0763],[-81.06,30.0824],[-81.04,30.0823],[-81.0249,30.0632],[-81.0146,30.0251],[-81.0241,30.0104],[-81.0535,30.019],[-81.0709,30.032],[-81.0764,30.0493],[-81.0768,30.0641]]]}},{"type":"Feature","properties":{"c":"#ffff00","v0":4.0,"v1":6.0},"geometry":{"type":"Polygon","coordinates":[[[-83.9539,29.8934],[-83.9343,29.9107],[-83.8958,29.9293],[-83.8386,29.9492],[-83.7985,29.9579],[-83.7754,29.9553],[-83.755,29.9454],[-83.7371,29.9281],[-83.7353,29.9107],[-83.7496,29.8934],[-83.7701,29.8815],[-83.7967,29.8751],[-83.84,29.8708],[-83.9,29.8688],[-83.9384,29.872],[-83.9553,29.8805],[-83.9539,29.8934]]]}},{"type":"Feature","properties":{"c":"#ffff00","v0":4.0,"v1":6.0},"geometry":{"type":"Polygon","coordinates":[[[-84.7418,29.762],[-84.6539,29.7941],[-84.565,29.8352],[-84.475,29.8852],[-84.38,29.9152],[-84.28,29.9251],[-84.18,29.9038],[-84.08,29.8513],[-84.0299,29.8053],[-84.0297,29.7657],[-84.0467,29.7198],[-84.081,29.6677],[-84.0811,29.6083],[-84.047,29.5416],[-84.01,29.5011],[-83.97,29.4869],[-83.9386,29.4637],[-83.9157,29.4315],[-83.8993,29.398],[-83.8892,29.3631],[-83.8892,29.3326],[-83.8994,29.3064],[-83.892,29.2803],[-83.8671,29.2541],[-83.8485,29.2227],[-83.8362,29.1862],[-83.8,29.1627],[-83.74,29.1525],[-83.665,29.1606],[-83.575,29.1871],[-83.48,29.1895],[-83.38,29.1677],[-83.2685,29.1255],[-83.1454,29.0627],[-83.0762,29.0226],[-83.0606,29.0051],[-83.0542,28.9876],[-83.0569,28.9701],[-83.0962,28.934],[-83.1721,28.8791],[-83.265,28.8376],[-83.375,28.8095],[-83.44,28.7798],[-83.46,28.7485],[-83.495,28.7296],[-83.545,28.7232],[-83.6019,28.6971],[-83.6658,28.6513],[-83.7009,28.6196],[-83.707,28.602],[-83.6956,28.5537],[-83.6664,28.4746],[-83.6574,28.4263],[-83.6684,28.4087],[-83.683,28.3962],[-83.701,28.3888],[-83.72,28.3884],[-83.74,28.3948],[-83.7549,28.4205],[-83.7646,28.4654],[-83.7796,28.4948],[-83.7999,28.5087],[-83.8457,28.4955],[-83.9172,28.4552],[-83.9572,28.417],[-83.9657,28.3809],[-83.985,28.3588],[-84.015,28.3508],[-84.045,28.351],[-84.075,28.3594],[-84.1091,28.3903],[-84.1473,28.4436],[-84.1464,28.501],[-84.1064,28.5625],[-84.1196,28.6152],[-84.1862,28.6591],[-84.2066,28.6942],[-84.1809,28.7205],[-84.1696,28.7424],[-84.1727,28.7599],[-84.1982,28.7929],[-84.2461,28.8411],[-84.325,28.8949],[-84.435,28.9541],[-84.518,28.9912],[-84.574,29.0063],[-84.6183,29.0357],[-84.651,29.0794],[-84.6661,29.1275],[-84.6636,29.1799],[-84.6745,29.2192],[-84.6989,29.2454],[-84.6984,29.2803],[-84.673,29.3239],[-84.6555,29.3762],[-84.646,29.4372],[-84.6474,29.4938],[-84.6597,29.546],[-84.6518,29.6069],[-84.6237,29.6764],[-84.6197,29.7175],[-84.6399,29.7302],[-84.68,29.7327],[-84.74,29.7249],[-84.7739,29.7272],[-84.7818,29.7397],[-84.7418,29.762]],[[-84.6206,29.3762],[-84.6107,29.4372],[-84.6097,29.4938],[-84.6174,29.546],[-84.5987,29.6025],[-84.5536,29.6634],[-84.528,29.7198],[-84.5218,29.7719],[-84.4965,29.8165],[-84.4522,29.8535],[-84.4086,29.8708],[-84.3659,29.8685],[-84.3483,29.85],[-84.3559,29.8153],[-84.3212,29.7806],[-84.2442,29.7459],[-84.2168,29.7213],[-84.2389,29.7069],[-84.275,29.7029],[-84.325,29.7091],[-84.3753,29.7033],[-84.4258,29.6854],[-84.4512,29.6721],[-84.4514,29.6634],[-84.4261,29.6355],[-84.3754,29.5884],[-84.31,29.5497],[-84.23,29.5193],[-84.175,29.4725],[-84.145,29.4091],[-84.1062,29.3782],[-84.0587,29.3798],[-84.03,29.3762],[-84.0201,29.3675],[-84.0189,29.3546],[-84.0263,29.3377],[-84.05,29.3315],[-84.09,29.3359],[-84.145,29.3316],[-84.215,29.3186],[-84.255,29.2971],[-84.265,29.2672],[-84.265,29.2476],[-84.255,29.2384],[-84.22,29.2307],[-84.16,29.2245],[-84.11,29.2061],[-84.07,29.1753],[-84.0338,29.1584],[-84.0015,29.1553],[-83.9282,29.1275],[-83.814,29.0751],[-83.7435,29.0095],[-83.7168,28.9308],[-83.7057,28.8476],[-83.7102,28.7599],[-83.7249,28.6985],[-83.7497,28.6635],[-83.779,28.6383],[-83.813,28.6232],[-83.875,28.619],[-83.965,28.6255],[-84.0254,28.6463],[-84.0562,28.6811],[-84.0686,28.7161],[-84.0625,28.7512],[-84.0871,28.7781],[-84.1424,28.797],[-84.19,28.8284],[-84.23,28.8724],[-84.335,28.9373],[-84.505,29.0229],[-84.5954,29.079],[-84.6061,29.1055],[-84.6064,29.145],[-84.5965,29.1974],[-84.6,29.2541],[-84.617,29.3152],[-84.6206,29.3762]],[[-84.0324,28.4968],[-84.0175,28.5149],[-83.9949,28.5237],[-83.9647,28.5232],[-83.9597,28.5139],[-83.9799,28.4957],[-84.0025,28.4869],[-84.0274,28.4875],[-84.0324,28.4968]]]}},{"type":"Feature","properties":{"c":"#ffff00","v0":4.0,"v1":6.0},"geometry":{"type":"Polygon","coordinates":[[[-83.6612,29.9074],[-83.6404,29.9182],[-83.61,29.9224],[-83.57,29.9199],[-83.5261,29.9059],[-83.4783,29.8802],[-83.4453,29.8544],[-83.4273,29.8283],[-83.4262,29.8116],[-83.4421,29.8042],[-83.475,29.8055],[-83.525,29.8156],[-83.5804,29.841],[-83.6412,29.8817],[-83.6612,29.9074]]]}},{"type":"Feature","properties":{"c":"#ffff00","v0":4.0,"v1":6.0},"geometry":{"type":"Polygon","coordinates":[[[-86.1625,29.7526],[-86.1408,29.8007],[-86.11,29.8423],[-86.07,29.8775],[-86.015,29.8963],[-85.945,29.8989],[-85.888,29.892],[-85.8439,29.8756],[-85.83,29.8544],[-85.8461,29.8283],[-85.8931,29.8037],[-85.971,29.7806],[-86.03,29.7558],[-86.07,29.7293],[-86.105,29.7134],[-86.135,29.7079],[-86.1558,29.711],[-86.1675,29.7227],[-86.1625,29.7526]],[[-86.1222,29.7719],[-86.1129,29.7893],[-86.0959,29.798],[-86.0712,29.798],[-86.0667,29.7848],[-86.0822,29.7586],[-86.0992,29.7499],[-86.1176,29.7588],[-86.1222,29.7719]]]}},{"type":"Feature","properties":{"c":"#ffff00","v0":4.0,"v1":6.0},"geometry":{"type":"Polygon","coordinates":[[[-84.8896,29.1616],[-84.8632,29.1775],[-84.8385,29.1775],[-84.8154,29.1616],[-84.8154,29.1468],[-84.8385,29.1329],[-84.8632,29.1329],[-84.8896,29.1468],[-84.8896,29.1616]]]}},{"type":"Feature","properties":{"c":"#ffff00","v0":4.0,"v1":6.0},"geometry":{"type":"Polygon","coordinates":[[[-84.1581,29.0519],[-84.1394,29.0929],[-84.12,29.1183],[-84.1,29.1282],[-84.08,29.1294],[-84.06,29.1221],[-84.0456,29.1097],[-84.0367,29.0925],[-84.0367,29.075],[-84.0456,29.0573],[-84.07,29.0374],[-84.11,29.0155],[-84.1394,29.0112],[-84.1581,29.0246],[-84.1581,29.0519]]]}},{"type":"Feature","properties":{"c":"#ffff00","v0":4.0,"v1":6.0},"geometry":{"type":"Polygon","coordinates":[[[-85.7955,29.0401],[-85.7883,29.0576],[-85.7711,29.0722],[-85.7437,29.0841],[-85.7145,29.0884],[-85.6834,29.0854],[-85.6565,29.0751],[-85.6338,29.0576],[-85.6271,29.0401],[-85.6363,29.0226],[-85.6582,29.0084],[-85.6927,28.9975],[-85.7257,28.9932],[-85.7572,28.9953],[-85.7794,29.0051],[-85.7926,29.0226],[-85.7955,29.0401]]]}},{"type":"Feature","properties":{"c":"#ffff00","v0":4.0,"v1":6.0},"geometry":{"type":"Polygon","coordinates":[[[-83.8268,27.9193],[-83.8171,27.9458],[-83.8017,27.9601],[-83.7806,27.9621],[-83.755,27.942],[-83.725,27.8995],[-83.69,27.9056],[-83.65,27.96],[-83.59,27.9978],[-83.51,28.0189],[-83.455,28.0125],[-83.425,27.9787],[-83.375,27.945],[-83.305,27.9114],[-83.22,27.8821],[-83.12,27.8572],[-83.025,27.8258],[-82.935,27.7879],[-82.8811,27.759],[-82.8633,27.7391],[-82.8483,27.7076],[-82.8361,27.6645],[-82.8008,27.6335],[-82.7423,27.6146],[-82.7134,27.5919],[-82.7141,27.5653],[-82.7284,27.5345],[-82.7561,27.4995],[-82.785,27.474],[-82.815,27.4579],[-82.86,27.4393],[-82.92,27.4183],[-82.975,27.4095],[-83.025,27.4129],[-83.085,27.392],[-83.155,27.3467],[-83.2084,27.3234],[-83.2452,27.3219],[-83.2648,27.3301],[-83.2673,27.3479],[-83.2389,27.3916],[-83.1796,27.4611],[-83.1564,27.5099],[-83.1691,27.538],[-83.1891,27.5579],[-83.2164,27.5697],[-83.27,27.5618],[-83.35,27.5342],[-83.41,27.5202],[-83.45,27.5197],[-83.49,27.5329],[-83.53,27.5598],[-83.5666,27.5989],[-83.5999,27.6503],[-83.6139,27.6893],[-83.6085,27.7159],[-83.5861,27.7513],[-83.5469,27.7955],[-83.5308,27.8265],[-83.5377,27.8442],[-83.5534,27.8578],[-83.5778,27.8673],[-83.6044,27.8673],[-83.6331,27.8578],[-83.6583,27.8354],[-83.6802,27.8],[-83.7059,27.7713],[-83.7353,27.7492],[-83.7574,27.7448],[-83.7722,27.758],[-83.7745,27.7823],[-83.7643,27.8177],[-83.7719,27.8404],[-83.7973,27.8504],[-83.8154,27.8681],[-83.8262,27.8934],[-83.8268,27.9193]],[[-83.4922,27.6938],[-83.4628,27.7646],[-83.4236,27.8101],[-83.3745,27.8303],[-83.32,27.8377],[-83.26,27.8323],[-83.21,27.8175],[-83.17,27.7933],[-83.135,27.7808],[-83.105,27.7801],[-83.055,27.7664],[-82.985,27.7396],[-82.9444,27.7181],[-82.9333,27.7019],[-82.9433,27.6752],[-82.9744,27.638],[-83.045,27.6181],[-83.155,27.6154],[-83.255,27.6008],[-83.345,27.5741],[-83.4161,27.5763],[-83.4682,27.6074],[-83.4975,27.6318],[-83.5038,27.6495],[-83.4922,27.6938]],[[-82.8673,27.5265],[-82.8558,27.5464],[-82.835,27.5589],[-82.805,27.5639],[-82.7954,27.5539],[-82.8062,27.529],[-82.8212,27.5131],[-82.8404,27.5063],[-82.8558,27.5063],[-82.8673,27.5131],[-82.8673,27.5265]]]}},{"type":"Feature","properties":{"c":"#ffff00","v0":4.0,"v1":6.0},"geometry":{"type":"Polygon","coordinates":[[[-94.4432,27.6847],[-94.4077,27.7021],[-94.365,27.713],[-94.315,27.7174],[-94.275,27.7178],[-94.245,27.7141],[-94.228,27.7077],[-94.2241,27.6984],[-94.2391,27.6802],[-94.273,27.653],[-94.325,27.6431],[-94.395,27.6503],[-94.4377,27.6594],[-94.4532,27.6705],[-94.4432,27.6847]]]}},{"type":"Feature","properties":{"c":"#ffff00","v0":4.0,"v1":6.0},"geometry":{"type":"Polygon","coordinates":[[[-83.8006,27.6315],[-83.7802,27.6486],[-83.77,27.6457],[-83.77,27.6226],[-83.775,27.6083],[-83.785,27.6028],[-83.7952,27.6057],[-83.8056,27.6172],[-83.8006,27.6315]]]}},{"type":"Feature","properties":{"c":"#ffff00","v0":4.0,"v1":6.0},"geometry":{"type":"Polygon","coordinates":[[[-84.119,27.4149],[-84.0997,27.4245],[-84.0847,27.4245],[-84.0742,27.4149],[-84.0742,27.4052],[-84.0847,27.3957],[-84.0997,27.3957],[-84.119,27.4052],[-84.119,27.4149]]]}},{"type":"Feature","properties":{"c":"#ffff00","v0":4.0,"v1":6.0},"geometry":{"type":"Polygon","coordinates":[[[-96.829,26.6092],[-96.8163,26.6471],[-96.8,26.674],[-96.78,26.6899],[-96.7714,26.6843],[-96.7742,26.6574],[-96.7892,26.626],[-96.8164,26.5901],[-96.8313,26.5767],[-96.834,26.5857],[-96.829,26.6092]]]}},{"type":"Feature","properties":{"c":"#ffff00","v0":4.0,"v1":6.0},"geometry":{"type":"Polygon","coordinates":[[[-96.2858,26.0825],[-96.2753,26.1067],[-96.26,26.1226],[-96.24,26.1302],[-96.235,26.1146],[-96.245,26.076],[-96.255,26.0538],[-96.265,26.0483],[-96.2753,26.0517],[-96.2858,26.0642],[-96.2858,26.0825]]]}},{"type":"Feature","properties":{"c":"#ffff00","v0":4.0,"v1":6.0},"geometry":{"type":"Polygon","coordinates":[[[-96.4099,25.8627],[-96.3966,25.8789],[-96.39,25.8797],[-96.39,25.8651],[-96.3966,25.857],[-96.4099,25.8554],[-96.4099,25.8627]]]}},{"type":"Feature","properties":{"c":"#ffcc00","v0":6.0,"v1":8.0},"geometry":{"type":"Polygon","coordinates":[[[-81.4809,30.361],[-81.4603,30.3793],[-81.425,30.3847],[-81.375,30.3774],[-81.3363,30.364],[-81.3089,30.3444],[-81.2945,30.3216],[-81.293,30.2957],[-81.3117,30.2825],[-81.3506,30.282],[-81.3999,30.295],[-81.4597,30.3214],[-81.49,30.3389],[-81.4908,30.3475],[-81.4809,30.361]]]}},{"type":"Feature","properties":{"c":"#ffcc00","v0":6.0,"v1":8.0},"geometry":{"type":"Polygon","coordinates":[[[-81.0768,30.0641],[-81.0723,30.0763],[-81.06,30.0824],[-81.04,30.0823],[-81.0249,30.0632],[-81.0146,30.0251],[-81.0241,30.0104],[-81.0535,30.019],[-81.0709,30.032],[-81.0764,30.0493],[-81.0768,30.0641]]]}},{"type":"Feature","properties":{"c":"#ffcc00","v0":6.0,"v1":8.0},"geometry":{"type":"Polygon","coordinates":[[[-84.6206,29.3762],[-84.6107,29.4372],[-84.6097,29.4938],[-84.6174,29.546],[-84.5987,29.6025],[-84.5536,29.6634],[-84.528,29.7198],[-84.5218,29.7719],[-84.4965,29.8165],[-84.4522,29.8535],[-84.4086,29.8708],[-84.3659,29.8685],[-84.3483,29.85],[-84.3559,29.8153],[-84.3212,29.7806],[-84.2442,29.7459],[-84.2168,29.7213],[-84.2389,29.7069],[-84.275,29.7029],[-84.325,29.7091],[-84.3753,29.7033],[-84.4258,29.6854],[-84.4512,29.6721],[-84.4514,29.6634],[-84.4261,29.6355],[-84.3754,29.5884],[-84.31,29.5497],[-84.23,29.5193],[-84.175,29.4725],[-84.145,29.4091],[-84.1062,29.3782],[-84.0587,29.3798],[-84.03,29.3762],[-84.0201,29.3675],[-84.0189,29.3546],[-84.0263,29.3377],[-84.05,29.3315],[-84.09,29.3359],[-84.145,29.3316],[-84.215,29.3186],[-84.255,29.2971],[-84.265,29.2672],[-84.265,29.2476],[-84.255,29.2384],[-84.22,29.2307],[-84.16,29.2245],[-84.11,29.2061],[-84.07,29.1753],[-84.0338,29.1584],[-84.0015,29.1553],[-83.9282,29.1275],[-83.814,29.0751],[-83.7435,29.0095],[-83.7168,28.9308],[-83.7057,28.8476],[-83.7102,28.7599],[-83.7249,28.6985],[-83.7497,28.6635],[-83.779,28.6383],[-83.813,28.6232],[-83.875,28.619],[-83.965,28.6255],[-84.0254,28.6463],[-84.0562,28.6811],[-84.0686,28.7161],[-84.0625,28.7512],[-84.0871,28.7781],[-84.1424,28.797],[-84.19,28.8284],[-84.23,28.8724],[-84.335,28.9373],[-84.505,29.0229],[-84.5954,29.079],[-84.6061,29.1055],[-84.6064,29.145],[-84.5965,29.1974],[-84.6,29.2541],[-84.617,29.3152],[-84.6206,29.3762]],[[-84.2986,29.3861],[-84.2929,29.3974],[-84.2877,29.3974],[-84.2831,29.3861],[-84.286,29.3805],[-84.2964,29.3805],[-84.2986,29.3861]],[[-84.1581,29.0519],[-84.1394,29.0929],[-84.12,29.1183],[-84.1,29.1282],[-84.08,29.1294],[-84.06,29.1221],[-84.0456,29.1097],[-84.0367,29.0925],[-84.0367,29.075],[-84.0456,29.0573],[-84.07,29.0374],[-84.11,29.0155],[-84.1394,29.0112],[-84.1581,29.0246],[-84.1581,29.0519]],[[-84.1752,28.9176],[-84.1629,28.9351],[-84.12,28.9546],[-84.0467,28.9759],[-83.985,29.0005],[-83.935,29.0285],[-83.8945,29.0178],[-83.8634,28.9685],[-83.851,28.9176],[-83.8573,28.8651],[-83.8379,28.8245],[-83.7926,28.796],[-83.7691,28.7609],[-83.7674,28.7193],[-83.7774,28.6891],[-83.7991,28.6702],[-83.82,28.662],[-83.84,28.6647],[-83.8653,28.6829],[-83.8958,28.7167],[-83.9109,28.7512],[-83.9105,28.7862],[-83.9303,28.8137],[-83.9701,28.8334],[-84.03,28.8393],[-84.11,28.8313],[-84.1579,28.8477],[-84.1736,28.8885],[-84.1752,28.9176]],[[-84.5893,29.4023],[-84.5676,29.5155],[-84.55,29.5779],[-84.5367,29.5897],[-84.5184,29.5897],[-84.4953,29.5779],[-84.4574,29.5416],[-84.4048,29.4807],[-84.3808,29.4197],[-84.3855,29.3587],[-84.3752,29.3064],[-84.3498,29.2628],[-84.3417,29.2192],[-84.351,29.1755],[-84.3235,29.1537],[-84.2592,29.1537],[-84.2223,29.1319],[-84.2128,29.0882],[-84.2185,29.0472],[-84.2395,29.009],[-84.275,28.9854],[-84.325,28.9763],[-84.3601,28.9779],[-84.3803,28.9902],[-84.4003,29.0167],[-84.4201,29.0573],[-84.45,29.0771],[-84.49,29.0763],[-84.52,29.0811],[-84.54,29.0913],[-84.5538,29.1152],[-84.5614,29.1525],[-84.5607,29.193],[-84.5516,29.2366],[-84.5604,29.2803],[-84.5869,29.3239],[-84.5893,29.4023]]]}},{"type":"Feature","properties":{"c":"#ffcc00","v0":6.0,"v1":8.0},"geometry":{"type":"Polygon","coordinates":[[[-86.1222,29.7719],[-86.1129,29.7893],[-86.0959,29.798],[-86.0712,29.798],[-86.0667,29.7848],[-86.0822,29.7586],[-86.0992,29.7499],[-86.1176,29.7588],[-86.1222,29.7719]]]}},{"type":"Feature","properties":{"c":"#ffcc00","v0":6.0,"v1":8.0},"geometry":{"type":"Polygon","coordinates":[[[-84.0324,28.4968],[-84.0175,28.5149],[-83.9949,28.5237],[-83.9647,28.5232],[-83.9597,28.5139],[-83.9799,28.4957],[-84.0025,28.4869],[-84.0274,28.4875],[-84.0324,28.4968]]]}},{"type":"Feature","properties":{"c":"#ffcc00","v0":6.0,"v1":8.0},"geometry":{"type":"Polygon","coordinates":[[[-83.4922,27.6938],[-83.4628,27.7646],[-83.4236,27.8101],[-83.3745,27.8303],[-83.32,27.8377],[-83.26,27.8323],[-83.21,27.8175],[-83.17,27.7933],[-83.135,27.7808],[-83.105,27.7801],[-83.055,27.7664],[-82.985,27.7396],[-82.9444,27.7181],[-82.9333,27.7019],[-82.9433,27.6752],[-82.9744,27.638],[-83.045,27.6181],[-83.155,27.6154],[-83.255,27.6008],[-83.345,27.5741],[-83.4161,27.5763],[-83.4682,27.6074],[-83.4975,27.6318],[-83.5038,27.6495],[-83.4922,27.6938]],[[-83.4044,27.6716],[-83.392,27.6982],[-83.3911,27.7247],[-83.4018,27.7513],[-83.4029,27.7721],[-83.3943,27.7871],[-83.3484,27.7871],[-83.2651,27.7721],[-83.2159,27.7425],[-83.2007,27.6982],[-83.202,27.6672],[-83.2198,27.6495],[-83.259,27.6327],[-83.3197,27.6169],[-83.3602,27.6125],[-83.3807,27.6194],[-83.3958,27.6318],[-83.4056,27.6495],[-83.4044,27.6716]],[[-83.1245,27.6833],[-83.1148,27.6979],[-83.1006,27.7023],[-83.0818,27.6966],[-83.0768,27.6883],[-83.0856,27.6774],[-83.0998,27.673],[-83.1195,27.675],[-83.1245,27.6833]]]}},{"type":"Feature","properties":{"c":"#ffcc00","v0":6.0,"v1":8.0},"geometry":{"type":"Polygon","coordinates":[[[-82.8673,27.5265],[-82.8558,27.5464],[-82.835,27.5589],[-82.805,27.5639],[-82.7954,27.5539],[-82.8062,27.529],[-82.8212,27.5131],[-82.8404,27.5063],[-82.8558,27.5063],[-82.8673,27.5131],[-82.8673,27.5265]]]}},{"type":"Feature","properties":{"c":"#ff9100","v0":8.0,"v1":12.0},"geometry":{"type":"Polygon","coordinates":[[[-84.5893,29.4023],[-84.5676,29.5155],[-84.55,29.5779],[-84.5367,29.5897],[-84.5184,29.5897],[-84.4953,29.5779],[-84.4574,29.5416],[-84.4048,29.4807],[-84.3808,29.4197],[-84.3855,29.3587],[-84.3752,29.3064],[-84.3498,29.2628],[-84.3417,29.2192],[-84.351,29.1755],[-84.3235,29.1537],[-84.2592,29.1537],[-84.2223,29.1319],[-84.2128,29.0882],[-84.2185,29.0472],[-84.2395,29.009],[-84.275,28.9854],[-84.325,28.9763],[-84.3601,28.9779],[-84.3803,28.9902],[-84.4003,29.0167],[-84.4201,29.0573],[-84.45,29.0771],[-84.49,29.0763],[-84.52,29.0811],[-84.54,29.0913],[-84.5538,29.1152],[-84.5614,29.1525],[-84.5607,29.193],[-84.5516,29.2366],[-84.5604,29.2803],[-84.5869,29.3239],[-84.5893,29.4023]],[[-84.5307,29.3718],[-84.5246,29.3893],[-84.5141,29.398],[-84.4992,29.398],[-84.4913,29.3883],[-84.4904,29.3691],[-84.501,29.3604],[-84.5229,29.3622],[-84.5307,29.3718]],[[-84.4965,29.2145],[-84.4788,29.2312],[-84.4568,29.2355],[-84.4305,29.2275],[-84.4193,29.2148],[-84.423,29.1974],[-84.4362,29.1831],[-84.4587,29.172],[-84.4788,29.1764],[-84.4965,29.1962],[-84.4965,29.2145]]]}},{"type":"Feature","properties":{"c":"#ff9100","v0":8.0,"v1":12.0},"geometry":{"type":"Polygon","coordinates":[[[-84.2986,29.3861],[-84.2929,29.3974],[-84.2877,29.3974],[-84.2831,29.3861],[-84.286,29.3805],[-84.2964,29.3805],[-84.2986,29.3861]]]}},{"type":"Feature","properties":{"c":"#ff9100","v0":8.0,"v1":12.0},"geometry":{"type":"Polygon","coordinates":[[[-84.1752,28.9176],[-84.1629,28.9351],[-84.12,28.9546],[-84.0467,28.9759],[-83.985,29.0005],[-83.935,29.0285],[-83.8945,29.0178],[-83.8634,28.9685],[-83.851,28.9176],[-83.8573,28.8651],[-83.8379,28.8245],[-83.7926,28.796],[-83.7691,28.7609],[-83.7674,28.7193],[-83.7774,28.6891],[-83.7991,28.6702],[-83.82,28.662],[-83.84,28.6647],[-83.8653,28.6829],[-83.8958,28.7167],[-83.9109,28.7512],[-83.9105,28.7862],[-83.9303,28.8137],[-83.9701,28.8334],[-84.03,28.8393],[-84.11,28.8313],[-84.1579,28.8477],[-84.1736,28.8885],[-84.1752,28.9176]]]}},{"type":"Feature","properties":{"c":"#ff9100","v0":8.0,"v1":12.0},"geometry":{"type":"Polygon","coordinates":[[[-83.4044,27.6716],[-83.392,27.6982],[-83.3911,27.7247],[-83.4018,27.7513],[-83.4029,27.7721],[-83.3943,27.7871],[-83.3484,27.7871],[-83.2651,27.7721],[-83.2159,27.7425],[-83.2007,27.6982],[-83.202,27.6672],[-83.2198,27.6495],[-83.259,27.6327],[-83.3197,27.6169],[-83.3602,27.6125],[-83.3807,27.6194],[-83.3958,27.6318],[-83.4056,27.6495],[-83.4044,27.6716]]]}},{"type":"Feature","properties":{"c":"#ff9100","v0":8.0,"v1":12.0},"geometry":{"type":"Polygon","coordinates":[[[-83.1245,27.6833],[-83.1148,27.6979],[-83.1006,27.7023],[-83.0818,27.6966],[-83.0768,27.6883],[-83.0856,27.6774],[-83.0998,27.673],[-83.1195,27.675],[-83.1245,27.6833]]]}},{"type":"Feature","properties":{"c":"#ff0000","v0":12.0,"v1":16.0},"geometry":{"type":"Polygon","coordinates":[[[-84.5307,29.3718],[-84.5246,29.3893],[-84.5141,29.398],[-84.4992,29.398],[-84.4913,29.3883],[-84.4904,29.3691],[-84.501,29.3604],[-84.5229,29.3622],[-84.5307,29.3718]]]}},{"type":"Feature","properties":{"c":"#ff0000","v0":12.0,"v1":16.0},"geometry":{"type":"Polygon","coordinates":[[[-84.4965,29.2145],[-84.4788,29.2312],[-84.4568,29.2355],[-84.4305,29.2275],[-84.4193,29.2148],[-84.423,29.1974],[-84.4362,29.1831],[-84.4587,29.172],[-84.4788,29.1764],[-84.4965,29.1962],[-84.4965,29.2145]]]}}]}