{"type":"FeatureCollection","features":[{"type":"Feature","properties":{"c":"#00fb90","v0":0.04,"v1":0.05},"geometry":{"type":"Polygon","coordinates":[[[-125.8274,46.3191],[-125.8158,46.3258],[-125.7885,46.3223],[-125.7456,46.3087],[-125.7155,46.2916],[-125.698,46.2709],[-125.6653,46.2501],[-125.6172,46.2294],[-125.5624,46.1941],[-125.5008,46.1442],[-125.445,46.1169],[-125.395,46.1123],[-125.34,46.0999],[-125.28,46.0795],[-125.2112,46.0721],[-125.1335,46.0776],[-125.0885,46.1024],[-125.0762,46.1464],[-125.005,46.1679],[-124.875,46.167],[-124.7909,46.1831],[-124.7526,46.2162],[-124.7362,46.2466],[-124.7416,46.2743],[-124.796,46.3227],[-124.8993,46.3917],[-124.9457,46.4326],[-124.9352,46.4455],[-124.9,46.4642],[-124.84,46.4889],[-124.8066,46.5101],[-124.7999,46.5276],[-124.8037,46.5467],[-124.818,46.5673],[-124.8414,46.5863],[-124.8738,46.6035],[-124.9326,46.6722],[-125.0179,46.7921],[-125.0555,46.8622],[-125.0454,46.8827],[-125.0471,46.9578],[-125.0606,47.0873],[-125.0518,47.1622],[-125.0209,47.1826],[-125.011,47.2064],[-125.0222,47.2335],[-125.0228,47.2573],[-125.0127,47.2777],[-125.0238,47.3116],[-125.0559,47.359],[-125.0769,47.4132],[-125.0867,47.4741],[-125.0715,47.5619],[-125.0313,47.6765],[-124.9933,47.7538],[-124.9573,47.7942],[-124.942,47.8233],[-124.9473,47.8411],[-124.9698,47.8646],[-125.0095,47.8937],[-125.0281,47.915],[-125.0256,47.9284],[-125.0031,47.9585],[-124.9607,48.0054],[-124.8971,48.036],[-124.8124,48.0505],[-124.7599,48.0672],[-124.7397,48.0862],[-124.7468,48.109],[-124.7811,48.1357],[-124.7998,48.1724],[-124.8028,48.219],[-124.8207,48.2479],[-124.8536,48.259],[-124.935,48.2417],[-125.065,48.196],[-125.15,48.1549],[-125.19,48.1187],[-125.245,48.0918],[-125.315,48.0742],[-125.3616,48.073],[-125.3849,48.0881],[-125.385,48.1223],[-125.3619,48.1757],[-125.3633,48.2224],[-125.3893,48.2623],[-125.3965,48.3089],[-125.385,48.3621],[-125.3569,48.4226],[-125.3123,48.4904],[-125.26,48.5426],[-125.2,48.5792],[-125.1573,48.6115],[-125.1319,48.6396],[-125.1153,48.7065],[-125.1076,48.8119],[-125.0915,48.8876],[-125.0671,48.9336],[-125.0586,48.973],[-125.0662,49.0059],[-125.085,49.0254],[-125.115,49.0317],[-125.175,49.024],[-125.265,49.0024],[-125.35,48.9517],[-125.43,48.8718],[-125.485,48.8233],[-125.515,48.8062],[-125.535,48.7972],[-125.545,48.7962],[-125.5512,48.7997],[-125.5537,48.8079],[-125.5295,48.858],[-125.4786,48.9501],[-125.4456,49.055],[-125.4303,49.1729],[-125.3905,49.2676],[-125.3263,49.3393],[-125.2955,49.3947],[-125.2983,49.4337],[-125.3169,49.4695],[-125.3514,49.5019],[-125.3704,49.5377],[-125.3739,49.5766],[-125.3543,49.5962],[-125.3114,49.5964],[-125.2541,49.6094],[-125.1822,49.635],[-125.1423,49.6543],[-125.1345,49.6673],[-125.1395,49.6932],[-125.1575,49.732],[-125.1524,49.7607],[-125.1241,49.7793],[-125.1012,49.8019],[-125.0836,49.8285],[-125.0581,49.8482],[-125.0248,49.8611],[-125.0067,49.9255],[-125.0038,50.0413],[-124.9846,50.1215],[-124.9493,50.1663],[-124.9248,50.208],[-124.9112,50.2463],[-124.911,50.2847],[-124.9242,50.323],[-124.9206,50.3474],[-124.9002,50.3577],[-124.875,50.3611],[-124.845,50.3575],[-124.8303,50.3427],[-124.8308,50.3168],[-124.8158,50.2961],[-124.7853,50.2806],[-124.73,50.2697],[-124.65,50.2633],[-124.585,50.2648],[-124.535,50.2739],[-124.475,50.2633],[-124.405,50.2328],[-124.35,50.2239],[-124.31,50.2367],[-124.265,50.2407],[-124.215,50.2357],[-124.1678,50.2061],[-124.1233,50.1518],[-124.0955,50.0958],[-124.0844,50.038],[-124.0567,50.0021],[-124.0122,49.9881],[-123.9733,49.9913],[-123.9399,50.0118],[-123.9257,50.0766],[-123.9308,50.1856],[-123.9191,50.2527],[-123.8905,50.2783],[-123.8597,50.3271],[-123.8266,50.3991],[-123.7991,50.4246],[-123.7773,50.4037],[-123.751,50.3868],[-123.7203,50.3741],[-123.706,50.3262],[-123.7081,50.2432],[-123.7216,50.1695],[-123.7466,50.1054],[-123.7518,50.0538],[-123.7373,50.0147],[-123.72,49.9996],[-123.7,50.0086],[-123.6847,50.0282],[-123.674,50.0583],[-123.6413,50.099],[-123.5866,50.1503],[-123.5219,50.2574],[-123.4473,50.42],[-123.4,50.5094],[-123.38,50.526],[-123.3786,50.5054],[-123.3957,50.4476],[-123.4052,50.3677],[-123.407,50.2655],[-123.3934,50.2075],[-123.3645,50.1937],[-123.31,50.1926],[-123.23,50.2042],[-123.165,50.2068],[-123.115,50.2005],[-123.08,50.2038],[-123.06,50.2167],[-123.035,50.2496],[-123.005,50.3024],[-122.9698,50.3417],[-122.9293,50.3676],[-122.8808,50.4315],[-122.8245,50.5333],[-122.7939,50.5936],[-122.7892,50.6127],[-122.8033,50.6444],[-122.8361,50.6888],[-122.8277,50.7236],[-122.7783,50.7489],[-122.7476,50.7766],[-122.7359,50.8067],[-122.7131,50.8383],[-122.6794,50.8714],[-122.6677,50.9068],[-122.678,50.9447],[-122.7,50.973],[-122.7337,50.9919],[-122.7704,51.0223],[-122.8101,51.0642],[-122.826,51.1019],[-122.8179,51.1354],[-122.7905,51.1678],[-122.7436,51.1992],[-122.6791,51.2336],[-122.597,51.2712],[-122.5522,51.3118],[-122.5446,51.3556],[-122.5331,51.3842],[-122.5177,51.3977],[-122.475,51.4135],[-122.405,51.4316],[-122.33,51.4286],[-122.25,51.4043],[-122.1982,51.404],[-122.1746,51.4279],[-122.1749,51.4554],[-122.1993,51.4865],[-122.2282,51.555],[-122.2615,51.6606],[-122.3067,51.738],[-122.3638,51.7876],[-122.3975,51.8308],[-122.4078,51.8679],[-122.4056,51.9389],[-122.3908,52.0436],[-122.3608,52.148],[-122.3154,52.2522],[-122.2918,52.3226],[-122.29,52.3592],[-122.2668,52.4142],[-122.2223,52.4873],[-122.2085,52.536],[-122.2253,52.5603],[-122.2282,52.6029],[-122.217,52.6635],[-122.2227,52.7211],[-122.2454,52.7756],[-122.2678,52.8119],[-122.29,52.83],[-122.3031,52.8602],[-122.307,52.9025],[-122.3392,52.933],[-122.3997,52.9518],[-122.4625,52.979],[-122.5275,53.0143],[-122.5528,53.065],[-122.5383,53.1311],[-122.5208,53.1679],[-122.5003,53.1756],[-122.4959,53.1636],[-122.5077,53.1319],[-122.4903,53.0891],[-122.4437,53.035],[-122.3929,53.0046],[-122.3376,52.9981],[-122.295,52.9786],[-122.265,52.9462],[-122.235,52.9322],[-122.205,52.9364],[-122.1849,52.9439],[-122.1746,52.9545],[-122.1741,52.9688],[-122.1832,52.9868],[-122.2139,53.0169],[-122.2661,53.059],[-122.2807,53.0951],[-122.2577,53.1251],[-122.2593,53.1521],[-122.2856,53.1761],[-122.2878,53.212],[-122.2661,53.2599],[-122.2613,53.3018],[-122.2733,53.3376],[-122.2652,53.3675],[-122.237,53.3913],[-122.2397,53.4263],[-122.2732,53.4724],[-122.296,53.523],[-122.308,53.578],[-122.2969,53.6233],[-122.2628,53.6589],[-122.2642,53.6914],[-122.3012,53.721],[-122.3248,53.7536],[-122.3349,53.789],[-122.3558,53.8186],[-122.3875,53.8422],[-122.4111,53.8746],[-122.4265,53.9159],[-122.4319,53.9482],[-122.4273,53.9718],[-122.4363,53.9982],[-122.459,54.0276],[-122.4681,54.0482],[-122.4635,54.0599],[-122.4467,54.0717],[-122.4179,54.0834],[-122.4048,54.101],[-122.4074,54.1244],[-122.3751,54.1654],[-122.3077,54.224],[-122.271,54.2649],[-122.2651,54.2882],[-122.2691,54.3033],[-122.283,54.3101],[-122.31,54.3114],[-122.35,54.3072],[-122.3844,54.3126],[-122.4131,54.3274],[-122.4281,54.3524],[-122.4292,54.3873],[-122.4548,54.4236],[-122.5049,54.4611],[-122.5473,54.4785],[-122.582,54.4759],[-122.5989,54.4572],[-122.5981,54.4223],[-122.6158,54.3981],[-122.6519,54.3847],[-122.685,54.3839],[-122.715,54.3958],[-122.75,54.4037],[-122.79,54.4077],[-122.818,54.4259],[-122.834,54.4584],[-122.849,54.4772],[-122.863,54.4825],[-122.885,54.4834],[-122.915,54.4799],[-122.94,54.4902],[-122.96,54.5142],[-122.98,54.5296],[-123.0,54.5364],[-123.04,54.5357],[-123.1,54.5276],[-123.14,54.5189],[-123.16,54.5095],[-123.1803,54.4914],[-123.2009,54.4647],[-123.2059,54.4356],[-123.1953,54.4039],[-123.22,54.3958],[-123.28,54.4113],[-123.36,54.4018],[-123.46,54.3674],[-123.61,54.3532],[-123.81,54.3593],[-123.9149,54.3555],[-123.9248,54.3418],[-123.9267,54.3261],[-123.9207,54.3086],[-123.8958,54.2889],[-123.8519,54.267],[-123.8253,54.2495],[-123.8159,54.2364],[-123.8156,54.221],[-123.8245,54.2035],[-123.8442,54.1854],[-123.8747,54.1669],[-123.96,54.1705],[-124.1,54.1963],[-124.21,54.2089],[-124.29,54.2084],[-124.3465,54.2223],[-124.3794,54.2507],[-124.4294,54.2778],[-124.4965,54.3038],[-124.555,54.3139],[-124.605,54.3081],[-124.645,54.2987],[-124.675,54.2856],[-124.7133,54.2814],[-124.76,54.2859],[-124.8,54.2994],[-124.8333,54.3219],[-124.875,54.3379],[-124.925,54.3476],[-124.98,54.3684],[-125.04,54.4004],[-125.0793,54.428],[-125.0978,54.4513],[-125.1084,54.4833],[-125.1111,54.524],[-125.1455,54.5704],[-125.2116,54.6225],[-125.2288,54.6572],[-125.1973,54.6746],[-125.1652,54.6977],[-125.1325,54.7266],[-125.1131,54.7526],[-125.1072,54.7757],[-125.0715,54.8103],[-125.0063,54.8563],[-124.9678,54.8966],[-124.9561,54.9311],[-124.937,54.9598],[-124.9105,54.9828],[-124.9072,54.9828],[-124.9271,54.9598],[-124.9414,54.9311],[-124.9499,54.8966],[-124.9886,54.8563],[-125.0574,54.8103],[-125.0953,54.7757],[-125.1023,54.7526],[-125.1382,54.7179],[-125.2029,54.6717],[-125.2024,54.6225],[-125.1367,54.5704],[-125.1016,54.5211],[-125.0971,54.4746],[-125.0865,54.4426],[-125.0696,54.4252],[-125.0334,54.4017],[-124.9778,54.3723],[-124.925,54.3527],[-124.875,54.3431],[-124.8281,54.3258],[-124.7842,54.3008],[-124.7442,54.2868],[-124.7081,54.284],[-124.675,54.2888],[-124.645,54.3014],[-124.605,54.3103],[-124.555,54.3156],[-124.4953,54.305],[-124.426,54.2782],[-124.376,54.2514],[-124.3453,54.2246],[-124.29,54.2116],[-124.21,54.2126],[-124.1,54.2004],[-123.96,54.1749],[-123.875,54.1722],[-123.845,54.1921],[-123.8277,54.209],[-123.8231,54.2229],[-123.846,54.2473],[-123.8965,54.2824],[-123.9244,54.3116],[-123.9297,54.3349],[-123.9268,54.3513],[-123.9156,54.3607],[-123.815,54.3622],[-123.625,54.3558],[-123.515,54.3548],[-123.485,54.359],[-123.43,54.3767],[-123.35,54.4078],[-123.285,54.4175],[-123.235,54.4059],[-123.2126,54.4129],[-123.2178,54.4385],[-123.2078,54.466],[-123.1826,54.4953],[-123.16,54.5145],[-123.14,54.5235],[-123.1,54.5318],[-123.04,54.5395],[-123.0,54.5404],[-122.98,54.5345],[-122.96,54.5196],[-122.94,54.4954],[-122.915,54.4848],[-122.885,54.4875],[-122.8615,54.4853],[-122.8445,54.4782],[-122.8295,54.4591],[-122.8165,54.4282],[-122.79,54.4105],[-122.75,54.4062],[-122.715,54.3979],[-122.685,54.3858],[-122.6528,54.386],[-122.6184,54.3985],[-122.6016,54.4223],[-122.6023,54.4572],[-122.5845,54.4763],[-122.5482,54.4796],[-122.5042,54.4621],[-122.4527,54.4239],[-122.4263,54.3873],[-122.4248,54.3524],[-122.4106,54.3281],[-122.3835,54.3144],[-122.35,54.3094],[-122.31,54.313],[-122.2824,54.3111],[-122.2671,54.3036],[-122.2624,54.2882],[-122.2684,54.2649],[-122.3049,54.224],[-122.3719,54.1654],[-122.4038,54.1244],[-122.4007,54.101],[-122.4132,54.0834],[-122.4412,54.0717],[-122.458,54.0599],[-122.4633,54.0482],[-122.4547,54.0276],[-122.4322,53.9982],[-122.4235,53.9718],[-122.4285,53.9482],[-122.4226,53.9159],[-122.4057,53.8746],[-122.3815,53.8422],[-122.35,53.8186],[-122.329,53.789],[-122.3184,53.7536],[-122.2953,53.721],[-122.2599,53.6914],[-122.2586,53.6589],[-122.2916,53.6233],[-122.3026,53.5788],[-122.2919,53.5253],[-122.2686,53.4747],[-122.2328,53.4271],[-122.2291,53.3913],[-122.2577,53.3675],[-122.2666,53.3376],[-122.256,53.3018],[-122.2613,53.2599],[-122.2827,53.212],[-122.2805,53.1761],[-122.2545,53.1521],[-122.2529,53.1251],[-122.2755,53.0951],[-122.2567,53.053],[-122.1962,52.9989],[-122.172,52.9628],[-122.184,52.9449],[-122.2148,52.9328],[-122.2644,52.9267],[-122.2906,52.9025],[-122.2933,52.8602],[-122.2815,52.827],[-122.2554,52.8028],[-122.2334,52.7665],[-122.2156,52.7181],[-122.2116,52.6635],[-122.2216,52.6029],[-122.2186,52.5603],[-122.2026,52.536],[-122.2153,52.4873],[-122.2567,52.4142],[-122.3085,52.2736],[-122.3707,52.0651],[-122.397,51.9265],[-122.3875,51.8586],[-122.3554,51.7968],[-122.3008,51.7411],[-122.2576,51.6627],[-122.2259,51.5615],[-122.1966,51.4931],[-122.1698,51.4576],[-122.1698,51.4256],[-122.1966,51.3971],[-122.25,51.3961],[-122.33,51.4226],[-122.4041,51.4275],[-122.4723,51.4107],[-122.5137,51.3961],[-122.5282,51.3837],[-122.5352,51.3618],[-122.5345,51.3306],[-122.5411,51.3056],[-122.5549,51.2868],[-122.5994,51.2618],[-122.6747,51.2305],[-122.7368,51.1989],[-122.7856,51.167],[-122.8143,51.1356],[-122.8228,51.1048],[-122.8178,51.077],[-122.7993,51.0522],[-122.7618,51.0207],[-122.7055,50.9826],[-122.6714,50.9415],[-122.6595,50.8974],[-122.6759,50.8469],[-122.7205,50.79],[-122.76,50.7489],[-122.7943,50.7236],[-122.8033,50.6856],[-122.7872,50.6349],[-122.81,50.5523],[-122.8718,50.4378],[-122.9246,50.3667],[-122.9682,50.3393],[-123.005,50.2984],[-123.035,50.2441],[-123.06,50.2111],[-123.08,50.1993],[-123.115,50.1964],[-123.165,50.2024],[-123.225,50.1994],[-123.295,50.1873],[-123.3456,50.1831],[-123.3769,50.1869],[-123.4002,50.1984],[-123.4154,50.2176],[-123.4193,50.2655],[-123.412,50.3422],[-123.4138,50.3931],[-123.4246,50.4184],[-123.461,50.3674],[-123.5229,50.2398],[-123.5815,50.1503],[-123.6369,50.099],[-123.6709,50.0576],[-123.6836,50.026],[-123.7,50.0054],[-123.72,49.9957],[-123.7372,49.9986],[-123.7516,50.0142],[-123.7601,50.0348],[-123.7627,50.0605],[-123.7521,50.1054],[-123.7282,50.1695],[-123.7147,50.2413],[-123.7116,50.3207],[-123.735,50.3759],[-123.785,50.4068],[-123.8254,50.3895],[-123.8562,50.3239],[-123.8838,50.2783],[-123.9082,50.2527],[-123.9191,50.1856],[-123.9163,50.0766],[-123.9237,50.0133],[-123.9412,49.9961],[-123.965,49.9844],[-123.995,49.9784],[-124.0289,49.9839],[-124.0667,50.0007],[-124.0907,50.038],[-124.1008,50.0958],[-124.1269,50.1495],[-124.169,50.1991],[-124.21,50.2277],[-124.25,50.2353],[-124.295,50.233],[-124.345,50.2208],[-124.405,50.2294],[-124.475,50.2587],[-124.535,50.2689],[-124.585,50.26],[-124.65,50.259],[-124.73,50.2661],[-124.7846,50.275],[-124.8137,50.2857],[-124.8333,50.3071],[-124.8436,50.339],[-124.859,50.3557],[-124.8797,50.3571],[-124.8977,50.354],[-124.913,50.3461],[-124.9155,50.3198],[-124.9053,50.2751],[-124.9055,50.2368],[-124.9162,50.2048],[-124.9409,50.1631],[-124.9797,50.1119],[-124.9973,50.0316],[-124.9938,49.9223],[-125.0116,49.8598],[-125.0505,49.8445],[-125.09,49.8154],[-125.13,49.7727],[-125.1505,49.7416],[-125.1515,49.7223],[-125.1442,49.7029],[-125.1286,49.6835],[-125.124,49.6673],[-125.1303,49.6543],[-125.1569,49.6381],[-125.2037,49.6187],[-125.2281,49.5993],[-125.23,49.5798],[-125.2607,49.5609],[-125.3202,49.5424],[-125.3359,49.5132],[-125.3077,49.4732],[-125.2918,49.437],[-125.2883,49.4044],[-125.3194,49.3491],[-125.3851,49.2708],[-125.4255,49.1729],[-125.4408,49.055],[-125.4722,48.9501],[-125.5196,48.858],[-125.535,48.8121],[-125.5183,48.8123],[-125.495,48.8227],[-125.465,48.8433],[-125.415,48.8887],[-125.345,48.9589],[-125.265,49.0048],[-125.175,49.0265],[-125.1106,49.0336],[-125.0717,49.026],[-125.0497,49.0091],[-125.0446,48.9829],[-125.0543,48.9435],[-125.0789,48.8909],[-125.0887,48.835],[-125.0838,48.7757],[-125.0894,48.7197],[-125.1055,48.6668],[-125.1227,48.6267],[-125.1409,48.5991],[-125.1801,48.5726],[-125.2404,48.5473],[-125.2954,48.5008],[-125.3451,48.4331],[-125.3758,48.37],[-125.3875,48.3116],[-125.3717,48.2557],[-125.3284,48.2024],[-125.3226,48.1652],[-125.3542,48.1443],[-125.375,48.1243],[-125.3849,48.1052],[-125.3799,48.0897],[-125.36,48.0779],[-125.3151,48.0812],[-125.2453,48.0997],[-125.1903,48.1263],[-125.1501,48.161],[-125.065,48.2015],[-124.935,48.2477],[-124.8491,48.2637],[-124.8073,48.2495],[-124.7873,48.2193],[-124.7891,48.173],[-124.7708,48.1363],[-124.7324,48.1092],[-124.7224,48.0863],[-124.7408,48.0676],[-124.7935,48.0509],[-124.8805,48.0362],[-124.9469,48.0054],[-124.9925,47.9585],[-125.014,47.9265],[-125.0113,47.9094],[-124.9932,47.8893],[-124.9597,47.8662],[-124.9409,47.8445],[-124.9366,47.8244],[-124.9534,47.7916],[-124.9911,47.7461],[-125.029,47.6687],[-125.0671,47.5593],[-125.0821,47.4763],[-125.074,47.4201],[-125.0528,47.3659],[-125.0183,47.3139],[-125.0013,47.2607],[-125.0018,47.2064],[-125.0155,47.169],[-125.0423,47.1486],[-125.0521,47.0635],[-125.0447,46.9134],[-125.0032,46.7838],[-124.9277,46.6749],[-124.8659,46.6028],[-124.8176,46.5677],[-124.7945,46.5364],[-124.7968,46.5088],[-124.8231,46.4744],[-124.8734,46.4331],[-124.8574,46.3813],[-124.7749,46.3192],[-124.7304,46.2743],[-124.7238,46.2466],[-124.7416,46.2155],[-124.7838,46.1809],[-124.8662,46.1636],[-124.9887,46.1636],[-125.0579,46.1428],[-125.0736,46.1012],[-125.1236,46.0754],[-125.2079,46.0655],[-125.305,46.0744],[-125.415,46.1022],[-125.535,46.1604],[-125.665,46.2489],[-125.75,46.2992],[-125.79,46.3116],[-125.8117,46.3139],[-125.815,46.3059],[-125.7268,46.2363],[-125.5471,46.1047],[-125.4554,46.0316],[-125.4518,46.0172],[-125.465,45.9964],[-125.4951,45.9691],[-125.507,45.9415],[-125.5007,45.9137],[-125.5067,45.8963],[-125.5248,45.8893],[-125.4067,45.8057],[-125.1525,45.6451],[-125.0245,45.5577],[-125.0226,45.5437],[-125.0387,45.5332],[-125.0729,45.5263],[-125.115,45.5237],[-125.165,45.5255],[-125.21,45.5343],[-125.25,45.5501],[-125.2769,45.5561],[-125.2908,45.5525],[-125.2552,45.5332],[-125.1701,45.4981],[-125.0481,45.4579],[-124.8894,45.4126],[-124.765,45.3695],[-124.675,45.3286],[-124.61,45.2803],[-124.57,45.2246],[-124.515,45.1913],[-124.445,45.1805],[-124.39,45.1659],[-124.35,45.1476],[-124.3,45.1373],[-124.24,45.135],[-124.1978,45.1291],[-124.1733,45.1196],[-124.1561,45.1077],[-124.1461,45.0936],[-124.1518,45.0654],[-124.1731,45.023],[-124.1385,44.9699],[-124.048,44.9062],[-123.9987,44.8495],[-123.9907,44.7999],[-123.9575,44.7521],[-123.8992,44.7061],[-123.85,44.6786],[-123.81,44.6694],[-123.7653,44.6461],[-123.7158,44.6088],[-123.7008,44.5811],[-123.7203,44.5629],[-123.76,44.5424],[-123.82,44.5196],[-123.8875,44.5037],[-123.9624,44.4948],[-124.0317,44.4761],[-124.0954,44.4475],[-124.0879,44.4208],[-124.0093,44.3959],[-123.95,44.3704],[-123.91,44.3441],[-123.82,44.3192],[-123.68,44.2958],[-123.59,44.2886],[-123.55,44.2974],[-123.4937,44.324],[-123.4212,44.3683],[-123.3841,44.4261],[-123.3824,44.4975],[-123.3758,44.5403],[-123.3645,44.5545],[-123.3416,44.5682],[-123.3072,44.5814],[-123.27,44.5866],[-123.23,44.5839],[-123.2011,44.5915],[-123.1832,44.6096],[-123.1782,44.6231],[-123.1861,44.6319],[-123.225,44.6418],[-123.295,44.6527],[-123.3328,44.6625],[-123.3384,44.6712],[-123.3349,44.6827],[-123.3223,44.6969],[-123.2595,44.7169],[-123.1465,44.7428],[-123.01,44.7602],[-122.85,44.7691],[-122.75,44.7699],[-122.71,44.7627],[-122.676,44.7454],[-122.6479,44.7178],[-122.6335,44.6933],[-122.6329,44.672],[-122.6415,44.6471],[-122.6593,44.6186],[-122.6649,44.6008],[-122.6583,44.5937],[-122.6138,44.5797],[-122.5313,44.5589],[-122.4889,44.5411],[-122.4866,44.5263],[-122.5316,44.5027],[-122.6239,44.4702],[-122.7381,44.4524],[-122.8743,44.4491],[-122.9481,44.444],[-122.9596,44.4368],[-122.9647,44.4225],[-122.9634,44.4011],[-122.982,44.3725],[-123.0206,44.3368],[-122.9874,44.3187],[-122.8825,44.3183],[-122.805,44.3078],[-122.755,44.2871],[-122.705,44.2754],[-122.655,44.2727],[-122.6197,44.2654],[-122.599,44.2533],[-122.589,44.2385],[-122.5897,44.2209],[-122.585,44.2095],[-122.575,44.2044],[-122.52,44.2021],[-122.42,44.2027],[-122.34,44.2302],[-122.28,44.2843],[-122.1769,44.3633],[-122.0306,44.4671],[-121.964,44.5367],[-121.9772,44.5723],[-121.9773,44.6044],[-121.9644,44.6329],[-121.9459,44.6497],[-121.922,44.6549],[-121.89,44.6502],[-121.85,44.6355],[-121.819,44.6329],[-121.7969,44.6423],[-121.7781,44.6578],[-121.7626,44.6791],[-121.7527,44.7182],[-121.7482,44.775],[-121.7316,44.8176],[-121.7027,44.846],[-121.6969,44.8885],[-121.7141,44.9452],[-121.7096,44.9838],[-121.6832,45.0044],[-121.6393,45.0256],[-121.5779,45.0474],[-121.5201,45.0936],[-121.4661,45.1642],[-121.4475,45.2241],[-121.4643,45.2734],[-121.4546,45.3156],[-121.4184,45.3507],[-121.4112,45.3999],[-121.4332,45.4631],[-121.4354,45.5332],[-121.4179,45.6102],[-121.427,45.6801],[-121.4628,45.7429],[-121.4673,45.7918],[-121.4406,45.8266],[-121.443,45.8552],[-121.4743,45.8775],[-121.5011,45.9123],[-121.5232,45.9596],[-121.5232,45.9928],[-121.5011,46.012],[-121.462,46.0294],[-121.4059,46.0449],[-121.3509,46.0727],[-121.297,46.1127],[-121.2704,46.1439],[-121.2711,46.1663],[-121.2933,46.1982],[-121.337,46.2397],[-121.324,46.2778],[-121.2545,46.3123],[-121.1962,46.3537],[-121.149,46.402],[-121.1282,46.471],[-121.1338,46.5604],[-121.1482,46.6188],[-121.1714,46.6463],[-121.198,46.6944],[-121.2279,46.7629],[-121.2387,46.8177],[-121.2306,46.8587],[-121.2452,46.8929],[-121.2824,46.9202],[-121.2994,46.9476],[-121.2962,46.9749],[-121.3026,47.009],[-121.3186,47.0499],[-121.3125,47.0786],[-121.2842,47.0951],[-121.2451,47.1053],[-121.1953,47.1092],[-121.1203,47.1546],[-121.0201,47.2412],[-120.93,47.3102],[-120.85,47.3616],[-120.795,47.3892],[-120.765,47.393],[-120.7425,47.3885],[-120.7274,47.3756],[-120.7297,47.3522],[-120.7491,47.3184],[-120.7567,47.2929],[-120.7522,47.2758],[-120.7309,47.2826],[-120.6928,47.3132],[-120.6464,47.3387],[-120.5918,47.359],[-120.5658,47.3797],[-120.5686,47.4009],[-120.6,47.4217],[-120.66,47.4423],[-120.7201,47.4757],[-120.7803,47.5219],[-120.8051,47.5619],[-120.7945,47.5956],[-120.7925,47.636],[-120.7992,47.6832],[-120.787,47.7168],[-120.7557,47.737],[-120.7575,47.7467],[-120.7925,47.7459],[-120.813,47.7795],[-120.8191,47.8475],[-120.8041,47.8947],[-120.768,47.9212],[-120.73,47.9362],[-120.69,47.9397],[-120.6543,47.9265],[-120.6229,47.8965],[-120.6129,47.8621],[-120.6243,47.8233],[-120.6143,47.8098],[-120.583,47.8218],[-120.548,47.8552],[-120.5093,47.9101],[-120.47,47.9304],[-120.43,47.9159],[-120.4,47.9108],[-120.38,47.915],[-120.3645,47.9317],[-120.3535,47.9607],[-120.3535,47.9877],[-120.3645,48.0125],[-120.39,48.0183],[-120.43,48.005],[-120.4854,48.0027],[-120.5563,48.0112],[-120.5908,48.0488],[-120.5891,48.1157],[-120.5757,48.169],[-120.5507,48.209],[-120.5261,48.2353],[-120.502,48.2479],[-120.4669,48.2579],[-120.4208,48.2653],[-120.3708,48.2866],[-120.3169,48.3217],[-120.25,48.3446],[-120.17,48.3552],[-120.1157,48.3709],[-120.0872,48.3916],[-120.0472,48.4107],[-119.9957,48.4283],[-119.94,48.4693],[-119.88,48.5338],[-119.83,48.5629],[-119.79,48.5566],[-119.755,48.5411],[-119.725,48.5164],[-119.6932,48.5083],[-119.6597,48.517],[-119.6317,48.5313],[-119.6091,48.5511],[-119.5767,48.614],[-119.5344,48.7197],[-119.5133,48.7889],[-119.5135,48.8218],[-119.5277,48.8484],[-119.5559,48.8687],[-119.5957,48.8654],[-119.6471,48.8386],[-119.6871,48.8046],[-119.7157,48.7635],[-119.745,48.7352],[-119.775,48.7197],[-119.815,48.7165],[-119.865,48.7255],[-119.9077,48.7439],[-119.943,48.7717],[-119.9669,48.8119],[-119.9792,48.8646],[-119.9748,48.9074],[-119.9537,48.9402],[-119.9435,49.0091],[-119.9441,49.114],[-119.9136,49.1925],[-119.852,49.2447],[-119.8213,49.2969],[-119.8213,49.3491],[-119.7997,49.3914],[-119.7566,49.4239],[-119.728,49.4727],[-119.714,49.5377],[-119.7108,49.5895],[-119.7186,49.6284],[-119.7293,49.6517],[-119.7431,49.6594],[-119.7669,49.6497],[-119.8007,49.6226],[-119.8307,49.5794],[-119.8569,49.5203],[-119.89,49.4812],[-119.93,49.4624],[-119.96,49.4585],[-119.98,49.4696],[-119.9983,49.5054],[-120.0148,49.5658],[-119.9998,49.6091],[-119.9533,49.6353],[-119.915,49.669],[-119.885,49.7103],[-119.85,49.7366],[-119.81,49.7478],[-119.7868,49.769],[-119.7804,49.8003],[-119.7518,49.8353],[-119.7009,49.874],[-119.6646,49.9158],[-119.643,49.9609],[-119.6192,49.9963],[-119.5932,50.022],[-119.5564,50.0445],[-119.5087,50.0637],[-119.4412,50.1256],[-119.3537,50.2298],[-119.295,50.288],[-119.265,50.3004],[-119.23,50.3042],[-119.19,50.2994],[-119.15,50.3046],[-119.11,50.3198],[-119.065,50.3305],[-119.015,50.3364],[-118.965,50.3516],[-118.915,50.3759],[-118.87,50.378],[-118.83,50.3581],[-118.79,50.3567],[-118.75,50.3736],[-118.7217,50.3913],[-118.7051,50.4096],[-118.6941,50.4537],[-118.6887,50.5237],[-118.6638,50.5714],[-118.6194,50.5968],[-118.6017,50.6222],[-118.6108,50.6476],[-118.5868,50.6793],[-118.5295,50.7173],[-118.5028,50.7489],[-118.5066,50.7742],[-118.4989,50.7925],[-118.4796,50.8037],[-118.4597,50.8069],[-118.4391,50.802],[-118.4381,50.7869],[-118.4567,50.7616],[-118.4576,50.7299],[-118.4409,50.6919],[-118.4419,50.6605],[-118.4606,50.6357],[-118.4868,50.6134],[-118.5203,50.5939],[-118.5369,50.5555],[-118.5364,50.4983],[-118.5635,50.4537],[-118.6181,50.4219],[-118.6469,50.3805],[-118.6499,50.3294],[-118.646,50.2992],[-118.6353,50.29],[-118.6,50.2877],[-118.54,50.2924],[-118.49,50.2852],[-118.45,50.2661],[-118.4,50.2635],[-118.34,50.2773],[-118.295,50.2668],[-118.2649,50.2318],[-118.2522,50.2016],[-118.2568,50.1759],[-118.2618,50.1591],[-118.2673,50.1511],[-118.285,50.1445],[-118.315,50.1391],[-118.34,50.1147],[-118.36,50.071],[-118.39,50.0489],[-118.43,50.0484],[-118.465,50.0552],[-118.495,50.0692],[-118.555,50.0708],[-118.645,50.06],[-118.692,50.04],[-118.6959,50.0109],[-118.6878,49.9673],[-118.6677,49.9094],[-118.6742,49.8611],[-118.7073,49.8224],[-118.697,49.7707],[-118.6435,49.7061],[-118.61,49.6526],[-118.5967,49.6103],[-118.575,49.5875],[-118.545,49.5844],[-118.4855,49.5602],[-118.3966,49.5149],[-118.3474,49.4435],[-118.3378,49.3458],[-118.3278,49.2871],[-118.3174,49.2676],[-118.2966,49.2522],[-118.2655,49.241],[-118.2327,49.2148],[-118.1982,49.1738],[-118.1739,49.1173],[-118.1601,49.0452],[-118.1785,48.9796],[-118.2292,48.9205],[-118.2934,48.868],[-118.3711,48.8223],[-118.48,48.7898],[-118.62,48.7706],[-118.736,48.7639],[-118.828,48.7696],[-118.8955,48.7263],[-118.9384,48.6338],[-118.9874,48.5592],[-119.0425,48.5025],[-119.0751,48.4594],[-119.0853,48.43],[-119.0853,48.4064],[-119.0751,48.3887],[-119.05,48.3783],[-119.01,48.3752],[-118.9508,48.4073],[-118.8723,48.4745],[-118.8344,48.5346],[-118.837,48.5875],[-118.8445,48.6239],[-118.8569,48.6437],[-118.8581,48.6602],[-118.8479,48.6735],[-118.7997,48.6918],[-118.7132,48.7152],[-118.6454,48.7053],[-118.5961,48.6621],[-118.5662,48.6239],[-118.5558,48.5908],[-118.5539,48.5611],[-118.5604,48.5346],[-118.5973,48.4749],[-118.6649,48.382],[-118.7053,48.3023],[-118.7187,48.2357],[-118.7216,48.1941],[-118.7139,48.1774],[-118.6933,48.1674],[-118.6599,48.164],[-118.6336,48.1524],[-118.6145,48.1323],[-118.6083,48.1157],[-118.615,48.1023],[-118.6321,48.0889],[-118.6594,48.0756],[-118.6751,48.0555],[-118.6793,48.0288],[-118.6585,48.0215],[-118.6128,48.0336],[-118.58,48.0366],[-118.56,48.0305],[-118.5432,48.0077],[-118.5296,47.9682],[-118.5319,47.9284],[-118.5503,47.8881],[-118.5471,47.8525],[-118.5224,47.8214],[-118.4824,47.7946],[-118.4272,47.7719],[-118.4172,47.74],[-118.4524,47.6989],[-118.4802,47.6518],[-118.5006,47.5986],[-118.5056,47.5487],[-118.4952,47.502],[-118.4807,47.4716],[-118.462,47.4575],[-118.4608,47.4335],[-118.4771,47.3996],[-118.5164,47.3834],[-118.5788,47.3847],[-118.635,47.3724],[-118.685,47.3463],[-118.725,47.3153],[-118.755,47.2794],[-118.7701,47.2375],[-118.7703,47.1896],[-118.7653,47.1542],[-118.7551,47.1315],[-118.695,47.1179],[-118.585,47.1135],[-118.5018,47.0806],[-118.4454,47.0192],[-118.4172,46.9407],[-118.4174,46.8451],[-118.4206,46.7939],[-118.4269,46.7875],[-118.445,46.7853],[-118.475,46.7873],[-118.51,46.7727],[-118.55,46.7414],[-118.5616,46.7231],[-118.5447,46.7176],[-118.5097,46.7307],[-118.4566,46.7622],[-118.395,46.7793],[-118.325,46.7819],[-118.275,46.7767],[-118.245,46.7637],[-118.2223,46.7432],[-118.207,46.7152],[-118.212,46.673],[-118.2373,46.6165],[-118.28,46.5865],[-118.34,46.5831],[-118.41,46.5995],[-118.49,46.6359],[-118.57,46.626],[-118.65,46.5697],[-118.705,46.5383],[-118.735,46.5317],[-118.77,46.5307],[-118.81,46.5351],[-118.8656,46.513],[-118.9369,46.4643],[-118.9746,46.4227],[-118.9786,46.3882],[-118.973,46.3625],[-118.9577,46.3454],[-118.92,46.3216],[-118.86,46.2911],[-118.81,46.2731],[-118.77,46.2676],[-118.725,46.243],[-118.675,46.1992],[-118.625,46.1701],[-118.575,46.1556],[-118.5385,46.1383],[-118.5156,46.1182],[-118.4964,46.0908],[-118.4811,46.0561],[-118.4779,46.0318],[-118.487,46.0179],[-118.5112,46.0052],[-118.5504,45.9937],[-118.59,45.9905],[-118.63,45.9955],[-118.665,46.0071],[-118.695,46.0251],[-118.725,46.03],[-118.755,46.0218],[-118.78,46.0062],[-118.8,45.9833],[-118.8201,45.9399],[-118.8403,45.876],[-118.8858,45.8231],[-118.9568,45.7813],[-118.9998,45.7464],[-119.0148,45.7185],[-119.045,45.6871],[-119.0904,45.6521],[-119.1023,45.6218],[-119.0808,45.5962],[-119.055,45.5802],[-119.025,45.5738],[-119.008,45.5586],[-119.0039,45.5346],[-119.0239,45.4736],[-119.0678,45.3753],[-119.1456,45.2698],[-119.2573,45.1571],[-119.3127,45.0866],[-119.3119,45.0583],[-119.2848,45.0265],[-119.2314,44.9912],[-119.1895,44.9452],[-119.1591,44.8885],[-119.1461,44.846],[-119.1505,44.8176],[-119.172,44.7864],[-119.2107,44.7523],[-119.2386,44.7167],[-119.2558,44.6798],[-119.2558,44.6535],[-119.2386,44.6379],[-119.2045,44.6379],[-119.1534,44.6535],[-119.1281,44.6827],[-119.1285,44.7253],[-119.1041,44.7573],[-119.0548,44.7786],[-119.0245,44.8034],[-119.0132,44.8318],[-118.9882,44.8543],[-118.9494,44.8708],[-118.92,44.8788],[-118.9,44.8781],[-118.87,44.8527],[-118.83,44.8027],[-118.7841,44.7805],[-118.7323,44.7863],[-118.7053,44.7963],[-118.7031,44.8105],[-118.7234,44.8389],[-118.7661,44.8814],[-118.7731,44.919],[-118.7444,44.9516],[-118.715,44.9638],[-118.685,44.9556],[-118.6559,44.9287],[-118.6278,44.883],[-118.5978,44.8546],[-118.5659,44.8434],[-118.51,44.8486],[-118.43,44.8703],[-118.3477,44.8652],[-118.2632,44.8335],[-118.202,44.8212],[-118.1642,44.8282],[-118.1413,44.8389],[-118.1334,44.8531],[-118.1327,44.8885],[-118.1392,44.9452],[-118.1234,45.03],[-118.0852,45.143],[-118.0421,45.2118],[-117.994,45.2364],[-117.95,45.2496],[-117.91,45.2513],[-117.865,45.2379],[-117.815,45.2094],[-117.745,45.1854],[-117.655,45.166],[-117.585,45.174],[-117.535,45.2095],[-117.48,45.2288],[-117.42,45.2318],[-117.3556,45.2178],[-117.2868,45.1868],[-117.2391,45.1395],[-117.2125,45.076],[-117.1769,45.0365],[-117.1323,45.0211],[-117.0931,45.0141],[-117.0592,45.0153],[-117.0207,45.0477],[-116.9775,45.1113],[-116.9744,45.1623],[-117.0115,45.2007],[-117.0526,45.2324],[-117.0977,45.2574],[-117.1267,45.2945],[-117.1394,45.3437],[-117.124,45.4175],[-117.0805,45.5156],[-117.0333,45.5962],[-116.9826,45.6591],[-116.9305,45.7053],[-116.8768,45.7348],[-116.8522,45.7802],[-116.8567,45.8413],[-116.8444,45.9032],[-116.8153,45.9658],[-116.7631,46.0078],[-116.6877,46.0291],[-116.625,46.035],[-116.575,46.0256],[-116.54,46.0237],[-116.52,46.0292],[-116.4683,46.0927],[-116.3849,46.2138],[-116.3444,46.2985],[-116.347,46.3468],[-116.369,46.3951],[-116.4105,46.4434],[-116.434,46.4985],[-116.4393,46.5604],[-116.4048,46.6051],[-116.3304,46.6326],[-116.2774,46.6581],[-116.2458,46.6817],[-116.2,46.7331],[-116.14,46.8124],[-116.1067,46.8725],[-116.1,46.9134],[-116.0785,46.9612],[-116.0421,47.0158],[-116.0305,47.0716],[-116.0435,47.1287],[-116.0633,47.1763],[-116.0898,47.2145],[-116.1011,47.2573],[-116.0972,47.3048],[-116.1039,47.3394],[-116.1213,47.3612],[-116.15,47.3771],[-116.19,47.3872],[-116.2286,47.4237],[-116.2657,47.4866],[-116.2189,47.5484],[-116.0883,47.6091],[-116.0231,47.6731],[-116.0233,47.7404],[-115.995,47.7872],[-115.9383,47.8136],[-115.9105,47.8438],[-115.9115,47.8778],[-115.952,47.9418],[-116.032,48.0355],[-116.0532,48.0889],[-116.0158,48.1023],[-116.0124,48.1357],[-116.0429,48.189],[-116.0761,48.228],[-116.112,48.2526],[-116.1572,48.2726],[-116.2117,48.2879],[-116.2499,48.3056],[-116.2717,48.3255],[-116.2817,48.3488],[-116.2799,48.3754],[-116.2569,48.4086],[-116.2124,48.4484],[-116.1944,48.4882],[-116.2028,48.528],[-116.2469,48.5677],[-116.3267,48.6074],[-116.3771,48.6404],[-116.398,48.6668],[-116.4102,48.6933],[-116.4137,48.7197],[-116.4667,48.7856],[-116.5691,48.8909],[-116.6207,48.9632],[-116.6214,49.0026],[-116.5988,49.0391],[-116.5529,49.0727],[-116.5269,49.1022],[-116.5207,49.1275],[-116.5507,49.1568],[-116.6169,49.19],[-116.6469,49.1802],[-116.6407,49.1273],[-116.642,49.0911],[-116.6508,49.0714],[-116.6689,49.0555],[-116.6963,49.0434],[-116.74,49.0414],[-116.8,49.0494],[-116.8481,49.0718],[-116.8844,49.1086],[-116.9249,49.1336],[-116.9697,49.1467],[-117.0061,49.1663],[-117.0341,49.1925],[-117.0635,49.2335],[-117.0945,49.2894],[-117.1401,49.3415],[-117.2003,49.39],[-117.2275,49.437],[-117.2218,49.4825],[-117.2367,49.5333],[-117.2722,49.5894],[-117.305,49.622],[-117.335,49.631],[-117.3555,49.6418],[-117.3666,49.6545],[-117.3716,49.6643],[-117.3705,49.6713],[-117.3621,49.6746],[-117.3464,49.674],[-117.3214,49.6629],[-117.2871,49.6413],[-117.235,49.6396],[-117.165,49.6578],[-117.1,49.6646],[-117.04,49.6599],[-116.997,49.6616],[-116.9709,49.6697],[-116.9471,49.6899],[-116.9255,49.7223],[-116.9361,49.7804],[-116.9789,49.8643],[-116.9958,49.9513],[-116.987,50.0413],[-116.9745,50.0951],[-116.9582,50.1128],[-116.94,50.1232],[-116.92,50.1263],[-116.88,50.1172],[-116.82,50.0962],[-116.76,50.0914],[-116.7,50.1031],[-116.635,50.1028],[-116.565,50.0906],[-116.5068,50.0977],[-116.4605,50.1242],[-116.5,50.1888],[-116.6254,50.2911],[-116.6745,50.3549],[-116.6472,50.3805],[-116.6492,50.406],[-116.6805,50.4315],[-116.6887,50.4601],[-116.6737,50.4919],[-116.6872,50.5379],[-116.7291,50.598],[-116.7693,50.636],[-116.808,50.6522],[-116.818,50.674],[-116.7993,50.7015],[-116.8126,50.73],[-116.8579,50.7595],[-116.8829,50.7888],[-116.8876,50.818],[-116.9173,50.8401],[-116.972,50.8552],[-116.9893,50.8753],[-116.969,50.9005],[-116.9816,50.9171],[-117.0272,50.925],[-117.0637,50.9408],[-117.091,50.9644],[-117.1215,50.9793],[-117.1554,50.9856],[-117.1763,50.995],[-117.1842,51.0076],[-117.1786,51.0241],[-117.1595,51.0444],[-117.165,51.0668],[-117.195,51.0915],[-117.2383,51.1096],[-117.2949,51.1212],[-117.3199,51.1385],[-117.3133,51.1615],[-117.274,51.1928],[-117.2021,51.2325],[-117.176,51.2524],[-117.1957,51.2524],[-117.2316,51.2388],[-117.2839,51.2115],[-117.3235,51.199],[-117.3506,51.2012],[-117.3606,51.2126],[-117.3535,51.2333],[-117.3192,51.2614],[-117.2575,51.2971],[-117.2247,51.3212],[-117.2208,51.3337],[-117.2266,51.3519],[-117.2422,51.3758],[-117.275,51.3905],[-117.325,51.396],[-117.37,51.4096],[-117.41,51.4313],[-117.46,51.4366],[-117.52,51.4255],[-117.5557,51.4342],[-117.567,51.4629],[-117.607,51.5083],[-117.6755,51.5705],[-117.7298,51.6102],[-117.7699,51.6274],[-117.81,51.6526],[-117.85,51.6857],[-117.895,51.7058],[-117.945,51.7128],[-118.0,51.7086],[-118.06,51.6929],[-118.1,51.6884],[-118.12,51.6948],[-118.1416,51.7267],[-118.1647,51.7838],[-118.1697,51.8419],[-118.1566,51.9012],[-118.16,51.9352],[-118.18,51.9441],[-118.205,51.937],[-118.235,51.9139],[-118.26,51.9001],[-118.28,51.8955],[-118.2979,51.9008],[-118.3137,51.9159],[-118.3221,51.942],[-118.3232,51.9789],[-118.3603,52.0048],[-118.4334,52.0195],[-118.4859,52.0471],[-118.5176,52.0878],[-118.5349,52.1327],[-118.5377,52.1817],[-118.5493,52.2216],[-118.5696,52.2522],[-118.5923,52.269],[-118.6174,52.2721],[-118.655,52.2666],[-118.705,52.2524],[-118.745,52.2482],[-118.775,52.2539],[-118.83,52.2785],[-118.91,52.322],[-118.9637,52.3644],[-118.9911,52.4057],[-119.0311,52.4415],[-119.0837,52.4716],[-119.1215,52.4808],[-119.1444,52.4689],[-119.1744,52.438],[-119.2115,52.3881],[-119.24,52.3598],[-119.26,52.3529],[-119.29,52.3534],[-119.33,52.3613],[-119.3568,52.3622],[-119.3703,52.3561],[-119.4052,52.3103],[-119.4616,52.2247],[-119.484,52.1695],[-119.4723,52.1449],[-119.4497,52.1204],[-119.4164,52.0958],[-119.3995,52.0743],[-119.3988,52.0559],[-119.4252,52.0159],[-119.4785,51.9543],[-119.5114,51.9234],[-119.5238,51.9234],[-119.5512,51.9542],[-119.5935,52.0158],[-119.604,52.1081],[-119.5828,52.2308],[-119.6066,52.3089],[-119.6755,52.3427],[-119.725,52.3741],[-119.755,52.4029],[-119.8208,52.45],[-119.9224,52.5155],[-120.0324,52.5588],[-120.1508,52.5801],[-120.255,52.5745],[-120.345,52.5419],[-120.4266,52.5404],[-120.4997,52.5699],[-120.5386,52.5907],[-120.5433,52.6029],[-120.5376,52.618],[-120.5215,52.6362],[-120.5166,52.6696],[-120.5228,52.7181],[-120.538,52.7544],[-120.562,52.7786],[-120.5681,52.7998],[-120.5562,52.8179],[-120.5751,52.8339],[-120.625,52.8478],[-120.6562,52.8599],[-120.6686,52.8702],[-120.6626,52.8934],[-120.6382,52.9296],[-120.6114,52.9567],[-120.5821,52.9748],[-120.5681,52.9926],[-120.5694,53.0101],[-120.6062,53.0432],[-120.6786,53.0918],[-120.7423,53.1251],[-120.7973,53.1431],[-120.8557,53.1731],[-120.9173,53.215],[-120.9368,53.2569],[-120.9143,53.2988],[-120.9082,53.3436],[-120.9187,53.3913],[-120.9154,53.4203],[-120.8985,53.4307],[-120.8703,53.4366],[-120.8309,53.4382],[-120.7659,53.4655],[-120.6753,53.5185],[-120.6249,53.5601],[-120.6146,53.5904],[-120.6305,53.6173],[-120.6728,53.6411],[-120.6912,53.6618],[-120.6858,53.6796],[-120.6378,53.7092],[-120.5472,53.7506],[-120.4342,53.789],[-120.2988,53.8245],[-120.228,53.8628],[-120.2219,53.9041],[-120.1913,53.9453],[-120.1365,53.9865],[-120.1086,54.0188],[-120.1076,54.0423],[-120.122,54.0629],[-120.152,54.0805],[-120.1678,54.0951],[-120.1695,54.1069],[-120.1452,54.1235],[-120.0951,54.145],[-120.0577,54.1684],[-120.033,54.1938],[-120.019,54.2152],[-120.0157,54.2327],[-120.0381,54.273],[-120.086,54.3359],[-120.13,54.3843],[-120.17,54.4183],[-120.2265,54.4539],[-120.2995,54.4909],[-120.3495,54.5371],[-120.3765,54.5923],[-120.42,54.6265],[-120.48,54.6396],[-120.54,54.6606],[-120.6,54.6895],[-120.68,54.7115],[-120.78,54.7266],[-120.8419,54.7387],[-120.8656,54.748],[-120.895,54.7843],[-120.9299,54.8477],[-120.9473,54.8937],[-120.9471,54.9225],[-120.9595,54.9512],[-120.9844,54.9799],[-120.9815,54.9799],[-120.9506,54.9512],[-120.9363,54.9225],[-120.9385,54.8937],[-120.9222,54.8496],[-120.8874,54.7901],[-120.86,54.7556],[-120.84,54.7463],[-120.775,54.7341],[-120.665,54.719],[-120.585,54.6972],[-120.535,54.6687],[-120.48,54.6484],[-120.42,54.6363],[-120.38,54.6195],[-120.36,54.598],[-120.3454,54.5707],[-120.3361,54.5376],[-120.2961,54.5022],[-120.2254,54.4645],[-120.1436,54.3976],[-120.0508,54.3014],[-120.007,54.2386],[-120.0124,54.2093],[-120.0288,54.1829],[-120.0563,54.1592],[-120.093,54.1387],[-120.1391,54.1214],[-120.1591,54.106],[-120.153,54.0925],[-120.1284,54.0779],[-120.0851,54.062],[-120.0701,54.0401],[-120.0834,54.0121],[-120.1222,53.9768],[-120.1865,53.9342],[-120.2152,53.9011],[-120.2085,53.8776],[-120.2113,53.8575],[-120.2238,53.8409],[-120.2948,53.8172],[-120.4244,53.7866],[-120.5348,53.7506],[-120.6261,53.7092],[-120.674,53.6796],[-120.6786,53.6618],[-120.6591,53.6411],[-120.6153,53.6173],[-120.6,53.5877],[-120.613,53.552],[-120.6572,53.5179],[-120.7324,53.4853],[-120.78,53.4598],[-120.8,53.4415],[-120.83,53.4318],[-120.87,53.4307],[-120.8962,53.4264],[-120.9087,53.4189],[-120.9101,53.3883],[-120.9004,53.3346],[-120.9055,53.2988],[-120.9254,53.2808],[-120.9347,53.2629],[-120.9335,53.245],[-120.9042,53.215],[-120.8469,53.1731],[-120.7906,53.1431],[-120.7354,53.1251],[-120.6684,53.0903],[-120.5895,53.0386],[-120.55,53.0047],[-120.55,52.9885],[-120.5644,52.9722],[-120.5931,52.9559],[-120.6218,52.9296],[-120.6505,52.8934],[-120.6338,52.8633],[-120.5716,52.8391],[-120.5462,52.8179],[-120.5576,52.7998],[-120.5517,52.7756],[-120.5287,52.7454],[-120.5144,52.709],[-120.509,52.6666],[-120.5136,52.6362],[-120.5283,52.618],[-120.5331,52.6029],[-120.5281,52.5907],[-120.4917,52.5728],[-120.4239,52.5491],[-120.345,52.552],[-120.255,52.5813],[-120.1548,52.5871],[-120.0444,52.5692],[-119.9544,52.5402],[-119.8848,52.5],[-119.815,52.4518],[-119.745,52.3955],[-119.674,52.3516],[-119.602,52.32],[-119.552,52.2845],[-119.524,52.2451],[-119.495,52.2294],[-119.465,52.2374],[-119.431,52.2724],[-119.3931,52.3344],[-119.3431,52.3634],[-119.281,52.3595],[-119.228,52.3839],[-119.1839,52.4366],[-119.1489,52.4701],[-119.123,52.4844],[-119.0817,52.4752],[-119.0252,52.4427],[-118.9852,52.4073],[-118.9617,52.3692],[-118.905,52.3271],[-118.815,52.281],[-118.755,52.2568],[-118.725,52.2545],[-118.69,52.2605],[-118.65,52.2747],[-118.6137,52.2813],[-118.581,52.2803],[-118.5555,52.2614],[-118.5373,52.2247],[-118.529,52.1848],[-118.5307,52.1419],[-118.5211,52.1044],[-118.5004,52.0723],[-118.445,52.042],[-118.355,52.0134],[-118.3112,51.9802],[-118.3137,51.9424],[-118.3087,51.9173],[-118.2962,51.9048],[-118.28,51.9007],[-118.26,51.9047],[-118.235,51.9185],[-118.205,51.9419],[-118.1792,51.9491],[-118.1577,51.9402],[-118.1441,51.9296],[-118.1383,51.9173],[-118.1447,51.8864],[-118.163,51.837],[-118.1567,51.7868],[-118.1256,51.7358],[-118.1,51.7077],[-118.08,51.7027],[-118.045,51.7068],[-117.995,51.7202],[-117.9421,51.7235],[-117.8863,51.7167],[-117.7951,51.6637],[-117.6684,51.5643],[-117.5952,51.5052],[-117.5756,51.4865],[-117.5619,51.464],[-117.554,51.4376],[-117.54,51.424],[-117.52,51.423],[-117.49,51.4291],[-117.45,51.4423],[-117.415,51.4392],[-117.385,51.4198],[-117.345,51.4091],[-117.295,51.4073],[-117.26,51.3991],[-117.24,51.3847],[-117.2275,51.3619],[-117.2225,51.3306],[-117.256,51.2899],[-117.328,51.2399],[-117.3555,51.2108],[-117.3385,51.2028],[-117.295,51.2149],[-117.225,51.2471],[-117.1823,51.2605],[-117.1668,51.2551],[-117.1968,51.231],[-117.2723,51.1882],[-117.3114,51.1569],[-117.3143,51.137],[-117.2893,51.1222],[-117.2364,51.1126],[-117.195,51.097],[-117.1649,51.0751],[-117.1472,51.0611],[-117.1418,51.0548],[-117.1498,51.0422],[-117.1714,51.0234],[-117.1791,51.0086],[-117.173,50.9979],[-117.1509,50.9884],[-117.1127,50.9802],[-117.0777,50.9641],[-117.0459,50.9399],[-117.01,50.9265],[-116.97,50.9238],[-116.9604,50.9076],[-116.9812,50.8776],[-116.9653,50.8564],[-116.9125,50.8437],[-116.8854,50.8248],[-116.8839,50.7995],[-116.8588,50.7711],[-116.8102,50.7394],[-116.7932,50.7078],[-116.8081,50.6761],[-116.7975,50.6539],[-116.7616,50.6412],[-116.7216,50.6031],[-116.6777,50.5396],[-116.6611,50.4951],[-116.6718,50.4697],[-116.6602,50.441],[-116.6262,50.4092],[-116.6215,50.3773],[-116.646,50.3454],[-116.6228,50.2975],[-116.552,50.2336],[-116.4901,50.1856],[-116.437,50.1535],[-116.4403,50.1229],[-116.5001,50.0936],[-116.57,50.085],[-116.65,50.097],[-116.715,50.0966],[-116.765,50.0837],[-116.82,50.0884],[-116.88,50.1106],[-116.9211,50.1192],[-116.9434,50.1143],[-116.9596,50.1054],[-116.9698,50.0926],[-116.9792,50.0413],[-116.9876,49.9513],[-116.9675,49.8611],[-116.9188,49.7707],[-116.9084,49.7068],[-116.9361,49.6693],[-117.0,49.6514],[-117.1,49.6531],[-117.1717,49.646],[-117.2152,49.63],[-117.2425,49.6155],[-117.2538,49.6025],[-117.2462,49.5733],[-117.2197,49.5279],[-117.2107,49.4825],[-117.2192,49.437],[-117.1901,49.3884],[-117.1234,49.3368],[-117.0662,49.2748],[-117.0185,49.2025],[-116.9701,49.1565],[-116.921,49.1369],[-116.8798,49.1095],[-116.8466,49.0745],[-116.805,49.0529],[-116.755,49.0448],[-116.7141,49.0459],[-116.6824,49.0564],[-116.6618,49.0714],[-116.6523,49.0911],[-116.6532,49.1273],[-116.6644,49.18],[-116.665,49.2092],[-116.655,49.2149],[-116.615,49.2003],[-116.545,49.1652],[-116.5083,49.1393],[-116.5049,49.1224],[-116.5096,49.1042],[-116.5224,49.0845],[-116.5441,49.0673],[-116.5747,49.0524],[-116.5971,49.036],[-116.6114,49.0181],[-116.618,48.996],[-116.617,48.9698],[-116.5631,48.9008],[-116.4565,48.7889],[-116.4025,48.7197],[-116.4014,48.6933],[-116.3896,48.6668],[-116.3673,48.6404],[-116.3296,48.6172],[-116.2765,48.5972],[-116.2353,48.5741],[-116.206,48.5477],[-116.1903,48.5147],[-116.1881,48.4749],[-116.2079,48.4351],[-116.2497,48.3953],[-116.2682,48.3621],[-116.2634,48.3355],[-116.2132,48.3012],[-116.1177,48.2591],[-116.0408,48.2058],[-115.9825,48.1413],[-115.9593,48.0923],[-115.9713,48.0589],[-115.9605,48.011],[-115.9268,47.9485],[-115.9033,47.8915],[-115.8898,47.8401],[-115.8848,47.8107],[-115.8883,47.8033],[-115.905,47.8016],[-115.935,47.8054],[-115.96,47.8033],[-115.98,47.7954],[-115.9968,47.7803],[-116.0103,47.7582],[-116.0053,47.731],[-115.9818,47.6989],[-115.95,47.6848],[-115.91,47.6889],[-115.8853,47.6881],[-115.876,47.6826],[-115.8708,47.6664],[-115.8696,47.6394],[-115.877,47.6158],[-115.8929,47.5956],[-115.9282,47.5939],[-115.9827,47.6108],[-116.035,47.6123],[-116.085,47.5984],[-116.129,47.5799],[-116.1671,47.5566],[-116.185,47.5349],[-116.1826,47.5146],[-116.158,47.491],[-116.111,47.4639],[-116.0876,47.3963],[-116.0877,47.2878],[-116.0774,47.2166],[-116.0567,47.1826],[-116.0391,47.135],[-116.0247,47.0737],[-116.034,47.0192],[-116.0671,46.9715],[-116.0884,46.9237],[-116.0979,46.8758],[-116.1345,46.8069],[-116.1982,46.7169],[-116.2794,46.6483],[-116.3783,46.6012],[-116.4269,46.5501],[-116.425,46.4951],[-116.4027,46.4434],[-116.36,46.3951],[-116.3365,46.3458],[-116.3322,46.2955],[-116.3533,46.2436],[-116.3999,46.1903],[-116.4323,46.1393],[-116.4504,46.0908],[-116.4721,46.055],[-116.4974,46.0318],[-116.56,46.0205],[-116.66,46.0209],[-116.732,46.0117],[-116.776,45.9927],[-116.8093,45.9554],[-116.832,45.8998],[-116.8434,45.8406],[-116.8436,45.7778],[-116.8669,45.7325],[-116.9133,45.7045],[-116.9444,45.6766],[-116.9602,45.6486],[-116.986,45.6207],[-117.0219,45.5927],[-117.0637,45.5262],[-117.1116,45.421],[-117.126,45.3437],[-117.107,45.2945],[-117.0594,45.2417],[-116.9829,45.1853],[-116.9442,45.1465],[-116.9431,45.1254],[-116.9545,45.1064],[-116.9782,45.0896],[-116.9997,45.0649],[-117.019,45.0322],[-117.044,45.0135],[-117.0747,45.0088],[-117.117,45.0123],[-117.171,45.0241],[-117.2149,45.0618],[-117.2487,45.1254],[-117.3017,45.1728],[-117.3739,45.204],[-117.435,45.22],[-117.485,45.2207],[-117.535,45.2025],[-117.585,45.1652],[-117.655,45.157],[-117.745,45.1781],[-117.815,45.2026],[-117.865,45.2306],[-117.91,45.2437],[-117.95,45.2421],[-117.985,45.2354],[-118.015,45.2238],[-118.0371,45.2098],[-118.0512,45.1935],[-118.0784,45.1324],[-118.1186,45.0265],[-118.1378,44.9381],[-118.1358,44.8672],[-118.1537,44.8266],[-118.1912,44.8161],[-118.245,44.8245],[-118.315,44.8519],[-118.365,44.8671],[-118.395,44.8701],[-118.44,44.8605],[-118.5,44.8382],[-118.555,44.8264],[-118.605,44.825],[-118.645,44.8075],[-118.675,44.7737],[-118.725,44.7611],[-118.795,44.7696],[-118.8416,44.7919],[-118.8649,44.828],[-118.8899,44.8509],[-118.9166,44.8606],[-118.9446,44.8571],[-118.9738,44.8402],[-118.9953,44.8176],[-119.0091,44.7892],[-119.0387,44.7644],[-119.0842,44.7431],[-119.1033,44.7147],[-119.0961,44.6791],[-119.1177,44.6507],[-119.168,44.6293],[-119.2065,44.5973],[-119.2331,44.5545],[-119.2723,44.5285],[-119.3241,44.5192],[-119.3685,44.5264],[-119.4055,44.5499],[-119.4205,44.5676],[-119.4135,44.5796],[-119.39,44.5843],[-119.35,44.5816],[-119.3156,44.5863],[-119.2867,44.5984],[-119.277,44.6222],[-119.2866,44.6578],[-119.2589,44.7182],[-119.1939,44.8034],[-119.1622,44.8602],[-119.164,44.8885],[-119.1736,44.9168],[-119.1911,44.9452],[-119.2274,44.9776],[-119.2825,45.0142],[-119.3135,45.0425],[-119.3205,45.0625],[-119.3162,45.0901],[-119.3006,45.1254],[-119.2607,45.1712],[-119.1965,45.2276],[-119.149,45.2769],[-119.1183,45.3191],[-119.1016,45.3507],[-119.0989,45.3718],[-119.0817,45.3964],[-119.0499,45.4245],[-119.028,45.4678],[-119.016,45.5264],[-119.015,45.5605],[-119.025,45.5701],[-119.045,45.5775],[-119.075,45.5826],[-119.097,45.5975],[-119.111,45.6223],[-119.0953,45.6521],[-119.0498,45.6871],[-119.02,45.7185],[-119.0057,45.7464],[-118.9626,45.7813],[-118.8906,45.8231],[-118.8435,45.8782],[-118.8212,45.9465],[-118.8,45.9916],[-118.78,46.0136],[-118.755,46.029],[-118.725,46.0378],[-118.695,46.0323],[-118.665,46.0126],[-118.63,46.0007],[-118.59,45.9965],[-118.5569,45.9986],[-118.5306,46.0069],[-118.512,46.0179],[-118.5011,46.0318],[-118.4977,46.0527],[-118.502,46.0804],[-118.5127,46.1047],[-118.5299,46.1255],[-118.5664,46.1447],[-118.6221,46.1623],[-118.675,46.1935],[-118.725,46.2381],[-118.7715,46.2639],[-118.8145,46.2708],[-118.8645,46.288],[-118.9215,46.3153],[-118.9599,46.3429],[-118.9796,46.3709],[-118.9846,46.4017],[-118.9749,46.4354],[-118.935,46.4776],[-118.865,46.5283],[-118.81,46.5488],[-118.77,46.5391],[-118.735,46.5369],[-118.705,46.5423],[-118.6581,46.5703],[-118.5944,46.621],[-118.5615,46.6566],[-118.5594,46.6772],[-118.5662,46.6993],[-118.5821,46.723],[-118.5724,46.7504],[-118.5371,46.7816],[-118.4983,46.8348],[-118.456,46.91],[-118.4356,46.9578],[-118.437,46.9783],[-118.4607,47.017],[-118.5069,47.074],[-118.5857,47.1046],[-118.6971,47.109],[-118.7581,47.1146],[-118.7689,47.1214],[-118.7762,47.1384],[-118.7801,47.1656],[-118.7749,47.2098],[-118.7607,47.2709],[-118.7227,47.3295],[-118.6609,47.3858],[-118.615,47.4151],[-118.585,47.4175],[-118.5577,47.4266],[-118.5331,47.4425],[-118.5218,47.4808],[-118.5239,47.5416],[-118.5058,47.6125],[-118.4673,47.6933],[-118.4786,47.7673],[-118.5398,47.8345],[-118.5606,47.8881],[-118.5411,47.9284],[-118.536,47.9656],[-118.5453,48.0],[-118.56,48.0201],[-118.58,48.0262],[-118.6152,48.0224],[-118.6655,48.0088],[-118.6905,48.0158],[-118.6902,48.0432],[-118.6724,48.0733],[-118.6372,48.106],[-118.6272,48.1313],[-118.6424,48.1493],[-118.6658,48.1593],[-118.6974,48.1614],[-118.7178,48.1724],[-118.727,48.1924],[-118.7242,48.2357],[-118.7096,48.3023],[-118.6725,48.3787],[-118.6129,48.465],[-118.577,48.528],[-118.5649,48.5677],[-118.5685,48.6041],[-118.5879,48.6371],[-118.6107,48.6621],[-118.6369,48.6791],[-118.67,48.6909],[-118.71,48.6977],[-118.745,48.6979],[-118.775,48.6916],[-118.804,48.6797],[-118.8321,48.6623],[-118.8414,48.6173],[-118.832,48.5445],[-118.858,48.4807],[-118.9193,48.4259],[-118.96,48.3915],[-118.98,48.3774],[-119.005,48.3703],[-119.035,48.3703],[-119.0595,48.3749],[-119.0785,48.3841],[-119.0895,48.3986],[-119.0922,48.4186],[-119.0877,48.4419],[-119.0759,48.4687],[-119.0415,48.5118],[-118.9844,48.5711],[-118.9394,48.6441],[-118.9065,48.7305],[-118.88,48.7768],[-118.86,48.7828],[-118.815,48.7819],[-118.745,48.7739],[-118.695,48.7754],[-118.665,48.7866],[-118.63,48.7887],[-118.59,48.7817],[-118.525,48.7897],[-118.435,48.8125],[-118.375,48.8359],[-118.345,48.8598],[-118.3091,48.8799],[-118.2674,48.896],[-118.2387,48.9205],[-118.223,48.9533],[-118.2022,48.9796],[-118.1762,48.9993],[-118.1614,49.0255],[-118.1577,49.0583],[-118.1777,49.1107],[-118.2214,49.1827],[-118.25,49.2231],[-118.2633,49.232],[-118.285,49.2377],[-118.315,49.2402],[-118.3387,49.2586],[-118.3562,49.2929],[-118.3589,49.3393],[-118.3467,49.3979],[-118.3449,49.4435],[-118.3535,49.476],[-118.4008,49.5139],[-118.4869,49.5573],[-118.5455,49.58],[-118.5764,49.5821],[-118.5976,49.6025],[-118.6091,49.6414],[-118.6386,49.691],[-118.6862,49.7513],[-118.725,49.7836],[-118.755,49.7877],[-118.785,49.7718],[-118.815,49.7359],[-118.86,49.7143],[-118.92,49.7073],[-118.96,49.6926],[-118.98,49.6703],[-119.02,49.642],[-119.08,49.6077],[-119.14,49.5974],[-119.2,49.611],[-119.245,49.6032],[-119.275,49.5737],[-119.295,49.5605],[-119.305,49.5636],[-119.3106,49.5793],[-119.3119,49.6078],[-119.3076,49.6349],[-119.2978,49.6608],[-119.2809,49.6802],[-119.2569,49.6932],[-119.2327,49.7158],[-119.2084,49.7481],[-119.1247,49.7668],[-118.9816,49.7718],[-118.875,49.781],[-118.805,49.7944],[-118.75,49.8118],[-118.71,49.8331],[-118.6849,49.8593],[-118.6747,49.8906],[-118.6856,49.9255],[-118.7175,49.9641],[-118.7226,50.0045],[-118.7009,50.0467],[-118.645,50.0715],[-118.555,50.079],[-118.49,50.0748],[-118.45,50.0589],[-118.415,50.0516],[-118.385,50.0528],[-118.36,50.0753],[-118.34,50.119],[-118.315,50.1436],[-118.285,50.1491],[-118.2655,50.1675],[-118.2566,50.1988],[-118.2666,50.231],[-118.2955,50.2641],[-118.34,50.2735],[-118.4,50.2592],[-118.45,50.2618],[-118.49,50.2813],[-118.54,50.2887],[-118.6,50.2842],[-118.6362,50.2874],[-118.6485,50.2984],[-118.6555,50.3294],[-118.6574,50.3805],[-118.6314,50.4187],[-118.5776,50.4442],[-118.5467,50.4919],[-118.5386,50.5619],[-118.5184,50.6041],[-118.4861,50.6188],[-118.4612,50.6378],[-118.4437,50.6612],[-118.4437,50.6911],[-118.4612,50.7274],[-118.5056,50.7243],[-118.5768,50.6816],[-118.6075,50.6476],[-118.5976,50.6222],[-118.6152,50.5968],[-118.6604,50.5714],[-118.6835,50.5206],[-118.6846,50.4442],[-118.7164,50.39],[-118.7788,50.3581],[-118.816,50.3421],[-118.8279,50.3422],[-118.8479,50.3527],[-118.876,50.3738],[-118.915,50.3712],[-118.965,50.3449],[-119.015,50.33],[-119.065,50.3264],[-119.11,50.3164],[-119.15,50.2998],[-119.19,50.2947],[-119.23,50.3009],[-119.265,50.2978],[-119.295,50.2854],[-119.3525,50.2278],[-119.4376,50.1249],[-119.5076,50.0607],[-119.5625,50.0352],[-119.6128,49.987],[-119.6583,49.916],[-119.7019,49.8675],[-119.7437,49.8417],[-119.7685,49.8192],[-119.7766,49.7998],[-119.776,49.7772],[-119.7667,49.7514],[-119.7791,49.7388],[-119.813,49.7394],[-119.84,49.7359],[-119.86,49.7282],[-119.8837,49.7052],[-119.9111,49.667],[-119.9479,49.6349],[-119.9941,49.609],[-120.0098,49.5669],[-119.9948,49.5084],[-119.9779,49.4735],[-119.9593,49.4622],[-119.9303,49.4654],[-119.891,49.4833],[-119.8587,49.5214],[-119.8333,49.5798],[-119.803,49.6246],[-119.7677,49.6559],[-119.7418,49.6656],[-119.7255,49.6538],[-119.7142,49.6284],[-119.7081,49.5895],[-119.712,49.5377],[-119.7259,49.4727],[-119.7534,49.4239],[-119.7946,49.3914],[-119.816,49.3491],[-119.8179,49.2969],[-119.8505,49.2415],[-119.9139,49.1827],[-119.9428,49.1042],[-119.9373,49.0059],[-119.945,48.9402],[-119.9661,48.9074],[-119.9676,48.8646],[-119.9495,48.8119],[-119.9178,48.771],[-119.8726,48.7418],[-119.83,48.727],[-119.79,48.7266],[-119.76,48.7315],[-119.74,48.7418],[-119.7169,48.7665],[-119.6906,48.8056],[-119.6506,48.8395],[-119.5969,48.8683],[-119.5547,48.8716],[-119.5241,48.8494],[-119.509,48.8218],[-119.5094,48.7889],[-119.5305,48.7197],[-119.5722,48.614],[-119.6037,48.5511],[-119.6252,48.5313],[-119.6544,48.5157],[-119.6915,48.5045],[-119.73,48.5137],[-119.77,48.5434],[-119.805,48.5586],[-119.835,48.5593],[-119.865,48.5489],[-119.895,48.5274],[-119.9225,48.4979],[-119.9474,48.4605],[-119.9874,48.4314],[-120.0425,48.4107],[-120.085,48.3895],[-120.115,48.3678],[-120.165,48.3533],[-120.235,48.346],[-120.3,48.3239],[-120.36,48.287],[-120.415,48.2643],[-120.465,48.2558],[-120.5,48.246],[-120.52,48.2347],[-120.5436,48.209],[-120.5709,48.169],[-120.5859,48.1187],[-120.5886,48.0578],[-120.585,48.0239],[-120.575,48.0167],[-120.555,48.0154],[-120.525,48.02],[-120.495,48.0173],[-120.465,48.0074],[-120.4288,48.009],[-120.3864,48.0222],[-120.3603,48.0121],[-120.3506,47.9786],[-120.3518,47.9495],[-120.3639,47.9247],[-120.38,47.9104],[-120.4,47.9068],[-120.43,47.9116],[-120.47,47.9249],[-120.51,47.9039],[-120.55,47.8487],[-120.595,47.8122],[-120.645,47.7947],[-120.6554,47.8064],[-120.6262,47.8475],[-120.6212,47.8828],[-120.6404,47.9125],[-120.67,47.9301],[-120.71,47.9357],[-120.752,47.9243],[-120.7961,47.8957],[-120.8161,47.8539],[-120.812,47.7989],[-120.805,47.7676],[-120.795,47.7603],[-120.7699,47.7576],[-120.7296,47.7596],[-120.7304,47.7438],[-120.7722,47.7101],[-120.7906,47.6731],[-120.7854,47.6327],[-120.7887,47.5956],[-120.8004,47.5619],[-120.7772,47.5229],[-120.7191,47.4788],[-120.66,47.4462],[-120.6,47.4252],[-120.5676,47.4033],[-120.5627,47.3806],[-120.5877,47.3584],[-120.6426,47.3368],[-120.69,47.3089],[-120.73,47.2749],[-120.7543,47.2687],[-120.763,47.2905],[-120.757,47.3184],[-120.7365,47.3522],[-120.7321,47.3745],[-120.744,47.3853],[-120.7649,47.3886],[-120.7946,47.3847],[-120.8796,47.3334],[-121.0199,47.2345],[-121.11,47.1647],[-121.15,47.1239],[-121.195,47.102],[-121.245,47.0988],[-121.2822,47.0905],[-121.3066,47.077],[-121.3121,47.0362],[-121.2986,46.968],[-121.2735,46.9202],[-121.2368,46.8929],[-121.2221,46.8553],[-121.2296,46.8074],[-121.2076,46.7389],[-121.156,46.6498],[-121.1282,46.5604],[-121.1244,46.471],[-121.1458,46.402],[-121.1924,46.3537],[-121.2504,46.3123],[-121.3197,46.2778],[-121.3328,46.2397],[-121.2897,46.1982],[-121.2686,46.1651],[-121.2695,46.1404],[-121.2953,46.1092],[-121.346,46.0715],[-121.401,46.044],[-121.4603,46.0266],[-121.4999,46.0092],[-121.5198,45.9919],[-121.5181,45.9589],[-121.4949,45.9102],[-121.466,45.8754],[-121.4315,45.8545],[-121.4292,45.8266],[-121.4592,45.7918],[-121.4569,45.7429],[-121.4225,45.6801],[-121.4142,45.6102],[-121.432,45.5332],[-121.4296,45.4631],[-121.407,45.3999],[-121.4142,45.3507],[-121.4512,45.3156],[-121.46,45.2769],[-121.4406,45.2346],[-121.4575,45.1747],[-121.5107,45.0971],[-121.5704,45.0467],[-121.6368,45.0236],[-121.6822,45.0024],[-121.7067,44.9831],[-121.7102,44.9452],[-121.6929,44.8885],[-121.6988,44.846],[-121.7279,44.8176],[-121.7483,44.7679],[-121.7599,44.6969],[-121.7818,44.6521],[-121.8139,44.6336],[-121.85,44.6316],[-121.89,44.6461],[-121.923,44.6483],[-121.9491,44.638],[-121.9636,44.6151],[-121.9666,44.5795],[-121.9436,44.5481],[-121.8945,44.5209],[-121.8698,44.5031],[-121.8693,44.4946],[-121.8893,44.4927],[-121.9298,44.4973],[-121.96,44.4956],[-121.98,44.4874],[-122.055,44.4394],[-122.185,44.3513],[-122.28,44.2801],[-122.34,44.2257],[-122.425,44.1988],[-122.535,44.1993],[-122.5975,44.2151],[-122.6124,44.2461],[-122.6524,44.2659],[-122.7175,44.2745],[-122.77,44.2879],[-122.81,44.3062],[-122.885,44.315],[-122.995,44.3143],[-123.0303,44.3331],[-122.991,44.3713],[-122.967,44.4047],[-122.9583,44.4333],[-122.883,44.4498],[-122.741,44.4543],[-122.625,44.4739],[-122.535,44.5084],[-122.495,44.5327],[-122.505,44.5468],[-122.5483,44.5629],[-122.6249,44.5811],[-122.6579,44.6186],[-122.6474,44.6755],[-122.6541,44.7157],[-122.678,44.7392],[-122.715,44.7555],[-122.765,44.7646],[-122.865,44.7652],[-123.015,44.7572],[-123.1445,44.7409],[-123.2536,44.7163],[-123.3108,44.6933],[-123.316,44.672],[-123.2865,44.6563],[-123.2222,44.6463],[-123.185,44.634],[-123.175,44.6195],[-123.18,44.603],[-123.2,44.5845],[-123.23,44.5773],[-123.27,44.5811],[-123.305,44.5774],[-123.335,44.566],[-123.3555,44.5535],[-123.3665,44.5399],[-123.3739,44.4975],[-123.3777,44.4261],[-123.4129,44.3689],[-123.4793,44.326],[-123.5319,44.2979],[-123.5706,44.2846],[-123.665,44.2895],[-123.815,44.3126],[-123.91,44.338],[-123.95,44.3657],[-124.0138,44.393],[-124.1015,44.4198],[-124.1492,44.4368],[-124.1567,44.444],[-124.1379,44.4508],[-124.0926,44.4573],[-124.055,44.4686],[-124.025,44.4848],[-123.97,44.4977],[-123.89,44.5073],[-123.8178,44.5281],[-123.7533,44.56],[-123.7187,44.583],[-123.7139,44.5973],[-123.7312,44.6175],[-123.7704,44.6437],[-123.8149,44.6615],[-123.8647,44.6709],[-123.8944,44.6862],[-123.9042,44.7075],[-123.9293,44.7299],[-123.9698,44.7533],[-123.9947,44.7924],[-124.004,44.847],[-124.0542,44.9062],[-124.1453,44.9699],[-124.1822,45.023],[-124.1649,45.0654],[-124.1616,45.0936],[-124.1723,45.1077],[-124.2157,45.1187],[-124.2919,45.1267],[-124.35,45.14],[-124.39,45.1588],[-124.4417,45.1725],[-124.5052,45.1811],[-124.5484,45.1924],[-124.5713,45.2065],[-124.5851,45.2276],[-124.5897,45.2558],[-124.6015,45.2786],[-124.6205,45.296],[-124.67,45.3229],[-124.75,45.3591],[-124.878,45.4031],[-125.054,45.4548],[-125.1827,45.4981],[-125.264,45.5332],[-125.301,45.5543],[-125.2937,45.5614],[-125.26,45.5559],[-125.2,45.5378],[-125.145,45.529],[-125.095,45.5295],[-125.0605,45.535],[-125.0416,45.5454],[-125.0348,45.5577],[-125.0404,45.5717],[-125.1717,45.6556],[-125.4289,45.8092],[-125.5441,45.8928],[-125.5174,45.9067],[-125.5073,45.9241],[-125.5138,45.945],[-125.5015,45.9693],[-125.4704,45.9971],[-125.4565,46.0179],[-125.4597,46.0318],[-125.494,46.0596],[-125.5593,46.1012],[-125.6064,46.1382],[-125.6355,46.1706],[-125.6893,46.2087],[-125.7678,46.2524],[-125.8136,46.2847],[-125.8267,46.3054],[-125.8274,46.3191]],[[-118.4969,50.7921],[-118.479,50.8025],[-118.4599,50.8025],[-118.4398,50.7921],[-118.4398,50.7777],[-118.4599,50.7593],[-118.479,50.7593],[-118.4969,50.7777],[-118.4969,50.7921]],[[-118.494,46.7006],[-118.4647,46.7269],[-118.425,46.7469],[-118.375,46.7606],[-118.33,46.7672],[-118.29,46.7667],[-118.2548,46.7536],[-118.2243,46.7278],[-118.2111,46.7046],[-118.2151,46.6841],[-118.2295,46.66],[-118.2542,46.6326],[-118.2824,46.6122],[-118.3141,46.599],[-118.345,46.5939],[-118.375,46.5969],[-118.405,46.6058],[-118.435,46.6204],[-118.4625,46.6358],[-118.4874,46.652],[-118.502,46.6669],[-118.5065,46.6806],[-118.494,46.7006]],[[-119.5508,52.0651],[-119.5467,52.0774],[-119.531,52.0914],[-119.5037,52.1071],[-119.475,52.1123],[-119.445,52.1069],[-119.4225,52.096],[-119.4075,52.0795],[-119.4025,52.063],[-119.4075,52.0464],[-119.42,52.0317],[-119.44,52.0188],[-119.468,52.0148],[-119.5041,52.0196],[-119.5298,52.0313],[-119.5452,52.0497],[-119.5508,52.0651]],[[-119.3453,44.5661],[-119.2951,44.575],[-119.2641,44.575],[-119.2522,44.5661],[-119.2622,44.5543],[-119.2941,44.5397],[-119.3251,44.5397],[-119.3553,44.5543],[-119.3453,44.5661]],[[-119.3015,49.633],[-119.2938,49.6551],[-119.2783,49.6713],[-119.2549,49.6816],[-119.2299,49.7043],[-119.2033,49.7396],[-119.0964,49.7622],[-118.9093,49.7722],[-118.8202,49.7643],[-118.8292,49.7384],[-118.8627,49.7221],[-118.9209,49.7152],[-118.99,49.6833],[-119.07,49.6264],[-119.12,49.5985],[-119.14,49.5998],[-119.165,49.6106],[-119.195,49.6309],[-119.23,49.6256],[-119.27,49.5946],[-119.2938,49.5898],[-119.3015,49.6112],[-119.3015,49.633]],[[-123.4079,50.4716],[-123.396,50.5008],[-123.39,50.5055],[-123.39,50.4857],[-123.395,50.4673],[-123.405,50.4503],[-123.411,50.4456],[-123.4129,50.4531],[-123.4079,50.4716]],[[-122.5457,53.058],[-122.5352,53.0859],[-122.525,53.0986],[-122.515,53.096],[-122.49,53.0713],[-122.45,53.0246],[-122.4,52.9982],[-122.34,52.9922],[-122.3064,52.9788],[-122.2993,52.9581],[-122.2993,52.9452],[-122.3064,52.9402],[-122.34,52.9458],[-122.4,52.9619],[-122.4602,52.9885],[-122.5207,53.0255],[-122.5457,53.058]]]}},{"type":"Feature","properties":{"c":"#00fb90","v0":0.04,"v1":0.05},"geometry":{"type":"Polygon","coordinates":[[[-122.5377,54.9627],[-122.5048,54.9225],[-122.4788,54.8982],[-122.4596,54.8899],[-122.4353,54.8871],[-122.4058,54.8896],[-122.378,54.8995],[-122.3518,54.9167],[-122.3429,54.9426],[-122.3514,54.977],[-122.3506,54.977],[-122.3405,54.9426],[-122.349,54.9162],[-122.3763,54.898],[-122.405,54.8876],[-122.435,54.885],[-122.461,54.8884],[-122.483,54.8977],[-122.509,54.9225],[-122.5391,54.9627],[-122.5377,54.9627]]]}},{"type":"Feature","properties":{"c":"#00fb90","v0":0.04,"v1":0.05},"geometry":{"type":"Polygon","coordinates":[[[-117.312,54.6341],[-117.2021,54.6515],[-117.0694,54.7122],[-116.9139,54.816],[-116.8246,54.8832],[-116.8015,54.914],[-116.7571,54.9313],[-116.6913,54.935],[-116.6501,54.9254],[-116.6336,54.9024],[-116.6165,54.8875],[-116.5988,54.8807],[-116.57,54.8825],[-116.53,54.8929],[-116.4959,54.8963],[-116.4677,54.8927],[-116.4448,54.8736],[-116.4272,54.8391],[-116.4063,54.8158],[-116.3821,54.8037],[-116.355,54.7974],[-116.325,54.7967],[-116.3,54.7983],[-116.28,54.8022],[-116.2526,54.8172],[-116.2178,54.8433],[-116.1728,54.8653],[-116.1176,54.8831],[-116.07,54.9097],[-116.03,54.9448],[-115.9892,54.9704],[-115.9477,54.9863],[-115.9527,54.9801],[-116.0042,54.9517],[-116.0399,54.9258],[-116.0596,54.9025],[-116.1045,54.8794],[-116.1747,54.8563],[-116.2248,54.8327],[-116.2549,54.8083],[-116.315,54.7808],[-116.405,54.7502],[-116.4583,54.7364],[-116.475,54.7395],[-116.4923,54.7497],[-116.5101,54.767],[-116.5118,54.7809],[-116.4973,54.7915],[-116.48,54.7978],[-116.46,54.7998],[-116.45,54.8051],[-116.45,54.8138],[-116.4715,54.8276],[-116.5144,54.8468],[-116.5544,54.8572],[-116.5915,54.8588],[-116.625,54.8772],[-116.655,54.9124],[-116.6964,54.9288],[-116.7493,54.9265],[-116.7878,54.911],[-116.812,54.8822],[-116.9,54.816],[-117.0519,54.7122],[-117.1434,54.6551],[-117.1745,54.645],[-117.2243,54.6363],[-117.2929,54.629],[-117.3113,54.6138],[-117.2795,54.5907],[-117.2693,54.5675],[-117.2809,54.5443],[-117.2775,54.5217],[-117.2592,54.4998],[-117.245,54.4846],[-117.235,54.4762],[-117.2158,54.4697],[-117.1874,54.4652],[-117.1437,54.4455],[-117.0846,54.4106],[-117.0558,54.3757],[-117.0572,54.3407],[-117.0519,54.3116],[-117.04,54.2882],[-117.0373,54.2619],[-117.044,54.2327],[-117.0299,54.1859],[-116.9952,54.1215],[-116.9759,54.0609],[-116.972,54.0042],[-116.96,53.965],[-116.94,53.9434],[-116.8948,53.9807],[-116.8243,54.0766],[-116.7842,54.1391],[-116.7743,54.1684],[-116.7445,54.1934],[-116.6948,54.2143],[-116.655,54.225],[-116.625,54.2255],[-116.5863,54.218],[-116.539,54.2025],[-116.5115,54.1889],[-116.504,54.1772],[-116.506,54.1567],[-116.5175,54.1274],[-116.52,54.1076],[-116.5133,54.0973],[-116.505,54.0924],[-116.495,54.0927],[-116.4518,54.1066],[-116.3755,54.1341],[-116.3005,54.171],[-116.2268,54.2172],[-116.165,54.2407],[-116.115,54.2418],[-116.045,54.2596],[-115.955,54.2942],[-115.9,54.3115],[-115.88,54.3116],[-115.8572,54.3],[-115.8315,54.2766],[-115.8065,54.2604],[-115.7822,54.2515],[-115.7442,54.2573],[-115.6926,54.2779],[-115.6526,54.3018],[-115.6242,54.3288],[-115.59,54.3481],[-115.55,54.3596],[-115.51,54.3587],[-115.47,54.3456],[-115.425,54.3391],[-115.375,54.3392],[-115.33,54.3508],[-115.29,54.3739],[-115.225,54.3867],[-115.135,54.3894],[-115.065,54.3951],[-115.015,54.4039],[-114.97,54.4062],[-114.93,54.402],[-114.88,54.4063],[-114.82,54.4191],[-114.765,54.4255],[-114.715,54.4256],[-114.66,54.4398],[-114.6,54.468],[-114.535,54.4773],[-114.465,54.4677],[-114.395,54.471],[-114.325,54.4873],[-114.2691,54.5222],[-114.2274,54.5756],[-114.183,54.6109],[-114.136,54.6283],[-114.1145,54.6746],[-114.1186,54.7497],[-114.138,54.7924],[-114.1727,54.8029],[-114.25,54.7921],[-114.37,54.7603],[-114.44,54.7459],[-114.46,54.749],[-114.49,54.7697],[-114.53,54.8078],[-114.5697,54.8313],[-114.6092,54.8403],[-114.6419,54.8563],[-114.6679,54.8794],[-114.6582,54.9062],[-114.6127,54.9367],[-114.5921,54.9626],[-114.5962,54.9837],[-114.5824,54.9828],[-114.5507,54.9598],[-114.5413,54.9397],[-114.5542,54.9225],[-114.5562,54.8966],[-114.5471,54.8621],[-114.5245,54.825],[-114.4882,54.7854],[-114.46,54.764],[-114.44,54.7608],[-114.37,54.7729],[-114.25,54.8003],[-114.1726,54.8102],[-114.1379,54.8025],[-114.115,54.793],[-114.104,54.7814],[-114.1022,54.767],[-114.1095,54.7497],[-114.1071,54.7151],[-114.095,54.663],[-114.116,54.6283],[-114.1701,54.6109],[-114.2203,54.5715],[-114.2668,54.51],[-114.325,54.4729],[-114.395,54.4604],[-114.47,54.4582],[-114.55,54.4663],[-114.615,54.4559],[-114.665,54.4271],[-114.71,54.4145],[-114.75,54.4183],[-114.805,54.4132],[-114.875,54.3994],[-114.93,54.3947],[-114.97,54.3991],[-115.02,54.3955],[-115.08,54.3838],[-115.15,54.3784],[-115.23,54.3791],[-115.29,54.3678],[-115.33,54.3445],[-115.375,54.333],[-115.425,54.3332],[-115.465,54.3393],[-115.495,54.3511],[-115.52,54.3564],[-115.54,54.3551],[-115.5669,54.3496],[-115.6007,54.3398],[-115.6267,54.3232],[-115.6448,54.2999],[-115.6829,54.2758],[-115.741,54.2511],[-115.795,54.2533],[-115.845,54.2825],[-115.88,54.2973],[-115.9,54.2976],[-115.955,54.2807],[-116.045,54.2467],[-116.115,54.231],[-116.165,54.2334],[-116.225,54.2106],[-116.295,54.1625],[-116.375,54.1229],[-116.465,54.092],[-116.5161,54.0827],[-116.5283,54.0949],[-116.5292,54.1186],[-116.5191,54.1537],[-116.5174,54.1772],[-116.5243,54.1889],[-116.5433,54.1996],[-116.5744,54.2093],[-116.615,54.2138],[-116.665,54.2132],[-116.7077,54.2054],[-116.7431,54.1905],[-116.7941,54.1215],[-116.8608,53.9982],[-116.9031,53.9294],[-116.921,53.9152],[-116.9417,53.9211],[-116.9652,53.947],[-116.978,53.9894],[-116.9803,54.0482],[-116.9937,54.0922],[-117.0183,54.1215],[-117.0377,54.1567],[-117.0519,54.1976],[-117.0556,54.2298],[-117.0486,54.2532],[-117.0515,54.2765],[-117.0641,54.2999],[-117.0696,54.332],[-117.0677,54.3728],[-117.0826,54.4009],[-117.1142,54.4162],[-117.1672,54.4279],[-117.2417,54.4358],[-117.2751,54.4513],[-117.2674,54.4746],[-117.279,54.4978],[-117.3098,54.5211],[-117.3247,54.5472],[-117.3236,54.5762],[-117.334,54.5993],[-117.356,54.6167],[-117.312,54.6341]]]}},{"type":"Feature","properties":{"c":"#00fb90","v0":0.04,"v1":0.05},"geometry":{"type":"Polygon","coordinates":[[[-115.9212,54.8937],[-115.8894,54.9225],[-115.8725,54.9512],[-115.8704,54.9799],[-115.8643,54.9943],[-115.8541,54.9943],[-115.8498,54.9799],[-115.8515,54.9512],[-115.8665,54.9254],[-115.8949,54.9024],[-115.9047,54.8822],[-115.896,54.865],[-115.8812,54.8534],[-115.8604,54.8475],[-115.83,54.8463],[-115.79,54.8498],[-115.75,54.8391],[-115.71,54.8144],[-115.665,54.8054],[-115.615,54.8122],[-115.5787,54.8201],[-115.556,54.8289],[-115.5442,54.8477],[-115.5431,54.8765],[-115.5187,54.9081],[-115.471,54.9426],[-115.4423,54.9684],[-115.4326,54.9857],[-115.4301,54.9857],[-115.4348,54.9684],[-115.4597,54.9426],[-115.5048,54.9081],[-115.529,54.8765],[-115.5324,54.8477],[-115.5681,54.8204],[-115.636,54.7947],[-115.685,54.7854],[-115.715,54.7924],[-115.745,54.8063],[-115.775,54.8272],[-115.815,54.8347],[-115.865,54.8288],[-115.9018,54.8393],[-115.9253,54.866],[-115.9212,54.8937]]]}},{"type":"Feature","properties":{"c":"#00fb90","v0":0.04,"v1":0.05},"geometry":{"type":"Polygon","coordinates":[[[-115.3488,54.9845],[-115.3096,54.965],[-115.27,54.9589],[-115.23,54.966],[-115.2001,54.9758],[-115.1803,54.9881],[-115.1588,54.9943],[-115.1354,54.9943],[-115.1167,54.9828],[-115.1026,54.9598],[-115.0841,54.9456],[-115.0614,54.9402],[-115.005,54.9388],[-114.915,54.9414],[-114.8379,54.9556],[-114.7737,54.9814],[-114.7787,54.978],[-114.8529,54.9453],[-114.935,54.9285],[-115.025,54.9275],[-115.095,54.936],[-115.145,54.9542],[-115.2,54.9526],[-115.26,54.9313],[-115.3096,54.9391],[-115.3488,54.9759],[-115.3488,54.9845]]]}},{"type":"Feature","properties":{"c":"#00fb90","v0":0.04,"v1":0.05},"geometry":{"type":"Polygon","coordinates":[[[-123.2786,54.6862],[-123.2673,54.7151],[-123.2538,54.7349],[-123.2379,54.7458],[-123.215,54.7536],[-123.185,54.7581],[-123.1564,54.7556],[-123.1291,54.7459],[-123.1132,54.7295],[-123.1087,54.7064],[-123.1176,54.6833],[-123.1401,54.6601],[-123.171,54.6449],[-123.2103,54.6376],[-123.24,54.6374],[-123.26,54.6443],[-123.2735,54.6537],[-123.2806,54.6657],[-123.2786,54.6862]],[[-123.2672,54.6907],[-123.2424,54.7287],[-123.215,54.7502],[-123.185,54.7552],[-123.1581,54.7536],[-123.1343,54.7452],[-123.1205,54.7295],[-123.1168,54.7064],[-123.1237,54.6852],[-123.1412,54.6659],[-123.17,54.6518],[-123.21,54.643],[-123.2424,54.6469],[-123.2672,54.6634],[-123.2672,54.6907]]]}},{"type":"Feature","properties":{"c":"#00fb90","v0":0.04,"v1":0.05},"geometry":{"type":"Polygon","coordinates":[[[-122.0078,54.4345],[-121.9826,54.4473],[-121.9481,54.4473],[-121.9042,54.4345],[-121.8714,54.4194],[-121.8497,54.4019],[-121.8483,54.3873],[-121.8673,54.3757],[-121.8901,54.3696],[-121.9167,54.369],[-121.9477,54.3749],[-121.9832,54.3871],[-122.0058,54.4019],[-122.0155,54.4194],[-122.0078,54.4345]],[[-122.0109,54.4337],[-121.997,54.4449],[-121.98,54.4499],[-121.96,54.4487],[-121.928,54.4402],[-121.8839,54.4244],[-121.8575,54.4106],[-121.849,54.399],[-121.856,54.387],[-121.8787,54.3747],[-121.905,54.3699],[-121.935,54.3726],[-121.9621,54.3788],[-121.9862,54.3884],[-122.0031,54.4019],[-122.0129,54.4194],[-122.0109,54.4337]]]}},{"type":"Feature","properties":{"c":"#00fb90","v0":0.04,"v1":0.05},"geometry":{"type":"Polygon","coordinates":[[[-110.0528,54.3103],[-110.0509,54.331],[-110.045,54.3422],[-110.035,54.3441],[-110.0195,54.3308],[-109.9985,54.3024],[-110.0044,54.2911],[-110.0373,54.297],[-110.0528,54.3103]]]}},{"type":"Feature","properties":{"c":"#00fb90","v0":0.04,"v1":0.05},"geometry":{"type":"Polygon","coordinates":[[[-122.9534,54.2035],[-122.9143,54.221],[-122.8841,54.2444],[-122.8628,54.2736],[-122.8367,54.2875],[-122.8056,54.2861],[-122.7852,54.2831],[-122.7757,54.2787],[-122.77,54.2619],[-122.7683,54.2327],[-122.7797,54.2064],[-122.8041,54.183],[-122.8024,54.1567],[-122.7747,54.1274],[-122.7448,54.1039],[-122.7127,54.0863],[-122.715,54.069],[-122.7517,54.0521],[-122.8013,54.0521],[-122.864,54.069],[-122.9006,54.0951],[-122.9112,54.1303],[-122.9305,54.1596],[-122.9588,54.183],[-122.9534,54.2035]],[[-122.9418,54.2035],[-122.9053,54.221],[-122.8777,54.2435],[-122.8592,54.271],[-122.8328,54.2827],[-122.7985,54.2786],[-122.7789,54.2619],[-122.7742,54.2327],[-122.7845,54.2064],[-122.8099,54.183],[-122.7937,54.1479],[-122.7359,54.101],[-122.7108,54.0746],[-122.7184,54.0687],[-122.7341,54.0614],[-122.758,54.0527],[-122.8,54.056],[-122.86,54.0713],[-122.897,54.0992],[-122.9111,54.1395],[-122.9286,54.1684],[-122.9496,54.1859],[-122.9418,54.2035]]]}},{"type":"Feature","properties":{"c":"#00fb90","v0":0.04,"v1":0.05},"geometry":{"type":"Polygon","coordinates":[[[-121.5863,54.1778],[-121.5754,54.1907],[-121.5574,54.1966],[-121.5321,54.1953],[-121.5099,54.1859],[-121.4906,54.1684],[-121.4827,54.1508],[-121.4862,54.1332],[-121.5035,54.1249],[-121.5345,54.1257],[-121.5604,54.1374],[-121.5813,54.16],[-121.5863,54.1778]],[[-121.5846,54.1774],[-121.5749,54.1896],[-121.5583,54.1955],[-121.5348,54.195],[-121.5132,54.1859],[-121.4933,54.1684],[-121.485,54.1512],[-121.4883,54.1343],[-121.505,54.1264],[-121.535,54.1273],[-121.5599,54.1387],[-121.5796,54.1604],[-121.5846,54.1774]]]}},{"type":"Feature","properties":{"c":"#00fb90","v0":0.04,"v1":0.05},"geometry":{"type":"Polygon","coordinates":[[[-124.5677,54.1098],[-124.5513,54.1274],[-124.5298,54.1392],[-124.5033,54.1453],[-124.465,54.1405],[-124.415,54.1248],[-124.355,54.1172],[-124.285,54.1178],[-124.2233,54.108],[-124.1699,54.0877],[-124.1348,54.0717],[-124.1181,54.0599],[-124.1071,54.0394],[-124.1017,54.01],[-124.1068,53.977],[-124.1223,53.9403],[-124.135,53.92],[-124.145,53.916],[-124.18,53.9252],[-124.24,53.9474],[-124.295,53.9529],[-124.345,53.9417],[-124.4068,53.9392],[-124.4803,53.9452],[-124.5215,53.9541],[-124.5304,53.9659],[-124.5311,53.9865],[-124.5234,54.0159],[-124.5337,54.0482],[-124.5618,54.0834],[-124.5677,54.1098]],[[-124.5632,54.1098],[-124.546,54.1274],[-124.5256,54.1386],[-124.5019,54.1435],[-124.46,54.1373],[-124.4,54.1199],[-124.3379,54.1116],[-124.2737,54.1123],[-124.2103,54.0981],[-124.1475,54.0687],[-124.1132,54.0364],[-124.1071,54.0012],[-124.1106,53.9712],[-124.1235,53.9464],[-124.135,53.9323],[-124.145,53.9288],[-124.18,53.9364],[-124.24,53.955],[-124.295,53.9639],[-124.345,53.9629],[-124.4,53.9718],[-124.46,53.9905],[-124.5104,54.0252],[-124.5513,54.0757],[-124.5632,54.1098]],[[-124.5152,53.9747],[-124.5073,53.9806],[-124.4972,53.9777],[-124.4848,53.9659],[-124.4865,53.9588],[-124.5022,53.9563],[-124.5123,53.9593],[-124.5169,53.9676],[-124.5152,53.9747]]]}},{"type":"Feature","properties":{"c":"#00fb90","v0":0.04,"v1":0.05},"geometry":{"type":"Polygon","coordinates":[[[-123.4562,53.9687],[-123.4387,53.986],[-123.417,53.9919],[-123.391,53.9863],[-123.3803,53.9777],[-123.3848,53.9659],[-123.3978,53.956],[-123.4193,53.9481],[-123.4387,53.9481],[-123.4562,53.956],[-123.4562,53.9687]],[[-123.4559,53.966],[-123.452,53.9779],[-123.4343,53.9837],[-123.403,53.9836],[-123.3975,53.9747],[-123.4178,53.9571],[-123.4354,53.9512],[-123.4504,53.9571],[-123.4559,53.966]]]}},{"type":"Feature","properties":{"c":"#00fb90","v0":0.04,"v1":0.05},"geometry":{"type":"Polygon","coordinates":[[[-122.8599,53.9551],[-122.84,53.9688],[-122.7996,53.9629],[-122.7389,53.9375],[-122.7239,53.9082],[-122.7546,53.8751],[-122.795,53.881],[-122.8449,53.9258],[-122.8599,53.9551]],[[-122.8558,53.9542],[-122.8386,53.9661],[-122.8066,53.9602],[-122.7598,53.9366],[-122.7448,53.9116],[-122.7616,53.8854],[-122.785,53.8804],[-122.815,53.8966],[-122.8386,53.9156],[-122.8558,53.9374],[-122.8558,53.9542]]]}},{"type":"Feature","properties":{"c":"#00fb90","v0":0.04,"v1":0.05},"geometry":{"type":"Polygon","coordinates":[[[-121.4636,53.964],[-121.4412,53.9719],[-121.4222,53.9719],[-121.4065,53.964],[-121.3975,53.9541],[-121.3954,53.9424],[-121.4082,53.9352],[-121.4361,53.9325],[-121.4562,53.9384],[-121.4686,53.9528],[-121.4636,53.964]],[[-121.4614,53.9635],[-121.4405,53.9705],[-121.423,53.9705],[-121.4091,53.9635],[-121.4016,53.9541],[-121.4004,53.9424],[-121.4124,53.9357],[-121.4375,53.9341],[-121.4555,53.94],[-121.4664,53.9533],[-121.4614,53.9635]]]}},{"type":"Feature","properties":{"c":"#00fb90","v0":0.04,"v1":0.05},"geometry":{"type":"Polygon","coordinates":[[[-124.1501,53.8911],[-124.1367,53.8945],[-124.125,53.8874],[-124.115,53.8698],[-124.1217,53.868],[-124.1451,53.8822],[-124.1501,53.8911]]]}},{"type":"Feature","properties":{"c":"#00fb90","v0":0.04,"v1":0.05},"geometry":{"type":"Polygon","coordinates":[[[-122.7063,53.8054],[-122.6821,53.8026],[-122.67,53.7937],[-122.67,53.7787],[-122.6776,53.7713],[-122.6927,53.7713],[-122.7048,53.7802],[-122.7139,53.7979],[-122.7063,53.8054]],[[-122.705,53.7967],[-122.695,53.8002],[-122.685,53.7972],[-122.675,53.7877],[-122.675,53.7807],[-122.685,53.7762],[-122.695,53.7792],[-122.705,53.7897],[-122.705,53.7967]]]}},{"type":"Feature","properties":{"c":"#00fb90","v0":0.04,"v1":0.05},"geometry":{"type":"Polygon","coordinates":[[[-125.2684,53.433],[-125.2119,53.5402],[-125.1502,53.5986],[-125.0834,53.6084],[-125.03,53.6216],[-124.99,53.638],[-124.925,53.6463],[-124.835,53.6463],[-124.76,53.652],[-124.7,53.6631],[-124.645,53.6629],[-124.595,53.6512],[-124.5588,53.6324],[-124.5364,53.6065],[-124.5114,53.5862],[-124.4838,53.5715],[-124.425,53.5607],[-124.335,53.5538],[-124.2644,53.5522],[-124.2132,53.5561],[-124.2082,53.5426],[-124.2494,53.5119],[-124.3,53.4882],[-124.36,53.4714],[-124.41,53.4616],[-124.45,53.4588],[-124.4975,53.4408],[-124.5526,53.4078],[-124.5734,53.3794],[-124.5598,53.3555],[-124.5258,53.3316],[-124.4712,53.3077],[-124.4605,53.2934],[-124.4935,53.2887],[-124.5272,53.2737],[-124.5617,53.2486],[-124.5794,53.212],[-124.5804,53.1641],[-124.5881,53.1213],[-124.6027,53.0837],[-124.655,53.0608],[-124.745,53.0527],[-124.84,53.0359],[-124.94,53.0103],[-125.04,53.0026],[-125.14,53.0128],[-125.1921,53.0244],[-125.1963,53.0375],[-125.1794,53.062],[-125.1416,53.0981],[-125.137,53.1311],[-125.1658,53.1611],[-125.144,53.1851],[-125.0716,53.203],[-125.0175,53.233],[-124.9818,53.2749],[-124.9954,53.3134],[-125.0585,53.3487],[-125.12,53.3624],[-125.18,53.3546],[-125.2317,53.3579],[-125.275,53.3722],[-125.2684,53.433]],[[-125.2569,53.4329],[-125.199,53.5396],[-125.12,53.602],[-125.02,53.6204],[-124.895,53.6357],[-124.745,53.648],[-124.62,53.6304],[-124.52,53.5828],[-124.4055,53.5558],[-124.2764,53.5493],[-124.2286,53.5342],[-124.262,53.5104],[-124.3315,53.4881],[-124.4372,53.4673],[-124.5183,53.4405],[-124.575,53.4077],[-124.6049,53.3824],[-124.608,53.3645],[-124.5814,53.3436],[-124.525,53.3197],[-124.5198,53.2898],[-124.5657,53.2539],[-124.5982,53.1941],[-124.6173,53.1101],[-124.6726,53.0639],[-124.7642,53.0555],[-124.855,53.0397],[-124.945,53.0164],[-125.0391,53.0116],[-125.1373,53.0252],[-125.1824,53.041],[-125.1745,53.059],[-125.154,53.0801],[-125.1209,53.1041],[-125.1138,53.1311],[-125.1327,53.1611],[-125.1241,53.177],[-125.088,53.1787],[-125.06,53.176],[-125.04,53.1688],[-125.015,53.1712],[-124.985,53.1832],[-124.95,53.1848],[-124.91,53.176],[-124.895,53.1804],[-124.905,53.1979],[-124.9235,53.214],[-124.9506,53.2286],[-124.9418,53.2569],[-124.8971,53.2988],[-124.8785,53.3227],[-124.8862,53.3287],[-124.91,53.3297],[-124.95,53.3256],[-125.0,53.3352],[-125.06,53.3584],[-125.12,53.3664],[-125.18,53.3591],[-125.229,53.3614],[-125.2669,53.3734],[-125.2569,53.4329]]]}},{"type":"Feature","properties":{"c":"#00fb90","v0":0.04,"v1":0.05},"geometry":{"type":"Polygon","coordinates":[[[-122.1432,53.1431],[-122.1303,53.1731],[-122.1153,53.1935],[-122.0984,53.2045],[-122.075,53.212],[-122.045,53.216],[-122.0205,53.2136],[-122.0016,53.2046],[-121.988,53.1881],[-121.9798,53.1641],[-121.9893,53.1343],[-122.0164,53.0987],[-122.0539,53.0837],[-122.1016,53.0893],[-122.1315,53.1011],[-122.1436,53.1191],[-122.1432,53.1431]],[[-122.1327,53.148],[-122.1042,53.1878],[-122.075,53.2099],[-122.045,53.2143],[-122.0213,53.2124],[-122.0038,53.2042],[-121.9908,53.1881],[-121.9823,53.1641],[-121.9911,53.1349],[-122.017,53.1005],[-122.0528,53.0855],[-122.0984,53.0899],[-122.1276,53.1011],[-122.1405,53.1191],[-122.1327,53.148]]]}},{"type":"Feature","properties":{"c":"#00fb90","v0":0.04,"v1":0.05},"geometry":{"type":"Polygon","coordinates":[[[-124.5115,52.9537],[-124.4676,52.9658],[-124.4364,52.9688],[-124.4179,52.9628],[-124.419,52.9473],[-124.4397,52.9224],[-124.4709,52.9194],[-124.5126,52.9383],[-124.5115,52.9537]],[[-124.4612,52.9404],[-124.4404,52.9498],[-124.435,52.9479],[-124.445,52.9348],[-124.4554,52.9301],[-124.4662,52.9338],[-124.4612,52.9404]]]}},{"type":"Feature","properties":{"c":"#00fb90","v0":0.04,"v1":0.05},"geometry":{"type":"Polygon","coordinates":[[[-122.0111,52.9563],[-121.997,52.9736],[-121.98,52.9794],[-121.96,52.974],[-121.9492,52.9624],[-121.9476,52.9446],[-121.9526,52.9316],[-121.9642,52.9234],[-121.982,52.9265],[-122.0061,52.9406],[-122.0111,52.9563]],[[-122.009,52.9554],[-121.9963,52.9707],[-121.98,52.9751],[-121.96,52.9686],[-121.955,52.9544],[-121.965,52.9324],[-121.9813,52.928],[-122.004,52.9411],[-122.009,52.9554]]]}},{"type":"Feature","properties":{"c":"#00fb90","v0":0.04,"v1":0.05},"geometry":{"type":"Polygon","coordinates":[[[-117.5997,52.6177],[-117.5532,52.6838],[-117.5,52.706],[-117.44,52.6842],[-117.395,52.6599],[-117.365,52.6331],[-117.33,52.6122],[-117.29,52.5973],[-117.26,52.5792],[-117.24,52.558],[-117.2279,52.5232],[-117.2237,52.4749],[-117.1894,52.4264],[-117.1251,52.3775],[-117.0912,52.3378],[-117.0877,52.3073],[-117.1376,52.3103],[-117.2407,52.347],[-117.3248,52.3928],[-117.3899,52.4477],[-117.4726,52.5025],[-117.5729,52.5573],[-117.5997,52.6177]],[[-117.5914,52.6139],[-117.5505,52.6723],[-117.5017,52.6935],[-117.4451,52.6776],[-117.4046,52.6544],[-117.3803,52.6241],[-117.3436,52.6014],[-117.2945,52.5863],[-117.2605,52.5651],[-117.2414,52.5376],[-117.2305,52.5025],[-117.2278,52.4599],[-117.2174,52.4287],[-117.1991,52.4089],[-117.17,52.3888],[-117.13,52.3684],[-117.1075,52.3447],[-117.1024,52.3177],[-117.1474,52.3245],[-117.2425,52.3649],[-117.3185,52.4076],[-117.3754,52.4526],[-117.4559,52.5025],[-117.5599,52.5573],[-117.5914,52.6139]]]}},{"type":"Feature","properties":{"c":"#00fb90","v0":0.04,"v1":0.05},"geometry":{"type":"Polygon","coordinates":[[[-117.5185,51.8432],[-117.5065,51.8556],[-117.4629,51.8778],[-117.3876,51.91],[-117.3399,51.9378],[-117.3196,51.9611],[-117.2896,51.979],[-117.2499,51.9915],[-117.2209,51.9946],[-117.2027,51.9882],[-117.1761,51.9604],[-117.1408,51.9111],[-117.1477,51.8617],[-117.1967,51.8123],[-117.2207,51.7752],[-117.2196,51.7504],[-117.2351,51.7164],[-117.2672,51.673],[-117.3199,51.6328],[-117.3933,51.5959],[-117.4263,51.5991],[-117.419,51.6421],[-117.4214,51.6792],[-117.4337,51.7102],[-117.4337,51.7349],[-117.4216,51.7535],[-117.4391,51.7733],[-117.4864,51.7943],[-117.5136,51.8129],[-117.5208,51.829],[-117.5185,51.8432]],[[-117.5064,51.8327],[-117.4955,51.8489],[-117.455,51.8705],[-117.385,51.8974],[-117.3356,51.9264],[-117.3068,51.9573],[-117.2718,51.976],[-117.2306,51.9823],[-117.193,51.9577],[-117.159,51.902],[-117.1634,51.8556],[-117.2061,51.8185],[-117.236,51.7721],[-117.2532,51.7164],[-117.2788,51.6724],[-117.3129,51.6402],[-117.35,51.6163],[-117.39,51.6007],[-117.4143,51.6261],[-117.423,51.6925],[-117.4185,51.738],[-117.4008,51.7628],[-117.4219,51.7876],[-117.4819,51.8123],[-117.5064,51.8327]]]}},{"type":"Feature","properties":{"c":"#00fb90","v0":0.04,"v1":0.05},"geometry":{"type":"Polygon","coordinates":[[[-120.1081,51.6247],[-120.096,51.6459],[-120.08,51.661],[-120.06,51.6697],[-120.0306,51.6684],[-119.9918,51.657],[-119.9687,51.6388],[-119.9614,51.614],[-119.9708,51.5846],[-119.9969,51.5505],[-120.025,51.5384],[-120.055,51.5481],[-120.081,51.5683],[-120.1031,51.5988],[-120.1081,51.6247]],[[-120.1032,51.6233],[-120.0923,51.6419],[-120.0726,51.6554],[-120.0442,51.6638],[-120.0185,51.6638],[-119.9954,51.6554],[-119.9789,51.6419],[-119.969,51.6233],[-119.9705,51.6026],[-119.9835,51.5797],[-120.0,51.5645],[-120.02,51.557],[-120.045,51.5592],[-120.075,51.5712],[-120.0947,51.5864],[-120.104,51.6048],[-120.1032,51.6233]]]}},{"type":"Feature","properties":{"c":"#00fb90","v0":0.04,"v1":0.05},"geometry":{"type":"Polygon","coordinates":[[[-117.2621,51.5685],[-117.2274,51.6018],[-117.195,51.6243],[-117.165,51.6361],[-117.1494,51.635],[-117.1483,51.621],[-117.1646,51.5985],[-117.1983,51.5674],[-117.2238,51.5473],[-117.2413,51.5382],[-117.2574,51.5382],[-117.2721,51.5473],[-117.2621,51.5685]],[[-117.2283,51.5767],[-117.2123,51.6016],[-117.1909,51.6171],[-117.1642,51.6233],[-117.1722,51.6109],[-117.2149,51.5798],[-117.2283,51.5767]]]}},{"type":"Feature","properties":{"c":"#00fb90","v0":0.04,"v1":0.05},"geometry":{"type":"Polygon","coordinates":[[[-120.3462,51.1284],[-120.3354,51.1562],[-120.315,51.1745],[-120.285,51.1832],[-120.2574,51.185],[-120.2321,51.1798],[-120.2057,51.1647],[-120.1782,51.1396],[-120.1718,51.1176],[-120.1865,51.0988],[-120.2128,51.085],[-120.2509,51.0762],[-120.285,51.0734],[-120.315,51.0764],[-120.3354,51.087],[-120.3462,51.1053],[-120.3462,51.1284]],[[-120.3403,51.1365],[-120.331,51.1553],[-120.3123,51.1688],[-120.2841,51.177],[-120.2573,51.177],[-120.2319,51.1688],[-120.2125,51.1553],[-120.1994,51.1365],[-120.1971,51.1208],[-120.2058,51.1082],[-120.2251,51.0971],[-120.255,51.0873],[-120.285,51.0856],[-120.315,51.0917],[-120.3337,51.1029],[-120.3412,51.119],[-120.3403,51.1365]]]}},{"type":"Feature","properties":{"c":"#00fb90","v0":0.04,"v1":0.05},"geometry":{"type":"Polygon","coordinates":[[[-119.9756,50.9614],[-119.9452,51.0327],[-119.92,51.0765],[-119.9,51.093],[-119.88,51.1017],[-119.86,51.1028],[-119.834,51.081],[-119.802,51.0363],[-119.786,50.995],[-119.7858,50.9573],[-119.8018,50.9303],[-119.8339,50.9143],[-119.88,50.8996],[-119.94,50.8863],[-119.9752,50.8912],[-119.9856,50.9142],[-119.9756,50.9614]],[[-119.9719,50.96],[-119.944,51.0284],[-119.915,51.0712],[-119.885,51.0885],[-119.8575,51.0889],[-119.8324,51.0725],[-119.8099,51.0359],[-119.7899,50.9793],[-119.7925,50.9421],[-119.8175,50.9245],[-119.855,50.9103],[-119.905,50.8997],[-119.94,50.895],[-119.96,50.8961],[-119.974,50.9039],[-119.9819,50.9185],[-119.9719,50.96]]]}},{"type":"Feature","properties":{"c":"#00fb90","v0":0.04,"v1":0.05},"geometry":{"type":"Polygon","coordinates":[[[-115.9401,50.9415],[-115.9225,50.973],[-115.9205,51.0171],[-115.9338,51.0737],[-115.9279,51.104],[-115.9026,51.1081],[-115.8756,51.0987],[-115.8469,51.0757],[-115.8415,51.0422],[-115.8594,50.9982],[-115.8649,50.9573],[-115.8579,50.9194],[-115.8717,50.8974],[-115.9064,50.8911],[-115.93,50.8974],[-115.9426,50.9163],[-115.9401,50.9415]],[[-115.9296,50.9384],[-115.9091,50.9636],[-115.906,51.0045],[-115.9203,51.0611],[-115.9181,51.0927],[-115.8994,51.0995],[-115.8787,51.0932],[-115.8562,51.0739],[-115.8547,51.0422],[-115.8743,50.9982],[-115.8781,50.9604],[-115.866,50.9289],[-115.8724,50.907],[-115.8975,50.8946],[-115.9175,50.8978],[-115.9324,50.9164],[-115.9296,50.9384]]]}},{"type":"Feature","properties":{"c":"#00fb90","v0":0.04,"v1":0.05},"geometry":{"type":"Polygon","coordinates":[[[-120.5599,50.9825],[-120.5528,50.995],[-120.5294,51.0093],[-120.4898,51.0251],[-120.46,51.0336],[-120.44,51.0348],[-120.4204,51.03],[-120.4011,51.0193],[-120.3926,51.0045],[-120.3951,50.9856],[-120.4097,50.969],[-120.4366,50.9548],[-120.47,50.9478],[-120.51,50.9482],[-120.5384,50.9553],[-120.5551,50.9692],[-120.5599,50.9825]],[[-120.5568,50.9825],[-120.5493,50.995],[-120.5267,51.0086],[-120.4889,51.0231],[-120.4523,51.0262],[-120.417,51.018],[-120.3997,51.0045],[-120.4006,50.9856],[-120.4133,50.9696],[-120.4378,50.9565],[-120.47,50.9502],[-120.51,50.9507],[-120.5376,50.9572],[-120.5529,50.9698],[-120.5568,50.9825]]]}},{"type":"Feature","properties":{"c":"#00fb90","v0":0.04,"v1":0.05},"geometry":{"type":"Polygon","coordinates":[[[-119.5366,51.0021],[-119.5189,51.0035],[-119.51,51.0008],[-119.51,50.9941],[-119.5189,50.9933],[-119.5366,50.9987],[-119.5366,51.0021]]]}},{"type":"Feature","properties":{"c":"#00fb90","v0":0.04,"v1":0.05},"geometry":{"type":"Polygon","coordinates":[[[-121.7012,50.928],[-121.6804,50.9578],[-121.653,50.9704],[-121.619,50.9659],[-121.5979,50.951],[-121.5897,50.9258],[-121.5967,50.9026],[-121.6189,50.8816],[-121.645,50.8713],[-121.675,50.8716],[-121.6954,50.8821],[-121.7062,50.9028],[-121.7012,50.928]],[[-121.6988,50.9269],[-121.6796,50.9544],[-121.66,50.969],[-121.64,50.9705],[-121.6212,50.9662],[-121.6035,50.956],[-121.5952,50.9384],[-121.5962,50.9131],[-121.6101,50.8923],[-121.6367,50.8759],[-121.66,50.8701],[-121.68,50.8749],[-121.6946,50.8862],[-121.7038,50.9042],[-121.6988,50.9269]]]}},{"type":"Feature","properties":{"c":"#00fb90","v0":0.04,"v1":0.05},"geometry":{"type":"Polygon","coordinates":[[[-122.7125,50.3799],[-122.6975,50.4043],[-122.66,50.4341],[-122.6,50.4695],[-122.5577,50.5115],[-122.5331,50.5599],[-122.4857,50.6254],[-122.4155,50.7078],[-122.3629,50.7598],[-122.3276,50.7816],[-122.275,50.7971],[-122.205,50.8063],[-122.1515,50.8018],[-122.1146,50.7834],[-122.0396,50.767],[-121.9265,50.7526],[-121.8571,50.7367],[-121.8312,50.7195],[-121.8125,50.6919],[-121.8008,50.6539],[-121.8006,50.6222],[-121.8118,50.5968],[-121.8526,50.5778],[-121.923,50.565],[-121.9862,50.549],[-122.0421,50.5295],[-122.0964,50.504],[-122.1492,50.4726],[-122.1813,50.441],[-122.1926,50.4092],[-122.23,50.3709],[-122.2936,50.3262],[-122.3299,50.2943],[-122.3388,50.2751],[-122.3414,50.2336],[-122.3375,50.1695],[-122.3564,50.1022],[-122.3981,50.0316],[-122.4317,49.9868],[-122.4572,49.9678],[-122.48,49.9556],[-122.5,49.9503],[-122.52,49.9502],[-122.54,49.9552],[-122.5635,49.9738],[-122.5906,50.0059],[-122.6106,50.0477],[-122.6234,50.099],[-122.6466,50.1407],[-122.6802,50.1727],[-122.7027,50.2336],[-122.7143,50.323],[-122.7125,50.3799]],[[-122.7062,50.3774],[-122.6954,50.3969],[-122.659,50.4255],[-122.5971,50.4635],[-122.553,50.5078],[-122.5268,50.5587],[-122.474,50.6285],[-122.3946,50.7173],[-122.3437,50.7678],[-122.3212,50.7804],[-122.28,50.7907],[-122.22,50.7986],[-122.165,50.7924],[-122.115,50.7719],[-122.04,50.7562],[-121.94,50.7452],[-121.8774,50.7325],[-121.8523,50.7181],[-121.8312,50.6888],[-121.814,50.6444],[-121.8116,50.6127],[-121.8239,50.5936],[-121.89,50.5705],[-122.01,50.5432],[-122.1,50.512],[-122.16,50.4769],[-122.1961,50.4428],[-122.2083,50.4098],[-122.2433,50.3726],[-122.3011,50.3312],[-122.3358,50.2993],[-122.3475,50.2768],[-122.3502,50.2368],[-122.3439,50.1792],[-122.3618,50.1119],[-122.4038,50.0348],[-122.4361,49.9881],[-122.4587,49.9719],[-122.49,49.9635],[-122.53,49.9632],[-122.5626,49.9777],[-122.5879,50.0072],[-122.6061,50.0477],[-122.6173,50.099],[-122.6393,50.1407],[-122.6719,50.1727],[-122.694,50.2336],[-122.7057,50.323],[-122.7062,50.3774]]]}},{"type":"Feature","properties":{"c":"#00fb90","v0":0.04,"v1":0.05},"geometry":{"type":"Polygon","coordinates":[[[-120.1069,50.5378],[-120.0956,50.5469],[-120.055,50.5556],[-119.985,50.5639],[-119.9398,50.5562],[-119.9193,50.5324],[-119.9097,50.5078],[-119.9109,50.4824],[-119.9262,50.4619],[-119.9554,50.4464],[-119.995,50.4413],[-120.045,50.4469],[-120.0806,50.4705],[-120.1019,50.5124],[-120.1069,50.5378]],[[-120.0724,50.5047],[-120.0571,50.5237],[-120.0297,50.54],[-119.9899,50.5533],[-119.96,50.5567],[-119.94,50.5501],[-119.9246,50.5371],[-119.9139,50.5176],[-119.91,50.4983],[-119.9131,50.4792],[-119.9284,50.4626],[-119.9561,50.4484],[-119.9925,50.4453],[-120.0374,50.453],[-120.0648,50.4665],[-120.0749,50.4856],[-120.0724,50.5047]]]}},{"type":"Feature","properties":{"c":"#00fb90","v0":0.04,"v1":0.05},"geometry":{"type":"Polygon","coordinates":[[[-120.098,50.0958],[-120.0929,50.1151],[-120.0587,50.1471],[-119.9954,50.192],[-119.9512,50.2336],[-119.9261,50.2719],[-119.8827,50.2989],[-119.8209,50.3145],[-119.7663,50.3465],[-119.7188,50.3946],[-119.6838,50.4242],[-119.6613,50.4353],[-119.615,50.4423],[-119.545,50.4451],[-119.5037,50.4619],[-119.4912,50.4925],[-119.4762,50.5138],[-119.4587,50.5256],[-119.4314,50.5288],[-119.3942,50.5233],[-119.3707,50.5142],[-119.3608,50.5015],[-119.3588,50.4728],[-119.3647,50.4283],[-119.3942,50.3964],[-119.4474,50.3773],[-119.4911,50.3294],[-119.5255,50.2527],[-119.543,50.1984],[-119.5437,50.1663],[-119.5555,50.1381],[-119.5785,50.1136],[-119.61,50.0954],[-119.65,50.0834],[-119.69,50.0607],[-119.73,50.0273],[-119.795,49.9915],[-119.885,49.9533],[-119.9693,49.9497],[-120.0478,49.9808],[-120.0905,50.0188],[-120.0972,50.0637],[-120.098,50.0958]],[[-120.0954,50.0958],[-120.0901,50.1151],[-120.0631,50.1432],[-120.0144,50.1801],[-119.98,50.2005],[-119.96,50.2045],[-119.935,50.1979],[-119.905,50.1805],[-119.88,50.178],[-119.86,50.1905],[-119.8464,50.2012],[-119.8392,50.21],[-119.8609,50.2176],[-119.9114,50.224],[-119.937,50.2368],[-119.9378,50.2559],[-119.9312,50.2715],[-119.9171,50.2835],[-119.89,50.2918],[-119.85,50.2964],[-119.82,50.2859],[-119.8,50.2602],[-119.7818,50.2679],[-119.7655,50.3089],[-119.7395,50.3518],[-119.7039,50.3964],[-119.672,50.4244],[-119.644,50.4359],[-119.6,50.4401],[-119.54,50.437],[-119.4979,50.4568],[-119.4737,50.4993],[-119.4537,50.5233],[-119.4379,50.5287],[-119.4183,50.5287],[-119.3948,50.5233],[-119.3774,50.5142],[-119.3663,50.5015],[-119.3633,50.4728],[-119.3685,50.4283],[-119.3983,50.3964],[-119.4524,50.3773],[-119.4966,50.3294],[-119.5306,50.2527],[-119.5464,50.2016],[-119.5439,50.1759],[-119.5545,50.1487],[-119.5782,50.1198],[-119.61,50.0995],[-119.65,50.0878],[-119.69,50.0653],[-119.73,50.0318],[-119.795,49.9968],[-119.885,49.9601],[-119.9627,49.9554],[-120.0281,49.9827],[-120.0701,50.0188],[-120.0887,50.0637],[-120.0954,50.0958]],[[-119.9015,50.2016],[-119.8728,50.2016],[-119.8664,50.1964],[-119.8821,50.1861],[-119.8965,50.1861],[-119.9094,50.1964],[-119.9015,50.2016]]]}},{"type":"Feature","properties":{"c":"#00fb90","v0":0.04,"v1":0.05},"geometry":{"type":"Polygon","coordinates":[[[-118.4381,50.4548],[-118.4194,50.476],[-118.4,50.4851],[-118.38,50.482],[-118.3649,50.4746],[-118.3548,50.4628],[-118.3505,50.4506],[-118.352,50.4378],[-118.3621,50.4255],[-118.3807,50.4134],[-118.3999,50.4103],[-118.4197,50.4159],[-118.4341,50.4251],[-118.443,50.4378],[-118.4381,50.4548]],[[-118.4357,50.4537],[-118.4186,50.4726],[-118.4,50.4809],[-118.38,50.4786],[-118.3656,50.4723],[-118.3568,50.462],[-118.3533,50.4506],[-118.3549,50.4378],[-118.3643,50.4261],[-118.3814,50.4153],[-118.4036,50.4184],[-118.4307,50.4356],[-118.4357,50.4537]]]}},{"type":"Feature","properties":{"c":"#00fb90","v0":0.04,"v1":0.05},"geometry":{"type":"Polygon","coordinates":[[[-121.8695,49.9898],[-121.8387,50.0798],[-121.7876,50.1631],[-121.716,50.24],[-121.6027,50.308],[-121.4476,50.3674],[-121.34,50.3942],[-121.28,50.3886],[-121.23,50.3773],[-121.19,50.3605],[-121.1433,50.3177],[-121.0899,50.2488],[-121.0696,50.192],[-121.0824,50.1471],[-121.0547,50.1183],[-120.9864,50.1054],[-120.9574,50.0862],[-120.9678,50.0605],[-120.9937,50.0284],[-121.0353,49.9898],[-121.0497,49.9609],[-121.0368,49.9416],[-121.0328,49.9223],[-121.0376,49.903],[-121.0575,49.8771],[-121.0925,49.8448],[-121.145,49.8199],[-121.215,49.8026],[-121.2722,49.7833],[-121.3166,49.762],[-121.3278,49.7384],[-121.3059,49.7126],[-121.2988,49.677],[-121.3068,49.6317],[-121.3259,49.596],[-121.3563,49.5701],[-121.4011,49.5436],[-121.4604,49.5166],[-121.504,49.5101],[-121.5319,49.5241],[-121.5391,49.5669],[-121.5257,49.6381],[-121.4933,49.6932],[-121.4419,49.732],[-121.4397,49.7571],[-121.4866,49.7687],[-121.5149,49.7848],[-121.5248,49.8056],[-121.4848,49.8293],[-121.3949,49.856],[-121.3153,49.8915],[-121.246,49.9356],[-121.231,49.961],[-121.2703,49.9678],[-121.3097,49.9678],[-121.349,49.961],[-121.394,49.9442],[-121.4447,49.9172],[-121.505,49.8995],[-121.575,49.8909],[-121.64,49.8769],[-121.7,49.8574],[-121.76,49.8585],[-121.82,49.8803],[-121.8587,49.9046],[-121.8761,49.9314],[-121.8695,49.9898]],[[-121.8615,49.9931],[-121.8218,50.0894],[-121.764,50.177],[-121.688,50.2559],[-121.61,50.3026],[-121.53,50.317],[-121.465,50.3398],[-121.415,50.3708],[-121.35,50.383],[-121.27,50.3763],[-121.215,50.3659],[-121.185,50.3518],[-121.1441,50.309],[-121.0923,50.2374],[-121.0766,50.1824],[-121.0972,50.1439],[-121.0781,50.1198],[-121.0194,50.11],[-120.9837,50.1004],[-120.9712,50.0909],[-120.9706,50.0734],[-120.9819,50.0477],[-121.0101,50.0188],[-121.0552,49.9866],[-121.0675,49.9545],[-121.0471,49.9223],[-121.0552,49.8876],[-121.0917,49.8504],[-121.175,49.8122],[-121.305,49.773],[-121.3896,49.7626],[-121.4289,49.7809],[-121.4471,49.7998],[-121.4444,49.8192],[-121.3847,49.8579],[-121.268,49.9158],[-121.2062,49.948],[-121.1994,49.9545],[-121.2095,49.961],[-121.2365,49.9677],[-121.28,49.9683],[-121.34,49.9626],[-121.395,49.9469],[-121.445,49.9213],[-121.5015,49.9047],[-121.5646,49.8971],[-121.6296,49.8835],[-121.6965,49.8639],[-121.76,49.8646],[-121.82,49.8856],[-121.8578,49.9083],[-121.8735,49.9327],[-121.8615,49.9931]],[[-121.5321,49.5798],[-121.5087,49.6511],[-121.4752,49.6979],[-121.4317,49.7203],[-121.395,49.7309],[-121.365,49.7298],[-121.339,49.7186],[-121.3169,49.6973],[-121.3104,49.664],[-121.3192,49.6187],[-121.3602,49.5741],[-121.4334,49.5303],[-121.485,49.5101],[-121.515,49.5137],[-121.5335,49.5226],[-121.5404,49.537],[-121.5321,49.5798]]]}},{"type":"Feature","properties":{"c":"#00fb90","v0":0.04,"v1":0.05},"geometry":{"type":"Polygon","coordinates":[[[-118.4019,50.3522],[-118.3806,50.3722],[-118.35,50.3819],[-118.31,50.3813],[-118.2841,50.3777],[-118.2723,50.371],[-118.2724,50.3581],[-118.2843,50.339],[-118.3002,50.3251],[-118.3201,50.3166],[-118.345,50.314],[-118.375,50.3173],[-118.3956,50.3248],[-118.4069,50.3364],[-118.4019,50.3522]],[[-118.3985,50.3514],[-118.3795,50.37],[-118.3466,50.3763],[-118.2997,50.3706],[-118.2776,50.3613],[-118.2803,50.3486],[-118.2937,50.3356],[-118.3179,50.3225],[-118.345,50.3175],[-118.375,50.3208],[-118.3945,50.3274],[-118.4035,50.3372],[-118.3985,50.3514]]]}},{"type":"Feature","properties":{"c":"#00fb90","v0":0.04,"v1":0.05},"geometry":{"type":"Polygon","coordinates":[[[-117.0385,50.3388],[-117.0195,50.3576],[-116.995,50.3712],[-116.965,50.3797],[-116.9219,50.3703],[-116.8657,50.343],[-116.8459,50.3198],[-116.8626,50.3007],[-116.8908,50.283],[-116.9303,50.2669],[-116.965,50.2642],[-116.995,50.2748],[-117.0195,50.2924],[-117.0385,50.3171],[-117.0385,50.3388]],[[-117.0287,50.3363],[-117.0162,50.35],[-116.995,50.361],[-116.965,50.3694],[-116.9379,50.3689],[-116.9136,50.3596],[-116.8948,50.3454],[-116.8815,50.3262],[-116.8836,50.3083],[-116.9012,50.2915],[-116.925,50.2802],[-116.955,50.2746],[-116.984,50.2798],[-117.012,50.2958],[-117.0282,50.3103],[-117.0327,50.323],[-117.0287,50.3363]]]}},{"type":"Feature","properties":{"c":"#00fb90","v0":0.04,"v1":0.05},"geometry":{"type":"Polygon","coordinates":[[[-122.2123,49.9513],[-122.1819,49.9898],[-122.1675,50.0278],[-122.1692,50.0651],[-122.125,50.094],[-122.035,50.1145],[-122.0,50.1036],[-122.02,50.0614],[-122.0421,50.0293],[-122.0663,50.0073],[-122.0779,49.9834],[-122.077,49.9577],[-122.0832,49.9352],[-122.0965,49.9158],[-122.1249,49.8974],[-122.1683,49.8797],[-122.1994,49.8862],[-122.2181,49.9167],[-122.2123,49.9513]],[[-122.2094,49.9466],[-122.1831,49.9759],[-122.16,49.9908],[-122.14,49.9911],[-122.1213,49.9861],[-122.1038,49.9757],[-122.0953,49.9577],[-122.0959,49.9319],[-122.1097,49.9111],[-122.1366,49.8952],[-122.16,49.8879],[-122.18,49.8893],[-122.1981,49.9005],[-122.2144,49.9215],[-122.2094,49.9466]]]}},{"type":"Feature","properties":{"c":"#00fb90","v0":0.04,"v1":0.05},"geometry":{"type":"Polygon","coordinates":[[[-121.3743,49.3235],[-121.3581,49.3506],[-121.2893,49.3962],[-121.168,49.4602],[-121.0983,49.5247],[-121.0804,49.5895],[-121.0774,49.6349],[-121.0892,49.6608],[-121.0789,49.6914],[-121.0463,49.7267],[-121.01,49.7485],[-120.97,49.7567],[-120.94,49.746],[-120.92,49.7162],[-120.87,49.7238],[-120.79,49.7687],[-120.7437,49.7909],[-120.7312,49.7904],[-120.7212,49.7825],[-120.7137,49.7673],[-120.685,49.7661],[-120.635,49.779],[-120.6055,49.7963],[-120.5966,49.818],[-120.5961,49.8385],[-120.604,49.8579],[-120.6284,49.8678],[-120.6695,49.8685],[-120.7032,49.8749],[-120.7296,49.8872],[-120.741,49.9126],[-120.7373,49.9513],[-120.7154,49.9866],[-120.6754,50.0188],[-120.629,50.0459],[-120.5763,50.0681],[-120.52,50.0681],[-120.46,50.046],[-120.405,50.0382],[-120.355,50.0445],[-120.325,50.0347],[-120.315,50.0087],[-120.3299,49.9797],[-120.3698,49.9479],[-120.382,49.8804],[-120.3666,49.7772],[-120.3867,49.6904],[-120.4422,49.6202],[-120.485,49.5767],[-120.515,49.5599],[-120.55,49.5474],[-120.59,49.539],[-120.6273,49.4982],[-120.6618,49.4249],[-120.6885,49.3328],[-120.7074,49.2219],[-120.708,49.1271],[-120.6902,49.0485],[-120.7035,48.989],[-120.7478,48.9487],[-120.795,48.922],[-120.845,48.9092],[-120.8677,48.8767],[-120.8631,48.8248],[-120.8681,48.7921],[-120.8827,48.7788],[-120.905,48.7678],[-120.935,48.7592],[-120.96,48.7397],[-120.98,48.7091],[-121.02,48.6871],[-121.08,48.6738],[-121.135,48.6687],[-121.185,48.6718],[-121.2231,48.6816],[-121.2494,48.6982],[-121.2531,48.723],[-121.2344,48.7559],[-121.2477,48.7988],[-121.293,48.8514],[-121.307,48.9008],[-121.2896,48.9468],[-121.2974,48.9763],[-121.3301,48.9894],[-121.3513,49.0026],[-121.3608,49.0157],[-121.3383,49.0419],[-121.2838,49.0812],[-121.2511,49.1107],[-121.2403,49.1303],[-121.2685,49.1565],[-121.3358,49.1892],[-121.3596,49.2219],[-121.3397,49.2545],[-121.343,49.2806],[-121.3692,49.3002],[-121.3743,49.3235]],[[-121.3707,49.3328],[-121.3561,49.3523],[-121.2868,49.3947],[-121.1628,49.4597],[-121.099,49.5149],[-121.0953,49.5604],[-121.0855,49.5928],[-121.0695,49.6122],[-121.0675,49.6381],[-121.0794,49.6705],[-121.0665,49.7019],[-121.0288,49.7324],[-121.0,49.7481],[-120.98,49.7492],[-120.9609,49.7436],[-120.9426,49.7315],[-120.9315,49.7158],[-120.9276,49.6964],[-120.9386,49.6705],[-120.9646,49.6381],[-120.9707,49.6143],[-120.9569,49.5991],[-120.94,49.5899],[-120.92,49.5866],[-120.9009,49.591],[-120.8828,49.603],[-120.8801,49.6317],[-120.8929,49.677],[-120.882,49.7081],[-120.8473,49.7252],[-120.8104,49.7252],[-120.7711,49.7081],[-120.7477,49.6802],[-120.7402,49.6414],[-120.7148,49.6103],[-120.6716,49.587],[-120.6445,49.5935],[-120.6336,49.6297],[-120.6442,49.6576],[-120.6763,49.677],[-120.695,49.6964],[-120.7002,49.7158],[-120.6775,49.7417],[-120.6268,49.774],[-120.5986,49.8046],[-120.5929,49.8335],[-120.595,49.8542],[-120.605,49.8668],[-120.625,49.873],[-120.655,49.8728],[-120.6813,49.8779],[-120.7039,49.8882],[-120.7164,49.9158],[-120.7187,49.9609],[-120.6824,50.0065],[-120.6075,50.0526],[-120.535,50.0643],[-120.465,50.0416],[-120.405,50.0333],[-120.355,50.0394],[-120.3277,50.0277],[-120.3231,49.9982],[-120.3431,49.9732],[-120.3877,49.9528],[-120.4001,49.927],[-120.3803,49.896],[-120.3699,49.8385],[-120.3688,49.7546],[-120.3937,49.6815],[-120.4446,49.6192],[-120.485,49.581],[-120.515,49.567],[-120.55,49.5582],[-120.59,49.5547],[-120.6301,49.515],[-120.6702,49.4391],[-120.7059,49.3458],[-120.7372,49.2349],[-120.7481,49.1598],[-120.7386,49.1205],[-120.7216,49.0878],[-120.6972,49.0616],[-120.6865,49.0386],[-120.6896,49.019],[-120.7108,48.9919],[-120.7503,48.9574],[-120.7982,48.9344],[-120.8546,48.9229],[-120.8864,48.9074],[-120.8937,48.8876],[-120.891,48.858],[-120.8783,48.8185],[-120.8928,48.7889],[-120.9343,48.7691],[-120.9638,48.7454],[-120.9813,48.7176],[-121.02,48.6953],[-121.08,48.6786],[-121.135,48.6721],[-121.185,48.6758],[-121.22,48.6848],[-121.2399,48.6993],[-121.2412,48.723],[-121.2239,48.7559],[-121.2367,48.7922],[-121.2798,48.8317],[-121.3038,48.8613],[-121.3089,48.8811],[-121.3008,48.9106],[-121.2796,48.9501],[-121.2902,48.9829],[-121.3328,49.0091],[-121.328,49.0411],[-121.276,49.0787],[-121.2438,49.1081],[-121.2315,49.1295],[-121.2542,49.1565],[-121.3121,49.1892],[-121.3367,49.2219],[-121.3281,49.2545],[-121.3374,49.2839],[-121.3645,49.31],[-121.3707,49.3328]],[[-120.9539,49.637],[-120.9246,49.6672],[-120.9034,49.6639],[-120.8902,49.6273],[-120.8952,49.6039],[-120.9184,49.5936],[-120.9396,49.5969],[-120.9589,49.6136],[-120.9539,49.637]],[[-120.7258,49.6444],[-120.7153,49.6635],[-120.695,49.6697],[-120.665,49.6631],[-120.645,49.6535],[-120.6351,49.6411],[-120.6351,49.622],[-120.645,49.5963],[-120.6621,49.5866],[-120.6862,49.5929],[-120.7065,49.6058],[-120.7229,49.6252],[-120.7258,49.6444]]]}},{"type":"Feature","properties":{"c":"#00fb90","v0":0.04,"v1":0.05},"geometry":{"type":"Polygon","coordinates":[[[-117.4926,49.8997],[-117.4784,49.9384],[-117.456,49.9641],[-117.4253,49.9771],[-117.395,49.9792],[-117.365,49.9705],[-117.3316,49.9479],[-117.2947,49.9115],[-117.2847,49.8896],[-117.3016,49.8821],[-117.3175,49.866],[-117.3325,49.8412],[-117.3575,49.8243],[-117.3925,49.8151],[-117.425,49.8142],[-117.455,49.8214],[-117.4774,49.8389],[-117.4923,49.8666],[-117.4926,49.8997]],[[-117.4815,49.8929],[-117.4605,49.9435],[-117.44,49.9715],[-117.42,49.977],[-117.395,49.9753],[-117.365,49.9664],[-117.3386,49.948],[-117.3157,49.9201],[-117.3194,49.8869],[-117.3496,49.8482],[-117.386,49.8269],[-117.4287,49.823],[-117.4605,49.8327],[-117.4815,49.8559],[-117.4815,49.8929]]]}},{"type":"Feature","properties":{"c":"#00fb90","v0":0.04,"v1":0.05},"geometry":{"type":"Polygon","coordinates":[[[-118.5403,49.9259],[-118.5334,49.9394],[-118.515,49.9547],[-118.485,49.9716],[-118.46,49.9761],[-118.44,49.968],[-118.4226,49.9528],[-118.4079,49.9303],[-118.4079,49.9106],[-118.4226,49.8938],[-118.445,49.8829],[-118.475,49.878],[-118.5034,49.8864],[-118.5303,49.9082],[-118.5403,49.9259]],[[-118.5345,49.9255],[-118.5265,49.9384],[-118.5094,49.9502],[-118.4831,49.961],[-118.46,49.9635],[-118.44,49.9579],[-118.4237,49.9461],[-118.4112,49.9281],[-118.4088,49.9126],[-118.4165,49.8997],[-118.4328,49.8895],[-118.4576,49.8819],[-118.48,49.8794],[-118.5,49.8818],[-118.5171,49.8921],[-118.5314,49.9101],[-118.5345,49.9255]]]}},{"type":"Feature","properties":{"c":"#00fb90","v0":0.04,"v1":0.05},"geometry":{"type":"Polygon","coordinates":[[[-117.805,49.8495],[-117.7683,49.8908],[-117.74,49.9147],[-117.72,49.9213],[-117.7,49.922],[-117.68,49.9167],[-117.6657,49.896],[-117.6571,49.8598],[-117.6584,49.8321],[-117.6695,49.8127],[-117.6988,49.8012],[-117.7463,49.7977],[-117.7833,49.8041],[-117.81,49.8206],[-117.805,49.8495]],[[-117.8029,49.8487],[-117.7676,49.8885],[-117.74,49.9108],[-117.72,49.9158],[-117.7012,49.9152],[-117.6835,49.9092],[-117.6701,49.8901],[-117.661,49.8579],[-117.6635,49.8321],[-117.6776,49.8127],[-117.706,49.8019],[-117.7487,49.7995],[-117.7826,49.806],[-117.8079,49.8212],[-117.8029,49.8487]]]}},{"type":"Feature","properties":{"c":"#00fb90","v0":0.04,"v1":0.05},"geometry":{"type":"Polygon","coordinates":[[[-117.2732,49.8321],[-117.271,49.8643],[-117.265,49.8818],[-117.255,49.8846],[-117.205,49.8776],[-117.115,49.8609],[-117.0591,49.8369],[-117.0374,49.8057],[-117.0308,49.7707],[-117.0393,49.732],[-117.0702,49.7136],[-117.1234,49.7158],[-117.1726,49.7287],[-117.2177,49.7524],[-117.2488,49.7772],[-117.2658,49.803],[-117.2732,49.8321]],[[-117.2292,49.8035],[-117.2031,49.8302],[-117.17,49.8459],[-117.13,49.8506],[-117.094,49.8437],[-117.0621,49.8252],[-117.0442,49.803],[-117.0403,49.7772],[-117.0462,49.7547],[-117.0621,49.7356],[-117.085,49.7245],[-117.115,49.7215],[-117.1497,49.7278],[-117.1892,49.7435],[-117.2173,49.761],[-117.2339,49.7804],[-117.2292,49.8035]]]}},{"type":"Feature","properties":{"c":"#00fb90","v0":0.04,"v1":0.05},"geometry":{"type":"Polygon","coordinates":[[[-117.9971,49.8358],[-117.979,49.8497],[-117.9609,49.8497],[-117.9428,49.8358],[-117.9428,49.8213],[-117.9609,49.8061],[-117.979,49.8061],[-117.9971,49.8213],[-117.9971,49.8358]],[[-117.9951,49.8353],[-117.9784,49.8483],[-117.9618,49.8483],[-117.9453,49.8353],[-117.9453,49.8221],[-117.9618,49.8086],[-117.9784,49.8086],[-117.9951,49.8221],[-117.9951,49.8353]]]}},{"type":"Feature","properties":{"c":"#00fb90","v0":0.04,"v1":0.05},"geometry":{"type":"Polygon","coordinates":[[[-119.5435,49.6582],[-119.5345,49.6789],[-119.525,49.692],[-119.515,49.6976],[-119.5064,49.697],[-119.4991,49.6901],[-119.4914,49.6738],[-119.4834,49.6479],[-119.487,49.6222],[-119.5023,49.5968],[-119.5195,49.6],[-119.5385,49.6319],[-119.5435,49.6582]],[[-119.5346,49.659],[-119.5182,49.6811],[-119.505,49.6855],[-119.495,49.6721],[-119.495,49.6479],[-119.505,49.6129],[-119.5182,49.6085],[-119.5346,49.6348],[-119.5346,49.659]]]}},{"type":"Feature","properties":{"c":"#00fb90","v0":0.04,"v1":0.05},"geometry":{"type":"Polygon","coordinates":[[[-123.792,49.6543],[-123.7863,49.6673],[-123.7701,49.6777],[-123.7434,49.6857],[-123.7164,49.6792],[-123.6891,49.6583],[-123.6791,49.6416],[-123.6864,49.629],[-123.7,49.6199],[-123.72,49.6142],[-123.74,49.613],[-123.76,49.6163],[-123.7762,49.6254],[-123.7886,49.6404],[-123.792,49.6543]],[[-123.7873,49.6543],[-123.7815,49.6673],[-123.7665,49.677],[-123.7422,49.6835],[-123.7176,49.677],[-123.6928,49.6576],[-123.6928,49.6396],[-123.7176,49.623],[-123.74,49.6167],[-123.76,49.6207],[-123.7751,49.629],[-123.7852,49.6416],[-123.7873,49.6543]]]}},{"type":"Feature","properties":{"c":"#00fb90","v0":0.04,"v1":0.05},"geometry":{"type":"Polygon","coordinates":[[[-116.9447,49.5865],[-116.9216,49.6193],[-116.8781,49.6161],[-116.8142,49.5768],[-116.8092,49.5488],[-116.8631,49.5322],[-116.9066,49.5354],[-116.9397,49.5585],[-116.9447,49.5865]],[[-116.9321,49.5787],[-116.9174,49.5959],[-116.8962,49.5927],[-116.8685,49.569],[-116.8635,49.5526],[-116.8812,49.5436],[-116.9024,49.5468],[-116.9271,49.5623],[-116.9321,49.5787]]]}},{"type":"Feature","properties":{"c":"#00fb90","v0":0.04,"v1":0.05},"geometry":{"type":"Polygon","coordinates":[[[-124.8144,49.3619],[-124.7715,49.4136],[-124.735,49.4452],[-124.705,49.4568],[-124.675,49.462],[-124.645,49.461],[-124.61,49.446],[-124.57,49.4169],[-124.515,49.3946],[-124.445,49.3788],[-124.3868,49.359],[-124.3403,49.335],[-124.2464,49.323],[-124.105,49.323],[-124.0212,49.3067],[-123.9949,49.2741],[-123.9793,49.2382],[-123.9743,49.199],[-123.9513,49.1722],[-123.9104,49.1578],[-123.885,49.152],[-123.875,49.1548],[-123.8669,49.1686],[-123.8608,49.1932],[-123.884,49.2284],[-123.9366,49.2741],[-123.9604,49.3328],[-123.9556,49.4044],[-123.9324,49.452],[-123.8908,49.4755],[-123.82,49.4936],[-123.72,49.5062],[-123.6472,49.5009],[-123.6017,49.4778],[-123.5853,49.437],[-123.5978,49.3784],[-123.5699,49.3132],[-123.5016,49.2415],[-123.4644,49.1925],[-123.4583,49.1663],[-123.504,49.1112],[-123.6013,49.0271],[-123.66,48.9828],[-123.68,48.9783],[-123.705,48.9805],[-123.735,48.9895],[-123.755,48.9914],[-123.765,48.9861],[-123.77,48.9751],[-123.77,48.9584],[-123.755,48.9462],[-123.725,48.9385],[-123.6998,48.9204],[-123.6795,48.892],[-123.673,48.8679],[-123.6804,48.8482],[-123.7006,48.8336],[-123.7335,48.8243],[-123.7655,48.8276],[-123.7964,48.8435],[-123.8164,48.8657],[-123.8255,48.8942],[-123.86,48.9134],[-123.92,48.9232],[-123.9801,48.9451],[-124.0403,48.9791],[-124.0771,49.0059],[-124.0906,49.0255],[-124.0959,49.055],[-124.093,49.0943],[-124.1262,49.1153],[-124.1954,49.1179],[-124.26,49.1123],[-124.32,49.0983],[-124.3595,49.1035],[-124.3785,49.1279],[-124.4085,49.141],[-124.4495,49.1426],[-124.5,49.1653],[-124.56,49.2091],[-124.62,49.2447],[-124.68,49.2723],[-124.735,49.2917],[-124.785,49.3029],[-124.8165,49.3154],[-124.8294,49.3292],[-124.8144,49.3619]],[[-124.8129,49.3613],[-124.771,49.4117],[-124.725,49.4421],[-124.675,49.4526],[-124.625,49.4424],[-124.575,49.4114],[-124.515,49.389],[-124.445,49.3751],[-124.3893,49.3569],[-124.348,49.3343],[-124.258,49.3225],[-124.1193,49.3214],[-124.0373,49.3084],[-124.0119,49.2833],[-123.9959,49.248],[-123.9893,49.2023],[-123.9751,49.1729],[-123.9531,49.1598],[-123.9241,49.151],[-123.888,49.1464],[-123.8661,49.1628],[-123.8582,49.2],[-123.8793,49.2415],[-123.9294,49.2871],[-123.9474,49.3426],[-123.9334,49.4077],[-123.9073,49.452],[-123.8691,49.4757],[-123.8,49.4916],[-123.7,49.4998],[-123.6331,49.4945],[-123.5993,49.4756],[-123.5892,49.437],[-123.6028,49.3784],[-123.5727,49.31],[-123.499,49.2317],[-123.461,49.1827],[-123.4588,49.1631],[-123.5058,49.1124],[-123.6019,49.0305],[-123.68,48.9917],[-123.74,48.9961],[-123.7727,48.9846],[-123.778,48.9572],[-123.763,48.9398],[-123.7277,48.9325],[-123.7005,48.916],[-123.6814,48.8905],[-123.6759,48.8679],[-123.684,48.8482],[-123.7035,48.8345],[-123.7345,48.8268],[-123.7643,48.8301],[-123.793,48.8443],[-123.813,48.8677],[-123.8243,48.9001],[-123.86,48.92],[-123.92,48.9272],[-123.9829,48.9504],[-124.0487,48.9896],[-124.0837,49.0372],[-124.0879,49.0934],[-124.125,49.1216],[-124.195,49.1218],[-124.26,49.1155],[-124.32,49.1028],[-124.3581,49.1074],[-124.3742,49.1292],[-124.4042,49.1416],[-124.4481,49.1443],[-124.5,49.1675],[-124.56,49.2109],[-124.62,49.2467],[-124.68,49.2748],[-124.7345,49.2941],[-124.7834,49.3047],[-124.8144,49.3165],[-124.8273,49.3295],[-124.8129,49.3613]]]}},{"type":"Feature","properties":{"c":"#00fb90","v0":0.04,"v1":0.05},"geometry":{"type":"Polygon","coordinates":[[[-119.1832,49.2578],[-119.1562,49.2839],[-119.1453,49.3165],[-119.1503,49.3556],[-119.1471,49.377],[-119.1357,49.3807],[-119.1228,49.3742],[-119.1085,49.3575],[-119.1022,49.3295],[-119.1039,49.2904],[-119.116,49.2592],[-119.1387,49.2359],[-119.155,49.2235],[-119.165,49.2219],[-119.1767,49.2271],[-119.19,49.2388],[-119.1832,49.2578]],[[-119.1402,49.3653],[-119.1334,49.3716],[-119.125,49.3706],[-119.115,49.3623],[-119.115,49.3494],[-119.125,49.3319],[-119.1334,49.3329],[-119.1402,49.3524],[-119.1402,49.3653]],[[-119.1758,49.2545],[-119.1513,49.2741],[-119.1368,49.2933],[-119.1323,49.3122],[-119.1265,49.3089],[-119.1195,49.2835],[-119.1258,49.2611],[-119.1454,49.2415],[-119.1635,49.2349],[-119.1799,49.2415],[-119.1758,49.2545]]]}},{"type":"Feature","properties":{"c":"#00fb90","v0":0.04,"v1":0.05},"geometry":{"type":"Polygon","coordinates":[[[-117.4519,49.1876],[-117.4373,49.204],[-117.415,49.2157],[-117.385,49.2229],[-117.345,49.2209],[-117.295,49.2098],[-117.258,49.1948],[-117.2341,49.1758],[-117.2441,49.1439],[-117.288,49.0991],[-117.33,49.0718],[-117.37,49.0619],[-117.4073,49.0876],[-117.4419,49.1488],[-117.4519,49.1876]],[[-117.4326,49.187],[-117.4175,49.2023],[-117.395,49.2121],[-117.365,49.2166],[-117.33,49.214],[-117.29,49.2044],[-117.2608,49.1912],[-117.2424,49.1746],[-117.2524,49.1449],[-117.2908,49.1019],[-117.325,49.0762],[-117.355,49.0679],[-117.3793,49.0697],[-117.3979,49.0818],[-117.4155,49.1107],[-117.4319,49.1565],[-117.4326,49.187]]]}},{"type":"Feature","properties":{"c":"#00fb90","v0":0.04,"v1":0.05},"geometry":{"type":"Polygon","coordinates":[[[-116.0976,48.7754],[-116.0925,48.7815],[-116.0625,48.765],[-116.0076,48.726],[-115.9776,48.6974],[-115.9725,48.6793],[-115.9957,48.6826],[-116.047,48.7073],[-116.0795,48.7329],[-116.0932,48.7592],[-116.0976,48.7754]],[[-116.0416,48.7263],[-116.0091,48.7131],[-115.9922,48.7008],[-115.9907,48.6895],[-116.0069,48.6962],[-116.0408,48.7206],[-116.0416,48.7263]]]}},{"type":"Feature","properties":{"c":"#00fb90","v0":0.04,"v1":0.05},"geometry":{"type":"Polygon","coordinates":[[[-124.912,48.528],[-124.8802,48.5941],[-124.8157,48.6489],[-124.7186,48.6923],[-124.655,48.7106],[-124.625,48.7039],[-124.5813,48.6822],[-124.524,48.6455],[-124.4942,48.6107],[-124.492,48.5776],[-124.5034,48.5412],[-124.5284,48.5015],[-124.5682,48.4467],[-124.6227,48.3767],[-124.67,48.3281],[-124.71,48.3008],[-124.7425,48.2926],[-124.7676,48.3035],[-124.795,48.3388],[-124.825,48.3986],[-124.8619,48.4451],[-124.9059,48.4783],[-124.912,48.528]],[[-124.9021,48.5379],[-124.8724,48.5974],[-124.8207,48.6421],[-124.7469,48.6719],[-124.685,48.6863],[-124.635,48.6854],[-124.5818,48.6672],[-124.5254,48.6317],[-124.4973,48.6008],[-124.4975,48.5743],[-124.5094,48.5412],[-124.533,48.5015],[-124.5706,48.4484],[-124.6223,48.382],[-124.6636,48.3385],[-124.6945,48.3179],[-124.72,48.3071],[-124.74,48.306],[-124.7569,48.3097],[-124.7707,48.318],[-124.7907,48.3497],[-124.8169,48.4047],[-124.8517,48.4512],[-124.8952,48.4891],[-124.9021,48.5379]]]}},{"type":"Feature","properties":{"c":"#00fb90","v0":0.04,"v1":0.05},"geometry":{"type":"Polygon","coordinates":[[[-122.8414,47.8655],[-122.8205,47.8872],[-122.795,47.8976],[-122.765,47.8969],[-122.72,47.9091],[-122.66,47.9343],[-122.6062,47.9506],[-122.5586,47.9581],[-122.5018,47.9819],[-122.4358,48.0221],[-122.408,48.0555],[-122.4183,48.0823],[-122.4179,48.109],[-122.4071,48.1357],[-122.4066,48.1824],[-122.4165,48.249],[-122.4035,48.2991],[-122.3678,48.3327],[-122.34,48.3481],[-122.32,48.3453],[-122.2934,48.3219],[-122.2602,48.2778],[-122.2602,48.229],[-122.2935,48.1757],[-122.3066,48.1323],[-122.2997,48.099],[-122.3028,48.0722],[-122.3159,48.0522],[-122.2794,48.0317],[-122.1931,48.0107],[-122.14,48.004],[-122.12,48.0116],[-122.09,48.0135],[-122.05,48.0099],[-122.0177,47.9932],[-121.9932,47.9634],[-121.9969,47.9016],[-122.0287,47.8076],[-122.0768,47.7269],[-122.1413,47.6596],[-122.1977,47.618],[-122.2459,47.602],[-122.335,47.6034],[-122.465,47.6221],[-122.57,47.6523],[-122.65,47.6941],[-122.705,47.7441],[-122.735,47.8024],[-122.77,47.83],[-122.81,47.8269],[-122.8355,47.8327],[-122.8464,47.8473],[-122.8414,47.8655]],[[-122.7165,47.8814],[-122.6903,47.9083],[-122.6605,47.9281],[-122.6268,47.9408],[-122.59,47.947],[-122.55,47.9465],[-122.517,47.9602],[-122.491,47.9881],[-122.457,48.0121],[-122.415,48.0321],[-122.4,48.0555],[-122.4121,48.0823],[-122.4098,48.109],[-122.3932,48.1357],[-122.3926,48.179],[-122.4079,48.239],[-122.3991,48.2857],[-122.3664,48.3191],[-122.34,48.3358],[-122.32,48.3359],[-122.2978,48.3259],[-122.2735,48.3057],[-122.2578,48.2856],[-122.2507,48.2657],[-122.2658,48.229],[-122.3032,48.1757],[-122.3169,48.1323],[-122.307,48.099],[-122.3097,48.0722],[-122.325,48.0522],[-122.287,48.0286],[-122.1957,48.0016],[-122.12,47.9908],[-122.06,47.9963],[-122.0209,47.9897],[-122.0027,47.9711],[-122.0053,47.9183],[-122.0285,47.8311],[-122.0517,47.7706],[-122.0749,47.737],[-122.1223,47.6908],[-122.1941,47.632],[-122.3,47.6106],[-122.44,47.6266],[-122.5574,47.6594],[-122.6521,47.7089],[-122.707,47.7673],[-122.722,47.8345],[-122.7165,47.8814]]]}},{"type":"Feature","properties":{"c":"#00fb90","v0":0.04,"v1":0.05},"geometry":{"type":"Polygon","coordinates":[[[-116.5439,48.1323],[-116.5356,48.1524],[-116.5011,48.1886],[-116.4404,48.2409],[-116.385,48.2451],[-116.335,48.2013],[-116.2729,48.1584],[-116.1986,48.1166],[-116.2236,48.102],[-116.3479,48.1148],[-116.435,48.1066],[-116.485,48.0773],[-116.5185,48.0676],[-116.5354,48.0774],[-116.5449,48.0923],[-116.547,48.1123],[-116.5439,48.1323]]]}},{"type":"Feature","properties":{"c":"#00fb90","v0":0.04,"v1":0.05},"geometry":{"type":"Polygon","coordinates":[[[-122.179,48.0768],[-122.173,48.0925],[-122.15,48.1157],[-122.11,48.1466],[-122.0777,48.1421],[-122.0531,48.1022],[-122.0435,48.0722],[-122.0489,48.0522],[-122.0712,48.0358],[-122.1104,48.023],[-122.143,48.0297],[-122.169,48.0558],[-122.179,48.0768]],[[-122.1715,48.0789],[-122.1607,48.099],[-122.1439,48.1144],[-122.1213,48.1253],[-122.1,48.1267],[-122.08,48.1185],[-122.0648,48.103],[-122.0545,48.0803],[-122.0645,48.0582],[-122.0948,48.0369],[-122.12,48.0287],[-122.14,48.0337],[-122.1567,48.0443],[-122.1702,48.0607],[-122.1715,48.0789]]]}},{"type":"Feature","properties":{"c":"#00fb90","v0":0.04,"v1":0.05},"geometry":{"type":"Polygon","coordinates":[[[-125.9757,47.9542],[-125.9586,47.9924],[-125.9233,48.0025],[-125.87,47.9843],[-125.83,47.9661],[-125.8033,47.9478],[-125.7834,47.9143],[-125.7703,47.8656],[-125.7703,47.813],[-125.7834,47.7566],[-125.8324,47.7465],[-125.9172,47.7828],[-125.9658,47.8345],[-125.9782,47.9016],[-125.9757,47.9542]],[[-125.97,47.9202],[-125.9567,47.971],[-125.935,47.9945],[-125.905,47.9908],[-125.87,47.9794],[-125.83,47.9605],[-125.8006,47.9369],[-125.7819,47.9089],[-125.7769,47.8556],[-125.7856,47.7769],[-125.8304,47.7534],[-125.9113,47.7851],[-125.9579,47.8244],[-125.9704,47.8714],[-125.97,47.9202]]]}},{"type":"Feature","properties":{"c":"#00fb90","v0":0.04,"v1":0.05},"geometry":{"type":"Polygon","coordinates":[[[-123.2294,47.2912],[-123.199,47.3251],[-123.1354,47.3529],[-123.0385,47.3745],[-122.975,47.3765],[-122.945,47.3588],[-122.9223,47.3378],[-122.907,47.3135],[-122.9139,47.2641],[-122.9431,47.1894],[-122.9757,47.1417],[-123.0119,47.121],[-123.05,47.1139],[-123.09,47.1202],[-123.1315,47.1373],[-123.1745,47.1652],[-123.2082,47.203],[-123.2324,47.2505],[-123.2294,47.2912]],[[-123.2167,47.2505],[-123.2092,47.2844],[-123.1866,47.3128],[-123.1489,47.3355],[-123.095,47.3538],[-123.025,47.3676],[-122.9723,47.363],[-122.9369,47.34],[-122.9173,47.3116],[-122.9135,47.2777],[-122.923,47.2369],[-122.9457,47.1894],[-122.9703,47.155],[-122.9968,47.1337],[-123.025,47.1219],[-123.055,47.1195],[-123.08,47.1219],[-123.1,47.1289],[-123.1323,47.1475],[-123.1769,47.1777],[-123.2045,47.203],[-123.2152,47.2233],[-123.2167,47.2505]]]}},{"type":"Feature","properties":{"c":"#00fb90","v0":0.04,"v1":0.05},"geometry":{"type":"Polygon","coordinates":[[[-118.8694,46.7722],[-118.8565,46.8044],[-118.84,46.8212],[-118.82,46.8224],[-118.805,46.8192],[-118.795,46.8116],[-118.7849,46.7948],[-118.7746,46.769],[-118.7846,46.7335],[-118.8149,46.6884],[-118.8415,46.6884],[-118.8644,46.7335],[-118.8694,46.7722]],[[-118.8626,46.7575],[-118.8542,46.7879],[-118.84,46.8046],[-118.82,46.8076],[-118.8029,46.7958],[-118.7887,46.7693],[-118.7887,46.7421],[-118.8029,46.7142],[-118.815,46.6974],[-118.825,46.6918],[-118.8392,46.7024],[-118.8576,46.729],[-118.8626,46.7575]]]}},{"type":"Feature","properties":{"c":"#00fb90","v0":0.04,"v1":0.05},"geometry":{"type":"Polygon","coordinates":[[[-118.061,46.5088],[-118.0444,46.5639],[-117.9996,46.6082],[-117.9265,46.6418],[-117.825,46.6542],[-117.695,46.6456],[-117.6061,46.6254],[-117.5582,46.5936],[-117.5413,46.5432],[-117.5555,46.4744],[-117.5845,46.4243],[-117.6282,46.3929],[-117.69,46.3863],[-117.77,46.4045],[-117.84,46.4143],[-117.9,46.4156],[-117.9582,46.4256],[-118.0145,46.4444],[-118.0494,46.4606],[-118.0626,46.4744],[-118.061,46.5088]],[[-118.0509,46.5226],[-118.0235,46.5776],[-117.9799,46.6165],[-117.92,46.6392],[-117.83,46.6482],[-117.71,46.6434],[-117.629,46.632],[-117.587,46.6141],[-117.5592,46.5948],[-117.5456,46.5742],[-117.5484,46.5295],[-117.5677,46.4606],[-117.5955,46.4157],[-117.6318,46.3948],[-117.74,46.4005],[-117.92,46.4328],[-118.0207,46.4536],[-118.042,46.4629],[-118.0556,46.4744],[-118.0616,46.4882],[-118.0509,46.5226]]]}},{"type":"Feature","properties":{"c":"#00fb90","v0":0.04,"v1":0.05},"geometry":{"type":"Polygon","coordinates":[[[-119.4615,46.4221],[-119.4405,46.4416],[-119.405,46.4623],[-119.355,46.4843],[-119.2996,46.4849],[-119.2389,46.4641],[-119.2289,46.4411],[-119.2696,46.4158],[-119.33,46.402],[-119.41,46.3997],[-119.4555,46.402],[-119.4665,46.4089],[-119.4615,46.4221]],[[-119.4571,46.4213],[-119.439,46.4392],[-119.405,46.4586],[-119.355,46.4795],[-119.3015,46.4809],[-119.2446,46.4628],[-119.2346,46.4417],[-119.2715,46.4175],[-119.334,46.4072],[-119.4221,46.4107],[-119.4571,46.4213]]]}},{"type":"Feature","properties":{"c":"#00fb90","v0":0.04,"v1":0.05},"geometry":{"type":"Polygon","coordinates":[[[-120.5838,45.8443],[-120.4946,45.9006],[-120.425,45.9395],[-120.375,45.961],[-120.34,45.9716],[-120.32,45.9712],[-120.3141,45.9601],[-120.3223,45.9384],[-120.3423,45.9152],[-120.3741,45.8905],[-120.43,45.864],[-120.51,45.8357],[-120.5696,45.8202],[-120.6088,45.8175],[-120.5838,45.8443]],[[-120.5697,45.8539],[-120.4899,45.9015],[-120.42,45.9354],[-120.36,45.9554],[-120.3307,45.956],[-120.3321,45.9371],[-120.3471,45.916],[-120.3757,45.8929],[-120.43,45.8673],[-120.51,45.839],[-120.5649,45.8261],[-120.5947,45.8288],[-120.5697,45.8539]]]}},{"type":"Feature","properties":{"c":"#00fb90","v0":0.04,"v1":0.05},"geometry":{"type":"Polygon","coordinates":[[[-125.311,45.8448],[-125.2703,45.8464],[-125.25,45.8334],[-125.25,45.8057],[-125.2703,45.8049],[-125.311,45.831],[-125.311,45.8448]]]}},{"type":"Feature","properties":{"c":"#00fb90","v0":0.04,"v1":0.05},"geometry":{"type":"Polygon","coordinates":[[[-123.0241,45.5192],[-123.0128,45.5402],[-122.9629,45.5518],[-122.8743,45.554],[-122.785,45.5766],[-122.695,45.6198],[-122.63,45.6383],[-122.59,45.6322],[-122.5564,45.6165],[-122.5292,45.5913],[-122.5295,45.5437],[-122.5572,45.4736],[-122.5858,45.4317],[-122.6153,45.4181],[-122.68,45.4008],[-122.78,45.3799],[-122.85,45.3714],[-122.89,45.3753],[-122.9266,45.3855],[-122.9599,45.4021],[-122.9899,45.435],[-123.0165,45.4841],[-123.0241,45.5192]],[[-123.0167,45.5196],[-122.9989,45.5416],[-122.9505,45.5521],[-122.8714,45.5511],[-122.7814,45.5716],[-122.6805,45.6134],[-122.615,45.6318],[-122.585,45.6268],[-122.5586,45.6129],[-122.5358,45.5901],[-122.538,45.5437],[-122.5651,45.4736],[-122.6415,45.4222],[-122.7672,45.3895],[-122.845,45.3737],[-122.875,45.3749],[-122.909,45.3843],[-122.947,45.4017],[-122.9809,45.435],[-123.0107,45.4841],[-123.0167,45.5196]]]}},{"type":"Feature","properties":{"c":"#00fb90","v0":0.04,"v1":0.05},"geometry":{"type":"Polygon","coordinates":[[[-118.8458,45.5147],[-118.7953,45.5827],[-118.76,45.6172],[-118.74,45.6183],[-118.7196,45.6123],[-118.6987,45.5992],[-118.6818,45.5787],[-118.6689,45.5507],[-118.6793,45.5106],[-118.7131,45.4583],[-118.755,45.4293],[-118.805,45.4236],[-118.8403,45.4358],[-118.8608,45.4657],[-118.8458,45.5147]],[[-118.8423,45.5115],[-118.7941,45.5732],[-118.76,45.6053],[-118.74,45.6077],[-118.72,45.6037],[-118.7,45.5933],[-118.6848,45.5752],[-118.6743,45.5495],[-118.6862,45.5121],[-118.7205,45.4631],[-118.7607,45.4359],[-118.8069,45.4307],[-118.8391,45.4412],[-118.8573,45.4675],[-118.8423,45.5115]]]}},{"type":"Feature","properties":{"c":"#00fb90","v0":0.04,"v1":0.05},"geometry":{"type":"Polygon","coordinates":[[[-118.9856,45.2634],[-118.9752,45.2785],[-118.97,45.2787],[-118.97,45.2637],[-118.9752,45.2561],[-118.9856,45.2559],[-118.9856,45.2634]]]}},{"type":"Feature","properties":{"c":"#00fb90","v0":0.04,"v1":0.05},"geometry":{"type":"Polygon","coordinates":[[[-117.324,44.6696],[-117.3147,44.6861],[-117.295,44.6912],[-117.265,44.6848],[-117.225,44.6913],[-117.175,44.7107],[-117.1437,44.7163],[-117.1312,44.7081],[-117.1262,44.6779],[-117.1287,44.6257],[-117.165,44.5617],[-117.235,44.4857],[-117.2787,44.4619],[-117.296,44.4904],[-117.3107,44.5438],[-117.3226,44.6222],[-117.324,44.6696]],[[-117.3173,44.6678],[-117.3124,44.6807],[-117.295,44.6846],[-117.265,44.6794],[-117.225,44.6858],[-117.175,44.704],[-117.145,44.7096],[-117.135,44.7027],[-117.1306,44.6755],[-117.1318,44.6281],[-117.1668,44.5683],[-117.2356,44.496],[-117.2772,44.4711],[-117.2916,44.4934],[-117.304,44.5438],[-117.3144,44.6222],[-117.3173,44.6678]]]}},{"type":"Feature","properties":{"c":"#00fb90","v0":0.04,"v1":0.05},"geometry":{"type":"Polygon","coordinates":[[[-123.6476,44.2096],[-123.6225,44.2202],[-123.5947,44.2202],[-123.5641,44.2096],[-123.5766,44.2043],[-123.6323,44.2043],[-123.6476,44.2096]]]}},{"type":"Feature","properties":{"c":"#00fb90","v0":0.04,"v1":0.05},"geometry":{"type":"Polygon","coordinates":[[[-123.6751,43.9842],[-123.645,44.0037],[-123.61,44.0183],[-123.57,44.028],[-123.54,44.0327],[-123.52,44.0325],[-123.508,44.0286],[-123.5039,44.0213],[-123.5039,44.005],[-123.508,43.9797],[-123.52,43.962],[-123.54,43.9516],[-123.57,43.9462],[-123.6101,43.9458],[-123.6451,43.9528],[-123.6751,43.9672],[-123.6751,43.9842]],[[-123.667,43.9829],[-123.6423,43.9997],[-123.605,44.0133],[-123.555,44.0237],[-123.5248,44.026],[-123.5144,44.0204],[-123.5095,44.0068],[-123.5099,43.9852],[-123.5201,43.9684],[-123.54,43.9565],[-123.57,43.9504],[-123.61,43.9501],[-123.6423,43.9561],[-123.667,43.9683],[-123.667,43.9829]]]}},{"type":"Feature","properties":{"c":"#00fb90","v0":0.04,"v1":0.05},"geometry":{"type":"Polygon","coordinates":[[[-97.5064,36.8748],[-97.4495,36.9708],[-97.4198,37.0387],[-97.4173,37.0786],[-97.4238,37.1105],[-97.4391,37.1344],[-97.432,37.1743],[-97.4024,37.23],[-97.3918,37.2778],[-97.4002,37.3176],[-97.3446,37.3692],[-97.225,37.4328],[-97.1313,37.5204],[-97.0638,37.632],[-97.005,37.702],[-96.955,37.7305],[-96.855,37.8152],[-96.705,37.9557],[-96.5557,38.079],[-96.4071,38.1853],[-96.3162,38.262],[-96.2829,38.3091],[-96.2402,38.3561],[-96.1879,38.4032],[-96.1639,38.4352],[-96.168,38.4522],[-96.18,38.4621],[-96.2,38.4647],[-96.275,38.4349],[-96.405,38.3725],[-96.485,38.3392],[-96.515,38.3352],[-96.5335,38.3644],[-96.5404,38.4268],[-96.5554,38.4657],[-96.5785,38.481],[-96.612,38.4927],[-96.656,38.5009],[-96.678,38.5285],[-96.6779,38.5754],[-96.6862,38.6145],[-96.703,38.6457],[-96.7096,38.6809],[-96.7062,38.7199],[-96.7109,38.7444],[-96.7236,38.7544],[-96.7503,38.7622],[-96.7908,38.7678],[-96.7959,38.8018],[-96.7655,38.8641],[-96.7557,38.9303],[-96.7666,39.0002],[-96.7415,39.0459],[-96.6805,39.0674],[-96.63,39.0929],[-96.59,39.1223],[-96.535,39.1403],[-96.465,39.1468],[-96.345,39.1716],[-96.175,39.2145],[-96.0667,39.2516],[-96.0202,39.2831],[-95.9865,39.3182],[-95.9657,39.3569],[-95.8639,39.4152],[-95.6813,39.4933],[-95.5621,39.5357],[-95.5063,39.5426],[-95.4313,39.5239],[-95.3371,39.4795],[-95.27,39.4587],[-95.23,39.4612],[-95.2018,39.468],[-95.1854,39.4789],[-95.1704,39.5048],[-95.1568,39.5457],[-95.12,39.582],[-95.06,39.6138],[-95.0121,39.6318],[-94.9764,39.6363],[-94.9446,39.6462],[-94.9166,39.6616],[-94.9037,39.677],[-94.9061,39.6924],[-94.9229,39.7024],[-94.9543,39.7069],[-95.0257,39.6953],[-95.1372,39.6677],[-95.2137,39.6539],[-95.2552,39.6539],[-95.277,39.6578],[-95.2793,39.6655],[-95.2596,39.6847],[-95.2179,39.7155],[-95.2203,39.7575],[-95.2668,39.8107],[-95.3,39.8414],[-95.32,39.8495],[-95.38,39.8298],[-95.48,39.782],[-95.5839,39.759],[-95.6917,39.7608],[-95.749,39.7655],[-95.7559,39.7732],[-95.747,39.7853],[-95.7223,39.8019],[-95.65,39.8254],[-95.53,39.8557],[-95.42,39.8754],[-95.32,39.8843],[-95.24,39.9005],[-95.18,39.924],[-95.1453,39.9344],[-95.1358,39.9319],[-95.1449,39.9229],[-95.1727,39.9076],[-95.1865,39.8922],[-95.1863,39.8769],[-95.1622,39.8621],[-95.1141,39.848],[-94.99,39.8513],[-94.79,39.8718],[-94.67,39.8913],[-94.63,39.9099],[-94.56,39.9305],[-94.46,39.9534],[-94.3879,39.9792],[-94.3438,40.0081],[-94.3338,40.0349],[-94.3579,40.0595],[-94.4,40.0846],[-94.46,40.1101],[-94.54,40.1288],[-94.64,40.1407],[-94.815,40.128],[-95.065,40.0907],[-95.275,40.0487],[-95.445,40.0021],[-95.53,39.9831],[-95.53,39.9919],[-95.48,40.0214],[-95.38,40.0718],[-95.3145,40.1166],[-95.2836,40.1559],[-95.2363,40.1946],[-95.1726,40.2328],[-95.1322,40.2672],[-95.1149,40.2977],[-95.1224,40.3244],[-95.1546,40.3472],[-95.1527,40.3739],[-95.1165,40.4044],[-95.0463,40.4434],[-94.9421,40.491],[-94.8831,40.529],[-94.8692,40.5575],[-94.8792,40.5813],[-94.9131,40.6006],[-94.945,40.6114],[-94.975,40.6139],[-95.05,40.6],[-95.17,40.5699],[-95.255,40.553],[-95.305,40.5495],[-95.355,40.5517],[-95.405,40.5597],[-95.4895,40.5543],[-95.6084,40.5355],[-95.6484,40.5584],[-95.6095,40.6228],[-95.505,40.6812],[-95.335,40.7336],[-95.2419,40.7658],[-95.2257,40.778],[-95.2257,40.7884],[-95.2419,40.7969],[-95.31,40.7937],[-95.43,40.7788],[-95.575,40.7501],[-95.745,40.7074],[-95.875,40.6894],[-95.965,40.6961],[-96.065,40.6817],[-96.175,40.6464],[-96.2296,40.6373],[-96.2289,40.6543],[-96.1899,40.6856],[-96.1126,40.731],[-96.05,40.7954],[-96.0024,40.8787],[-95.9864,40.9257],[-96.0021,40.9367],[-96.075,40.929],[-96.205,40.9025],[-96.2818,40.9008],[-96.3055,40.9238],[-96.2925,40.958],[-96.2429,41.0033],[-96.1711,41.0374],[-96.077,41.0602],[-95.92,41.1294],[-95.7,41.2449],[-95.5789,41.3124],[-95.5568,41.3322],[-95.5447,41.3533],[-95.5427,41.3758],[-95.5537,41.3933],[-95.5779,41.4057],[-95.65,41.4141],[-95.77,41.4185],[-95.9,41.439],[-96.04,41.4758],[-96.135,41.4944],[-96.185,41.4948],[-96.26,41.5159],[-96.36,41.5575],[-96.43,41.5771],[-96.47,41.5746],[-96.5274,41.5605],[-96.6023,41.5348],[-96.6623,41.5213],[-96.7074,41.52],[-96.755,41.5254],[-96.805,41.5376],[-96.8352,41.5607],[-96.8456,41.5948],[-96.8606,41.6186],[-96.8802,41.6323],[-96.92,41.6196],[-96.98,41.5806],[-97.0259,41.5588],[-97.0576,41.5542],[-97.0676,41.5682],[-97.0559,41.6006],[-97.035,41.6278],[-97.005,41.6496],[-96.96,41.6575],[-96.9,41.6513],[-96.845,41.6863],[-96.795,41.7625],[-96.7129,41.8391],[-96.5988,41.9163],[-96.5423,41.966],[-96.5434,41.9883],[-96.5562,42.0106],[-96.5807,42.0329],[-96.5819,42.0589],[-96.5598,42.0886],[-96.5394,42.1331],[-96.5208,42.1924],[-96.4068,42.2886],[-96.1976,42.4217],[-96.0179,42.5286],[-95.8676,42.6096],[-95.7518,42.662],[-95.6706,42.6857],[-95.575,42.6852],[-95.465,42.6604],[-95.25,42.6542],[-94.93,42.6666],[-94.756,42.6671],[-94.728,42.6558],[-94.715,42.6464],[-94.7171,42.6391],[-94.7425,42.6207],[-94.7912,42.5912],[-94.8151,42.5618],[-94.8143,42.5323],[-94.8793,42.4881],[-95.0104,42.4291],[-95.0837,42.3884],[-95.0994,42.3663],[-95.0979,42.3481],[-95.0793,42.3338],[-95.025,42.3274],[-94.935,42.3289],[-94.825,42.3431],[-94.695,42.3699],[-94.54,42.388],[-94.36,42.3975],[-94.2446,42.3942],[-94.1938,42.378],[-94.1538,42.3467],[-94.1246,42.3002],[-94.08,42.2612],[-94.02,42.2297],[-93.965,42.2074],[-93.915,42.1941],[-93.835,42.1873],[-93.725,42.1869],[-93.525,42.1595],[-93.235,42.1051],[-92.9442,42.0768],[-92.6525,42.0748],[-92.4827,42.0663],[-92.4347,42.0515],[-92.4005,42.0343],[-92.3802,42.0149],[-92.315,41.9792],[-92.205,41.9271],[-92.0201,41.8624],[-91.7603,41.785],[-91.5103,41.6993],[-91.2701,41.6054],[-91.115,41.55],[-91.045,41.5333],[-90.98,41.5243],[-90.92,41.5231],[-90.8543,41.4849],[-90.7828,41.4097],[-90.7428,41.3568],[-90.7343,41.3263],[-90.72,41.3047],[-90.7,41.2919],[-90.65,41.2816],[-90.57,41.2736],[-90.49,41.2781],[-90.41,41.295],[-90.35,41.3167],[-90.31,41.3431],[-90.27,41.3567],[-90.23,41.3575],[-90.18,41.3426],[-90.12,41.312],[-90.075,41.2804],[-90.045,41.2478],[-89.99,41.2153],[-89.91,41.1829],[-89.85,41.1776],[-89.81,41.1995],[-89.755,41.2068],[-89.685,41.1997],[-89.63,41.2007],[-89.59,41.2098],[-89.56,41.2247],[-89.54,41.2454],[-89.52,41.2553],[-89.5,41.2544],[-89.475,41.2384],[-89.445,41.2072],[-89.39,41.1803],[-89.31,41.1578],[-89.26,41.1234],[-89.24,41.0771],[-89.21,41.0421],[-89.17,41.0186],[-89.135,40.9852],[-89.105,40.942],[-89.04,40.8814],[-88.94,40.8034],[-88.7545,40.7011],[-88.4835,40.5744],[-88.3485,40.5012],[-88.3495,40.4816],[-88.415,40.4745],[-88.545,40.4799],[-88.625,40.4756],[-88.655,40.4618],[-88.6708,40.4461],[-88.6725,40.4284],[-88.6625,40.41],[-88.6408,40.3907],[-88.5847,40.3678],[-88.4941,40.3414],[-88.4591,40.3227],[-88.4797,40.3117],[-88.55,40.3223],[-88.67,40.3543],[-88.7277,40.3865],[-88.7231,40.4187],[-88.7269,40.4501],[-88.739,40.4805],[-88.7612,40.5056],[-88.7937,40.5253],[-88.835,40.5399],[-88.885,40.5491],[-88.925,40.5531],[-88.955,40.5518],[-88.9826,40.5449],[-89.0079,40.5324],[-89.0255,40.5147],[-89.0355,40.4919],[-89.0303,40.4615],[-89.0101,40.4234],[-89.0175,40.3987],[-89.0525,40.3872],[-89.095,40.3832],[-89.145,40.3865],[-89.205,40.3984],[-89.275,40.419],[-89.385,40.4341],[-89.535,40.444],[-89.735,40.4674],[-89.985,40.5045],[-90.1236,40.5162],[-90.1509,40.5025],[-90.1546,40.4767],[-90.1349,40.4386],[-90.1013,40.4068],[-90.0538,40.3813],[-89.9717,40.3546],[-89.8552,40.3268],[-89.7952,40.2977],[-89.7917,40.2673],[-89.84,40.2437],[-89.94,40.227],[-90.01,40.2097],[-90.05,40.1918],[-90.105,40.1947],[-90.175,40.2183],[-90.23,40.23],[-90.27,40.2299],[-90.315,40.2158],[-90.365,40.1876],[-90.42,40.1819],[-90.48,40.1988],[-90.615,40.2181],[-90.825,40.2398],[-90.9418,40.2433],[-90.9654,40.2287],[-90.9804,40.1986],[-90.9868,40.1529],[-91.0074,40.1224],[-91.0422,40.1068],[-91.0563,40.0838],[-91.0498,40.0532],[-91.0535,40.034],[-91.0674,40.0264],[-91.1097,40.0264],[-91.1804,40.034],[-91.2218,40.0417],[-91.2338,40.0493],[-91.2296,40.0685],[-91.209,40.0991],[-91.2042,40.122],[-91.2151,40.1373],[-91.2329,40.1506],[-91.2576,40.1618],[-91.29,40.1674],[-91.33,40.1674],[-91.375,40.1772],[-91.425,40.1969],[-91.4731,40.2295],[-91.5194,40.275],[-91.5544,40.3023],[-91.5781,40.3115],[-91.605,40.3129],[-91.635,40.3065],[-91.6613,40.2943],[-91.6838,40.2762],[-91.7188,40.2637],[-91.7663,40.2568],[-91.81,40.2391],[-91.85,40.2107],[-91.925,40.2019],[-92.035,40.2127],[-92.125,40.2132],[-92.195,40.2032],[-92.248,40.1849],[-92.2839,40.1583],[-92.2939,40.1288],[-92.278,40.0964],[-92.295,40.0694],[-92.345,40.0478],[-92.4,40.0318],[-92.46,40.0212],[-92.5114,39.9985],[-92.5541,39.9634],[-92.6241,39.9407],[-92.7214,39.9304],[-92.795,39.9144],[-92.845,39.8927],[-92.88,39.8711],[-92.9,39.8496],[-92.94,39.8362],[-93.0,39.831],[-93.055,39.817],[-93.105,39.7942],[-93.16,39.7801],[-93.22,39.7746],[-93.2735,39.7578],[-93.3204,39.7296],[-93.3514,39.7001],[-93.3665,39.6693],[-93.368,39.6446],[-93.356,39.6261],[-93.305,39.5972],[-93.215,39.5579],[-93.145,39.5349],[-93.095,39.5284],[-93.0355,39.5111],[-92.9665,39.4829],[-92.9215,39.4539],[-92.9005,39.4241],[-92.855,39.3834],[-92.785,39.3321],[-92.7392,39.2851],[-92.7175,39.2426],[-92.6703,39.1904],[-92.5976,39.1284],[-92.5478,39.0663],[-92.5208,39.0041],[-92.5152,38.9419],[-92.531,38.8797],[-92.5566,38.8393],[-92.5922,38.8207],[-92.655,38.8158],[-92.745,38.8245],[-92.825,38.8203],[-92.895,38.8033],[-92.965,38.7943],[-93.035,38.7933],[-93.09,38.7786],[-93.13,38.7503],[-93.215,38.7589],[-93.345,38.8044],[-93.455,38.8341],[-93.545,38.8479],[-93.69,38.8569],[-93.89,38.8611],[-94.04,38.8791],[-94.14,38.9108],[-94.21,38.9237],[-94.25,38.9177],[-94.2836,38.9059],[-94.3108,38.8884],[-94.3308,38.8668],[-94.3436,38.8412],[-94.4018,38.8178],[-94.5054,38.7967],[-94.5856,38.7706],[-94.6424,38.7394],[-94.6748,38.716],[-94.6826,38.7004],[-94.6793,38.6809],[-94.665,38.6574],[-94.6617,38.634],[-94.6693,38.6106],[-94.7073,38.578],[-94.7758,38.5363],[-94.8278,38.4972],[-94.8633,38.4606],[-94.8779,38.4228],[-94.8715,38.3836],[-94.8919,38.3483],[-94.9393,38.3169],[-94.9705,38.2777],[-94.9857,38.2306],[-95.0128,38.1834],[-95.0519,38.1362],[-95.0585,38.0929],[-95.0326,38.0536],[-95.0214,38.026],[-95.0248,38.0103],[-95.0974,37.9913],[-95.2391,37.9691],[-95.335,37.9478],[-95.385,37.9275],[-95.4332,37.8873],[-95.4797,37.8272],[-95.5995,37.7419],[-95.7927,37.6311],[-95.8933,37.5558],[-95.9014,37.5161],[-95.875,37.4685],[-95.8141,37.4129],[-95.7995,37.3533],[-95.8312,37.2897],[-95.9568,37.1982],[-96.1765,37.0786],[-96.3173,36.982],[-96.3791,36.9084],[-96.445,36.8615],[-96.515,36.8411],[-96.5761,36.8098],[-96.6284,36.7678],[-96.7242,36.7187],[-96.8635,36.6625],[-96.9424,36.6144],[-96.9608,36.5741],[-96.99,36.54],[-97.03,36.5119],[-97.0557,36.4999],[-97.067,36.5039],[-97.0589,36.5421],[-97.0312,36.6144],[-97.0272,36.6665],[-97.0467,36.6986],[-97.0373,36.7347],[-96.9989,36.7748],[-96.9823,36.8132],[-96.9874,36.8499],[-97.0,36.8682],[-97.02,36.8681],[-97.055,36.8565],[-97.105,36.8332],[-97.15,36.8275],[-97.19,36.8394],[-97.25,36.787],[-97.33,36.67],[-97.385,36.5996],[-97.415,36.5759],[-97.4328,36.5897],[-97.4383,36.6409],[-97.453,36.6946],[-97.4768,36.7507],[-97.5002,36.7908],[-97.5233,36.8148],[-97.5064,36.8748]],[[-97.0566,41.587],[-97.0255,41.6273],[-97.0,41.6509],[-96.98,41.658],[-96.9569,41.6565],[-96.9308,41.6467],[-96.9408,41.6224],[-96.9869,41.5839],[-97.02,41.5613],[-97.04,41.5547],[-97.0555,41.5553],[-97.0666,41.563],[-97.0566,41.587]],[[-97.5036,36.8748],[-97.4469,36.9708],[-97.4169,37.0387],[-97.4134,37.0786],[-97.4196,37.1105],[-97.4355,37.1344],[-97.4285,37.1743],[-97.3988,37.23],[-97.3863,37.2778],[-97.3911,37.3176],[-97.333,37.3692],[-97.212,37.4328],[-97.1196,37.5201],[-97.0557,37.6311],[-97.0003,37.7003],[-96.9534,37.7279],[-96.855,37.8122],[-96.705,37.9529],[-96.555,38.0765],[-96.405,38.1831],[-96.2872,38.284],[-96.2015,38.3792],[-96.1615,38.4362],[-96.1672,38.4552],[-96.18,38.4657],[-96.2,38.4679],[-96.275,38.4376],[-96.405,38.3748],[-96.485,38.3419],[-96.515,38.3388],[-96.5323,38.3675],[-96.5368,38.4279],[-96.55,38.4659],[-96.5719,38.4815],[-96.6056,38.4933],[-96.6513,38.5011],[-96.6772,38.5637],[-96.6836,38.6809],[-96.7155,38.7511],[-96.7732,38.7745],[-96.7876,38.8135],[-96.7586,38.868],[-96.7481,38.9303],[-96.7563,39.0002],[-96.7327,39.0437],[-96.6776,39.0607],[-96.63,39.0843],[-96.59,39.1146],[-96.45,39.1537],[-96.21,39.2016],[-96.0627,39.2439],[-96.0081,39.2805],[-95.9692,39.3182],[-95.9462,39.3569],[-95.8935,39.3956],[-95.8112,39.4343],[-95.7567,39.4536],[-95.73,39.4535],[-95.7146,39.4457],[-95.7106,39.4303],[-95.6989,39.4207],[-95.6796,39.417],[-95.6661,39.4209],[-95.6582,39.4323],[-95.6644,39.4457],[-95.6846,39.4612],[-95.6928,39.4727],[-95.689,39.4805],[-95.6528,39.4955],[-95.5843,39.5177],[-95.5402,39.5254],[-95.5205,39.5186],[-95.5255,39.5062],[-95.5552,39.4883],[-95.57,39.4735],[-95.57,39.462],[-95.525,39.4613],[-95.435,39.4716],[-95.3752,39.4709],[-95.3455,39.4593],[-95.3355,39.4453],[-95.3452,39.4291],[-95.375,39.4197],[-95.425,39.4171],[-95.4646,39.402],[-95.4938,39.3745],[-95.5066,39.3491],[-95.5029,39.3259],[-95.4933,39.3105],[-95.4778,39.303],[-95.4447,39.303],[-95.394,39.3105],[-95.354,39.3329],[-95.3247,39.37],[-95.275,39.4089],[-95.205,39.4497],[-95.1644,39.493],[-95.1532,39.5386],[-95.1182,39.5775],[-95.0594,39.6097],[-95.002,39.6328],[-94.946,39.6469],[-94.9099,39.6616],[-94.8938,39.677],[-94.888,39.6886],[-94.8924,39.6963],[-94.9285,39.7018],[-94.9962,39.7052],[-95.0851,39.6937],[-95.1954,39.6672],[-95.2559,39.6578],[-95.2666,39.6655],[-95.2541,39.6809],[-95.2184,39.704],[-95.1994,39.7232],[-95.1973,39.7386],[-95.2246,39.7763],[-95.2815,39.8363],[-95.32,39.8658],[-95.34,39.8649],[-95.395,39.8388],[-95.485,39.7873],[-95.5813,39.7615],[-95.6839,39.7616],[-95.7392,39.7655],[-95.7473,39.7732],[-95.741,39.7847],[-95.7203,39.8002],[-95.635,39.8249],[-95.485,39.8589],[-95.365,39.8775],[-95.275,39.8806],[-95.21,39.8733],[-95.17,39.8556],[-95.125,39.8439],[-95.075,39.8383],[-94.96,39.8456],[-94.78,39.8658],[-94.615,39.8985],[-94.465,39.9436],[-94.372,39.9764],[-94.3359,39.9969],[-94.3186,40.0149],[-94.3201,40.0302],[-94.3431,40.0548],[-94.3877,40.0888],[-94.435,40.1144],[-94.485,40.1317],[-94.55,40.1431],[-94.63,40.1485],[-94.8,40.1319],[-95.06,40.0934],[-95.255,40.0597],[-95.385,40.031],[-95.367,40.0793],[-95.2011,40.2046],[-95.1131,40.2786],[-95.1031,40.3015],[-95.111,40.3212],[-95.137,40.3379],[-95.1502,40.3531],[-95.1506,40.367],[-95.1358,40.3853],[-95.1055,40.4082],[-95.0395,40.4424],[-94.9378,40.4881],[-94.8791,40.5185],[-94.8634,40.5337],[-94.8565,40.5527],[-94.8583,40.5755],[-94.8919,40.5948],[-94.9573,40.6105],[-95.0524,40.6029],[-95.1772,40.572],[-95.2822,40.5594],[-95.3674,40.5651],[-95.47,40.5595],[-95.59,40.5426],[-95.635,40.5637],[-95.605,40.6226],[-95.505,40.6783],[-95.335,40.7308],[-95.2402,40.7638],[-95.2205,40.7773],[-95.2205,40.789],[-95.2402,40.799],[-95.31,40.7964],[-95.43,40.7815],[-95.57,40.7537],[-95.73,40.7132],[-95.86,40.6949],[-95.96,40.699],[-96.065,40.6837],[-96.175,40.6489],[-96.232,40.6356],[-96.2359,40.6436],[-96.2297,40.6552],[-96.2132,40.6704],[-96.1713,40.6969],[-96.1038,40.7348],[-96.0457,40.7954],[-95.997,40.8787],[-95.982,40.9268],[-96.0007,40.9401],[-96.05,40.9355],[-96.13,40.913],[-96.195,40.9001],[-96.245,40.8966],[-96.28,40.905],[-96.2999,40.9252],[-96.285,40.958],[-96.2354,41.0033],[-96.1655,41.0367],[-96.0752,41.0582],[-95.92,41.1263],[-95.7,41.2411],[-95.5757,41.313],[-95.5471,41.3424],[-95.5359,41.3683],[-95.5421,41.3909],[-95.5663,41.4071],[-95.6088,41.417],[-95.68,41.4237],[-95.78,41.4271],[-95.86,41.4392],[-95.92,41.4601],[-96.015,41.4773],[-96.145,41.491],[-96.26,41.5191],[-96.36,41.5617],[-96.43,41.5813],[-96.47,41.5781],[-96.535,41.5633],[-96.625,41.5368],[-96.7103,41.5306],[-96.7909,41.5449],[-96.8311,41.5894],[-96.831,41.6641],[-96.8157,41.7252],[-96.7852,41.7726],[-96.73,41.8255],[-96.65,41.8841],[-96.59,41.9108],[-96.55,41.9056],[-96.507,41.9123],[-96.4611,41.9307],[-96.4361,41.9488],[-96.432,41.9664],[-96.45,41.9762],[-96.49,41.9783],[-96.5264,41.9955],[-96.5592,42.0279],[-96.5592,42.0866],[-96.5264,42.1717],[-96.4454,42.2569],[-96.3163,42.3422],[-96.1341,42.4512],[-95.8988,42.5839],[-95.7434,42.6597],[-95.6678,42.6787],[-95.575,42.6772],[-95.465,42.6552],[-95.27,42.6526],[-94.99,42.6694],[-94.83,42.6757],[-94.79,42.6716],[-94.758,42.6647],[-94.7341,42.655],[-94.7227,42.6464],[-94.7241,42.6391],[-94.7487,42.6207],[-94.7966,42.5912],[-94.8213,42.5618],[-94.8229,42.5323],[-94.8883,42.4881],[-95.0176,42.4291],[-95.0916,42.3884],[-95.1102,42.3663],[-95.1105,42.3478],[-95.0927,42.333],[-95.0354,42.326],[-94.9385,42.3266],[-94.825,42.3401],[-94.695,42.3664],[-94.54,42.3846],[-94.36,42.3948],[-94.2477,42.3924],[-94.203,42.3774],[-94.163,42.345],[-94.1277,42.2951],[-94.06,42.2491],[-93.96,42.207],[-93.85,42.1848],[-93.73,42.1826],[-93.525,42.1549],[-93.235,42.1018],[-92.94,42.0727],[-92.64,42.0677],[-92.405,42.0235],[-92.235,41.9399],[-92.0227,41.8602],[-91.768,41.7843],[-91.513,41.6964],[-91.2577,41.5967],[-91.1,41.5394],[-91.04,41.5248],[-90.985,41.5168],[-90.935,41.5153],[-90.8845,41.494],[-90.8334,41.4527],[-90.7934,41.416],[-90.7645,41.3837],[-90.7467,41.3537],[-90.7401,41.3259],[-90.7251,41.3046],[-90.7017,41.2896],[-90.645,41.2785],[-90.555,41.271],[-90.47,41.2766],[-90.39,41.2954],[-90.335,41.3156],[-90.305,41.3374],[-90.275,41.3491],[-90.245,41.3508],[-90.195,41.3351],[-90.125,41.302],[-90.075,41.2698],[-90.045,41.2385],[-89.99,41.2063],[-89.91,41.1733],[-89.86,41.1582],[-89.84,41.1609],[-89.82,41.1712],[-89.8,41.1888],[-89.765,41.1946],[-89.715,41.1886],[-89.665,41.189],[-89.615,41.1957],[-89.5695,41.2122],[-89.5285,41.2387],[-89.4885,41.234],[-89.4495,41.1981],[-89.3944,41.1717],[-89.3232,41.155],[-89.2737,41.1202],[-89.246,41.0674],[-89.2116,41.0303],[-89.1705,41.0089],[-89.135,40.9764],[-89.105,40.9329],[-89.04,40.8732],[-88.94,40.7972],[-88.7746,40.7086],[-88.5439,40.6073],[-88.4089,40.5427],[-88.3696,40.515],[-88.3498,40.496],[-88.3493,40.4857],[-88.3593,40.4795],[-88.3798,40.4774],[-88.4616,40.4812],[-88.6047,40.4909],[-88.6797,40.4815],[-88.6866,40.4532],[-88.695,40.4375],[-88.705,40.4346],[-88.7174,40.4526],[-88.7321,40.4915],[-88.7621,40.5196],[-88.8074,40.5369],[-88.865,40.548],[-88.935,40.553],[-88.9894,40.5443],[-89.0282,40.5221],[-89.038,40.4843],[-89.0189,40.431],[-89.0295,40.3998],[-89.0698,40.3906],[-89.14,40.3971],[-89.24,40.4193],[-89.37,40.4365],[-89.53,40.4486],[-89.72,40.4729],[-89.94,40.5094],[-90.07,40.5267],[-90.11,40.5248],[-90.1384,40.5207],[-90.1551,40.5142],[-90.166,40.5033],[-90.171,40.4881],[-90.1576,40.4581],[-90.1259,40.4133],[-90.095,40.3838],[-90.065,40.3696],[-89.9901,40.3502],[-89.8703,40.3253],[-89.8044,40.3053],[-89.7925,40.29],[-89.7924,40.2753],[-89.8041,40.2611],[-89.855,40.2471],[-89.945,40.2336],[-90.01,40.2188],[-90.05,40.2029],[-90.095,40.2045],[-90.145,40.2235],[-90.2,40.2336],[-90.26,40.2347],[-90.315,40.2216],[-90.365,40.1943],[-90.42,40.1888],[-90.48,40.2052],[-90.615,40.2244],[-90.825,40.2463],[-90.9487,40.2483],[-90.9861,40.2303],[-91.0031,40.2061],[-90.9999,40.1755],[-91.0205,40.145],[-91.0651,40.1144],[-91.0801,40.0838],[-91.0655,40.0532],[-91.0661,40.0356],[-91.082,40.0312],[-91.11,40.0293],[-91.15,40.03],[-91.1844,40.0361],[-91.2132,40.0475],[-91.2032,40.0727],[-91.1544,40.1117],[-91.2052,40.1537],[-91.3557,40.1988],[-91.4707,40.2469],[-91.5502,40.2979],[-91.66,40.3002],[-91.8,40.2538],[-91.955,40.2279],[-92.125,40.2224],[-92.2317,40.2086],[-92.2751,40.1866],[-92.301,40.1679],[-92.3095,40.1526],[-92.3107,40.1297],[-92.3048,40.0991],[-92.3189,40.0752],[-92.353,40.0581],[-92.405,40.0403],[-92.475,40.0218],[-92.5228,39.9997],[-92.5485,39.9741],[-92.5729,39.9574],[-92.5959,39.9497],[-92.6431,39.9445],[-92.7144,39.9417],[-92.7998,39.9302],[-92.8993,39.91],[-92.9481,39.8884],[-92.9464,39.8653],[-93.0166,39.8373],[-93.1589,39.8044],[-93.255,39.7748],[-93.305,39.7486],[-93.3447,39.7151],[-93.3741,39.6743],[-93.3791,39.6405],[-93.3597,39.6137],[-93.305,39.5834],[-93.215,39.5497],[-93.14,39.5285],[-93.0801,39.5196],[-93.0258,39.5036],[-92.977,39.4805],[-92.9087,39.4303],[-92.8209,39.353],[-92.7614,39.2911],[-92.7302,39.2446],[-92.6831,39.1943],[-92.6201,39.14],[-92.5722,39.0818],[-92.5394,39.0197],[-92.5244,38.9614],[-92.5274,38.9069],[-92.5346,38.8719],[-92.546,38.8563],[-92.5663,38.841],[-92.5954,38.826],[-92.655,38.8221],[-92.745,38.8294],[-92.825,38.8247],[-92.895,38.8079],[-92.965,38.7991],[-93.035,38.7981],[-93.09,38.7846],[-93.13,38.7587],[-93.21,38.7659],[-93.33,38.8064],[-93.435,38.8338],[-93.525,38.8481],[-93.675,38.8583],[-93.885,38.8644],[-94.04,38.8829],[-94.14,38.914],[-94.21,38.9262],[-94.25,38.9197],[-94.2843,38.9072],[-94.3129,38.8889],[-94.3329,38.8685],[-94.3443,38.8461],[-94.4037,38.8227],[-94.5111,38.7984],[-94.5941,38.7706],[-94.6528,38.7394],[-94.687,38.7121],[-94.6966,38.6887],[-94.6935,38.6692],[-94.6778,38.6535],[-94.6725,38.634],[-94.6777,38.6106],[-94.7287,38.5637],[-94.8255,38.4933],[-94.8786,38.4502],[-94.8878,38.4345],[-94.8886,38.411],[-94.8809,38.3797],[-94.8994,38.3483],[-94.9443,38.3169],[-94.9752,38.2777],[-94.9922,38.2306],[-95.0203,38.1834],[-95.0596,38.1362],[-95.0669,38.0874],[-95.0423,38.0369],[-95.1,37.9997],[-95.24,37.9758],[-95.335,37.9532],[-95.385,37.9319],[-95.436,37.8902],[-95.4879,37.8282],[-95.6092,37.7419],[-95.8001,37.6311],[-95.9004,37.5558],[-95.9103,37.5161],[-95.884,37.4685],[-95.8217,37.4129],[-95.8053,37.3547],[-95.8351,37.2937],[-95.96,37.2021],[-96.1801,37.0799],[-96.3201,36.9833],[-96.38,36.9123],[-96.445,36.8666],[-96.515,36.8459],[-96.5777,36.8134],[-96.633,36.769],[-96.708,36.7245],[-96.8027,36.68],[-96.8731,36.6519],[-96.9193,36.6403],[-96.9543,36.6105],[-96.9781,36.5626],[-97.005,36.5304],[-97.035,36.5138],[-97.0405,36.5418],[-97.0215,36.6143],[-97.0216,36.6665],[-97.0409,36.6986],[-97.0293,36.7427],[-96.9866,36.7988],[-96.9715,36.8427],[-96.9838,36.8743],[-97.02,36.875],[-97.08,36.8445],[-97.135,36.8348],[-97.185,36.8457],[-97.25,36.7922],[-97.33,36.6742],[-97.385,36.6041],[-97.415,36.5822],[-97.4409,36.6191],[-97.4626,36.7149],[-97.4881,36.7788],[-97.5173,36.8108],[-97.5036,36.8748]],[[-95.4919,39.3569],[-95.4784,39.38],[-95.4612,39.3962],[-95.4404,39.4052],[-95.415,39.408],[-95.385,39.4045],[-95.363,39.3961],[-95.3489,39.3828],[-95.3462,39.3646],[-95.3546,39.3414],[-95.3716,39.3229],[-95.3972,39.3091],[-95.425,39.3038],[-95.455,39.3072],[-95.4772,39.3179],[-95.4915,39.3361],[-95.4919,39.3569]]]}},{"type":"Feature","properties":{"c":"#00fb90","v0":0.04,"v1":0.05},"geometry":{"type":"Polygon","coordinates":[[[-75.6341,36.4134],[-75.6202,36.5823],[-75.5975,36.6795],[-75.5658,36.7054],[-75.5426,36.7414],[-75.5277,36.7877],[-75.5164,36.8708],[-75.5088,36.9908],[-75.5127,37.0706],[-75.5281,37.1105],[-75.5289,37.1503],[-75.5152,37.1902],[-75.5155,37.2539],[-75.53,37.3414],[-75.5057,37.401],[-75.4426,37.4328],[-75.3886,37.4725],[-75.3438,37.5201],[-75.3021,37.5558],[-75.2634,37.5796],[-75.2405,37.618],[-75.2335,37.6712],[-75.21,37.7054],[-75.17,37.7207],[-75.1416,37.7376],[-75.1248,37.7563],[-75.1063,37.8011],[-75.0862,37.8722],[-75.0629,37.9235],[-75.0363,37.9551],[-74.9947,38.034],[-74.9382,38.1601],[-74.8748,38.2622],[-74.8044,38.3405],[-74.6836,38.5363],[-74.5123,38.8485],[-74.3875,39.044],[-74.3092,39.1237],[-74.2261,39.1819],[-74.1383,39.2186],[-74.0721,39.2872],[-74.0274,39.3878],[-73.9032,39.5538],[-73.6994,39.7847],[-73.5944,39.9076],[-73.5881,39.9229],[-73.6006,39.9727],[-73.6319,40.057],[-73.6381,40.1121],[-73.6194,40.138],[-73.5813,40.1686],[-73.524,40.2038],[-73.4866,40.2519],[-73.469,40.3129],[-73.4333,40.3549],[-73.3795,40.3777],[-73.3119,40.3959],[-73.2306,40.4094],[-73.12,40.4517],[-72.98,40.5228],[-72.885,40.5583],[-72.835,40.5583],[-72.795,40.5645],[-72.765,40.577],[-72.6943,40.6411],[-72.583,40.7567],[-72.523,40.8329],[-72.5143,40.8699],[-72.4955,40.9077],[-72.4665,40.9463],[-72.4329,40.9769],[-72.3947,40.9995],[-72.3592,41.0327],[-72.3264,41.0764],[-72.3,41.1002],[-72.28,41.1042],[-72.255,41.1015],[-72.225,41.092],[-72.195,41.0919],[-72.165,41.1013],[-72.125,41.1311],[-72.075,41.1814],[-72.04,41.21],[-72.02,41.2171],[-71.96,41.2129],[-71.86,41.1976],[-71.795,41.1914],[-71.765,41.1942],[-71.7201,41.2172],[-71.6604,41.2604],[-71.5754,41.3084],[-71.4651,41.3612],[-71.338,41.41],[-71.1939,41.4547],[-71.0815,41.5108],[-71.0007,41.5782],[-70.9436,41.6193],[-70.9102,41.6342],[-70.8833,41.6567],[-70.863,41.6865],[-70.8322,41.7093],[-70.7907,41.7249],[-70.74,41.7355],[-70.68,41.7413],[-70.61,41.7639],[-70.53,41.8034],[-70.44,41.8746],[-70.34,41.9773],[-70.26,42.0403],[-70.2,42.0637],[-70.15,42.0923],[-70.11,42.1261],[-70.03,42.1541],[-69.91,42.1764],[-69.8,42.2077],[-69.7,42.2482],[-69.615,42.266],[-69.545,42.2614],[-69.4832,42.2831],[-69.4296,42.3312],[-69.4044,42.3774],[-69.4077,42.4217],[-69.4211,42.4623],[-69.4448,42.4991],[-69.435,42.5368],[-69.3917,42.5753],[-69.3582,42.59],[-69.3346,42.581],[-69.3217,42.5655],[-69.3194,42.5434],[-69.2995,42.5028],[-69.2618,42.4438],[-69.2097,42.4015],[-69.1432,42.376],[-69.085,42.3439],[-69.035,42.3053],[-69.0025,42.2626],[-68.9874,42.2158],[-68.9574,42.1872],[-68.9125,42.1768],[-68.874,42.1619],[-68.8419,42.1427],[-68.8069,42.1005],[-68.769,42.0353],[-68.7317,42.0056],[-68.6952,42.0114],[-68.6352,42.0313],[-68.5517,42.0651],[-68.435,42.0816],[-68.285,42.0806],[-68.18,42.0926],[-68.12,42.1175],[-68.06,42.1185],[-68.0,42.0956],[-67.94,42.0835],[-67.88,42.0822],[-67.815,42.1034],[-67.745,42.147],[-67.6492,42.1673],[-67.5276,42.1643],[-67.4651,42.1516],[-67.4618,42.1294],[-67.4476,42.1047],[-67.4225,42.0776],[-67.4122,42.0517],[-67.4166,42.0268],[-67.4072,42.0032],[-67.3839,41.9809],[-67.3752,41.9548],[-67.3811,41.9251],[-67.3632,41.8953],[-67.3212,41.8655],[-67.2954,41.8134],[-67.2857,41.7388],[-67.2682,41.6912],[-67.2427,41.6706],[-67.22,41.6592],[-67.2,41.6571],[-67.17,41.6688],[-67.13,41.6942],[-67.0982,41.6944],[-67.0746,41.6692],[-67.0976,41.6268],[-67.1673,41.5669],[-67.2141,41.496],[-67.238,41.414],[-67.274,41.3464],[-67.322,41.2934],[-67.3432,41.2557],[-67.3377,41.2331],[-67.3146,41.2143],[-67.2737,41.1993],[-67.247,41.1767],[-67.2345,41.1466],[-67.2501,41.0825],[-67.2937,40.9844],[-67.3312,40.924],[-67.3625,40.9013],[-67.3967,40.8635],[-67.4336,40.8106],[-67.4465,40.7708],[-67.4355,40.7442],[-67.38,40.7139],[-67.28,40.68],[-67.2322,40.6554],[-67.2366,40.6401],[-67.2616,40.6327],[-67.3072,40.6332],[-67.3479,40.6105],[-67.3836,40.5644],[-67.4186,40.5346],[-67.4529,40.5213],[-67.485,40.5165],[-67.515,40.5203],[-67.555,40.5121],[-67.605,40.4918],[-67.715,40.3815],[-67.885,40.1807],[-67.9778,40.081],[-67.9933,40.0829],[-68.0036,40.0952],[-68.0086,40.1182],[-68.0258,40.1475],[-68.0553,40.183],[-68.08,40.2029],[-68.1,40.2071],[-68.1223,40.2046],[-68.1469,40.1954],[-68.1751,40.1717],[-68.2068,40.1335],[-68.2345,40.0849],[-68.2582,40.0259],[-68.32,39.9742],[-68.42,39.9298],[-68.4844,39.8941],[-68.5133,39.8673],[-68.5383,39.8315],[-68.5594,39.787],[-68.59,39.7665],[-68.63,39.7703],[-68.6992,39.7465],[-68.7977,39.695],[-68.8577,39.6689],[-68.8792,39.668],[-68.9026,39.6872],[-68.9279,39.7266],[-68.9466,39.7847],[-68.9586,39.8615],[-68.971,39.9074],[-68.9837,39.9224],[-69.0,39.9321],[-69.02,39.9365],[-69.0379,39.9328],[-69.0537,39.9211],[-69.0818,39.873],[-69.1221,39.7885],[-69.1792,39.7493],[-69.2531,39.7554],[-69.32,39.7472],[-69.38,39.7248],[-69.4477,39.6717],[-69.5232,39.588],[-69.5605,39.5036],[-69.5597,39.4187],[-69.5707,39.3453],[-69.5937,39.2834],[-69.6038,39.2369],[-69.601,39.2059],[-69.6122,39.1895],[-69.6374,39.1877],[-69.67,39.201],[-69.71,39.2294],[-69.755,39.239],[-69.805,39.23],[-69.8416,39.2089],[-69.8649,39.1759],[-69.8797,39.1284],[-69.886,39.0663],[-69.8943,39.0296],[-69.9048,39.0185],[-69.9348,39.0263],[-69.9843,39.0529],[-70.0343,39.0911],[-70.0848,39.1408],[-70.13,39.1675],[-70.17,39.1714],[-70.205,39.1686],[-70.235,39.1593],[-70.261,39.1364],[-70.283,39.1],[-70.288,39.0313],[-70.276,38.9301],[-70.31,38.8448],[-70.39,38.7756],[-70.455,38.7394],[-70.505,38.7364],[-70.5417,38.7282],[-70.565,38.7149],[-70.5836,38.6965],[-70.5974,38.6731],[-70.6016,38.6223],[-70.596,38.5441],[-70.5974,38.4875],[-70.6058,38.4524],[-70.625,38.417],[-70.655,38.3815],[-70.685,38.3682],[-70.715,38.3772],[-70.75,38.3791],[-70.79,38.374],[-70.8327,38.3578],[-70.878,38.3305],[-70.9198,38.2659],[-70.9582,38.1638],[-71.0305,38.0454],[-71.1368,37.9107],[-71.255,37.8702],[-71.385,37.9239],[-71.48,37.9523],[-71.54,37.9555],[-71.625,37.9365],[-71.735,37.8955],[-71.82,37.857],[-71.88,37.8212],[-71.95,37.8051],[-72.03,37.8087],[-72.0862,37.8032],[-72.1185,37.7887],[-72.1558,37.7616],[-72.1981,37.7221],[-72.224,37.6825],[-72.2335,37.6429],[-72.2653,37.6033],[-72.3194,37.5637],[-72.3556,37.5201],[-72.374,37.4725],[-72.4848,37.3804],[-72.6883,37.2437],[-72.8171,37.1241],[-72.8712,37.0219],[-72.9077,36.8988],[-72.9266,36.7547],[-72.9995,36.6267],[-73.1265,36.5148],[-73.2411,36.4303],[-73.3432,36.3735],[-73.4049,36.3249],[-73.4261,36.2846],[-73.4323,36.2442],[-73.4235,36.2039],[-73.4318,36.155],[-73.4573,36.0976],[-73.5,36.0798],[-73.56,36.1017],[-73.635,36.1191],[-73.725,36.1319],[-73.8025,36.1255],[-73.8676,36.0997],[-73.9276,36.0823],[-73.9825,36.0733],[-74.0667,36.0369],[-74.1801,35.9731],[-74.2379,35.9129],[-74.2401,35.8561],[-74.2543,35.7994],[-74.2807,35.7426],[-74.278,35.6817],[-74.246,35.6167],[-74.2373,35.5638],[-74.2519,35.5231],[-74.2269,35.4652],[-74.1623,35.3901],[-74.1178,35.3453],[-74.0933,35.3307],[-74.1061,35.299],[-74.1564,35.25],[-74.2137,35.2255],[-74.278,35.2255],[-74.3278,35.2418],[-74.363,35.2745],[-74.3991,35.299],[-74.4363,35.3153],[-74.4786,35.3553],[-74.5262,35.4189],[-74.59,35.4379],[-74.67,35.4123],[-74.735,35.4059],[-74.785,35.4188],[-74.86,35.4192],[-74.96,35.407],[-75.035,35.3901],[-75.085,35.3685],[-75.135,35.356],[-75.185,35.3526],[-75.225,35.3347],[-75.255,35.3022],[-75.28,35.2825],[-75.3,35.2756],[-75.345,35.2882],[-75.415,35.3201],[-75.43,35.3466],[-75.39,35.3678],[-75.3667,35.3932],[-75.3602,35.4228],[-75.3752,35.4573],[-75.4117,35.4967],[-75.45,35.5513],[-75.49,35.621],[-75.503,35.6786],[-75.4891,35.724],[-75.4885,35.7669],[-75.5011,35.8075],[-75.5049,35.8642],[-75.4998,35.9372],[-75.5332,36.0626],[-75.6051,36.2402],[-75.6341,36.4134]],[[-75.6271,36.4121],[-75.6157,36.5783],[-75.5944,36.6746],[-75.5631,36.7013],[-75.5399,36.7387],[-75.5247,36.7868],[-75.5133,36.8708],[-75.5056,36.9908],[-75.5091,37.0706],[-75.5238,37.1105],[-75.524,37.1543],[-75.5097,37.2021],[-75.5095,37.2623],[-75.5232,37.3348],[-75.46,37.4226],[-75.32,37.5256],[-75.2434,37.5886],[-75.2301,37.6116],[-75.2239,37.639],[-75.2247,37.6707],[-75.1994,37.7023],[-75.1479,37.734],[-75.1092,37.7893],[-75.0833,37.8683],[-75.0577,37.9235],[-75.0322,37.9551],[-74.9971,38.0229],[-74.9524,38.127],[-74.9157,38.2017],[-74.8871,38.2471],[-74.8456,38.2973],[-74.7911,38.3522],[-74.6754,38.5391],[-74.4985,38.857],[-74.3744,39.0515],[-74.3033,39.1234],[-74.2227,39.1788],[-74.1328,39.2175],[-74.0683,39.2824],[-74.0294,39.3734],[-73.9808,39.4584],[-73.9225,39.5374],[-73.8162,39.6578],[-73.6619,39.8193],[-73.5823,39.9114],[-73.5776,39.9344],[-73.5871,39.9766],[-73.611,40.0378],[-73.6047,40.081],[-73.5682,40.1062],[-73.535,40.1397],[-73.505,40.1816],[-73.4811,40.2378],[-73.4633,40.3082],[-73.4333,40.3526],[-73.3911,40.3708],[-73.325,40.3876],[-73.235,40.4029],[-73.12,40.4459],[-72.98,40.5164],[-72.89,40.5512],[-72.85,40.5505],[-72.81,40.5574],[-72.77,40.5719],[-72.715,40.6194],[-72.645,40.6998],[-72.5863,40.7586],[-72.539,40.7958],[-72.499,40.8488],[-72.4663,40.9177],[-72.43,40.9641],[-72.39,40.9881],[-72.355,41.0188],[-72.325,41.0564],[-72.295,41.0721],[-72.265,41.0659],[-72.235,41.0655],[-72.205,41.0708],[-72.1649,41.088],[-72.1148,41.117],[-72.0736,41.1503],[-72.0414,41.188],[-71.9565,41.2029],[-71.8188,41.1951],[-71.7244,41.2101],[-71.6733,41.248],[-71.5863,41.297],[-71.4635,41.3571],[-71.3341,41.4074],[-71.198,41.4479],[-71.0977,41.4892],[-71.0331,41.531],[-70.9888,41.5669],[-70.9648,41.5969],[-70.9361,41.6193],[-70.9027,41.6342],[-70.877,41.6551],[-70.859,41.6818],[-70.825,41.7035],[-70.775,41.7203],[-70.725,41.731],[-70.675,41.7356],[-70.6019,41.7623],[-70.5056,41.8113],[-70.4156,41.8818],[-70.3319,41.9739],[-70.2584,42.0333],[-70.1952,42.0603],[-70.1452,42.0893],[-70.1084,42.1204],[-70.03,42.1476],[-69.91,42.171],[-69.8,42.2028],[-69.7,42.2431],[-69.625,42.2587],[-69.575,42.2497],[-69.54,42.2474],[-69.52,42.2519],[-69.4815,42.2794],[-69.4245,42.33],[-69.3979,42.3774],[-69.4018,42.4217],[-69.4153,42.4623],[-69.4385,42.4991],[-69.4301,42.536],[-69.39,42.5729],[-69.3595,42.5877],[-69.3384,42.5802],[-69.3266,42.5655],[-69.3242,42.5434],[-69.3046,42.5028],[-69.2677,42.4438],[-69.2145,42.4005],[-69.1448,42.3729],[-69.085,42.3398],[-69.035,42.3012],[-69.0042,42.2596],[-68.9925,42.2148],[-68.9535,42.1813],[-68.8869,42.159],[-68.8277,42.1106],[-68.7759,42.036],[-68.69,42.0189],[-68.57,42.0593],[-68.435,42.079],[-68.285,42.078],[-68.18,42.0896],[-68.12,42.1139],[-68.06,42.1149],[-68.0,42.0925],[-67.94,42.0804],[-67.88,42.0789],[-67.815,42.0994],[-67.745,42.1422],[-67.6535,42.1596],[-67.5405,42.1518],[-67.467,42.1257],[-67.4329,42.0812],[-67.4184,42.0477],[-67.4233,42.0255],[-67.4155,42.0032],[-67.3948,41.9809],[-67.3865,41.9548],[-67.3905,41.9251],[-67.3711,41.8953],[-67.3284,41.8655],[-67.3023,41.8134],[-67.2929,41.7388],[-67.2686,41.6882],[-67.2295,41.6616],[-67.185,41.6616],[-67.135,41.6883],[-67.1012,41.6904],[-67.0836,41.6679],[-67.1062,41.6305],[-67.1692,41.5782],[-67.2153,41.507],[-67.2446,41.4171],[-67.2822,41.3458],[-67.3281,41.2932],[-67.349,41.2557],[-67.3449,41.2331],[-67.3221,41.2143],[-67.2807,41.1993],[-67.2534,41.1767],[-67.2402,41.1466],[-67.2562,41.0825],[-67.3015,40.9844],[-67.3389,40.924],[-67.3683,40.9013],[-67.4016,40.8635],[-67.4388,40.8106],[-67.4506,40.7668],[-67.4369,40.7322],[-67.3841,40.7019],[-67.2923,40.6759],[-67.2473,40.6552],[-67.2491,40.64],[-67.265,40.6386],[-67.295,40.6508],[-67.335,40.6296],[-67.385,40.5749],[-67.425,40.542],[-67.455,40.5308],[-67.485,40.5266],[-67.515,40.5294],[-67.555,40.5202],[-67.605,40.499],[-67.715,40.3896],[-67.885,40.1918],[-67.975,40.0931],[-67.985,40.0939],[-68.01,40.1236],[-68.05,40.182],[-68.08,40.2125],[-68.1,40.2149],[-68.1247,40.2097],[-68.154,40.1971],[-68.182,40.1755],[-68.2086,40.145],[-68.234,40.0982],[-68.258,40.0352],[-68.32,39.9823],[-68.42,39.9397],[-68.4875,39.9023],[-68.5226,39.87],[-68.5476,39.8378],[-68.5625,39.8056],[-68.59,39.7894],[-68.63,39.7891],[-68.705,39.7613],[-68.815,39.7062],[-68.8851,39.6955],[-68.9153,39.7293],[-68.9371,39.7847],[-68.9502,39.8615],[-68.9651,39.9099],[-68.9817,39.9298],[-69.0,39.9425],[-69.02,39.9478],[-69.0401,39.9417],[-69.0602,39.924],[-69.0902,39.8774],[-69.1301,39.8016],[-69.17,39.7672],[-69.21,39.7742],[-69.25,39.7752],[-69.29,39.7702],[-69.335,39.7568],[-69.385,39.735],[-69.452,39.6758],[-69.5361,39.579],[-69.5761,39.4895],[-69.572,39.4071],[-69.5844,39.3259],[-69.6131,39.2459],[-69.6581,39.2184],[-69.7194,39.2434],[-69.77,39.2511],[-69.81,39.2416],[-69.8425,39.2214],[-69.8675,39.1904],[-69.8875,39.1391],[-69.9025,39.0673],[-69.935,39.0435],[-69.985,39.0676],[-70.04,39.1147],[-70.1,39.1847],[-70.16,39.2075],[-70.22,39.1832],[-70.2624,39.1526],[-70.2873,39.1158],[-70.2927,39.0507],[-70.2785,38.9575],[-70.2748,38.903],[-70.2815,38.8875],[-70.3211,38.8477],[-70.3937,38.7838],[-70.455,38.7495],[-70.505,38.745],[-70.5441,38.7341],[-70.5723,38.7168],[-70.5921,38.6965],[-70.6035,38.6731],[-70.6106,38.6067],[-70.6132,38.4972],[-70.6283,38.4273],[-70.6561,38.397],[-70.71,38.3804],[-70.79,38.3774],[-70.8494,38.3612],[-70.8883,38.3317],[-70.9275,38.2659],[-70.967,38.1638],[-71.0375,38.0488],[-71.1392,37.9211],[-71.25,37.8804],[-71.37,37.9267],[-71.465,37.9528],[-71.535,37.9587],[-71.625,37.9416],[-71.735,37.9014],[-71.82,37.8629],[-71.88,37.8262],[-71.95,37.8092],[-72.03,37.8119],[-72.0878,37.8053],[-72.1234,37.7894],[-72.1624,37.7616],[-72.2049,37.7221],[-72.2314,37.6825],[-72.2419,37.6429],[-72.2701,37.6073],[-72.316,37.5756],[-72.3516,37.532],[-72.3769,37.4765],[-72.4247,37.421],[-72.4949,37.3657],[-72.5959,37.2981],[-72.7277,37.2182],[-72.8209,37.1264],[-72.8755,37.0227],[-72.912,36.8988],[-72.9304,36.7547],[-73.0023,36.6275],[-73.1274,36.5173],[-73.2431,36.4328],[-73.3492,36.3743],[-73.4118,36.3249],[-73.4311,36.2846],[-73.4376,36.2402],[-73.4313,36.1918],[-73.4386,36.1464],[-73.4595,36.104],[-73.545,36.0976],[-73.695,36.1273],[-73.83,36.1252],[-73.95,36.0914],[-74.0685,36.0412],[-74.1856,35.9745],[-74.2452,35.9129],[-74.2475,35.8561],[-74.2612,35.7994],[-74.2863,35.7426],[-74.283,35.6817],[-74.2513,35.6167],[-74.2427,35.5638],[-74.2571,35.5231],[-74.2258,35.458],[-74.1487,35.3683],[-74.1301,35.299],[-74.1697,35.25],[-74.2197,35.2269],[-74.2799,35.2299],[-74.3259,35.2462],[-74.3578,35.2759],[-74.3928,35.2995],[-74.4309,35.3169],[-74.465,35.3523],[-74.495,35.4057],[-74.52,35.4392],[-74.54,35.4526],[-74.59,35.4457],[-74.67,35.4184],[-74.735,35.4111],[-74.785,35.4238],[-74.86,35.4236],[-74.96,35.4107],[-75.035,35.3941],[-75.085,35.3739],[-75.1365,35.3618],[-75.1896,35.358],[-75.2346,35.3401],[-75.2715,35.3082],[-75.3,35.294],[-75.32,35.2974],[-75.3414,35.3093],[-75.3641,35.3296],[-75.3684,35.3561],[-75.3543,35.3887],[-75.3491,35.4172],[-75.3528,35.4417],[-75.3685,35.4664],[-75.3962,35.4913],[-75.4333,35.5442],[-75.4798,35.625],[-75.4965,35.6857],[-75.4836,35.7263],[-75.4827,35.7669],[-75.4938,35.8075],[-75.498,35.8642],[-75.4953,35.9372],[-75.5287,36.0626],[-75.5981,36.2402],[-75.6271,36.4121]]]}},{"type":"Feature","properties":{"c":"#00fb90","v0":0.04,"v1":0.05},"geometry":{"type":"Polygon","coordinates":[[[-107.75,42.2849],[-107.7166,42.3515],[-107.6874,42.3889],[-107.6625,42.3973],[-107.63,42.399],[-107.59,42.394],[-107.5699,42.3714],[-107.5698,42.331],[-107.5848,42.289],[-107.6149,42.2453],[-107.645,42.2324],[-107.675,42.2506],[-107.7092,42.2576],[-107.7476,42.2536],[-107.75,42.2849]],[[-107.7377,42.296],[-107.7064,42.3552],[-107.6606,42.384],[-107.6002,42.3825],[-107.57,42.3672],[-107.57,42.3382],[-107.585,42.3053],[-107.615,42.2684],[-107.6608,42.254],[-107.7225,42.2623],[-107.7377,42.296]]]}},{"type":"Feature","properties":{"c":"#00fb90","v0":0.04,"v1":0.05},"geometry":{"type":"Polygon","coordinates":[[[-107.6538,42.1652],[-107.6379,42.1999],[-107.6295,42.2036],[-107.6284,42.1764],[-107.6334,42.1564],[-107.6445,42.1438],[-107.6529,42.1401],[-107.6588,42.1453],[-107.6538,42.1652]]]}},{"type":"Feature","properties":{"c":"#00fb90","v0":0.04,"v1":0.05},"geometry":{"type":"Polygon","coordinates":[[[-108.3978,41.9341],[-108.3259,42.0115],[-108.2895,42.0375],[-108.2886,42.0121],[-108.3024,41.9772],[-108.331,41.9325],[-108.3565,41.9028],[-108.3788,41.8881],[-108.4009,41.8844],[-108.4228,41.8917],[-108.3978,41.9341]],[[-108.3854,41.9408],[-108.3218,42.0019],[-108.305,42.0023],[-108.335,41.942],[-108.36,41.9062],[-108.38,41.895],[-108.3968,41.8946],[-108.4104,41.905],[-108.3854,41.9408]]]}},{"type":"Feature","properties":{"c":"#00fb90","v0":0.04,"v1":0.05},"geometry":{"type":"Polygon","coordinates":[[[-96.2951,41.8506],[-96.2798,41.8804],[-96.2516,41.9075],[-96.2105,41.9318],[-96.165,41.9461],[-96.115,41.9504],[-96.077,41.9457],[-96.0509,41.932],[-96.0447,41.9102],[-96.0584,41.8804],[-96.0914,41.8517],[-96.1438,41.8241],[-96.195,41.8079],[-96.245,41.8032],[-96.2782,41.8096],[-96.2946,41.827],[-96.2951,41.8506]],[[-96.2835,41.8618],[-96.2708,41.8842],[-96.2408,41.908],[-96.1936,41.9335],[-96.15,41.9467],[-96.11,41.9477],[-96.0801,41.9425],[-96.0604,41.9309],[-96.0565,41.9102],[-96.0683,41.8804],[-96.0981,41.853],[-96.146,41.8279],[-96.195,41.8148],[-96.245,41.8137],[-96.275,41.8225],[-96.2849,41.8413],[-96.2835,41.8618]]]}},{"type":"Feature","properties":{"c":"#00fb90","v0":0.04,"v1":0.05},"geometry":{"type":"Polygon","coordinates":[[[-105.8979,41.6641],[-105.7993,41.7388],[-105.7351,41.7771],[-105.705,41.7792],[-105.6877,41.7717],[-105.683,41.7548],[-105.6887,41.7313],[-105.7047,41.7015],[-105.7034,41.6753],[-105.6849,41.6529],[-105.6842,41.628],[-105.7014,41.6005],[-105.735,41.5778],[-105.785,41.5599],[-105.8443,41.57],[-105.9128,41.6078],[-105.8979,41.6641]],[[-105.8928,41.6635],[-105.7976,41.7369],[-105.735,41.7744],[-105.705,41.7761],[-105.6883,41.7693],[-105.6848,41.7539],[-105.6913,41.7313],[-105.7077,41.7015],[-105.7063,41.6753],[-105.687,41.6529],[-105.6855,41.6283],[-105.7018,41.6015],[-105.735,41.5793],[-105.785,41.562],[-105.8426,41.5716],[-105.9078,41.6084],[-105.8928,41.6635]]]}},{"type":"Feature","properties":{"c":"#00fb90","v0":0.04,"v1":0.05},"geometry":{"type":"Polygon","coordinates":[[[-90.7943,41.6454],[-90.765,41.6828],[-90.7302,41.7052],[-90.69,41.7127],[-90.6684,41.6865],[-90.6652,41.6268],[-90.6803,41.5916],[-90.7134,41.5811],[-90.7497,41.5886],[-90.7892,41.6141],[-90.7943,41.6454]],[[-90.785,41.6435],[-90.7617,41.6771],[-90.7307,41.6957],[-90.692,41.6996],[-90.6682,41.6791],[-90.6593,41.6342],[-90.6637,41.6045],[-90.6812,41.59],[-90.705,41.5828],[-90.735,41.5829],[-90.7617,41.5939],[-90.785,41.6158],[-90.785,41.6435]]]}},{"type":"Feature","properties":{"c":"#00fb90","v0":0.04,"v1":0.05},"geometry":{"type":"Polygon","coordinates":[[[-90.4806,41.6225],[-90.4602,41.644],[-90.44,41.6567],[-90.42,41.6606],[-90.355,41.6358],[-90.245,41.582],[-90.1898,41.5506],[-90.1895,41.5415],[-90.2145,41.5291],[-90.2648,41.5134],[-90.3183,41.5096],[-90.3749,41.5179],[-90.4149,41.5266],[-90.4383,41.5357],[-90.4602,41.5581],[-90.4806,41.5939],[-90.4806,41.6225]],[[-90.4701,41.6207],[-90.4567,41.6383],[-90.44,41.65],[-90.42,41.6556],[-90.3596,41.6318],[-90.2589,41.5786],[-90.2101,41.5482],[-90.2131,41.5407],[-90.2385,41.5315],[-90.2862,41.5206],[-90.34,41.5202],[-90.4,41.5302],[-90.4417,41.5544],[-90.4651,41.5927],[-90.4701,41.6207]]]}},{"type":"Feature","properties":{"c":"#00fb90","v0":0.04,"v1":0.05},"geometry":{"type":"Polygon","coordinates":[[[-106.2055,41.5594],[-106.1932,41.5744],[-106.1862,41.5707],[-106.1843,41.5482],[-106.1904,41.5407],[-106.2045,41.5482],[-106.2055,41.5594]],[[-106.1995,41.5577],[-106.1932,41.5691],[-106.1877,41.5691],[-106.1831,41.5577],[-106.1831,41.549],[-106.1877,41.5429],[-106.1932,41.5429],[-106.1995,41.549],[-106.1995,41.5577]]]}},{"type":"Feature","properties":{"c":"#00fb90","v0":0.04,"v1":0.05},"geometry":{"type":"Polygon","coordinates":[[[-105.1321,41.1075],[-105.104,41.1197],[-105.0674,41.1197],[-105.0221,41.1075],[-105.0221,41.0921],[-105.0674,41.0737],[-105.104,41.0737],[-105.1321,41.0921],[-105.1321,41.1075]],[[-105.1303,41.1072],[-105.1034,41.119],[-105.0684,41.119],[-105.0251,41.1072],[-105.0251,41.0924],[-105.0684,41.0744],[-105.1034,41.0744],[-105.1303,41.0924],[-105.1303,41.1072]]]}},{"type":"Feature","properties":{"c":"#00fb90","v0":0.04,"v1":0.05},"geometry":{"type":"Polygon","coordinates":[[[-105.6587,40.8862],[-105.6442,40.9391],[-105.6202,40.9724],[-105.5867,40.9862],[-105.5678,40.9862],[-105.5635,40.9724],[-105.5753,40.9391],[-105.6034,40.8862],[-105.6015,40.8371],[-105.5697,40.7916],[-105.5579,40.7649],[-105.566,40.7569],[-105.58,40.7541],[-105.6,40.7564],[-105.624,40.7831],[-105.652,40.8342],[-105.6587,40.8862]],[[-105.6497,40.8862],[-105.6392,40.9391],[-105.6179,40.9714],[-105.586,40.9829],[-105.5703,40.9792],[-105.5709,40.96],[-105.5845,40.9354],[-105.6112,40.9051],[-105.6259,40.8754],[-105.6286,40.8463],[-105.6362,40.8387],[-105.6487,40.8528],[-105.6497,40.8862]],[[-105.6077,40.8106],[-105.5802,40.803],[-105.5673,40.7888],[-105.5691,40.768],[-105.58,40.7589],[-105.6,40.7616],[-105.6129,40.7758],[-105.6186,40.8015],[-105.6077,40.8106]]]}},{"type":"Feature","properties":{"c":"#00fb90","v0":0.04,"v1":0.05},"geometry":{"type":"Polygon","coordinates":[[[-106.0787,40.8068],[-106.0729,40.8219],[-106.0611,40.8295],[-106.0433,40.8295],[-106.0133,40.811],[-105.9711,40.7739],[-105.945,40.7295],[-105.935,40.6776],[-105.96,40.6754],[-106.02,40.7227],[-106.0579,40.7595],[-106.0737,40.786],[-106.0787,40.8068]],[[-106.0686,40.8063],[-106.0562,40.8205],[-106.025,40.8076],[-105.975,40.7677],[-105.9451,40.7303],[-105.9354,40.6954],[-105.9354,40.6749],[-105.9451,40.6686],[-105.9812,40.699],[-106.0436,40.7658],[-106.0686,40.8063]]]}},{"type":"Feature","properties":{"c":"#00fb90","v0":0.04,"v1":0.05},"geometry":{"type":"Polygon","coordinates":[[[-106.0524,40.4272],[-106.0141,40.412],[-105.9931,40.3968],[-105.9895,40.3815],[-105.9983,40.3743],[-106.0194,40.3752],[-106.0404,40.3904],[-106.0612,40.42],[-106.0524,40.4272]],[[-106.0391,40.4066],[-106.033,40.411],[-106.02,40.4068],[-106.0,40.3941],[-105.995,40.3844],[-106.005,40.3777],[-106.018,40.3819],[-106.0341,40.3969],[-106.0391,40.4066]]]}},{"type":"Feature","properties":{"c":"#00fb90","v0":0.04,"v1":0.05},"geometry":{"type":"Polygon","coordinates":[[[-105.5673,40.4105],[-105.5558,40.4226],[-105.5394,40.4264],[-105.5182,40.4219],[-105.5182,40.41],[-105.5394,40.3908],[-105.5558,40.387],[-105.5673,40.3986],[-105.5673,40.4105]],[[-105.5628,40.4092],[-105.5543,40.4189],[-105.5417,40.4227],[-105.525,40.4206],[-105.5213,40.412],[-105.5304,40.3968],[-105.543,40.393],[-105.559,40.4006],[-105.5628,40.4092]]]}},{"type":"Feature","properties":{"c":"#00fb90","v0":0.04,"v1":0.05},"geometry":{"type":"Polygon","coordinates":[[[-105.4933,40.1793],[-105.4902,40.187],[-105.4784,40.1908],[-105.4578,40.1908],[-105.4481,40.1868],[-105.4494,40.1788],[-105.4612,40.1749],[-105.4836,40.1753],[-105.4933,40.1793]],[[-105.4823,40.1793],[-105.4663,40.187],[-105.4581,40.187],[-105.4576,40.1793],[-105.4656,40.1755],[-105.482,40.1755],[-105.4823,40.1793]]]}},{"type":"Feature","properties":{"c":"#00fb90","v0":0.04,"v1":0.05},"geometry":{"type":"Polygon","coordinates":[[[-94.4067,40.1755],[-94.3842,40.1755],[-94.3822,40.1708],[-94.4007,40.1613],[-94.412,40.1613],[-94.4159,40.1708],[-94.4067,40.1755]]]}},{"type":"Feature","properties":{"c":"#00fb90","v0":0.04,"v1":0.05},"geometry":{"type":"Polygon","coordinates":[[[-106.3473,39.3839],[-106.2878,39.4303],[-106.2537,39.4843],[-106.245,39.546],[-106.2189,39.6039],[-106.1755,39.6578],[-106.1486,39.704],[-106.1384,39.7424],[-106.0974,39.7717],[-106.0258,39.7917],[-105.9614,39.8224],[-105.9042,39.8638],[-105.8685,39.9076],[-105.8542,39.9536],[-105.8527,39.9803],[-105.8642,39.9878],[-105.885,39.9891],[-105.915,39.9843],[-105.93,39.9882],[-105.9301,40.0009],[-105.9201,40.015],[-105.9,40.0305],[-105.865,40.044],[-105.815,40.0555],[-105.77,40.0831],[-105.73,40.1266],[-105.695,40.1503],[-105.665,40.1543],[-105.5776,40.1076],[-105.4328,40.01],[-105.3571,39.9382],[-105.3504,39.8922],[-105.3539,39.85],[-105.3675,39.8116],[-105.3725,39.777],[-105.369,39.7463],[-105.4376,39.7001],[-105.5786,39.6385],[-105.6532,39.6],[-105.6615,39.5846],[-105.6618,39.5553],[-105.6539,39.5122],[-105.6718,39.4775],[-105.7154,39.4512],[-105.7954,39.3722],[-105.9118,39.2405],[-105.98,39.1757],[-106.0,39.1779],[-106.03,39.1925],[-106.07,39.2194],[-106.12,39.2251],[-106.18,39.2094],[-106.225,39.2048],[-106.255,39.2112],[-106.2968,39.251],[-106.3503,39.3242],[-106.3473,39.3839]],[[-106.3165,39.3878],[-106.2656,39.4419],[-106.2383,39.4959],[-106.2344,39.5499],[-106.2115,39.6039],[-106.1694,39.6578],[-106.1437,39.7016],[-106.1346,39.7353],[-106.1,39.761],[-106.04,39.7787],[-105.98,39.8065],[-105.92,39.8444],[-105.8765,39.8917],[-105.8495,39.9483],[-105.8395,39.983],[-105.8465,39.9959],[-105.8651,40.0035],[-105.8952,40.006],[-105.8802,40.0174],[-105.8201,40.0378],[-105.7687,40.0722],[-105.726,40.1207],[-105.691,40.1465],[-105.6637,40.1496],[-105.58,40.1053],[-105.44,40.0135],[-105.3648,39.943],[-105.3543,39.8938],[-105.3557,39.8538],[-105.3691,39.8231],[-105.3742,39.7885],[-105.371,39.7501],[-105.3796,39.7236],[-105.3999,39.7091],[-105.4348,39.6976],[-105.4843,39.689],[-105.5455,39.6655],[-105.6185,39.627],[-105.6554,39.5807],[-105.6562,39.5268],[-105.7203,39.4419],[-105.8477,39.3259],[-105.9261,39.2467],[-105.9554,39.2045],[-105.98,39.1836],[-106.0,39.1842],[-106.03,39.1983],[-106.07,39.2259],[-106.12,39.2313],[-106.18,39.2146],[-106.225,39.2097],[-106.255,39.2166],[-106.288,39.2552],[-106.324,39.3256],[-106.3165,39.3878]]]}},{"type":"Feature","properties":{"c":"#00fb90","v0":0.04,"v1":0.05},"geometry":{"type":"Polygon","coordinates":[[[-69.0194,40.1492],[-68.9998,40.1578],[-68.99,40.1502],[-68.99,40.1263],[-68.9998,40.122],[-69.0194,40.1373],[-69.0194,40.1492]]]}},{"type":"Feature","properties":{"c":"#00fb90","v0":0.04,"v1":0.05},"geometry":{"type":"Polygon","coordinates":[[[-68.6223,40.0532],[-68.6091,40.0838],[-68.5844,40.1107],[-68.5481,40.1338],[-68.52,40.1448],[-68.5,40.1437],[-68.4716,40.1283],[-68.4347,40.0986],[-68.4224,40.0646],[-68.4347,40.0264],[-68.4731,39.9901],[-68.5377,39.9559],[-68.5847,39.9635],[-68.6142,40.0131],[-68.6223,40.0532]],[[-68.6102,40.0532],[-68.5966,40.0838],[-68.5749,40.108],[-68.545,40.1259],[-68.515,40.1312],[-68.485,40.1239],[-68.4587,40.1073],[-68.436,40.0814],[-68.431,40.0549],[-68.4437,40.0277],[-68.47,40.0053],[-68.51,39.9877],[-68.545,39.983],[-68.575,39.9915],[-68.5967,40.0062],[-68.6102,40.0273],[-68.6102,40.0532]]]}},{"type":"Feature","properties":{"c":"#00fb90","v0":0.04,"v1":0.05},"geometry":{"type":"Polygon","coordinates":[[[-90.0112,40.0034],[-89.9264,40.0264],[-89.8809,40.0532],[-89.8745,40.0838],[-89.866,40.1],[-89.8553,40.1019],[-89.8072,40.0828],[-89.7215,40.0426],[-89.7065,39.9991],[-89.7622,39.9521],[-89.8559,39.9444],[-89.9877,39.9761],[-90.0112,40.0034]],[[-89.999,40.0022],[-89.913,40.0227],[-89.865,40.0467],[-89.855,40.0741],[-89.8124,40.0715],[-89.7373,40.0389],[-89.7223,40.0018],[-89.7674,39.9602],[-89.853,39.9526],[-89.979,39.9788],[-89.999,40.0022]]]}},{"type":"Feature","properties":{"c":"#00fb90","v0":0.04,"v1":0.05},"geometry":{"type":"Polygon","coordinates":[[[-91.4213,40.0838],[-91.3965,40.0838],[-91.3956,40.0799],[-91.4185,40.0721],[-91.4309,40.0721],[-91.4327,40.0799],[-91.4213,40.0838]]]}},{"type":"Feature","properties":{"c":"#00fb90","v0":0.04,"v1":0.05},"geometry":{"type":"Polygon","coordinates":[[[-108.2607,39.8462],[-108.2398,39.8615],[-108.1852,39.8807],[-108.097,39.9037],[-108.0347,39.9459],[-107.9984,40.0072],[-107.9477,40.0464],[-107.8826,40.0636],[-107.8345,40.0674],[-107.8036,40.0579],[-107.8093,40.034],[-107.8515,39.9957],[-107.867,39.9707],[-107.8557,39.959],[-107.83,39.9518],[-107.79,39.949],[-107.7479,39.9586],[-107.7036,39.9808],[-107.6636,39.9949],[-107.6279,40.0009],[-107.56,39.9912],[-107.46,39.9658],[-107.4026,39.9398],[-107.3878,39.9132],[-107.3828,39.8909],[-107.3876,39.873],[-107.415,39.8681],[-107.465,39.8761],[-107.4991,39.8774],[-107.5172,39.8719],[-107.5261,39.8577],[-107.5256,39.8346],[-107.5118,39.8078],[-107.4848,39.777],[-107.4759,39.7569],[-107.4853,39.7473],[-107.535,39.7415],[-107.625,39.7395],[-107.76,39.7538],[-107.94,39.7843],[-108.075,39.7869],[-108.165,39.7616],[-108.2253,39.7713],[-108.2559,39.8161],[-108.2607,39.8462]],[[-108.2543,39.8462],[-108.2337,39.8615],[-108.1779,39.8807],[-108.0869,39.9037],[-108.0242,39.9459],[-107.9897,40.0072],[-107.9418,40.046],[-107.8806,40.0623],[-107.8354,40.0661],[-107.8061,40.0575],[-107.8136,40.034],[-107.858,39.9957],[-107.8726,39.9696],[-107.8575,39.9556],[-107.83,39.9464],[-107.79,39.9419],[-107.75,39.9514],[-107.71,39.9747],[-107.67,39.9899],[-107.63,39.997],[-107.56,39.987],[-107.46,39.9599],[-107.4041,39.9347],[-107.3924,39.9115],[-107.3924,39.8915],[-107.4041,39.8748],[-107.43,39.8711],[-107.47,39.8803],[-107.502,39.881],[-107.5259,39.8731],[-107.5366,39.8577],[-107.534,39.8346],[-107.5201,39.8078],[-107.495,39.777],[-107.4893,39.758],[-107.5031,39.7508],[-107.55,39.7456],[-107.63,39.7424],[-107.76,39.7558],[-107.94,39.786],[-108.075,39.7899],[-108.165,39.7676],[-108.2237,39.7769],[-108.251,39.818],[-108.2543,39.8462]]]}},{"type":"Feature","properties":{"c":"#00fb90","v0":0.04,"v1":0.05},"geometry":{"type":"Polygon","coordinates":[[[-93.641,39.7424],[-93.632,39.7655],[-93.6031,39.7946],[-93.5544,39.8299],[-93.51,39.8489],[-93.47,39.8516],[-93.4373,39.8455],[-93.412,39.8306],[-93.4045,39.8001],[-93.4149,39.754],[-93.4375,39.7166],[-93.4725,39.6879],[-93.5289,39.6879],[-93.6066,39.7166],[-93.641,39.7424]],[[-93.5982,39.7847],[-93.589,39.8001],[-93.5658,39.8182],[-93.5286,39.839],[-93.495,39.8489],[-93.465,39.8479],[-93.4407,39.8413],[-93.422,39.8292],[-93.4144,39.8039],[-93.418,39.7655],[-93.4373,39.7324],[-93.4724,39.7048],[-93.5086,39.6971],[-93.5458,39.7094],[-93.574,39.7309],[-93.5932,39.7616],[-93.5982,39.7847]]]}},{"type":"Feature","properties":{"c":"#00fb90","v0":0.04,"v1":0.05},"geometry":{"type":"Polygon","coordinates":[[[-109.1654,39.6627],[-109.1418,39.6803],[-109.105,39.6931],[-109.055,39.7012],[-109.015,39.7229],[-108.985,39.7583],[-108.96,39.7799],[-108.94,39.7878],[-108.9,39.7916],[-108.84,39.7914],[-108.74,39.802],[-108.6,39.8232],[-108.5112,39.8312],[-108.4735,39.8258],[-108.4935,39.8002],[-108.5712,39.7544],[-108.63,39.7325],[-108.67,39.7346],[-108.7196,39.7229],[-108.7789,39.6974],[-108.8104,39.6809],[-108.8142,39.6732],[-108.8095,39.6653],[-108.7965,39.6572],[-108.755,39.6531],[-108.685,39.6529],[-108.6501,39.6416],[-108.6502,39.619],[-108.6652,39.6012],[-108.6951,39.5882],[-108.77,39.5809],[-108.89,39.5795],[-108.98,39.5697],[-109.04,39.5514],[-109.0847,39.5509],[-109.114,39.5682],[-109.122,39.5884],[-109.1089,39.6116],[-109.121,39.6308],[-109.1585,39.6462],[-109.1654,39.6627]],[[-109.1634,39.6623],[-109.1411,39.679],[-109.105,39.6912],[-109.055,39.6988],[-109.015,39.7206],[-108.985,39.7565],[-108.96,39.7784],[-108.94,39.7865],[-108.9,39.7903],[-108.84,39.7897],[-108.74,39.8],[-108.6,39.8212],[-108.5134,39.8296],[-108.4803,39.8253],[-108.5003,39.8008],[-108.5734,39.7561],[-108.63,39.7347],[-108.67,39.7368],[-108.7213,39.7246],[-108.7838,39.698],[-108.8138,39.6768],[-108.8113,39.6611],[-108.77,39.6517],[-108.69,39.6486],[-108.65,39.6388],[-108.65,39.6222],[-108.66,39.6076],[-108.68,39.5949],[-108.755,39.5867],[-108.885,39.5828],[-108.98,39.5716],[-109.04,39.5531],[-109.0833,39.5521],[-109.11,39.5686],[-109.1159,39.5884],[-109.101,39.6116],[-109.1138,39.6308],[-109.1543,39.6462],[-109.1634,39.6623]]]}},{"type":"Feature","properties":{"c":"#00fb90","v0":0.04,"v1":0.05},"geometry":{"type":"Polygon","coordinates":[[[-69.6725,39.7693],[-69.6575,39.7845],[-69.6363,39.7883],[-69.6088,39.7808],[-69.608,39.7693],[-69.6339,39.754],[-69.6551,39.7501],[-69.6717,39.7578],[-69.6725,39.7693]]]}},{"type":"Feature","properties":{"c":"#00fb90","v0":0.04,"v1":0.05},"geometry":{"type":"Polygon","coordinates":[[[-103.0459,33.0822],[-103.0303,33.166],[-102.9897,33.2329],[-102.924,33.2831],[-102.894,33.3249],[-102.8996,33.3583],[-102.8943,33.3952],[-102.8781,33.4354],[-102.83,33.4644],[-102.75,33.4821],[-102.655,33.5286],[-102.545,33.6039],[-102.4175,33.7124],[-102.2726,33.8538],[-102.1818,33.966],[-102.1453,34.0489],[-102.1306,34.1358],[-102.1379,34.2268],[-102.1578,34.2971],[-102.1902,34.3466],[-102.2296,34.392],[-102.2761,34.4333],[-102.297,34.4704],[-102.2923,34.5034],[-102.2734,34.5528],[-102.2402,34.6187],[-102.2175,34.6845],[-102.2052,34.7503],[-102.198,34.8078],[-102.1959,34.857],[-102.2064,34.9308],[-102.2296,35.0292],[-102.2612,35.0947],[-102.3012,35.1274],[-102.3284,35.1595],[-102.3428,35.1912],[-102.3882,35.2483],[-102.4647,35.3311],[-102.4997,35.413],[-102.4932,35.4941],[-102.4776,35.5673],[-102.4527,35.6327],[-102.4501,35.7304],[-102.4695,35.8602],[-102.4919,35.9383],[-102.5173,35.965],[-102.545,35.9758],[-102.575,35.9708],[-102.6213,35.9372],[-102.6838,35.8751],[-102.7338,35.8153],[-102.7713,35.758],[-102.81,35.7226],[-102.85,35.7092],[-102.8672,35.7176],[-102.8615,35.7478],[-102.8649,35.7791],[-102.8772,35.8115],[-102.8786,35.8521],[-102.8688,35.9007],[-102.8916,35.9898],[-102.9471,36.1191],[-102.9446,36.2402],[-102.8843,36.3531],[-102.853,36.4416],[-102.851,36.5059],[-102.8173,36.5622],[-102.7519,36.6104],[-102.7069,36.6574],[-102.6823,36.7033],[-102.65,36.7263],[-102.61,36.7265],[-102.5802,36.7357],[-102.5607,36.7537],[-102.5498,36.7748],[-102.5475,36.7988],[-102.5591,36.8388],[-102.5845,36.8948],[-102.5216,37.0586],[-102.3703,37.3295],[-102.285,37.5201],[-102.2655,37.6311],[-102.2683,37.7142],[-102.2936,37.7695],[-102.3029,37.8209],[-102.2964,37.8683],[-102.301,37.9275],[-102.3168,37.9984],[-102.3098,38.0536],[-102.2801,38.0929],[-102.2871,38.1284],[-102.3307,38.1598],[-102.3524,38.2148],[-102.352,38.2934],[-102.3369,38.3993],[-102.3071,38.5324],[-102.2586,38.6613],[-102.1912,38.7862],[-102.1519,38.8875],[-102.1406,38.9653],[-102.0973,39.0507],[-102.0218,39.1439],[-101.9777,39.2136],[-101.9648,39.2601],[-101.9163,39.2908],[-101.8321,39.3057],[-101.7743,39.3212],[-101.7428,39.3372],[-101.7313,39.353],[-101.7397,39.3684],[-101.7723,39.3878],[-101.8291,39.411],[-101.8556,39.4418],[-101.8519,39.4804],[-101.835,39.516],[-101.805,39.5485],[-101.785,39.5681],[-101.775,39.5747],[-101.745,39.5743],[-101.695,39.5671],[-101.645,39.5835],[-101.595,39.6235],[-101.525,39.6648],[-101.435,39.7074],[-101.375,39.741],[-101.345,39.7656],[-101.3177,39.77],[-101.2932,39.7542],[-101.3003,39.7117],[-101.3389,39.6424],[-101.3601,39.5923],[-101.3641,39.5615],[-101.342,39.5335],[-101.294,39.5083],[-101.235,39.4975],[-101.165,39.501],[-101.1235,39.4943],[-101.1106,39.4774],[-101.1006,39.4247],[-101.0935,39.3364],[-101.05,39.2815],[-100.97,39.2603],[-100.9292,39.231],[-100.9275,39.1936],[-100.94,39.1361],[-100.9665,39.0585],[-100.977,39.008],[-100.9717,38.9847],[-100.9592,38.9658],[-100.9397,38.9514],[-100.905,38.9495],[-100.855,38.9603],[-100.795,38.9875],[-100.725,39.0311],[-100.625,39.0666],[-100.495,39.0939],[-100.415,39.0968],[-100.385,39.0753],[-100.36,39.0635],[-100.34,39.0612],[-100.295,39.0713],[-100.225,39.0937],[-100.145,39.1036],[-100.055,39.101],[-99.97,39.1086],[-99.89,39.1264],[-99.818,39.1568],[-99.7539,39.1999],[-99.6939,39.2702],[-99.638,39.3678],[-99.6132,39.3871],[-99.6196,39.3283],[-99.6181,39.2795],[-99.6085,39.2408],[-99.5741,39.1904],[-99.5147,39.1284],[-99.5004,39.0624],[-99.5312,38.9925],[-99.5502,38.9264],[-99.5574,38.8641],[-99.5833,38.7802],[-99.6278,38.6746],[-99.7078,38.5378],[-99.8234,38.3697],[-99.8833,38.2659],[-99.8876,38.2266],[-99.9187,38.1284],[-99.9764,37.9708],[-100.0315,37.8988],[-100.0838,37.9123],[-100.15,37.9186],[-100.23,37.9176],[-100.2812,37.9108],[-100.3036,37.8982],[-100.3086,37.8823],[-100.2962,37.863],[-100.2647,37.8472],[-100.214,37.8349],[-100.1996,37.813],[-100.2214,37.7814],[-100.2292,37.73],[-100.2231,37.6588],[-100.228,37.6073],[-100.2439,37.5756],[-100.2347,37.5479],[-100.2001,37.5241],[-100.1791,37.4923],[-100.1716,37.4526],[-100.1822,37.409],[-100.211,37.3613],[-100.2263,37.3215],[-100.228,37.2897],[-100.2192,37.2663],[-100.1997,37.2512],[-100.17,37.2531],[-100.13,37.2719],[-100.095,37.2967],[-100.065,37.3276],[-100.03,37.3505],[-99.99,37.3655],[-99.95,37.4001],[-99.91,37.4545],[-99.88,37.4828],[-99.86,37.485],[-99.8305,37.4767],[-99.7915,37.458],[-99.7576,37.4209],[-99.7287,37.3653],[-99.7287,37.2619],[-99.7574,37.1105],[-99.7699,37.0147],[-99.7663,36.9748],[-99.7609,36.9496],[-99.7536,36.9391],[-99.745,36.9362],[-99.735,36.9408],[-99.705,36.9723],[-99.655,37.0307],[-99.6092,37.1094],[-99.5677,37.2084],[-99.5077,37.299],[-99.4292,37.3813],[-99.385,37.4427],[-99.375,37.4831],[-99.3524,37.5214],[-99.3173,37.5575],[-99.297,37.5994],[-99.2915,37.6469],[-99.2749,37.6944],[-99.2473,37.7419],[-99.2026,37.7784],[-99.1409,37.8042],[-99.0945,37.8121],[-99.0635,37.8022],[-99.0315,37.7735],[-98.9986,37.726],[-99.0041,37.6709],[-99.048,37.6082],[-99.075,37.5384],[-99.085,37.4618],[-99.085,37.4202],[-99.075,37.4137],[-99.06,37.4132],[-99.04,37.4186],[-99.02,37.406],[-99.0,37.3752],[-98.9657,37.3622],[-98.9171,37.3669],[-98.8894,37.3613],[-98.8827,37.3454],[-98.8984,37.2977],[-98.9363,37.2181],[-98.9892,37.1424],[-99.0569,37.0706],[-99.1505,36.9516],[-99.2702,36.7851],[-99.34,36.7023],[-99.36,36.7036],[-99.3737,36.7148],[-99.3812,36.7361],[-99.3793,36.7788],[-99.3681,36.8428],[-99.3726,36.9028],[-99.3927,36.9588],[-99.3996,37.0271],[-99.3932,37.1076],[-99.43,37.0993],[-99.51,37.0023],[-99.5911,36.93],[-99.6734,36.8826],[-99.7143,36.8388],[-99.7136,36.7988],[-99.7274,36.762],[-99.7558,36.7285],[-99.79,36.706],[-99.83,36.6945],[-99.865,36.6719],[-99.895,36.6379],[-99.92,36.6178],[-99.94,36.6114],[-99.96,36.6097],[-99.98,36.6127],[-99.9959,36.6273],[-100.0077,36.6535],[-100.0227,36.6706],[-100.0409,36.6787],[-100.075,36.6509],[-100.125,36.587],[-100.182,36.5508],[-100.246,36.5423],[-100.2815,36.5301],[-100.2886,36.514],[-100.2851,36.4899],[-100.2711,36.4577],[-100.2816,36.3732],[-100.3168,36.2362],[-100.3282,36.159],[-100.3161,36.1419],[-100.3,36.1341],[-100.28,36.1357],[-100.25,36.1594],[-100.21,36.2053],[-100.1845,36.205],[-100.1736,36.1585],[-100.1799,36.1151],[-100.2035,36.0747],[-100.2172,36.0383],[-100.221,36.0059],[-100.2605,35.9412],[-100.3356,35.844],[-100.4715,35.706],[-100.668,35.5272],[-100.7761,35.3928],[-100.7956,35.303],[-100.7965,35.2472],[-100.7788,35.2252],[-100.745,35.2176],[-100.695,35.2241],[-100.6011,35.3045],[-100.4633,35.4585],[-100.3633,35.5583],[-100.3011,35.6044],[-100.245,35.639],[-100.195,35.6622],[-100.15,35.666],[-100.11,35.6504],[-100.075,35.645],[-100.045,35.6498],[-99.97,35.6898],[-99.85,35.7651],[-99.75,35.8172],[-99.67,35.8464],[-99.615,35.862],[-99.585,35.8642],[-99.5592,35.8519],[-99.5377,35.825],[-99.5077,35.7999],[-99.4692,35.7765],[-99.4415,35.74],[-99.4245,35.6903],[-99.4195,35.6512],[-99.4265,35.6226],[-99.4398,35.5982],[-99.4593,35.578],[-99.4943,35.5607],[-99.5448,35.5465],[-99.59,35.5255],[-99.63,35.4977],[-99.675,35.4867],[-99.725,35.4924],[-99.77,35.4864],[-99.81,35.4688],[-99.8781,35.3892],[-99.9744,35.2474],[-100.0443,35.1642],[-100.0881,35.1396],[-100.13,35.1073],[-100.17,35.0671],[-100.21,35.048],[-100.25,35.05],[-100.285,35.0445],[-100.315,35.0314],[-100.3461,35.0054],[-100.3783,34.9666],[-100.3933,34.9253],[-100.3911,34.8815],[-100.4426,34.8241],[-100.5477,34.753],[-100.6213,34.6927],[-100.6631,34.6434],[-100.6871,34.5981],[-100.6931,34.5569],[-100.6846,34.5261],[-100.6615,34.5056],[-100.6371,34.4685],[-100.6112,34.4148],[-100.5752,34.3673],[-100.5289,34.326],[-100.5268,34.2798],[-100.5689,34.2287],[-100.6143,34.1915],[-100.6628,34.1682],[-100.6982,34.1358],[-100.7205,34.0944],[-100.76,34.0489],[-100.8165,33.9991],[-100.8312,33.8456],[-100.804,33.5877],[-100.7954,33.4526],[-100.8051,33.4407],[-100.82,33.4379],[-100.84,33.4443],[-100.8768,33.4419],[-100.9304,33.4307],[-100.9678,33.4001],[-100.989,33.35],[-100.9983,33.2956],[-100.9957,33.2371],[-100.9983,33.2026],[-101.0061,33.1921],[-101.035,33.1886],[-101.085,33.192],[-101.12,33.1888],[-101.14,33.179],[-101.1687,33.1365],[-101.2062,33.0612],[-101.2269,33.0026],[-101.2309,32.9606],[-101.2422,32.9282],[-101.2607,32.9052],[-101.285,32.8919],[-101.315,32.8882],[-101.3421,32.8955],[-101.3662,32.9137],[-101.3899,32.969],[-101.4131,33.0613],[-101.431,33.1131],[-101.4437,33.1244],[-101.47,33.1173],[-101.51,33.0917],[-101.55,33.052],[-101.59,32.9983],[-101.6795,32.9174],[-101.8186,32.809],[-101.9036,32.764],[-101.9345,32.7823],[-101.965,32.7909],[-101.995,32.7896],[-102.03,32.8126],[-102.07,32.8597],[-102.125,32.8751],[-102.195,32.8588],[-102.265,32.8233],[-102.335,32.7684],[-102.39,32.734],[-102.43,32.72],[-102.46,32.6995],[-102.48,32.6723],[-102.51,32.6668],[-102.55,32.6831],[-102.61,32.684],[-102.69,32.6695],[-102.775,32.6203],[-102.865,32.5364],[-102.9059,32.5216],[-102.8978,32.5761],[-102.8978,32.6099],[-102.9059,32.6231],[-102.9262,32.6358],[-102.9585,32.6478],[-102.9652,32.6707],[-102.9464,32.7043],[-102.9459,32.7422],[-102.9638,32.7842],[-102.9595,32.8473],[-102.9331,32.9313],[-102.9324,32.9892],[-102.9575,33.0211],[-102.9909,33.0378],[-103.0328,33.0395],[-103.0459,33.0822]],[[-103.0393,33.0948],[-103.0229,33.1702],[-102.9825,33.2329],[-102.918,33.2831],[-102.8795,33.3416],[-102.8669,33.4084],[-102.8229,33.4529],[-102.7476,33.4749],[-102.655,33.524],[-102.545,33.6001],[-102.4169,33.7098],[-102.2706,33.853],[-102.1774,33.966],[-102.1373,34.0489],[-102.1211,34.14],[-102.1289,34.2392],[-102.1421,34.3161],[-102.1607,34.3706],[-102.19,34.4024],[-102.23,34.4116],[-102.2604,34.4256],[-102.2813,34.4445],[-102.2725,34.5034],[-102.2341,34.6022],[-102.2072,34.7051],[-102.1919,34.8119],[-102.1965,34.9226],[-102.221,35.0374],[-102.2525,35.1069],[-102.2909,35.1315],[-102.3548,35.205],[-102.4441,35.3275],[-102.4891,35.4135],[-102.4897,35.463],[-102.4762,35.5322],[-102.4486,35.6211],[-102.4356,35.7101],[-102.4373,35.7994],[-102.4473,35.8683],[-102.4655,35.9169],[-102.4885,35.9561],[-102.5162,35.9859],[-102.545,35.996],[-102.575,35.9865],[-102.64,35.9239],[-102.74,35.8083],[-102.8004,35.7454],[-102.8213,35.7354],[-102.8374,35.7832],[-102.8486,35.8886],[-102.8781,35.9845],[-102.926,36.0711],[-102.9532,36.1357],[-102.9595,36.1785],[-102.9316,36.2563],[-102.8694,36.3692],[-102.8352,36.4537],[-102.8291,36.51],[-102.7986,36.5582],[-102.7439,36.5983],[-102.7018,36.6385],[-102.6723,36.6786],[-102.6357,36.7042],[-102.5919,36.7153],[-102.5618,36.7313],[-102.5453,36.7523],[-102.5364,36.7788],[-102.5349,36.8108],[-102.5458,36.8508],[-102.569,36.8988],[-102.5081,37.0586],[-102.3629,37.3295],[-102.2797,37.5201],[-102.2586,37.6311],[-102.2608,37.7181],[-102.2863,37.7814],[-102.296,37.8328],[-102.2898,37.8722],[-102.2926,37.9275],[-102.3043,37.9984],[-102.2957,38.0536],[-102.2667,38.0929],[-102.2608,38.1323],[-102.2778,38.1716],[-102.2713,38.2148],[-102.2413,38.262],[-102.2072,38.3005],[-102.1691,38.3304],[-102.1432,38.3774],[-102.1295,38.4416],[-102.1295,38.4753],[-102.1432,38.4785],[-102.17,38.4688],[-102.21,38.4463],[-102.25,38.4077],[-102.29,38.3531],[-102.315,38.3247],[-102.325,38.3224],[-102.3301,38.3359],[-102.3304,38.3651],[-102.3191,38.4345],[-102.2962,38.5441],[-102.2531,38.6574],[-102.1899,38.7745],[-102.1514,38.8758],[-102.1374,38.9614],[-102.0926,39.0507],[-102.017,39.1439],[-101.9719,39.2136],[-101.9574,39.2601],[-101.9102,39.2901],[-101.8301,39.3036],[-101.7726,39.319],[-101.7379,39.3365],[-101.7249,39.353],[-101.7338,39.3684],[-101.767,39.3878],[-101.8246,39.411],[-101.8526,39.4392],[-101.8509,39.4725],[-101.835,39.5065],[-101.805,39.5412],[-101.785,39.5616],[-101.775,39.5679],[-101.745,39.5678],[-101.695,39.5613],[-101.6437,39.5782],[-101.5912,39.6184],[-101.5062,39.6671],[-101.3887,39.7242],[-101.3249,39.7511],[-101.3147,39.7479],[-101.3235,39.7155],[-101.3514,39.6539],[-101.3655,39.6],[-101.366,39.5538],[-101.3422,39.5198],[-101.2941,39.4983],[-101.235,39.4903],[-101.165,39.4959],[-101.1243,39.4912],[-101.1128,39.4763],[-101.1028,39.4218],[-101.0943,39.3274],[-101.0613,39.2732],[-101.0039,39.2593],[-100.9652,39.2446],[-100.945,39.2291],[-100.9476,39.1749],[-100.9731,39.0818],[-100.9827,39.008],[-100.9765,38.9536],[-100.9783,38.9108],[-100.9883,38.8797],[-100.9875,38.8607],[-100.9758,38.854],[-100.9515,38.8696],[-100.9144,38.9074],[-100.8394,38.9579],[-100.7265,39.0209],[-100.61,39.0586],[-100.49,39.0708],[-100.405,39.0695],[-100.355,39.0546],[-100.3062,39.0558],[-100.2587,39.0731],[-100.1787,39.0832],[-100.0662,39.086],[-99.975,39.095],[-99.905,39.1102],[-99.8347,39.1399],[-99.7642,39.1839],[-99.7092,39.2387],[-99.6697,39.3041],[-99.6385,39.3041],[-99.6156,39.2387],[-99.5873,39.1865],[-99.5536,39.1478],[-99.5567,39.1012],[-99.5966,39.0469],[-99.6162,39.008],[-99.6153,38.9847],[-99.6036,38.9646],[-99.5812,38.9478],[-99.5696,38.9127],[-99.5689,38.8596],[-99.6183,38.7355],[-99.7179,38.5402],[-99.7967,38.411],[-99.8548,38.3483],[-99.8861,38.2934],[-99.8908,38.2463],[-99.9201,38.1441],[-99.9741,37.9866],[-100.0083,37.905],[-100.0228,37.8996],[-100.045,37.904],[-100.075,37.9185],[-100.135,37.9245],[-100.225,37.9222],[-100.2824,37.9138],[-100.3072,37.8992],[-100.3122,37.8812],[-100.2974,37.8598],[-100.2686,37.844],[-100.2259,37.8339],[-100.2135,37.813],[-100.2316,37.7814],[-100.2373,37.726],[-100.2305,37.6469],[-100.2365,37.5914],[-100.2554,37.5597],[-100.2462,37.5345],[-100.2087,37.5158],[-100.1876,37.492],[-100.1827,37.4631],[-100.1953,37.4169],[-100.2254,37.3533],[-100.2378,37.2983],[-100.2326,37.2518],[-100.225,37.2248],[-100.215,37.2173],[-100.1693,37.2446],[-100.088,37.3065],[-100.028,37.3432],[-99.9893,37.3549],[-99.95,37.3898],[-99.91,37.4479],[-99.88,37.4777],[-99.86,37.479],[-99.8336,37.4719],[-99.8007,37.4564],[-99.768,37.4209],[-99.7355,37.3653],[-99.7329,37.2579],[-99.7605,37.0985],[-99.7712,36.9987],[-99.7651,36.9588],[-99.7541,36.9381],[-99.738,36.9368],[-99.705,36.9664],[-99.655,37.0268],[-99.6086,37.1073],[-99.5659,37.2077],[-99.5038,37.3016],[-99.4223,37.3891],[-99.3782,37.4487],[-99.3717,37.4804],[-99.3502,37.5161],[-99.3138,37.5558],[-99.2931,37.5994],[-99.2883,37.6469],[-99.2723,37.6944],[-99.245,37.7419],[-99.201,37.778],[-99.1403,37.8027],[-99.0954,37.8106],[-99.0663,37.8017],[-99.0362,37.7735],[-99.0052,37.726],[-99.0048,37.6849],[-99.0349,37.6501],[-99.0569,37.6145],[-99.0708,37.578],[-99.0808,37.5234],[-99.0869,37.4506],[-99.075,37.4116],[-99.045,37.4062],[-99.02,37.3917],[-99.0,37.3681],[-98.97,37.3607],[-98.93,37.3694],[-98.9029,37.3647],[-98.8886,37.3465],[-98.9003,37.2977],[-98.9379,37.2181],[-98.9907,37.1424],[-99.0585,37.0706],[-99.1518,36.952],[-99.2706,36.7864],[-99.34,36.7044],[-99.36,36.7062],[-99.3734,36.717],[-99.3801,36.7368],[-99.3776,36.7788],[-99.3659,36.8428],[-99.3702,36.9028],[-99.3907,36.9588],[-99.3982,37.0285],[-99.3927,37.1119],[-99.43,37.1041],[-99.51,37.005],[-99.5923,36.9313],[-99.6769,36.883],[-99.7182,36.8388],[-99.7162,36.7988],[-99.7289,36.7628],[-99.7563,36.7309],[-99.79,36.7091],[-99.83,36.6973],[-99.875,36.6717],[-99.925,36.6324],[-99.9586,36.6142],[-99.9757,36.617],[-99.9901,36.6304],[-100.0019,36.6545],[-100.0183,36.6715],[-100.0394,36.6813],[-100.075,36.6547],[-100.125,36.5917],[-100.175,36.5626],[-100.225,36.5675],[-100.2612,36.562],[-100.2836,36.5461],[-100.2971,36.5301],[-100.3016,36.514],[-100.296,36.4899],[-100.2802,36.4577],[-100.2891,36.3732],[-100.3225,36.2362],[-100.3351,36.1474],[-100.3267,36.107],[-100.2994,36.0894],[-100.2531,36.0946],[-100.2302,36.0704],[-100.2306,36.0166],[-100.2679,35.9412],[-100.3419,35.844],[-100.4788,35.706],[-100.6785,35.5272],[-100.7869,35.3928],[-100.804,35.303],[-100.8069,35.2454],[-100.7956,35.2198],[-100.775,35.2044],[-100.745,35.1991],[-100.7054,35.2078],[-100.6563,35.2305],[-100.5713,35.3149],[-100.4504,35.4608],[-100.355,35.5582],[-100.285,35.6074],[-100.235,35.6368],[-100.205,35.6465],[-100.17,35.6464],[-100.13,35.6365],[-100.09,35.6344],[-100.05,35.6402],[-99.97,35.6811],[-99.85,35.7569],[-99.755,35.807],[-99.685,35.8315],[-99.635,35.8447],[-99.605,35.8468],[-99.58,35.8331],[-99.56,35.8039],[-99.5297,35.7827],[-99.4892,35.7695],[-99.4591,35.7304],[-99.4394,35.6654],[-99.4444,35.6167],[-99.4741,35.5841],[-99.5092,35.5638],[-99.5497,35.5556],[-99.59,35.5394],[-99.63,35.5153],[-99.695,35.5027],[-99.785,35.5016],[-99.8308,35.5178],[-99.8325,35.5512],[-99.8425,35.5735],[-99.8608,35.5849],[-99.905,35.5749],[-99.975,35.5435],[-100.0599,35.489],[-100.1598,35.4113],[-100.2325,35.3398],[-100.2781,35.2745],[-100.3207,35.2255],[-100.3604,35.1928],[-100.3887,35.1437],[-100.4055,35.0783],[-100.4013,35.0414],[-100.3759,35.0333],[-100.3726,35.0128],[-100.3915,34.98],[-100.4023,34.939],[-100.405,34.8898],[-100.4572,34.8281],[-100.5591,34.7538],[-100.6344,34.6839],[-100.6833,34.6185],[-100.7077,34.5734],[-100.7076,34.5487],[-100.6891,34.5157],[-100.6523,34.4745],[-100.6288,34.4374],[-100.6185,34.4044],[-100.5898,34.3673],[-100.5426,34.326],[-100.5367,34.2822],[-100.5722,34.2358],[-100.615,34.199],[-100.665,34.1717],[-100.702,34.137],[-100.7259,34.0948],[-100.7559,34.0616],[-100.792,34.0374],[-100.8213,34.0084],[-100.8438,33.9746],[-100.8468,33.9203],[-100.8302,33.8456],[-100.8161,33.7209],[-100.8044,33.5461],[-100.8314,33.4556],[-100.8971,33.4497],[-100.9399,33.4414],[-100.9597,33.4305],[-100.9776,33.4084],[-100.9935,33.375],[-101.0007,33.3207],[-100.999,33.2455],[-101.0061,33.2023],[-101.022,33.1912],[-101.05,33.1891],[-101.09,33.1958],[-101.1217,33.193],[-101.145,33.1806],[-101.1731,33.1409],[-101.206,33.0738],[-101.231,33.0068],[-101.2481,32.9397],[-101.27,32.9008],[-101.2967,32.8901],[-101.3263,32.8943],[-101.3588,32.9134],[-101.3879,32.9732],[-101.4137,33.0738],[-101.4325,33.1266],[-101.4442,33.1315],[-101.47,33.1209],[-101.51,33.0947],[-101.5507,33.0545],[-101.592,33.0003],[-101.677,32.9223],[-101.8057,32.8203],[-101.905,32.7763],[-101.975,32.7902],[-102.03,32.8212],[-102.07,32.8692],[-102.13,32.8819],[-102.21,32.8593],[-102.2777,32.8247],[-102.3332,32.7781],[-102.385,32.7464],[-102.4334,32.7296],[-102.4657,32.7122],[-102.4819,32.6943],[-102.51,32.6886],[-102.55,32.6951],[-102.61,32.691],[-102.69,32.6763],[-102.77,32.6327],[-102.85,32.5603],[-102.8882,32.5439],[-102.8845,32.5835],[-102.8871,32.6117],[-102.8959,32.6286],[-102.9127,32.6426],[-102.9376,32.6537],[-102.9442,32.6789],[-102.9327,32.7183],[-102.9351,32.7548],[-102.9516,32.7885],[-102.9474,32.8473],[-102.9226,32.9313],[-102.9251,32.9906],[-102.955,33.0254],[-102.985,33.0415],[-103.015,33.0388],[-103.0344,33.0424],[-103.0431,33.0522],[-103.0393,33.0948]],[[-100.3875,35.1356],[-100.3839,35.1519],[-100.3581,35.1805],[-100.31,35.2214],[-100.2681,35.2704],[-100.2321,35.3275],[-100.182,35.3846],[-100.1177,35.4417],[-100.0617,35.4839],[-100.0139,35.5114],[-99.97,35.5204],[-99.93,35.5109],[-99.9062,35.4931],[-99.8987,35.467],[-99.9071,35.4254],[-99.9315,35.3683],[-99.9802,35.2993],[-100.0534,35.2184],[-100.115,35.1694],[-100.165,35.1525],[-100.215,35.1249],[-100.265,35.0867],[-100.31,35.0707],[-100.35,35.0769],[-100.3748,35.0918],[-100.3845,35.1155],[-100.3875,35.1356]],[[-99.9037,35.3883],[-99.8812,35.42],[-99.875,35.4207],[-99.885,35.3903],[-99.895,35.3713],[-99.905,35.3637],[-99.9112,35.363],[-99.9137,35.3693],[-99.9037,35.3883]],[[-100.0309,35.2168],[-99.9903,35.2648],[-99.97,35.2809],[-99.97,35.2651],[-99.985,35.2407],[-100.015,35.2077],[-100.0353,35.1916],[-100.0459,35.1924],[-100.0309,35.2168]]]}},{"type":"Feature","properties":{"c":"#00fb90","v0":0.04,"v1":0.05},"geometry":{"type":"Polygon","coordinates":[[[-86.3707,39.6756],[-86.3569,39.6882],[-86.3428,39.692],[-86.3285,39.6871],[-86.3237,39.677],[-86.3282,39.6616],[-86.3423,39.6578],[-86.3658,39.6655],[-86.3707,39.6756]],[[-86.3694,39.6753],[-86.3565,39.6872],[-86.3424,39.6872],[-86.3273,39.6753],[-86.3273,39.6646],[-86.3424,39.655],[-86.3565,39.655],[-86.3694,39.6646],[-86.3694,39.6753]]]}},{"type":"Feature","properties":{"c":"#00fb90","v0":0.04,"v1":0.05},"geometry":{"type":"Polygon","coordinates":[[[-106.9718,39.3414],[-106.9341,39.3646],[-106.9188,39.3684],[-106.9259,39.353],[-106.9448,39.3414],[-106.9754,39.3336],[-106.9718,39.3414]]]}},{"type":"Feature","properties":{"c":"#00fb90","v0":0.04,"v1":0.05},"geometry":{"type":"Polygon","coordinates":[[[-69.5022,39.1788],[-69.462,39.2175],[-69.4352,39.2563],[-69.4219,39.295],[-69.4089,39.3171],[-69.3963,39.3226],[-69.3828,39.3187],[-69.3684,39.3055],[-69.365,39.2679],[-69.3725,39.2059],[-69.3947,39.1593],[-69.4316,39.128],[-69.4681,39.1241],[-69.5043,39.1476],[-69.5022,39.1788]],[[-69.4677,39.1816],[-69.4292,39.2261],[-69.4043,39.2299],[-69.3929,39.1932],[-69.4029,39.1645],[-69.4343,39.1437],[-69.4592,39.1398],[-69.4777,39.1529],[-69.4677,39.1816]]]}},{"type":"Feature","properties":{"c":"#00fb90","v0":0.04,"v1":0.05},"geometry":{"type":"Polygon","coordinates":[[[-105.6112,39.2485],[-105.5959,39.2717],[-105.5587,39.2874],[-105.4996,39.2955],[-105.4603,39.2955],[-105.4409,39.2874],[-105.4559,39.2643],[-105.5053,39.2262],[-105.545,39.2071],[-105.575,39.2071],[-105.5972,39.2145],[-105.6116,39.2294],[-105.6112,39.2485]],[[-105.6044,39.2485],[-105.5848,39.2717],[-105.5419,39.2834],[-105.4757,39.2834],[-105.4645,39.2654],[-105.5082,39.2294],[-105.545,39.2114],[-105.575,39.2116],[-105.5961,39.2179],[-105.6082,39.2306],[-105.6044,39.2485]]]}},{"type":"Feature","properties":{"c":"#00fb90","v0":0.04,"v1":0.05},"geometry":{"type":"Polygon","coordinates":[[[-105.1409,39.1855],[-105.1203,39.2067],[-105.0888,39.2222],[-105.0464,39.232],[-105.0464,39.2174],[-105.0888,39.1783],[-105.1203,39.1628],[-105.1409,39.1709],[-105.1409,39.1855]],[[-105.1414,39.1826],[-105.1308,39.1981],[-105.1042,39.2136],[-105.0614,39.2291],[-105.0576,39.2183],[-105.0925,39.181],[-105.1192,39.1655],[-105.1375,39.1718],[-105.1414,39.1826]]]}},{"type":"Feature","properties":{"c":"#00fb90","v0":0.04,"v1":0.05},"geometry":{"type":"Polygon","coordinates":[[[-93.8389,39.0892],[-93.8196,39.1349],[-93.78,39.1678],[-93.72,39.188],[-93.6745,39.1884],[-93.6434,39.1691],[-93.6129,39.1245],[-93.5831,39.0546],[-93.5817,39.0119],[-93.6088,38.9964],[-93.6392,38.9871],[-93.6731,38.9841],[-93.7227,38.9958],[-93.788,39.0221],[-93.8277,39.043],[-93.8416,39.0585],[-93.8389,39.0892]],[[-93.8168,39.1159],[-93.7856,39.1531],[-93.755,39.1769],[-93.725,39.1873],[-93.7,39.1908],[-93.68,39.1874],[-93.6588,39.1752],[-93.6363,39.1543],[-93.6151,39.1128],[-93.5951,39.0507],[-93.5979,39.0119],[-93.6235,38.9964],[-93.6547,38.9891],[-93.6916,38.9901],[-93.7371,39.0056],[-93.7912,39.0357],[-93.8218,39.0624],[-93.8288,39.0857],[-93.8168,39.1159]]]}},{"type":"Feature","properties":{"c":"#00fb90","v0":0.04,"v1":0.05},"geometry":{"type":"Polygon","coordinates":[[[-107.9295,39.0413],[-107.9032,39.0536],[-107.855,39.0572],[-107.785,39.0521],[-107.73,39.0546],[-107.69,39.0647],[-107.65,39.0662],[-107.61,39.0593],[-107.56,39.0811],[-107.5,39.1316],[-107.46,39.1436],[-107.44,39.117],[-107.3832,39.0944],[-107.2895,39.0756],[-107.2645,39.0442],[-107.3082,39.0],[-107.36,38.9826],[-107.42,38.9921],[-107.4631,38.9754],[-107.4892,38.9323],[-107.5192,38.9046],[-107.5531,38.8923],[-107.5838,38.8884],[-107.6115,38.893],[-107.6365,38.9083],[-107.6588,38.9344],[-107.695,38.9568],[-107.745,38.9756],[-107.8,38.9843],[-107.86,38.983],[-107.9032,38.9955],[-107.9295,39.022],[-107.9295,39.0413]],[[-107.9242,39.0406],[-107.9014,39.0513],[-107.815,39.055],[-107.665,39.0515],[-107.58,39.0545],[-107.56,39.064],[-107.535,39.0879],[-107.505,39.1262],[-107.475,39.1335],[-107.445,39.1096],[-107.412,39.0976],[-107.3759,39.0974],[-107.3348,39.0896],[-107.2886,39.074],[-107.2817,39.0454],[-107.3139,39.0036],[-107.34,38.9824],[-107.36,38.9816],[-107.39,38.9899],[-107.43,39.0072],[-107.464,38.9896],[-107.492,38.9371],[-107.522,38.905],[-107.554,38.8934],[-107.5829,38.8895],[-107.6086,38.8933],[-107.6336,38.9094],[-107.6579,38.9377],[-107.695,38.9607],[-107.745,38.9785],[-107.8,38.9866],[-107.86,38.9851],[-107.9014,38.9971],[-107.9242,39.0225],[-107.9242,39.0406]]]}},{"type":"Feature","properties":{"c":"#00fb90","v0":0.04,"v1":0.05},"geometry":{"type":"Polygon","coordinates":[[[-107.2127,39.0949],[-107.1842,39.121],[-107.1521,39.1327],[-107.1163,39.1298],[-107.1113,39.1174],[-107.1371,39.0954],[-107.1692,39.0837],[-107.2077,39.0824],[-107.2127,39.0949]],[[-107.1914,39.1052],[-107.1771,39.121],[-107.1553,39.1288],[-107.1259,39.1285],[-107.1209,39.1192],[-107.1403,39.1008],[-107.1621,39.093],[-107.1864,39.0959],[-107.1914,39.1052]]]}},{"type":"Feature","properties":{"c":"#00fb90","v0":0.04,"v1":0.05},"geometry":{"type":"Polygon","coordinates":[[[-105.3912,38.9078],[-105.3104,38.995],[-105.25,39.0489],[-105.21,39.0694],[-105.18,39.0763],[-105.1601,39.0696],[-105.1459,39.0546],[-105.1374,39.0313],[-105.1409,39.0041],[-105.1565,38.973],[-105.2107,38.9341],[-105.3036,38.8873],[-105.365,38.8605],[-105.395,38.8537],[-105.4154,38.8537],[-105.4262,38.8606],[-105.3912,38.9078]],[[-105.3861,38.9071],[-105.3087,38.9931],[-105.255,39.0448],[-105.225,39.0625],[-105.1967,39.0701],[-105.17,39.0676],[-105.1522,39.0507],[-105.1434,39.0197],[-105.1464,38.9925],[-105.1612,38.9691],[-105.2139,38.9349],[-105.3046,38.8897],[-105.3687,38.8664],[-105.4061,38.8649],[-105.3861,38.9071]]]}},{"type":"Feature","properties":{"c":"#00fb90","v0":0.04,"v1":0.05},"geometry":{"type":"Polygon","coordinates":[[[-108.7144,38.9169],[-108.7115,38.9291],[-108.7,38.9386],[-108.68,38.9455],[-108.615,38.9387],[-108.505,38.9185],[-108.4289,38.8856],[-108.3866,38.8401],[-108.3693,38.8018],[-108.3769,38.7706],[-108.3625,38.7355],[-108.326,38.6965],[-108.3148,38.6653],[-108.3288,38.6418],[-108.3044,38.6263],[-108.2415,38.6188],[-108.1802,38.6188],[-108.1207,38.6263],[-108.1057,38.6252],[-108.1352,38.6153],[-108.154,38.6035],[-108.1621,38.59],[-108.1571,38.5701],[-108.139,38.5439],[-108.0937,38.5126],[-108.0211,38.4762],[-107.9664,38.4345],[-107.9297,38.3875],[-107.91,38.3444],[-107.9073,38.3051],[-107.8944,38.2738],[-107.8714,38.2502],[-107.87,38.2266],[-107.8902,38.2031],[-107.9149,38.1913],[-107.944,38.1913],[-107.9716,38.2109],[-107.9978,38.2502],[-108.0087,38.2816],[-108.0043,38.3051],[-108.0317,38.3326],[-108.0907,38.364],[-108.1477,38.4091],[-108.2026,38.468],[-108.27,38.5096],[-108.35,38.5339],[-108.391,38.5554],[-108.3929,38.5739],[-108.3857,38.591],[-108.3692,38.6067],[-108.3761,38.6223],[-108.4066,38.6379],[-108.4263,38.6574],[-108.4352,38.6809],[-108.4523,38.7034],[-108.4774,38.725],[-108.492,38.7562],[-108.496,38.797],[-108.526,38.8301],[-108.582,38.8556],[-108.63,38.8709],[-108.67,38.8759],[-108.6965,38.8865],[-108.7094,38.9027],[-108.7144,38.9169]],[[-108.7098,38.9186],[-108.7016,38.9341],[-108.6856,38.9432],[-108.6619,38.9459],[-108.595,38.9343],[-108.485,38.9084],[-108.4149,38.876],[-108.3848,38.8369],[-108.3733,38.8018],[-108.3804,38.7706],[-108.3676,38.7394],[-108.3349,38.7082],[-108.3189,38.6809],[-108.3198,38.6574],[-108.3277,38.6405],[-108.3426,38.6301],[-108.365,38.6281],[-108.395,38.6346],[-108.43,38.6634],[-108.47,38.7144],[-108.4907,38.7593],[-108.492,38.798],[-108.522,38.8305],[-108.5807,38.8568],[-108.6298,38.8723],[-108.6695,38.8772],[-108.6955,38.8875],[-108.7078,38.903],[-108.7098,38.9186]],[[-108.3899,38.5773],[-108.3766,38.5967],[-108.36,38.6096],[-108.34,38.6162],[-108.2908,38.6144],[-108.2123,38.604],[-108.165,38.5832],[-108.1489,38.5519],[-108.0984,38.5128],[-108.0135,38.4659],[-107.9576,38.4228],[-107.9306,38.3836],[-107.9154,38.344],[-107.9118,38.3041],[-107.8995,38.2727],[-107.8786,38.2498],[-107.8736,38.2296],[-107.8845,38.212],[-107.905,38.1994],[-107.935,38.1917],[-107.9641,38.2084],[-107.9924,38.2494],[-108.0041,38.2816],[-107.9991,38.3051],[-108.0011,38.3208],[-108.01,38.3287],[-108.0402,38.3444],[-108.0918,38.3679],[-108.1457,38.4097],[-108.2019,38.4697],[-108.265,38.5076],[-108.335,38.5235],[-108.3766,38.5405],[-108.3899,38.5585],[-108.3899,38.5773]]]}},{"type":"Feature","properties":{"c":"#00fb90","v0":0.04,"v1":0.05},"geometry":{"type":"Polygon","coordinates":[[[-104.8033,38.7832],[-104.7811,38.8085],[-104.76,38.8236],[-104.74,38.8285],[-104.7236,38.8275],[-104.7109,38.8207],[-104.7065,38.8096],[-104.7106,38.794],[-104.727,38.7764],[-104.7557,38.7567],[-104.78,38.7482],[-104.8,38.7507],[-104.8111,38.7566],[-104.8133,38.7659],[-104.8033,38.7832]],[[-104.8016,38.7828],[-104.7805,38.8072],[-104.7544,38.8189],[-104.7231,38.8179],[-104.7181,38.8024],[-104.7394,38.7724],[-104.76,38.7546],[-104.78,38.7489],[-104.7955,38.7522],[-104.8066,38.7645],[-104.8016,38.7828]]]}},{"type":"Feature","properties":{"c":"#00fb90","v0":0.04,"v1":0.05},"geometry":{"type":"Polygon","coordinates":[[[-107.5382,38.6695],[-107.5194,38.6857],[-107.4908,38.6896],[-107.4523,38.6812],[-107.4473,38.6696],[-107.4758,38.6549],[-107.5044,38.651],[-107.5332,38.6579],[-107.5382,38.6695]],[[-107.5338,38.6692],[-107.5147,38.6848],[-107.4882,38.6887],[-107.4543,38.6809],[-107.4505,38.6701],[-107.4768,38.6564],[-107.5033,38.6525],[-107.53,38.6584],[-107.5338,38.6692]]]}},{"type":"Feature","properties":{"c":"#00fb90","v0":0.04,"v1":0.05},"geometry":{"type":"Polygon","coordinates":[[[-108.4095,34.458],[-108.35,34.4993],[-108.2989,34.561],[-108.2563,34.6434],[-108.2088,34.7098],[-108.1563,34.7605],[-108.11,34.7918],[-108.07,34.8038],[-108.04,34.8207],[-108.02,34.8422],[-107.97,34.8506],[-107.89,34.8457],[-107.8308,34.8528],[-107.7924,34.872],[-107.7738,34.9021],[-107.7749,34.9431],[-107.7629,34.9882],[-107.7376,35.0374],[-107.7053,35.0824],[-107.6661,35.1233],[-107.6475,35.1519],[-107.6494,35.1683],[-107.6702,35.1819],[-107.7101,35.1928],[-107.77,35.1828],[-107.85,35.1518],[-107.92,35.1392],[-107.98,35.1448],[-108.045,35.1152],[-108.115,35.0505],[-108.1621,35.0331],[-108.1864,35.0632],[-108.2243,35.0906],[-108.2758,35.1151],[-108.294,35.1519],[-108.2789,35.201],[-108.2463,35.2418],[-108.1963,35.2745],[-108.1719,35.3234],[-108.1731,35.3887],[-108.1828,35.4259],[-108.2009,35.4352],[-108.235,35.4338],[-108.285,35.4218],[-108.3129,35.4294],[-108.3188,35.4566],[-108.3088,35.4909],[-108.2829,35.5323],[-108.2648,35.577],[-108.2544,35.6251],[-108.153,35.7466],[-107.9606,35.9412],[-107.8466,36.0504],[-107.8112,36.0747],[-107.7376,36.1097],[-107.6259,36.1554],[-107.5616,36.1998],[-107.5447,36.2429],[-107.5097,36.271],[-107.4566,36.2842],[-107.417,36.3003],[-107.3911,36.3194],[-107.3711,36.3546],[-107.357,36.406],[-107.355,36.4355],[-107.365,36.443],[-107.39,36.4436],[-107.43,36.4374],[-107.4564,36.4402],[-107.4691,36.4519],[-107.4491,36.476],[-107.3964,36.5127],[-107.3675,36.5449],[-107.3624,36.5725],[-107.3724,36.5922],[-107.3975,36.6039],[-107.455,36.6077],[-107.545,36.6033],[-107.6064,36.6055],[-107.6391,36.6141],[-107.6382,36.6304],[-107.6037,36.6545],[-107.5573,36.6754],[-107.4991,36.693],[-107.4579,36.7011],[-107.4337,36.6994],[-107.4087,36.6859],[-107.3829,36.6603],[-107.3555,36.6523],[-107.3266,36.6618],[-107.2978,36.6986],[-107.2692,36.7628],[-107.2701,36.8068],[-107.3005,36.8308],[-107.2993,36.8703],[-107.2664,36.9252],[-107.2192,36.9772],[-107.1576,37.0261],[-107.123,37.1145],[-107.1154,37.242],[-107.0822,37.3335],[-107.0234,37.3891],[-106.9904,37.4566],[-106.9834,37.536],[-106.9994,37.5994],[-107.0385,37.6469],[-107.0526,37.7102],[-107.0418,37.7893],[-107.0251,37.8525],[-107.0026,37.8999],[-106.961,37.9473],[-106.9003,37.9947],[-106.845,38.0231],[-106.795,38.0325],[-106.74,38.052],[-106.68,38.0816],[-106.6446,38.124],[-106.6338,38.1793],[-106.596,38.2266],[-106.5311,38.2659],[-106.4938,38.313],[-106.4841,38.3679],[-106.5084,38.4189],[-106.5668,38.4659],[-106.5846,38.5167],[-106.562,38.5715],[-106.5155,38.6047],[-106.4452,38.6165],[-106.3806,38.6126],[-106.3217,38.593],[-106.2747,38.5441],[-106.2396,38.4659],[-106.2486,38.411],[-106.3018,38.3797],[-106.3254,38.3483],[-106.3194,38.3169],[-106.3012,38.2855],[-106.2708,38.2541],[-106.2864,38.1716],[-106.3479,38.0378],[-106.4015,37.9668],[-106.4472,37.9586],[-106.484,37.9428],[-106.512,37.9194],[-106.5257,37.888],[-106.5251,37.8485],[-106.5322,37.8091],[-106.5469,37.7695],[-106.5432,37.7351],[-106.5211,37.7057],[-106.49,37.6936],[-106.45,37.6988],[-106.415,37.7157],[-106.385,37.7443],[-106.35,37.7527],[-106.31,37.7408],[-106.275,37.7371],[-106.245,37.7415],[-106.19,37.791],[-106.11,37.8856],[-106.045,37.9335],[-105.995,37.9349],[-105.9497,37.9484],[-105.909,37.9739],[-105.8848,37.9945],[-105.8771,38.0103],[-105.8775,38.028],[-105.8858,38.0477],[-105.94,38.0571],[-106.04,38.0561],[-106.115,38.0451],[-106.165,38.0241],[-106.2092,38.0226],[-106.2476,38.0406],[-106.2379,38.0851],[-106.1801,38.1559],[-106.0987,38.2109],[-105.9937,38.2502],[-105.9234,38.292],[-105.8878,38.3364],[-105.84,38.331],[-105.78,38.2759],[-105.735,38.2491],[-105.705,38.2507],[-105.66,38.2723],[-105.6,38.3139],[-105.535,38.3238],[-105.465,38.302],[-105.4173,38.2819],[-105.392,38.2634],[-105.3799,38.2423],[-105.3812,38.2188],[-105.3953,38.1913],[-105.4223,38.1598],[-105.4626,38.1323],[-105.5161,38.1087],[-105.5441,38.0811],[-105.5465,38.0496],[-105.5383,38.0131],[-105.5194,37.9714],[-105.48,37.9326],[-105.42,37.8966],[-105.3837,37.8622],[-105.3711,37.8294],[-105.3805,37.7932],[-105.4117,37.7537],[-105.4322,37.6984],[-105.4418,37.6271],[-105.4675,37.5594],[-105.5092,37.4952],[-105.525,37.4577],[-105.515,37.4468],[-105.465,37.4579],[-105.375,37.4907],[-105.3,37.5323],[-105.24,37.5824],[-105.195,37.6083],[-105.165,37.61],[-105.144,37.5981],[-105.132,37.5725],[-105.1321,37.5439],[-105.1441,37.5122],[-105.1388,37.4765],[-105.1162,37.4368],[-105.1093,37.3851],[-105.1182,37.3215],[-105.1907,37.2539],[-105.3269,37.1822],[-105.4164,37.1264],[-105.4591,37.0865],[-105.5228,37.0576],[-105.6076,37.0397],[-105.6868,37.0117],[-105.7603,36.9738],[-105.8195,36.9228],[-105.8642,36.8588],[-105.8774,36.823],[-105.8591,36.8154],[-105.825,36.8174],[-105.775,36.8292],[-105.695,36.8723],[-105.585,36.9467],[-105.49,36.99],[-105.41,37.002],[-105.3646,36.9907],[-105.3538,36.9561],[-105.3538,36.9146],[-105.3646,36.8662],[-105.38,36.8375],[-105.4,36.8286],[-105.45,36.8257],[-105.53,36.8287],[-105.59,36.8233],[-105.63,36.8096],[-105.7349,36.7367],[-105.9047,36.6044],[-105.9935,36.5301],[-106.0015,36.514],[-105.9916,36.4938],[-105.9639,36.4695],[-105.9448,36.4373],[-105.9343,36.3972],[-105.951,36.341],[-105.9948,36.2684],[-106.0501,36.1965],[-106.1167,36.1251],[-106.17,36.0792],[-106.21,36.0589],[-106.25,36.0582],[-106.29,36.0773],[-106.315,36.1006],[-106.325,36.1281],[-106.3428,36.1362],[-106.3684,36.1248],[-106.3834,36.103],[-106.3879,36.0706],[-106.4088,36.0302],[-106.446,35.9817],[-106.465,35.9452],[-106.4656,35.921],[-106.4816,35.8805],[-106.5132,35.8237],[-106.5258,35.771],[-106.5194,35.7223],[-106.5349,35.6857],[-106.5722,35.6614],[-106.622,35.6167],[-106.6842,35.5516],[-106.7463,35.4987],[-106.8083,35.458],[-106.8654,35.3969],[-106.9176,35.3153],[-106.9342,35.2663],[-106.9154,35.25],[-106.8717,35.2336],[-106.8033,35.2173],[-106.7642,35.1969],[-106.7545,35.1724],[-106.8148,35.1055],[-106.9449,34.9962],[-107.03,34.9324],[-107.07,34.9144],[-107.13,34.8708],[-107.21,34.8017],[-107.275,34.7753],[-107.325,34.7918],[-107.365,34.7981],[-107.395,34.7943],[-107.4109,34.786],[-107.4128,34.7731],[-107.4021,34.7544],[-107.3788,34.7297],[-107.3716,34.7051],[-107.3805,34.6804],[-107.3963,34.6592],[-107.4188,34.6416],[-107.46,34.6239],[-107.52,34.6063],[-107.595,34.5639],[-107.685,34.4967],[-107.745,34.4584],[-107.775,34.4489],[-107.82,34.4644],[-107.88,34.5048],[-107.925,34.5208],[-107.955,34.5124],[-107.9799,34.4946],[-107.9996,34.4675],[-108.0105,34.4415],[-108.0125,34.4168],[-107.9933,34.3838],[-107.953,34.3425],[-107.9471,34.2908],[-107.9757,34.2286],[-108.01,34.1814],[-108.05,34.1493],[-108.11,34.1235],[-108.19,34.1039],[-108.2367,34.0767],[-108.2502,34.0416],[-108.2778,34.0116],[-108.3196,33.9867],[-108.3478,33.9603],[-108.3626,33.9325],[-108.376,33.9242],[-108.388,33.9355],[-108.3859,33.9494],[-108.3695,33.966],[-108.3611,33.9867],[-108.3606,34.0116],[-108.3349,34.0447],[-108.284,34.0861],[-108.2552,34.1193],[-108.2487,34.1441],[-108.2616,34.1695],[-108.2939,34.1955],[-108.3282,34.212],[-108.3645,34.2191],[-108.3836,34.2558],[-108.3854,34.3219],[-108.3996,34.3755],[-108.4261,34.4168],[-108.4095,34.458]],[[-108.4063,34.458],[-108.3455,34.4993],[-108.2974,34.5569],[-108.2621,34.631],[-108.215,34.6968],[-108.156,34.7544],[-108.1074,34.7882],[-108.0691,34.7985],[-108.04,34.8135],[-108.02,34.8332],[-107.97,34.842],[-107.89,34.84],[-107.83,34.8493],[-107.79,34.8697],[-107.7702,34.9008],[-107.7707,34.9427],[-107.7637,34.98],[-107.7492,35.0128],[-107.715,35.0619],[-107.661,35.1274],[-107.638,35.1659],[-107.646,35.1776],[-107.67,35.188],[-107.71,35.1971],[-107.77,35.1856],[-107.85,35.1536],[-107.92,35.1409],[-107.98,35.1474],[-108.045,35.119],[-108.115,35.0554],[-108.1606,35.0373],[-108.1818,35.0646],[-108.2171,35.0906],[-108.2663,35.1151],[-108.2857,35.1501],[-108.2752,35.1954],[-108.2439,35.2362],[-108.1918,35.2726],[-108.1651,35.3234],[-108.1638,35.3887],[-108.1389,35.4295],[-108.0903,35.4458],[-108.0528,35.4743],[-108.0266,35.515],[-107.9851,35.5557],[-107.9286,35.5963],[-107.8949,35.6451],[-107.8841,35.702],[-107.8865,35.7465],[-107.9022,35.7788],[-107.9336,35.7869],[-107.9807,35.7709],[-108.0272,35.7304],[-108.0729,35.6654],[-108.1143,35.585],[-108.1514,35.4891],[-108.205,35.4358],[-108.275,35.4251],[-108.3108,35.4364],[-108.3124,35.4698],[-108.3015,35.5028],[-108.2781,35.5353],[-108.2613,35.576],[-108.2512,35.6248],[-108.1471,35.7489],[-107.949,35.948],[-107.78,36.0789],[-107.64,36.1418],[-107.5602,36.1961],[-107.5405,36.2416],[-107.5055,36.2701],[-107.4552,36.2816],[-107.4161,36.2977],[-107.3882,36.3185],[-107.3682,36.3554],[-107.3561,36.4083],[-107.355,36.4383],[-107.365,36.4454],[-107.39,36.4457],[-107.43,36.4393],[-107.4558,36.4415],[-107.4673,36.4523],[-107.4473,36.4753],[-107.3958,36.5104],[-107.3663,36.5425],[-107.3588,36.5717],[-107.3688,36.5929],[-107.3963,36.6062],[-107.455,36.6105],[-107.545,36.6059],[-107.604,36.6073],[-107.6321,36.6147],[-107.6371,36.6271],[-107.619,36.6445],[-107.575,36.6649],[-107.505,36.6885],[-107.455,36.6974],[-107.425,36.6917],[-107.4,36.6773],[-107.38,36.6543],[-107.355,36.6481],[-107.325,36.6588],[-107.2954,36.6968],[-107.2661,36.7621],[-107.2644,36.8068],[-107.2904,36.8308],[-107.2901,36.8687],[-107.2634,36.9205],[-107.2166,36.9725],[-107.1497,37.0246],[-107.1147,37.1117],[-107.1116,37.2337],[-107.0783,37.3291],[-107.0149,37.3983],[-106.9808,37.4685],[-106.9761,37.5399],[-106.9935,37.5994],[-107.0329,37.6469],[-107.0408,37.726],[-107.017,37.8367],[-106.9676,37.9235],[-106.8928,37.9866],[-106.834,38.0209],[-106.7913,38.0264],[-106.74,38.0447],[-106.68,38.0758],[-106.6423,38.1203],[-106.6268,38.1781],[-106.5915,38.2227],[-106.5363,38.2541],[-106.4898,38.2934],[-106.452,38.3405],[-106.4718,38.3953],[-106.549,38.458],[-106.5782,38.5148],[-106.5594,38.5656],[-106.52,38.5976],[-106.46,38.6108],[-106.3999,38.6089],[-106.3396,38.5918],[-106.3035,38.5793],[-106.2916,38.5715],[-106.2723,38.5324],[-106.2456,38.4619],[-106.2626,38.411],[-106.3231,38.3797],[-106.33,38.3326],[-106.2831,38.2698],[-106.2895,38.1755],[-106.3492,38.0496],[-106.3817,37.9824],[-106.3872,37.9739],[-106.415,37.9642],[-106.465,37.9533],[-106.4997,37.9379],[-106.5191,37.9178],[-106.536,37.8683],[-106.5505,37.7893],[-106.5508,37.7373],[-106.5369,37.7124],[-106.52,37.6946],[-106.5,37.684],[-106.4727,37.6846],[-106.4382,37.6964],[-106.4082,37.7148],[-106.3827,37.7397],[-106.35,37.7463],[-106.31,37.7348],[-106.275,37.7314],[-106.245,37.7363],[-106.19,37.7833],[-106.11,37.8726],[-106.045,37.9209],[-105.995,37.9284],[-105.9483,37.9458],[-105.9049,37.973],[-105.8799,38.0063],[-105.8733,38.0457],[-105.8749,38.0664],[-105.885,38.0685],[-105.915,38.0646],[-105.965,38.0548],[-106.015,38.0521],[-106.065,38.0565],[-106.115,38.0483],[-106.165,38.0275],[-106.2073,38.0252],[-106.2419,38.0415],[-106.2319,38.084],[-106.1773,38.1528],[-106.0963,38.2078],[-105.9888,38.2492],[-105.9188,38.2906],[-105.8863,38.3321],[-105.85,38.3302],[-105.81,38.2851],[-105.78,38.2581],[-105.76,38.2493],[-105.735,38.2456],[-105.705,38.2471],[-105.66,38.2688],[-105.6,38.3107],[-105.535,38.3206],[-105.465,38.2984],[-105.4187,38.279],[-105.3961,38.2624],[-105.3849,38.2423],[-105.385,38.2188],[-105.399,38.1913],[-105.427,38.1598],[-105.4682,38.1323],[-105.5226,38.1087],[-105.55,38.0811],[-105.5503,38.0496],[-105.5422,38.0142],[-105.5256,37.9748],[-105.4886,37.9354],[-105.4312,37.8959],[-105.3941,37.8604],[-105.3775,37.8288],[-105.3844,37.7932],[-105.4149,37.7537],[-105.4352,37.6984],[-105.4452,37.6271],[-105.471,37.5558],[-105.5123,37.4844],[-105.5273,37.4455],[-105.5158,37.4391],[-105.465,37.4529],[-105.375,37.4869],[-105.29,37.5314],[-105.21,37.5864],[-105.1603,37.6043],[-105.1408,37.5852],[-105.137,37.5558],[-105.149,37.5161],[-105.1431,37.4765],[-105.1194,37.4368],[-105.1127,37.3851],[-105.123,37.3215],[-105.196,37.2539],[-105.3317,37.1822],[-105.4213,37.1264],[-105.4649,37.0865],[-105.5275,37.058],[-105.6092,37.0408],[-105.6874,37.0128],[-105.7622,36.9741],[-105.8232,36.9228],[-105.8705,36.8588],[-105.8831,36.8222],[-105.861,36.8129],[-105.825,36.8139],[-105.775,36.8252],[-105.7074,36.8618],[-105.6222,36.9238],[-105.5522,36.9643],[-105.4974,36.9834],[-105.445,36.9922],[-105.395,36.9906],[-105.3729,36.9531],[-105.3786,36.8796],[-105.4286,36.8403],[-105.5229,36.8352],[-105.6,36.8215],[-105.66,36.799],[-105.7307,36.7495],[-105.812,36.6728],[-105.8879,36.6104],[-105.9582,36.5622],[-105.9978,36.526],[-106.0068,36.5019],[-105.9993,36.4818],[-105.9754,36.4657],[-105.9571,36.4416],[-105.9445,36.4094],[-105.942,36.3772],[-105.9496,36.345],[-106.0025,36.2697],[-106.1008,36.151],[-106.17,36.0814],[-106.21,36.0608],[-106.2496,36.0596],[-106.2888,36.0777],[-106.3138,36.1031],[-106.3246,36.1355],[-106.3442,36.1436],[-106.3727,36.1273],[-106.3907,36.0989],[-106.3982,36.0585],[-106.4187,36.0181],[-106.4522,35.9776],[-106.4692,35.9452],[-106.4697,35.921],[-106.4855,35.8805],[-106.5167,35.8237],[-106.5262,35.7791],[-106.514,35.7466],[-106.5105,35.7223],[-106.5159,35.706],[-106.5372,35.6857],[-106.5747,35.6614],[-106.6245,35.6167],[-106.6868,35.5516],[-106.7493,35.4987],[-106.8121,35.458],[-106.8705,35.3969],[-106.9246,35.3153],[-106.9462,35.2668],[-106.9354,35.2515],[-106.89,35.2346],[-106.81,35.2161],[-106.7657,35.1952],[-106.7571,35.1718],[-106.8171,35.106],[-106.9457,34.9976],[-107.03,34.9344],[-107.07,34.9164],[-107.13,34.8729],[-107.21,34.8036],[-107.275,34.7775],[-107.325,34.7946],[-107.3653,34.8022],[-107.3959,34.8004],[-107.4136,34.7913],[-107.4184,34.7749],[-107.4079,34.7544],[-107.3821,34.7297],[-107.3736,34.7051],[-107.3826,34.6804],[-107.3979,34.6598],[-107.4193,34.6432],[-107.455,34.6289],[-107.505,34.6168],[-107.58,34.5744],[-107.68,34.5017],[-107.745,34.4611],[-107.775,34.4527],[-107.82,34.4684],[-107.88,34.5082],[-107.925,34.5238],[-107.955,34.5153],[-107.983,34.4844],[-108.0089,34.4311],[-108.0021,34.3838],[-107.9626,34.3425],[-107.9546,34.2922],[-107.9782,34.2327],[-108.01,34.1862],[-108.05,34.1527],[-108.095,34.1284],[-108.145,34.1133],[-108.185,34.1074],[-108.215,34.1108],[-108.2347,34.1277],[-108.2442,34.1579],[-108.2792,34.1881],[-108.3397,34.2182],[-108.3736,34.2678],[-108.3808,34.3369],[-108.3975,34.3879],[-108.4236,34.4209],[-108.4063,34.458]],[[-108.3831,33.9453],[-108.3744,33.9539],[-108.3669,33.9539],[-108.3606,33.9453],[-108.3606,33.9366],[-108.3669,33.9276],[-108.3744,33.9276],[-108.3831,33.9366],[-108.3831,33.9453]],[[-108.3505,34.0184],[-108.3368,34.0405],[-108.315,34.0597],[-108.285,34.0761],[-108.267,34.0816],[-108.2611,34.0764],[-108.2637,34.0571],[-108.2748,34.024],[-108.2977,34.0007],[-108.3326,33.9874],[-108.3518,33.9874],[-108.3555,34.0007],[-108.3505,34.0184]],[[-108.1574,35.4824],[-108.1528,35.5068],[-108.1385,35.5313],[-108.1144,35.5557],[-108.0998,35.5841],[-108.0948,35.6167],[-108.0695,35.6654],[-108.0241,35.7304],[-107.9785,35.7702],[-107.9328,35.7849],[-107.9029,35.7768],[-107.8888,35.7459],[-107.8913,35.6979],[-107.9103,35.6329],[-107.9464,35.5841],[-107.9994,35.5516],[-108.0369,35.515],[-108.059,35.4742],[-108.0853,35.4498],[-108.1158,35.4417],[-108.1383,35.4458],[-108.1526,35.462],[-108.1574,35.4824]]]}},{"type":"Feature","properties":{"c":"#00fb90","v0":0.04,"v1":0.05},"geometry":{"type":"Polygon","coordinates":[[[-105.9421,38.5192],[-105.9207,38.5477],[-105.895,38.5686],[-105.865,38.582],[-105.865,38.5655],[-105.895,38.5191],[-105.92,38.494],[-105.94,38.4901],[-105.9507,38.4924],[-105.9521,38.5008],[-105.9421,38.5192]],[[-105.9248,38.5239],[-105.8883,38.5617],[-105.879,38.5617],[-105.8971,38.5239],[-105.9154,38.505],[-105.9339,38.505],[-105.9248,38.5239]]]}},{"type":"Feature","properties":{"c":"#00fb90","v0":0.04,"v1":0.05},"geometry":{"type":"Polygon","coordinates":[[[-109.1291,38.4995],[-109.1164,38.5198],[-109.105,38.5294],[-109.095,38.5284],[-109.075,38.5195],[-109.045,38.5027],[-109.0,38.4902],[-108.94,38.4822],[-108.8803,38.4653],[-108.821,38.4396],[-108.801,38.4226],[-108.8203,38.4145],[-108.86,38.4193],[-108.92,38.4372],[-108.99,38.4506],[-109.07,38.4596],[-109.1164,38.4704],[-109.1291,38.483],[-109.1291,38.4995]],[[-109.1276,38.4986],[-109.1159,38.5172],[-109.105,38.526],[-109.095,38.5251],[-109.0168,38.5002],[-108.8703,38.4512],[-108.8053,38.4234],[-108.8218,38.4169],[-108.86,38.4224],[-108.92,38.44],[-108.985,38.4519],[-109.055,38.4583],[-109.1009,38.4685],[-109.1226,38.4824],[-109.1276,38.4986]]]}},{"type":"Feature","properties":{"c":"#00fb90","v0":0.04,"v1":0.05},"geometry":{"type":"Polygon","coordinates":[[[-106.0673,38.4659],[-106.0558,38.4815],[-106.045,38.4884],[-106.035,38.4864],[-106.0322,38.4786],[-106.0366,38.4649],[-106.0474,38.458],[-106.0645,38.458],[-106.0673,38.4659]]]}},{"type":"Feature","properties":{"c":"#00fb90","v0":0.04,"v1":0.05},"geometry":{"type":"Polygon","coordinates":[[[-109.2773,38.2947],[-109.2591,38.313],[-109.23,38.3222],[-109.19,38.3223],[-109.1825,38.3406],[-109.2075,38.3771],[-109.2075,38.4006],[-109.1825,38.4111],[-109.1468,38.4111],[-109.1004,38.4006],[-109.0604,38.3816],[-109.0268,38.354],[-108.995,38.3401],[-108.965,38.34],[-108.93,38.3308],[-108.89,38.3126],[-108.805,38.2949],[-108.675,38.2776],[-108.59,38.2789],[-108.55,38.2985],[-108.505,38.3114],[-108.455,38.3175],[-108.4215,38.3118],[-108.4045,38.2943],[-108.4095,38.2711],[-108.4365,38.2422],[-108.475,38.2185],[-108.525,38.2001],[-108.5926,38.1871],[-108.6779,38.1794],[-108.7286,38.1638],[-108.7448,38.1402],[-108.7509,38.0969],[-108.747,38.0339],[-108.7512,37.9999],[-108.7637,37.995],[-108.81,38.0136],[-108.89,38.0557],[-108.94,38.0959],[-108.96,38.1343],[-109.025,38.1641],[-109.135,38.1852],[-109.2141,38.2182],[-109.2623,38.2631],[-109.2773,38.2947]],[[-109.271,38.2955],[-109.2437,38.3155],[-109.2003,38.3194],[-109.1408,38.3073],[-109.1373,38.3208],[-109.1898,38.3601],[-109.2146,38.3863],[-109.2115,38.3994],[-109.2,38.4083],[-109.18,38.4127],[-109.145,38.4087],[-109.095,38.3963],[-109.06,38.3786],[-109.04,38.3556],[-109.01,38.3426],[-108.97,38.3398],[-108.93,38.3291],[-108.89,38.3106],[-108.8,38.2928],[-108.66,38.2758],[-108.575,38.277],[-108.545,38.2967],[-108.505,38.3096],[-108.455,38.3159],[-108.422,38.3107],[-108.4059,38.2939],[-108.4109,38.2714],[-108.437,38.2432],[-108.475,38.2201],[-108.525,38.2023],[-108.5938,38.1889],[-108.6815,38.18],[-108.7329,38.1638],[-108.7481,38.1402],[-108.7538,38.0969],[-108.7501,38.0339],[-108.7537,38.0006],[-108.7646,37.9971],[-108.81,38.0161],[-108.89,38.0576],[-108.94,38.0976],[-108.96,38.136],[-109.025,38.1656],[-109.135,38.1864],[-109.2137,38.219],[-109.261,38.2634],[-109.271,38.2955]]]}},{"type":"Feature","properties":{"c":"#00fb90","v0":0.04,"v1":0.05},"geometry":{"type":"Polygon","coordinates":[[[-105.2221,38.284],[-105.2007,38.3125],[-105.16,38.3316],[-105.1,38.3414],[-105.05,38.3417],[-105.01,38.3323],[-104.97,38.3149],[-104.93,38.2895],[-104.895,38.2748],[-104.865,38.271],[-104.8433,38.2614],[-104.83,38.2461],[-104.84,38.2237],[-104.8733,38.1944],[-104.905,38.1758],[-104.935,38.168],[-104.955,38.1803],[-104.965,38.2125],[-104.995,38.2285],[-105.045,38.2281],[-105.105,38.2336],[-105.175,38.2451],[-105.2157,38.2556],[-105.2271,38.2651],[-105.2221,38.284]],[[-105.2157,38.2855],[-105.1875,38.3169],[-105.1476,38.3355],[-105.0959,38.3414],[-105.05,38.3396],[-105.01,38.3301],[-104.97,38.3126],[-104.93,38.2871],[-104.895,38.2725],[-104.865,38.2688],[-104.844,38.2598],[-104.8319,38.2455],[-104.8419,38.2242],[-104.874,38.1958],[-104.905,38.178],[-104.935,38.1709],[-104.955,38.1836],[-104.965,38.2162],[-104.995,38.2317],[-105.045,38.2303],[-105.11,38.2396],[-105.1899,38.2598],[-105.2157,38.2855]]]}},{"type":"Feature","properties":{"c":"#00fb90","v0":0.04,"v1":0.05},"geometry":{"type":"Polygon","coordinates":[[[-94.302,38.2795],[-94.2807,38.299],[-94.2586,38.3029],[-94.2358,38.2913],[-94.2358,38.2756],[-94.2586,38.2557],[-94.28,38.2473],[-94.3,38.2505],[-94.3107,38.2565],[-94.312,38.2654],[-94.302,38.2795]],[[-94.2991,38.2788],[-94.2797,38.2968],[-94.2597,38.3007],[-94.239,38.2906],[-94.239,38.2763],[-94.2597,38.2578],[-94.2797,38.2539],[-94.2991,38.2645],[-94.2991,38.2788]]]}},{"type":"Feature","properties":{"c":"#00fb90","v0":0.04,"v1":0.05},"geometry":{"type":"Polygon","coordinates":[[[-111.4802,38.0181],[-111.4713,38.0496],[-111.4476,38.0842],[-111.4092,38.1217],[-111.3559,38.1296],[-111.2878,38.1078],[-111.2538,38.089],[-111.2538,38.0733],[-111.2728,38.058],[-111.3109,38.0431],[-111.34,38.0233],[-111.36,37.9984],[-111.39,37.985],[-111.43,37.9829],[-111.4587,37.987],[-111.476,37.9973],[-111.4802,38.0181]],[[-111.473,38.0334],[-111.4577,38.0639],[-111.43,38.0946],[-111.39,38.1257],[-111.34,38.1266],[-111.28,38.0975],[-111.285,38.0577],[-111.355,38.0073],[-111.4076,37.9832],[-111.4428,37.9855],[-111.4655,37.9945],[-111.4756,38.0103],[-111.473,38.0334]]]}},{"type":"Feature","properties":{"c":"#00fb90","v0":0.04,"v1":0.05},"geometry":{"type":"Polygon","coordinates":[[[-107.838,38.1185],[-107.806,38.1302],[-107.781,38.1184],[-107.763,38.0831],[-107.768,38.0649],[-107.796,38.0639],[-107.821,38.0757],[-107.843,38.1003],[-107.838,38.1185]],[[-107.8349,38.1171],[-107.805,38.1259],[-107.7835,38.1141],[-107.7704,38.0816],[-107.7754,38.0661],[-107.7985,38.0676],[-107.82,38.0794],[-107.8399,38.1015],[-107.8349,38.1171]]]}},{"type":"Feature","properties":{"c":"#00fb90","v0":0.04,"v1":0.05},"geometry":{"type":"Polygon","coordinates":[[[-105.2531,37.8446],[-105.1706,37.9393],[-105.0995,37.9992],[-105.0398,38.0244],[-104.995,38.0489],[-104.965,38.0727],[-104.93,38.089],[-104.89,38.0979],[-104.845,38.0983],[-104.795,38.0902],[-104.75,38.0964],[-104.71,38.1169],[-104.68,38.1253],[-104.66,38.1215],[-104.625,38.1064],[-104.575,38.0802],[-104.5363,38.0509],[-104.509,38.0185],[-104.4823,37.9511],[-104.4561,37.8485],[-104.4548,37.7839],[-104.4783,37.7572],[-104.5227,37.7335],[-104.5881,37.7127],[-104.6172,37.6865],[-104.6101,37.6548],[-104.6158,37.6152],[-104.6344,37.5677],[-104.5776,37.5439],[-104.4452,37.5439],[-104.3554,37.5201],[-104.308,37.4725],[-104.2838,37.4368],[-104.2828,37.4129],[-104.3092,37.3787],[-104.3631,37.3342],[-104.44,37.3115],[-104.54,37.3108],[-104.615,37.3046],[-104.665,37.2929],[-104.6938,37.2877],[-104.7013,37.2891],[-104.6895,37.3096],[-104.6581,37.3494],[-104.6694,37.3741],[-104.7231,37.3839],[-104.785,37.3806],[-104.855,37.3644],[-104.9004,37.3595],[-104.9211,37.366],[-104.9324,37.3812],[-104.9341,37.405],[-104.9166,37.4368],[-104.8801,37.4765],[-104.8732,37.5082],[-104.896,37.532],[-104.9074,37.5637],[-104.9075,37.6033],[-104.888,37.6746],[-104.849,37.7774],[-104.8245,37.8525],[-104.8144,37.8999],[-104.8145,37.9318],[-104.8248,37.9484],[-104.8465,37.9563],[-104.8795,37.9555],[-104.9161,37.9275],[-104.9564,37.8722],[-105.0349,37.8163],[-105.1516,37.7597],[-105.2273,37.732],[-105.262,37.7333],[-105.2831,37.7498],[-105.2906,37.7814],[-105.2531,37.8446]],[[-105.2498,37.8446],[-105.1668,37.9393],[-105.0965,37.9985],[-105.0388,38.0224],[-104.995,38.0463],[-104.965,38.0704],[-104.93,38.0869],[-104.89,38.0958],[-104.845,38.0962],[-104.795,38.088],[-104.75,38.0939],[-104.71,38.1138],[-104.68,38.1217],[-104.66,38.1179],[-104.6254,38.1033],[-104.5762,38.078],[-104.5381,38.0496],[-104.5111,38.0181],[-104.4845,37.9511],[-104.4583,37.8485],[-104.4564,37.7843],[-104.4788,37.7585],[-104.5207,37.7387],[-104.5821,37.725],[-104.6119,37.6984],[-104.6101,37.6588],[-104.6191,37.6152],[-104.6389,37.5677],[-104.5839,37.5439],[-104.454,37.5439],[-104.3636,37.5201],[-104.3125,37.4725],[-104.2864,37.4368],[-104.2851,37.4129],[-104.3045,37.3812],[-104.3448,37.3414],[-104.3862,37.3178],[-104.4287,37.3104],[-104.505,37.3046],[-104.615,37.3005],[-104.6737,37.3002],[-104.6812,37.3038],[-104.6726,37.3215],[-104.6481,37.3533],[-104.6593,37.3741],[-104.7064,37.384],[-104.77,37.3811],[-104.85,37.3656],[-104.9,37.3611],[-104.92,37.3675],[-104.9307,37.3823],[-104.9321,37.4054],[-104.9144,37.4368],[-104.8777,37.4765],[-104.8706,37.5082],[-104.8933,37.532],[-104.905,37.5637],[-104.9057,37.6033],[-104.8865,37.6746],[-104.8473,37.7774],[-104.8228,37.8525],[-104.8128,37.8999],[-104.8134,37.9324],[-104.8245,37.95],[-104.8477,37.9579],[-104.8831,37.956],[-104.9205,37.9275],[-104.9598,37.8722],[-105.0371,37.8168],[-105.1524,37.761],[-105.226,37.7334],[-105.258,37.7338],[-105.2783,37.7498],[-105.287,37.7814],[-105.2498,37.8446]]]}},{"type":"Feature","properties":{"c":"#00fb90","v0":0.04,"v1":0.05},"geometry":{"type":"Polygon","coordinates":[[[-105.2663,38.0693],[-105.2486,38.0772],[-105.2473,38.0722],[-105.2624,38.0543],[-105.2713,38.0503],[-105.2739,38.0604],[-105.2663,38.0693]]]}},{"type":"Feature","properties":{"c":"#00fb90","v0":0.04,"v1":0.05},"geometry":{"type":"Polygon","coordinates":[[[-108.444,38.0177],[-108.408,38.0485],[-108.34,38.0586],[-108.24,38.0482],[-108.1769,38.0368],[-108.1507,38.0243],[-108.137,38.0024],[-108.1359,37.9708],[-108.1688,37.9314],[-108.2357,37.8841],[-108.2794,37.8591],[-108.2998,37.8565],[-108.342,37.8801],[-108.4059,37.9301],[-108.4439,37.9669],[-108.4559,37.9906],[-108.444,38.0177]],[[-108.4389,38.0161],[-108.4063,38.0436],[-108.335,38.0519],[-108.225,38.0411],[-108.1637,38.0313],[-108.151,38.0225],[-108.1446,38.0024],[-108.1444,37.9708],[-108.1657,37.9456],[-108.2086,37.9266],[-108.24,37.9055],[-108.26,37.8823],[-108.28,37.8693],[-108.3,37.8666],[-108.34,37.8878],[-108.4,37.9329],[-108.4363,37.9672],[-108.4489,37.9906],[-108.4389,38.0161]]]}},{"type":"Feature","properties":{"c":"#00fb90","v0":0.04,"v1":0.05},"geometry":{"type":"Polygon","coordinates":[[[-111.7258,37.9748],[-111.7127,37.9827],[-111.69,37.9787],[-111.6575,37.963],[-111.6484,37.9495],[-111.6628,37.9384],[-111.6856,37.9423],[-111.7167,37.9613],[-111.7258,37.9748]],[[-111.7074,37.9719],[-111.6825,37.9739],[-111.664,37.97],[-111.652,37.96],[-111.6565,37.9511],[-111.6775,37.9433],[-111.696,37.9472],[-111.7119,37.963],[-111.7074,37.9719]]]}},{"type":"Feature","properties":{"c":"#00fb90","v0":0.04,"v1":0.05},"geometry":{"type":"Polygon","coordinates":[[[-99.2964,37.9189],[-99.2788,37.9413],[-99.275,37.9382],[-99.285,37.9096],[-99.2938,37.8984],[-99.3014,37.9046],[-99.2964,37.9189]]]}},{"type":"Feature","properties":{"c":"#00fb90","v0":0.04,"v1":0.05},"geometry":{"type":"Polygon","coordinates":[[[-108.6371,37.8809],[-108.6324,37.8902],[-108.615,37.8966],[-108.585,37.9001],[-108.55,37.8888],[-108.51,37.8629],[-108.4655,37.8446],[-108.4166,37.8341],[-108.4016,37.8172],[-108.4205,37.794],[-108.44,37.7802],[-108.46,37.776],[-108.48,37.786],[-108.5,37.8103],[-108.53,37.8243],[-108.57,37.8279],[-108.6024,37.8414],[-108.6271,37.8646],[-108.6371,37.8809]],[[-108.6295,37.8819],[-108.6165,37.8934],[-108.6,37.8993],[-108.58,37.8995],[-108.555,37.8878],[-108.525,37.864],[-108.485,37.848],[-108.435,37.8399],[-108.4092,37.8301],[-108.4077,37.8187],[-108.4227,37.8045],[-108.4542,37.7876],[-108.48,37.7925],[-108.5,37.8192],[-108.53,37.8326],[-108.57,37.8324],[-108.6015,37.8433],[-108.6245,37.8652],[-108.6295,37.8819]]]}},{"type":"Feature","properties":{"c":"#00fb90","v0":0.04,"v1":0.05},"geometry":{"type":"Polygon","coordinates":[[[-109.471,37.8182],[-109.457,37.8287],[-109.444,37.8287],[-109.4319,37.8182],[-109.4319,37.8085],[-109.444,37.7994],[-109.457,37.7994],[-109.471,37.8085],[-109.471,37.8182]],[[-109.4684,37.8175],[-109.4561,37.8265],[-109.4451,37.8265],[-109.4353,37.8175],[-109.4353,37.8091],[-109.4451,37.8014],[-109.4561,37.8014],[-109.4684,37.8091],[-109.4684,37.8175]]]}},{"type":"Feature","properties":{"c":"#00fb90","v0":0.04,"v1":0.05},"geometry":{"type":"Polygon","coordinates":[[[-112.5592,37.7475],[-112.5264,37.7746],[-112.5055,37.7786],[-112.4964,37.7594],[-112.4964,37.7419],[-112.5055,37.7262],[-112.52,37.7172],[-112.54,37.715],[-112.5564,37.719],[-112.5692,37.729],[-112.5592,37.7475]],[[-112.5661,37.7427],[-112.5554,37.7603],[-112.54,37.7729],[-112.52,37.7804],[-112.51,37.769],[-112.51,37.7386],[-112.52,37.7219],[-112.54,37.7187],[-112.5554,37.7213],[-112.5661,37.7297],[-112.5661,37.7427]]]}},{"type":"Feature","properties":{"c":"#00fb90","v0":0.04,"v1":0.05},"geometry":{"type":"Polygon","coordinates":[[[-111.6966,37.6786],[-111.6876,37.6944],[-111.6648,37.7101],[-111.6283,37.7257],[-111.588,37.7296],[-111.5441,37.722],[-111.5244,37.7102],[-111.5289,37.6944],[-111.5459,37.6791],[-111.5753,37.6644],[-111.61,37.6549],[-111.65,37.6506],[-111.6778,37.654],[-111.6934,37.6651],[-111.6966,37.6786]],[[-111.6941,37.6786],[-111.6848,37.6944],[-111.6626,37.7098],[-111.6275,37.7247],[-111.5889,37.7286],[-111.5467,37.7216],[-111.5277,37.7102],[-111.5317,37.6944],[-111.5478,37.6794],[-111.5759,37.6653],[-111.61,37.6562],[-111.65,37.6522],[-111.6772,37.6553],[-111.6916,37.6655],[-111.6941,37.6786]]]}},{"type":"Feature","properties":{"c":"#00fb90","v0":0.04,"v1":0.05},"geometry":{"type":"Polygon","coordinates":[[[-108.8621,37.7124],[-108.8407,37.7327],[-108.8078,37.7248],[-108.7634,37.6887],[-108.7634,37.667],[-108.8078,37.6596],[-108.8407,37.6676],[-108.8621,37.6907],[-108.8621,37.7124]],[[-108.8605,37.7119],[-108.8402,37.731],[-108.8089,37.7231],[-108.7668,37.6881],[-108.7668,37.6673],[-108.8089,37.6607],[-108.8402,37.6686],[-108.8605,37.6911],[-108.8605,37.7119]]]}},{"type":"Feature","properties":{"c":"#00fb90","v0":0.04,"v1":0.05},"geometry":{"type":"Polygon","coordinates":[[[-112.7004,37.6245],[-112.6935,37.6906],[-112.6798,37.7183],[-112.6595,37.7076],[-112.6345,37.6811],[-112.6048,37.6386],[-112.575,37.6146],[-112.545,37.6092],[-112.505,37.6107],[-112.455,37.6192],[-112.4223,37.6154],[-112.4068,37.5994],[-112.4064,37.5756],[-112.4213,37.5439],[-112.464,37.506],[-112.5347,37.462],[-112.5822,37.4461],[-112.6066,37.4584],[-112.6133,37.4804],[-112.6025,37.5122],[-112.6003,37.5353],[-112.6068,37.5498],[-112.63,37.5601],[-112.67,37.5659],[-112.6935,37.5745],[-112.7004,37.5858],[-112.7004,37.6245]],[[-112.6977,37.6223],[-112.6926,37.6841],[-112.665,37.6898],[-112.615,37.6396],[-112.55,37.6156],[-112.47,37.6178],[-112.4235,37.6081],[-112.4104,37.5864],[-112.4104,37.5644],[-112.4235,37.542],[-112.46,37.5101],[-112.52,37.4687],[-112.56,37.4465],[-112.58,37.4435],[-112.5967,37.4477],[-112.6102,37.4589],[-112.6115,37.4804],[-112.6006,37.5122],[-112.5987,37.536],[-112.606,37.5518],[-112.6297,37.563],[-112.6699,37.5695],[-112.6926,37.5775],[-112.6977,37.5868],[-112.6977,37.6223]]]}},{"type":"Feature","properties":{"c":"#00fb90","v0":0.04,"v1":0.05},"geometry":{"type":"Polygon","coordinates":[[[-103.5321,37.6033],[-103.52,37.6271],[-103.4929,37.6532],[-103.451,37.6816],[-103.405,37.696],[-103.355,37.6963],[-103.3,37.7051],[-103.24,37.7222],[-103.19,37.729],[-103.15,37.7256],[-103.1233,37.7185],[-103.1099,37.7077],[-103.1173,37.6825],[-103.1456,37.6429],[-103.1773,37.6135],[-103.2124,37.5943],[-103.2473,37.5863],[-103.2819,37.5897],[-103.3069,37.6035],[-103.3223,37.6275],[-103.365,37.6221],[-103.435,37.5874],[-103.48,37.5695],[-103.5,37.5682],[-103.517,37.5735],[-103.5311,37.5855],[-103.5321,37.6033]],[[-103.5301,37.6033],[-103.518,37.6271],[-103.4914,37.6528],[-103.4505,37.6805],[-103.405,37.6942],[-103.355,37.6939],[-103.3,37.7026],[-103.24,37.7204],[-103.19,37.7272],[-103.15,37.7232],[-103.1242,37.7165],[-103.1125,37.707],[-103.1205,37.6825],[-103.148,37.6429],[-103.1788,37.6138],[-103.2129,37.5952],[-103.2465,37.5873],[-103.2795,37.5901],[-103.3045,37.6047],[-103.3215,37.6311],[-103.365,37.6261],[-103.435,37.5897],[-103.48,37.5709],[-103.5,37.5697],[-103.5165,37.5747],[-103.5296,37.5859],[-103.5301,37.6033]]]}},{"type":"Feature","properties":{"c":"#00fb90","v0":0.04,"v1":0.05},"geometry":{"type":"Polygon","coordinates":[[[-112.3093,37.6121],[-112.2698,37.6534],[-112.23,37.673],[-112.19,37.6709],[-112.1623,37.6661],[-112.147,37.6586],[-112.1384,37.6429],[-112.1366,37.6192],[-112.1165,37.5875],[-112.0781,37.5479],[-112.0617,37.524],[-112.0672,37.516],[-112.115,37.5059],[-112.205,37.4935],[-112.2609,37.4935],[-112.2826,37.5059],[-112.3024,37.532],[-112.3201,37.5716],[-112.3093,37.6121]],[[-112.3076,37.6115],[-112.2692,37.6517],[-112.23,37.6705],[-112.19,37.668],[-112.1431,37.6321],[-112.0892,37.5627],[-112.1092,37.5183],[-112.2031,37.4987],[-112.2603,37.4948],[-112.281,37.5064],[-112.3002,37.532],[-112.3179,37.5716],[-112.3076,37.6115]]]}},{"type":"Feature","properties":{"c":"#00fb90","v0":0.04,"v1":0.05},"geometry":{"type":"Polygon","coordinates":[[[-112.9567,37.5165],[-112.9522,37.5252],[-112.9419,37.5292],[-112.9256,37.5284],[-112.9206,37.5223],[-112.9269,37.5109],[-112.9372,37.5069],[-112.9517,37.5104],[-112.9567,37.5165]],[[-112.947,37.5161],[-112.9315,37.5241],[-112.9254,37.5233],[-112.9285,37.514],[-112.9362,37.51],[-112.9485,37.5114],[-112.947,37.5161]]]}},{"type":"Feature","properties":{"c":"#00fb90","v0":0.04,"v1":0.05},"geometry":{"type":"Polygon","coordinates":[[[-106.3605,36.9788],[-106.3485,37.0586],[-106.3344,37.1107],[-106.3181,37.135],[-106.3,37.1513],[-106.28,37.1596],[-106.23,37.165],[-106.15,37.1675],[-106.0997,37.1751],[-106.079,37.1878],[-106.0673,37.2459],[-106.0646,37.3494],[-106.0578,37.409],[-106.0469,37.4248],[-106.0186,37.4398],[-105.9729,37.4538],[-105.93,37.4562],[-105.89,37.447],[-105.8629,37.4321],[-105.8488,37.4114],[-105.8486,37.3692],[-105.8625,37.3056],[-105.8861,37.2579],[-105.9194,37.226],[-105.9401,37.1503],[-105.9481,37.0307],[-105.9648,36.9468],[-105.9903,36.8988],[-105.9963,36.8588],[-105.9827,36.8268],[-105.9796,36.8028],[-105.987,36.7868],[-106.0305,36.7522],[-106.1102,36.699],[-106.165,36.6702],[-106.195,36.6657],[-106.2195,36.6723],[-106.2386,36.6899],[-106.2487,36.7147],[-106.25,36.7467],[-106.2368,36.7948],[-106.2092,36.8588],[-106.1791,36.9068],[-106.1466,36.9388],[-106.1452,36.9594],[-106.1751,36.9686],[-106.1967,36.9566],[-106.2101,36.9234],[-106.2301,36.9034],[-106.2567,36.8964],[-106.2896,36.8964],[-106.3289,36.9034],[-106.353,36.9148],[-106.362,36.9308],[-106.3605,36.9788]],[[-106.3575,36.9748],[-106.348,37.0466],[-106.3349,37.0972],[-106.3183,37.1265],[-106.3,37.1457],[-106.28,37.1549],[-106.23,37.1614],[-106.15,37.1651],[-106.0991,37.1738],[-106.0774,37.1874],[-106.0632,37.2459],[-106.0566,37.3494],[-106.0482,37.409],[-106.038,37.4248],[-106.0121,37.4393],[-105.9707,37.4524],[-105.93,37.454],[-105.89,37.4442],[-105.8637,37.4297],[-105.8512,37.4106],[-105.8519,37.3851],[-105.8657,37.3533],[-105.8708,37.3255],[-105.8672,37.3016],[-105.8835,37.2698],[-105.9199,37.23],[-105.943,37.1464],[-105.953,37.0187],[-105.9699,36.9348],[-105.9936,36.8948],[-105.9993,36.8588],[-105.9868,36.8268],[-105.9841,36.8028],[-105.9911,36.7868],[-106.0334,36.7529],[-106.1111,36.7011],[-106.165,36.6741],[-106.195,36.6718],[-106.218,36.6777],[-106.2339,36.6916],[-106.243,36.7147],[-106.2453,36.7467],[-106.2148,36.8148],[-106.1517,36.9188],[-106.1375,36.9729],[-106.1725,36.9771],[-106.1965,36.9651],[-106.2095,36.9369],[-106.2295,36.9163],[-106.2565,36.9032],[-106.2871,36.8992],[-106.3212,36.9043],[-106.3442,36.9148],[-106.3563,36.9308],[-106.3575,36.9748]]]}},{"type":"Feature","properties":{"c":"#00fb90","v0":0.04,"v1":0.05},"geometry":{"type":"Polygon","coordinates":[[[-112.0907,37.4078],[-112.0769,37.4214],[-112.0664,37.4253],[-112.0592,37.4197],[-112.0592,37.4113],[-112.0664,37.4002],[-112.0769,37.3962],[-112.0907,37.3994],[-112.0907,37.4078]]]}},{"type":"Feature","properties":{"c":"#00fb90","v0":0.04,"v1":0.05},"geometry":{"type":"Polygon","coordinates":[[[-103.3175,37.3047],[-103.2992,37.3347],[-103.28,37.3518],[-103.26,37.356],[-103.26,37.3408],[-103.28,37.3061],[-103.295,37.2854],[-103.305,37.2788],[-103.3142,37.279],[-103.3225,37.2861],[-103.3175,37.3047]],[[-103.3135,37.3157],[-103.2978,37.3359],[-103.28,37.3478],[-103.26,37.3515],[-103.26,37.3385],[-103.28,37.3086],[-103.295,37.2906],[-103.305,37.2844],[-103.3128,37.2875],[-103.3185,37.2996],[-103.3135,37.3157]]]}},{"type":"Feature","properties":{"c":"#00fb90","v0":0.04,"v1":0.05},"geometry":{"type":"Polygon","coordinates":[[[-95.2102,37.1623],[-95.1527,37.226],[-95.1054,37.2672],[-95.0685,37.2859],[-95.039,37.2938],[-95.017,37.2911],[-95.007,37.2658],[-95.0088,37.2181],[-95.0177,37.1862],[-95.0336,37.1703],[-95.0737,37.148],[-95.1379,37.1194],[-95.185,37.1064],[-95.215,37.1089],[-95.2322,37.1152],[-95.2367,37.1254],[-95.2102,37.1623]],[[-95.2057,37.1623],[-95.148,37.226],[-95.1018,37.2667],[-95.0673,37.2844],[-95.0399,37.2923],[-95.0197,37.2906],[-95.0112,37.2658],[-95.0145,37.2181],[-95.0241,37.1862],[-95.0399,37.1703],[-95.0783,37.1485],[-95.1394,37.121],[-95.185,37.1088],[-95.215,37.1118],[-95.2311,37.1176],[-95.2334,37.1261],[-95.2057,37.1623]]]}},{"type":"Feature","properties":{"c":"#00fb90","v0":0.04,"v1":0.05},"geometry":{"type":"Polygon","coordinates":[[[-97.0482,36.9828],[-97.0202,37.0067],[-96.9772,37.0288],[-96.9191,37.0491],[-96.88,37.0531],[-96.8601,37.0408],[-96.8347,37.0107],[-96.8038,36.9628],[-96.7988,36.9294],[-96.8196,36.9104],[-96.845,36.9039],[-96.875,36.9097],[-96.915,36.9075],[-96.965,36.8974],[-97.0081,36.912],[-97.0442,36.9512],[-97.0482,36.9828]],[[-97.0447,36.9788],[-97.0336,36.9947],[-96.9986,37.0159],[-96.9395,37.0423],[-96.9,37.0531],[-96.88,37.0483],[-96.8635,37.0352],[-96.8506,37.0135],[-96.8506,36.9869],[-96.8635,36.9554],[-96.895,36.9332],[-96.945,36.9205],[-96.985,36.9197],[-97.015,36.9309],[-97.035,36.9451],[-97.0451,36.9622],[-97.0447,36.9788]]]}},{"type":"Feature","properties":{"c":"#00fb90","v0":0.04,"v1":0.05},"geometry":{"type":"Polygon","coordinates":[[[-104.9048,36.9259],[-104.8549,36.9641],[-104.8,36.9963],[-104.74,37.0227],[-104.6969,37.0356],[-104.6708,37.035],[-104.7058,37.0018],[-104.8019,36.936],[-104.865,36.9006],[-104.895,36.8957],[-104.9149,36.8967],[-104.9248,36.9034],[-104.9048,36.9259]],[[-104.9046,36.9228],[-104.8673,36.9548],[-104.8031,36.9868],[-104.7119,37.0187],[-104.7123,37.0027],[-104.8041,36.9387],[-104.8683,36.9067],[-104.9049,36.9068],[-104.9046,36.9228]]]}},{"type":"Feature","properties":{"c":"#00fb90","v0":0.04,"v1":0.05},"geometry":{"type":"Polygon","coordinates":[[[-104.8874,36.8028],[-104.8838,36.8188],[-104.869,36.8369],[-104.843,36.857],[-104.795,36.8733],[-104.725,36.886],[-104.6812,36.888],[-104.6635,36.8792],[-104.6885,36.8489],[-104.7562,36.7969],[-104.805,36.7709],[-104.835,36.7708],[-104.8598,36.7768],[-104.8794,36.7888],[-104.8874,36.8028]],[[-104.8852,36.8028],[-104.8818,36.8188],[-104.8676,36.8364],[-104.8425,36.8555],[-104.795,36.8713],[-104.725,36.8835],[-104.6823,36.886],[-104.6669,36.8785],[-104.6919,36.8491],[-104.7573,36.7977],[-104.805,36.7721],[-104.835,36.7721],[-104.8592,36.7778],[-104.8776,36.7891],[-104.8852,36.8028]]]}},{"type":"Feature","properties":{"c":"#00fb90","v0":0.04,"v1":0.05},"geometry":{"type":"Polygon","coordinates":[[[-104.5424,36.8028],[-104.5334,36.8188],[-104.5142,36.8297],[-104.4847,36.8355],[-104.475,36.8274],[-104.485,36.8054],[-104.5042,36.7945],[-104.5327,36.7947],[-104.5424,36.8028]],[[-104.5279,36.8175],[-104.5026,36.831],[-104.4846,36.835],[-104.4738,36.8295],[-104.4788,36.8176],[-104.4996,36.7992],[-104.5176,36.7912],[-104.5327,36.7936],[-104.5404,36.7988],[-104.5405,36.8068],[-104.5279,36.8175]]]}},{"type":"Feature","properties":{"c":"#00fb90","v0":0.04,"v1":0.05},"geometry":{"type":"Polygon","coordinates":[[[-104.7898,36.5536],[-104.7766,36.5846],[-104.74,36.606],[-104.68,36.6177],[-104.62,36.6388],[-104.56,36.6692],[-104.5167,36.6719],[-104.4901,36.6469],[-104.4803,36.6184],[-104.4873,36.5863],[-104.5256,36.5555],[-104.5952,36.5261],[-104.665,36.5092],[-104.735,36.5048],[-104.7766,36.5114],[-104.7898,36.5292],[-104.7898,36.5536]],[[-104.785,36.5662],[-104.7684,36.5903],[-104.7326,36.6072],[-104.6775,36.617],[-104.62,36.6366],[-104.56,36.666],[-104.5157,36.6651],[-104.4871,36.634],[-104.4821,36.6039],[-104.5007,36.575],[-104.55,36.5461],[-104.63,36.5172],[-104.695,36.5037],[-104.745,36.5054],[-104.7758,36.5182],[-104.7875,36.5422],[-104.785,36.5662]]]}},{"type":"Feature","properties":{"c":"#00fb90","v0":0.04,"v1":0.05},"geometry":{"type":"Polygon","coordinates":[[[-106.2849,36.3753],[-106.2616,36.4038],[-106.225,36.4183],[-106.175,36.4189],[-106.1398,36.4127],[-106.1193,36.3998],[-106.1172,36.3812],[-106.1333,36.3571],[-106.1585,36.3378],[-106.1928,36.3235],[-106.225,36.3172],[-106.255,36.3189],[-106.2766,36.3301],[-106.2899,36.3508],[-106.2849,36.3753]],[[-106.2786,36.3747],[-106.2595,36.402],[-106.225,36.4159],[-106.175,36.4163],[-106.1413,36.4108],[-106.1238,36.3991],[-106.1225,36.3812],[-106.1373,36.3571],[-106.161,36.3383],[-106.1937,36.3249],[-106.225,36.3209],[-106.255,36.3262],[-106.2745,36.3369],[-106.2836,36.3531],[-106.2786,36.3747]]]}},{"type":"Feature","properties":{"c":"#00fb90","v0":0.04,"v1":0.05},"geometry":{"type":"Polygon","coordinates":[[[-97.3423,36.2793],[-97.3208,36.3092],[-97.3062,36.3213],[-97.2986,36.3156],[-97.3036,36.3],[-97.3212,36.2744],[-97.335,36.258],[-97.345,36.251],[-97.3508,36.2517],[-97.3523,36.2602],[-97.3423,36.2793]]]}},{"type":"Feature","properties":{"c":"#00fb90","v0":0.04,"v1":0.05},"geometry":{"type":"Polygon","coordinates":[[[-105.4276,36.1353],[-105.3571,36.1999],[-105.2988,36.2304],[-105.2529,36.2269],[-105.21,36.232],[-105.17,36.2455],[-105.1242,36.2473],[-105.0727,36.2372],[-105.047,36.216],[-105.0474,36.1837],[-105.0551,36.1595],[-105.0703,36.1434],[-105.1009,36.1198],[-105.147,36.0889],[-105.21,36.0569],[-105.29,36.0238],[-105.35,36.0094],[-105.39,36.0135],[-105.4232,36.0374],[-105.4497,36.0811],[-105.4276,36.1353]],[[-105.4218,36.1339],[-105.3473,36.1958],[-105.29,36.2257],[-105.25,36.2237],[-105.205,36.2292],[-105.155,36.2423],[-105.11,36.2407],[-105.07,36.2244],[-105.0502,36.2041],[-105.0507,36.1798],[-105.0638,36.1555],[-105.0897,36.1312],[-105.1595,36.0918],[-105.2732,36.0371],[-105.35,36.0121],[-105.39,36.0169],[-105.4223,36.0402],[-105.4468,36.0821],[-105.4218,36.1339]]]}},{"type":"Feature","properties":{"c":"#00fb90","v0":0.04,"v1":0.05},"geometry":{"type":"Polygon","coordinates":[[[-99.6938,36.22],[-99.6774,36.2281],[-99.6744,36.2256],[-99.6848,36.2126],[-99.693,36.2086],[-99.699,36.2135],[-99.6938,36.22]]]}},{"type":"Feature","properties":{"c":"#00fb90","v0":0.04,"v1":0.05},"geometry":{"type":"Polygon","coordinates":[[[-100.444,36.0302],[-100.4204,36.0464],[-100.4119,36.0464],[-100.4186,36.0302],[-100.4304,36.0221],[-100.4474,36.0221],[-100.444,36.0302]]]}},{"type":"Feature","properties":{"c":"#00fb90","v0":0.04,"v1":0.05},"geometry":{"type":"Polygon","coordinates":[[[-112.9453,35.9254],[-112.9351,35.9263],[-112.93,35.9194],[-112.93,35.905],[-112.9351,35.9046],[-112.9453,35.9182],[-112.9453,35.9254]]]}},{"type":"Feature","properties":{"c":"#00fb90","v0":0.04,"v1":0.05},"geometry":{"type":"Polygon","coordinates":[[[-113.5607,35.6743],[-113.5402,35.6921],[-113.5174,35.6921],[-113.4923,35.6743],[-113.4923,35.6557],[-113.5174,35.6361],[-113.5402,35.6361],[-113.5607,35.6557],[-113.5607,35.6743]],[[-113.5584,35.6738],[-113.5395,35.6904],[-113.5186,35.6904],[-113.4959,35.6738],[-113.4959,35.6564],[-113.5186,35.6384],[-113.5395,35.6384],[-113.5584,35.6564],[-113.5584,35.6738]]]}},{"type":"Feature","properties":{"c":"#00fb90","v0":0.04,"v1":0.05},"geometry":{"type":"Polygon","coordinates":[[[-106.1545,35.4931],[-106.0715,35.604],[-105.97,35.6703],[-105.85,35.6921],[-105.7747,35.7017],[-105.7442,35.6992],[-105.73,35.6898],[-105.7321,35.6736],[-105.7674,35.6454],[-105.8358,35.6055],[-105.93,35.5291],[-106.05,35.4164],[-106.125,35.3661],[-106.155,35.3782],[-106.1765,35.3976],[-106.1895,35.4243],[-106.1545,35.4931]],[[-106.1535,35.4926],[-106.0712,35.6024],[-105.97,35.6681],[-105.85,35.6899],[-105.775,35.6971],[-105.745,35.6897],[-105.7365,35.6768],[-105.7494,35.6584],[-105.7802,35.637],[-105.8289,35.6126],[-105.8831,35.576],[-105.9426,35.5272],[-105.9875,35.4824],[-106.0177,35.4417],[-106.0521,35.4065],[-106.0907,35.377],[-106.125,35.3682],[-106.155,35.3802],[-106.1762,35.399],[-106.1885,35.4247],[-106.1535,35.4926]]]}},{"type":"Feature","properties":{"c":"#00fb90","v0":0.04,"v1":0.05},"geometry":{"type":"Polygon","coordinates":[[[-106.2808,34.9636],[-106.2391,35.0619],[-106.2166,35.1356],[-106.2134,35.1846],[-106.1997,35.2255],[-106.1758,35.2581],[-106.1454,35.2799],[-106.1085,35.2908],[-106.08,35.2804],[-106.06,35.2486],[-105.985,35.2584],[-105.855,35.3096],[-105.775,35.332],[-105.745,35.3257],[-105.7253,35.3023],[-105.7158,35.262],[-105.7329,35.2296],[-105.7767,35.205],[-105.8265,35.1666],[-105.8822,35.1142],[-105.955,35.0663],[-106.045,35.023],[-106.125,34.9643],[-106.195,34.8902],[-106.24,34.8485],[-106.26,34.8392],[-106.2747,34.8381],[-106.2842,34.8452],[-106.2922,34.8652],[-106.2985,34.898],[-106.2808,34.9636]],[[-106.2773,34.9677],[-106.2332,35.0742],[-106.2108,35.1478],[-106.2102,35.1887],[-106.1977,35.2255],[-106.1733,35.2581],[-106.1433,35.2791],[-106.1078,35.2884],[-106.08,35.2772],[-106.06,35.2454],[-105.985,35.2554],[-105.855,35.3072],[-105.775,35.3297],[-105.745,35.3228],[-105.724,35.3081],[-105.7121,35.2857],[-105.7084,35.2663],[-105.7129,35.25],[-105.7368,35.2296],[-105.7802,35.205],[-105.8289,35.1672],[-105.883,35.1159],[-105.955,35.0685],[-106.045,35.0247],[-106.125,34.9662],[-106.195,34.893],[-106.2431,34.8544],[-106.2694,34.8507],[-106.2867,34.8652],[-106.2952,34.898],[-106.2773,34.9677]]]}},{"type":"Feature","properties":{"c":"#00fb90","v0":0.04,"v1":0.05},"geometry":{"type":"Polygon","coordinates":[[[-105.6192,34.9231],[-105.6131,34.9403],[-105.59,34.9643],[-105.55,34.995],[-105.5076,35.0478],[-105.4627,35.1227],[-105.4396,35.1846],[-105.4381,35.2336],[-105.4262,35.2745],[-105.4041,35.3071],[-105.3722,35.3267],[-105.3307,35.3333],[-105.29,35.3292],[-105.25,35.3145],[-105.2288,35.299],[-105.2262,35.2826],[-105.2684,35.2132],[-105.3555,35.0906],[-105.4068,34.9963],[-105.4223,34.9304],[-105.44,34.8915],[-105.46,34.8794],[-105.5,34.8701],[-105.56,34.8633],[-105.5981,34.8736],[-105.6142,34.9008],[-105.6192,34.9231]],[[-105.6174,34.9226],[-105.6115,34.939],[-105.589,34.9616],[-105.5497,34.9904],[-105.5071,35.0437],[-105.4613,35.1213],[-105.4377,35.1846],[-105.4363,35.2336],[-105.4284,35.2704],[-105.4141,35.2949],[-105.3927,35.3147],[-105.3642,35.3297],[-105.3211,35.3297],[-105.2634,35.3147],[-105.2327,35.299],[-105.2293,35.2826],[-105.2711,35.2132],[-105.3582,35.0906],[-105.4098,34.9964],[-105.4259,34.9308],[-105.468,34.8891],[-105.536,34.8711],[-105.5826,34.8752],[-105.6077,34.9014],[-105.6174,34.9226]]]}},{"type":"Feature","properties":{"c":"#00fb90","v0":0.04,"v1":0.05},"geometry":{"type":"Polygon","coordinates":[[[-111.8752,35.1539],[-111.8584,35.1741],[-111.825,35.1849],[-111.775,35.186],[-111.74,35.2175],[-111.72,35.2793],[-111.7,35.3109],[-111.68,35.3126],[-111.6311,35.2669],[-111.5533,35.1739],[-111.5149,35.1028],[-111.5158,35.0537],[-111.5397,35.0224],[-111.5866,35.0089],[-111.635,35.0242],[-111.685,35.0683],[-111.745,35.0894],[-111.815,35.0874],[-111.8584,35.1008],[-111.8752,35.1294],[-111.8752,35.1539]],[[-111.8741,35.1534],[-111.858,35.1729],[-111.825,35.1824],[-111.775,35.1822],[-111.7356,35.2134],[-111.7069,35.2759],[-111.6869,35.3067],[-111.6756,35.3057],[-111.6577,35.2853],[-111.6332,35.2454],[-111.5982,35.205],[-111.5527,35.1641],[-111.5285,35.115],[-111.5254,35.0578],[-111.5454,35.0239],[-111.5885,35.0134],[-111.63,35.0272],[-111.67,35.0655],[-111.7,35.0881],[-111.72,35.0952],[-111.76,35.0971],[-111.82,35.0937],[-111.858,35.105],[-111.8741,35.1308],[-111.8741,35.1534]]]}},{"type":"Feature","properties":{"c":"#00fb90","v0":0.04,"v1":0.05},"geometry":{"type":"Polygon","coordinates":[[[-107.5841,35.2403],[-107.5614,35.2699],[-107.535,35.2889],[-107.505,35.2972],[-107.485,35.2987],[-107.475,35.2931],[-107.4689,35.2782],[-107.4666,35.254],[-107.4716,35.2325],[-107.4839,35.2138],[-107.51,35.2013],[-107.55,35.1948],[-107.5764,35.2],[-107.5891,35.217],[-107.5841,35.2403]],[[-107.5842,35.2336],[-107.5793,35.25],[-107.5651,35.2663],[-107.5417,35.2826],[-107.52,35.292],[-107.5,35.2945],[-107.485,35.2912],[-107.475,35.2821],[-107.4713,35.2646],[-107.474,35.2385],[-107.484,35.2188],[-107.5013,35.2055],[-107.525,35.1996],[-107.555,35.2013],[-107.5742,35.208],[-107.5825,35.2196],[-107.5842,35.2336]]]}},{"type":"Feature","properties":{"c":"#00fb90","v0":0.04,"v1":0.05},"geometry":{"type":"Polygon","coordinates":[[[-99.5967,34.7297],[-99.4874,34.8529],[-99.412,34.9255],[-99.3707,34.9477],[-99.315,34.9592],[-99.245,34.9599],[-99.18,34.9932],[-99.12,35.0589],[-99.065,35.0901],[-99.015,35.0868],[-98.955,35.096],[-98.885,35.1175],[-98.825,35.1506],[-98.775,35.1951],[-98.7319,35.2071],[-98.6957,35.1867],[-98.683,35.1601],[-98.6936,35.1274],[-98.7217,35.0925],[-98.7672,35.0554],[-98.83,35.02],[-98.91,34.9865],[-98.9659,34.9477],[-98.9977,34.9037],[-99.0727,34.8268],[-99.1909,34.7172],[-99.26,34.6597],[-99.28,34.6544],[-99.3,34.6606],[-99.32,34.6783],[-99.345,34.6824],[-99.375,34.6729],[-99.405,34.6725],[-99.435,34.6812],[-99.49,34.6467],[-99.57,34.569],[-99.6185,34.5358],[-99.6356,34.5471],[-99.646,34.5816],[-99.6495,34.6393],[-99.5967,34.7297]],[[-99.5942,34.7291],[-99.4847,34.8512],[-99.41,34.9229],[-99.37,34.9446],[-99.315,34.9561],[-99.245,34.9574],[-99.18,34.99],[-99.12,35.0537],[-99.065,35.0843],[-99.015,35.0819],[-98.955,35.0916],[-98.885,35.1135],[-98.825,35.1466],[-98.775,35.1909],[-98.7328,35.2039],[-98.6984,35.1856],[-98.6862,35.1601],[-98.6963,35.1274],[-98.7235,35.093],[-98.7678,35.0568],[-98.83,35.0224],[-98.91,34.9898],[-98.9664,34.9505],[-98.9993,34.9046],[-99.0743,34.8275],[-99.1914,34.719],[-99.26,34.6625],[-99.28,34.658],[-99.3,34.6646],[-99.32,34.6821],[-99.345,34.686],[-99.375,34.6763],[-99.405,34.6756],[-99.435,34.6838],[-99.49,34.649],[-99.57,34.5713],[-99.6178,34.5375],[-99.6335,34.5477],[-99.6432,34.5816],[-99.647,34.6393],[-99.5942,34.7291]]]}},{"type":"Feature","properties":{"c":"#00fb90","v0":0.04,"v1":0.05},"geometry":{"type":"Polygon","coordinates":[[[-108.7108,35.1367],[-108.6969,35.1554],[-108.67,35.164],[-108.63,35.1627],[-108.595,35.1534],[-108.5651,35.136],[-108.5481,35.1192],[-108.5441,35.1028],[-108.5591,35.0778],[-108.593,35.044],[-108.6369,35.0522],[-108.6908,35.1023],[-108.7108,35.1367]],[[-108.7052,35.1347],[-108.6951,35.1493],[-108.6776,35.1575],[-108.6528,35.1592],[-108.6311,35.156],[-108.6123,35.1478],[-108.5953,35.1315],[-108.5801,35.1069],[-108.5768,35.0908],[-108.5856,35.083],[-108.605,35.08],[-108.635,35.0818],[-108.6651,35.0938],[-108.6952,35.1162],[-108.7052,35.1347]]]}},{"type":"Feature","properties":{"c":"#00fb90","v0":0.04,"v1":0.05},"geometry":{"type":"Polygon","coordinates":[[[-112.0948,35.1028],[-112.0761,35.1192],[-112.0526,35.1299],[-112.0242,35.135],[-111.9916,35.1268],[-111.9548,35.1054],[-111.9415,35.0865],[-111.9516,35.0701],[-111.97,35.0567],[-111.9967,35.0463],[-112.0335,35.0545],[-112.0806,35.0813],[-112.0948,35.1028]],[[-112.091,35.1028],[-112.0724,35.1192],[-112.0498,35.1296],[-112.0233,35.1341],[-111.9923,35.1259],[-111.957,35.1051],[-111.9445,35.0865],[-111.9549,35.0701],[-111.9725,35.0571],[-111.9975,35.0475],[-112.0326,35.0557],[-112.0778,35.0817],[-112.091,35.1028]]]}},{"type":"Feature","properties":{"c":"#00fb90","v0":0.04,"v1":0.05},"geometry":{"type":"Polygon","coordinates":[[[-111.8751,35.051],[-111.8584,35.0621],[-111.8397,35.0539],[-111.819,35.0265],[-111.8113,35.0046],[-111.8165,34.9882],[-111.8278,34.98],[-111.8452,34.98],[-111.8613,34.9964],[-111.8761,35.0292],[-111.8751,35.051]],[[-111.8724,35.0493],[-111.8575,35.057],[-111.845,35.0547],[-111.835,35.0427],[-111.825,35.0266],[-111.8151,35.0065],[-111.8151,34.9917],[-111.825,34.9823],[-111.8382,34.9823],[-111.8546,34.9917],[-111.8671,35.0087],[-111.8756,35.0333],[-111.8724,35.0493]]]}},{"type":"Feature","properties":{"c":"#00fb90","v0":0.04,"v1":0.05},"geometry":{"type":"Polygon","coordinates":[[[-111.5711,34.9078],[-111.557,34.9274],[-111.54,34.935],[-111.52,34.9308],[-111.5026,34.921],[-111.4879,34.9057],[-111.4824,34.8857],[-111.4862,34.8611],[-111.4986,34.8475],[-111.5195,34.8448],[-111.542,34.8571],[-111.5661,34.8844],[-111.5711,34.9078]],[[-111.569,34.907],[-111.5563,34.925],[-111.54,34.932],[-111.52,34.9281],[-111.5033,34.9191],[-111.4898,34.9051],[-111.4848,34.8864],[-111.4883,34.8632],[-111.5,34.8504],[-111.52,34.8479],[-111.5413,34.8595],[-111.564,34.8852],[-111.569,34.907]]]}},{"type":"Feature","properties":{"c":"#00fb90","v0":0.04,"v1":0.05},"geometry":{"type":"Polygon","coordinates":[[[-98.98,34.7718],[-98.96,34.8148],[-98.93,34.8501],[-98.89,34.8777],[-98.8623,34.8685],[-98.8468,34.8226],[-98.8454,34.7831],[-98.8579,34.7503],[-98.8856,34.7207],[-98.9285,34.6946],[-98.96,34.6987],[-98.98,34.7331],[-98.98,34.7718]],[[-98.9784,34.7711],[-98.9595,34.8128],[-98.93,34.8471],[-98.89,34.874],[-98.8629,34.8654],[-98.8486,34.8215],[-98.8477,34.7831],[-98.8602,34.7503],[-98.8873,34.7216],[-98.9291,34.6971],[-98.9595,34.7012],[-98.9784,34.7339],[-98.9784,34.7711]]]}},{"type":"Feature","properties":{"c":"#00fb90","v0":0.04,"v1":0.05},"geometry":{"type":"Polygon","coordinates":[[[-110.6221,34.4974],[-110.6007,34.5183],[-110.565,34.5382],[-110.515,34.557],[-110.465,34.6233],[-110.415,34.7371],[-110.335,34.803],[-110.225,34.8212],[-110.1607,34.8185],[-110.1422,34.7949],[-110.1337,34.7749],[-110.1353,34.7585],[-110.1611,34.7297],[-110.211,34.6886],[-110.2495,34.6477],[-110.2765,34.6071],[-110.345,34.5535],[-110.455,34.4867],[-110.535,34.4559],[-110.585,34.4609],[-110.6157,34.4693],[-110.6271,34.481],[-110.6221,34.4974]],[[-110.6196,34.4967],[-110.5999,34.5162],[-110.565,34.5349],[-110.515,34.5526],[-110.465,34.6183],[-110.415,34.7318],[-110.37,34.7894],[-110.33,34.7915],[-110.29,34.8012],[-110.25,34.8187],[-110.215,34.8262],[-110.185,34.8235],[-110.1616,34.8124],[-110.1449,34.7929],[-110.1371,34.7749],[-110.1381,34.7585],[-110.1645,34.7297],[-110.2162,34.6886],[-110.2541,34.6489],[-110.278,34.6105],[-110.345,34.5574],[-110.455,34.4895],[-110.5241,34.4551],[-110.5523,34.4543],[-110.5821,34.4622],[-110.6136,34.4786],[-110.6196,34.4967]]]}},{"type":"Feature","properties":{"c":"#00fb90","v0":0.04,"v1":0.05},"geometry":{"type":"Polygon","coordinates":[[[-105.5949,34.4993],[-105.5783,34.5242],[-105.545,34.5418],[-105.495,34.5521],[-105.4459,34.6097],[-105.3978,34.7144],[-105.3628,34.7757],[-105.3409,34.7939],[-105.315,34.7907],[-105.285,34.7664],[-105.24,34.7652],[-105.18,34.7871],[-105.118,34.7984],[-105.0541,34.7992],[-105.03,34.779],[-105.046,34.7379],[-105.073,34.7032],[-105.111,34.6747],[-105.235,34.6098],[-105.445,34.5083],[-105.56,34.4587],[-105.58,34.4611],[-105.5933,34.4685],[-105.5999,34.4808],[-105.5949,34.4993]],[[-105.5873,34.5012],[-105.5624,34.5299],[-105.53,34.5457],[-105.49,34.5487],[-105.4478,34.6003],[-105.4033,34.7003],[-105.3683,34.7627],[-105.3428,34.7875],[-105.315,34.7879],[-105.285,34.7641],[-105.24,34.7633],[-105.18,34.7856],[-105.1196,34.7974],[-105.0589,34.7988],[-105.0352,34.779],[-105.0487,34.7379],[-105.0741,34.7035],[-105.1114,34.6757],[-105.235,34.6115],[-105.445,34.5111],[-105.56,34.4623],[-105.58,34.4654],[-105.5924,34.4719],[-105.5973,34.4819],[-105.5873,34.5012]]]}},{"type":"Feature","properties":{"c":"#00fb90","v0":0.04,"v1":0.05},"geometry":{"type":"Polygon","coordinates":[[[-110.2626,34.2186],[-110.2453,34.2434],[-110.2409,34.2764],[-110.2494,34.3177],[-110.2424,34.3632],[-110.2199,34.4127],[-110.2099,34.458],[-110.2125,34.4993],[-110.1979,34.5349],[-110.166,34.565],[-110.14,34.5843],[-110.12,34.5929],[-110.085,34.589],[-110.035,34.5728],[-109.96,34.6004],[-109.86,34.6717],[-109.765,34.7023],[-109.675,34.6922],[-109.6026,34.6906],[-109.5478,34.6975],[-109.521,34.6639],[-109.5222,34.5899],[-109.5154,34.5322],[-109.5006,34.491],[-109.5124,34.4418],[-109.5508,34.3846],[-109.61,34.3561],[-109.69,34.3561],[-109.758,34.3682],[-109.8141,34.3924],[-109.8591,34.4199],[-109.893,34.4508],[-109.97,34.4241],[-110.09,34.3398],[-110.165,34.2774],[-110.195,34.2369],[-110.2253,34.214],[-110.2559,34.2088],[-110.2626,34.2186]],[[-110.2378,34.3632],[-110.2147,34.4127],[-110.2052,34.458],[-110.2092,34.4993],[-110.1909,34.537],[-110.1503,34.5712],[-110.1,34.5811],[-110.04,34.5666],[-109.96,34.595],[-109.86,34.6662],[-109.765,34.6973],[-109.675,34.6883],[-109.605,34.6881],[-109.5549,34.6967],[-109.5292,34.6598],[-109.5279,34.5775],[-109.5198,34.5199],[-109.5049,34.4869],[-109.5156,34.4435],[-109.5519,34.3898],[-109.61,34.3616],[-109.69,34.3589],[-109.7571,34.3693],[-109.8113,34.3927],[-109.8563,34.4205],[-109.8921,34.4526],[-109.97,34.4279],[-110.09,34.3463],[-110.17,34.2837],[-110.21,34.24],[-110.2348,34.2482],[-110.2445,34.3083],[-110.2378,34.3632]]]}},{"type":"Feature","properties":{"c":"#00fb90","v0":0.04,"v1":0.05},"geometry":{"type":"Polygon","coordinates":[[[-107.2201,34.6722],[-107.1931,34.6804],[-107.1872,34.6745],[-107.2024,34.6544],[-107.2159,34.6503],[-107.2277,34.6621],[-107.2201,34.6722]],[[-107.2195,34.6722],[-107.1969,34.6804],[-107.1917,34.6751],[-107.2039,34.6563],[-107.2152,34.6522],[-107.2256,34.6628],[-107.2195,34.6722]]]}},{"type":"Feature","properties":{"c":"#00fb90","v0":0.04,"v1":0.05},"geometry":{"type":"Polygon","coordinates":[[[-110.7251,34.6285],[-110.6884,34.6482],[-110.6591,34.6564],[-110.6372,34.6532],[-110.6277,34.6434],[-110.6308,34.6269],[-110.6417,34.6139],[-110.6606,34.6045],[-110.6884,34.6045],[-110.7251,34.6139],[-110.7251,34.6285]],[[-110.7219,34.6278],[-110.6873,34.6461],[-110.66,34.6535],[-110.64,34.6499],[-110.64,34.6365],[-110.66,34.6133],[-110.6873,34.606],[-110.7219,34.6144],[-110.7219,34.6278]]]}},{"type":"Feature","properties":{"c":"#00fb90","v0":0.04,"v1":0.05},"geometry":{"type":"Polygon","coordinates":[[[-107.3378,34.458],[-107.3096,34.4993],[-107.2541,34.5431],[-107.1714,34.5896],[-107.09,34.617],[-107.01,34.6254],[-106.9536,34.6227],[-106.9207,34.6091],[-106.9043,34.594],[-106.9043,34.5775],[-106.9168,34.5528],[-106.942,34.5199],[-107.0034,34.4815],[-107.1011,34.4376],[-107.185,34.4099],[-107.255,34.3984],[-107.3,34.3956],[-107.32,34.4017],[-107.3355,34.4129],[-107.3465,34.4292],[-107.3378,34.458]],[[-107.3359,34.458],[-107.3078,34.4993],[-107.2528,34.5427],[-107.1709,34.5883],[-107.09,34.6152],[-107.01,34.6236],[-106.9542,34.6214],[-106.9227,34.6086],[-106.9068,34.594],[-106.9065,34.5775],[-106.9188,34.5528],[-106.9437,34.5199],[-107.0046,34.4817],[-107.1015,34.4384],[-107.185,34.4109],[-107.255,34.3993],[-107.3,34.3966],[-107.32,34.4029],[-107.335,34.4139],[-107.3449,34.4296],[-107.3359,34.458]]]}},{"type":"Feature","properties":{"c":"#00fb90","v0":0.04,"v1":0.05},"geometry":{"type":"Polygon","coordinates":[[[-109.305,34.5093],[-109.295,34.5211],[-109.27,34.5314],[-109.23,34.5402],[-109.1977,34.5384],[-109.173,34.5261],[-109.168,34.5069],[-109.1827,34.4809],[-109.2,34.4623],[-109.22,34.4512],[-109.25,34.46],[-109.29,34.4889],[-109.305,34.5093]],[[-109.2856,34.5126],[-109.2485,34.5311],[-109.2155,34.5393],[-109.1866,34.5373],[-109.1701,34.5322],[-109.1661,34.524],[-109.1806,34.5024],[-109.2135,34.4675],[-109.2485,34.4633],[-109.2856,34.49],[-109.2856,34.5126]]]}},{"type":"Feature","properties":{"c":"#00fb90","v0":0.04,"v1":0.05},"geometry":{"type":"Polygon","coordinates":[[[-108.2757,33.8539],[-108.2658,33.8788],[-108.1781,33.9458],[-108.0127,34.0548],[-107.875,34.1602],[-107.765,34.2621],[-107.645,34.3334],[-107.515,34.3741],[-107.44,34.3932],[-107.42,34.3906],[-107.4022,34.3683],[-107.3866,34.3264],[-107.3894,34.2806],[-107.4106,34.231],[-107.4384,34.1851],[-107.4728,34.1429],[-107.515,34.1062],[-107.565,34.0752],[-107.6022,34.0341],[-107.6266,33.9832],[-107.6516,33.9539],[-107.6772,33.9464],[-107.705,33.946],[-107.735,33.9527],[-107.78,33.975],[-107.84,34.0128],[-107.9,34.014],[-107.96,33.9786],[-108.03,33.9259],[-108.11,33.8559],[-108.17,33.8178],[-108.21,33.8114],[-108.2427,33.8165],[-108.268,33.8331],[-108.2757,33.8539]],[[-108.2214,33.9039],[-108.1071,33.9955],[-108.015,34.0614],[-107.945,34.1017],[-107.86,34.1687],[-107.76,34.2622],[-107.645,34.3296],[-107.515,34.3711],[-107.44,34.3901],[-107.42,34.3867],[-107.4028,34.3651],[-107.3883,34.3253],[-107.3916,34.2806],[-107.4125,34.231],[-107.4398,34.1856],[-107.4733,34.1446],[-107.515,34.1094],[-107.565,34.08],[-107.6034,34.0384],[-107.6303,33.9846],[-107.6553,33.9545],[-107.6784,33.9483],[-107.71,33.95],[-107.75,33.9598],[-107.795,33.982],[-107.845,34.0167],[-107.9,34.0167],[-107.96,33.9819],[-108.03,33.929],[-108.11,33.8581],[-108.17,33.8194],[-108.21,33.8129],[-108.2393,33.8135],[-108.2578,33.821],[-108.2699,33.8331],[-108.2757,33.8498],[-108.2214,33.9039]]]}},{"type":"Feature","properties":{"c":"#00fb90","v0":0.04,"v1":0.05},"geometry":{"type":"Polygon","coordinates":[[[-98.973,34.3605],[-98.9577,34.3718],[-98.9441,34.3718],[-98.9323,34.3605],[-98.9373,34.3483],[-98.9591,34.3352],[-98.9727,34.3352],[-98.978,34.3483],[-98.973,34.3605]],[[-98.9708,34.3599],[-98.9569,34.37],[-98.9448,34.37],[-98.9344,34.3599],[-98.9394,34.3492],[-98.9598,34.3378],[-98.9719,34.3378],[-98.9758,34.3492],[-98.9708,34.3599]]]}},{"type":"Feature","properties":{"c":"#00fb90","v0":0.04,"v1":0.05},"geometry":{"type":"Polygon","coordinates":[[[-99.4106,34.2948],[-99.3969,34.3068],[-99.3836,34.3109],[-99.3709,34.3072],[-99.3659,34.2999],[-99.3686,34.2891],[-99.3819,34.285],[-99.4056,34.2875],[-99.4106,34.2948]],[[-99.4005,34.293],[-99.3785,34.3012],[-99.3682,34.3006],[-99.3694,34.291],[-99.3804,34.2869],[-99.4011,34.2882],[-99.4005,34.293]]]}},{"type":"Feature","properties":{"c":"#00fb90","v0":0.04,"v1":0.05},"geometry":{"type":"Polygon","coordinates":[[[-99.591,34.0322],[-99.5503,34.0817],[-99.5327,34.0859],[-99.5382,34.0446],[-99.5482,34.0187],[-99.5627,34.008],[-99.5803,34.0038],[-99.601,34.0062],[-99.591,34.0322]],[[-99.5937,34.022],[-99.5779,34.0512],[-99.565,34.0705],[-99.555,34.08],[-99.545,34.0828],[-99.535,34.0788],[-99.535,34.0621],[-99.545,34.0325],[-99.5629,34.0152],[-99.5887,34.01],[-99.5937,34.022]]]}},{"type":"Feature","properties":{"c":"#00fb90","v0":0.04,"v1":0.05},"geometry":{"type":"Polygon","coordinates":[[[-105.5218,34.0524],[-105.5006,34.0759],[-105.49,34.0736],[-105.49,34.0452],[-105.495,34.0265],[-105.505,34.0174],[-105.5156,34.0198],[-105.5268,34.0337],[-105.5218,34.0524]],[[-105.5183,34.0505],[-105.4994,34.0703],[-105.4935,34.0662],[-105.5004,34.0381],[-105.5098,34.0281],[-105.5217,34.0364],[-105.5183,34.0505]]]}},{"type":"Feature","properties":{"c":"#00fb90","v0":0.04,"v1":0.05},"geometry":{"type":"Polygon","coordinates":[[[-100.6105,33.5336],[-100.5597,33.6502],[-100.5324,33.7334],[-100.5284,33.7833],[-100.5043,33.8331],[-100.46,33.883],[-100.4139,33.9245],[-100.366,33.9577],[-100.334,33.9896],[-100.318,34.0201],[-100.305,34.0354],[-100.295,34.0355],[-100.3,34.0113],[-100.32,33.963],[-100.3631,33.8979],[-100.4294,33.816],[-100.4636,33.7625],[-100.4658,33.7376],[-100.4527,33.7094],[-100.4242,33.6781],[-100.39,33.672],[-100.35,33.6911],[-100.3,33.6934],[-100.24,33.6787],[-100.2098,33.6599],[-100.2094,33.6368],[-100.2444,33.621],[-100.3148,33.6127],[-100.37,33.6155],[-100.41,33.6295],[-100.4464,33.5962],[-100.4791,33.5155],[-100.5241,33.4618],[-100.5814,33.4351],[-100.6153,33.4226],[-100.626,33.4243],[-100.6325,33.4376],[-100.6347,33.4627],[-100.6105,33.5336]],[[-100.3796,33.668],[-100.3332,33.687],[-100.285,33.6888],[-100.235,33.6735],[-100.2085,33.6598],[-100.2055,33.6478],[-100.2105,33.6354],[-100.2235,33.6224],[-100.26,33.6149],[-100.32,33.613],[-100.3632,33.6236],[-100.3896,33.6469],[-100.3796,33.668]],[[-100.6041,33.5377],[-100.5485,33.6627],[-100.5181,33.7459],[-100.5128,33.7874],[-100.4701,33.8449],[-100.39,33.9184],[-100.3822,33.9059],[-100.4467,33.8076],[-100.4678,33.7334],[-100.4454,33.6835],[-100.4468,33.6169],[-100.472,33.5336],[-100.516,33.4764],[-100.5787,33.4455],[-100.6155,33.4414],[-100.6264,33.4639],[-100.6041,33.5377]]]}},{"type":"Feature","properties":{"c":"#00fb90","v0":0.04,"v1":0.05},"geometry":{"type":"Polygon","coordinates":[[[-107.3858,33.9452],[-107.3686,33.9867],[-107.3525,34.0107],[-107.3375,34.0174],[-107.3207,34.0174],[-107.3021,34.0107],[-107.2838,33.9908],[-107.2657,33.9577],[-107.2668,33.9245],[-107.2871,33.8913],[-107.3154,33.8715],[-107.3518,33.8651],[-107.3761,33.8776],[-107.3883,33.9088],[-107.3858,33.9452]],[[-107.3866,33.9422],[-107.3755,33.9776],[-107.36,34.0009],[-107.34,34.0122],[-107.322,34.0152],[-107.306,34.01],[-107.2887,33.9908],[-107.2701,33.9577],[-107.2708,33.9245],[-107.2909,33.8913],[-107.3182,33.8722],[-107.3527,33.8671],[-107.3755,33.8796],[-107.3866,33.9095],[-107.3866,33.9422]]]}},{"type":"Feature","properties":{"c":"#00fb90","v0":0.04,"v1":0.05},"geometry":{"type":"Polygon","coordinates":[[[-99.7182,33.9066],[-99.6994,33.9373],[-99.6762,33.9581],[-99.6486,33.9689],[-99.6396,33.9494],[-99.6492,33.8996],[-99.668,33.8709],[-99.696,33.8635],[-99.7144,33.8677],[-99.7232,33.8834],[-99.7182,33.9066]],[[-99.7064,33.912],[-99.6683,33.9535],[-99.6511,33.9494],[-99.6548,33.8996],[-99.67,33.8716],[-99.6967,33.8654],[-99.7139,33.8696],[-99.7216,33.884],[-99.7064,33.912]]]}},{"type":"Feature","properties":{"c":"#00fb90","v0":0.04,"v1":0.05},"geometry":{"type":"Polygon","coordinates":[[[-110.5707,33.8842],[-110.5569,33.9033],[-110.53,33.9158],[-110.49,33.9217],[-110.49,33.9118],[-110.53,33.8861],[-110.5569,33.8736],[-110.5707,33.8743],[-110.5707,33.8842]],[[-110.5622,33.8954],[-110.5398,33.9037],[-110.536,33.8996],[-110.5511,33.883],[-110.5623,33.8788],[-110.5697,33.8871],[-110.5622,33.8954]]]}},{"type":"Feature","properties":{"c":"#00fb90","v0":0.04,"v1":0.05},"geometry":{"type":"Polygon","coordinates":[[[-99.0426,33.782],[-98.9809,33.8293],[-98.9313,33.8501],[-98.8938,33.8443],[-98.8793,33.8165],[-98.8878,33.7667],[-98.9015,33.7301],[-98.9205,33.7068],[-98.935,33.6952],[-98.945,33.6954],[-98.96,33.7147],[-98.98,33.7532],[-99.0,33.7639],[-99.02,33.747],[-99.0409,33.7435],[-99.0626,33.7534],[-99.0426,33.782]],[[-99.036,33.7832],[-98.9653,33.833],[-98.9156,33.8496],[-98.8869,33.8331],[-98.8797,33.7999],[-98.894,33.75],[-98.9084,33.7182],[-98.9228,33.7046],[-98.9367,33.7004],[-98.9502,33.7058],[-98.9652,33.7267],[-98.9817,33.7632],[-99.0,33.7713],[-99.02,33.7509],[-99.0403,33.7452],[-99.061,33.754],[-99.036,33.7832]]]}},{"type":"Feature","properties":{"c":"#00fb90","v0":0.04,"v1":0.05},"geometry":{"type":"Polygon","coordinates":[[[-105.5331,33.7358],[-105.5177,33.7574],[-105.465,33.7864],[-105.375,33.8228],[-105.29,33.8415],[-105.21,33.8424],[-105.157,33.8383],[-105.1309,33.8293],[-105.1308,33.8082],[-105.1565,33.775],[-105.2096,33.7348],[-105.2899,33.6878],[-105.37,33.6605],[-105.45,33.6527],[-105.5027,33.6679],[-105.5281,33.706],[-105.5331,33.7358]],[[-105.5275,33.7376],[-105.5049,33.7625],[-105.4527,33.7905],[-105.3709,33.8215],[-105.2788,33.834],[-105.1764,33.8279],[-105.1371,33.8082],[-105.1611,33.775],[-105.2123,33.7352],[-105.2908,33.6889],[-105.365,33.6613],[-105.435,33.6526],[-105.4872,33.6674],[-105.5216,33.7059],[-105.5275,33.7376]]]}},{"type":"Feature","properties":{"c":"#00fb90","v0":0.04,"v1":0.05},"geometry":{"type":"Polygon","coordinates":[[[-100.056,33.6929],[-100.0387,33.7282],[-100.02,33.7483],[-100.0,33.753],[-99.9884,33.7312],[-99.9853,33.6827],[-99.9953,33.6543],[-100.0184,33.6459],[-100.0387,33.65],[-100.056,33.6668],[-100.056,33.6929]],[[-100.0547,33.6919],[-100.0382,33.7255],[-100.02,33.7441],[-100.0,33.7479],[-99.99,33.7258],[-99.99,33.6779],[-100.0,33.6512],[-100.02,33.6459],[-100.0382,33.6512],[-100.0547,33.6672],[-100.0547,33.6919]]]}},{"type":"Feature","properties":{"c":"#00fb90","v0":0.04,"v1":0.05},"geometry":{"type":"Polygon","coordinates":[[[-105.5725,33.6],[-105.5575,33.6163],[-105.5367,33.6247],[-105.5101,33.625],[-105.4925,33.6085],[-105.4839,33.5752],[-105.4923,33.5546],[-105.5174,33.5468],[-105.5425,33.5551],[-105.5675,33.5796],[-105.5725,33.6]],[[-105.571,33.5995],[-105.557,33.6146],[-105.54,33.623],[-105.52,33.6244],[-105.5043,33.621],[-105.4928,33.6127],[-105.4859,33.5961],[-105.4835,33.5711],[-105.4942,33.5551],[-105.5181,33.5481],[-105.542,33.5565],[-105.566,33.5801],[-105.571,33.5995]]]}},{"type":"Feature","properties":{"c":"#00fb90","v0":0.04,"v1":0.05},"geometry":{"type":"Polygon","coordinates":[[[-105.5543,33.1576],[-105.5099,33.2246],[-105.4733,33.2929],[-105.4444,33.3625],[-105.395,33.4116],[-105.325,33.4402],[-105.28,33.4537],[-105.26,33.452],[-105.2423,33.4363],[-105.2268,33.4066],[-105.22,33.375],[-105.2219,33.3416],[-105.2396,33.303],[-105.2732,33.2591],[-105.3259,33.2215],[-105.3978,33.1901],[-105.4278,33.1572],[-105.4159,33.1229],[-105.435,33.0957],[-105.485,33.0757],[-105.5266,33.0803],[-105.5599,33.1095],[-105.5543,33.1576]],[[-105.5378,33.1917],[-105.4659,33.3266],[-105.395,33.4085],[-105.325,33.4375],[-105.28,33.4504],[-105.26,33.4471],[-105.2419,33.4278],[-105.2257,33.3926],[-105.2213,33.3583],[-105.2287,33.3249],[-105.2468,33.2908],[-105.2756,33.256],[-105.3269,33.2225],[-105.4006,33.1904],[-105.4311,33.1576],[-105.4181,33.1241],[-105.4362,33.0974],[-105.4854,33.0775],[-105.5259,33.0817],[-105.5578,33.11],[-105.5378,33.1917]]]}},{"type":"Feature","properties":{"c":"#00fb90","v0":0.04,"v1":0.05},"geometry":{"type":"Polygon","coordinates":[[[-105.8234,33.4194],[-105.8011,33.4412],[-105.7732,33.4329],[-105.7397,33.3943],[-105.7347,33.3644],[-105.7582,33.3432],[-105.78,33.332],[-105.8,33.3306],[-105.8161,33.3496],[-105.8284,33.3888],[-105.8234,33.4194]],[[-105.8235,33.4032],[-105.8145,33.4261],[-105.7942,33.4303],[-105.7626,33.4157],[-105.742,33.4001],[-105.7325,33.3834],[-105.7433,33.3638],[-105.7744,33.3413],[-105.7995,33.3455],[-105.8185,33.3763],[-105.8235,33.4032]]]}},{"type":"Feature","properties":{"c":"#00fb90","v0":0.04,"v1":0.05},"geometry":{"type":"Polygon","coordinates":[[[-100.8275,33.3213],[-100.8025,33.381],[-100.775,33.3999],[-100.745,33.3781],[-100.715,33.3651],[-100.685,33.361],[-100.6728,33.3212],[-100.6785,33.2456],[-100.6885,33.1939],[-100.7028,33.1661],[-100.72,33.1494],[-100.74,33.144],[-100.7681,33.1496],[-100.8044,33.1661],[-100.8269,33.2036],[-100.8356,33.2622],[-100.8275,33.3213]],[[-100.8262,33.3186],[-100.8021,33.3729],[-100.7603,33.3854],[-100.7008,33.3562],[-100.6808,33.2953],[-100.7003,33.2026],[-100.72,33.1533],[-100.74,33.1474],[-100.7675,33.1519],[-100.8025,33.1669],[-100.8245,33.2036],[-100.8337,33.2622],[-100.8262,33.3186]]]}},{"type":"Feature","properties":{"c":"#00fb90","v0":0.04,"v1":0.05},"geometry":{"type":"Polygon","coordinates":[[[-74.4014,33.3792],[-74.3801,33.3875],[-74.3745,33.3838],[-74.3848,33.3679],[-74.3955,33.3637],[-74.4066,33.3713],[-74.4014,33.3792]]]}},{"type":"Feature","properties":{"c":"#00fb90","v0":0.04,"v1":0.05},"geometry":{"type":"Polygon","coordinates":[[[-74.8184,33.0003],[-74.7995,33.0543],[-74.7847,33.0795],[-74.7742,33.0757],[-74.7635,33.0529],[-74.7527,33.011],[-74.758,32.9771],[-74.7793,32.9514],[-74.7995,32.9472],[-74.8184,32.9646],[-74.8184,33.0003]],[[-74.8082,33.0019],[-74.7961,33.0256],[-74.7844,33.0214],[-74.7732,32.9893],[-74.7732,32.9687],[-74.7844,32.9597],[-74.7961,32.9639],[-74.8082,32.9813],[-74.8082,33.0019]]]}},{"type":"Feature","properties":{"c":"#00fb90","v0":0.04,"v1":0.05},"geometry":{"type":"Polygon","coordinates":[[[-75.4615,32.9313],[-75.4135,32.9816],[-75.3447,33.0172],[-75.2549,33.038],[-75.1996,33.0463],[-75.1787,33.0423],[-75.1776,33.0194],[-75.1962,32.9774],[-75.2367,32.931],[-75.2989,32.88],[-75.356,32.8506],[-75.4081,32.8428],[-75.4452,32.8473],[-75.4674,32.8641],[-75.4803,32.8809],[-75.4838,32.8977],[-75.4615,32.9313]],[[-75.4719,32.8977],[-75.4676,32.9145],[-75.4436,32.9439],[-75.3999,32.9858],[-75.3294,33.0152],[-75.232,33.0319],[-75.19,33.0196],[-75.2033,32.9782],[-75.24,32.933],[-75.3,32.8839],[-75.355,32.8558],[-75.405,32.8487],[-75.441,32.8561],[-75.463,32.8782],[-75.4719,32.8977]]]}},{"type":"Feature","properties":{"c":"#00fb90","v0":0.04,"v1":0.05},"geometry":{"type":"Polygon","coordinates":[[[-101.4801,32.0776],[-101.46,32.1079],[-101.4402,32.1248],[-101.4205,32.1284],[-101.4205,32.1075],[-101.4402,32.0619],[-101.4557,32.0365],[-101.4672,32.0312],[-101.4772,32.0371],[-101.4858,32.054],[-101.4801,32.0776]],[[-101.471,32.0776],[-101.4437,32.1079],[-101.435,32.1035],[-101.445,32.0644],[-101.455,32.0421],[-101.465,32.0364],[-101.4737,32.0408],[-101.481,32.0553],[-101.471,32.0776]]]}},{"type":"Feature","properties":{"c":"#00fb90","v0":0.04,"v1":0.05},"geometry":{"type":"Polygon","coordinates":[[[-103.0449,31.9516],[-103.0216,31.9673],[-103.015,31.9639],[-103.025,31.9415],[-103.035,31.9286],[-103.045,31.9254],[-103.0516,31.9288],[-103.0549,31.9388],[-103.0449,31.9516]],[[-103.0423,31.948],[-103.0246,31.9565],[-103.0193,31.955],[-103.0264,31.9436],[-103.0353,31.9394],[-103.0458,31.9423],[-103.0423,31.948]]]}},{"type":"Feature","properties":{"c":"#00fb90","v0":0.04,"v1":0.05},"geometry":{"type":"Polygon","coordinates":[[[-75.5745,31.7606],[-75.5582,31.768],[-75.5409,31.768],[-75.5226,31.7606],[-75.5276,31.7534],[-75.5559,31.7464],[-75.5732,31.7464],[-75.5795,31.7534],[-75.5745,31.7606]]]}},{"type":"Feature","properties":{"c":"#00fb90","v0":0.04,"v1":0.05},"geometry":{"type":"Polygon","coordinates":[[[-102.6161,31.1206],[-102.5854,31.1794],[-102.55,31.2263],[-102.51,31.2612],[-102.465,31.2894],[-102.415,31.3108],[-102.3723,31.3196],[-102.3368,31.3156],[-102.3217,31.2923],[-102.3268,31.2495],[-102.3603,31.1939],[-102.4222,31.1255],[-102.4924,31.0759],[-102.5708,31.0452],[-102.6154,31.0452],[-102.6261,31.0759],[-102.6161,31.1206]],[[-102.6163,31.1169],[-102.5917,31.1683],[-102.5571,31.2147],[-102.5124,31.2561],[-102.465,31.2876],[-102.415,31.3091],[-102.3736,31.3183],[-102.3409,31.3152],[-102.3261,31.2923],[-102.3293,31.2495],[-102.3622,31.1939],[-102.4247,31.1255],[-102.4944,31.0773],[-102.5715,31.0496],[-102.6146,31.0496],[-102.6239,31.0773],[-102.6163,31.1169]]]}},{"type":"Feature","properties":{"c":"#00fb90","v0":0.04,"v1":0.05},"geometry":{"type":"Polygon","coordinates":[[[-102.7973,30.9],[-102.7791,30.929],[-102.755,30.9487],[-102.725,30.9589],[-102.7001,30.9615],[-102.6804,30.9566],[-102.6734,30.9369],[-102.679,30.9026],[-102.6939,30.8732],[-102.718,30.8487],[-102.7447,30.8359],[-102.7741,30.8346],[-102.7932,30.8468],[-102.802,30.8726],[-102.7973,30.9]],[[-102.7961,30.8996],[-102.7787,30.9278],[-102.7465,30.9449],[-102.6994,30.951],[-102.6779,30.9369],[-102.6818,30.9026],[-102.6953,30.8737],[-102.7184,30.8502],[-102.7435,30.8373],[-102.7704,30.8351],[-102.7891,30.8468],[-102.7996,30.8726],[-102.7961,30.8996]]]}},{"type":"Feature","properties":{"c":"#00fb90","v0":0.04,"v1":0.05},"geometry":{"type":"Polygon","coordinates":[[[-102.8976,30.6868],[-102.8659,30.702],[-102.8418,30.702],[-102.8255,30.6868],[-102.8305,30.6687],[-102.8568,30.6476],[-102.8809,30.6476],[-102.9026,30.6687],[-102.8976,30.6868]],[[-102.8957,30.6863],[-102.8652,30.7003],[-102.8425,30.7003],[-102.8274,30.6863],[-102.8324,30.6692],[-102.8575,30.649],[-102.8802,30.649],[-102.9007,30.6692],[-102.8957,30.6863]]]}},{"type":"Feature","properties":{"c":"#00fb90","v0":0.04,"v1":0.05},"geometry":{"type":"Polygon","coordinates":[[[-103.2071,30.2611],[-103.1824,30.2868],[-103.16,30.2993],[-103.14,30.2987],[-103.1213,30.2901],[-103.1039,30.2737],[-103.0989,30.2537],[-103.1063,30.2301],[-103.12,30.2129],[-103.14,30.202],[-103.1631,30.2009],[-103.1894,30.2094],[-103.2068,30.2223],[-103.2153,30.2396],[-103.2071,30.2611]],[[-103.2058,30.2607],[-103.1819,30.2856],[-103.16,30.2977],[-103.14,30.297],[-103.1218,30.2888],[-103.1055,30.2733],[-103.1005,30.2544],[-103.1068,30.2322],[-103.12,30.2153],[-103.14,30.2038],[-103.1626,30.2019],[-103.1878,30.2098],[-103.2048,30.2223],[-103.2134,30.2396],[-103.2058,30.2607]]]}},{"type":"Feature","properties":{"c":"#00fb90","v0":0.04,"v1":0.05},"geometry":{"type":"Polygon","coordinates":[[[-106.4794,29.3849],[-106.4315,29.4285],[-106.3931,29.4547],[-106.3644,29.4638],[-106.345,29.4638],[-106.3351,29.4547],[-106.3284,29.4328],[-106.3247,29.398],[-106.3347,29.3552],[-106.3582,29.3046],[-106.38,29.2806],[-106.4,29.2832],[-106.4333,29.3042],[-106.48,29.3435],[-106.4794,29.3849]],[[-106.4774,29.3836],[-106.4325,29.4246],[-106.4,29.4492],[-106.38,29.4574],[-106.3617,29.4587],[-106.345,29.4531],[-106.3341,29.4328],[-106.3289,29.398],[-106.3372,29.3568],[-106.3591,29.3094],[-106.38,29.287],[-106.4,29.2895],[-106.4325,29.3088],[-106.4774,29.345],[-106.4774,29.3836]]]}},{"type":"Feature","properties":{"c":"#00fb90","v0":0.04,"v1":0.05},"geometry":{"type":"Polygon","coordinates":[[[-80.2242,28.7249],[-80.2069,28.7775],[-80.1698,28.8213],[-80.113,28.8563],[-80.0752,28.9132],[-80.0563,28.992],[-80.0376,29.0388],[-80.0192,29.0536],[-79.99,29.0646],[-79.95,29.0719],[-79.9284,29.1039],[-79.9251,29.1604],[-79.9051,29.2393],[-79.8684,29.3407],[-79.8308,29.3581],[-79.7924,29.2917],[-79.7655,29.2192],[-79.7503,29.1406],[-79.7236,29.0532],[-79.6855,28.957],[-79.6689,28.8914],[-79.6738,28.8563],[-79.6889,28.8213],[-79.7144,28.7862],[-79.7095,28.7292],[-79.6744,28.6503],[-79.6812,28.5932],[-79.7299,28.5581],[-79.7532,28.5142],[-79.7509,28.4614],[-79.7632,28.4219],[-79.7903,28.3955],[-79.773,28.3207],[-79.7113,28.1973],[-79.6579,28.1366],[-79.6126,28.1386],[-79.575,28.1609],[-79.545,28.2033],[-79.51,28.2296],[-79.47,28.2397],[-79.444,28.2571],[-79.4319,28.2819],[-79.4285,28.3119],[-79.434,28.3471],[-79.43,28.3706],[-79.4167,28.3824],[-79.4034,28.3868],[-79.3902,28.3838],[-79.3752,28.3687],[-79.3584,28.3415],[-79.32,28.3118],[-79.26,28.2796],[-79.22,28.2648],[-79.2,28.2675],[-79.1877,28.2752],[-79.183,28.2879],[-79.1882,28.3163],[-79.2032,28.3603],[-79.2314,28.4087],[-79.2728,28.4614],[-79.3105,28.5405],[-79.3444,28.6459],[-79.3889,28.7424],[-79.444,28.83],[-79.4911,28.8876],[-79.5304,28.915],[-79.5607,28.95],[-79.5821,28.9926],[-79.5964,29.0314],[-79.6033,29.0663],[-79.5926,29.0993],[-79.5642,29.1302],[-79.525,29.1491],[-79.475,29.156],[-79.425,29.1337],[-79.375,29.0822],[-79.33,29.0149],[-79.29,28.9317],[-79.255,28.8718],[-79.225,28.8352],[-79.19,28.7518],[-79.15,28.6215],[-79.1167,28.5348],[-79.09,28.4918],[-79.074,28.435],[-79.0688,28.3647],[-79.0564,28.303],[-79.0369,28.2502],[-79.0301,28.1973],[-79.0362,28.1444],[-79.0333,28.0959],[-79.0214,28.0518],[-79.0291,28.0236],[-79.0564,28.0114],[-79.1,28.0061],[-79.16,28.008],[-79.205,28.0213],[-79.235,28.046],[-79.2581,28.0424],[-79.2744,28.0104],[-79.2894,27.9935],[-79.3031,27.9916],[-79.3125,28.0181],[-79.3176,28.0729],[-79.3276,28.1119],[-79.3425,28.1349],[-79.36,28.1543],[-79.38,28.1699],[-79.405,28.1801],[-79.435,28.1849],[-79.471,28.1303],[-79.5129,28.0162],[-79.5279,27.9476],[-79.516,27.9246],[-79.495,27.9138],[-79.465,27.9152],[-79.4406,27.887],[-79.4218,27.829],[-79.415,27.7602],[-79.4204,27.6805],[-79.441,27.6052],[-79.4767,27.5343],[-79.4812,27.4677],[-79.4544,27.4056],[-79.4483,27.3683],[-79.4628,27.3558],[-79.495,27.3633],[-79.545,27.3907],[-79.605,27.3999],[-79.675,27.3909],[-79.705,27.3544],[-79.695,27.2904],[-79.71,27.2541],[-79.75,27.2455],[-79.795,27.2238],[-79.845,27.1889],[-79.8696,27.1956],[-79.8687,27.2438],[-79.8776,27.3034],[-79.8962,27.3745],[-79.8911,27.4544],[-79.8621,27.5431],[-79.8232,27.6116],[-79.7744,27.66],[-79.7386,27.7353],[-79.7157,27.8374],[-79.7115,27.9238],[-79.7258,27.9944],[-79.7573,28.0626],[-79.8058,28.1283],[-79.885,28.1529],[-79.995,28.1365],[-80.06,28.1348],[-80.08,28.148],[-80.0991,28.1851],[-80.1174,28.2461],[-80.126,28.3075],[-80.1249,28.3691],[-80.1474,28.4482],[-80.1935,28.5449],[-80.2206,28.6196],[-80.2288,28.6722],[-80.2242,28.7249]],[[-80.2224,28.7249],[-80.2051,28.7775],[-80.1676,28.8213],[-80.1098,28.8563],[-80.0718,28.9132],[-80.0535,28.992],[-80.0358,29.0381],[-80.0186,29.0517],[-79.99,29.0618],[-79.95,29.0682],[-79.9277,29.1008],[-79.9231,29.1594],[-79.9031,29.2315],[-79.8677,29.3172],[-79.8314,29.3346],[-79.7942,29.2839],[-79.7678,29.2192],[-79.7524,29.1406],[-79.7261,29.0532],[-79.6891,28.957],[-79.6733,28.8914],[-79.6787,28.8563],[-79.6935,28.8213],[-79.7175,28.7862],[-79.7117,28.7292],[-79.676,28.6503],[-79.6831,28.5932],[-79.7331,28.5581],[-79.757,28.5186],[-79.7548,28.4746],[-79.7671,28.435],[-79.7942,28.3999],[-79.778,28.3207],[-79.7187,28.1973],[-79.6793,28.1316],[-79.6598,28.1234],[-79.635,28.1234],[-79.605,28.1315],[-79.575,28.1555],[-79.545,28.1956],[-79.51,28.2213],[-79.47,28.2327],[-79.4432,28.2524],[-79.4295,28.2803],[-79.4253,28.3119],[-79.4307,28.3471],[-79.4275,28.37],[-79.4158,28.3805],[-79.395,28.3703],[-79.365,28.3394],[-79.32,28.3078],[-79.26,28.2757],[-79.2173,28.2639],[-79.1919,28.2724],[-79.184,28.2986],[-79.1937,28.3427],[-79.223,28.3999],[-79.2718,28.4702],[-79.3115,28.5537],[-79.3419,28.6503],[-79.3854,28.7433],[-79.4418,28.8327],[-79.49,28.8924],[-79.53,28.9223],[-79.56,28.9564],[-79.5801,28.9947],[-79.5936,29.0314],[-79.6006,29.0663],[-79.5906,29.0986],[-79.5635,29.128],[-79.525,29.146],[-79.475,29.1526],[-79.425,29.1294],[-79.375,29.0765],[-79.315,28.9892],[-79.245,28.8673],[-79.19,28.7419],[-79.15,28.6128],[-79.1177,28.5287],[-79.0932,28.4897],[-79.0657,28.3603],[-79.0352,28.14],[-79.0325,28.0242],[-79.0575,28.0132],[-79.1,28.0092],[-79.16,28.0124],[-79.205,28.0282],[-79.235,28.0565],[-79.2593,28.0516],[-79.2779,28.0135],[-79.2929,27.995],[-79.3043,27.9962],[-79.3117,28.0227],[-79.3151,28.0745],[-79.3251,28.113],[-79.3417,28.1384],[-79.36,28.1585],[-79.38,28.1735],[-79.4065,28.1828],[-79.4396,28.1866],[-79.4763,28.1312],[-79.5165,28.0165],[-79.5299,27.9464],[-79.5166,27.9211],[-79.495,27.9074],[-79.465,27.9054],[-79.4413,27.8782],[-79.4238,27.8261],[-79.4184,27.7602],[-79.4251,27.6805],[-79.4459,27.6052],[-79.481,27.5343],[-79.4855,27.4677],[-79.4596,27.4056],[-79.4575,27.3694],[-79.4792,27.359],[-79.51,27.3672],[-79.55,27.3938],[-79.585,27.4017],[-79.615,27.391],[-79.6512,27.3873],[-79.6935,27.3906],[-79.7102,27.3612],[-79.7014,27.299],[-79.7152,27.2625],[-79.7517,27.2517],[-79.79,27.2297],[-79.83,27.1965],[-79.8555,27.1797],[-79.8664,27.1792],[-79.8695,27.2012],[-79.8648,27.2457],[-79.8724,27.3034],[-79.8923,27.3745],[-79.8876,27.4544],[-79.8582,27.5431],[-79.825,27.6007],[-79.7881,27.6273],[-79.7587,27.6716],[-79.7369,27.7336],[-79.7203,27.7955],[-79.7087,27.8575],[-79.7106,27.9282],[-79.726,28.0077],[-79.7578,28.0764],[-79.8059,28.1345],[-79.885,28.1557],[-79.995,28.1401],[-80.0585,28.1375],[-80.0756,28.148],[-80.0934,28.1797],[-80.112,28.2326],[-80.1226,28.2986],[-80.1252,28.3779],[-80.1501,28.4658],[-80.197,28.5625],[-80.2232,28.6327],[-80.2284,28.6766],[-80.2224,28.7249]]]}},{"type":"Feature","properties":{"c":"#00fb90","v0":0.04,"v1":0.05},"geometry":{"type":"Polygon","coordinates":[[[-79.6157,29.2427],[-79.5986,29.246],[-79.5824,29.2416],[-79.5672,29.2296],[-79.5757,29.2279],[-79.6081,29.2366],[-79.6157,29.2427]]]}},{"type":"Feature","properties":{"c":"#00fb90","v0":0.04,"v1":0.05},"geometry":{"type":"Polygon","coordinates":[[[-91.9136,29.0182],[-91.8732,29.062],[-91.8549,29.1013],[-91.8586,29.1362],[-91.8529,29.1624],[-91.8376,29.1799],[-91.8134,29.1886],[-91.7803,29.1886],[-91.7487,29.1668],[-91.7187,29.1231],[-91.7002,29.0794],[-91.6934,29.0357],[-91.7147,28.9833],[-91.7642,28.922],[-91.7887,28.8651],[-91.7882,28.8125],[-91.7984,28.7718],[-91.8195,28.7429],[-91.8393,28.7341],[-91.8578,28.7455],[-91.8838,28.8125],[-91.9171,28.9351],[-91.9136,29.0182]],[[-91.912,29.0139],[-91.8764,29.0488],[-91.8587,29.0882],[-91.8588,29.1319],[-91.8517,29.1621],[-91.8372,29.1788],[-91.814,29.1875],[-91.7821,29.1883],[-91.7509,29.1668],[-91.7205,29.1231],[-91.7017,29.0794],[-91.6945,29.0357],[-91.716,28.9833],[-91.7662,28.922],[-91.7909,28.8651],[-91.7902,28.8125],[-91.7999,28.7725],[-91.82,28.7451],[-91.8385,28.7363],[-91.8556,28.7462],[-91.8806,28.8125],[-91.9134,28.9351],[-91.912,29.0139]]]}},{"type":"Feature","properties":{"c":"#00fb90","v0":0.04,"v1":0.05},"geometry":{"type":"Polygon","coordinates":[[[-101.161,28.4065],[-101.1537,28.4198],[-101.14,28.423],[-101.12,28.4159],[-101.0767,28.3785],[-101.0102,28.3106],[-100.9912,28.2502],[-101.0198,28.1973],[-101.043,28.1697],[-101.061,28.1674],[-101.0779,28.1718],[-101.0936,28.183],[-101.1045,28.1973],[-101.1105,28.215],[-101.0977,28.2317],[-101.0659,28.2475],[-101.0504,28.2607],[-101.0513,28.2713],[-101.08,28.3075],[-101.1365,28.3691],[-101.161,28.4065]],[[-101.158,28.4056],[-101.1527,28.417],[-101.14,28.4194],[-101.12,28.4128],[-101.0773,28.3763],[-101.012,28.3099],[-100.9943,28.2502],[-101.0242,28.1973],[-101.0484,28.1709],[-101.0667,28.1709],[-101.084,28.1797],[-101.1004,28.1973],[-101.1089,28.2106],[-101.1096,28.2196],[-101.095,28.2292],[-101.065,28.2392],[-101.05,28.2537],[-101.05,28.2726],[-101.0777,28.3115],[-101.133,28.3704],[-101.158,28.4056]]]}},{"type":"Feature","properties":{"c":"#00fb90","v0":0.04,"v1":0.05},"geometry":{"type":"Polygon","coordinates":[[[-95.3159,28.305],[-95.2986,28.3265],[-95.27,28.3428],[-95.23,28.3539],[-95.2037,28.3564],[-95.191,28.3502],[-95.1868,28.3383],[-95.191,28.3207],[-95.2055,28.303],[-95.2304,28.2854],[-95.2633,28.281],[-95.3042,28.2898],[-95.3159,28.305]],[[-95.2989,28.3226],[-95.253,28.3439],[-95.2195,28.3527],[-95.1985,28.349],[-95.19,28.3383],[-95.194,28.3207],[-95.2095,28.3028],[-95.2365,28.2848],[-95.265,28.278],[-95.295,28.2823],[-95.313,28.2913],[-95.3189,28.305],[-95.2989,28.3226]]]}},{"type":"Feature","properties":{"c":"#00fb90","v0":0.04,"v1":0.05},"geometry":{"type":"Polygon","coordinates":[[[-95.6171,28.2787],[-95.559,28.3181],[-95.5162,28.3313],[-95.4886,28.3183],[-95.4836,28.3015],[-95.5012,28.2808],[-95.535,28.2639],[-95.585,28.2509],[-95.619,28.248],[-95.6371,28.2554],[-95.6171,28.2787]],[[-95.6139,28.2783],[-95.558,28.317],[-95.5167,28.3302],[-95.4901,28.318],[-95.4851,28.3019],[-95.5017,28.2819],[-95.535,28.2657],[-95.585,28.2533],[-95.618,28.2501],[-95.6339,28.256],[-95.6139,28.2783]]]}},{"type":"Feature","properties":{"c":"#00fb90","v0":0.04,"v1":0.05},"geometry":{"type":"Polygon","coordinates":[[[-95.6982,28.0518],[-95.6858,28.0959],[-95.6622,28.1331],[-95.6274,28.1633],[-95.59,28.1831],[-95.55,28.1926],[-95.5086,28.1907],[-95.4659,28.1775],[-95.4526,28.1444],[-95.4687,28.0915],[-95.5235,28.0297],[-95.6172,27.9591],[-95.6351,27.9105],[-95.5774,27.884],[-95.5539,27.8559],[-95.5646,27.8263],[-95.585,27.8109],[-95.615,27.8096],[-95.645,27.8218],[-95.675,27.8474],[-95.6869,27.8761],[-95.6806,27.9079],[-95.6843,27.9503],[-95.6977,28.0033],[-95.6982,28.0518]],[[-95.6969,28.0518],[-95.6845,28.0959],[-95.6662,28.1301],[-95.6421,28.1542],[-95.605,28.1738],[-95.555,28.1887],[-95.5092,28.1899],[-95.4677,28.1772],[-95.4547,28.1444],[-95.4703,28.0915],[-95.5261,28.03],[-95.622,27.9599],[-95.6783,27.9511],[-95.6948,28.0035],[-95.6969,28.0518]],[[-95.6882,27.8969],[-95.6761,27.9139],[-95.6404,27.9095],[-95.5812,27.8836],[-95.5513,27.8619],[-95.5506,27.8442],[-95.5602,27.8277],[-95.5801,27.8124],[-95.6,27.8063],[-95.62,27.8095],[-95.6461,27.8304],[-95.6782,27.8691],[-95.6882,27.8969]]]}},{"type":"Feature","properties":{"c":"#00fb90","v0":0.04,"v1":0.05},"geometry":{"type":"Polygon","coordinates":[[[-99.422,27.7513],[-99.386,27.7602],[-99.3575,27.7557],[-99.3366,27.738],[-99.3258,27.7203],[-99.3252,27.7026],[-99.3462,27.69],[-99.3887,27.6824],[-99.4175,27.6957],[-99.4325,27.7298],[-99.422,27.7513]],[[-99.4251,27.7519],[-99.4017,27.7619],[-99.38,27.7636],[-99.36,27.7572],[-99.3446,27.7389],[-99.3337,27.7088],[-99.3487,27.691],[-99.3896,27.6855],[-99.4167,27.6988],[-99.4301,27.7308],[-99.4251,27.7519]]]}},{"type":"Feature","properties":{"c":"#00fb90","v0":0.04,"v1":0.05},"geometry":{"type":"Polygon","coordinates":[[[-99.383,27.6196],[-99.361,27.6129],[-99.35,27.5961],[-99.35,27.5693],[-99.361,27.5726],[-99.383,27.6061],[-99.383,27.6196]],[[-99.3781,27.6096],[-99.3727,27.6183],[-99.365,27.6174],[-99.355,27.6069],[-99.35,27.5931],[-99.35,27.5759],[-99.3577,27.5767],[-99.3731,27.5957],[-99.3781,27.6096]]]}},{"type":"Feature","properties":{"c":"#00fb90","v0":0.04,"v1":0.05},"geometry":{"type":"Polygon","coordinates":[[[-98.0024,27.4888],[-97.9808,27.5042],[-97.96,27.5086],[-97.94,27.5021],[-97.94,27.4906],[-97.96,27.4742],[-97.9808,27.4697],[-98.0024,27.4773],[-98.0024,27.4888]],[[-97.9982,27.4881],[-97.9794,27.5023],[-97.961,27.5068],[-97.9431,27.5014],[-97.9431,27.4912],[-97.961,27.4762],[-97.9794,27.4717],[-97.9982,27.4779],[-97.9982,27.4881]]]}},{"type":"Feature","properties":{"c":"#00fb90","v0":0.04,"v1":0.05},"geometry":{"type":"Polygon","coordinates":[[[-98.6074,27.3426],[-98.5958,27.3497],[-98.56,27.3485],[-98.5,27.3389],[-98.4617,27.3264],[-98.4451,27.3111],[-98.4435,27.2946],[-98.4567,27.2768],[-98.475,27.2662],[-98.4983,27.2627],[-98.5358,27.2805],[-98.5874,27.3195],[-98.6074,27.3426]],[[-98.5744,27.3372],[-98.5048,27.3338],[-98.4638,27.3205],[-98.4513,27.2973],[-98.4613,27.2801],[-98.4938,27.269],[-98.5348,27.2823],[-98.5844,27.3201],[-98.5744,27.3372]]]}},{"type":"Feature","properties":{"c":"#00fb90","v0":0.04,"v1":0.05},"geometry":{"type":"Polygon","coordinates":[[[-98.3675,27.3261],[-98.3558,27.3359],[-98.3413,27.3314],[-98.3239,27.3128],[-98.3189,27.3002],[-98.3263,27.2938],[-98.3408,27.2982],[-98.3625,27.3135],[-98.3675,27.3261]],[[-98.3624,27.3248],[-98.3541,27.3319],[-98.3426,27.3274],[-98.3277,27.3114],[-98.3318,27.3079],[-98.3549,27.3168],[-98.3624,27.3248]]]}},{"type":"Feature","properties":{"c":"#00fb90","v0":0.04,"v1":0.05},"geometry":{"type":"Polygon","coordinates":[[[-98.1673,27.2345],[-98.1291,27.2388],[-98.1031,27.2343],[-98.0894,27.2211],[-98.0994,27.2105],[-98.1331,27.2023],[-98.1591,27.2068],[-98.1773,27.2238],[-98.1673,27.2345]],[[-98.1634,27.2211],[-98.1411,27.2343],[-98.1194,27.2343],[-98.0983,27.2211],[-98.0983,27.2109],[-98.1194,27.2036],[-98.1411,27.2036],[-98.1634,27.2109],[-98.1634,27.2211]]]}},{"type":"Feature","properties":{"c":"#00fb90","v0":0.04,"v1":0.05},"geometry":{"type":"Polygon","coordinates":[[[-98.5444,27.0308],[-98.5081,27.0551],[-98.42,27.0657],[-98.28,27.0625],[-98.145,27.0436],[-98.015,27.009],[-97.9186,26.9673],[-97.8557,26.9184],[-97.8231,26.885],[-97.8207,26.8671],[-97.8272,26.854],[-97.8424,26.8455],[-97.88,26.8487],[-97.94,26.8635],[-97.98,26.8244],[-98.0,26.7314],[-98.0472,26.6702],[-98.1216,26.6407],[-98.1716,26.6142],[-98.1972,26.5905],[-98.2157,26.5547],[-98.227,26.5068],[-98.2181,26.465],[-98.1891,26.4292],[-98.2678,26.4336],[-98.454,26.4784],[-98.5379,26.5169],[-98.5193,26.549],[-98.4942,26.5714],[-98.4626,26.5839],[-98.4445,26.6037],[-98.4401,26.6305],[-98.4059,26.654],[-98.342,26.6742],[-98.3008,26.701],[-98.2825,26.7344],[-98.2803,26.7645],[-98.2944,26.7913],[-98.3215,26.8181],[-98.3617,26.8448],[-98.4039,26.8846],[-98.448,26.9372],[-98.4931,26.9773],[-98.5394,27.0049],[-98.5444,27.0308]],[[-98.5315,26.516],[-98.5172,26.5465],[-98.492,26.5688],[-98.4561,26.5831],[-98.4363,26.6037],[-98.4327,26.6305],[-98.3957,26.6567],[-98.3252,26.6824],[-98.2852,26.7092],[-98.2755,26.7371],[-98.2805,26.7676],[-98.3002,26.8006],[-98.3669,26.8675],[-98.4806,26.9683],[-98.5306,27.0283],[-98.5169,27.0475],[-98.43,27.0566],[-98.27,27.0556],[-98.16,27.0435],[-98.1,27.0202],[-98.04,27.004],[-97.98,26.995],[-97.919,26.9663],[-97.8571,26.918],[-97.825,26.885],[-97.8228,26.8671],[-97.8288,26.8544],[-97.8429,26.8467],[-97.88,26.8511],[-97.94,26.8674],[-97.98,26.8287],[-98.0,26.7349],[-98.0587,26.6635],[-98.1561,26.6147],[-98.2126,26.5634],[-98.2281,26.5097],[-98.2266,26.4695],[-98.2081,26.4426],[-98.2017,26.426],[-98.2072,26.4196],[-98.2922,26.4376],[-98.4565,26.4797],[-98.5315,26.516]]]}},{"type":"Feature","properties":{"c":"#00fb90","v0":0.04,"v1":0.05},"geometry":{"type":"Polygon","coordinates":[[[-79.5102,26.9621],[-79.4834,26.9914],[-79.465,26.9895],[-79.455,26.9562],[-79.46,26.9336],[-79.48,26.9218],[-79.4984,26.9237],[-79.5152,26.9395],[-79.5102,26.9621]],[[-79.513,26.9591],[-79.4977,26.9825],[-79.485,26.9951],[-79.475,26.9969],[-79.4642,26.9897],[-79.4525,26.9734],[-79.4575,26.9537],[-79.4792,26.9305],[-79.4977,26.926],[-79.513,26.9403],[-79.513,26.9591]]]}},{"type":"Feature","properties":{"c":"#00fb90","v0":0.04,"v1":0.05},"geometry":{"type":"Polygon","coordinates":[[[-99.2135,26.8636],[-99.2112,26.8744],[-99.2,26.8796],[-99.18,26.8794],[-99.1542,26.8606],[-99.1227,26.8233],[-99.1127,26.7877],[-99.1242,26.7537],[-99.1434,26.7447],[-99.1703,26.7609],[-99.1914,26.7913],[-99.2069,26.8359],[-99.2135,26.8636]],[[-99.2065,26.8641],[-99.1955,26.876],[-99.1803,26.876],[-99.1609,26.8641],[-99.1443,26.8448],[-99.1304,26.8181],[-99.1301,26.7921],[-99.1434,26.767],[-99.1655,26.7804],[-99.1965,26.8323],[-99.2065,26.8641]]]}},{"type":"Feature","properties":{"c":"#00fb90","v0":0.04,"v1":0.05},"geometry":{"type":"Polygon","coordinates":[[[-79.7543,26.7754],[-79.7514,26.7882],[-79.74,26.7982],[-79.72,26.8054],[-79.7028,26.7945],[-79.6885,26.7656],[-79.6935,26.7443],[-79.7178,26.7308],[-79.7364,26.7352],[-79.7493,26.7577],[-79.7543,26.7754]],[[-79.7412,26.7776],[-79.7204,26.7948],[-79.7039,26.7903],[-79.6916,26.7642],[-79.6966,26.7457],[-79.7189,26.7348],[-79.7354,26.7393],[-79.7462,26.7591],[-79.7412,26.7776]]]}},{"type":"Feature","properties":{"c":"#00fb90","v0":0.04,"v1":0.05},"geometry":{"type":"Polygon","coordinates":[[[-97.3415,26.6485],[-97.3338,26.6578],[-97.3247,26.6534],[-97.3141,26.6351],[-97.3179,26.6305],[-97.3361,26.6394],[-97.3415,26.6485]]]}},{"type":"Feature","properties":{"c":"#00fb90","v0":0.04,"v1":0.05},"geometry":{"type":"Polygon","coordinates":[[[-79.4066,26.6118],[-79.3955,26.619],[-79.39,26.6129],[-79.39,26.5934],[-79.3955,26.5897],[-79.4066,26.602],[-79.4066,26.6118]]]}},{"type":"Feature","properties":{"c":"#00fb90","v0":0.04,"v1":0.05},"geometry":{"type":"Polygon","coordinates":[[[-97.8658,26.5616],[-97.8419,26.576],[-97.8197,26.576],[-97.799,26.5616],[-97.799,26.5478],[-97.8197,26.5343],[-97.8419,26.5343],[-97.8658,26.5478],[-97.8658,26.5616]],[[-97.8634,26.5611],[-97.8411,26.5744],[-97.8204,26.5744],[-97.8011,26.5611],[-97.8011,26.5482],[-97.8204,26.5356],[-97.8411,26.5356],[-97.8634,26.5482],[-97.8634,26.5611]]]}},{"type":"Feature","properties":{"c":"#00fb90","v0":0.04,"v1":0.05},"geometry":{"type":"Polygon","coordinates":[[[-97.0237,26.347],[-97.0146,26.3977],[-96.995,26.4319],[-96.965,26.4495],[-96.92,26.4588],[-96.86,26.4596],[-96.785,26.4507],[-96.695,26.4322],[-96.6365,26.4111],[-96.6095,26.3873],[-96.6795,26.351],[-96.8465,26.3022],[-96.95,26.2809],[-96.99,26.2872],[-97.0146,26.2981],[-97.0237,26.3138],[-97.0237,26.347]],[[-97.022,26.3461],[-97.014,26.3949],[-96.995,26.4288],[-96.965,26.4476],[-96.92,26.4575],[-96.86,26.4585],[-96.785,26.4496],[-96.695,26.431],[-96.6375,26.4101],[-96.6126,26.387],[-96.6826,26.3514],[-96.8475,26.3033],[-96.95,26.2827],[-96.99,26.2897],[-97.014,26.3002],[-97.022,26.3145],[-97.022,26.3461]]]}},{"type":"Feature","properties":{"c":"#00fb90","v0":0.04,"v1":0.05},"geometry":{"type":"Polygon","coordinates":[[[-80.1907,26.3811],[-80.1636,26.3925],[-80.14,26.4103],[-80.12,26.4345],[-80.1024,26.4198],[-80.0872,26.3663],[-80.0922,26.3197],[-80.1174,26.28],[-80.1404,26.262],[-80.1612,26.2659],[-80.1726,26.2858],[-80.1744,26.3216],[-80.1825,26.3485],[-80.1971,26.3665],[-80.1907,26.3811]],[[-80.1703,26.3871],[-80.1301,26.4106],[-80.1056,26.415],[-80.0969,26.4006],[-80.091,26.3754],[-80.0879,26.3396],[-80.0972,26.3071],[-80.1191,26.2779],[-80.14,26.2658],[-80.16,26.2706],[-80.1694,26.2896],[-80.1681,26.3229],[-80.1732,26.3485],[-80.1847,26.3665],[-80.1703,26.3871]]]}},{"type":"Feature","properties":{"c":"#00fb90","v0":0.04,"v1":0.05},"geometry":{"type":"Polygon","coordinates":[[[-78.66,26.3632],[-78.6533,26.3746],[-78.635,26.3749],[-78.605,26.3642],[-78.5673,26.3316],[-78.5218,26.2772],[-78.5293,26.2634],[-78.5897,26.2903],[-78.6308,26.3172],[-78.6525,26.344],[-78.66,26.3632]],[[-78.6526,26.3626],[-78.6375,26.3727],[-78.615,26.369],[-78.585,26.3513],[-78.5546,26.3193],[-78.5239,26.2731],[-78.5355,26.2634],[-78.5894,26.2903],[-78.6273,26.3172],[-78.6492,26.344],[-78.6526,26.3626]]]}},{"type":"Feature","properties":{"c":"#00fb90","v0":0.04,"v1":0.05},"geometry":{"type":"Polygon","coordinates":[[[-96.5157,26.3596],[-96.4852,26.3639],[-96.4644,26.3594],[-96.4531,26.3462],[-96.4631,26.3383],[-96.4944,26.3359],[-96.5152,26.3404],[-96.5257,26.3518],[-96.5157,26.3596]],[[-96.487,26.3575],[-96.4622,26.3575],[-96.4549,26.352],[-96.465,26.3411],[-96.4774,26.3411],[-96.4921,26.352],[-96.487,26.3575]]]}},{"type":"Feature","properties":{"c":"#00fb90","v0":0.04,"v1":0.05},"geometry":{"type":"Polygon","coordinates":[[[-96.5769,26.2919],[-96.5723,26.3041],[-96.5614,26.3086],[-96.5443,26.3053],[-96.5393,26.2984],[-96.5464,26.2877],[-96.5573,26.2832],[-96.5719,26.2849],[-96.5769,26.2919]],[[-96.5728,26.2906],[-96.5709,26.3002],[-96.5639,26.3047],[-96.5518,26.304],[-96.5527,26.2992],[-96.5667,26.2903],[-96.5728,26.2906]]]}},{"type":"Feature","properties":{"c":"#00fb90","v0":0.04,"v1":0.05},"geometry":{"type":"Polygon","coordinates":[[[-80.3125,26.222],[-80.2975,26.238],[-80.2763,26.238],[-80.2488,26.222],[-80.2438,26.208],[-80.2613,26.196],[-80.2825,26.196],[-80.3075,26.208],[-80.3125,26.222]],[[-80.3094,26.2211],[-80.2965,26.2352],[-80.2774,26.2352],[-80.2523,26.2211],[-80.2473,26.2087],[-80.2624,26.198],[-80.2815,26.198],[-80.3044,26.2087],[-80.3094,26.2211]]]}},{"type":"Feature","properties":{"c":"#00fb90","v0":0.04,"v1":0.05},"geometry":{"type":"Polygon","coordinates":[[[-97.9827,26.1343],[-97.9076,26.1543],[-97.8431,26.1408],[-97.7894,26.0939],[-97.7694,26.0642],[-97.7831,26.0519],[-97.815,26.0479],[-97.865,26.0523],[-97.91,26.0604],[-97.95,26.072],[-97.9826,26.0895],[-98.0077,26.1127],[-97.9827,26.1343]],[[-97.9726,26.1332],[-97.8971,26.1512],[-97.8362,26.1377],[-97.7899,26.0928],[-97.7776,26.0643],[-97.7992,26.0523],[-97.835,26.05],[-97.885,26.0576],[-97.9284,26.0681],[-97.9653,26.0816],[-97.9904,26.0973],[-98.0037,26.1153],[-97.9726,26.1332]]]}},{"type":"Feature","properties":{"c":"#00fb90","v0":0.04,"v1":0.05},"geometry":{"type":"Polygon","coordinates":[[[-79.0571,26.1105],[-79.039,26.1189],[-79.015,26.1136],[-78.985,26.0946],[-78.955,26.0834],[-78.925,26.0799],[-78.855,26.0393],[-78.745,25.9614],[-78.655,25.9104],[-78.585,25.8863],[-78.5422,25.8603],[-78.5267,25.8325],[-78.5367,25.8155],[-78.5722,25.8094],[-78.625,25.8246],[-78.695,25.8612],[-78.775,25.8905],[-78.865,25.9124],[-78.934,25.9421],[-78.9821,25.9797],[-79.0211,26.0255],[-79.0511,26.0794],[-79.0571,26.1105]],[[-79.0539,26.1096],[-79.038,26.1162],[-79.0,26.1084],[-78.94,26.0862],[-78.855,26.036],[-78.745,25.958],[-78.6553,25.9073],[-78.5858,25.8842],[-78.5441,25.8591],[-78.5302,25.8321],[-78.545,25.8173],[-78.5883,25.8149],[-78.64,25.8309],[-78.7,25.8653],[-78.78,25.8959],[-78.88,25.9226],[-78.9523,25.9561],[-78.9969,25.9963],[-79.0299,26.0389],[-79.0512,26.0839],[-79.0539,26.1096]]]}},{"type":"Feature","properties":{"c":"#00fb90","v0":0.04,"v1":0.05},"geometry":{"type":"Polygon","coordinates":[[[-98.7049,25.9464],[-98.695,25.9861],[-98.68,26.0071],[-98.66,26.0094],[-98.625,25.9996],[-98.575,25.9775],[-98.52,25.9785],[-98.46,26.0026],[-98.415,26.0303],[-98.385,26.0615],[-98.355,26.0737],[-98.325,26.0668],[-98.2961,26.0472],[-98.2684,26.0147],[-98.2684,25.9871],[-98.2961,25.9642],[-98.3106,25.9462],[-98.3118,25.9331],[-98.2888,25.9176],[-98.2417,25.8996],[-98.2125,25.8681],[-98.2012,25.8231],[-98.1834,25.7916],[-98.1591,25.7736],[-98.1482,25.742],[-98.1507,25.697],[-98.1236,25.6564],[-98.067,25.6204],[-98.0179,25.5798],[-97.9766,25.5347],[-97.9473,25.485],[-97.9302,25.4308],[-97.9248,25.3947],[-97.9312,25.3766],[-97.9583,25.3617],[-98.0061,25.35],[-98.051,25.3591],[-98.0931,25.3889],[-98.1281,25.4071],[-98.156,25.4137],[-98.19,25.4076],[-98.23,25.3887],[-98.285,25.3779],[-98.355,25.3753],[-98.415,25.3797],[-98.465,25.3911],[-98.53,25.3898],[-98.61,25.3759],[-98.6624,25.4002],[-98.6871,25.4628],[-98.6771,25.4999],[-98.6324,25.5117],[-98.595,25.5018],[-98.565,25.4703],[-98.5426,25.4554],[-98.5277,25.4571],[-98.5097,25.476],[-98.4886,25.5121],[-98.4852,25.5527],[-98.4992,25.5978],[-98.5021,25.6294],[-98.4939,25.6474],[-98.5044,25.6699],[-98.5337,25.697],[-98.5739,25.7195],[-98.6249,25.7375],[-98.6503,25.7557],[-98.6501,25.7742],[-98.6254,25.7922],[-98.5762,25.8098],[-98.5862,25.8319],[-98.6554,25.8586],[-98.695,25.8856],[-98.7049,25.9129],[-98.7049,25.9464]],[[-98.7067,25.94],[-98.7032,25.967],[-98.6935,25.9877],[-98.6778,26.0021],[-98.64,25.998],[-98.58,25.9753],[-98.52,25.9761],[-98.46,26.0004],[-98.415,26.0281],[-98.385,26.059],[-98.355,26.0711],[-98.325,26.0644],[-98.2973,26.0454],[-98.2718,26.0141],[-98.273,25.9805],[-98.3009,25.9445],[-98.2915,25.9176],[-98.2448,25.8996],[-98.2156,25.8681],[-98.2039,25.8231],[-98.1862,25.7916],[-98.1626,25.7736],[-98.1516,25.742],[-98.1531,25.697],[-98.1257,25.6564],[-98.0692,25.6204],[-98.0201,25.5798],[-97.9783,25.5347],[-97.9489,25.485],[-97.932,25.4308],[-97.9268,25.3947],[-97.9333,25.3766],[-97.9599,25.3621],[-98.0066,25.3512],[-98.0503,25.3602],[-98.0908,25.3892],[-98.1258,25.4074],[-98.1553,25.4149],[-98.195,25.4087],[-98.245,25.389],[-98.3,25.3785],[-98.36,25.3771],[-98.415,25.3822],[-98.465,25.3936],[-98.515,25.3932],[-98.565,25.381],[-98.605,25.377],[-98.635,25.3813],[-98.6609,25.4111],[-98.6827,25.4664],[-98.6727,25.4989],[-98.6309,25.5085],[-98.595,25.4978],[-98.565,25.4669],[-98.5411,25.4531],[-98.5234,25.4563],[-98.5046,25.476],[-98.4847,25.5121],[-98.4812,25.5482],[-98.4942,25.5843],[-98.4965,25.6158],[-98.4881,25.6429],[-98.5005,25.671],[-98.5335,25.7001],[-98.5739,25.7226],[-98.6217,25.7386],[-98.6459,25.7555],[-98.6464,25.7736],[-98.6237,25.7871],[-98.5777,25.7961],[-98.5531,25.8051],[-98.5499,25.8141],[-98.5832,25.8321],[-98.6532,25.8591],[-98.6932,25.8861],[-98.7034,25.9131],[-98.7067,25.94]]]}},{"type":"Feature","properties":{"c":"#00fb90","v0":0.04,"v1":0.05},"geometry":{"type":"Polygon","coordinates":[[[-96.7389,26.0075],[-96.7288,26.0255],[-96.7103,26.0375],[-96.6834,26.0438],[-96.6585,26.0438],[-96.6354,26.0375],[-96.6182,26.0255],[-96.6068,26.0075],[-96.6183,25.987],[-96.6528,25.964],[-96.6816,25.955],[-96.7047,25.96],[-96.7232,25.9715],[-96.737,25.9895],[-96.7389,26.0075]],[[-96.7366,26.0075],[-96.7259,26.0255],[-96.7079,26.0372],[-96.6826,26.0428],[-96.6593,26.0428],[-96.6379,26.0372],[-96.6211,26.0255],[-96.6091,26.0075],[-96.6198,25.9873],[-96.6533,25.965],[-96.6808,25.956],[-96.7024,25.9603],[-96.7204,25.9715],[-96.7347,25.9895],[-96.7366,26.0075]]]}},{"type":"Feature","properties":{"c":"#00fb90","v0":0.04,"v1":0.05},"geometry":{"type":"Polygon","coordinates":[[[-96.1411,25.968],[-96.1337,25.9789],[-96.1185,25.9834],[-96.0956,25.9815],[-96.0906,25.9725],[-96.1035,25.9565],[-96.1187,25.952],[-96.1361,25.959],[-96.1411,25.968]],[[-96.1376,25.9674],[-96.1325,25.9771],[-96.1193,25.9816],[-96.0979,25.9809],[-96.0879,25.9748],[-96.0893,25.9634],[-96.1025,25.9589],[-96.1276,25.9613],[-96.1376,25.9674]]]}},{"type":"Feature","properties":{"c":"#00fb90","v0":0.04,"v1":0.05},"geometry":{"type":"Polygon","coordinates":[[[-98.1019,25.9176],[-98.0858,25.9356],[-98.0609,25.9439],[-98.027,25.9427],[-98.005,25.9279],[-97.995,25.8997],[-97.97,25.8728],[-97.93,25.8471],[-97.8987,25.8124],[-97.8761,25.7685],[-97.8379,25.7285],[-97.784,25.6925],[-97.7503,25.6602],[-97.7368,25.6316],[-97.7141,25.6091],[-97.6824,25.5926],[-97.6674,25.5693],[-97.6691,25.5394],[-97.7,25.516],[-97.76,25.4993],[-97.8088,25.4962],[-97.8465,25.5068],[-97.8612,25.5301],[-97.853,25.5662],[-97.8879,25.6023],[-97.966,25.6384],[-98.0206,25.6835],[-98.0515,25.7375],[-98.0571,25.7871],[-98.0376,25.8321],[-98.0483,25.8681],[-98.0893,25.8951],[-98.1019,25.9176]],[[-98.0975,25.9177],[-98.0792,25.936],[-98.055,25.9433],[-98.025,25.9396],[-98.005,25.9231],[-97.995,25.8936],[-97.97,25.8669],[-97.93,25.8429],[-97.8995,25.8099],[-97.8785,25.7676],[-97.8408,25.7285],[-97.7863,25.6925],[-97.7518,25.6597],[-97.7373,25.6303],[-97.7147,25.6077],[-97.6841,25.5921],[-97.6691,25.5698],[-97.6697,25.541],[-97.7,25.518],[-97.76,25.501],[-97.808,25.4974],[-97.8441,25.5072],[-97.8579,25.5301],[-97.8493,25.5662],[-97.8844,25.6023],[-97.9631,25.6384],[-98.0175,25.6835],[-98.0475,25.7375],[-98.0525,25.7871],[-98.0323,25.8321],[-98.0433,25.8681],[-98.0855,25.8951],[-98.0975,25.9177]]]}},{"type":"Feature","properties":{"c":"#00fb90","v0":0.04,"v1":0.05},"geometry":{"type":"Polygon","coordinates":[[[-96.2526,25.8574],[-96.2375,25.8631],[-96.2197,25.8586],[-96.199,25.8439],[-96.204,25.835],[-96.2347,25.8317],[-96.2525,25.8362],[-96.2576,25.8485],[-96.2526,25.8574]],[[-96.2443,25.8552],[-96.2214,25.8564],[-96.207,25.8519],[-96.201,25.8417],[-96.211,25.8357],[-96.237,25.834],[-96.2514,25.8385],[-96.2543,25.8492],[-96.2443,25.8552]]]}},{"type":"Feature","properties":{"c":"#00fb90","v0":0.04,"v1":0.05},"geometry":{"type":"Polygon","coordinates":[[[-96.1385,25.8407],[-96.1062,25.849],[-96.045,25.8451],[-95.955,25.829],[-95.88,25.8294],[-95.82,25.8462],[-95.77,25.8499],[-95.73,25.8403],[-95.68,25.8412],[-95.62,25.8525],[-95.5557,25.8483],[-95.487,25.8285],[-95.492,25.7975],[-95.5707,25.7553],[-95.66,25.7234],[-95.76,25.7017],[-95.83,25.6954],[-95.87,25.7045],[-95.92,25.7269],[-95.98,25.7627],[-96.035,25.7824],[-96.085,25.7858],[-96.1212,25.7998],[-96.1435,25.8243],[-96.1385,25.8407]],[[-96.1312,25.8402],[-96.1037,25.8475],[-96.045,25.8426],[-95.955,25.8255],[-95.88,25.8259],[-95.82,25.8436],[-95.77,25.8473],[-95.73,25.8371],[-95.68,25.8381],[-95.62,25.8502],[-95.5575,25.8469],[-95.4926,25.828],[-95.4976,25.7981],[-95.5725,25.7572],[-95.66,25.726],[-95.76,25.7046],[-95.83,25.6986],[-95.87,25.7079],[-95.92,25.7307],[-95.98,25.7672],[-96.035,25.7867],[-96.085,25.7894],[-96.1187,25.8022],[-96.1362,25.8251],[-96.1312,25.8402]]]}},{"type":"Feature","properties":{"c":"#00fb90","v0":0.04,"v1":0.05},"geometry":{"type":"Polygon","coordinates":[[[-79.5239,25.8096],[-79.5212,25.8276],[-79.5123,25.8409],[-79.4974,25.8496],[-79.4833,25.8316],[-79.4698,25.7869],[-79.4748,25.7642],[-79.4983,25.7634],[-79.5138,25.7724],[-79.5215,25.7912],[-79.5239,25.8096]],[[-79.5195,25.8096],[-79.5161,25.8276],[-79.5082,25.8389],[-79.4961,25.8436],[-79.485,25.8257],[-79.475,25.7851],[-79.48,25.7657],[-79.5,25.7673],[-79.5128,25.7762],[-79.5185,25.7925],[-79.5195,25.8096]]]}},{"type":"Feature","properties":{"c":"#00fb90","v0":0.04,"v1":0.05},"geometry":{"type":"Polygon","coordinates":[[[-78.0638,25.7465],[-78.0417,25.7465],[-78.0355,25.7415],[-78.0452,25.7314],[-78.0562,25.7314],[-78.0686,25.7415],[-78.0638,25.7465]]]}},{"type":"Feature","properties":{"c":"#00fb90","v0":0.04,"v1":0.05},"geometry":{"type":"Polygon","coordinates":[[[-78.3029,25.593],[-78.2543,25.6466],[-78.22,25.6719],[-78.2,25.6689],[-78.1714,25.6466],[-78.1343,25.6051],[-78.117,25.5572],[-78.1195,25.5031],[-78.1331,25.4678],[-78.1577,25.4515],[-78.18,25.4454],[-78.2,25.4495],[-78.2323,25.4667],[-78.277,25.497],[-78.3063,25.5256],[-78.3202,25.5527],[-78.3029,25.593]],[[-78.2999,25.5921],[-78.2533,25.6437],[-78.22,25.668],[-78.2,25.6652],[-78.1724,25.6439],[-78.1373,25.6042],[-78.121,25.5572],[-78.1235,25.5031],[-78.1361,25.4686],[-78.1587,25.4538],[-78.18,25.4483],[-78.2,25.4521],[-78.2316,25.4685],[-78.2749,25.4976],[-78.3032,25.5256],[-78.3165,25.5527],[-78.2999,25.5921]]]}},{"type":"Feature","properties":{"c":"#00fb90","v0":0.04,"v1":0.05},"geometry":{"type":"Polygon","coordinates":[[[-99.0127,25.4426],[-98.9442,25.5564],[-98.895,25.6142],[-98.865,25.6159],[-98.831,25.5996],[-98.7931,25.5653],[-98.7681,25.5072],[-98.756,25.4251],[-98.73,25.3798],[-98.69,25.3713],[-98.6668,25.3446],[-98.6603,25.2997],[-98.6403,25.2644],[-98.6068,25.2388],[-98.58,25.2085],[-98.56,25.1735],[-98.54,25.155],[-98.52,25.153],[-98.47,25.1714],[-98.39,25.2103],[-98.3424,25.2371],[-98.3273,25.2518],[-98.3173,25.2733],[-98.3124,25.3017],[-98.29,25.3163],[-98.25,25.3173],[-98.2055,25.3032],[-98.1566,25.2738],[-98.1377,25.241],[-98.1488,25.2048],[-98.151,25.1777],[-98.1441,25.1596],[-98.1056,25.1188],[-98.0356,25.0554],[-97.9779,25.012],[-97.9326,24.9885],[-97.9012,24.9523],[-97.8835,24.9032],[-97.8835,24.8711],[-97.9012,24.8561],[-97.9431,24.8516],[-98.0092,24.8575],[-98.0347,24.8469],[-98.0195,24.8197],[-98.0114,24.7793],[-98.0105,24.7257],[-98.026,24.6893],[-98.0581,24.6703],[-98.0781,24.651],[-98.086,24.6317],[-98.1084,24.6135],[-98.1453,24.5965],[-98.1953,24.5544],[-98.2584,24.4871],[-98.325,24.4521],[-98.395,24.4496],[-98.44,24.4683],[-98.46,24.5082],[-98.48,24.5331],[-98.5,24.543],[-98.535,24.5413],[-98.585,24.5282],[-98.6394,24.5473],[-98.6981,24.5987],[-98.7274,24.6334],[-98.7274,24.6516],[-98.718,24.6698],[-98.6994,24.688],[-98.6635,24.7061],[-98.6104,24.7243],[-98.5892,24.7516],[-98.6,24.7879],[-98.6019,24.8151],[-98.5951,24.8333],[-98.5634,24.8514],[-98.5069,24.8696],[-98.4787,24.8923],[-98.4788,24.9195],[-98.4455,24.9421],[-98.3789,24.9603],[-98.3453,24.9784],[-98.3446,24.9965],[-98.3707,25.0297],[-98.4236,25.0778],[-98.465,25.1075],[-98.495,25.1187],[-98.5157,25.1127],[-98.5272,25.0896],[-98.5267,25.0509],[-98.5141,24.9965],[-98.5284,24.9711],[-98.5695,24.9746],[-98.6,25.0139],[-98.62,25.0888],[-98.655,25.1353],[-98.705,25.1534],[-98.77,25.2136],[-98.85,25.3159],[-98.915,25.3576],[-98.965,25.339],[-99.0,25.3337],[-99.02,25.342],[-99.0342,25.356],[-99.0427,25.3758],[-99.0127,25.4426]],[[-99.0108,25.4414],[-98.9436,25.5527],[-98.905,25.6125],[-98.895,25.6207],[-98.88,25.6223],[-98.86,25.6174],[-98.8315,25.5982],[-98.7944,25.5649],[-98.7732,25.5121],[-98.7678,25.4399],[-98.7564,25.3936],[-98.7388,25.3733],[-98.715,25.3617],[-98.685,25.359],[-98.6675,25.3375],[-98.6626,25.2973],[-98.6426,25.2636],[-98.6076,25.2365],[-98.5801,25.2052],[-98.56,25.1696],[-98.54,25.1479],[-98.52,25.1399],[-98.5,25.1457],[-98.48,25.1653],[-98.44,25.1881],[-98.38,25.2141],[-98.3416,25.2351],[-98.3249,25.2511],[-98.3138,25.2727],[-98.3083,25.2998],[-98.2867,25.3137],[-98.2489,25.3145],[-98.2061,25.3009],[-98.1582,25.273],[-98.1399,25.241],[-98.1511,25.2048],[-98.1533,25.1777],[-98.1465,25.1596],[-98.1081,25.1188],[-98.0383,25.0554],[-97.9801,25.0115],[-97.9334,24.987],[-97.9019,24.9507],[-97.8856,24.9027],[-97.8856,24.8717],[-97.9019,24.8577],[-97.935,24.8562],[-97.985,24.8673],[-98.0194,24.8697],[-98.0381,24.8636],[-98.0396,24.8469],[-98.0238,24.8197],[-98.0144,24.7806],[-98.0115,24.7298],[-98.0272,24.6934],[-98.0615,24.6716],[-98.0825,24.6516],[-98.0904,24.6334],[-98.1128,24.6153],[-98.1497,24.5971],[-98.1986,24.5551],[-98.2595,24.4894],[-98.325,24.4553],[-98.395,24.453],[-98.4399,24.4722],[-98.4596,24.513],[-98.4796,24.5377],[-98.4999,24.5463],[-98.535,24.5449],[-98.585,24.5334],[-98.638,24.5518],[-98.694,24.6002],[-98.7225,24.6334],[-98.7235,24.6516],[-98.7155,24.6691],[-98.6985,24.686],[-98.6625,24.7041],[-98.6075,24.7236],[-98.5788,24.7425],[-98.5765,24.7606],[-98.582,24.7788],[-98.5954,24.797],[-98.5986,24.8151],[-98.5916,24.8333],[-98.5636,24.8483],[-98.5145,24.8603],[-98.485,24.8826],[-98.475,24.9151],[-98.4371,24.9409],[-98.3714,24.9599],[-98.3389,24.9784],[-98.3396,24.9965],[-98.3675,25.0304],[-98.4225,25.08],[-98.465,25.1114],[-98.495,25.1246],[-98.5162,25.1225],[-98.5287,25.105],[-98.5303,25.069],[-98.521,25.0147],[-98.5198,24.9828],[-98.5266,24.9735],[-98.545,24.9718],[-98.575,24.9776],[-98.6,25.0181],[-98.62,25.0934],[-98.655,25.1398],[-98.705,25.1574],[-98.77,25.2171],[-98.85,25.3188],[-98.915,25.3604],[-98.965,25.3422],[-99.0,25.3371],[-99.02,25.3452],[-99.0336,25.3584],[-99.0408,25.3766],[-99.0108,25.4414]]]}},{"type":"Feature","properties":{"c":"#00fb90","v0":0.04,"v1":0.05},"geometry":{"type":"Polygon","coordinates":[[[-99.1139,25.6055],[-99.098,25.612],[-99.0884,25.6075],[-99.0852,25.592],[-99.0902,25.583],[-99.1034,25.5804],[-99.113,25.5849],[-99.1189,25.5965],[-99.1139,25.6055]],[[-99.1112,25.6044],[-99.0971,25.6085],[-99.0895,25.604],[-99.0886,25.5909],[-99.0957,25.5888],[-99.1108,25.5978],[-99.1112,25.6044]]]}},{"type":"Feature","properties":{"c":"#00fb90","v0":0.04,"v1":0.05},"geometry":{"type":"Polygon","coordinates":[[[-96.7062,25.5843],[-96.6811,25.5843],[-96.6789,25.5801],[-96.6996,25.5717],[-96.7122,25.5717],[-96.7166,25.5801],[-96.7062,25.5843]]]}},{"type":"Feature","properties":{"c":"#00fb90","v0":0.04,"v1":0.05},"geometry":{"type":"Polygon","coordinates":[[[-96.7232,25.4256],[-96.6611,25.4332],[-96.619,25.4332],[-96.5971,25.4256],[-96.5921,25.4148],[-96.604,25.4008],[-96.64,25.3931],[-96.7,25.3918],[-96.7361,25.3988],[-96.7482,25.4142],[-96.7232,25.4256]],[[-96.7084,25.4218],[-96.6288,25.4218],[-96.5942,25.4154],[-96.6047,25.4024],[-96.625,25.4013],[-96.655,25.4119],[-96.685,25.4119],[-96.715,25.4013],[-96.7346,25.4024],[-96.7437,25.4153],[-96.7084,25.4218]]]}},{"type":"Feature","properties":{"c":"#00fb90","v0":0.04,"v1":0.05},"geometry":{"type":"Polygon","coordinates":[[[-96.1309,25.3782],[-96.117,25.3994],[-96.0883,25.4084],[-96.0449,25.4053],[-96.0399,25.3928],[-96.0733,25.3709],[-96.102,25.3619],[-96.1259,25.3657],[-96.1309,25.3782]],[[-96.1274,25.3768],[-96.1158,25.3952],[-96.0924,25.4042],[-96.0573,25.4039],[-96.0523,25.3935],[-96.0774,25.3731],[-96.1008,25.3641],[-96.1224,25.3664],[-96.1274,25.3768]]]}},{"type":"Feature","properties":{"c":"#00fb90","v0":0.04,"v1":0.05},"geometry":{"type":"Polygon","coordinates":[[[-99.046,25.2697],[-99.022,25.291],[-99.0,25.297],[-98.98,25.2878],[-98.9621,25.2681],[-98.9462,25.238],[-98.9461,25.2048],[-98.9617,25.1686],[-98.9917,25.1777],[-99.0358,25.232],[-99.046,25.2697]],[[-99.0441,25.2688],[-99.0214,25.2883],[-99.0,25.2936],[-98.98,25.2848],[-98.9625,25.266],[-98.9475,25.2373],[-98.9475,25.2074],[-98.9625,25.1763],[-98.9914,25.1853],[-99.0341,25.2345],[-99.0441,25.2688]]]}},{"type":"Feature","properties":{"c":"#00fb90","v0":0.04,"v1":0.05},"geometry":{"type":"Polygon","coordinates":[[[-96.9234,25.2818],[-96.9145,25.291],[-96.9048,25.291],[-96.8943,25.2818],[-96.8943,25.273],[-96.9048,25.2647],[-96.9145,25.2647],[-96.9234,25.273],[-96.9234,25.2818]]]}},{"type":"Feature","properties":{"c":"#00fb90","v0":0.04,"v1":0.05},"geometry":{"type":"Polygon","coordinates":[[[-96.8902,25.1822],[-96.8634,25.2093],[-96.815,25.2184],[-96.745,25.2094],[-96.685,25.2165],[-96.635,25.2396],[-96.6018,25.2441],[-96.5853,25.23],[-96.6003,25.2079],[-96.6468,25.1778],[-96.69,25.1596],[-96.73,25.1533],[-96.7884,25.1548],[-96.8652,25.164],[-96.8902,25.1822]],[[-96.8867,25.1814],[-96.8622,25.2069],[-96.83,25.2207],[-96.79,25.2227],[-96.755,25.2175],[-96.725,25.205],[-96.69,25.2113],[-96.65,25.2365],[-96.6176,25.2425],[-96.5927,25.2295],[-96.6027,25.2085],[-96.6476,25.1797],[-96.7272,25.1661],[-96.8417,25.1678],[-96.8867,25.1814]]]}},{"type":"Feature","properties":{"c":"#00fb90","v0":0.04,"v1":0.05},"geometry":{"type":"Polygon","coordinates":[[[-96.3146,24.9603],[-96.3002,24.9784],[-96.2752,24.9875],[-96.2397,24.9875],[-96.2208,24.9829],[-96.2184,24.9739],[-96.2304,24.9611],[-96.2568,24.9446],[-96.2829,24.94],[-96.3088,24.9475],[-96.3146,24.9603]],[[-96.3006,24.9745],[-96.2669,24.9849],[-96.2431,24.9849],[-96.2293,24.9745],[-96.2393,24.9615],[-96.2731,24.9457],[-96.2969,24.9457],[-96.3106,24.9615],[-96.3006,24.9745]]]}},{"type":"Feature","properties":{"c":"#00fb90","v0":0.04,"v1":0.05},"geometry":{"type":"Polygon","coordinates":[[[-96.7265,24.9571],[-96.6888,24.9689],[-96.65,24.9707],[-96.61,24.9623],[-96.5882,24.9518],[-96.5846,24.9393],[-96.5946,24.9269],[-96.6182,24.9146],[-96.6588,24.9191],[-96.7165,24.9405],[-96.7265,24.9571]],[[-96.7209,24.9564],[-96.687,24.9667],[-96.65,24.9674],[-96.61,24.9587],[-96.5892,24.949],[-96.5876,24.9384],[-96.5976,24.9276],[-96.6192,24.9166],[-96.657,24.9211],[-96.7109,24.9412],[-96.7209,24.9564]]]}},{"type":"Feature","properties":{"c":"#00fb90","v0":0.04,"v1":0.05},"geometry":{"type":"Polygon","coordinates":[[[-96.1338,24.9386],[-96.1046,24.9498],[-96.0804,24.9498],[-96.0611,24.9386],[-96.0661,24.9282],[-96.0954,24.9183],[-96.1196,24.9183],[-96.1388,24.9282],[-96.1338,24.9386]],[[-96.129,24.938],[-96.103,24.9479],[-96.0821,24.9479],[-96.0664,24.938],[-96.0714,24.929],[-96.0971,24.9208],[-96.118,24.9208],[-96.134,24.929],[-96.129,24.938]]]}},{"type":"Feature","properties":{"c":"#00fb90","v0":0.04,"v1":0.05},"geometry":{"type":"Polygon","coordinates":[[[-96.4635,24.9217],[-96.4545,24.9352],[-96.4398,24.9397],[-96.4194,24.9353],[-96.4144,24.9261],[-96.4248,24.9121],[-96.4395,24.9076],[-96.4585,24.9125],[-96.4635,24.9217]],[[-96.4599,24.921],[-96.4533,24.9332],[-96.4411,24.9377],[-96.4233,24.9346],[-96.4183,24.9268],[-96.4261,24.9142],[-96.4383,24.9096],[-96.4549,24.9132],[-96.4599,24.921]]]}},{"type":"Feature","properties":{"c":"#00fb90","v0":0.04,"v1":0.05},"geometry":{"type":"Polygon","coordinates":[[[-99.1809,24.8515],[-99.1603,24.8698],[-99.1381,24.8698],[-99.1142,24.8515],[-99.1042,24.8372],[-99.1081,24.8268],[-99.1303,24.8268],[-99.1709,24.8372],[-99.1809,24.8515]],[[-99.1743,24.8502],[-99.1581,24.866],[-99.1392,24.866],[-99.1176,24.8502],[-99.1126,24.8384],[-99.1242,24.8306],[-99.1431,24.8306],[-99.1693,24.8384],[-99.1743,24.8502]]]}},{"type":"Feature","properties":{"c":"#00fb90","v0":0.04,"v1":0.05},"geometry":{"type":"Polygon","coordinates":[[[-97.6489,24.5516],[-97.5913,24.588],[-97.5719,24.6243],[-97.5909,24.6607],[-97.5778,24.6915],[-97.5326,24.7166],[-97.5041,24.7439],[-97.4923,24.7732],[-97.4723,24.8003],[-97.4441,24.8251],[-97.405,24.8487],[-97.355,24.8711],[-97.3107,24.8723],[-97.272,24.8523],[-97.2498,24.8333],[-97.2442,24.8151],[-97.2636,24.7907],[-97.3079,24.76],[-97.36,24.7373],[-97.42,24.7225],[-97.4546,24.7061],[-97.4638,24.6879],[-97.4488,24.6725],[-97.4096,24.6598],[-97.345,24.6522],[-97.255,24.6497],[-97.185,24.6381],[-97.135,24.6173],[-97.065,24.6054],[-96.975,24.6024],[-96.9235,24.5931],[-96.9105,24.5776],[-96.9255,24.5562],[-96.9685,24.5291],[-96.991,24.5064],[-96.993,24.488],[-96.958,24.4839],[-96.886,24.4941],[-96.81,24.4897],[-96.73,24.4705],[-96.6896,24.4562],[-96.6888,24.447],[-96.7088,24.4344],[-96.7496,24.4185],[-96.82,24.412],[-96.92,24.415],[-97.0,24.4299],[-97.06,24.4567],[-97.135,24.4798],[-97.225,24.4992],[-97.32,24.5015],[-97.42,24.4867],[-97.515,24.4864],[-97.605,24.5006],[-97.6569,24.5141],[-97.6708,24.527],[-97.6489,24.5516]],[[-97.6436,24.5516],[-97.5862,24.588],[-97.5671,24.6243],[-97.5865,24.6607],[-97.5747,24.6895],[-97.5316,24.7107],[-97.5034,24.7379],[-97.4902,24.7712],[-97.4702,24.7998],[-97.4434,24.8236],[-97.405,24.8468],[-97.355,24.8693],[-97.3111,24.871],[-97.2733,24.8519],[-97.2517,24.8333],[-97.2462,24.8151],[-97.2651,24.7912],[-97.3084,24.7614],[-97.3628,24.7387],[-97.4284,24.723],[-97.4645,24.7061],[-97.471,24.688],[-97.4532,24.6721],[-97.4111,24.6584],[-97.345,24.6503],[-97.255,24.6478],[-97.185,24.6361],[-97.135,24.6151],[-97.065,24.603],[-96.975,24.5998],[-96.9242,24.5911],[-96.9127,24.5769],[-96.9277,24.5572],[-96.9692,24.5321],[-96.993,24.5094],[-96.999,24.489],[-96.964,24.4833],[-96.888,24.4924],[-96.8122,24.4879],[-96.7365,24.4697],[-96.6978,24.456],[-96.6959,24.4469],[-96.7137,24.4352],[-96.7512,24.4207],[-96.82,24.4147],[-96.92,24.4171],[-96.995,24.4302],[-97.045,24.4539],[-97.115,24.4764],[-97.205,24.4979],[-97.305,24.5015],[-97.415,24.4874],[-97.515,24.4879],[-97.605,24.5032],[-97.6556,24.5164],[-97.6668,24.5277],[-97.6436,24.5516]]]}},{"type":"Feature","properties":{"c":"#00fb90","v0":0.04,"v1":0.05},"geometry":{"type":"Polygon","coordinates":[[[-99.0806,24.7757],[-99.0735,24.7876],[-99.05,24.7898],[-99.01,24.7822],[-98.9436,24.7444],[-98.8507,24.6765],[-98.8095,24.6198],[-98.8201,24.5743],[-98.8366,24.5477],[-98.8589,24.5399],[-98.902,24.5581],[-98.9659,24.6023],[-99.0194,24.6607],[-99.0626,24.7334],[-99.0806,24.7757]],[[-99.0723,24.775],[-99.0574,24.7854],[-99.035,24.787],[-99.005,24.7797],[-98.9449,24.7427],[-98.8547,24.6759],[-98.8145,24.6198],[-98.8242,24.5743],[-98.8393,24.5486],[-98.8598,24.5426],[-98.885,24.5546],[-98.915,24.5848],[-98.9458,24.606],[-98.9774,24.6182],[-99.0148,24.6607],[-99.0581,24.7334],[-99.0723,24.775]]]}},{"type":"Feature","properties":{"c":"#00fb90","v0":0.04,"v1":0.05},"geometry":{"type":"Polygon","coordinates":[[[-96.4787,24.6331],[-96.4596,24.6507],[-96.425,24.6551],[-96.375,24.6463],[-96.339,24.6329],[-96.3171,24.6151],[-96.3071,24.6016],[-96.309,24.5925],[-96.33,24.5823],[-96.37,24.5708],[-96.4146,24.5799],[-96.4637,24.6095],[-96.4787,24.6331]],[[-96.4754,24.6321],[-96.4585,24.6475],[-96.425,24.651],[-96.375,24.6425],[-96.3405,24.6302],[-96.3214,24.6142],[-96.3314,24.5967],[-96.3705,24.5778],[-96.4135,24.5823],[-96.4604,24.6103],[-96.4754,24.6321]]]}},{"type":"Feature","properties":{"c":"#00fb90","v0":0.04,"v1":0.05},"geometry":{"type":"Polygon","coordinates":[[[-98.0578,24.5562],[-98.0393,24.5653],[-98.0259,24.5653],[-98.0177,24.5562],[-98.0227,24.5448],[-98.0409,24.5312],[-98.0543,24.5312],[-98.0628,24.5448],[-98.0578,24.5562]],[[-98.0512,24.5516],[-98.0293,24.5516],[-98.0263,24.5455],[-98.0421,24.5334],[-98.053,24.5334],[-98.0591,24.5455],[-98.0512,24.5516]]]}},{"type":"Feature","properties":{"c":"#00fb90","v0":0.04,"v1":0.05},"geometry":{"type":"Polygon","coordinates":[[[-97.5484,24.3095],[-97.5361,24.3354],[-97.5124,24.3581],[-97.4773,24.3779],[-97.4023,24.3917],[-97.2874,24.3997],[-97.2273,24.3906],[-97.2219,24.3644],[-97.2325,24.3376],[-97.2591,24.3103],[-97.2718,24.2898],[-97.2706,24.276],[-97.265,24.2643],[-97.255,24.2546],[-97.22,24.2479],[-97.16,24.2443],[-97.1265,24.2377],[-97.1195,24.2284],[-97.1345,24.2074],[-97.1715,24.1747],[-97.1986,24.161],[-97.2159,24.1663],[-97.2359,24.1862],[-97.2586,24.2208],[-97.285,24.2341],[-97.315,24.2262],[-97.345,24.2086],[-97.375,24.1812],[-97.405,24.165],[-97.435,24.16],[-97.4562,24.1604],[-97.4687,24.1661],[-97.4774,24.1872],[-97.4825,24.2237],[-97.5024,24.2556],[-97.5371,24.283],[-97.5484,24.3095]],[[-97.5447,24.3103],[-97.5308,24.3376],[-97.5004,24.3623],[-97.4535,24.3842],[-97.3774,24.3933],[-97.2722,24.3896],[-97.2207,24.3786],[-97.2227,24.3604],[-97.2369,24.3376],[-97.2632,24.3103],[-97.2761,24.283],[-97.2756,24.2556],[-97.309,24.2223],[-97.3763,24.1829],[-97.4252,24.1647],[-97.4555,24.1675],[-97.4727,24.1872],[-97.4769,24.2237],[-97.4971,24.2556],[-97.5334,24.283],[-97.5447,24.3103]],[[-97.2218,24.2428],[-97.1739,24.2444],[-97.1424,24.2398],[-97.1271,24.2291],[-97.1271,24.2124],[-97.1424,24.1899],[-97.165,24.1747],[-97.195,24.167],[-97.2189,24.1828],[-97.2368,24.2222],[-97.2218,24.2428]]]}},{"type":"Feature","properties":{"c":"#00fb90","v0":0.04,"v1":0.05},"geometry":{"type":"Polygon","coordinates":[[[-83.7159,24.0067],[-83.6853,24.0475],[-83.6616,24.0657],[-83.6448,24.0615],[-83.6448,24.0392],[-83.6616,23.9988],[-83.68,23.9755],[-83.7,23.9694],[-83.7153,23.9713],[-83.7259,23.9813],[-83.7159,24.0067]],[[-83.7069,24.0067],[-83.669,24.0473],[-83.6462,24.061],[-83.6386,24.0478],[-83.6426,24.0275],[-83.6581,24.0001],[-83.6769,23.9825],[-83.699,23.9747],[-83.714,23.9747],[-83.7219,23.9825],[-83.7069,24.0067]]]}},{"type":"Feature","properties":{"c":"#00fb90","v0":0.04,"v1":0.05},"geometry":{"type":"Polygon","coordinates":[[[-82.668,23.9857],[-82.656,24.0211],[-82.615,24.0396],[-82.545,24.0413],[-82.4874,24.0237],[-82.4423,23.9866],[-82.4073,23.9437],[-82.3824,23.8948],[-82.3,23.859],[-82.16,23.8364],[-82.0716,23.8105],[-82.0347,23.7814],[-82.0111,23.7531],[-82.0006,23.7257],[-81.9993,23.6982],[-82.0071,23.6707],[-82.0407,23.6439],[-82.1002,23.6176],[-82.1494,23.5809],[-82.1883,23.5339],[-82.2053,23.4782],[-82.2003,23.414],[-82.2109,23.3822],[-82.237,23.3827],[-82.285,23.401],[-82.355,23.437],[-82.4422,23.5147],[-82.5467,23.634],[-82.6177,23.7623],[-82.6553,23.8995],[-82.668,23.9857]],[[-82.6624,24.0001],[-82.6437,24.0275],[-82.6033,24.0408],[-82.5411,24.04],[-82.4883,24.0218],[-82.4448,23.986],[-82.4098,23.9431],[-82.3833,23.8932],[-82.3,23.857],[-82.16,23.8346],[-82.072,23.8093],[-82.0361,23.781],[-82.0129,23.7531],[-82.0024,23.7257],[-82.0012,23.6982],[-82.0091,23.6707],[-82.0423,23.645],[-82.1008,23.6211],[-82.15,23.5854],[-82.19,23.5379],[-82.2085,23.4811],[-82.2054,23.415],[-82.2204,23.3845],[-82.2535,23.3899],[-82.3,23.4085],[-82.36,23.4404],[-82.4418,23.5158],[-82.5455,23.6344],[-82.6159,23.7669],[-82.6531,23.9132],[-82.6624,24.0001]]]}},{"type":"Feature","properties":{"c":"#00fb90","v0":0.04,"v1":0.05},"geometry":{"type":"Polygon","coordinates":[[[-83.6343,23.8172],[-83.6224,23.8446],[-83.5998,23.8633],[-83.5666,23.8732],[-83.535,23.8704],[-83.505,23.855],[-83.455,23.8551],[-83.385,23.8707],[-83.3307,23.8644],[-83.2921,23.836],[-83.2803,23.8035],[-83.2953,23.7669],[-83.3246,23.7385],[-83.3682,23.7182],[-83.4,23.7099],[-83.42,23.7135],[-83.445,23.7285],[-83.475,23.755],[-83.5034,23.7541],[-83.5303,23.726],[-83.5553,23.7124],[-83.5784,23.7133],[-83.5992,23.7224],[-83.6176,23.7398],[-83.6301,23.7623],[-83.6369,23.7897],[-83.6343,23.8172]],[[-83.6327,23.8172],[-83.6203,23.8446],[-83.5981,23.8629],[-83.566,23.8719],[-83.535,23.8683],[-83.505,23.852],[-83.455,23.8521],[-83.385,23.8684],[-83.3313,23.8629],[-83.2939,23.8355],[-83.2829,23.8035],[-83.2983,23.7669],[-83.327,23.7389],[-83.369,23.7196],[-83.4,23.7116],[-83.42,23.7151],[-83.445,23.7311],[-83.475,23.7595],[-83.5045,23.7583],[-83.5334,23.7274],[-83.5584,23.7128],[-83.5795,23.7145],[-83.6022,23.7374],[-83.6267,23.7814],[-83.6327,23.8172]]]}},{"type":"Feature","properties":{"c":"#00fb90","v0":0.04,"v1":0.05},"geometry":{"type":"Polygon","coordinates":[[[-81.2176,23.8456],[-81.2125,23.8566],[-81.1989,23.8612],[-81.1766,23.8593],[-81.1791,23.8538],[-81.2064,23.8446],[-81.2176,23.8456]]]}},{"type":"Feature","properties":{"c":"#00fb90","v0":0.04,"v1":0.05},"geometry":{"type":"Polygon","coordinates":[[[-81.0802,23.8002],[-81.0601,23.8302],[-81.035,23.8361],[-81.005,23.8177],[-80.97,23.8053],[-80.93,23.7988],[-80.885,23.7688],[-80.835,23.7151],[-80.795,23.6816],[-80.765,23.6683],[-80.73,23.6668],[-80.69,23.6773],[-80.6606,23.667],[-80.6418,23.6359],[-80.6368,23.6145],[-80.6456,23.6029],[-80.67,23.5964],[-80.71,23.595],[-80.755,23.5842],[-80.805,23.5641],[-80.8392,23.5614],[-80.8575,23.5763],[-80.8725,23.6007],[-80.8842,23.6347],[-80.9321,23.6576],[-81.0163,23.6694],[-81.0664,23.7028],[-81.0823,23.7577],[-81.0802,23.8002]],[[-81.0786,23.799],[-81.0595,23.8266],[-81.015,23.8289],[-80.945,23.8058],[-80.885,23.767],[-80.835,23.7125],[-80.795,23.6786],[-80.765,23.6652],[-80.73,23.6636],[-80.69,23.6739],[-80.6614,23.6643],[-80.6443,23.635],[-80.6393,23.6152],[-80.6464,23.605],[-80.67,23.5992],[-80.71,23.598],[-80.755,23.5869],[-80.805,23.5657],[-80.8388,23.5623],[-80.8565,23.5766],[-80.8715,23.6015],[-80.8838,23.6371],[-80.9312,23.66],[-81.0137,23.6702],[-81.0632,23.7028],[-81.0798,23.7577],[-81.0786,23.799]]]}},{"type":"Feature","properties":{"c":"#00fb90","v0":0.04,"v1":0.05},"geometry":{"type":"Polygon","coordinates":[[[-79.262,23.7527],[-79.2407,23.761],[-79.2187,23.7565],[-79.1961,23.739],[-79.1961,23.7259],[-79.2187,23.7173],[-79.2407,23.7219],[-79.262,23.7397],[-79.262,23.7527]],[[-79.2596,23.752],[-79.2399,23.7589],[-79.2197,23.7543],[-79.1992,23.7383],[-79.1992,23.7267],[-79.2197,23.7195],[-79.2399,23.7241],[-79.2596,23.7404],[-79.2596,23.752]]]}},{"type":"Feature","properties":{"c":"#00fb90","v0":0.04,"v1":0.05},"geometry":{"type":"Polygon","coordinates":[[[-82.9073,23.5889],[-82.8958,23.5994],[-82.8733,23.5994],[-82.8398,23.5889],[-82.8198,23.552],[-82.8133,23.4886],[-82.825,23.465],[-82.855,23.4812],[-82.8808,23.5129],[-82.9023,23.5601],[-82.9073,23.5889]],[[-82.9052,23.5882],[-82.8951,23.5973],[-82.8744,23.5973],[-82.8432,23.5882],[-82.8232,23.5548],[-82.8144,23.497],[-82.815,23.4657],[-82.825,23.4609],[-82.84,23.4671],[-82.86,23.4844],[-82.8801,23.5158],[-82.9002,23.561],[-82.9052,23.5882]]]}},{"type":"Feature","properties":{"c":"#00fb90","v0":0.04,"v1":0.05},"geometry":{"type":"Polygon","coordinates":[[[-83.5035,23.4908],[-83.4945,23.5252],[-83.48,23.5499],[-83.46,23.5651],[-83.42,23.5754],[-83.36,23.5807],[-83.31,23.5774],[-83.27,23.5653],[-83.23,23.565],[-83.19,23.5764],[-83.1579,23.5734],[-83.1337,23.5558],[-83.122,23.5378],[-83.1229,23.5195],[-83.135,23.5027],[-83.1583,23.4873],[-83.23,23.4729],[-83.35,23.4594],[-83.425,23.4461],[-83.455,23.4332],[-83.4795,23.4385],[-83.4985,23.4619],[-83.5035,23.4908]],[[-83.5017,23.4896],[-83.4939,23.5214],[-83.48,23.5455],[-83.46,23.5617],[-83.42,23.5726],[-83.36,23.5784],[-83.31,23.5752],[-83.27,23.5631],[-83.23,23.5629],[-83.19,23.5744],[-83.1584,23.5719],[-83.1352,23.5553],[-83.1241,23.5378],[-83.1251,23.5195],[-83.1367,23.5031],[-83.1589,23.4887],[-83.23,23.4748],[-83.35,23.4615],[-83.425,23.4485],[-83.455,23.436],[-83.4789,23.4407],[-83.4967,23.4627],[-83.5017,23.4896]]]}},{"type":"Feature","properties":{"c":"#00fb90","v0":0.04,"v1":0.05},"geometry":{"type":"Polygon","coordinates":[[[-82.738,23.4977],[-82.7327,23.5091],[-82.72,23.5158],[-82.7,23.518],[-82.6823,23.5031],[-82.6669,23.4712],[-82.6719,23.4526],[-82.6973,23.4472],[-82.7177,23.4563],[-82.733,23.4801],[-82.738,23.4977]],[[-82.7264,23.4983],[-82.7021,23.5109],[-82.6829,23.5017],[-82.6688,23.4708],[-82.6738,23.4532],[-82.6979,23.449],[-82.7171,23.4582],[-82.7314,23.4807],[-82.7264,23.4983]]]}},{"type":"Feature","properties":{"c":"#00fb90","v0":0.04,"v1":0.05},"geometry":{"type":"Polygon","coordinates":[[[-83.7752,23.437],[-83.7664,23.4737],[-83.7632,23.4828],[-83.7655,23.4645],[-83.7494,23.4186],[-83.7147,23.3452],[-83.7006,23.2941],[-83.7069,23.2654],[-83.72,23.2529],[-83.74,23.2566],[-83.7548,23.2663],[-83.7643,23.2821],[-83.7717,23.3222],[-83.777,23.3865],[-83.7752,23.437]],[[-83.7743,23.4102],[-83.7714,23.4302],[-83.765,23.4361],[-83.755,23.4281],[-83.74,23.4034],[-83.72,23.3619],[-83.7113,23.3192],[-83.7138,23.2753],[-83.7279,23.2625],[-83.7537,23.2809],[-83.7688,23.3176],[-83.7734,23.3727],[-83.7743,23.4102]]]}},{"type":"Feature","properties":{"c":"#00fb90","v0":0.04,"v1":0.05},"geometry":{"type":"Polygon","coordinates":[[[-79.3533,23.3738],[-79.3111,23.3942],[-79.2735,23.3988],[-79.2404,23.3875],[-79.2404,23.3692],[-79.2735,23.344],[-79.3111,23.3394],[-79.3533,23.3555],[-79.3533,23.3738]],[[-79.3498,23.3733],[-79.3099,23.3928],[-79.2749,23.3974],[-79.2448,23.3871],[-79.2448,23.3698],[-79.2749,23.3456],[-79.3099,23.341],[-79.3498,23.356],[-79.3498,23.3733]]]}},{"type":"Feature","properties":{"c":"#00fb90","v0":0.04,"v1":0.05},"geometry":{"type":"Polygon","coordinates":[[[-82.4718,23.3505],[-82.4306,23.3612],[-82.3997,23.3612],[-82.379,23.3505],[-82.3669,23.336],[-82.3633,23.3176],[-82.3786,23.3049],[-82.4129,23.2977],[-82.4456,23.3069],[-82.4768,23.3324],[-82.4718,23.3505]],[[-82.468,23.3501],[-82.4293,23.3599],[-82.4004,23.3599],[-82.3811,23.3501],[-82.3697,23.336],[-82.3661,23.3176],[-82.3807,23.3054],[-82.4136,23.2992],[-82.4443,23.3084],[-82.473,23.3329],[-82.468,23.3501]]]}},{"type":"Feature","properties":{"c":"#00fb90","v0":0.04,"v1":0.05},"geometry":{"type":"Polygon","coordinates":[[[-82.7357,23.3131],[-82.7186,23.3226],[-82.6956,23.3226],[-82.6668,23.3131],[-82.641,23.2992],[-82.6185,23.2809],[-82.6061,23.2625],[-82.6038,23.2441],[-82.6195,23.2354],[-82.6532,23.2363],[-82.6886,23.2547],[-82.7257,23.2905],[-82.7357,23.3131]],[[-82.733,23.3125],[-82.7177,23.3208],[-82.695,23.32],[-82.665,23.3101],[-82.6399,23.2968],[-82.6198,23.2801],[-82.6088,23.2625],[-82.6071,23.2441],[-82.6221,23.2359],[-82.654,23.2377],[-82.6877,23.2561],[-82.723,23.291],[-82.733,23.3125]]]}},{"type":"Feature","properties":{"c":"#00fb90","v0":0.04,"v1":0.05},"geometry":{"type":"Polygon","coordinates":[[[-79.0213,23.3273],[-79.0004,23.3283],[-78.9896,23.3237],[-78.9888,23.3135],[-78.998,23.3084],[-79.017,23.3084],[-79.0278,23.313],[-79.0304,23.3222],[-79.0213,23.3273]]]}},{"type":"Feature","properties":{"c":"#00fb90","v0":0.04,"v1":0.05},"geometry":{"type":"Polygon","coordinates":[[[-83.2819,23.2618],[-83.274,23.2789],[-83.26,23.2866],[-83.24,23.285],[-83.2214,23.2673],[-83.2042,23.2335],[-83.2092,23.2156],[-83.2364,23.2137],[-83.259,23.2229],[-83.2769,23.2432],[-83.2819,23.2618]],[[-83.2804,23.2612],[-83.2735,23.277],[-83.26,23.2843],[-83.24,23.2831],[-83.2224,23.2752],[-83.2073,23.2606],[-83.1996,23.2441],[-83.1994,23.2257],[-83.212,23.2161],[-83.2373,23.2151],[-83.2585,23.2243],[-83.2754,23.2436],[-83.2804,23.2612]]]}},{"type":"Feature","properties":{"c":"#00fb90","v0":0.04,"v1":0.05},"geometry":{"type":"Polygon","coordinates":[[[-83.0981,23.1614],[-83.0684,23.1982],[-83.0327,23.2291],[-82.9909,23.2541],[-82.9516,23.2678],[-82.9147,23.2704],[-82.9197,23.2332],[-82.9666,23.1563],[-83.01,23.1126],[-83.05,23.1023],[-83.0807,23.1086],[-83.1022,23.1315],[-83.0981,23.1614]],[[-83.0929,23.1615],[-83.0643,23.1986],[-83.025,23.2309],[-82.975,23.2583],[-82.9384,23.2719],[-82.9152,23.2718],[-82.9151,23.2441],[-82.938,23.189],[-82.9596,23.1511],[-82.9799,23.1305],[-83.01,23.1152],[-83.05,23.1053],[-83.0793,23.111],[-83.0979,23.1323],[-83.0929,23.1615]]]}},{"type":"Feature","properties":{"c":"#00fb90","v0":0.04,"v1":0.05},"geometry":{"type":"Polygon","coordinates":[[[-83.1359,22.7608],[-83.086,22.8069],[-83.0632,22.8532],[-83.0677,22.8997],[-83.065,22.925],[-83.055,22.9293],[-83.03,22.9202],[-82.99,22.8978],[-82.9569,22.8909],[-82.9306,22.8994],[-82.9056,22.9252],[-82.8819,22.9681],[-82.85,22.9924],[-82.81,22.9981],[-82.77,22.9928],[-82.73,22.9764],[-82.68,22.9774],[-82.62,22.9958],[-82.5838,23.0119],[-82.5715,23.0257],[-82.5705,23.0418],[-82.5808,23.0602],[-82.582,23.0754],[-82.574,23.0874],[-82.562,23.092],[-82.5461,23.0892],[-82.5344,23.074],[-82.5269,23.0464],[-82.5099,23.0263],[-82.4833,23.0137],[-82.445,23.0136],[-82.395,23.0261],[-82.355,23.0508],[-82.325,23.0877],[-82.29,23.1043],[-82.25,23.1007],[-82.205,23.1071],[-82.155,23.1235],[-82.095,23.1309],[-82.025,23.1292],[-81.9848,23.1228],[-81.9744,23.1117],[-81.9879,23.0602],[-82.0254,22.9682],[-82.0756,22.8993],[-82.1385,22.8537],[-82.1615,22.8168],[-82.1446,22.7887],[-82.1446,22.7672],[-82.1615,22.7522],[-82.19,22.7441],[-82.23,22.743],[-82.2682,22.7505],[-82.3046,22.7666],[-82.3196,22.7933],[-82.3132,22.8306],[-82.2823,22.8537],[-82.2268,22.8624],[-82.2068,22.8777],[-82.2223,22.8993],[-82.245,22.9136],[-82.275,22.9206],[-82.305,22.9127],[-82.335,22.8899],[-82.3981,22.8756],[-82.4943,22.8698],[-82.5528,22.8438],[-82.5736,22.7977],[-82.5955,22.767],[-82.6185,22.7516],[-82.68,22.7427],[-82.78,22.7402],[-82.88,22.7136],[-82.98,22.6628],[-83.045,22.6402],[-83.075,22.6457],[-83.1077,22.6708],[-83.1432,22.7154],[-83.1359,22.7608]],[[-83.1331,22.7562],[-83.0888,22.7931],[-83.0634,22.8392],[-83.0569,22.8945],[-83.0377,22.9116],[-83.0059,22.8904],[-82.9706,22.8858],[-82.9319,22.8977],[-82.9098,22.9175],[-82.9043,22.9451],[-82.8937,22.9662],[-82.8779,22.9807],[-82.85,22.9909],[-82.81,22.9967],[-82.77,22.9914],[-82.73,22.9749],[-82.68,22.9757],[-82.62,22.9938],[-82.5822,23.0103],[-82.5665,23.0252],[-82.5615,23.047],[-82.5672,23.0758],[-82.5638,23.0896],[-82.5514,23.0884],[-82.541,23.074],[-82.5325,23.0464],[-82.5137,23.0259],[-82.4846,23.0124],[-82.445,23.012],[-82.395,23.0246],[-82.355,23.0495],[-82.325,23.0865],[-82.29,23.1031],[-82.25,23.0991],[-82.205,23.1054],[-82.155,23.1218],[-82.095,23.1291],[-82.025,23.1273],[-81.9854,23.1213],[-81.9761,23.1113],[-81.9909,23.0602],[-82.0297,22.9682],[-82.0643,22.9069],[-82.0948,22.8765],[-82.125,22.8573],[-82.155,22.8494],[-82.1624,22.8277],[-82.1471,22.7924],[-82.1471,22.7676],[-82.1624,22.7534],[-82.19,22.7456],[-82.23,22.7443],[-82.2676,22.7514],[-82.3027,22.7669],[-82.3201,22.7885],[-82.3198,22.8162],[-82.3122,22.8371],[-82.2974,22.8512],[-82.2629,22.8558],[-82.2086,22.8509],[-82.1898,22.8622],[-82.2066,22.8899],[-82.2338,22.9092],[-82.2713,22.9203],[-82.31,22.9135],[-82.35,22.8888],[-82.4142,22.874],[-82.5025,22.8692],[-82.5565,22.8438],[-82.5761,22.7977],[-82.597,22.7673],[-82.619,22.7525],[-82.68,22.744],[-82.78,22.7416],[-82.88,22.7152],[-82.98,22.6646],[-83.0491,22.6455],[-83.0873,22.6578],[-83.1186,22.6824],[-83.143,22.7193],[-83.1331,22.7562]]]}},{"type":"Feature","properties":{"c":"#00fb90","v0":0.04,"v1":0.05},"geometry":{"type":"Polygon","coordinates":[[[-82.0857,22.7994],[-82.0352,22.8489],[-81.9583,22.8812],[-81.8548,22.8962],[-81.7398,22.9305],[-81.6133,22.984],[-81.53,23.0025],[-81.49,22.9862],[-81.4558,22.9595],[-81.4273,22.9223],[-81.3973,22.8945],[-81.3658,22.8762],[-81.32,22.8716],[-81.26,22.8807],[-81.185,22.8824],[-81.095,22.8767],[-81.025,22.86],[-80.975,22.8325],[-80.92,22.8238],[-80.86,22.8339],[-80.8115,22.8229],[-80.7744,22.7908],[-80.7596,22.7654],[-80.767,22.747],[-80.7855,22.7298],[-80.8152,22.714],[-80.865,22.6961],[-80.935,22.6763],[-81.005,22.6655],[-81.075,22.6638],[-81.14,22.6524],[-81.2,22.6312],[-81.25,22.6253],[-81.29,22.6346],[-81.35,22.6358],[-81.43,22.6288],[-81.5095,22.6488],[-81.5885,22.6958],[-81.6885,22.736],[-81.8095,22.7693],[-81.8848,22.7646],[-81.9145,22.7221],[-81.9495,22.6965],[-81.9898,22.6877],[-82.0284,22.6923],[-82.0651,22.7103],[-82.0903,22.7332],[-82.104,22.7608],[-82.0857,22.7994]],[[-82.1064,22.7654],[-82.1018,22.7839],[-82.0771,22.8126],[-82.0324,22.8516],[-81.9573,22.8793],[-81.852,22.8956],[-81.742,22.9302],[-81.6273,22.9832],[-81.55,23.0051],[-81.51,22.996],[-81.47,22.9684],[-81.43,22.9224],[-81.395,22.8908],[-81.365,22.8734],[-81.32,22.8696],[-81.26,22.8794],[-81.185,22.8812],[-81.095,22.875],[-81.025,22.8583],[-80.975,22.8311],[-80.92,22.8223],[-80.86,22.832],[-80.8121,22.8213],[-80.7762,22.7902],[-80.7619,22.7654],[-80.7694,22.747],[-80.7873,22.7302],[-80.8158,22.7149],[-80.865,22.6973],[-80.935,22.6773],[-81.0056,22.6665],[-81.0769,22.6648],[-81.1419,22.6535],[-81.2006,22.6326],[-81.25,22.6268],[-81.29,22.6361],[-81.35,22.6373],[-81.43,22.6305],[-81.5087,22.6501],[-81.5862,22.6963],[-81.6812,22.7357],[-81.7937,22.7684],[-81.86,22.7829],[-81.88,22.7791],[-81.8952,22.7627],[-81.9056,22.7338],[-81.9256,22.7108],[-81.9552,22.6938],[-81.99,22.6881],[-82.03,22.6936],[-82.0647,22.7114],[-82.0941,22.7413],[-82.1064,22.7654]]]}},{"type":"Feature","properties":{"c":"#00fb90","v0":0.04,"v1":0.05},"geometry":{"type":"Polygon","coordinates":[[[-81.2855,22.3761],[-81.2752,22.3916],[-81.255,22.4023],[-81.225,22.4081],[-81.155,22.407],[-81.045,22.3989],[-80.945,22.3803],[-80.855,22.3511],[-80.795,22.3371],[-80.765,22.3382],[-80.7424,22.3461],[-80.7271,22.3609],[-80.7241,22.373],[-80.7333,22.3822],[-80.766,22.389],[-80.822,22.3933],[-80.86,22.4023],[-80.88,22.416],[-80.8918,22.4324],[-80.8954,22.4513],[-80.8904,22.4726],[-80.8768,22.4962],[-80.84,22.5086],[-80.78,22.5098],[-80.715,22.4921],[-80.645,22.4554],[-80.595,22.4365],[-80.565,22.4355],[-80.465,22.5141],[-80.295,22.6723],[-80.195,22.751],[-80.165,22.7503],[-80.1439,22.7377],[-80.1316,22.7132],[-80.1116,22.6976],[-80.0839,22.691],[-80.055,22.6893],[-80.025,22.6926],[-79.9908,22.7098],[-79.9523,22.7407],[-79.9223,22.7583],[-79.9008,22.7626],[-79.865,22.7584],[-79.815,22.7456],[-79.775,22.7273],[-79.745,22.7033],[-79.65,22.693],[-79.49,22.6964],[-79.39,22.6856],[-79.35,22.6604],[-79.3061,22.6426],[-79.2583,22.6322],[-79.2399,22.5809],[-79.2509,22.4885],[-79.2656,22.4192],[-79.284,22.373],[-79.2522,22.336],[-79.1704,22.3082],[-79.1346,22.2829],[-79.1449,22.2601],[-79.18,22.2359],[-79.24,22.2103],[-79.295,22.1706],[-79.345,22.1169],[-79.39,22.0827],[-79.43,22.0681],[-79.47,22.0609],[-79.51,22.0611],[-79.5366,22.0871],[-79.5498,22.1389],[-79.543,22.1832],[-79.5162,22.2203],[-79.4965,22.2804],[-79.4839,22.3637],[-79.4857,22.412],[-79.5019,22.4254],[-79.545,22.4361],[-79.615,22.4439],[-79.67,22.4624],[-79.71,22.4914],[-79.75,22.5107],[-79.79,22.5204],[-79.8481,22.5138],[-79.9243,22.4908],[-79.9599,22.4515],[-79.9549,22.3961],[-80.0068,22.325],[-80.1156,22.2383],[-80.2,22.2009],[-80.26,22.213],[-80.325,22.196],[-80.395,22.1497],[-80.49,22.1096],[-80.61,22.0757],[-80.69,22.0635],[-80.73,22.073],[-80.765,22.1065],[-80.795,22.1641],[-80.83,22.2054],[-80.87,22.2303],[-80.93,22.2569],[-81.01,22.285],[-81.085,22.3005],[-81.155,22.3034],[-81.2152,22.3207],[-81.2655,22.3524],[-81.2855,22.3761]],[[-81.2834,22.3755],[-81.2745,22.3899],[-81.255,22.4001],[-81.225,22.4063],[-81.155,22.4053],[-81.045,22.3973],[-80.945,22.3787],[-80.855,22.3494],[-80.795,22.3352],[-80.765,22.3361],[-80.7416,22.3445],[-80.7247,22.3604],[-80.7203,22.373],[-80.7285,22.3822],[-80.7619,22.3894],[-80.8206,22.3946],[-80.8596,22.4039],[-80.8788,22.4172],[-80.8838,22.444],[-80.8746,22.4844],[-80.84,22.5058],[-80.78,22.508],[-80.715,22.4901],[-80.645,22.4521],[-80.595,22.4325],[-80.565,22.4313],[-80.465,22.5106],[-80.295,22.6703],[-80.195,22.7493],[-80.165,22.7479],[-80.1447,22.7356],[-80.134,22.7125],[-80.114,22.6972],[-80.0847,22.6898],[-80.055,22.6876],[-80.025,22.6908],[-79.99,22.7083],[-79.95,22.7402],[-79.92,22.758],[-79.9,22.7616],[-79.8655,22.757],[-79.8164,22.7442],[-79.7764,22.7254],[-79.7455,22.7007],[-79.65,22.6903],[-79.49,22.694],[-79.3905,22.6833],[-79.3514,22.6581],[-79.3096,22.6409],[-79.2651,22.6317],[-79.2474,22.5809],[-79.2566,22.4885],[-79.2707,22.4192],[-79.2899,22.373],[-79.2621,22.3368],[-79.1874,22.3107],[-79.1474,22.2922],[-79.1422,22.2813],[-79.1722,22.2578],[-79.2374,22.2217],[-79.2965,22.1754],[-79.3495,22.1189],[-79.3945,22.084],[-79.4315,22.0706],[-79.47,22.0644],[-79.51,22.0652],[-79.5359,22.0904],[-79.5476,22.14],[-79.5384,22.1879],[-79.5085,22.2342],[-79.4909,22.299],[-79.4856,22.3822],[-79.5247,22.4308],[-79.6082,22.4448],[-79.67,22.466],[-79.71,22.4942],[-79.75,22.5132],[-79.79,22.5229],[-79.8494,22.5156],[-79.9283,22.4914],[-79.965,22.4515],[-79.9594,22.3961],[-80.01,22.3262],[-80.1167,22.2418],[-80.2,22.2051],[-80.26,22.2162],[-80.325,22.1987],[-80.395,22.1526],[-80.49,22.1122],[-80.61,22.0776],[-80.69,22.0653],[-80.73,22.0752],[-80.765,22.1093],[-80.795,22.1676],[-80.83,22.2087],[-80.87,22.2327],[-80.93,22.2589],[-81.01,22.2871],[-81.08,22.3013],[-81.14,22.3016],[-81.1995,22.3184],[-81.2584,22.3517],[-81.2834,22.3755]]]}},{"type":"Feature","properties":{"c":"#00fb90","v0":0.04,"v1":0.05},"geometry":{"type":"Polygon","coordinates":[[[-83.5194,22.3036],[-83.4976,22.3591],[-83.4623,22.4007],[-83.4132,22.4284],[-83.3956,22.4515],[-83.4093,22.47],[-83.4432,22.4931],[-83.4972,22.5208],[-83.5107,22.5434],[-83.4836,22.5609],[-83.4678,22.5794],[-83.4634,22.5989],[-83.4284,22.6017],[-83.3628,22.5878],[-83.295,22.5999],[-83.225,22.6379],[-83.175,22.654],[-83.145,22.6481],[-83.1184,22.6268],[-83.0953,22.59],[-83.0763,22.5301],[-83.0614,22.4469],[-83.043,22.3856],[-83.021,22.3461],[-83.015,22.3228],[-83.025,22.3159],[-83.05,22.3159],[-83.09,22.3229],[-83.135,22.3162],[-83.185,22.2959],[-83.235,22.2846],[-83.285,22.2822],[-83.33,22.261],[-83.37,22.2208],[-83.4138,22.2056],[-83.4613,22.2154],[-83.4964,22.2342],[-83.5189,22.2619],[-83.5194,22.3036]],[[-83.5122,22.3036],[-83.4876,22.3591],[-83.4525,22.4007],[-83.4068,22.4284],[-83.3905,22.4516],[-83.4035,22.4702],[-83.4352,22.4933],[-83.4856,22.5209],[-83.5006,22.5403],[-83.4802,22.5514],[-83.4656,22.5699],[-83.4569,22.5957],[-83.4219,22.6011],[-83.3606,22.5861],[-83.295,22.5977],[-83.225,22.6359],[-83.175,22.652],[-83.145,22.6458],[-83.1188,22.6249],[-83.0965,22.5894],[-83.0781,22.5301],[-83.0635,22.4469],[-83.0459,22.3868],[-83.0252,22.3498],[-83.0887,22.3194],[-83.2362,22.2954],[-83.33,22.2634],[-83.37,22.2233],[-83.4122,22.2075],[-83.4567,22.216],[-83.4903,22.2342],[-83.513,22.2619],[-83.5122,22.3036]]]}},{"type":"Feature","properties":{"c":"#00fb90","v0":0.04,"v1":0.05},"geometry":{"type":"Polygon","coordinates":[[[-81.1005,22.5633],[-81.0802,22.5835],[-81.05,22.5938],[-81.01,22.5942],[-80.97,22.5862],[-80.93,22.5699],[-80.906,22.5504],[-80.898,22.5276],[-80.908,22.5096],[-80.936,22.4963],[-80.975,22.4895],[-81.025,22.4893],[-81.0627,22.4959],[-81.0882,22.5095],[-81.1033,22.5255],[-81.1083,22.5439],[-81.1005,22.5633]],[[-81.0995,22.5629],[-81.0798,22.5824],[-81.05,22.5924],[-81.01,22.5928],[-80.97,22.5847],[-80.93,22.5679],[-80.907,22.5487],[-80.9009,22.527],[-80.9159,22.509],[-80.952,22.4947],[-80.99,22.4882],[-81.03,22.4897],[-81.0623,22.4968],[-81.0869,22.5098],[-81.1017,22.5255],[-81.1067,22.5439],[-81.0995,22.5629]]]}},{"type":"Feature","properties":{"c":"#00fb90","v0":0.04,"v1":0.05},"geometry":{"type":"Polygon","coordinates":[[[-84.1063,22.443],[-84.0821,22.4815],[-84.045,22.5073],[-83.995,22.5205],[-83.925,22.527],[-83.835,22.527],[-83.7743,22.5151],[-83.743,22.4912],[-83.773,22.4634],[-83.8643,22.4318],[-83.96,22.4136],[-84.06,22.4087],[-84.1121,22.4107],[-84.1163,22.4194],[-84.1063,22.443]],[[-84.0937,22.4562],[-84.0758,22.4839],[-84.0376,22.5048],[-83.9792,22.5188],[-83.91,22.5252],[-83.83,22.5239],[-83.7774,22.5123],[-83.7521,22.4903],[-83.7821,22.4643],[-83.8674,22.4344],[-83.955,22.4196],[-84.045,22.42],[-84.0932,22.4257],[-84.0995,22.4368],[-84.0937,22.4562]]]}},{"type":"Feature","properties":{"c":"#00fb90","v0":0.04,"v1":0.05},"geometry":{"type":"Polygon","coordinates":[[[-81.6631,22.319],[-81.641,22.3312],[-81.61,22.3372],[-81.57,22.3369],[-81.53,22.3282],[-81.49,22.3109],[-81.4638,22.2911],[-81.4514,22.2686],[-81.4564,22.2482],[-81.4788,22.2299],[-81.505,22.222],[-81.535,22.2246],[-81.581,22.2476],[-81.6431,22.2911],[-81.6631,22.319]],[[-81.6584,22.3185],[-81.6395,22.3298],[-81.61,22.3354],[-81.57,22.3352],[-81.53,22.3263],[-81.49,22.3085],[-81.4648,22.2891],[-81.4544,22.2679],[-81.4594,22.2488],[-81.4798,22.2317],[-81.505,22.2243],[-81.535,22.2266],[-81.5795,22.249],[-81.6384,22.2915],[-81.6584,22.3185]]]}},{"type":"Feature","properties":{"c":"#00fb90","v0":0.04,"v1":0.05},"geometry":{"type":"Polygon","coordinates":[[[-78.8561,22.2702],[-78.8387,22.2959],[-78.815,22.3147],[-78.785,22.3264],[-78.733,22.3228],[-78.659,22.3038],[-78.629,22.2792],[-78.643,22.2491],[-78.665,22.2256],[-78.695,22.2088],[-78.74,22.201],[-78.8,22.2022],[-78.8387,22.2164],[-78.8561,22.2437],[-78.8561,22.2702]],[[-78.8533,22.2692],[-78.8378,22.2931],[-78.815,22.3109],[-78.785,22.3228],[-78.7348,22.3201],[-78.6644,22.3029],[-78.6344,22.2804],[-78.6448,22.2527],[-78.665,22.2301],[-78.695,22.2128],[-78.74,22.2048],[-78.8,22.2061],[-78.8378,22.2194],[-78.8533,22.2447],[-78.8533,22.2692]]]}},{"type":"Feature","properties":{"c":"#00fb90","v0":0.04,"v1":0.05},"geometry":{"type":"Polygon","coordinates":[[[-81.3554,22.2459],[-81.3385,22.2602],[-81.3,22.2689],[-81.24,22.272],[-81.192,22.2648],[-81.1559,22.2475],[-81.1459,22.2283],[-81.162,22.2073],[-81.195,22.19],[-81.245,22.1764],[-81.285,22.1758],[-81.315,22.1881],[-81.3385,22.2054],[-81.3554,22.2277],[-81.3554,22.2459]],[[-81.3526,22.2454],[-81.3375,22.2585],[-81.3,22.2667],[-81.24,22.2701],[-81.1929,22.2635],[-81.1586,22.247],[-81.1472,22.2295],[-81.1585,22.211],[-81.1906,22.194],[-81.2435,22.1785],[-81.285,22.1772],[-81.315,22.1899],[-81.3375,22.2069],[-81.3526,22.2282],[-81.3526,22.2454]]]}},{"type":"Feature","properties":{"c":"#00fb90","v0":0.04,"v1":0.05},"geometry":{"type":"Polygon","coordinates":[[[-79.876,22.0582],[-79.7878,22.1045],[-79.7652,22.0948],[-79.8084,22.0291],[-79.845,21.9937],[-79.875,21.9887],[-79.8975,21.9984],[-79.9126,22.0228],[-79.876,22.0582]],[[-79.8719,22.0542],[-79.7906,22.0925],[-79.775,22.082],[-79.825,22.0225],[-79.86,21.9936],[-79.88,21.9954],[-79.8956,22.006],[-79.9069,22.0253],[-79.8719,22.0542]]]}},{"type":"Feature","properties":{"c":"#00fb90","v0":0.04,"v1":0.05},"geometry":{"type":"Polygon","coordinates":[[[-84.3454,21.9515],[-84.309,21.9701],[-84.2806,21.9947],[-84.2602,22.0254],[-84.235,22.043],[-84.205,22.0475],[-84.1676,22.0368],[-84.1229,22.0109],[-84.0901,21.9794],[-84.0693,21.9423],[-84.0766,21.9054],[-84.1122,21.8688],[-84.175,21.8605],[-84.265,21.8804],[-84.3234,21.9033],[-84.3502,21.9293],[-84.3454,21.9515]],[[-84.3386,21.95],[-84.3062,21.9654],[-84.28,21.9891],[-84.26,22.0209],[-84.235,22.0394],[-84.205,22.0445],[-84.1685,22.0348],[-84.1255,22.0102],[-84.0935,21.9794],[-84.0725,21.9423],[-84.079,21.9066],[-84.113,21.8724],[-84.175,21.8654],[-84.265,21.8855],[-84.3212,21.9072],[-84.3436,21.9306],[-84.3386,21.95]]]}},{"type":"Feature","properties":{"c":"#00fb90","v0":0.05,"v1":0.25},"geometry":{"type":"Polygon","coordinates":[[[-125.815,46.3059],[-125.8117,46.3139],[-125.79,46.3116],[-125.75,46.2992],[-125.665,46.2489],[-125.535,46.1604],[-125.415,46.1022],[-125.305,46.0744],[-125.2079,46.0655],[-125.1236,46.0754],[-125.0736,46.1012],[-125.0579,46.1428],[-124.9887,46.1636],[-124.8662,46.1636],[-124.7838,46.1809],[-124.7416,46.2155],[-124.7238,46.2466],[-124.7304,46.2743],[-124.7749,46.3192],[-124.8574,46.3813],[-124.8734,46.4331],[-124.8231,46.4744],[-124.7968,46.5088],[-124.7945,46.5364],[-124.8176,46.5677],[-124.8659,46.6028],[-124.9277,46.6749],[-125.0032,46.7838],[-125.0447,46.9134],[-125.0521,47.0635],[-125.0423,47.1486],[-125.0155,47.169],[-125.0018,47.2064],[-125.0013,47.2607],[-125.0183,47.3139],[-125.0528,47.3659],[-125.074,47.4201],[-125.0821,47.4763],[-125.0671,47.5593],[-125.029,47.6687],[-124.9911,47.7461],[-124.9534,47.7916],[-124.9366,47.8244],[-124.9409,47.8445],[-124.9597,47.8662],[-124.9932,47.8893],[-125.0113,47.9094],[-125.014,47.9265],[-124.9925,47.9585],[-124.9469,48.0054],[-124.8805,48.0362],[-124.7935,48.0509],[-124.7408,48.0676],[-124.7224,48.0863],[-124.7324,48.1092],[-124.7708,48.1363],[-124.7891,48.173],[-124.7873,48.2193],[-124.8073,48.2495],[-124.8491,48.2637],[-124.935,48.2477],[-125.065,48.2015],[-125.1501,48.161],[-125.1903,48.1263],[-125.2453,48.0997],[-125.3151,48.0812],[-125.36,48.0779],[-125.3799,48.0897],[-125.3849,48.1052],[-125.375,48.1243],[-125.3542,48.1443],[-125.3226,48.1652],[-125.3284,48.2024],[-125.3717,48.2557],[-125.3875,48.3116],[-125.3758,48.37],[-125.3451,48.4331],[-125.2954,48.5008],[-125.2404,48.5473],[-125.1801,48.5726],[-125.1409,48.5991],[-125.1227,48.6267],[-125.1055,48.6668],[-125.0894,48.7197],[-125.0838,48.7757],[-125.0887,48.835],[-125.0789,48.8909],[-125.0543,48.9435],[-125.0446,48.9829],[-125.0497,49.0091],[-125.0717,49.026],[-125.1106,49.0336],[-125.175,49.0265],[-125.265,49.0048],[-125.345,48.9589],[-125.415,48.8887],[-125.465,48.8433],[-125.495,48.8227],[-125.5183,48.8123],[-125.535,48.8121],[-125.5196,48.858],[-125.4722,48.9501],[-125.4408,49.055],[-125.4255,49.1729],[-125.3851,49.2708],[-125.3194,49.3491],[-125.2883,49.4044],[-125.2918,49.437],[-125.3077,49.4732],[-125.3359,49.5132],[-125.3202,49.5424],[-125.2607,49.5609],[-125.23,49.5798],[-125.2281,49.5993],[-125.2037,49.6187],[-125.1569,49.6381],[-125.1303,49.6543],[-125.124,49.6673],[-125.1286,49.6835],[-125.1442,49.7029],[-125.1515,49.7223],[-125.1505,49.7416],[-125.13,49.7727],[-125.09,49.8154],[-125.0505,49.8445],[-125.0116,49.8598],[-124.9938,49.9223],[-124.9973,50.0316],[-124.9797,50.1119],[-124.9409,50.1631],[-124.9162,50.2048],[-124.9055,50.2368],[-124.9053,50.2751],[-124.9155,50.3198],[-124.913,50.3461],[-124.8977,50.354],[-124.8797,50.3571],[-124.859,50.3557],[-124.8436,50.339],[-124.8333,50.3071],[-124.8137,50.2857],[-124.7846,50.275],[-124.73,50.2661],[-124.65,50.259],[-124.585,50.26],[-124.535,50.2689],[-124.475,50.2587],[-124.405,50.2294],[-124.345,50.2208],[-124.295,50.233],[-124.25,50.2353],[-124.21,50.2277],[-124.169,50.1991],[-124.1269,50.1495],[-124.1008,50.0958],[-124.0907,50.038],[-124.0667,50.0007],[-124.0289,49.9839],[-123.995,49.9784],[-123.965,49.9844],[-123.9412,49.9961],[-123.9237,50.0133],[-123.9163,50.0766],[-123.9191,50.1856],[-123.9082,50.2527],[-123.8838,50.2783],[-123.8562,50.3239],[-123.8254,50.3895],[-123.785,50.4068],[-123.735,50.3759],[-123.7116,50.3207],[-123.7147,50.2413],[-123.7282,50.1695],[-123.7521,50.1054],[-123.7627,50.0605],[-123.7601,50.0348],[-123.7516,50.0142],[-123.7372,49.9986],[-123.72,49.9957],[-123.7,50.0054],[-123.6836,50.026],[-123.6709,50.0576],[-123.6369,50.099],[-123.5815,50.1503],[-123.5229,50.2398],[-123.461,50.3674],[-123.4246,50.4184],[-123.4138,50.3931],[-123.412,50.3422],[-123.4193,50.2655],[-123.4154,50.2176],[-123.4002,50.1984],[-123.3769,50.1869],[-123.3456,50.1831],[-123.295,50.1873],[-123.225,50.1994],[-123.165,50.2024],[-123.115,50.1964],[-123.08,50.1993],[-123.06,50.2111],[-123.035,50.2441],[-123.005,50.2984],[-122.9682,50.3393],[-122.9246,50.3667],[-122.8718,50.4378],[-122.81,50.5523],[-122.7872,50.6349],[-122.8033,50.6856],[-122.7943,50.7236],[-122.76,50.7489],[-122.7205,50.79],[-122.6759,50.8469],[-122.6595,50.8974],[-122.6714,50.9415],[-122.7055,50.9826],[-122.7618,51.0207],[-122.7993,51.0522],[-122.8178,51.077],[-122.8228,51.1048],[-122.8143,51.1356],[-122.7856,51.167],[-122.7368,51.1989],[-122.6747,51.2305],[-122.5994,51.2618],[-122.5549,51.2868],[-122.5411,51.3056],[-122.5345,51.3306],[-122.5352,51.3618],[-122.5282,51.3837],[-122.5137,51.3961],[-122.4723,51.4107],[-122.4041,51.4275],[-122.33,51.4226],[-122.25,51.3961],[-122.1966,51.3971],[-122.1698,51.4256],[-122.1698,51.4576],[-122.1966,51.4931],[-122.2259,51.5615],[-122.2576,51.6627],[-122.3008,51.7411],[-122.3554,51.7968],[-122.3875,51.8586],[-122.397,51.9265],[-122.3707,52.0651],[-122.3085,52.2736],[-122.2567,52.4142],[-122.2153,52.4873],[-122.2026,52.536],[-122.2186,52.5603],[-122.2216,52.6029],[-122.2116,52.6635],[-122.2156,52.7181],[-122.2334,52.7665],[-122.2554,52.8028],[-122.2815,52.827],[-122.2933,52.8602],[-122.2906,52.9025],[-122.2644,52.9267],[-122.2148,52.9328],[-122.184,52.9449],[-122.172,52.9628],[-122.1962,52.9989],[-122.2567,53.053],[-122.2755,53.0951],[-122.2529,53.1251],[-122.2545,53.1521],[-122.2805,53.1761],[-122.2827,53.212],[-122.2613,53.2599],[-122.256,53.3018],[-122.2666,53.3376],[-122.2577,53.3675],[-122.2291,53.3913],[-122.2328,53.4271],[-122.2686,53.4747],[-122.2919,53.5253],[-122.3026,53.5788],[-122.2916,53.6233],[-122.2586,53.6589],[-122.2599,53.6914],[-122.2953,53.721],[-122.3184,53.7536],[-122.329,53.789],[-122.35,53.8186],[-122.3815,53.8422],[-122.4057,53.8746],[-122.4226,53.9159],[-122.4285,53.9482],[-122.4235,53.9718],[-122.4322,53.9982],[-122.4547,54.0276],[-122.4633,54.0482],[-122.458,54.0599],[-122.4412,54.0717],[-122.4132,54.0834],[-122.4007,54.101],[-122.4038,54.1244],[-122.3719,54.1654],[-122.3049,54.224],[-122.2684,54.2649],[-122.2624,54.2882],[-122.2671,54.3036],[-122.2824,54.3111],[-122.31,54.313],[-122.35,54.3094],[-122.3835,54.3144],[-122.4106,54.3281],[-122.4248,54.3524],[-122.4263,54.3873],[-122.4527,54.4239],[-122.5042,54.4621],[-122.5482,54.4796],[-122.5845,54.4763],[-122.6023,54.4572],[-122.6016,54.4223],[-122.6184,54.3985],[-122.6528,54.386],[-122.685,54.3858],[-122.715,54.3979],[-122.75,54.4062],[-122.79,54.4105],[-122.82,54.4304],[-122.84,54.4658],[-122.87,54.4835],[-122.91,54.4834],[-122.94,54.4954],[-122.96,54.5196],[-122.985,54.5344],[-123.015,54.5399],[-123.065,54.5345],[-123.135,54.5181],[-123.1826,54.4953],[-123.2078,54.466],[-123.2178,54.4385],[-123.2126,54.4129],[-123.235,54.4059],[-123.285,54.4175],[-123.35,54.4078],[-123.43,54.3767],[-123.485,54.359],[-123.515,54.3548],[-123.625,54.3558],[-123.815,54.3622],[-123.9156,54.3607],[-123.9268,54.3513],[-123.9297,54.3349],[-123.9244,54.3116],[-123.8965,54.2824],[-123.846,54.2473],[-123.8231,54.2229],[-123.8277,54.209],[-123.845,54.1921],[-123.875,54.1722],[-123.96,54.1749],[-124.1,54.2004],[-124.205,54.2114],[-124.275,54.208],[-124.3303,54.221],[-124.371,54.2502],[-124.421,54.2771],[-124.4803,54.3014],[-124.525,54.3148],[-124.555,54.3173],[-124.605,54.3092],[-124.675,54.2907],[-124.725,54.2839],[-124.755,54.2888],[-124.795,54.3048],[-124.845,54.3317],[-124.8904,54.3485],[-124.9312,54.355],[-124.9812,54.3747],[-125.0404,54.4076],[-125.0772,54.4338],[-125.0915,54.4533],[-125.1,54.4833],[-125.1025,54.524],[-125.1367,54.5704],[-125.2024,54.6225],[-125.2029,54.6717],[-125.1382,54.7179],[-125.1023,54.7526],[-125.0953,54.7757],[-125.0574,54.8103],[-124.9886,54.8563],[-124.9499,54.8966],[-124.9414,54.9311],[-124.9271,54.9598],[-124.9072,54.9828],[-124.311,54.9943],[-123.1386,54.9943],[-122.5377,54.9713],[-122.5085,54.9254],[-122.478,54.8972],[-122.446,54.8868],[-122.42,54.8834],[-122.4,54.887],[-122.3763,54.898],[-122.349,54.9162],[-122.3399,54.9426],[-122.3489,54.977],[-122.0168,54.9943],[-121.3437,54.9943],[-120.9921,54.9799],[-120.9621,54.9512],[-120.9471,54.9225],[-120.9473,54.8937],[-120.9299,54.8477],[-120.895,54.7843],[-120.8656,54.748],[-120.8419,54.7387],[-120.78,54.7266],[-120.68,54.7115],[-120.6,54.6895],[-120.54,54.6606],[-120.48,54.6396],[-120.42,54.6265],[-120.3765,54.5923],[-120.3495,54.5371],[-120.2995,54.4909],[-120.2265,54.4539],[-120.17,54.4183],[-120.13,54.3843],[-120.086,54.3359],[-120.0381,54.273],[-120.0157,54.2327],[-120.019,54.2152],[-120.033,54.1938],[-120.0577,54.1684],[-120.0951,54.145],[-120.1452,54.1235],[-120.1695,54.1069],[-120.1678,54.0951],[-120.152,54.0805],[-120.122,54.0629],[-120.1076,54.0423],[-120.1086,54.0188],[-120.1365,53.9865],[-120.1913,53.9453],[-120.2219,53.9041],[-120.228,53.8628],[-120.2988,53.8245],[-120.4342,53.789],[-120.5472,53.7506],[-120.6378,53.7092],[-120.6858,53.6796],[-120.6912,53.6618],[-120.6728,53.6411],[-120.6305,53.6173],[-120.6146,53.5904],[-120.6249,53.5601],[-120.6753,53.5185],[-120.7659,53.4655],[-120.8309,53.4382],[-120.8703,53.4366],[-120.8985,53.4307],[-120.9154,53.4203],[-120.9187,53.3913],[-120.9082,53.3436],[-120.9143,53.2988],[-120.9368,53.2569],[-120.9173,53.215],[-120.8557,53.1731],[-120.7973,53.1431],[-120.7423,53.1251],[-120.6786,53.0918],[-120.6062,53.0432],[-120.5694,53.0101],[-120.5681,52.9926],[-120.5821,52.9748],[-120.6114,52.9567],[-120.6382,52.9296],[-120.6626,52.8934],[-120.6686,52.8702],[-120.6562,52.8599],[-120.625,52.8478],[-120.5751,52.8339],[-120.5562,52.8179],[-120.5681,52.7998],[-120.562,52.7786],[-120.538,52.7544],[-120.5228,52.7181],[-120.5166,52.6696],[-120.5215,52.6362],[-120.5376,52.618],[-120.5433,52.6029],[-120.5386,52.5907],[-120.4997,52.5699],[-120.4266,52.5404],[-120.345,52.5419],[-120.255,52.5745],[-120.1508,52.5801],[-120.0324,52.5588],[-119.9224,52.5155],[-119.8208,52.45],[-119.755,52.4029],[-119.725,52.3741],[-119.6755,52.3427],[-119.6066,52.3089],[-119.5828,52.2308],[-119.604,52.1081],[-119.5935,52.0158],[-119.5512,51.9542],[-119.5238,51.9234],[-119.5114,51.9234],[-119.4785,51.9543],[-119.4252,52.0159],[-119.3988,52.0559],[-119.3995,52.0743],[-119.4164,52.0958],[-119.4497,52.1204],[-119.4723,52.1449],[-119.484,52.1695],[-119.4616,52.2247],[-119.4052,52.3103],[-119.3703,52.3561],[-119.3568,52.3622],[-119.33,52.3613],[-119.29,52.3534],[-119.26,52.3529],[-119.24,52.3598],[-119.2115,52.3881],[-119.1744,52.438],[-119.1444,52.4689],[-119.1215,52.4808],[-119.0837,52.4716],[-119.0311,52.4415],[-118.9911,52.4057],[-118.9637,52.3644],[-118.91,52.322],[-118.83,52.2785],[-118.775,52.2539],[-118.745,52.2482],[-118.705,52.2524],[-118.655,52.2666],[-118.6174,52.2721],[-118.5923,52.269],[-118.5696,52.2522],[-118.5493,52.2216],[-118.5377,52.1817],[-118.5349,52.1327],[-118.5176,52.0878],[-118.4859,52.0471],[-118.4334,52.0195],[-118.3603,52.0048],[-118.3232,51.9789],[-118.3221,51.942],[-118.3137,51.9159],[-118.2979,51.9008],[-118.28,51.8955],[-118.26,51.9001],[-118.235,51.9139],[-118.205,51.937],[-118.18,51.9441],[-118.16,51.9352],[-118.1566,51.9012],[-118.1697,51.8419],[-118.1647,51.7838],[-118.1416,51.7267],[-118.12,51.6948],[-118.1,51.6884],[-118.06,51.6929],[-118.0,51.7086],[-117.945,51.7128],[-117.895,51.7058],[-117.85,51.6857],[-117.81,51.6526],[-117.7699,51.6274],[-117.7298,51.6102],[-117.6755,51.5705],[-117.607,51.5083],[-117.567,51.4629],[-117.5557,51.4342],[-117.52,51.4255],[-117.46,51.4366],[-117.41,51.4313],[-117.37,51.4096],[-117.325,51.396],[-117.275,51.3905],[-117.2422,51.3758],[-117.2266,51.3519],[-117.2208,51.3337],[-117.2247,51.3212],[-117.2575,51.2971],[-117.3192,51.2614],[-117.3535,51.2333],[-117.3606,51.2126],[-117.3506,51.2012],[-117.3235,51.199],[-117.2839,51.2115],[-117.2316,51.2388],[-117.1957,51.2524],[-117.176,51.2524],[-117.2021,51.2325],[-117.274,51.1928],[-117.3133,51.1615],[-117.3199,51.1385],[-117.2949,51.1212],[-117.2383,51.1096],[-117.195,51.0915],[-117.165,51.0668],[-117.1595,51.0444],[-117.1786,51.0241],[-117.1842,51.0076],[-117.1763,50.995],[-117.1554,50.9856],[-117.1215,50.9793],[-117.091,50.9644],[-117.0637,50.9408],[-117.0272,50.925],[-116.9816,50.9171],[-116.969,50.9005],[-116.9893,50.8753],[-116.972,50.8552],[-116.9173,50.8401],[-116.8876,50.818],[-116.8829,50.7888],[-116.8579,50.7595],[-116.8126,50.73],[-116.7993,50.7015],[-116.818,50.674],[-116.808,50.6522],[-116.7693,50.636],[-116.7291,50.598],[-116.6872,50.5379],[-116.6737,50.4919],[-116.6887,50.4601],[-116.6805,50.4315],[-116.6492,50.406],[-116.6472,50.3805],[-116.6745,50.3549],[-116.6254,50.2911],[-116.5,50.1888],[-116.4605,50.1242],[-116.5068,50.0977],[-116.565,50.0906],[-116.635,50.1028],[-116.7,50.1031],[-116.76,50.0914],[-116.82,50.0962],[-116.88,50.1172],[-116.92,50.1263],[-116.94,50.1232],[-116.9582,50.1128],[-116.9745,50.0951],[-116.987,50.0413],[-116.9958,49.9513],[-116.9789,49.8643],[-116.9361,49.7804],[-116.9255,49.7223],[-116.9471,49.6899],[-116.9709,49.6697],[-116.997,49.6616],[-117.04,49.6599],[-117.1,49.6646],[-117.165,49.6578],[-117.235,49.6396],[-117.2871,49.6413],[-117.3214,49.6629],[-117.3464,49.674],[-117.3621,49.6746],[-117.3705,49.6713],[-117.3716,49.6643],[-117.3666,49.6545],[-117.3555,49.6418],[-117.335,49.631],[-117.305,49.622],[-117.2722,49.5894],[-117.2367,49.5333],[-117.2218,49.4825],[-117.2275,49.437],[-117.2003,49.39],[-117.1401,49.3415],[-117.0945,49.2894],[-117.0635,49.2335],[-117.0341,49.1925],[-117.0061,49.1663],[-116.9697,49.1467],[-116.9249,49.1336],[-116.8844,49.1086],[-116.8481,49.0718],[-116.8,49.0494],[-116.74,49.0414],[-116.6963,49.0434],[-116.6689,49.0555],[-116.6508,49.0714],[-116.642,49.0911],[-116.6407,49.1273],[-116.6469,49.1802],[-116.6169,49.19],[-116.5507,49.1568],[-116.5207,49.1275],[-116.5269,49.1022],[-116.5529,49.0727],[-116.5988,49.0391],[-116.6214,49.0026],[-116.6207,48.9632],[-116.5691,48.8909],[-116.4667,48.7856],[-116.4137,48.7197],[-116.4102,48.6933],[-116.398,48.6668],[-116.3771,48.6404],[-116.3267,48.6074],[-116.2469,48.5677],[-116.2028,48.528],[-116.1944,48.4882],[-116.2124,48.4484],[-116.2569,48.4086],[-116.2799,48.3754],[-116.2817,48.3488],[-116.2717,48.3255],[-116.2499,48.3056],[-116.2117,48.2879],[-116.1572,48.2726],[-116.112,48.2526],[-116.0761,48.228],[-116.0429,48.189],[-116.0124,48.1357],[-116.0158,48.1023],[-116.0532,48.0889],[-116.032,48.0355],[-115.952,47.9418],[-115.9115,47.8778],[-115.9105,47.8438],[-115.9383,47.8136],[-115.995,47.7872],[-116.0233,47.7404],[-116.0231,47.6731],[-116.0883,47.6091],[-116.2189,47.5484],[-116.2657,47.4866],[-116.2286,47.4237],[-116.19,47.3872],[-116.15,47.3771],[-116.1213,47.3612],[-116.1039,47.3394],[-116.0972,47.3048],[-116.1011,47.2573],[-116.0898,47.2145],[-116.0633,47.1763],[-116.0435,47.1287],[-116.0305,47.0716],[-116.0421,47.0158],[-116.0785,46.9612],[-116.1,46.9134],[-116.1067,46.8725],[-116.14,46.8124],[-116.2,46.7331],[-116.2458,46.6817],[-116.2774,46.6581],[-116.3304,46.6326],[-116.4048,46.6051],[-116.4393,46.5604],[-116.434,46.4985],[-116.4105,46.4434],[-116.369,46.3951],[-116.347,46.3468],[-116.3444,46.2985],[-116.3849,46.2138],[-116.4683,46.0927],[-116.52,46.0292],[-116.54,46.0237],[-116.575,46.0256],[-116.625,46.035],[-116.6877,46.0291],[-116.7631,46.0078],[-116.8153,45.9658],[-116.8444,45.9032],[-116.8567,45.8413],[-116.8522,45.7802],[-116.8768,45.7348],[-116.9305,45.7053],[-116.9826,45.6591],[-117.0333,45.5962],[-117.0805,45.5156],[-117.124,45.4175],[-117.1394,45.3437],[-117.1267,45.2945],[-117.0977,45.2574],[-117.0526,45.2324],[-117.0115,45.2007],[-116.9744,45.1623],[-116.9775,45.1113],[-117.0207,45.0477],[-117.0592,45.0153],[-117.0931,45.0141],[-117.1323,45.0211],[-117.1769,45.0365],[-117.2125,45.076],[-117.2391,45.1395],[-117.2868,45.1868],[-117.3556,45.2178],[-117.42,45.2318],[-117.48,45.2288],[-117.535,45.2095],[-117.585,45.174],[-117.655,45.166],[-117.745,45.1854],[-117.815,45.2094],[-117.865,45.2379],[-117.91,45.2513],[-117.95,45.2496],[-117.994,45.2364],[-118.0421,45.2118],[-118.0852,45.143],[-118.1234,45.03],[-118.1392,44.9452],[-118.1327,44.8885],[-118.1334,44.8531],[-118.1413,44.8389],[-118.1642,44.8282],[-118.202,44.8212],[-118.2632,44.8335],[-118.3477,44.8652],[-118.43,44.8703],[-118.51,44.8486],[-118.5659,44.8434],[-118.5978,44.8546],[-118.6278,44.883],[-118.6559,44.9287],[-118.685,44.9556],[-118.715,44.9638],[-118.7444,44.9516],[-118.7731,44.919],[-118.7661,44.8814],[-118.7234,44.8389],[-118.7031,44.8105],[-118.7053,44.7963],[-118.7323,44.7863],[-118.7841,44.7805],[-118.83,44.8027],[-118.87,44.8527],[-118.9,44.8781],[-118.92,44.8788],[-118.9494,44.8708],[-118.9882,44.8543],[-119.0132,44.8318],[-119.0245,44.8034],[-119.0548,44.7786],[-119.1041,44.7573],[-119.1285,44.7253],[-119.1281,44.6827],[-119.1534,44.6535],[-119.2045,44.6379],[-119.2386,44.6379],[-119.2558,44.6535],[-119.2558,44.6798],[-119.2386,44.7167],[-119.2107,44.7523],[-119.172,44.7864],[-119.1505,44.8176],[-119.1461,44.846],[-119.1591,44.8885],[-119.1895,44.9452],[-119.2314,44.9912],[-119.2848,45.0265],[-119.3119,45.0583],[-119.3127,45.0866],[-119.2573,45.1571],[-119.1456,45.2698],[-119.0678,45.3753],[-119.0239,45.4736],[-119.0039,45.5346],[-119.008,45.5586],[-119.025,45.5738],[-119.055,45.5802],[-119.0808,45.5962],[-119.1023,45.6218],[-119.0904,45.6521],[-119.045,45.6871],[-119.0148,45.7185],[-118.9998,45.7464],[-118.9568,45.7813],[-118.8858,45.8231],[-118.8403,45.876],[-118.8201,45.9399],[-118.8,45.9833],[-118.78,46.0062],[-118.755,46.0218],[-118.725,46.03],[-118.695,46.0251],[-118.665,46.0071],[-118.63,45.9955],[-118.59,45.9905],[-118.5504,45.9937],[-118.5112,46.0052],[-118.487,46.0179],[-118.4779,46.0318],[-118.4811,46.0561],[-118.4964,46.0908],[-118.5156,46.1182],[-118.5385,46.1383],[-118.575,46.1556],[-118.625,46.1701],[-118.675,46.1992],[-118.725,46.243],[-118.77,46.2676],[-118.81,46.2731],[-118.86,46.2911],[-118.92,46.3216],[-118.9577,46.3454],[-118.973,46.3625],[-118.9786,46.3882],[-118.9746,46.4227],[-118.9369,46.4643],[-118.8656,46.513],[-118.81,46.5351],[-118.77,46.5307],[-118.735,46.5317],[-118.705,46.5383],[-118.65,46.5697],[-118.57,46.626],[-118.49,46.6359],[-118.41,46.5995],[-118.34,46.5831],[-118.28,46.5865],[-118.2373,46.6165],[-118.212,46.673],[-118.207,46.7152],[-118.2223,46.7432],[-118.245,46.7637],[-118.275,46.7767],[-118.325,46.7819],[-118.395,46.7793],[-118.4566,46.7622],[-118.5097,46.7307],[-118.5447,46.7176],[-118.5616,46.7231],[-118.55,46.7414],[-118.51,46.7727],[-118.475,46.7873],[-118.445,46.7853],[-118.4269,46.7875],[-118.4206,46.7939],[-118.4174,46.8451],[-118.4172,46.9407],[-118.4454,47.0192],[-118.5018,47.0806],[-118.585,47.1135],[-118.695,47.1179],[-118.7551,47.1315],[-118.7653,47.1542],[-118.7703,47.1896],[-118.7701,47.2375],[-118.755,47.2794],[-118.725,47.3153],[-118.685,47.3463],[-118.635,47.3724],[-118.5788,47.3847],[-118.5164,47.3834],[-118.4771,47.3996],[-118.4608,47.4335],[-118.462,47.4575],[-118.4807,47.4716],[-118.4952,47.502],[-118.5056,47.5487],[-118.5006,47.5986],[-118.4802,47.6518],[-118.4524,47.6989],[-118.4172,47.74],[-118.4272,47.7719],[-118.4824,47.7946],[-118.5224,47.8214],[-118.5471,47.8525],[-118.5503,47.8881],[-118.5319,47.9284],[-118.5296,47.9682],[-118.5432,48.0077],[-118.56,48.0305],[-118.58,48.0366],[-118.6128,48.0336],[-118.6585,48.0215],[-118.6793,48.0288],[-118.6751,48.0555],[-118.6594,48.0756],[-118.6321,48.0889],[-118.615,48.1023],[-118.6083,48.1157],[-118.6145,48.1323],[-118.6336,48.1524],[-118.6599,48.164],[-118.6933,48.1674],[-118.7139,48.1774],[-118.7216,48.1941],[-118.7187,48.2357],[-118.7053,48.3023],[-118.6649,48.382],[-118.5973,48.4749],[-118.5604,48.5346],[-118.5539,48.5611],[-118.5558,48.5908],[-118.5662,48.6239],[-118.5961,48.6621],[-118.6454,48.7053],[-118.7132,48.7152],[-118.7997,48.6918],[-118.8479,48.6735],[-118.8581,48.6602],[-118.8569,48.6437],[-118.8445,48.6239],[-118.837,48.5875],[-118.8344,48.5346],[-118.8723,48.4745],[-118.9508,48.4073],[-119.01,48.3752],[-119.05,48.3783],[-119.0751,48.3887],[-119.0853,48.4064],[-119.0853,48.43],[-119.0751,48.4594],[-119.0425,48.5025],[-118.9874,48.5592],[-118.9384,48.6338],[-118.8955,48.7263],[-118.828,48.7696],[-118.736,48.7639],[-118.62,48.7706],[-118.48,48.7898],[-118.3711,48.8223],[-118.2934,48.868],[-118.2292,48.9205],[-118.1785,48.9796],[-118.1601,49.0452],[-118.1739,49.1173],[-118.1982,49.1738],[-118.2327,49.2148],[-118.2655,49.241],[-118.2966,49.2522],[-118.3174,49.2676],[-118.3278,49.2871],[-118.3378,49.3458],[-118.3474,49.4435],[-118.3966,49.5149],[-118.4855,49.5602],[-118.545,49.5844],[-118.575,49.5875],[-118.5967,49.6103],[-118.61,49.6526],[-118.6435,49.7061],[-118.697,49.7707],[-118.7073,49.8224],[-118.6742,49.8611],[-118.6677,49.9094],[-118.6878,49.9673],[-118.6959,50.0109],[-118.692,50.04],[-118.645,50.06],[-118.555,50.0708],[-118.495,50.0692],[-118.465,50.0552],[-118.43,50.0484],[-118.39,50.0489],[-118.36,50.071],[-118.34,50.1147],[-118.315,50.1391],[-118.285,50.1445],[-118.2673,50.1511],[-118.2618,50.1591],[-118.2568,50.1759],[-118.2522,50.2016],[-118.2649,50.2318],[-118.295,50.2668],[-118.34,50.2773],[-118.4,50.2635],[-118.45,50.2661],[-118.49,50.2852],[-118.54,50.2924],[-118.6,50.2877],[-118.6353,50.29],[-118.646,50.2992],[-118.6499,50.3294],[-118.6469,50.3805],[-118.6181,50.4219],[-118.5635,50.4537],[-118.5364,50.4983],[-118.5369,50.5555],[-118.5203,50.5939],[-118.4868,50.6134],[-118.4606,50.6357],[-118.4419,50.6605],[-118.4409,50.6919],[-118.4576,50.7299],[-118.4567,50.7616],[-118.4381,50.7869],[-118.4391,50.802],[-118.4597,50.8069],[-118.4796,50.8037],[-118.4989,50.7925],[-118.5066,50.7742],[-118.5028,50.7489],[-118.5295,50.7173],[-118.5868,50.6793],[-118.6108,50.6476],[-118.6017,50.6222],[-118.6194,50.5968],[-118.6638,50.5714],[-118.6887,50.5237],[-118.6941,50.4537],[-118.7051,50.4096],[-118.7217,50.3913],[-118.75,50.3736],[-118.79,50.3567],[-118.83,50.3581],[-118.87,50.378],[-118.915,50.3759],[-118.965,50.3516],[-119.015,50.3364],[-119.065,50.3305],[-119.11,50.3198],[-119.15,50.3046],[-119.19,50.2994],[-119.23,50.3042],[-119.265,50.3004],[-119.295,50.288],[-119.3537,50.2298],[-119.4412,50.1256],[-119.5087,50.0637],[-119.5564,50.0445],[-119.5932,50.022],[-119.6192,49.9963],[-119.643,49.9609],[-119.6646,49.9158],[-119.7009,49.874],[-119.7518,49.8353],[-119.7804,49.8003],[-119.7868,49.769],[-119.81,49.7478],[-119.85,49.7366],[-119.885,49.7103],[-119.915,49.669],[-119.9533,49.6353],[-119.9998,49.6091],[-120.0135,49.5636],[-119.9943,49.4987],[-119.971,49.4636],[-119.9437,49.4584],[-119.9147,49.4649],[-119.8841,49.4831],[-119.8541,49.5241],[-119.8247,49.5878],[-119.795,49.6305],[-119.765,49.6524],[-119.7431,49.6594],[-119.7293,49.6517],[-119.7198,49.609],[-119.7144,49.5312],[-119.7213,49.4738],[-119.7404,49.4371],[-119.7678,49.4078],[-119.8035,49.386],[-119.8232,49.3458],[-119.8271,49.2871],[-119.8579,49.2349],[-119.9155,49.1892],[-119.9441,49.114],[-119.9435,49.0091],[-119.9537,48.9369],[-119.9747,48.8975],[-119.9741,48.8482],[-119.9517,48.7889],[-119.9079,48.7468],[-119.8426,48.7219],[-119.79,48.7178],[-119.75,48.7346],[-119.7157,48.7635],[-119.6871,48.8046],[-119.6521,48.8381],[-119.6107,48.8639],[-119.575,48.8722],[-119.545,48.8629],[-119.5248,48.8401],[-119.5144,48.8038],[-119.5314,48.7296],[-119.5757,48.6173],[-119.6091,48.5511],[-119.6317,48.5313],[-119.6597,48.517],[-119.6932,48.5083],[-119.725,48.5164],[-119.755,48.5411],[-119.79,48.5566],[-119.83,48.5629],[-119.88,48.5338],[-119.94,48.4693],[-119.9957,48.4283],[-120.0472,48.4107],[-120.0872,48.3916],[-120.1157,48.3709],[-120.17,48.3552],[-120.25,48.3446],[-120.3169,48.3217],[-120.3708,48.2866],[-120.4208,48.2653],[-120.4669,48.2579],[-120.502,48.2479],[-120.5261,48.2353],[-120.5507,48.209],[-120.5757,48.169],[-120.5891,48.1157],[-120.5908,48.0488],[-120.5563,48.0112],[-120.4854,48.0027],[-120.43,48.005],[-120.39,48.0183],[-120.3645,48.0125],[-120.3535,47.9877],[-120.3535,47.9607],[-120.3645,47.9317],[-120.38,47.915],[-120.4,47.9108],[-120.43,47.9159],[-120.47,47.9304],[-120.5093,47.9101],[-120.548,47.8552],[-120.583,47.8218],[-120.6143,47.8098],[-120.6243,47.8233],[-120.6129,47.8621],[-120.6229,47.8965],[-120.6543,47.9265],[-120.69,47.9397],[-120.73,47.9362],[-120.768,47.9212],[-120.8041,47.8947],[-120.8191,47.8475],[-120.813,47.7795],[-120.7925,47.7459],[-120.7575,47.7467],[-120.7557,47.737],[-120.787,47.7168],[-120.7992,47.6832],[-120.7925,47.636],[-120.7945,47.5956],[-120.8051,47.5619],[-120.7803,47.5219],[-120.7201,47.4757],[-120.6645,47.4453],[-120.6134,47.4306],[-120.5799,47.4132],[-120.564,47.3929],[-120.5629,47.3759],[-120.5766,47.3624],[-120.606,47.3489],[-120.6512,47.3353],[-120.6928,47.3132],[-120.7309,47.2826],[-120.7522,47.2758],[-120.7567,47.2929],[-120.7502,47.3116],[-120.7328,47.3319],[-120.725,47.3522],[-120.7269,47.3726],[-120.7384,47.3863],[-120.7595,47.3934],[-120.7828,47.3934],[-120.8084,47.3863],[-120.8884,47.335],[-121.0228,47.2395],[-121.1101,47.1715],[-121.1503,47.1313],[-121.1953,47.1092],[-121.2451,47.1053],[-121.2842,47.0951],[-121.3125,47.0786],[-121.3186,47.0499],[-121.3026,47.009],[-121.2962,46.9749],[-121.2994,46.9476],[-121.2824,46.9202],[-121.2452,46.8929],[-121.2306,46.8587],[-121.2387,46.8177],[-121.2279,46.7629],[-121.198,46.6944],[-121.1714,46.6463],[-121.1482,46.6188],[-121.1334,46.5639],[-121.127,46.4813],[-121.13,46.4262],[-121.1423,46.3986],[-121.1662,46.371],[-121.2019,46.3434],[-121.2545,46.3123],[-121.324,46.2778],[-121.337,46.2397],[-121.2933,46.1982],[-121.2711,46.1663],[-121.2704,46.1439],[-121.297,46.1127],[-121.3509,46.0727],[-121.4059,46.0449],[-121.462,46.0294],[-121.5011,46.012],[-121.5232,45.9928],[-121.5252,45.9624],[-121.507,45.9206],[-121.4797,45.8824],[-121.4432,45.8475],[-121.4389,45.8162],[-121.4668,45.7883],[-121.4628,45.7429],[-121.427,45.6801],[-121.4179,45.6102],[-121.4354,45.5332],[-121.4332,45.4631],[-121.4112,45.3999],[-121.4184,45.3507],[-121.4546,45.3156],[-121.4643,45.2734],[-121.4475,45.2241],[-121.4661,45.1642],[-121.5201,45.0936],[-121.5779,45.0474],[-121.6393,45.0256],[-121.6832,45.0044],[-121.7096,44.9838],[-121.7141,44.9452],[-121.6969,44.8885],[-121.7027,44.846],[-121.7316,44.8176],[-121.7517,44.7679],[-121.7632,44.6969],[-121.7842,44.653],[-121.8147,44.6364],[-121.85,44.6355],[-121.89,44.6502],[-121.922,44.6549],[-121.9459,44.6497],[-121.9644,44.6329],[-121.9773,44.6044],[-121.9772,44.5723],[-121.964,44.5367],[-122.0328,44.4654],[-122.1835,44.3582],[-122.2817,44.2815],[-122.3272,44.2353],[-122.405,44.2096],[-122.515,44.2044],[-122.575,44.2044],[-122.585,44.2095],[-122.5897,44.2209],[-122.589,44.2385],[-122.599,44.2533],[-122.6197,44.2654],[-122.655,44.2727],[-122.705,44.2754],[-122.755,44.2871],[-122.805,44.3078],[-122.8825,44.3183],[-122.9874,44.3187],[-123.0206,44.3368],[-122.982,44.3725],[-122.9634,44.4011],[-122.9647,44.4225],[-122.9596,44.4368],[-122.9481,44.444],[-122.8743,44.4491],[-122.7381,44.4524],[-122.6239,44.4702],[-122.5316,44.5027],[-122.4866,44.5263],[-122.4889,44.5411],[-122.5313,44.5589],[-122.6138,44.5797],[-122.6583,44.5937],[-122.6649,44.6008],[-122.6593,44.6186],[-122.6415,44.6471],[-122.6329,44.672],[-122.6335,44.6933],[-122.6479,44.7178],[-122.676,44.7454],[-122.705,44.7623],[-122.735,44.7685],[-122.835,44.7676],[-123.005,44.7597],[-123.1465,44.7428],[-123.2595,44.7169],[-123.3223,44.6969],[-123.3349,44.6827],[-123.3384,44.6712],[-123.3328,44.6625],[-123.295,44.6527],[-123.225,44.6418],[-123.1861,44.6319],[-123.1782,44.6231],[-123.1832,44.6096],[-123.2011,44.5915],[-123.23,44.5839],[-123.27,44.5866],[-123.3072,44.5814],[-123.3416,44.5682],[-123.3645,44.5545],[-123.3758,44.5403],[-123.3824,44.4975],[-123.3841,44.4261],[-123.4308,44.3654],[-123.5223,44.3153],[-123.5786,44.2887],[-123.5995,44.2857],[-123.68,44.2958],[-123.82,44.3192],[-123.91,44.3441],[-123.95,44.3704],[-124.0093,44.3959],[-124.0879,44.4208],[-124.0954,44.4475],[-124.0317,44.4761],[-123.9661,44.4939],[-123.8985,44.5011],[-123.831,44.5169],[-123.7637,44.5415],[-123.7214,44.5593],[-123.7041,44.5704],[-123.696,44.583],[-123.6971,44.5973],[-123.7207,44.6195],[-123.7669,44.6497],[-123.81,44.6694],[-123.85,44.6786],[-123.8992,44.7061],[-123.9575,44.7521],[-123.9907,44.7999],[-123.9987,44.8495],[-124.048,44.9062],[-124.1385,44.9699],[-124.1731,45.023],[-124.1518,45.0654],[-124.1461,45.0936],[-124.1561,45.1077],[-124.1733,45.1196],[-124.1978,45.1291],[-124.24,45.135],[-124.3,45.1373],[-124.35,45.1476],[-124.39,45.1659],[-124.445,45.1805],[-124.515,45.1913],[-124.57,45.2246],[-124.61,45.2803],[-124.675,45.3286],[-124.765,45.3695],[-124.8894,45.4126],[-125.0481,45.4579],[-125.1701,45.4981],[-125.2552,45.5332],[-125.2908,45.5525],[-125.2769,45.5561],[-125.25,45.5501],[-125.21,45.5343],[-125.165,45.5255],[-125.115,45.5237],[-125.0729,45.5263],[-125.0387,45.5332],[-125.0226,45.5437],[-125.0245,45.5577],[-125.1525,45.6451],[-125.4067,45.8057],[-125.5248,45.8893],[-125.5067,45.8963],[-125.5007,45.9137],[-125.507,45.9415],[-125.4951,45.9691],[-125.465,45.9964],[-125.4518,46.0172],[-125.4554,46.0316],[-125.5471,46.1047],[-125.7268,46.2363],[-125.815,46.3059]],[[-124.787,54.4918],[-124.749,54.5029],[-124.69,54.5062],[-124.61,54.5016],[-124.55,54.4926],[-124.51,54.4789],[-124.46,54.4683],[-124.4,54.4606],[-124.3654,54.4438],[-124.3563,54.4178],[-124.3605,54.399],[-124.3782,54.3873],[-124.4028,54.3799],[-124.4343,54.3766],[-124.4642,54.3795],[-124.4927,54.3886],[-124.5177,54.4026],[-124.5392,54.4213],[-124.58,54.425],[-124.64,54.4135],[-124.6846,54.4128],[-124.7137,54.423],[-124.7477,54.4426],[-124.7865,54.4717],[-124.787,54.4918]],[[-124.13,54.4536],[-124.1033,54.4814],[-124.0716,54.5018],[-124.0348,54.5146],[-124.0148,54.552],[-124.0116,54.6137],[-123.995,54.6459],[-123.965,54.6484],[-123.9233,54.6436],[-123.8698,54.6315],[-123.8326,54.608],[-123.8117,54.5733],[-123.8073,54.5385],[-123.8195,54.5036],[-123.84,54.4746],[-123.8688,54.4513],[-123.9249,54.4317],[-124.0083,54.4156],[-124.0668,54.4098],[-124.1005,54.4142],[-124.1238,54.4223],[-124.1368,54.4339],[-124.13,54.4536]],[[-123.2786,54.6862],[-123.2673,54.7151],[-123.2538,54.7349],[-123.2379,54.7458],[-123.215,54.7536],[-123.185,54.7581],[-123.1564,54.7556],[-123.1291,54.7459],[-123.1132,54.7295],[-123.1087,54.7064],[-123.1176,54.6833],[-123.1401,54.6601],[-123.171,54.6449],[-123.2103,54.6376],[-123.24,54.6374],[-123.26,54.6443],[-123.2735,54.6537],[-123.2806,54.6657],[-123.2786,54.6862]],[[-122.5778,54.5432],[-122.5593,54.5643],[-122.51,54.574],[-122.43,54.5725],[-122.37,54.5831],[-122.33,54.6058],[-122.265,54.62],[-122.175,54.6256],[-122.095,54.6229],[-122.025,54.6118],[-121.9713,54.5937],[-121.934,54.5685],[-121.929,54.5474],[-121.9563,54.5304],[-121.99,54.519],[-122.03,54.5132],[-122.0636,54.4897],[-122.0907,54.4486],[-122.0944,54.4135],[-122.0745,54.3844],[-122.0372,54.3611],[-121.9825,54.3436],[-121.9538,54.3241],[-121.9513,54.3026],[-121.9703,54.2967],[-122.0109,54.3066],[-122.0709,54.3341],[-122.1503,54.379],[-122.21,54.4036],[-122.25,54.4078],[-122.2681,54.4232],[-122.2642,54.4497],[-122.272,54.4688],[-122.2914,54.4804],[-122.3726,54.4978],[-122.5156,54.5211],[-122.5778,54.5432]],[[-122.0655,54.7209],[-122.0552,54.7267],[-122.0439,54.7267],[-122.0318,54.7209],[-122.0318,54.7147],[-122.0439,54.7083],[-122.0552,54.7083],[-122.0655,54.7147],[-122.0655,54.7209]],[[-121.9163,54.9498],[-121.8988,54.9757],[-121.87,54.9843],[-121.83,54.9754],[-121.8072,54.9596],[-121.8016,54.9368],[-121.8104,54.9196],[-121.8336,54.9081],[-121.8298,54.888],[-121.7988,54.8592],[-121.785,54.8405],[-121.7883,54.8318],[-121.805,54.8344],[-121.835,54.8483],[-121.8668,54.8555],[-121.9004,54.856],[-121.9128,54.8678],[-121.9042,54.8909],[-121.9062,54.911],[-121.9188,54.9282],[-121.9163,54.9498]],[[-121.7883,54.4938],[-121.7761,54.509],[-121.755,54.5173],[-121.725,54.5187],[-121.695,54.508],[-121.665,54.4854],[-121.63,54.4732],[-121.59,54.4713],[-121.5664,54.4627],[-121.5592,54.4474],[-121.5692,54.43],[-121.5964,54.4106],[-121.625,54.3974],[-121.655,54.3906],[-121.68,54.3995],[-121.7,54.4241],[-121.725,54.4417],[-121.755,54.4522],[-121.7761,54.4647],[-121.7883,54.479],[-121.7883,54.4938]],[[-121.5066,54.5007],[-121.4908,54.5065],[-121.4847,54.5047],[-121.4882,54.4953],[-121.4961,54.4924],[-121.5084,54.496],[-121.5066,54.5007]],[[-121.5356,54.2473],[-121.5268,54.259],[-121.4893,54.2805],[-121.4231,54.3119],[-121.375,54.3284],[-121.345,54.3302],[-121.3224,54.3262],[-121.3073,54.3165],[-121.2983,54.3028],[-121.2953,54.2853],[-121.3268,54.259],[-121.3928,54.224],[-121.4543,54.2152],[-121.5115,54.2327],[-121.5356,54.2473]],[[-121.3367,54.4779],[-121.3322,54.4844],[-121.3251,54.4844],[-121.3154,54.4779],[-121.3176,54.4746],[-121.3319,54.4746],[-121.3367,54.4779]],[[-121.2718,50.8321],[-121.2439,50.8719],[-121.2022,50.9066],[-121.1467,50.9362],[-121.1017,50.9694],[-121.0672,51.0064],[-121.0283,51.0378],[-120.9849,51.0638],[-120.9299,51.0914],[-120.8633,51.1205],[-120.8047,51.133],[-120.754,51.129],[-120.7185,51.1145],[-120.6983,51.0894],[-120.6908,51.0674],[-120.6961,51.0485],[-120.7196,51.0234],[-120.7612,50.9919],[-120.79,50.9636],[-120.8058,50.9384],[-120.8365,50.9131],[-120.8819,50.8879],[-120.951,50.8341],[-121.0437,50.7515],[-121.115,50.7056],[-121.165,50.6964],[-121.2074,50.6966],[-121.2421,50.7061],[-121.2653,50.7173],[-121.2768,50.7299],[-121.2784,50.7457],[-121.2703,50.7647],[-121.271,50.7837],[-121.2808,50.8027],[-121.2718,50.8321]],[[-120.6454,51.6465],[-120.6351,51.6617],[-120.615,51.6696],[-120.585,51.67],[-120.545,51.6648],[-120.495,51.654],[-120.455,51.6395],[-120.425,51.6213],[-120.3739,51.5785],[-120.3017,51.511],[-120.2682,51.4678],[-120.2734,51.4491],[-120.2895,51.4301],[-120.3165,51.4108],[-120.34,51.3977],[-120.36,51.3907],[-120.3828,51.391],[-120.4083,51.3986],[-120.4595,51.4336],[-120.5363,51.4959],[-120.5936,51.555],[-120.6315,51.6109],[-120.6454,51.6465]],[[-120.2834,51.5935],[-120.2745,51.602],[-120.26,51.6018],[-120.24,51.5927],[-120.2194,51.576],[-120.1981,51.5516],[-120.1881,51.5323],[-120.1894,51.518],[-120.2,51.5114],[-120.22,51.5123],[-120.2392,51.5194],[-120.2576,51.5328],[-120.2721,51.5519],[-120.2826,51.5767],[-120.2834,51.5935]],[[-120.1081,51.6247],[-120.096,51.6459],[-120.08,51.661],[-120.06,51.6697],[-120.0306,51.6684],[-119.9918,51.657],[-119.9687,51.6388],[-119.9614,51.614],[-119.9708,51.5846],[-119.9969,51.5505],[-120.025,51.5384],[-120.055,51.5481],[-120.081,51.5683],[-120.1031,51.5988],[-120.1081,51.6247]],[[-119.9756,50.9614],[-119.9452,51.0327],[-119.92,51.0765],[-119.9,51.093],[-119.88,51.1017],[-119.86,51.1028],[-119.834,51.081],[-119.802,51.0363],[-119.786,50.995],[-119.7858,50.9573],[-119.8018,50.9303],[-119.8339,50.9143],[-119.88,50.8996],[-119.94,50.8863],[-119.9752,50.8912],[-119.9856,50.9142],[-119.9756,50.9614]],[[-119.8118,51.7071],[-119.7928,51.7442],[-119.77,51.7637],[-119.7433,51.7653],[-119.7238,51.7591],[-119.7115,51.7451],[-119.7115,51.7237],[-119.7238,51.6951],[-119.745,51.6751],[-119.775,51.6638],[-119.7978,51.6657],[-119.8135,51.6809],[-119.8118,51.7071]],[[-119.7806,50.6634],[-119.7378,50.7457],[-119.7184,50.8185],[-119.7224,50.8816],[-119.7146,50.9289],[-119.695,50.9604],[-119.6714,50.9797],[-119.6438,50.9868],[-119.6,50.984],[-119.54,50.9712],[-119.5002,50.9708],[-119.4805,50.9828],[-119.4805,51.0026],[-119.5002,51.0303],[-119.525,51.0457],[-119.555,51.0488],[-119.5887,51.0601],[-119.6261,51.0796],[-119.6437,51.1113],[-119.6417,51.1553],[-119.6534,51.1898],[-119.6788,51.2148],[-119.6891,51.2367],[-119.6843,51.2555],[-119.6693,51.2743],[-119.6439,51.2931],[-119.6209,51.3402],[-119.6003,51.4157],[-119.565,51.4743],[-119.515,51.5163],[-119.445,51.5154],[-119.355,51.4717],[-119.3008,51.466],[-119.2824,51.4984],[-119.2724,51.5332],[-119.2708,51.5705],[-119.265,51.594],[-119.255,51.6037],[-119.24,51.6072],[-119.22,51.6044],[-119.205,51.6093],[-119.195,51.6221],[-119.1829,51.7086],[-119.1686,51.8684],[-119.1663,52.0066],[-119.176,52.1235],[-119.1701,52.2124],[-119.1486,52.2736],[-119.1309,52.3118],[-119.117,52.3269],[-119.105,52.3342],[-119.095,52.3337],[-119.0785,52.3017],[-119.0556,52.2381],[-119.0393,52.1235],[-119.0296,51.9574],[-119.0173,51.8525],[-119.0024,51.8092],[-118.9237,51.7948],[-118.7812,51.8092],[-118.7002,51.8061],[-118.6807,51.7855],[-118.6669,51.704],[-118.6589,51.5612],[-118.6605,51.4554],[-118.6718,51.3868],[-118.6662,51.3368],[-118.6438,51.3056],[-118.632,51.278],[-118.6307,51.2542],[-118.6171,51.2479],[-118.5914,51.2592],[-118.5814,51.2712],[-118.587,51.2837],[-118.5799,51.2952],[-118.56,51.3058],[-118.5471,51.3058],[-118.5414,51.2952],[-118.5456,51.2806],[-118.5596,51.2618],[-118.5625,51.2407],[-118.5542,51.2173],[-118.54,51.2051],[-118.52,51.2042],[-118.485,51.2124],[-118.435,51.2299],[-118.4078,51.2201],[-118.4033,51.1832],[-118.3883,51.1593],[-118.3628,51.1485],[-118.335,51.1567],[-118.305,51.1839],[-118.255,51.2068],[-118.185,51.2255],[-118.125,51.2545],[-118.075,51.2938],[-118.04,51.3148],[-118.02,51.3176],[-117.985,51.3074],[-117.935,51.2843],[-117.89,51.2773],[-117.85,51.2864],[-117.8283,51.2875],[-117.8249,51.2808],[-117.8599,51.2461],[-117.9332,51.1835],[-117.9623,51.127],[-117.9472,51.0768],[-117.9602,51.0422],[-118.0013,51.0234],[-117.9989,51.0133],[-117.953,51.0121],[-117.9268,51.0247],[-117.9205,51.0511],[-117.9005,51.0688],[-117.8668,51.0778],[-117.8339,51.0747],[-117.8018,51.0593],[-117.78,51.0422],[-117.7684,51.0234],[-117.7695,51.0097],[-117.7832,51.0012],[-117.815,50.9954],[-117.865,50.9922],[-117.9093,50.9618],[-117.948,50.9041],[-117.9526,50.8658],[-117.9231,50.8469],[-117.9374,50.8185],[-117.9956,50.7805],[-118.0293,50.7457],[-118.0388,50.7141],[-118.0373,50.6856],[-118.0249,50.6602],[-118.0291,50.6317],[-118.0499,50.6],[-118.0474,50.5682],[-118.0216,50.5365],[-118.0061,50.5078],[-118.0009,50.4824],[-118.0213,50.4556],[-118.0671,50.4274],[-118.13,50.4158],[-118.21,50.4209],[-118.2613,50.4286],[-118.2838,50.439],[-118.2948,50.4506],[-118.2944,50.4633],[-118.2733,50.4824],[-118.2316,50.5078],[-118.1972,50.5365],[-118.1702,50.5682],[-118.1633,50.5905],[-118.1766,50.6031],[-118.2127,50.6127],[-118.2717,50.619],[-118.2749,50.6476],[-118.2224,50.6983],[-118.1996,50.7296],[-118.2065,50.7415],[-118.2552,50.7415],[-118.3455,50.7296],[-118.3777,50.7457],[-118.3518,50.79],[-118.3363,50.8279],[-118.3313,50.8595],[-118.3341,50.8816],[-118.3447,50.8941],[-118.37,50.895],[-118.41,50.8844],[-118.435,50.8718],[-118.445,50.8573],[-118.4692,50.8437],[-118.5075,50.8311],[-118.5425,50.8104],[-118.5742,50.7816],[-118.595,50.7694],[-118.605,50.7738],[-118.6058,50.7977],[-118.5975,50.841],[-118.5751,50.869],[-118.5385,50.8816],[-118.5126,50.8964],[-118.4975,50.9134],[-118.455,50.9166],[-118.385,50.9062],[-118.33,50.9056],[-118.29,50.9149],[-118.24,50.9144],[-118.18,50.9041],[-118.1419,50.9183],[-118.1256,50.9569],[-118.0975,50.9825],[-118.0576,50.995],[-118.0608,51.0127],[-118.1069,51.0354],[-118.165,51.0345],[-118.235,51.0101],[-118.275,51.0119],[-118.285,51.0399],[-118.3,51.0625],[-118.32,51.0796],[-118.38,51.0797],[-118.48,51.0628],[-118.56,51.041],[-118.62,51.0144],[-118.683,50.9539],[-118.7491,50.8594],[-118.7849,50.7932],[-118.7903,50.7552],[-118.7795,50.7331],[-118.7525,50.7268],[-118.7385,50.7204],[-118.7377,50.7141],[-118.7605,50.6938],[-118.8068,50.6595],[-118.84,50.64],[-118.86,50.6355],[-118.8754,50.64],[-118.8862,50.6535],[-118.8904,50.6729],[-118.888,50.6983],[-118.9026,50.7103],[-118.9342,50.709],[-118.9574,50.6932],[-118.9723,50.6628],[-118.9747,50.6285],[-118.9645,50.5905],[-118.9871,50.5584],[-119.0424,50.5324],[-119.0859,50.526],[-119.1177,50.5393],[-119.1313,50.5714],[-119.1265,50.6222],[-119.1171,50.6634],[-119.1032,50.6951],[-119.0647,50.7231],[-119.0016,50.7475],[-118.9544,50.7728],[-118.9233,50.799],[-118.891,50.85],[-118.8576,50.9258],[-118.8482,50.9758],[-118.8627,51.0001],[-118.905,51.0004],[-118.975,50.9767],[-119.0244,50.955],[-119.0533,50.9355],[-119.0733,50.9076],[-119.0844,50.8714],[-119.1093,50.8493],[-119.148,50.8414],[-119.1668,50.8311],[-119.1658,50.8185],[-119.1516,50.8027],[-119.1242,50.7837],[-119.1304,50.7623],[-119.1701,50.7384],[-119.2,50.7257],[-119.22,50.7241],[-119.2391,50.7297],[-119.2572,50.7425],[-119.2633,50.7679],[-119.2574,50.8058],[-119.2583,50.8283],[-119.2661,50.8355],[-119.2937,50.8292],[-119.341,50.8094],[-119.4414,50.7457],[-119.5948,50.638],[-119.6811,50.5824],[-119.7004,50.5789],[-119.7182,50.5853],[-119.7347,50.6014],[-119.7547,50.6086],[-119.7782,50.6067],[-119.793,50.6098],[-119.799,50.6181],[-119.7806,50.6634]],[[-117.7249,51.1239],[-117.7184,51.1678],[-117.6984,51.2023],[-117.6649,51.2274],[-117.6286,51.2407],[-117.5895,51.2422],[-117.5523,51.236],[-117.5169,51.2219],[-117.4969,51.2083],[-117.4923,51.1951],[-117.5056,51.1763],[-117.5369,51.1518],[-117.5819,51.1261],[-117.6406,51.099],[-117.68,51.0853],[-117.7,51.0848],[-117.7145,51.0889],[-117.7236,51.0976],[-117.7249,51.1239]],[[-117.5581,51.0986],[-117.5394,51.1172],[-117.505,51.1315],[-117.455,51.1416],[-117.446,51.1323],[-117.4779,51.1037],[-117.5079,51.0858],[-117.536,51.0787],[-117.5544,51.0787],[-117.5631,51.0858],[-117.5581,51.0986]],[[-117.4926,49.8997],[-117.4784,49.9384],[-117.456,49.9641],[-117.4253,49.9771],[-117.395,49.9792],[-117.365,49.9705],[-117.3316,49.9479],[-117.2947,49.9115],[-117.2847,49.8896],[-117.3016,49.8821],[-117.3175,49.866],[-117.3325,49.8412],[-117.3575,49.8243],[-117.3925,49.8151],[-117.425,49.8142],[-117.455,49.8214],[-117.4774,49.8389],[-117.4923,49.8666],[-117.4926,49.8997]],[[-117.2732,49.8321],[-117.271,49.8643],[-117.265,49.8818],[-117.255,49.8846],[-117.205,49.8776],[-117.115,49.8609],[-117.0591,49.8369],[-117.0374,49.8057],[-117.0308,49.7707],[-117.0393,49.732],[-117.0702,49.7136],[-117.1234,49.7158],[-117.1726,49.7287],[-117.2177,49.7524],[-117.2488,49.7772],[-117.2658,49.803],[-117.2732,49.8321]],[[-117.0385,50.3388],[-117.0195,50.3576],[-116.995,50.3712],[-116.965,50.3797],[-116.9219,50.3703],[-116.8657,50.343],[-116.8459,50.3198],[-116.8626,50.3007],[-116.8908,50.283],[-116.9303,50.2669],[-116.965,50.2642],[-116.995,50.2748],[-117.0195,50.2924],[-117.0385,50.3171],[-117.0385,50.3388]],[[-116.8063,48.3422],[-116.7483,48.4086],[-116.707,48.4436],[-116.6823,48.4471],[-116.6472,48.4206],[-116.6016,48.3639],[-116.5866,48.3217],[-116.6022,48.2941],[-116.63,48.2739],[-116.67,48.2611],[-116.72,48.2605],[-116.78,48.2721],[-116.8163,48.2857],[-116.829,48.3012],[-116.8063,48.3422]],[[-116.5439,48.1323],[-116.5356,48.1524],[-116.5011,48.1886],[-116.4404,48.2409],[-116.385,48.2451],[-116.335,48.2013],[-116.2729,48.1584],[-116.1986,48.1166],[-116.2236,48.102],[-116.3479,48.1148],[-116.435,48.1066],[-116.485,48.0773],[-116.5185,48.0676],[-116.5354,48.0774],[-116.5449,48.0923],[-116.547,48.1123],[-116.5439,48.1323]],[[-118.9856,45.2634],[-118.9752,45.2785],[-118.97,45.2787],[-118.97,45.2637],[-118.9752,45.2561],[-118.9856,45.2559],[-118.9856,45.2634]],[[-118.8458,45.5147],[-118.7953,45.5827],[-118.76,45.6172],[-118.74,45.6183],[-118.7196,45.6123],[-118.6987,45.5992],[-118.6818,45.5787],[-118.6689,45.5507],[-118.6793,45.5106],[-118.7131,45.4583],[-118.755,45.4293],[-118.805,45.4236],[-118.8403,45.4358],[-118.8608,45.4657],[-118.8458,45.5147]],[[-118.4339,46.318],[-118.378,46.3776],[-118.335,46.4086],[-118.305,46.411],[-118.2778,46.4053],[-118.2535,46.3916],[-118.2425,46.3744],[-118.2449,46.3537],[-118.2721,46.322],[-118.324,46.2791],[-118.37,46.2562],[-118.41,46.2534],[-118.438,46.261],[-118.4539,46.2791],[-118.4339,46.318]],[[-118.3879,48.392],[-118.3731,48.4252],[-118.3673,48.4584],[-118.3707,48.4915],[-118.3618,48.5131],[-118.3406,48.5232],[-118.3218,48.5232],[-118.3053,48.5131],[-118.2829,48.4783],[-118.2548,48.4186],[-118.263,48.3771],[-118.3077,48.3539],[-118.3409,48.3439],[-118.3626,48.3472],[-118.3789,48.3555],[-118.3898,48.3687],[-118.3879,48.392]],[[-118.5403,49.9259],[-118.5334,49.9394],[-118.515,49.9547],[-118.485,49.9716],[-118.46,49.9761],[-118.44,49.968],[-118.4226,49.9528],[-118.4079,49.9303],[-118.4079,49.9106],[-118.4226,49.8938],[-118.445,49.8829],[-118.475,49.878],[-118.5034,49.8864],[-118.5303,49.9082],[-118.5403,49.9259]],[[-118.3781,49.783],[-118.3727,49.7946],[-118.3652,49.7946],[-118.3555,49.783],[-118.3555,49.774],[-118.3652,49.7677],[-118.3727,49.7677],[-118.3781,49.774],[-118.3781,49.783]],[[-119.8017,49.4802],[-119.7939,49.508],[-119.7886,49.508],[-119.7859,49.4802],[-119.7859,49.4636],[-119.7886,49.4585],[-119.7939,49.4585],[-119.8017,49.4636],[-119.8017,49.4802]],[[-119.6578,48.746],[-119.642,48.7724],[-119.6231,48.787],[-119.601,48.7898],[-119.595,48.7724],[-119.605,48.735],[-119.62,48.7135],[-119.64,48.7079],[-119.6539,48.7121],[-119.6618,48.7259],[-119.6578,48.746]],[[-125.311,45.8448],[-125.2703,45.8464],[-125.25,45.8334],[-125.25,45.8057],[-125.2703,45.8049],[-125.311,45.831],[-125.311,45.8448]],[[-125.3578,49.1025],[-125.3393,49.1579],[-125.3048,49.2004],[-125.2543,49.23],[-125.2286,49.2611],[-125.2276,49.2937],[-125.2034,49.336],[-125.1562,49.3882],[-125.1223,49.437],[-125.1017,49.4825],[-125.071,49.4997],[-125.0303,49.4888],[-124.985,49.4648],[-124.935,49.4277],[-124.895,49.4078],[-124.865,49.4051],[-124.86,49.3795],[-124.88,49.331],[-124.9184,49.2814],[-124.9751,49.2308],[-125.0025,49.199],[-125.0005,49.1859],[-124.9906,49.1761],[-124.9727,49.1696],[-124.9653,49.1598],[-124.9683,49.1467],[-125.0499,49.1149],[-125.21,49.0645],[-125.305,49.0403],[-125.335,49.0425],[-125.3543,49.0513],[-125.3628,49.0669],[-125.3578,49.1025]],[[-124.9367,49.605],[-124.8922,49.649],[-124.855,49.6723],[-124.825,49.675],[-124.795,49.6724],[-124.765,49.6643],[-124.7471,49.6345],[-124.7414,49.5829],[-124.7464,49.5518],[-124.7621,49.5411],[-124.785,49.5324],[-124.815,49.5257],[-124.85,49.5252],[-124.89,49.5307],[-124.9222,49.5459],[-124.9467,49.5707],[-124.9367,49.605]],[[-124.6947,50.091],[-124.6782,50.1264],[-124.66,50.1474],[-124.64,50.1539],[-124.615,50.1554],[-124.585,50.1517],[-124.5023,50.1147],[-124.367,50.0443],[-124.2826,49.9802],[-124.249,49.9223],[-124.2416,49.8882],[-124.2605,49.878],[-124.315,49.8728],[-124.405,49.8726],[-124.47,49.8644],[-124.51,49.8483],[-124.545,49.8396],[-124.575,49.8381],[-124.5994,49.8546],[-124.6183,49.889],[-124.6174,49.9191],[-124.5967,49.9448],[-124.5923,49.9621],[-124.6041,49.9709],[-124.625,49.9756],[-124.655,49.9761],[-124.6782,50.0006],[-124.6947,50.0491],[-124.6947,50.091]],[[-123.8058,49.8202],[-123.7953,49.8289],[-123.78,49.8279],[-123.76,49.8172],[-123.7414,49.8193],[-123.7243,49.8343],[-123.7064,49.874],[-123.6875,49.9384],[-123.6586,49.9866],[-123.6196,50.0188],[-123.6015,50.0123],[-123.6042,49.9673],[-123.6267,49.9083],[-123.6689,49.8353],[-123.7,49.7935],[-123.72,49.7833],[-123.745,49.7818],[-123.775,49.7891],[-123.7953,49.7985],[-123.8058,49.8101],[-123.8058,49.8202]],[[-124.7493,47.7404],[-124.7364,47.754],[-124.71,47.7602],[-124.67,47.7592],[-124.635,47.7644],[-124.605,47.7756],[-124.59,47.7908],[-124.59,47.8098],[-124.605,47.8118],[-124.635,47.7968],[-124.6608,47.7922],[-124.6825,47.798],[-124.6952,47.8076],[-124.6987,47.821],[-124.6879,47.8383],[-124.6626,47.8593],[-124.625,47.8689],[-124.575,47.8672],[-124.54,47.872],[-124.52,47.8834],[-124.5034,47.9107],[-124.4901,47.9537],[-124.4962,47.9853],[-124.5217,48.0054],[-124.5325,48.0321],[-124.5285,48.0656],[-124.5124,48.0956],[-124.4841,48.1224],[-124.445,48.1762],[-124.395,48.2572],[-124.295,48.3094],[-124.145,48.333],[-124.0432,48.3691],[-123.9897,48.4176],[-123.9497,48.4672],[-123.9232,48.518],[-123.8432,48.5544],[-123.7096,48.5765],[-123.6211,48.6107],[-123.5778,48.6569],[-123.5296,48.6911],[-123.4765,48.7132],[-123.425,48.7445],[-123.375,48.7849],[-123.3405,48.8035],[-123.3214,48.8004],[-123.3064,48.7866],[-123.2955,48.7622],[-123.245,48.7722],[-123.155,48.8166],[-123.095,48.8557],[-123.065,48.8894],[-123.0525,48.9254],[-123.0574,48.9637],[-123.0416,48.9993],[-123.0051,49.0321],[-122.9463,49.1173],[-122.8654,49.2545],[-122.8277,49.3458],[-122.8334,49.3914],[-122.8276,49.437],[-122.8103,49.4825],[-122.8037,49.5078],[-122.8079,49.5131],[-122.8353,49.4936],[-122.886,49.4494],[-122.946,49.4168],[-123.0153,49.3959],[-123.075,49.3683],[-123.125,49.3339],[-123.18,49.3049],[-123.24,49.2811],[-123.2653,49.2794],[-123.2558,49.2998],[-123.2597,49.3263],[-123.2769,49.3589],[-123.2763,49.4272],[-123.2579,49.5312],[-123.2528,49.6155],[-123.2612,49.6802],[-123.2513,49.7287],[-123.223,49.761],[-123.2092,49.7958],[-123.2097,49.833],[-123.215,49.8516],[-123.225,49.8514],[-123.252,49.8199],[-123.2961,49.757],[-123.3166,49.6738],[-123.3134,49.5701],[-123.3364,49.4941],[-123.3855,49.446],[-123.415,49.4198],[-123.425,49.4156],[-123.44,49.4218],[-123.46,49.4383],[-123.4902,49.4905],[-123.5307,49.5782],[-123.5503,49.6511],[-123.549,49.7093],[-123.5315,49.761],[-123.4978,49.8062],[-123.4632,49.847],[-123.4277,49.8833],[-123.385,49.9036],[-123.335,49.9077],[-123.2985,49.9185],[-123.2756,49.9361],[-123.2654,49.9513],[-123.2681,49.9641],[-123.2823,49.9802],[-123.3081,49.9995],[-123.3082,50.0256],[-123.2827,50.0586],[-123.26,50.0778],[-123.24,50.0831],[-123.2231,50.0827],[-123.2092,50.0765],[-123.2018,50.0509],[-123.2011,50.0059],[-123.1926,49.9641],[-123.1763,49.9255],[-123.1536,49.9004],[-123.1245,49.8888],[-123.0915,49.8534],[-123.0545,49.794],[-123.0195,49.7563],[-122.9865,49.7403],[-122.96,49.7341],[-122.94,49.7376],[-122.9064,49.7617],[-122.8592,49.8065],[-122.8273,49.8546],[-122.8105,49.9062],[-122.784,49.9451],[-122.748,49.9714],[-122.7149,49.981],[-122.6848,49.974],[-122.6641,49.9513],[-122.6527,49.9126],[-122.6285,49.8804],[-122.5915,49.8546],[-122.5573,49.8168],[-122.5258,49.767],[-122.48,49.7509],[-122.42,49.7686],[-122.36,49.7498],[-122.3,49.6942],[-122.25,49.6758],[-122.21,49.6944],[-122.155,49.7388],[-122.085,49.8088],[-122.035,49.8497],[-122.005,49.8615],[-121.98,49.8638],[-121.96,49.8568],[-121.9483,49.8213],[-121.945,49.7575],[-121.9564,49.7029],[-121.9827,49.6576],[-121.9756,49.609],[-121.9349,49.5571],[-121.9134,49.4933],[-121.9111,49.4174],[-121.925,49.3718],[-121.955,49.3566],[-121.9768,49.3294],[-121.9903,49.2904],[-122.0257,49.2349],[-122.0831,49.1631],[-122.1447,49.1173],[-122.2106,49.0976],[-122.2401,49.0812],[-122.2334,49.0679],[-122.215,49.0584],[-122.185,49.0525],[-122.1721,49.0427],[-122.1762,49.0291],[-122.2062,49.0015],[-122.2621,48.9598],[-122.335,48.937],[-122.425,48.933],[-122.4905,48.9079],[-122.5315,48.8615],[-122.5465,48.8274],[-122.5355,48.8056],[-122.465,48.7827],[-122.335,48.7587],[-122.2558,48.7597],[-122.2273,48.7858],[-122.2133,48.8284],[-122.2138,48.8876],[-122.1889,48.9271],[-122.1385,48.9468],[-122.1025,48.9727],[-122.0808,49.0049],[-122.05,49.0228],[-122.01,49.0266],[-121.9479,49.0433],[-121.8638,49.073],[-121.8149,49.1434],[-121.801,49.2545],[-121.773,49.332],[-121.731,49.3759],[-121.65,49.4146],[-121.53,49.4483],[-121.425,49.4896],[-121.335,49.5387],[-121.27,49.5633],[-121.23,49.5633],[-121.2142,49.552],[-121.2226,49.5295],[-121.2773,49.4825],[-121.3783,49.4109],[-121.4587,49.3263],[-121.5185,49.2284],[-121.5507,49.1631],[-121.5551,49.1303],[-121.5827,49.0911],[-121.6334,49.0452],[-121.6499,49.0124],[-121.6321,48.9927],[-121.6241,48.9763],[-121.6258,48.9632],[-121.6457,48.9501],[-121.6839,48.9369],[-121.7016,48.9238],[-121.6989,48.9106],[-121.6607,48.8971],[-121.5869,48.8831],[-121.5432,48.87],[-121.5296,48.8576],[-121.524,48.8449],[-121.5263,48.8317],[-121.5481,48.817],[-121.5894,48.8008],[-121.64,48.7923],[-121.7,48.7917],[-121.751,48.7537],[-121.7931,48.6782],[-121.8422,48.6239],[-121.8981,48.5908],[-121.9292,48.5644],[-121.9355,48.5445],[-121.9315,48.53],[-121.9172,48.5209],[-121.88,48.5124],[-121.82,48.5046],[-121.785,48.4961],[-121.775,48.487],[-121.7767,48.4425],[-121.7901,48.3623],[-121.7901,48.3116],[-121.7767,48.2905],[-121.735,48.2983],[-121.665,48.3352],[-121.6188,48.3789],[-121.5964,48.4297],[-121.5764,48.464],[-121.5588,48.482],[-121.54,48.4914],[-121.52,48.4924],[-121.5001,48.4767],[-121.4802,48.4446],[-121.4996,48.402],[-121.5584,48.3488],[-121.6002,48.279],[-121.625,48.1924],[-121.6156,48.1445],[-121.5719,48.1354],[-121.5,48.136],[-121.4,48.1462],[-121.3199,48.144],[-121.2597,48.1296],[-121.2147,48.1039],[-121.1849,48.0672],[-121.11,48.0702],[-120.99,48.1132],[-120.9066,48.1883],[-120.8599,48.2953],[-120.8249,48.3608],[-120.8016,48.3847],[-120.76,48.411],[-120.7,48.4399],[-120.6567,48.4512],[-120.6302,48.4449],[-120.6127,48.4318],[-120.6043,48.4119],[-120.6176,48.3744],[-120.6525,48.3193],[-120.69,48.2861],[-120.73,48.275],[-120.7602,48.256],[-120.7806,48.2291],[-120.7997,48.1657],[-120.8175,48.0656],[-120.8728,47.9853],[-120.9655,47.925],[-121.0232,47.8714],[-121.0457,47.8244],[-121.0852,47.7984],[-121.1417,47.7936],[-121.1774,47.7868],[-121.1923,47.7783],[-121.1989,47.7639],[-121.1971,47.7438],[-121.18,47.7236],[-121.1474,47.7034],[-121.1272,47.6798],[-121.1193,47.6529],[-121.1008,47.6259],[-121.0716,47.599],[-121.0592,47.5821],[-121.0635,47.5754],[-121.0918,47.573],[-121.1439,47.575],[-121.185,47.5867],[-121.215,47.6081],[-121.245,47.614],[-121.275,47.6043],[-121.2916,47.5622],[-121.2947,47.4877],[-121.3076,47.4267],[-121.3303,47.3793],[-121.3693,47.3421],[-121.4246,47.315],[-121.4617,47.2877],[-121.4806,47.2603],[-121.507,47.2365],[-121.5409,47.2164],[-121.5609,47.1965],[-121.567,47.1766],[-121.58,47.1662],[-121.6,47.165],[-121.625,47.1704],[-121.655,47.1823],[-121.715,47.1887],[-121.805,47.1895],[-121.8587,47.2008],[-121.876,47.2226],[-121.881,47.2429],[-121.8737,47.2616],[-121.845,47.2869],[-121.795,47.3189],[-121.7561,47.3638],[-121.7284,47.4215],[-121.7188,47.4673],[-121.7274,47.5011],[-121.7104,47.5349],[-121.6679,47.5686],[-121.6525,47.5924],[-121.6642,47.6063],[-121.692,47.6198],[-121.7359,47.6329],[-121.756,47.6563],[-121.7522,47.6899],[-121.7638,47.7168],[-121.7906,47.737],[-121.7994,47.7639],[-121.79,47.7975],[-121.7596,47.8277],[-121.7081,47.8546],[-121.7159,47.9016],[-121.783,47.9686],[-121.8149,48.045],[-121.8116,48.1309],[-121.835,48.1775],[-121.885,48.185],[-121.9196,48.1955],[-121.9388,48.209],[-121.9488,48.2566],[-121.9496,48.3384],[-121.975,48.3692],[-122.025,48.3491],[-122.0761,48.3582],[-122.1282,48.3962],[-122.1532,48.4271],[-122.1511,48.4509],[-122.125,48.462],[-122.075,48.4605],[-122.0421,48.4652],[-122.0262,48.4761],[-122.0262,48.5019],[-122.0421,48.5426],[-122.085,48.5702],[-122.155,48.5848],[-122.225,48.5917],[-122.295,48.5908],[-122.345,48.6],[-122.375,48.6191],[-122.455,48.6085],[-122.585,48.5681],[-122.675,48.5352],[-122.725,48.5097],[-122.77,48.5017],[-122.81,48.5111],[-122.844,48.5139],[-122.872,48.51],[-122.907,48.4898],[-122.949,48.4532],[-122.9739,48.4134],[-122.9817,48.3704],[-123.0007,48.3289],[-123.0308,48.289],[-123.0451,48.2557],[-123.0436,48.229],[-123.0346,48.2128],[-123.0182,48.2069],[-122.99,48.2078],[-122.95,48.2153],[-122.9165,48.2149],[-122.8896,48.2065],[-122.8673,48.179],[-122.8496,48.1323],[-122.8779,48.0622],[-122.9522,47.9686],[-122.9862,47.9016],[-122.9797,47.8613],[-122.9848,47.8045],[-123.0016,47.731],[-123.0227,47.6805],[-123.0481,47.6531],[-123.0831,47.6315],[-123.1277,47.6157],[-123.165,47.5859],[-123.195,47.5419],[-123.24,47.515],[-123.3,47.505],[-123.35,47.4703],[-123.39,47.4108],[-123.425,47.3811],[-123.455,47.3812],[-123.515,47.3993],[-123.605,47.4353],[-123.685,47.4426],[-123.755,47.421],[-123.8019,47.4202],[-123.8258,47.4403],[-123.8375,47.4572],[-123.8371,47.4707],[-123.8175,47.491],[-123.7788,47.518],[-123.7384,47.5382],[-123.6965,47.5517],[-123.6941,47.5715],[-123.7314,47.5976],[-123.8,47.5867],[-123.9,47.5387],[-123.97,47.5123],[-124.01,47.5074],[-124.0404,47.4947],[-124.0611,47.4742],[-124.0744,47.4369],[-124.0801,47.3827],[-124.0948,47.3482],[-124.1183,47.3333],[-124.135,47.3269],[-124.145,47.329],[-124.195,47.3525],[-124.285,47.3972],[-124.35,47.4205],[-124.39,47.4225],[-124.435,47.4326],[-124.485,47.451],[-124.545,47.4795],[-124.615,47.5182],[-124.6699,47.5563],[-124.7097,47.5937],[-124.7313,47.6192],[-124.7349,47.6327],[-124.7265,47.6529],[-124.7063,47.6798],[-124.711,47.7034],[-124.7409,47.7236],[-124.7493,47.7404]],[[-122.7125,50.3799],[-122.6975,50.4043],[-122.66,50.4341],[-122.6,50.4695],[-122.5577,50.5115],[-122.5331,50.5599],[-122.4857,50.6254],[-122.4155,50.7078],[-122.3629,50.7598],[-122.3276,50.7816],[-122.275,50.7971],[-122.205,50.8063],[-122.1515,50.8018],[-122.1146,50.7834],[-122.0396,50.767],[-121.9265,50.7526],[-121.8571,50.7367],[-121.8312,50.7195],[-121.8125,50.6919],[-121.8008,50.6539],[-121.8006,50.6222],[-121.8118,50.5968],[-121.8526,50.5778],[-121.923,50.565],[-121.9862,50.549],[-122.0421,50.5295],[-122.0964,50.504],[-122.1492,50.4726],[-122.1813,50.441],[-122.1926,50.4092],[-122.23,50.3709],[-122.2936,50.3262],[-122.3299,50.2943],[-122.3388,50.2751],[-122.3414,50.2336],[-122.3375,50.1695],[-122.3564,50.1022],[-122.3981,50.0316],[-122.4317,49.9868],[-122.4572,49.9678],[-122.48,49.9556],[-122.5,49.9503],[-122.52,49.9502],[-122.54,49.9552],[-122.5635,49.9738],[-122.5906,50.0059],[-122.6106,50.0477],[-122.6234,50.099],[-122.6466,50.1407],[-122.6802,50.1727],[-122.7027,50.2336],[-122.7143,50.323],[-122.7125,50.3799]],[[-122.2398,54.211],[-122.2066,54.2436],[-122.155,54.2432],[-122.085,54.2099],[-122.0,54.1796],[-121.9,54.1525],[-121.815,54.1437],[-121.745,54.1532],[-121.686,54.1437],[-121.6381,54.1152],[-121.6181,54.0929],[-121.626,54.0768],[-121.64,54.0698],[-121.66,54.0721],[-121.675,54.0779],[-121.685,54.0872],[-121.7119,54.0794],[-121.7558,54.0547],[-121.7731,54.0364],[-121.7636,54.0247],[-121.743,54.0159],[-121.7112,54.01],[-121.6954,53.9953],[-121.6955,53.9718],[-121.7137,53.9394],[-121.75,53.8982],[-121.7886,53.8826],[-121.8295,53.8925],[-121.8601,53.8955],[-121.8803,53.8914],[-121.8934,53.8805],[-121.8995,53.8628],[-121.8883,53.8333],[-121.8599,53.792],[-121.8617,53.7611],[-121.8939,53.7407],[-121.9276,53.7318],[-121.9629,53.7345],[-121.9808,53.7506],[-121.9812,53.7802],[-121.9886,53.8012],[-122.0029,53.8137],[-122.0525,53.8343],[-122.1376,53.8632],[-122.1754,53.9041],[-122.1658,53.9571],[-122.1665,53.9982],[-122.1773,54.0276],[-122.1957,54.0541],[-122.2218,54.0775],[-122.2286,54.1069],[-122.2161,54.142],[-122.2215,54.1684],[-122.2448,54.1859],[-122.2398,54.211]],[[-122.0078,54.4345],[-121.9826,54.4473],[-121.9481,54.4473],[-121.9042,54.4345],[-121.8714,54.4194],[-121.8497,54.4019],[-121.8483,54.3873],[-121.8673,54.3757],[-121.8901,54.3696],[-121.9167,54.369],[-121.9477,54.3749],[-121.9832,54.3871],[-122.0058,54.4019],[-122.0155,54.4194],[-122.0078,54.4345]],[[-121.5863,54.1778],[-121.5754,54.1907],[-121.5574,54.1966],[-121.5321,54.1953],[-121.5099,54.1859],[-121.4906,54.1684],[-121.4827,54.1508],[-121.4862,54.1332],[-121.5035,54.1249],[-121.5345,54.1257],[-121.5604,54.1374],[-121.5813,54.16],[-121.5863,54.1778]],[[-121.4636,53.964],[-121.4412,53.9719],[-121.4222,53.9719],[-121.4065,53.964],[-121.3975,53.9541],[-121.3954,53.9424],[-121.4082,53.9352],[-121.4361,53.9325],[-121.4562,53.9384],[-121.4686,53.9528],[-121.4636,53.964]],[[-120.678,51.2145],[-120.6327,51.2388],[-120.5947,51.2419],[-120.564,51.2239],[-120.574,51.1992],[-120.6247,51.1681],[-120.6597,51.1555],[-120.679,51.1616],[-120.6917,51.1741],[-120.6977,51.1929],[-120.678,51.2145]],[[-120.5599,50.9825],[-120.5528,50.995],[-120.5294,51.0093],[-120.4898,51.0251],[-120.46,51.0336],[-120.44,51.0348],[-120.4204,51.03],[-120.4011,51.0193],[-120.3926,51.0045],[-120.3951,50.9856],[-120.4097,50.969],[-120.4366,50.9548],[-120.47,50.9478],[-120.51,50.9482],[-120.5384,50.9553],[-120.5551,50.9692],[-120.5599,50.9825]],[[-120.3462,51.1284],[-120.3354,51.1562],[-120.315,51.1745],[-120.285,51.1832],[-120.2574,51.185],[-120.2321,51.1798],[-120.2057,51.1647],[-120.1782,51.1396],[-120.1718,51.1176],[-120.1865,51.0988],[-120.2128,51.085],[-120.2509,51.0762],[-120.285,51.0734],[-120.315,51.0764],[-120.3354,51.087],[-120.3462,51.1053],[-120.3462,51.1284]],[[-120.1069,50.5378],[-120.0956,50.5469],[-120.055,50.5556],[-119.985,50.5639],[-119.9398,50.5562],[-119.9193,50.5324],[-119.9097,50.5078],[-119.9109,50.4824],[-119.9262,50.4619],[-119.9554,50.4464],[-119.995,50.4413],[-120.045,50.4469],[-120.0806,50.4705],[-120.1019,50.5124],[-120.1069,50.5378]],[[-119.5366,51.0021],[-119.5189,51.0035],[-119.51,51.0008],[-119.51,50.9941],[-119.5189,50.9933],[-119.5366,50.9987],[-119.5366,51.0021]],[[-120.098,50.0958],[-120.0929,50.1151],[-120.0587,50.1471],[-119.9954,50.192],[-119.9512,50.2336],[-119.9261,50.2719],[-119.8827,50.2989],[-119.8209,50.3145],[-119.7663,50.3465],[-119.7188,50.3946],[-119.6838,50.4242],[-119.6613,50.4353],[-119.615,50.4423],[-119.545,50.4451],[-119.5037,50.4619],[-119.4912,50.4925],[-119.4762,50.5138],[-119.4587,50.5256],[-119.4314,50.5288],[-119.3942,50.5233],[-119.3707,50.5142],[-119.3608,50.5015],[-119.3588,50.4728],[-119.3647,50.4283],[-119.3942,50.3964],[-119.4474,50.3773],[-119.4911,50.3294],[-119.5255,50.2527],[-119.543,50.1984],[-119.5437,50.1663],[-119.5555,50.1381],[-119.5785,50.1136],[-119.61,50.0954],[-119.65,50.0834],[-119.69,50.0607],[-119.73,50.0273],[-119.795,49.9915],[-119.885,49.9533],[-119.9693,49.9497],[-120.0478,49.9808],[-120.0905,50.0188],[-120.0972,50.0637],[-120.098,50.0958]],[[-119.2228,50.6645],[-119.2143,50.673],[-119.2,50.6777],[-119.18,50.6786],[-119.175,50.6727],[-119.185,50.6598],[-119.1993,50.6551],[-119.2178,50.6585],[-119.2228,50.6645]],[[-118.4694,50.5682],[-118.4079,50.5873],[-118.3983,50.5841],[-118.4407,50.5587],[-118.4689,50.5452],[-118.483,50.5436],[-118.4925,50.5468],[-118.4976,50.5547],[-118.4694,50.5682]],[[-118.2053,50.2142],[-118.1951,50.2396],[-118.1729,50.246],[-118.1386,50.2334],[-118.1213,50.2176],[-118.121,50.1984],[-118.1282,50.1845],[-118.1427,50.1761],[-118.1612,50.1729],[-118.1836,50.1749],[-118.1987,50.1824],[-118.2065,50.1952],[-118.2053,50.2142]],[[-118.1094,49.8866],[-118.0965,49.8991],[-118.0734,49.9023],[-118.0403,49.8963],[-118.0391,49.874],[-118.0698,49.8353],[-118.0864,49.8062],[-118.0888,49.7867],[-118.0965,49.8029],[-118.1094,49.8546],[-118.1094,49.8866]],[[-118.0414,50.0138],[-118.0205,50.023],[-118.0014,50.023],[-117.9841,50.0138],[-117.964,49.9866],[-117.941,49.9416],[-117.9408,49.9191],[-117.9634,49.9191],[-117.994,49.9416],[-118.0326,49.9866],[-118.0414,50.0138]],[[-117.885,49.9094],[-117.8496,49.9158],[-117.8364,49.9076],[-117.8455,49.8845],[-117.86,49.8739],[-117.88,49.8757],[-117.8932,49.884],[-117.8996,49.8988],[-117.885,49.9094]],[[-117.805,49.8495],[-117.7683,49.8908],[-117.74,49.9147],[-117.72,49.9213],[-117.7,49.922],[-117.68,49.9167],[-117.6657,49.896],[-117.6571,49.8598],[-117.6584,49.8321],[-117.6695,49.8127],[-117.6988,49.8012],[-117.7463,49.7977],[-117.7833,49.8041],[-117.81,49.8206],[-117.805,49.8495]],[[-117.4519,49.1876],[-117.4373,49.204],[-117.415,49.2157],[-117.385,49.2229],[-117.345,49.2209],[-117.295,49.2098],[-117.258,49.1948],[-117.2341,49.1758],[-117.2441,49.1439],[-117.288,49.0991],[-117.33,49.0718],[-117.37,49.0619],[-117.4073,49.0876],[-117.4419,49.1488],[-117.4519,49.1876]],[[-116.8289,48.2335],[-116.8163,48.2425],[-116.7995,48.2359],[-116.7785,48.2135],[-116.7785,48.2002],[-116.7995,48.1958],[-116.8163,48.2025],[-116.8289,48.2202],[-116.8289,48.2335]],[[-116.6524,47.8448],[-116.6508,47.852],[-116.64,47.8558],[-116.62,47.8561],[-116.6054,47.8491],[-116.5963,47.8349],[-116.5963,47.8254],[-116.6054,47.8206],[-116.6208,47.824],[-116.6424,47.8354],[-116.6524,47.8448]],[[-118.3666,45.1923],[-118.3555,45.2063],[-118.34,45.2141],[-118.32,45.2156],[-118.3035,45.2015],[-118.2905,45.1719],[-118.3005,45.1559],[-118.3335,45.1535],[-118.3555,45.1605],[-118.3666,45.1771],[-118.3666,45.1923]],[[-118.4565,49.6996],[-118.4426,49.6996],[-118.4392,49.6942],[-118.4464,49.6833],[-118.4534,49.6833],[-118.4601,49.6942],[-118.4565,49.6996]],[[-123.792,49.6543],[-123.7863,49.6673],[-123.7701,49.6777],[-123.7434,49.6857],[-123.7164,49.6792],[-123.6891,49.6583],[-123.6791,49.6416],[-123.6864,49.629],[-123.7,49.6199],[-123.72,49.6142],[-123.74,49.613],[-123.76,49.6163],[-123.7762,49.6254],[-123.7886,49.6404],[-123.792,49.6543]],[[-123.2081,49.1173],[-123.1954,49.15],[-123.1549,49.1859],[-123.0867,49.2251],[-123.0519,49.255],[-123.0506,49.2755],[-123.04,49.2896],[-123.02,49.2972],[-123.0,49.2984],[-122.98,49.2931],[-122.962,49.2791],[-122.9459,49.2562],[-122.9516,49.2251],[-122.9789,49.1859],[-123.0333,49.15],[-123.1149,49.1173],[-123.1629,49.0943],[-123.1773,49.0812],[-123.1859,49.0632],[-123.1886,49.0404],[-123.1961,49.0469],[-123.2083,49.0829],[-123.2081,49.1173]],[[-124.8061,47.0465],[-124.7607,47.0805],[-124.7407,47.1078],[-124.7462,47.1282],[-124.7642,47.1518],[-124.7947,47.1788],[-124.8137,47.206],[-124.8211,47.2334],[-124.8061,47.2576],[-124.7687,47.2786],[-124.73,47.3089],[-124.69,47.3485],[-124.6635,47.355],[-124.6505,47.3283],[-124.6258,47.298],[-124.5894,47.2641],[-124.5592,47.2064],[-124.5349,47.1248],[-124.5046,47.0811],[-124.4682,47.0754],[-124.415,47.0876],[-124.345,47.1178],[-124.2829,47.1104],[-124.2286,47.0655],[-124.1925,47.0158],[-124.1746,46.9612],[-124.1768,46.928],[-124.1989,46.9161],[-124.255,46.9202],[-124.345,46.9402],[-124.445,46.9945],[-124.555,47.0829],[-124.6193,47.1265],[-124.6378,47.1254],[-124.6496,47.1146],[-124.6548,47.0941],[-124.6476,47.0601],[-124.628,47.0124],[-124.6012,46.9791],[-124.5671,46.9603],[-124.515,46.946],[-124.445,46.9364],[-124.38,46.9162],[-124.32,46.8856],[-124.255,46.8443],[-124.185,46.7922],[-124.11,46.7571],[-124.03,46.7389],[-123.975,46.7179],[-123.945,46.6939],[-123.92,46.6805],[-123.9,46.6774],[-123.82,46.6872],[-123.68,46.7097],[-123.5821,46.7332],[-123.5263,46.7576],[-123.4996,46.7869],[-123.502,46.8211],[-123.4971,46.8451],[-123.485,46.8587],[-123.4617,46.8696],[-123.4272,46.8776],[-123.375,46.8786],[-123.305,46.8726],[-123.2505,46.8925],[-123.2115,46.9383],[-123.1765,46.9699],[-123.1455,46.9873],[-123.095,46.9802],[-123.025,46.9488],[-122.96,46.9323],[-122.9,46.9307],[-122.855,46.9169],[-122.825,46.8911],[-122.765,46.8796],[-122.675,46.8825],[-122.5972,46.8657],[-122.5316,46.8291],[-122.4766,46.8066],[-122.4322,46.798],[-122.385,46.8077],[-122.335,46.8356],[-122.3047,46.8638],[-122.2942,46.8923],[-122.3161,46.9237],[-122.3706,46.9578],[-122.3909,46.9844],[-122.377,47.0034],[-122.33,47.0157],[-122.25,47.0213],[-122.195,47.0318],[-122.165,47.0474],[-122.12,47.0519],[-122.06,47.0454],[-122.005,47.0434],[-121.955,47.0459],[-121.915,47.0535],[-121.885,47.0663],[-121.825,47.0702],[-121.735,47.0653],[-121.6886,47.0544],[-121.6859,47.0378],[-121.6952,47.009],[-121.7166,46.968],[-121.723,46.9449],[-121.7143,46.9396],[-121.685,46.9392],[-121.635,46.9439],[-121.5634,46.909],[-121.4701,46.8345],[-121.4238,46.7698],[-121.4245,46.7149],[-121.4436,46.6703],[-121.4812,46.636],[-121.4997,46.612],[-121.499,46.5982],[-121.4615,46.5922],[-121.3872,46.5938],[-121.335,46.5909],[-121.305,46.5834],[-121.2723,46.5585],[-121.2369,46.5162],[-121.2156,46.4813],[-121.2083,46.4537],[-121.226,46.419],[-121.2687,46.377],[-121.315,46.3483],[-121.365,46.3329],[-121.4048,46.3125],[-121.4344,46.287],[-121.4494,46.2627],[-121.4498,46.2394],[-121.4352,46.2082],[-121.4056,46.1692],[-121.3941,46.1393],[-121.4006,46.1186],[-121.4459,46.0943],[-121.5298,46.0665],[-121.588,46.0318],[-121.6205,45.9902],[-121.6205,45.938],[-121.588,45.8754],[-121.5795,45.8266],[-121.5952,45.7918],[-121.5968,45.7255],[-121.5842,45.6277],[-121.5856,45.5612],[-121.6011,45.5262],[-121.6053,45.4911],[-121.5981,45.4561],[-121.5998,45.421],[-121.6103,45.3859],[-121.5964,45.3507],[-121.558,45.3156],[-121.5346,45.2804],[-121.5261,45.2452],[-121.5314,45.2206],[-121.5506,45.2065],[-121.6144,45.1853],[-121.7229,45.1571],[-121.7953,45.1276],[-121.8318,45.0968],[-121.8717,45.0721],[-121.9152,45.0535],[-121.938,45.0406],[-121.9402,45.0336],[-121.9261,45.0194],[-121.8956,44.9982],[-121.8818,44.9805],[-121.8845,44.9664],[-121.8969,44.9406],[-121.919,44.903],[-121.965,44.8509],[-122.035,44.7841],[-122.115,44.7469],[-122.205,44.7394],[-122.28,44.7501],[-122.34,44.7791],[-122.4124,44.8031],[-122.4971,44.8222],[-122.5321,44.8586],[-122.5174,44.9122],[-122.4786,44.9476],[-122.4157,44.9649],[-122.3853,45.0018],[-122.3873,45.0583],[-122.4105,45.0971],[-122.4551,45.1183],[-122.4722,45.136],[-122.462,45.1501],[-122.4701,45.1603],[-122.4967,45.1668],[-122.5146,45.1668],[-122.5238,45.1603],[-122.5205,45.1501],[-122.5046,45.136],[-122.4985,45.1218],[-122.5021,45.1077],[-122.5454,45.0806],[-122.6285,45.0403],[-122.675,45.0218],[-122.685,45.0251],[-122.7035,45.0381],[-122.7305,45.061],[-122.7423,45.0866],[-122.7388,45.1148],[-122.7472,45.1536],[-122.7675,45.2029],[-122.7557,45.2479],[-122.7119,45.2885],[-122.67,45.318],[-122.63,45.3364],[-122.59,45.3486],[-122.55,45.3545],[-122.52,45.3449],[-122.5,45.3198],[-122.4566,45.2978],[-122.3899,45.2792],[-122.3449,45.254],[-122.3216,45.2222],[-122.265,45.2003],[-122.175,45.1883],[-122.1292,45.2042],[-122.1277,45.248],[-122.1187,45.2839],[-122.1023,45.3121],[-122.0831,45.3321],[-122.061,45.3441],[-122.025,45.3517],[-121.975,45.3549],[-121.9451,45.363],[-121.9352,45.3759],[-121.9829,45.4104],[-122.088,45.4666],[-122.1429,45.5191],[-122.1476,45.5681],[-122.18,45.6081],[-122.24,45.6391],[-122.2874,45.6811],[-122.3223,45.734],[-122.3573,45.7736],[-122.3924,45.8],[-122.44,45.8145],[-122.5,45.8172],[-122.555,45.8259],[-122.605,45.8407],[-122.645,45.8412],[-122.675,45.8274],[-122.705,45.8218],[-122.735,45.8245],[-122.7259,45.8374],[-122.6778,45.8604],[-122.6468,45.8858],[-122.6328,45.9137],[-122.6525,45.938],[-122.7056,45.9589],[-122.7504,45.9971],[-122.7867,46.0527],[-122.8211,46.0838],[-122.8537,46.0905],[-122.905,46.092],[-122.975,46.0883],[-123.0224,46.0815],[-123.0471,46.0715],[-123.0589,46.0596],[-123.058,46.0457],[-123.0456,46.0295],[-123.0219,46.0109],[-122.995,45.9975],[-122.965,45.9893],[-122.935,45.9877],[-122.905,45.9927],[-122.8872,45.9853],[-122.8816,45.9654],[-122.8903,45.9485],[-122.9131,45.9345],[-122.9327,45.9032],[-122.949,45.8545],[-123.0153,45.8042],[-123.1318,45.7524],[-123.202,45.7035],[-123.2259,45.6576],[-123.2333,45.6242],[-123.2243,45.6032],[-123.2262,45.5787],[-123.2392,45.5507],[-123.2245,45.5016],[-123.1822,45.4315],[-123.1808,45.3823],[-123.2204,45.3542],[-123.2387,45.3261],[-123.2356,45.298],[-123.2125,45.2593],[-123.1694,45.21],[-123.1984,45.1684],[-123.2995,45.1344],[-123.3953,45.1133],[-123.486,45.1049],[-123.5353,45.0971],[-123.5434,45.0901],[-123.543,45.083],[-123.5342,45.076],[-123.4798,45.0638],[-123.3799,45.0466],[-123.3214,45.0325],[-123.3042,45.0214],[-123.3042,45.0111],[-123.3214,45.0014],[-123.3762,44.9908],[-123.4686,44.9792],[-123.4873,44.931],[-123.4323,44.846],[-123.4081,44.7963],[-123.4148,44.7821],[-123.4511,44.7629],[-123.517,44.7387],[-123.585,44.7327],[-123.655,44.7451],[-123.7529,44.8105],[-123.8786,44.9286],[-123.9307,45.023],[-123.9091,45.0936],[-123.9036,45.143],[-123.914,45.1712],[-123.933,45.1994],[-123.9605,45.2276],[-123.9717,45.2487],[-123.9667,45.2628],[-123.9237,45.298],[-123.8428,45.3542],[-123.7852,45.4104],[-123.751,45.4666],[-123.7603,45.5051],[-123.8133,45.5262],[-123.8475,45.5507],[-123.863,45.5787],[-123.8885,45.6067],[-123.924,45.6347],[-123.9925,45.6661],[-124.094,45.701],[-124.1685,45.736],[-124.216,45.7708],[-124.244,45.7953],[-124.2524,45.8092],[-124.2498,45.8266],[-124.236,45.8475],[-124.2299,45.8824],[-124.2315,45.9311],[-124.2636,45.9832],[-124.326,46.0388],[-124.3304,46.0744],[-124.2768,46.0902],[-124.2335,46.1144],[-124.2005,46.1472],[-124.1788,46.174],[-124.1684,46.1948],[-124.1659,46.2224],[-124.1712,46.257],[-124.1676,46.2812],[-124.155,46.295],[-124.119,46.3138],[-124.0597,46.3376],[-123.9994,46.3687],[-123.9383,46.407],[-123.9064,46.4434],[-123.9038,46.4779],[-123.8914,46.5123],[-123.8692,46.5467],[-123.8761,46.583],[-123.912,46.6213],[-123.97,46.6373],[-124.05,46.631],[-124.15,46.6424],[-124.27,46.6715],[-124.3357,46.683],[-124.3472,46.6768],[-124.3488,46.66],[-124.3406,46.6326],[-124.3449,46.6147],[-124.3616,46.6064],[-124.425,46.6197],[-124.535,46.6548],[-124.62,46.6914],[-124.68,46.7297],[-124.7344,46.778],[-124.7831,46.8364],[-124.8083,46.8724],[-124.8098,46.8861],[-124.801,46.9032],[-124.782,46.9237],[-124.7865,46.9578],[-124.8147,47.0056],[-124.8061,47.0465]],[[-124.4919,47.3549],[-124.4773,47.3535],[-124.4669,47.3433],[-124.4607,47.3244],[-124.468,47.3251],[-124.4888,47.3455],[-124.4919,47.3549]],[[-123.9809,47.3827],[-123.9615,47.4098],[-123.9414,47.4248],[-123.9205,47.4276],[-123.92,47.4118],[-123.94,47.3773],[-123.955,47.3571],[-123.965,47.3511],[-123.9752,47.3534],[-123.9855,47.3639],[-123.9809,47.3827]],[[-123.2294,47.2912],[-123.199,47.3251],[-123.1354,47.3529],[-123.0385,47.3745],[-122.975,47.3765],[-122.945,47.3588],[-122.9223,47.3378],[-122.907,47.3135],[-122.9139,47.2641],[-122.9431,47.1894],[-122.9757,47.1417],[-123.0119,47.121],[-123.05,47.1139],[-123.09,47.1202],[-123.1315,47.1373],[-123.1745,47.1652],[-123.2082,47.203],[-123.2324,47.2505],[-123.2294,47.2912]],[[-122.8414,47.8655],[-122.8205,47.8872],[-122.795,47.8976],[-122.765,47.8969],[-122.72,47.9091],[-122.66,47.9343],[-122.6062,47.9506],[-122.5586,47.9581],[-122.5018,47.9819],[-122.4358,48.0221],[-122.408,48.0555],[-122.4183,48.0823],[-122.4179,48.109],[-122.4071,48.1357],[-122.4066,48.1824],[-122.4165,48.249],[-122.4035,48.2991],[-122.3678,48.3327],[-122.34,48.3481],[-122.32,48.3453],[-122.2934,48.3219],[-122.2602,48.2778],[-122.2602,48.229],[-122.2935,48.1757],[-122.3066,48.1323],[-122.2997,48.099],[-122.3028,48.0722],[-122.3159,48.0522],[-122.2794,48.0317],[-122.1931,48.0107],[-122.14,48.004],[-122.12,48.0116],[-122.09,48.0135],[-122.05,48.0099],[-122.0177,47.9932],[-121.9932,47.9634],[-121.9969,47.9016],[-122.0287,47.8076],[-122.0768,47.7269],[-122.1413,47.6596],[-122.1977,47.618],[-122.2459,47.602],[-122.335,47.6034],[-122.465,47.6221],[-122.57,47.6523],[-122.65,47.6941],[-122.705,47.7441],[-122.735,47.8024],[-122.77,47.83],[-122.81,47.8269],[-122.8355,47.8327],[-122.8464,47.8473],[-122.8414,47.8655]],[[-122.179,48.0768],[-122.173,48.0925],[-122.15,48.1157],[-122.11,48.1466],[-122.0777,48.1421],[-122.0531,48.1022],[-122.0435,48.0722],[-122.0489,48.0522],[-122.0712,48.0358],[-122.1104,48.023],[-122.143,48.0297],[-122.169,48.0558],[-122.179,48.0768]],[[-121.9757,47.4856],[-121.9586,47.5018],[-121.92,47.5052],[-121.86,47.4958],[-121.8194,47.4843],[-121.7982,47.4707],[-121.7866,47.4572],[-121.7844,47.4436],[-121.795,47.4327],[-121.8183,47.4244],[-121.855,47.4203],[-121.905,47.4206],[-121.9436,47.4349],[-121.9707,47.4632],[-121.9757,47.4856]],[[-122.2123,49.9513],[-122.1819,49.9898],[-122.1675,50.0278],[-122.1692,50.0651],[-122.125,50.094],[-122.035,50.1145],[-122.0,50.1036],[-122.02,50.0614],[-122.0421,50.0293],[-122.0663,50.0073],[-122.0779,49.9834],[-122.077,49.9577],[-122.0832,49.9352],[-122.0965,49.9158],[-122.1249,49.8974],[-122.1683,49.8797],[-122.1994,49.8862],[-122.2181,49.9167],[-122.2123,49.9513]],[[-122.1075,53.6968],[-122.0958,53.7135],[-122.0766,53.7165],[-122.0497,53.7057],[-122.0447,53.6943],[-122.0616,53.6822],[-122.0808,53.6792],[-122.1025,53.6854],[-122.1075,53.6968]],[[-121.9877,52.7514],[-121.9854,52.7938],[-121.9661,52.8391],[-121.9297,52.8874],[-121.9046,52.9326],[-121.8905,52.9748],[-121.891,53.0169],[-121.9059,53.059],[-121.9076,53.0848],[-121.8959,53.0942],[-121.875,53.1002],[-121.845,53.1029],[-121.8177,53.0892],[-121.793,53.0591],[-121.7554,53.029],[-121.7049,52.9989],[-121.669,52.9537],[-121.6478,52.8934],[-121.6215,52.8482],[-121.5901,52.8179],[-121.5403,52.7847],[-121.4723,52.7484],[-121.3743,52.6757],[-121.2462,52.5664],[-121.1784,52.4964],[-121.1708,52.466],[-121.1888,52.4386],[-121.2323,52.4142],[-121.253,52.3834],[-121.251,52.3464],[-121.26,52.3252],[-121.28,52.3197],[-121.3306,52.323],[-121.4119,52.3349],[-121.4569,52.3218],[-121.4656,52.2837],[-121.48,52.2634],[-121.5,52.2611],[-121.525,52.2645],[-121.555,52.2738],[-121.572,52.2757],[-121.5761,52.2702],[-121.5529,52.2185],[-121.5025,52.1204],[-121.4652,52.0589],[-121.4408,52.0343],[-121.434,52.0132],[-121.4447,51.9955],[-121.46,51.9887],[-121.48,51.9928],[-121.5444,52.0324],[-121.6532,52.1074],[-121.7656,52.2032],[-121.8817,52.3195],[-121.9517,52.4081],[-121.9756,52.469],[-121.9879,52.5573],[-121.9885,52.6726],[-121.9877,52.7514]],[[-120.9175,50.3326],[-120.8973,50.3645],[-120.8394,50.406],[-120.7437,50.4569],[-120.6922,50.5015],[-120.6847,50.5396],[-120.6632,50.5651],[-120.6277,50.578],[-120.6043,50.5685],[-120.5928,50.5365],[-120.5994,50.511],[-120.6241,50.4919],[-120.6429,50.4697],[-120.6558,50.4442],[-120.6659,50.406],[-120.6734,50.3549],[-120.7254,50.3169],[-120.8218,50.2919],[-120.88,50.2806],[-120.9,50.2831],[-120.9144,50.2924],[-120.9232,50.3086],[-120.9175,50.3326]],[[-121.3743,49.3235],[-121.3581,49.3506],[-121.2893,49.3962],[-121.168,49.4602],[-121.0983,49.5247],[-121.0804,49.5895],[-121.0774,49.6349],[-121.0892,49.6608],[-121.0789,49.6914],[-121.0463,49.7267],[-121.01,49.7485],[-120.97,49.7567],[-120.94,49.746],[-120.92,49.7162],[-120.87,49.7238],[-120.79,49.7687],[-120.7437,49.7909],[-120.7312,49.7904],[-120.7212,49.7825],[-120.7137,49.7673],[-120.685,49.7661],[-120.635,49.779],[-120.6055,49.7963],[-120.5966,49.818],[-120.5961,49.8385],[-120.604,49.8579],[-120.6284,49.8678],[-120.6695,49.8685],[-120.7032,49.8749],[-120.7296,49.8872],[-120.741,49.9126],[-120.7373,49.9513],[-120.7154,49.9866],[-120.6754,50.0188],[-120.629,50.0459],[-120.5763,50.0681],[-120.52,50.0681],[-120.46,50.046],[-120.405,50.0382],[-120.355,50.0445],[-120.325,50.0347],[-120.315,50.0087],[-120.3299,49.9797],[-120.3698,49.9479],[-120.382,49.8804],[-120.3666,49.7772],[-120.3867,49.6904],[-120.4422,49.6202],[-120.485,49.5767],[-120.515,49.5599],[-120.55,49.5474],[-120.59,49.539],[-120.6273,49.4982],[-120.6618,49.4249],[-120.6885,49.3328],[-120.7074,49.2219],[-120.708,49.1271],[-120.6902,49.0485],[-120.7035,48.989],[-120.7478,48.9487],[-120.795,48.922],[-120.845,48.9092],[-120.8677,48.8767],[-120.8631,48.8248],[-120.8681,48.7921],[-120.8827,48.7788],[-120.905,48.7678],[-120.935,48.7592],[-120.96,48.7397],[-120.98,48.7091],[-121.02,48.6871],[-121.08,48.6738],[-121.135,48.6687],[-121.185,48.6718],[-121.2231,48.6816],[-121.2494,48.6982],[-121.2531,48.723],[-121.2344,48.7559],[-121.2477,48.7988],[-121.293,48.8514],[-121.307,48.9008],[-121.2896,48.9468],[-121.2974,48.9763],[-121.3301,48.9894],[-121.3513,49.0026],[-121.3608,49.0157],[-121.3383,49.0419],[-121.2838,49.0812],[-121.2511,49.1107],[-121.2403,49.1303],[-121.2685,49.1565],[-121.3358,49.1892],[-121.3596,49.2219],[-121.3397,49.2545],[-121.343,49.2806],[-121.3692,49.3002],[-121.3743,49.3235]],[[-120.4115,50.1029],[-120.3972,50.1108],[-120.3837,50.1108],[-120.3712,50.1029],[-120.3712,50.0955],[-120.3837,50.0886],[-120.3972,50.0886],[-120.4115,50.0955],[-120.4115,50.1029]],[[-120.2891,50.1445],[-120.2764,50.1585],[-120.2608,50.1649],[-120.2425,50.1637],[-120.2347,50.1567],[-120.2373,50.1439],[-120.2528,50.1375],[-120.2812,50.1375],[-120.2891,50.1445]],[[-120.1985,50.0568],[-120.1795,50.0751],[-120.1701,50.0751],[-120.1704,50.0568],[-120.1754,50.0432],[-120.1851,50.0343],[-120.1945,50.0343],[-120.2035,50.0432],[-120.1985,50.0568]],[[-120.0939,48.5379],[-120.0546,48.571],[-120.0245,48.5875],[-120.0037,48.5875],[-119.9974,48.5609],[-120.0058,48.5077],[-120.0359,48.4911],[-120.0877,48.5113],[-120.0939,48.5379]],[[-118.4381,50.4548],[-118.4194,50.476],[-118.4,50.4851],[-118.38,50.482],[-118.3649,50.4746],[-118.3548,50.4628],[-118.3505,50.4506],[-118.352,50.4378],[-118.3621,50.4255],[-118.3807,50.4134],[-118.3999,50.4103],[-118.4197,50.4159],[-118.4341,50.4251],[-118.443,50.4378],[-118.4381,50.4548]],[[-117.9971,49.8358],[-117.979,49.8497],[-117.9609,49.8497],[-117.9428,49.8358],[-117.9428,49.8213],[-117.9609,49.8061],[-117.979,49.8061],[-117.9971,49.8213],[-117.9971,49.8358]],[[-118.3254,48.159],[-118.3155,48.179],[-118.2705,48.2086],[-118.1902,48.2476],[-118.1377,48.2809],[-118.1131,48.3085],[-118.1014,48.3721],[-118.1025,48.4716],[-118.0961,48.5379],[-118.0821,48.571],[-118.0858,48.6008],[-118.107,48.6272],[-118.1222,48.6602],[-118.1312,48.6999],[-118.1248,48.7394],[-118.1031,48.779],[-118.0767,48.8115],[-118.0456,48.8368],[-118.01,48.8488],[-117.97,48.8474],[-117.91,48.8282],[-117.83,48.791],[-117.7762,48.779],[-117.7486,48.7922],[-117.7337,48.8087],[-117.7314,48.8284],[-117.7152,48.8477],[-117.6851,48.8666],[-117.6641,48.8666],[-117.6524,48.8477],[-117.6498,48.8251],[-117.6564,48.7988],[-117.6222,48.7463],[-117.5474,48.6675],[-117.485,48.6322],[-117.435,48.6405],[-117.3832,48.6436],[-117.3296,48.6415],[-117.2884,48.6602],[-117.2597,48.6999],[-117.2165,48.735],[-117.1588,48.7656],[-117.115,48.7797],[-117.085,48.7775],[-117.0569,48.7688],[-117.0308,48.7536],[-117.0172,48.7131],[-117.0161,48.647],[-117.0043,48.5908],[-116.9817,48.5445],[-116.9765,48.4948],[-116.9887,48.4418],[-117.005,48.402],[-117.0253,48.3754],[-117.0304,48.3422],[-117.0203,48.3023],[-117.049,48.2836],[-117.1163,48.2862],[-117.175,48.2951],[-117.225,48.3102],[-117.2808,48.3055],[-117.3424,48.2812],[-117.3658,48.249],[-117.3509,48.209],[-117.3501,48.1832],[-117.3634,48.1714],[-117.3872,48.1614],[-117.4217,48.1532],[-117.4281,48.1357],[-117.4063,48.109],[-117.4289,48.0656],[-117.4958,48.0054],[-117.5286,47.9585],[-117.5273,47.925],[-117.532,47.9016],[-117.5428,47.8881],[-117.5889,47.8781],[-117.6703,47.8714],[-117.7112,47.8613],[-117.7116,47.8479],[-117.7014,47.841],[-117.6805,47.8406],[-117.6643,47.8305],[-117.6528,47.8108],[-117.6514,47.7841],[-117.6602,47.7505],[-117.6785,47.7202],[-117.7064,47.6933],[-117.7208,47.6563],[-117.7216,47.6091],[-117.744,47.5752],[-117.788,47.5548],[-117.8144,47.5244],[-117.8232,47.4841],[-117.8482,47.4515],[-117.8894,47.4267],[-117.915,47.4132],[-117.925,47.4112],[-117.935,47.4163],[-117.945,47.4285],[-117.9454,47.4622],[-117.9363,47.5174],[-117.9428,47.5585],[-117.965,47.5855],[-117.9742,47.6091],[-117.9704,47.6293],[-117.9876,47.6495],[-118.0257,47.6697],[-118.0063,47.7068],[-117.9292,47.7606],[-117.8879,47.8042],[-117.8822,47.8378],[-117.917,47.8685],[-117.9923,47.8963],[-118.04,47.9251],[-118.06,47.9549],[-118.1,47.9875],[-118.16,48.0228],[-118.195,48.0574],[-118.205,48.0914],[-118.235,48.1109],[-118.285,48.116],[-118.3151,48.1261],[-118.3252,48.1414],[-118.3254,48.159]],[[-124.8144,49.3619],[-124.7715,49.4136],[-124.735,49.4452],[-124.705,49.4568],[-124.675,49.462],[-124.645,49.461],[-124.61,49.446],[-124.57,49.4169],[-124.515,49.3946],[-124.445,49.3788],[-124.3868,49.359],[-124.3403,49.335],[-124.2464,49.323],[-124.105,49.323],[-124.0212,49.3067],[-123.9949,49.2741],[-123.9793,49.2382],[-123.9743,49.199],[-123.9513,49.1722],[-123.9104,49.1578],[-123.885,49.152],[-123.875,49.1548],[-123.8669,49.1686],[-123.8608,49.1932],[-123.884,49.2284],[-123.9366,49.2741],[-123.9604,49.3328],[-123.9556,49.4044],[-123.9324,49.452],[-123.8908,49.4755],[-123.82,49.4936],[-123.72,49.5062],[-123.6472,49.5009],[-123.6017,49.4778],[-123.5853,49.437],[-123.5978,49.3784],[-123.5699,49.3132],[-123.5016,49.2415],[-123.4644,49.1925],[-123.4583,49.1663],[-123.504,49.1112],[-123.6013,49.0271],[-123.66,48.9828],[-123.68,48.9783],[-123.705,48.9805],[-123.735,48.9895],[-123.755,48.9914],[-123.765,48.9861],[-123.77,48.9751],[-123.77,48.9584],[-123.755,48.9462],[-123.725,48.9385],[-123.6998,48.9204],[-123.6795,48.892],[-123.673,48.8679],[-123.6804,48.8482],[-123.7006,48.8336],[-123.7335,48.8243],[-123.7655,48.8276],[-123.7964,48.8435],[-123.8164,48.8657],[-123.8255,48.8942],[-123.86,48.9134],[-123.92,48.9232],[-123.9801,48.9451],[-124.0403,48.9791],[-124.0771,49.0059],[-124.0906,49.0255],[-124.0959,49.055],[-124.093,49.0943],[-124.1262,49.1153],[-124.1954,49.1179],[-124.26,49.1123],[-124.32,49.0983],[-124.3595,49.1035],[-124.3785,49.1279],[-124.4085,49.141],[-124.4495,49.1426],[-124.5,49.1653],[-124.56,49.2091],[-124.62,49.2447],[-124.68,49.2723],[-124.735,49.2917],[-124.785,49.3029],[-124.8165,49.3154],[-124.8294,49.3292],[-124.8144,49.3619]],[[-123.2712,48.9008],[-123.2608,48.9205],[-123.2393,48.9414],[-123.2064,48.9634],[-123.18,48.9733],[-123.16,48.971],[-123.1518,48.9632],[-123.1553,48.9501],[-123.1753,48.9302],[-123.2118,48.9036],[-123.24,48.8879],[-123.26,48.883],[-123.2716,48.8832],[-123.2747,48.8883],[-123.2712,48.9008]],[[-123.0202,45.6564],[-122.9867,45.6719],[-122.97,45.7009],[-122.97,45.7433],[-122.965,45.7694],[-122.955,45.7793],[-122.945,45.7827],[-122.935,45.7799],[-122.919,45.7705],[-122.8969,45.7544],[-122.8816,45.7325],[-122.873,45.7045],[-122.8765,45.6731],[-122.8923,45.6381],[-122.9076,45.6203],[-122.9225,45.6194],[-122.94,45.6259],[-122.96,45.6395],[-122.98,45.6433],[-123.0,45.637],[-123.0167,45.6376],[-123.0302,45.6449],[-123.0202,45.6564]],[[-123.0241,45.5192],[-123.0128,45.5402],[-122.9629,45.5518],[-122.8743,45.554],[-122.785,45.5766],[-122.695,45.6198],[-122.63,45.6383],[-122.59,45.6322],[-122.5564,45.6165],[-122.5292,45.5913],[-122.5295,45.5437],[-122.5572,45.4736],[-122.5858,45.4317],[-122.6153,45.4181],[-122.68,45.4008],[-122.78,45.3799],[-122.85,45.3714],[-122.89,45.3753],[-122.9266,45.3855],[-122.9599,45.4021],[-122.9899,45.435],[-123.0165,45.4841],[-123.0241,45.5192]],[[-122.3277,44.5966],[-122.3026,44.6094],[-122.2765,44.6129],[-122.2494,44.6072],[-122.2444,44.5971],[-122.2615,44.5826],[-122.2876,44.579],[-122.3227,44.5864],[-122.3277,44.5966]],[[-122.4258,47.3884],[-122.4019,47.3997],[-122.3834,47.3997],[-122.3703,47.3884],[-122.3753,47.3752],[-122.3984,47.3601],[-122.4169,47.3601],[-122.4308,47.3752],[-122.4258,47.3884]],[[-122.1432,53.1431],[-122.1303,53.1731],[-122.1153,53.1935],[-122.0984,53.2045],[-122.075,53.212],[-122.045,53.216],[-122.0205,53.2136],[-122.0016,53.2046],[-121.988,53.1881],[-121.9798,53.1641],[-121.9893,53.1343],[-122.0164,53.0987],[-122.0539,53.0837],[-122.1016,53.0893],[-122.1315,53.1011],[-122.1436,53.1191],[-122.1432,53.1431]],[[-121.7203,51.1804],[-121.7134,51.1867],[-121.695,51.187],[-121.665,51.1812],[-121.6443,51.1718],[-121.6329,51.1587],[-121.6401,51.1521],[-121.6659,51.1521],[-121.69,51.1584],[-121.7124,51.171],[-121.7203,51.1804]],[[-121.8695,49.9898],[-121.8387,50.0798],[-121.7876,50.1631],[-121.716,50.24],[-121.6027,50.308],[-121.4476,50.3674],[-121.34,50.3942],[-121.28,50.3886],[-121.23,50.3773],[-121.19,50.3605],[-121.1433,50.3177],[-121.0899,50.2488],[-121.0696,50.192],[-121.0824,50.1471],[-121.0547,50.1183],[-120.9864,50.1054],[-120.9574,50.0862],[-120.9678,50.0605],[-120.9937,50.0284],[-121.0353,49.9898],[-121.0497,49.9609],[-121.0368,49.9416],[-121.0328,49.9223],[-121.0376,49.903],[-121.0575,49.8771],[-121.0925,49.8448],[-121.145,49.8199],[-121.215,49.8026],[-121.2722,49.7833],[-121.3166,49.762],[-121.3278,49.7384],[-121.3059,49.7126],[-121.2988,49.677],[-121.3068,49.6317],[-121.3259,49.596],[-121.3563,49.5701],[-121.4011,49.5436],[-121.4604,49.5166],[-121.504,49.5101],[-121.5319,49.5241],[-121.5391,49.5669],[-121.5257,49.6381],[-121.4933,49.6932],[-121.4419,49.732],[-121.4397,49.7571],[-121.4866,49.7687],[-121.5149,49.7848],[-121.5248,49.8056],[-121.4848,49.8293],[-121.3949,49.856],[-121.3153,49.8915],[-121.246,49.9356],[-121.231,49.961],[-121.2703,49.9678],[-121.3097,49.9678],[-121.349,49.961],[-121.394,49.9442],[-121.4447,49.9172],[-121.505,49.8995],[-121.575,49.8909],[-121.64,49.8769],[-121.7,49.8574],[-121.76,49.8585],[-121.82,49.8803],[-121.8587,49.9046],[-121.8761,49.9314],[-121.8695,49.9898]],[[-121.5083,48.315],[-121.4828,48.3537],[-121.425,48.3935],[-121.335,48.4343],[-121.2387,48.4349],[-121.1362,48.3952],[-121.0867,48.3621],[-121.0903,48.3355],[-121.1015,48.3104],[-121.1205,48.2869],[-121.175,48.2541],[-121.265,48.2121],[-121.355,48.2028],[-121.445,48.2263],[-121.4978,48.2525],[-121.5133,48.2812],[-121.5083,48.315]],[[-120.3456,49.6317],[-120.3381,49.677],[-120.3203,49.719],[-120.2921,49.7578],[-120.2898,49.7869],[-120.3134,49.8062],[-120.3264,49.8288],[-120.329,49.8546],[-120.3252,49.8759],[-120.3151,49.8926],[-120.3,49.9043],[-120.28,49.911],[-120.2547,49.9026],[-120.224,49.8792],[-120.2121,49.8514],[-120.2192,49.8192],[-120.2045,49.7986],[-120.1682,49.7896],[-120.1438,49.7735],[-120.1315,49.7501],[-120.131,49.7287],[-120.1421,49.7093],[-120.1641,49.6932],[-120.197,49.6802],[-120.2326,49.6585],[-120.2709,49.628],[-120.3,49.6081],[-120.32,49.5988],[-120.3348,49.5979],[-120.3445,49.6053],[-120.3456,49.6317]],[[-118.4019,50.3522],[-118.3806,50.3722],[-118.35,50.3819],[-118.31,50.3813],[-118.2841,50.3777],[-118.2723,50.371],[-118.2724,50.3581],[-118.2843,50.339],[-118.3002,50.3251],[-118.3201,50.3166],[-118.345,50.314],[-118.375,50.3173],[-118.3956,50.3248],[-118.4069,50.3364],[-118.4019,50.3522]],[[-118.2698,45.7233],[-118.2566,45.7329],[-118.2436,45.7364],[-118.2309,45.7338],[-118.2159,45.7146],[-118.1986,45.6789],[-118.1636,45.6824],[-118.1108,45.7251],[-118.0858,45.758],[-118.0886,45.7811],[-118.08,45.7964],[-118.06,45.804],[-118.04,45.8056],[-118.02,45.801],[-118.0149,45.7682],[-118.0247,45.7071],[-118.0418,45.6626],[-118.0663,45.6347],[-118.0797,45.6032],[-118.0818,45.5682],[-118.0896,45.5421],[-118.1032,45.5248],[-118.125,45.5177],[-118.155,45.5207],[-118.1907,45.5363],[-118.2322,45.5646],[-118.2508,45.5997],[-118.2466,45.6416],[-118.2525,45.6766],[-118.2685,45.7045],[-118.2698,45.7233]],[[-117.971,47.2369],[-117.9479,47.2709],[-117.9358,47.298],[-117.9349,47.3184],[-117.9283,47.3311],[-117.9161,47.3361],[-117.905,47.3327],[-117.895,47.3209],[-117.8979,47.3082],[-117.9138,47.2946],[-117.9238,47.2772],[-117.9279,47.256],[-117.94,47.2337],[-117.96,47.2102],[-117.9732,47.2039],[-117.9795,47.2146],[-117.971,47.2369]],[[-118.061,46.5088],[-118.0444,46.5639],[-117.9996,46.6082],[-117.9265,46.6418],[-117.825,46.6542],[-117.695,46.6456],[-117.6061,46.6254],[-117.5582,46.5936],[-117.5413,46.5432],[-117.5555,46.4744],[-117.5845,46.4243],[-117.6282,46.3929],[-117.69,46.3863],[-117.77,46.4045],[-117.84,46.4143],[-117.9,46.4156],[-117.9582,46.4256],[-118.0145,46.4444],[-118.0494,46.4606],[-118.0626,46.4744],[-118.061,46.5088]],[[-124.7423,49.0878],[-124.7016,49.1402],[-124.68,49.1761],[-124.6777,49.1957],[-124.6599,49.2046],[-124.6266,49.2027],[-124.6043,49.1897],[-124.593,49.1654],[-124.6048,49.1271],[-124.6398,49.0747],[-124.6755,49.0436],[-124.7118,49.0337],[-124.7382,49.037],[-124.7545,49.0534],[-124.7423,49.0878]],[[-124.3162,48.7329],[-124.2934,48.7856],[-124.264,48.8235],[-124.228,48.8466],[-124.1957,48.8565],[-124.1671,48.8531],[-124.1269,48.8317],[-124.075,48.7922],[-124.0542,48.7531],[-124.0647,48.7145],[-124.1,48.6785],[-124.16,48.645],[-124.215,48.6287],[-124.265,48.6296],[-124.2994,48.6491],[-124.3182,48.6874],[-124.3162,48.7329]],[[-122.0111,52.9563],[-121.997,52.9736],[-121.98,52.9794],[-121.96,52.974],[-121.9492,52.9624],[-121.9476,52.9446],[-121.9526,52.9316],[-121.9642,52.9234],[-121.982,52.9265],[-122.0061,52.9406],[-122.0111,52.9563]],[[-121.7012,50.928],[-121.6804,50.9578],[-121.653,50.9704],[-121.619,50.9659],[-121.5979,50.951],[-121.5897,50.9258],[-121.5967,50.9026],[-121.6189,50.8816],[-121.645,50.8713],[-121.675,50.8716],[-121.6954,50.8821],[-121.7062,50.9028],[-121.7012,50.928]],[[-120.1587,49.0103],[-120.1396,49.0389],[-120.12,49.0528],[-120.1,49.052],[-120.0871,49.0345],[-120.0814,49.0001],[-120.0864,48.9736],[-120.1021,48.9551],[-120.12,48.9437],[-120.14,48.9396],[-120.1546,48.9521],[-120.1637,48.9814],[-120.1587,49.0103]],[[-124.912,48.528],[-124.8802,48.5941],[-124.8157,48.6489],[-124.7186,48.6923],[-124.655,48.7106],[-124.625,48.7039],[-124.5813,48.6822],[-124.524,48.6455],[-124.4942,48.6107],[-124.492,48.5776],[-124.5034,48.5412],[-124.5284,48.5015],[-124.5682,48.4467],[-124.6227,48.3767],[-124.67,48.3281],[-124.71,48.3008],[-124.7425,48.2926],[-124.7676,48.3035],[-124.795,48.3388],[-124.825,48.3986],[-124.8619,48.4451],[-124.9059,48.4783],[-124.912,48.528]]]}},{"type":"Feature","properties":{"c":"#00fb90","v0":0.05,"v1":0.25},"geometry":{"type":"Polygon","coordinates":[[[-117.2929,54.629],[-117.2243,54.6363],[-117.1745,54.645],[-117.1434,54.6551],[-117.0519,54.7122],[-116.9,54.816],[-116.812,54.8822],[-116.7878,54.911],[-116.7493,54.9265],[-116.6964,54.9288],[-116.655,54.9124],[-116.625,54.8772],[-116.5915,54.8588],[-116.5544,54.8572],[-116.5144,54.8468],[-116.4715,54.8276],[-116.45,54.8138],[-116.45,54.8051],[-116.46,54.7998],[-116.48,54.7978],[-116.4973,54.7915],[-116.5118,54.7809],[-116.5101,54.767],[-116.4923,54.7497],[-116.475,54.7395],[-116.4583,54.7364],[-116.405,54.7502],[-116.315,54.7808],[-116.2549,54.8083],[-116.2248,54.8327],[-116.1747,54.8563],[-116.1045,54.8794],[-116.0596,54.9025],[-116.0399,54.9258],[-116.0042,54.9517],[-115.9527,54.9801],[-115.9126,54.9943],[-115.8838,54.9943],[-115.8704,54.9799],[-115.8725,54.9512],[-115.8894,54.9225],[-115.9212,54.8937],[-115.9253,54.866],[-115.9018,54.8393],[-115.865,54.8288],[-115.815,54.8347],[-115.765,54.8235],[-115.715,54.7952],[-115.651,54.7941],[-115.5731,54.8202],[-115.5324,54.8477],[-115.529,54.8765],[-115.5048,54.9081],[-115.4597,54.9426],[-115.4348,54.9684],[-115.4301,54.9857],[-115.4129,54.9943],[-115.3832,54.9943],[-115.3488,54.9759],[-115.3096,54.9391],[-115.26,54.9313],[-115.2,54.9526],[-115.145,54.9542],[-115.095,54.936],[-115.025,54.9275],[-114.935,54.9285],[-114.8529,54.9453],[-114.7787,54.978],[-114.7058,54.9943],[-114.6341,54.9943],[-114.5962,54.9837],[-114.5921,54.9626],[-114.6127,54.9367],[-114.6582,54.9062],[-114.6679,54.8794],[-114.6419,54.8563],[-114.6092,54.8403],[-114.5697,54.8313],[-114.53,54.8078],[-114.49,54.7697],[-114.46,54.749],[-114.44,54.7459],[-114.37,54.7603],[-114.25,54.7921],[-114.1727,54.8029],[-114.138,54.7924],[-114.1172,54.767],[-114.1104,54.7266],[-114.1084,54.689],[-114.1111,54.6543],[-114.136,54.6283],[-114.183,54.6109],[-114.2224,54.5785],[-114.2541,54.5311],[-114.3098,54.4963],[-114.3894,54.4741],[-114.4644,54.4678],[-114.5348,54.4774],[-114.6,54.468],[-114.66,54.4398],[-114.715,54.4256],[-114.765,54.4255],[-114.82,54.4191],[-114.88,54.4063],[-114.93,54.402],[-114.97,54.4062],[-115.015,54.4039],[-115.065,54.3951],[-115.13,54.3901],[-115.21,54.3888],[-115.275,54.3759],[-115.325,54.3515],[-115.375,54.3392],[-115.425,54.3391],[-115.47,54.3456],[-115.51,54.3587],[-115.55,54.3596],[-115.59,54.3481],[-115.6242,54.3288],[-115.6526,54.3018],[-115.6926,54.2779],[-115.7442,54.2573],[-115.7822,54.2515],[-115.8065,54.2604],[-115.8315,54.2766],[-115.8572,54.3],[-115.88,54.3116],[-115.9,54.3115],[-115.955,54.2942],[-116.045,54.2596],[-116.115,54.2418],[-116.165,54.2407],[-116.2268,54.2172],[-116.3005,54.171],[-116.3755,54.1341],[-116.4518,54.1066],[-116.495,54.0927],[-116.505,54.0924],[-116.5133,54.0973],[-116.52,54.1076],[-116.5175,54.1274],[-116.506,54.1567],[-116.5077,54.1793],[-116.5226,54.1953],[-116.555,54.2094],[-116.605,54.2218],[-116.65,54.2244],[-116.69,54.2173],[-116.7248,54.2061],[-116.7545,54.1907],[-116.7743,54.1684],[-116.7842,54.1391],[-116.8243,54.0766],[-116.8948,53.9807],[-116.94,53.9434],[-116.96,53.965],[-116.972,54.0042],[-116.9759,54.0609],[-116.9952,54.1215],[-117.0299,54.1859],[-117.044,54.2327],[-117.0373,54.2619],[-117.04,54.2882],[-117.0519,54.3116],[-117.0572,54.3407],[-117.0558,54.3757],[-117.0846,54.4106],[-117.1437,54.4455],[-117.1874,54.4652],[-117.2158,54.4697],[-117.235,54.4762],[-117.245,54.4846],[-117.2592,54.4998],[-117.2775,54.5217],[-117.2809,54.5443],[-117.2693,54.5675],[-117.2795,54.5907],[-117.3113,54.6138],[-117.2929,54.629]]]}},{"type":"Feature","properties":{"c":"#00fb90","v0":0.05,"v1":0.25},"geometry":{"type":"Polygon","coordinates":[[[-122.9418,54.2035],[-122.9053,54.221],[-122.8777,54.2435],[-122.8592,54.271],[-122.8328,54.2827],[-122.7985,54.2786],[-122.7789,54.2619],[-122.7742,54.2327],[-122.7845,54.2064],[-122.8099,54.183],[-122.7937,54.1479],[-122.7359,54.101],[-122.7108,54.0746],[-122.7184,54.0687],[-122.7341,54.0614],[-122.758,54.0527],[-122.8,54.056],[-122.86,54.0713],[-122.897,54.0992],[-122.9111,54.1395],[-122.9286,54.1684],[-122.9496,54.1859],[-122.9418,54.2035]]]}},{"type":"Feature","properties":{"c":"#00fb90","v0":0.05,"v1":0.25},"geometry":{"type":"Polygon","coordinates":[[[-124.5632,54.1098],[-124.546,54.1274],[-124.5256,54.1386],[-124.5019,54.1435],[-124.46,54.1373],[-124.4,54.1199],[-124.3379,54.1116],[-124.2737,54.1123],[-124.2103,54.0981],[-124.1475,54.0687],[-124.1132,54.0364],[-124.1071,54.0012],[-124.1106,53.9712],[-124.1235,53.9464],[-124.135,53.9323],[-124.145,53.9288],[-124.18,53.9364],[-124.24,53.955],[-124.295,53.9639],[-124.345,53.9629],[-124.4,53.9718],[-124.46,53.9905],[-124.5104,54.0252],[-124.5513,54.0757],[-124.5632,54.1098]]]}},{"type":"Feature","properties":{"c":"#00fb90","v0":0.05,"v1":0.25},"geometry":{"type":"Polygon","coordinates":[[[-124.5152,53.9747],[-124.5073,53.9806],[-124.4972,53.9777],[-124.4848,53.9659],[-124.4865,53.9588],[-124.5022,53.9563],[-124.5123,53.9593],[-124.5169,53.9676],[-124.5152,53.9747]]]}},{"type":"Feature","properties":{"c":"#00fb90","v0":0.05,"v1":0.25},"geometry":{"type":"Polygon","coordinates":[[[-123.4559,53.966],[-123.452,53.9779],[-123.4343,53.9837],[-123.403,53.9836],[-123.3975,53.9747],[-123.4178,53.9571],[-123.4354,53.9512],[-123.4504,53.9571],[-123.4559,53.966]]]}},{"type":"Feature","properties":{"c":"#00fb90","v0":0.05,"v1":0.25},"geometry":{"type":"Polygon","coordinates":[[[-122.8558,53.9542],[-122.8386,53.9661],[-122.8066,53.9602],[-122.7598,53.9366],[-122.7448,53.9116],[-122.7616,53.8854],[-122.785,53.8804],[-122.815,53.8966],[-122.8386,53.9156],[-122.8558,53.9374],[-122.8558,53.9542]]]}},{"type":"Feature","properties":{"c":"#00fb90","v0":0.05,"v1":0.25},"geometry":{"type":"Polygon","coordinates":[[[-122.0083,53.9375],[-121.9828,53.9397],[-121.9603,53.9367],[-121.9408,53.9287],[-121.9437,53.9218],[-121.9689,53.9159],[-121.9914,53.9188],[-122.0112,53.9306],[-122.0083,53.9375]]]}},{"type":"Feature","properties":{"c":"#00fb90","v0":0.05,"v1":0.25},"geometry":{"type":"Polygon","coordinates":[[[-122.705,53.7967],[-122.695,53.8002],[-122.685,53.7972],[-122.675,53.7877],[-122.675,53.7807],[-122.685,53.7762],[-122.695,53.7792],[-122.705,53.7897],[-122.705,53.7967]]]}},{"type":"Feature","properties":{"c":"#00fb90","v0":0.05,"v1":0.25},"geometry":{"type":"Polygon","coordinates":[[[-125.2569,53.4329],[-125.199,53.5396],[-125.12,53.602],[-125.02,53.6204],[-124.895,53.6357],[-124.745,53.648],[-124.62,53.6304],[-124.52,53.5828],[-124.4055,53.5558],[-124.2764,53.5493],[-124.2286,53.5342],[-124.262,53.5104],[-124.3315,53.4881],[-124.4372,53.4673],[-124.5183,53.4405],[-124.575,53.4077],[-124.6049,53.3824],[-124.608,53.3645],[-124.5814,53.3436],[-124.525,53.3197],[-124.5198,53.2898],[-124.5657,53.2539],[-124.5982,53.1941],[-124.6173,53.1101],[-124.6726,53.0639],[-124.7642,53.0555],[-124.855,53.0397],[-124.945,53.0164],[-125.0391,53.0116],[-125.1373,53.0252],[-125.1824,53.041],[-125.1745,53.059],[-125.154,53.0801],[-125.1209,53.1041],[-125.1138,53.1311],[-125.1327,53.1611],[-125.1241,53.177],[-125.088,53.1787],[-125.06,53.176],[-125.04,53.1688],[-125.015,53.1712],[-124.985,53.1832],[-124.95,53.1848],[-124.91,53.176],[-124.895,53.1804],[-124.905,53.1979],[-124.9235,53.214],[-124.9506,53.2286],[-124.9418,53.2569],[-124.8971,53.2988],[-124.8785,53.3227],[-124.8862,53.3287],[-124.91,53.3297],[-124.95,53.3256],[-125.0,53.3352],[-125.06,53.3584],[-125.12,53.3664],[-125.18,53.3591],[-125.229,53.3614],[-125.2669,53.3734],[-125.2569,53.4329]]]}},{"type":"Feature","properties":{"c":"#00fb90","v0":0.05,"v1":0.25},"geometry":{"type":"Polygon","coordinates":[[[-122.5457,53.058],[-122.5352,53.0859],[-122.525,53.0986],[-122.515,53.096],[-122.49,53.0713],[-122.45,53.0246],[-122.4,52.9982],[-122.34,52.9922],[-122.3064,52.9788],[-122.2993,52.9581],[-122.2993,52.9452],[-122.3064,52.9402],[-122.34,52.9458],[-122.4,52.9619],[-122.4602,52.9885],[-122.5207,53.0255],[-122.5457,53.058]]]}},{"type":"Feature","properties":{"c":"#00fb90","v0":0.05,"v1":0.25},"geometry":{"type":"Polygon","coordinates":[[[-124.4612,52.9404],[-124.4404,52.9498],[-124.435,52.9479],[-124.445,52.9348],[-124.4554,52.9301],[-124.4662,52.9338],[-124.4612,52.9404]]]}},{"type":"Feature","properties":{"c":"#00fb90","v0":0.05,"v1":0.25},"geometry":{"type":"Polygon","coordinates":[[[-121.6347,52.7937],[-121.6182,52.7996],[-121.6023,52.7996],[-121.5868,52.7937],[-121.5868,52.7868],[-121.6023,52.779],[-121.6182,52.779],[-121.6347,52.7868],[-121.6347,52.7937]]]}},{"type":"Feature","properties":{"c":"#00fb90","v0":0.05,"v1":0.25},"geometry":{"type":"Polygon","coordinates":[[[-117.5914,52.6139],[-117.5505,52.6723],[-117.5017,52.6935],[-117.4451,52.6776],[-117.4046,52.6544],[-117.3803,52.6241],[-117.3436,52.6014],[-117.2945,52.5863],[-117.2605,52.5651],[-117.2414,52.5376],[-117.2305,52.5025],[-117.2278,52.4599],[-117.2174,52.4287],[-117.1991,52.4089],[-117.17,52.3888],[-117.13,52.3684],[-117.1075,52.3447],[-117.1024,52.3177],[-117.1474,52.3245],[-117.2425,52.3649],[-117.3185,52.4076],[-117.3754,52.4526],[-117.4559,52.5025],[-117.5599,52.5573],[-117.5914,52.6139]]]}},{"type":"Feature","properties":{"c":"#00fb90","v0":0.05,"v1":0.25},"geometry":{"type":"Polygon","coordinates":[[[-117.5064,51.8327],[-117.4955,51.8489],[-117.455,51.8705],[-117.385,51.8974],[-117.3356,51.9264],[-117.3068,51.9573],[-117.2718,51.976],[-117.2306,51.9823],[-117.193,51.9577],[-117.159,51.902],[-117.1634,51.8556],[-117.2061,51.8185],[-117.236,51.7721],[-117.2532,51.7164],[-117.2788,51.6724],[-117.3129,51.6402],[-117.35,51.6163],[-117.39,51.6007],[-117.4143,51.6261],[-117.423,51.6925],[-117.4185,51.738],[-117.4008,51.7628],[-117.4219,51.7876],[-117.4819,51.8123],[-117.5064,51.8327]]]}},{"type":"Feature","properties":{"c":"#00fb90","v0":0.05,"v1":0.25},"geometry":{"type":"Polygon","coordinates":[[[-117.2283,51.5767],[-117.2123,51.6016],[-117.1909,51.6171],[-117.1642,51.6233],[-117.1722,51.6109],[-117.2149,51.5798],[-117.2283,51.5767]]]}},{"type":"Feature","properties":{"c":"#00fb90","v0":0.05,"v1":0.25},"geometry":{"type":"Polygon","coordinates":[[[-118.6778,51.1734],[-118.6593,51.1907],[-118.63,51.1921],[-118.59,51.1775],[-118.57,51.1569],[-118.57,51.1301],[-118.585,51.1143],[-118.615,51.1096],[-118.6443,51.1217],[-118.6728,51.1503],[-118.6778,51.1734]]]}},{"type":"Feature","properties":{"c":"#00fb90","v0":0.05,"v1":0.25},"geometry":{"type":"Polygon","coordinates":[[[-115.9296,50.9384],[-115.9091,50.9636],[-115.906,51.0045],[-115.9203,51.0611],[-115.9181,51.0927],[-115.8994,51.0995],[-115.8787,51.0932],[-115.8562,51.0739],[-115.8547,51.0422],[-115.8743,50.9982],[-115.8781,50.9604],[-115.866,50.9289],[-115.8724,50.907],[-115.8975,50.8946],[-115.9175,50.8978],[-115.9324,50.9164],[-115.9296,50.9384]]]}},{"type":"Feature","properties":{"c":"#00fb90","v0":0.05,"v1":0.25},"geometry":{"type":"Polygon","coordinates":[[[-119.1769,50.9167],[-119.1723,50.9237],[-119.1615,50.9269],[-119.1445,50.9261],[-119.1395,50.9215],[-119.1465,50.9128],[-119.1573,50.9097],[-119.1719,50.912],[-119.1769,50.9167]]]}},{"type":"Feature","properties":{"c":"#00fb90","v0":0.05,"v1":0.25},"geometry":{"type":"Polygon","coordinates":[[[-123.4079,50.4716],[-123.396,50.5008],[-123.39,50.5055],[-123.39,50.4857],[-123.395,50.4673],[-123.405,50.4503],[-123.411,50.4456],[-123.4129,50.4531],[-123.4079,50.4716]]]}},{"type":"Feature","properties":{"c":"#00fb90","v0":0.05,"v1":0.25},"geometry":{"type":"Polygon","coordinates":[[[-119.9015,50.2016],[-119.8728,50.2016],[-119.8664,50.1964],[-119.8821,50.1861],[-119.8965,50.1861],[-119.9094,50.1964],[-119.9015,50.2016]]]}},{"type":"Feature","properties":{"c":"#00fb90","v0":0.05,"v1":0.25},"geometry":{"type":"Polygon","coordinates":[[[-119.3015,49.633],[-119.2938,49.6551],[-119.2783,49.6713],[-119.2549,49.6816],[-119.2299,49.7043],[-119.2033,49.7396],[-119.0964,49.7622],[-118.9093,49.7722],[-118.8202,49.7643],[-118.8292,49.7384],[-118.8627,49.7221],[-118.9209,49.7152],[-118.99,49.6833],[-119.07,49.6264],[-119.12,49.5985],[-119.14,49.5998],[-119.165,49.6106],[-119.195,49.6309],[-119.23,49.6256],[-119.27,49.5946],[-119.2938,49.5898],[-119.3015,49.6112],[-119.3015,49.633]]]}},{"type":"Feature","properties":{"c":"#00fb90","v0":0.05,"v1":0.25},"geometry":{"type":"Polygon","coordinates":[[[-122.8439,49.6705],[-122.8378,49.6899],[-122.8235,49.7053],[-122.8012,49.7167],[-122.79,49.6982],[-122.79,49.6499],[-122.8,49.6234],[-122.82,49.6187],[-122.8342,49.6275],[-122.8427,49.6497],[-122.8439,49.6705]]]}},{"type":"Feature","properties":{"c":"#00fb90","v0":0.05,"v1":0.25},"geometry":{"type":"Polygon","coordinates":[[[-119.5346,49.659],[-119.5182,49.6811],[-119.505,49.6855],[-119.495,49.6721],[-119.495,49.6479],[-119.505,49.6129],[-119.5182,49.6085],[-119.5346,49.6348],[-119.5346,49.659]]]}},{"type":"Feature","properties":{"c":"#00fb90","v0":0.05,"v1":0.25},"geometry":{"type":"Polygon","coordinates":[[[-120.9539,49.637],[-120.9246,49.6672],[-120.9034,49.6639],[-120.8902,49.6273],[-120.8952,49.6039],[-120.9184,49.5936],[-120.9396,49.5969],[-120.9589,49.6136],[-120.9539,49.637]]]}},{"type":"Feature","properties":{"c":"#00fb90","v0":0.05,"v1":0.25},"geometry":{"type":"Polygon","coordinates":[[[-120.7258,49.6444],[-120.7153,49.6635],[-120.695,49.6697],[-120.665,49.6631],[-120.645,49.6535],[-120.6351,49.6411],[-120.6351,49.622],[-120.645,49.5963],[-120.6621,49.5866],[-120.6862,49.5929],[-120.7065,49.6058],[-120.7229,49.6252],[-120.7258,49.6444]]]}},{"type":"Feature","properties":{"c":"#00fb90","v0":0.05,"v1":0.25},"geometry":{"type":"Polygon","coordinates":[[[-116.9321,49.5787],[-116.9174,49.5959],[-116.8962,49.5927],[-116.8685,49.569],[-116.8635,49.5526],[-116.8812,49.5436],[-116.9024,49.5468],[-116.9271,49.5623],[-116.9321,49.5787]]]}},{"type":"Feature","properties":{"c":"#00fb90","v0":0.05,"v1":0.25},"geometry":{"type":"Polygon","coordinates":[[[-119.1402,49.3653],[-119.1334,49.3716],[-119.125,49.3706],[-119.115,49.3623],[-119.115,49.3494],[-119.125,49.3319],[-119.1334,49.3329],[-119.1402,49.3524],[-119.1402,49.3653]]]}},{"type":"Feature","properties":{"c":"#00fb90","v0":0.05,"v1":0.25},"geometry":{"type":"Polygon","coordinates":[[[-119.1758,49.2545],[-119.1513,49.2741],[-119.1368,49.2933],[-119.1323,49.3122],[-119.1265,49.3089],[-119.1195,49.2835],[-119.1258,49.2611],[-119.1454,49.2415],[-119.1635,49.2349],[-119.1799,49.2415],[-119.1758,49.2545]]]}},{"type":"Feature","properties":{"c":"#00fb90","v0":0.05,"v1":0.25},"geometry":{"type":"Polygon","coordinates":[[[-116.0416,48.7263],[-116.0091,48.7131],[-115.9922,48.7008],[-115.9907,48.6895],[-116.0069,48.6962],[-116.0408,48.7206],[-116.0416,48.7263]]]}},{"type":"Feature","properties":{"c":"#00fb90","v0":0.05,"v1":0.25},"geometry":{"type":"Polygon","coordinates":[[[-122.1298,48.6848],[-122.1166,48.6943],[-122.105,48.6885],[-122.095,48.6676],[-122.1,48.657],[-122.12,48.6568],[-122.1316,48.6626],[-122.1348,48.6742],[-122.1298,48.6848]]]}},{"type":"Feature","properties":{"c":"#00fb90","v0":0.05,"v1":0.25},"geometry":{"type":"Polygon","coordinates":[[[-123.5737,47.8921],[-123.5446,47.9135],[-123.495,47.9227],[-123.425,47.9198],[-123.3802,47.9225],[-123.3605,47.9309],[-123.3705,47.9689],[-123.4102,48.0364],[-123.4,48.0706],[-123.34,48.0717],[-123.26,48.0908],[-123.16,48.1279],[-123.1097,48.1137],[-123.109,48.0482],[-123.1264,48.0054],[-123.1621,47.9853],[-123.1868,47.9619],[-123.2006,47.9351],[-123.2209,47.915],[-123.2476,47.9016],[-123.264,47.8714],[-123.2702,47.8244],[-123.2574,47.7869],[-123.2258,47.7591],[-123.215,47.7374],[-123.225,47.7219],[-123.25,47.7157],[-123.29,47.7185],[-123.325,47.7294],[-123.355,47.7484],[-123.405,47.7442],[-123.475,47.717],[-123.5131,47.721],[-123.5194,47.7564],[-123.5389,47.8009],[-123.5718,47.8546],[-123.5737,47.8921]],[[-123.3379,47.9383],[-123.3193,47.9449],[-123.3017,47.9416],[-123.2852,47.9283],[-123.2852,47.9201],[-123.3017,47.9169],[-123.3193,47.9202],[-123.3379,47.9301],[-123.3379,47.9383]]]}},{"type":"Feature","properties":{"c":"#00fb90","v0":0.05,"v1":0.25},"geometry":{"type":"Polygon","coordinates":[[[-121.67,48.0986],[-121.6567,48.1046],[-121.6472,48.1046],[-121.6416,48.0986],[-121.6466,48.0926],[-121.6622,48.0866],[-121.6717,48.0866],[-121.675,48.0926],[-121.67,48.0986]]]}},{"type":"Feature","properties":{"c":"#00fb90","v0":0.05,"v1":0.25},"geometry":{"type":"Polygon","coordinates":[[[-125.97,47.9202],[-125.9567,47.971],[-125.935,47.9945],[-125.905,47.9908],[-125.87,47.9794],[-125.83,47.9605],[-125.8006,47.9369],[-125.7819,47.9089],[-125.7769,47.8556],[-125.7856,47.7769],[-125.8304,47.7534],[-125.9113,47.7851],[-125.9579,47.8244],[-125.9704,47.8714],[-125.97,47.9202]]]}},{"type":"Feature","properties":{"c":"#00fb90","v0":0.05,"v1":0.25},"geometry":{"type":"Polygon","coordinates":[[[-124.145,47.6484],[-124.1217,47.6665],[-124.075,47.6693],[-124.005,47.6568],[-123.9633,47.6444],[-123.9498,47.6321],[-123.9798,47.6084],[-124.0533,47.5732],[-124.1,47.5618],[-124.12,47.5742],[-124.1367,47.5951],[-124.15,47.6247],[-124.145,47.6484]]]}},{"type":"Feature","properties":{"c":"#00fb90","v0":0.05,"v1":0.25},"geometry":{"type":"Polygon","coordinates":[[[-124.5618,47.6443],[-124.5406,47.6539],[-124.5232,47.6506],[-124.5096,47.6341],[-124.5146,47.6202],[-124.5382,47.6088],[-124.5556,47.6121],[-124.5668,47.6303],[-124.5618,47.6443]]]}},{"type":"Feature","properties":{"c":"#00fb90","v0":0.05,"v1":0.25},"geometry":{"type":"Polygon","coordinates":[[[-121.7705,47.2642],[-121.7702,47.2712],[-121.76,47.2772],[-121.74,47.2823],[-121.705,47.2798],[-121.655,47.2699],[-121.6232,47.2571],[-121.6097,47.2414],[-121.6197,47.2262],[-121.6532,47.2116],[-121.69,47.2114],[-121.73,47.2258],[-121.7552,47.2399],[-121.7655,47.2538],[-121.7705,47.2642]]]}},{"type":"Feature","properties":{"c":"#00fb90","v0":0.05,"v1":0.25},"geometry":{"type":"Polygon","coordinates":[[[-122.9596,46.7973],[-122.8865,46.825],[-122.8364,46.8181],[-122.8092,46.7767],[-122.8047,46.7492],[-122.8228,46.7355],[-122.8614,46.7212],[-122.9205,46.7063],[-122.9582,46.7029],[-122.9745,46.7109],[-122.986,46.7321],[-122.9927,46.7663],[-122.9596,46.7973]]]}},{"type":"Feature","properties":{"c":"#00fb90","v0":0.05,"v1":0.25},"geometry":{"type":"Polygon","coordinates":[[[-118.8626,46.7575],[-118.8542,46.7879],[-118.84,46.8046],[-118.82,46.8076],[-118.8029,46.7958],[-118.7887,46.7693],[-118.7887,46.7421],[-118.8029,46.7142],[-118.815,46.6974],[-118.825,46.6918],[-118.8392,46.7024],[-118.8576,46.729],[-118.8626,46.7575]]]}},{"type":"Feature","properties":{"c":"#00fb90","v0":0.05,"v1":0.25},"geometry":{"type":"Polygon","coordinates":[[[-119.4571,46.4213],[-119.439,46.4392],[-119.405,46.4586],[-119.355,46.4795],[-119.3015,46.4809],[-119.2446,46.4628],[-119.2346,46.4417],[-119.2715,46.4175],[-119.334,46.4072],[-119.4221,46.4107],[-119.4571,46.4213]]]}},{"type":"Feature","properties":{"c":"#00fb90","v0":0.05,"v1":0.25},"geometry":{"type":"Polygon","coordinates":[[[-120.5697,45.8539],[-120.4899,45.9015],[-120.42,45.9354],[-120.36,45.9554],[-120.3307,45.956],[-120.3321,45.9371],[-120.3471,45.916],[-120.3757,45.8929],[-120.43,45.8673],[-120.51,45.839],[-120.5649,45.8261],[-120.5947,45.8288],[-120.5697,45.8539]]]}},{"type":"Feature","properties":{"c":"#00fb90","v0":0.05,"v1":0.25},"geometry":{"type":"Polygon","coordinates":[[[-117.3173,44.6678],[-117.3124,44.6807],[-117.295,44.6846],[-117.265,44.6794],[-117.225,44.6858],[-117.175,44.704],[-117.145,44.7096],[-117.135,44.7027],[-117.1306,44.6755],[-117.1318,44.6281],[-117.1668,44.5683],[-117.2356,44.496],[-117.2772,44.4711],[-117.2916,44.4934],[-117.304,44.5438],[-117.3144,44.6222],[-117.3173,44.6678]]]}},{"type":"Feature","properties":{"c":"#00fb90","v0":0.05,"v1":0.25},"geometry":{"type":"Polygon","coordinates":[[[-119.3453,44.5661],[-119.2951,44.575],[-119.2641,44.575],[-119.2522,44.5661],[-119.2622,44.5543],[-119.2941,44.5397],[-119.3251,44.5397],[-119.3553,44.5543],[-119.3453,44.5661]]]}},{"type":"Feature","properties":{"c":"#00fb90","v0":0.05,"v1":0.25},"geometry":{"type":"Polygon","coordinates":[[[-123.667,43.9829],[-123.6423,43.9997],[-123.605,44.0133],[-123.555,44.0237],[-123.5248,44.026],[-123.5144,44.0204],[-123.5095,44.0068],[-123.5099,43.9852],[-123.5201,43.9684],[-123.54,43.9565],[-123.57,43.9504],[-123.61,43.9501],[-123.6423,43.9561],[-123.667,43.9683],[-123.667,43.9829]]]}},{"type":"Feature","properties":{"c":"#00fb90","v0":0.05,"v1":0.25},"geometry":{"type":"Polygon","coordinates":[[[-97.5036,36.8748],[-97.4469,36.9708],[-97.4169,37.0387],[-97.4134,37.0786],[-97.4196,37.1105],[-97.4355,37.1344],[-97.4285,37.1743],[-97.3988,37.23],[-97.3863,37.2778],[-97.3911,37.3176],[-97.333,37.3692],[-97.212,37.4328],[-97.1196,37.5201],[-97.0557,37.6311],[-97.0003,37.7003],[-96.9534,37.7279],[-96.855,37.8122],[-96.705,37.9529],[-96.555,38.0765],[-96.405,38.1831],[-96.2872,38.284],[-96.2015,38.3792],[-96.1615,38.4362],[-96.1672,38.4552],[-96.18,38.4657],[-96.2,38.4679],[-96.275,38.4376],[-96.405,38.3748],[-96.485,38.3419],[-96.515,38.3388],[-96.5323,38.3675],[-96.5368,38.4279],[-96.55,38.4659],[-96.5719,38.4815],[-96.6056,38.4933],[-96.6513,38.5011],[-96.6772,38.5637],[-96.6836,38.6809],[-96.7155,38.7511],[-96.7732,38.7745],[-96.7876,38.8135],[-96.7586,38.868],[-96.7481,38.9303],[-96.7563,39.0002],[-96.7327,39.0437],[-96.6776,39.0607],[-96.63,39.0843],[-96.59,39.1146],[-96.45,39.1537],[-96.21,39.2016],[-96.0627,39.2439],[-96.0081,39.2805],[-95.9692,39.3182],[-95.9462,39.3569],[-95.8935,39.3956],[-95.8112,39.4343],[-95.7567,39.4536],[-95.73,39.4535],[-95.7146,39.4457],[-95.7106,39.4303],[-95.6989,39.4207],[-95.6796,39.417],[-95.6661,39.4209],[-95.6582,39.4323],[-95.6644,39.4457],[-95.6846,39.4612],[-95.6928,39.4727],[-95.689,39.4805],[-95.6528,39.4955],[-95.5843,39.5177],[-95.5402,39.5254],[-95.5205,39.5186],[-95.5255,39.5062],[-95.5552,39.4883],[-95.57,39.4735],[-95.57,39.462],[-95.525,39.4613],[-95.435,39.4716],[-95.3752,39.4709],[-95.3455,39.4593],[-95.3355,39.4453],[-95.3452,39.4291],[-95.375,39.4197],[-95.425,39.4171],[-95.4646,39.402],[-95.4938,39.3745],[-95.5066,39.3491],[-95.5029,39.3259],[-95.4933,39.3105],[-95.4778,39.303],[-95.4447,39.303],[-95.394,39.3105],[-95.354,39.3329],[-95.3247,39.37],[-95.275,39.4089],[-95.205,39.4497],[-95.1644,39.493],[-95.1532,39.5386],[-95.1182,39.5775],[-95.0594,39.6097],[-95.002,39.6328],[-94.946,39.6469],[-94.9099,39.6616],[-94.8938,39.677],[-94.888,39.6886],[-94.8924,39.6963],[-94.9285,39.7018],[-94.9962,39.7052],[-95.0851,39.6937],[-95.1954,39.6672],[-95.2559,39.6578],[-95.2666,39.6655],[-95.2541,39.6809],[-95.2184,39.704],[-95.1994,39.7232],[-95.1973,39.7386],[-95.2246,39.7763],[-95.2815,39.8363],[-95.32,39.8658],[-95.34,39.8649],[-95.395,39.8388],[-95.485,39.7873],[-95.5813,39.7615],[-95.6839,39.7616],[-95.7392,39.7655],[-95.7473,39.7732],[-95.741,39.7847],[-95.7203,39.8002],[-95.635,39.8249],[-95.485,39.8589],[-95.365,39.8775],[-95.275,39.8806],[-95.21,39.8733],[-95.17,39.8556],[-95.125,39.8439],[-95.075,39.8383],[-94.96,39.8456],[-94.78,39.8658],[-94.615,39.8985],[-94.465,39.9436],[-94.372,39.9764],[-94.3359,39.9969],[-94.3186,40.0149],[-94.3201,40.0302],[-94.3431,40.0548],[-94.3877,40.0888],[-94.435,40.1144],[-94.485,40.1317],[-94.55,40.1431],[-94.63,40.1485],[-94.8,40.1319],[-95.06,40.0934],[-95.255,40.0597],[-95.385,40.031],[-95.367,40.0793],[-95.2011,40.2046],[-95.1131,40.2786],[-95.1031,40.3015],[-95.111,40.3212],[-95.137,40.3379],[-95.1502,40.3531],[-95.1506,40.367],[-95.1358,40.3853],[-95.1055,40.4082],[-95.0395,40.4424],[-94.9378,40.4881],[-94.8791,40.5185],[-94.8634,40.5337],[-94.8565,40.5527],[-94.8583,40.5755],[-94.8919,40.5948],[-94.9573,40.6105],[-95.0524,40.6029],[-95.1772,40.572],[-95.2822,40.5594],[-95.3674,40.5651],[-95.47,40.5595],[-95.59,40.5426],[-95.635,40.5637],[-95.605,40.6226],[-95.505,40.6783],[-95.335,40.7308],[-95.2402,40.7638],[-95.2205,40.7773],[-95.2205,40.789],[-95.2402,40.799],[-95.31,40.7964],[-95.43,40.7815],[-95.57,40.7537],[-95.73,40.7132],[-95.86,40.6949],[-95.96,40.699],[-96.065,40.6837],[-96.175,40.6489],[-96.232,40.6356],[-96.2359,40.6436],[-96.2297,40.6552],[-96.2132,40.6704],[-96.1713,40.6969],[-96.1038,40.7348],[-96.0457,40.7954],[-95.997,40.8787],[-95.982,40.9268],[-96.0007,40.9401],[-96.05,40.9355],[-96.13,40.913],[-96.195,40.9001],[-96.245,40.8966],[-96.28,40.905],[-96.2999,40.9252],[-96.285,40.958],[-96.2354,41.0033],[-96.1655,41.0367],[-96.0752,41.0582],[-95.92,41.1263],[-95.7,41.2411],[-95.5757,41.313],[-95.5471,41.3424],[-95.5359,41.3683],[-95.5421,41.3909],[-95.5663,41.4071],[-95.6088,41.417],[-95.68,41.4237],[-95.78,41.4271],[-95.86,41.4392],[-95.92,41.4601],[-96.015,41.4773],[-96.145,41.491],[-96.26,41.5191],[-96.36,41.5617],[-96.43,41.5813],[-96.47,41.5781],[-96.535,41.5633],[-96.625,41.5368],[-96.7103,41.5306],[-96.7909,41.5449],[-96.8311,41.5894],[-96.831,41.6641],[-96.8157,41.7252],[-96.7852,41.7726],[-96.73,41.8255],[-96.65,41.8841],[-96.59,41.9108],[-96.55,41.9056],[-96.507,41.9123],[-96.4611,41.9307],[-96.4361,41.9488],[-96.432,41.9664],[-96.45,41.9762],[-96.49,41.9783],[-96.5264,41.9955],[-96.5592,42.0279],[-96.5592,42.0866],[-96.5264,42.1717],[-96.4454,42.2569],[-96.3163,42.3422],[-96.1341,42.4512],[-95.8988,42.5839],[-95.7434,42.6597],[-95.6678,42.6787],[-95.575,42.6772],[-95.465,42.6552],[-95.27,42.6526],[-94.99,42.6694],[-94.83,42.6757],[-94.79,42.6716],[-94.758,42.6647],[-94.7341,42.655],[-94.7227,42.6464],[-94.7241,42.6391],[-94.7487,42.6207],[-94.7966,42.5912],[-94.8213,42.5618],[-94.8229,42.5323],[-94.8883,42.4881],[-95.0176,42.4291],[-95.0916,42.3884],[-95.1102,42.3663],[-95.1105,42.3478],[-95.0927,42.333],[-95.0354,42.326],[-94.9385,42.3266],[-94.825,42.3401],[-94.695,42.3664],[-94.54,42.3846],[-94.36,42.3948],[-94.2477,42.3924],[-94.203,42.3774],[-94.163,42.345],[-94.1277,42.2951],[-94.06,42.2491],[-93.96,42.207],[-93.85,42.1848],[-93.73,42.1826],[-93.525,42.1549],[-93.235,42.1018],[-92.94,42.0727],[-92.64,42.0677],[-92.405,42.0235],[-92.235,41.9399],[-92.0227,41.8602],[-91.768,41.7843],[-91.513,41.6964],[-91.2577,41.5967],[-91.1,41.5394],[-91.04,41.5248],[-90.985,41.5168],[-90.935,41.5153],[-90.8845,41.494],[-90.8334,41.4527],[-90.7934,41.416],[-90.7645,41.3837],[-90.7467,41.3537],[-90.7401,41.3259],[-90.7251,41.3046],[-90.7017,41.2896],[-90.645,41.2785],[-90.555,41.271],[-90.47,41.2766],[-90.39,41.2954],[-90.335,41.3156],[-90.305,41.3374],[-90.275,41.3491],[-90.245,41.3508],[-90.195,41.3351],[-90.125,41.302],[-90.075,41.2698],[-90.045,41.2385],[-89.99,41.2063],[-89.91,41.1733],[-89.86,41.1582],[-89.84,41.1609],[-89.82,41.1712],[-89.8,41.1888],[-89.765,41.1946],[-89.715,41.1886],[-89.665,41.189],[-89.615,41.1957],[-89.5695,41.2122],[-89.5285,41.2387],[-89.4885,41.234],[-89.4495,41.1981],[-89.3944,41.1717],[-89.3232,41.155],[-89.2737,41.1202],[-89.246,41.0674],[-89.2116,41.0303],[-89.1705,41.0089],[-89.135,40.9764],[-89.105,40.9329],[-89.04,40.8732],[-88.94,40.7972],[-88.7746,40.7086],[-88.5439,40.6073],[-88.4089,40.5427],[-88.3696,40.515],[-88.3498,40.496],[-88.3493,40.4857],[-88.3593,40.4795],[-88.3798,40.4774],[-88.4616,40.4812],[-88.6047,40.4909],[-88.6797,40.4815],[-88.6866,40.4532],[-88.695,40.4375],[-88.705,40.4346],[-88.7174,40.4526],[-88.7321,40.4915],[-88.7621,40.5196],[-88.8074,40.5369],[-88.865,40.548],[-88.935,40.553],[-88.9894,40.5443],[-89.0282,40.5221],[-89.038,40.4843],[-89.0189,40.431],[-89.0295,40.3998],[-89.0698,40.3906],[-89.14,40.3971],[-89.24,40.4193],[-89.37,40.4365],[-89.53,40.4486],[-89.72,40.4729],[-89.94,40.5094],[-90.07,40.5267],[-90.11,40.5248],[-90.1384,40.5207],[-90.1551,40.5142],[-90.166,40.5033],[-90.171,40.4881],[-90.1576,40.4581],[-90.1259,40.4133],[-90.095,40.3838],[-90.065,40.3696],[-89.9901,40.3502],[-89.8703,40.3253],[-89.8044,40.3053],[-89.7925,40.29],[-89.7924,40.2753],[-89.8041,40.2611],[-89.855,40.2471],[-89.945,40.2336],[-90.01,40.2188],[-90.05,40.2029],[-90.095,40.2045],[-90.145,40.2235],[-90.2,40.2336],[-90.26,40.2347],[-90.315,40.2216],[-90.365,40.1943],[-90.42,40.1888],[-90.48,40.2052],[-90.615,40.2244],[-90.825,40.2463],[-90.9487,40.2483],[-90.9861,40.2303],[-91.0031,40.2061],[-90.9999,40.1755],[-91.0205,40.145],[-91.0651,40.1144],[-91.0801,40.0838],[-91.0655,40.0532],[-91.0661,40.0356],[-91.082,40.0312],[-91.11,40.0293],[-91.15,40.03],[-91.1844,40.0361],[-91.2132,40.0475],[-91.2032,40.0727],[-91.1544,40.1117],[-91.2052,40.1537],[-91.3557,40.1988],[-91.4707,40.2469],[-91.5502,40.2979],[-91.66,40.3002],[-91.8,40.2538],[-91.955,40.2279],[-92.125,40.2224],[-92.2317,40.2086],[-92.2751,40.1866],[-92.301,40.1679],[-92.3095,40.1526],[-92.3107,40.1297],[-92.3048,40.0991],[-92.3189,40.0752],[-92.353,40.0581],[-92.405,40.0403],[-92.475,40.0218],[-92.5228,39.9997],[-92.5485,39.9741],[-92.5729,39.9574],[-92.5959,39.9497],[-92.6431,39.9445],[-92.7144,39.9417],[-92.7998,39.9302],[-92.8993,39.91],[-92.9481,39.8884],[-92.9464,39.8653],[-93.0166,39.8373],[-93.1589,39.8044],[-93.255,39.7748],[-93.305,39.7486],[-93.3447,39.7151],[-93.3741,39.6743],[-93.3791,39.6405],[-93.3597,39.6137],[-93.305,39.5834],[-93.215,39.5497],[-93.14,39.5285],[-93.0801,39.5196],[-93.0258,39.5036],[-92.977,39.4805],[-92.9087,39.4303],[-92.8209,39.353],[-92.7614,39.2911],[-92.7302,39.2446],[-92.6831,39.1943],[-92.6201,39.14],[-92.5722,39.0818],[-92.5394,39.0197],[-92.5244,38.9614],[-92.5274,38.9069],[-92.5346,38.8719],[-92.546,38.8563],[-92.5663,38.841],[-92.5954,38.826],[-92.655,38.8221],[-92.745,38.8294],[-92.825,38.8247],[-92.895,38.8079],[-92.965,38.7991],[-93.035,38.7981],[-93.09,38.7846],[-93.13,38.7587],[-93.21,38.7659],[-93.33,38.8064],[-93.435,38.8338],[-93.525,38.8481],[-93.675,38.8583],[-93.885,38.8644],[-94.04,38.8829],[-94.14,38.914],[-94.21,38.9262],[-94.25,38.9197],[-94.2843,38.9072],[-94.3129,38.8889],[-94.3329,38.8685],[-94.3443,38.8461],[-94.4037,38.8227],[-94.5111,38.7984],[-94.5941,38.7706],[-94.6528,38.7394],[-94.687,38.7121],[-94.6966,38.6887],[-94.6935,38.6692],[-94.6778,38.6535],[-94.6725,38.634],[-94.6777,38.6106],[-94.7287,38.5637],[-94.8255,38.4933],[-94.8786,38.4502],[-94.8878,38.4345],[-94.8886,38.411],[-94.8809,38.3797],[-94.8994,38.3483],[-94.9443,38.3169],[-94.9752,38.2777],[-94.9922,38.2306],[-95.0203,38.1834],[-95.0596,38.1362],[-95.0669,38.0874],[-95.0423,38.0369],[-95.1,37.9997],[-95.24,37.9758],[-95.335,37.9532],[-95.385,37.9319],[-95.436,37.8902],[-95.4879,37.8282],[-95.6092,37.7419],[-95.8001,37.6311],[-95.9004,37.5558],[-95.9103,37.5161],[-95.884,37.4685],[-95.8217,37.4129],[-95.8053,37.3547],[-95.8351,37.2937],[-95.96,37.2021],[-96.1801,37.0799],[-96.3201,36.9833],[-96.38,36.9123],[-96.445,36.8666],[-96.515,36.8459],[-96.5777,36.8134],[-96.633,36.769],[-96.708,36.7245],[-96.8027,36.68],[-96.8731,36.6519],[-96.9193,36.6403],[-96.9543,36.6105],[-96.9781,36.5626],[-97.005,36.5304],[-97.035,36.5138],[-97.0405,36.5418],[-97.0215,36.6143],[-97.0216,36.6665],[-97.0409,36.6986],[-97.0293,36.7427],[-96.9866,36.7988],[-96.9715,36.8427],[-96.9838,36.8743],[-97.02,36.875],[-97.08,36.8445],[-97.135,36.8348],[-97.185,36.8457],[-97.25,36.7922],[-97.33,36.6742],[-97.385,36.6041],[-97.415,36.5822],[-97.4409,36.6191],[-97.4626,36.7149],[-97.4881,36.7788],[-97.5173,36.8108],[-97.5036,36.8748]],[[-96.0949,42.2738],[-96.0859,42.2886],[-96.0286,42.3261],[-95.9229,42.3863],[-95.835,42.426],[-95.765,42.4454],[-95.6893,42.4744],[-95.6078,42.513],[-95.5178,42.542],[-95.4193,42.5613],[-95.3462,42.565],[-95.2986,42.553],[-95.3036,42.5315],[-95.3612,42.5004],[-95.425,42.4731],[-95.495,42.4495],[-95.55,42.4235],[-95.59,42.3951],[-95.7323,42.3523],[-95.977,42.2951],[-96.0949,42.2738]],[[-95.2376,42.5548],[-95.2059,42.5702],[-95.1748,42.5738],[-95.1443,42.5658],[-95.1443,42.5535],[-95.1748,42.5368],[-95.2059,42.5331],[-95.2376,42.5424],[-95.2376,42.5548]],[[-94.5991,41.4808],[-94.4813,41.5482],[-94.4498,41.5969],[-94.5048,41.6268],[-94.5184,41.6604],[-94.4909,41.6977],[-94.4849,41.7313],[-94.5004,41.7612],[-94.4836,41.7939],[-94.4345,41.8296],[-94.3789,41.8556],[-94.3166,41.8722],[-94.2787,41.8879],[-94.2652,41.9028],[-94.2763,41.9291],[-94.3121,41.9669],[-94.405,41.9889],[-94.555,41.9952],[-94.6348,42.006],[-94.6444,42.0215],[-94.6344,42.0385],[-94.6048,42.0572],[-94.555,42.0721],[-94.485,42.0833],[-94.41,42.087],[-94.33,42.0833],[-94.2722,42.0943],[-94.2365,42.1202],[-94.2065,42.1355],[-94.1822,42.1404],[-94.155,42.1389],[-94.125,42.131],[-94.095,42.1121],[-94.065,42.0822],[-94.025,42.0619],[-93.975,42.0513],[-93.915,42.0516],[-93.845,42.0629],[-93.62,42.0464],[-93.24,42.002],[-92.945,41.9547],[-92.735,41.9044],[-92.55,41.8697],[-92.39,41.8507],[-92.25,41.8247],[-92.13,41.7917],[-92.0315,41.753],[-91.9545,41.7087],[-91.9118,41.6753],[-91.9034,41.6529],[-91.7966,41.6081],[-91.5915,41.5407],[-91.4797,41.4996],[-91.4611,41.4846],[-91.4563,41.4621],[-91.4651,41.4321],[-91.4446,41.3982],[-91.3949,41.3604],[-91.246,41.3003],[-90.9979,41.2179],[-90.854,41.1541],[-90.8143,41.1089],[-90.7634,41.0712],[-90.7014,41.041],[-90.6612,41.0109],[-90.6429,40.9807],[-90.6402,40.958],[-90.6532,40.9429],[-90.6922,40.927],[-90.7574,40.9103],[-90.815,40.9066],[-90.865,40.9159],[-90.8971,40.913],[-90.9112,40.8977],[-90.7762,40.8716],[-90.4921,40.8349],[-90.2942,40.8008],[-90.1827,40.7695],[-90.0863,40.7348],[-90.005,40.6969],[-90.0158,40.672],[-90.1186,40.6599],[-90.225,40.657],[-90.335,40.6632],[-90.54,40.6921],[-90.84,40.7436],[-91.1602,40.7882],[-91.5006,40.8258],[-91.6723,40.8484],[-91.6755,40.856],[-91.6703,40.8611],[-91.6568,40.8638],[-91.5976,40.8676],[-91.4927,40.8725],[-91.428,40.8787],[-91.4033,40.8862],[-91.3885,40.8976],[-91.3836,40.9127],[-91.4423,40.9354],[-91.5645,40.9656],[-91.6309,40.9844],[-91.6413,40.992],[-91.6415,41.0071],[-91.6315,41.0297],[-91.6416,41.0524],[-91.6717,41.075],[-91.7376,41.1072],[-91.8392,41.149],[-91.9156,41.1716],[-91.9669,41.175],[-91.9669,41.1795],[-91.9156,41.1852],[-91.8831,41.1965],[-91.8692,41.2134],[-91.8684,41.2293],[-91.8808,41.2444],[-92.0478,41.2846],[-92.3693,41.3499],[-92.585,41.4007],[-92.695,41.4369],[-92.798,41.453],[-92.8939,41.4491],[-92.9247,41.4321],[-92.8903,41.4021],[-92.8923,41.3729],[-92.9308,41.3444],[-92.9777,41.3294],[-93.033,41.3278],[-93.073,41.3182],[-93.0977,41.3005],[-93.1163,41.3005],[-93.129,41.3182],[-93.149,41.3318],[-93.1763,41.3412],[-93.22,41.345],[-93.28,41.343],[-93.321,41.3383],[-93.343,41.3308],[-93.3495,41.3158],[-93.3404,41.2932],[-93.3394,41.2776],[-93.3465,41.2687],[-93.385,41.2556],[-93.455,41.2383],[-93.54,41.2293],[-93.64,41.2288],[-93.6985,41.2231],[-93.7154,41.2122],[-93.7054,41.1965],[-93.6685,41.176],[-93.6543,41.161],[-93.6629,41.1514],[-93.6979,41.1448],[-93.7593,41.1411],[-93.805,41.1338],[-93.835,41.1228],[-93.8559,41.1209],[-93.8676,41.1279],[-93.865,41.1466],[-93.8481,41.1767],[-93.846,41.1993],[-93.8586,41.2143],[-93.9212,41.231],[-94.0337,41.2492],[-94.135,41.2473],[-94.225,41.2252],[-94.2754,41.2161],[-94.2863,41.2199],[-94.2853,41.2293],[-94.2724,41.2444],[-94.2706,41.2557],[-94.2797,41.2632],[-94.3177,41.2707],[-94.3846,41.2782],[-94.4334,41.2895],[-94.4639,41.3045],[-94.4769,41.3221],[-94.4723,41.3422],[-94.4543,41.3648],[-94.423,41.3897],[-94.413,41.4096],[-94.4242,41.4246],[-94.4748,41.4307],[-94.5649,41.428],[-94.622,41.4317],[-94.646,41.442],[-94.5991,41.4808]],[[-93.3351,39.0702],[-93.331,39.0779],[-93.3043,39.0864],[-93.2548,39.0955],[-93.205,39.099],[-93.155,39.0969],[-93.06,39.0774],[-92.92,39.0408],[-92.8352,39.0139],[-92.8056,38.997],[-92.7887,38.9808],[-92.7843,38.9653],[-92.7941,38.9564],[-92.818,38.9544],[-92.875,38.9641],[-92.965,38.9856],[-93.05,38.9895],[-93.13,38.9758],[-93.195,38.9791],[-93.245,38.9994],[-93.2868,39.0237],[-93.3203,39.0521],[-93.3351,39.0702]],[[-97.3307,36.8798],[-97.3169,36.8896],[-97.3085,36.8896],[-97.3056,36.8798],[-97.3043,36.8548],[-97.3046,36.8148],[-97.311,36.7859],[-97.3237,36.768],[-97.3253,36.78],[-97.3159,36.8219],[-97.3178,36.8508],[-97.331,36.8668],[-97.3307,36.8798]],[[-97.285,37.3251],[-97.2617,37.3322],[-97.2448,37.3283],[-97.2345,37.3132],[-97.2334,37.2977],[-97.2415,37.2818],[-97.2517,37.274],[-97.2639,37.2744],[-97.2767,37.2863],[-97.29,37.3098],[-97.285,37.3251]],[[-97.1599,37.1349],[-97.0733,37.2395],[-96.995,37.3099],[-96.925,37.3464],[-96.8898,37.3737],[-96.8895,37.3919],[-96.8995,37.4142],[-96.9198,37.4405],[-96.9571,37.4683],[-97.0112,37.4975],[-97.0368,37.528],[-97.034,37.5597],[-97.0219,37.5905],[-97.0006,37.6204],[-96.94,37.6572],[-96.84,37.7009],[-96.7407,37.7651],[-96.642,37.8497],[-96.5885,37.9156],[-96.5802,37.963],[-96.5546,37.9911],[-96.5115,37.9999],[-96.465,38.0234],[-96.415,38.0614],[-96.3358,38.1042],[-96.2273,38.1518],[-96.1223,38.2175],[-96.0208,38.3013],[-95.9396,38.3602],[-95.8788,38.3941],[-95.8241,38.4424],[-95.7754,38.505],[-95.7607,38.5376],[-95.7802,38.5402],[-95.845,38.5159],[-95.955,38.4648],[-96.025,38.4484],[-96.055,38.4668],[-96.075,38.4917],[-96.085,38.5232],[-96.125,38.54],[-96.195,38.5422],[-96.27,38.5119],[-96.35,38.4493],[-96.41,38.4118],[-96.45,38.3994],[-96.4744,38.4016],[-96.4833,38.4183],[-96.4766,38.4541],[-96.4542,38.5089],[-96.4698,38.537],[-96.5233,38.5384],[-96.5579,38.5502],[-96.5737,38.5722],[-96.5537,38.6016],[-96.4979,38.6385],[-96.445,38.6585],[-96.395,38.6617],[-96.3559,38.6823],[-96.3278,38.7204],[-96.3239,38.7511],[-96.3442,38.7745],[-96.3485,38.794],[-96.3368,38.8096],[-96.3107,38.8212],[-96.2702,38.8289],[-96.24,38.826],[-96.22,38.8126],[-96.1835,38.8204],[-96.1304,38.8495],[-96.0526,38.8719],[-95.9503,38.8875],[-95.9056,38.8797],[-95.9186,38.8485],[-95.9613,38.8161],[-96.0338,38.7825],[-96.0889,38.7474],[-96.1268,38.7108],[-96.1521,38.6809],[-96.1649,38.6574],[-96.171,38.6411],[-96.1703,38.6318],[-96.165,38.6274],[-96.155,38.628],[-96.105,38.6582],[-96.015,38.7179],[-95.89,38.7677],[-95.73,38.8076],[-95.6324,38.8405],[-95.5972,38.8666],[-95.5757,38.8952],[-95.568,38.9264],[-95.5507,38.9507],[-95.5236,38.9684],[-95.47,38.9791],[-95.39,38.9831],[-95.3418,38.9937],[-95.3254,39.011],[-95.3202,39.043],[-95.3264,39.0896],[-95.3196,39.1245],[-95.2997,39.1478],[-95.2098,39.1846],[-95.0499,39.235],[-94.9068,39.2969],[-94.7804,39.3704],[-94.7119,39.4148],[-94.7013,39.4303],[-94.6995,39.4441],[-94.7065,39.4564],[-94.7599,39.4641],[-94.8596,39.4673],[-94.9135,39.492],[-94.9216,39.5383],[-94.9189,39.5692],[-94.9055,39.5846],[-94.8566,39.6083],[-94.7722,39.6403],[-94.705,39.6591],[-94.655,39.6647],[-94.6049,39.6641],[-94.5546,39.6573],[-94.5349,39.6424],[-94.5458,39.6193],[-94.531,39.5805],[-94.4903,39.5261],[-94.435,39.5031],[-94.365,39.5114],[-94.265,39.5046],[-94.135,39.4826],[-94.04,39.471],[-93.98,39.4696],[-93.915,39.4591],[-93.845,39.4394],[-93.7861,39.4316],[-93.7384,39.4359],[-93.7334,39.4284],[-93.7711,39.4091],[-93.7908,39.3937],[-93.7923,39.382],[-93.7819,39.3646],[-93.7596,39.3414],[-93.7538,39.3264],[-93.7646,39.3195],[-93.81,39.3203],[-93.89,39.3287],[-93.96,39.3262],[-94.02,39.3127],[-94.1093,39.2732],[-94.2279,39.2077],[-94.2965,39.1555],[-94.3153,39.1167],[-94.3019,39.074],[-94.2564,39.0274],[-94.2677,38.9765],[-94.3359,38.9211],[-94.41,38.8784],[-94.49,38.8483],[-94.5835,38.8254],[-94.6906,38.8096],[-94.8156,38.7603],[-94.9585,38.6774],[-95.0487,38.6149],[-95.0862,38.5729],[-95.1047,38.5285],[-95.1042,38.4815],[-95.1104,38.4424],[-95.1233,38.411],[-95.115,38.3797],[-95.0855,38.3483],[-95.0872,38.3051],[-95.12,38.2502],[-95.2778,38.1362],[-95.5605,37.963],[-95.7438,37.835],[-95.8279,37.7526],[-95.89,37.7078],[-95.93,37.7008],[-95.9564,37.7104],[-95.9692,37.7366],[-95.9942,37.752],[-96.0314,37.7565],[-96.075,37.7459],[-96.125,37.7203],[-96.17,37.7034],[-96.21,37.6954],[-96.2743,37.6506],[-96.363,37.5689],[-96.408,37.5237],[-96.4093,37.5151],[-96.385,37.5154],[-96.335,37.5246],[-96.305,37.525],[-96.295,37.5166],[-96.2928,37.5004],[-96.2985,37.4765],[-96.3103,37.4566],[-96.3283,37.4407],[-96.3605,37.4241],[-96.4068,37.4068],[-96.515,37.3469],[-96.685,37.2442],[-96.81,37.1813],[-96.89,37.1582],[-96.952,37.1267],[-96.9961,37.0866],[-97.0552,37.0666],[-97.1293,37.0666],[-97.1756,37.0706],[-97.194,37.0786],[-97.1599,37.1349]],[[-95.4944,40.6438],[-95.4519,40.6666],[-95.3954,40.6841],[-95.3251,40.6963],[-95.2807,40.7001],[-95.2621,40.6955],[-95.2971,40.6755],[-95.3857,40.6403],[-95.445,40.6213],[-95.475,40.6186],[-95.4964,40.621],[-95.5093,40.6286],[-95.4944,40.6438]],[[-96.2419,42.2007],[-96.2206,42.2172],[-96.1934,42.2246],[-96.1601,42.2229],[-96.1551,42.2147],[-96.1784,42.2001],[-96.2056,42.1926],[-96.2369,42.1925],[-96.2419,42.2007]],[[-95.4391,42.1425],[-95.313,42.1909],[-95.2127,42.2057],[-95.138,42.187],[-95.0874,42.1665],[-95.0608,42.1442],[-95.0531,42.1263],[-95.0644,42.1126],[-95.08,42.1039],[-95.1,42.1002],[-95.145,42.1015],[-95.215,42.1078],[-95.3,42.1067],[-95.4,42.0982],[-95.463,42.1001],[-95.4891,42.1122],[-95.4391,42.1425]],[[-94.7416,40.2983],[-94.6939,40.3605],[-94.63,40.4024],[-94.55,40.424],[-94.46,40.4409],[-94.36,40.453],[-94.2893,40.453],[-94.248,40.4409],[-94.2261,40.431],[-94.2237,40.4234],[-94.2499,40.3968],[-94.3047,40.351],[-94.4166,40.3059],[-94.5855,40.2614],[-94.685,40.2386],[-94.715,40.2375],[-94.7389,40.2446],[-94.7566,40.2596],[-94.7416,40.2983]],[[-93.9937,40.5245],[-93.9379,40.5517],[-93.85,40.5567],[-93.73,40.5395],[-93.635,40.5329],[-93.565,40.5369],[-93.5159,40.5319],[-93.4878,40.5179],[-93.4889,40.5033],[-93.5195,40.4881],[-93.5836,40.4759],[-93.6812,40.4667],[-93.78,40.4662],[-93.88,40.4745],[-93.9529,40.4867],[-93.9987,40.5029],[-93.9937,40.5245]],[[-93.7001,40.9519],[-93.6134,41.0153],[-93.485,41.0487],[-93.315,41.0521],[-93.205,41.0468],[-93.1551,41.0329],[-93.1357,41.0146],[-93.1468,40.992],[-93.2168,40.9566],[-93.3456,40.9085],[-93.455,40.8829],[-93.545,40.8799],[-93.62,40.8832],[-93.68,40.8928],[-93.7184,40.9033],[-93.7351,40.9146],[-93.7001,40.9519]],[[-92.5557,40.818],[-92.4452,40.8555],[-92.32,40.8613],[-92.18,40.8353],[-92.0221,40.7976],[-91.8463,40.7482],[-91.7543,40.7197],[-91.746,40.7121],[-91.7461,40.7007],[-91.7544,40.6856],[-91.7812,40.6742],[-91.8264,40.6666],[-91.8474,40.659],[-91.8442,40.6514],[-91.785,40.6249],[-91.6698,40.5793],[-91.6267,40.5547],[-91.6556,40.5511],[-91.785,40.5646],[-92.015,40.595],[-92.164,40.631],[-92.232,40.6724],[-92.3505,40.7159],[-92.5195,40.7614],[-92.6057,40.7879],[-92.6092,40.7954],[-92.5557,40.818]],[[-97.0482,36.9828],[-97.0202,37.0067],[-96.9772,37.0288],[-96.9191,37.0491],[-96.88,37.0531],[-96.8601,37.0408],[-96.8347,37.0107],[-96.8038,36.9628],[-96.7988,36.9294],[-96.8196,36.9104],[-96.845,36.9039],[-96.875,36.9097],[-96.915,36.9075],[-96.965,36.8974],[-97.0081,36.912],[-97.0442,36.9512],[-97.0482,36.9828]],[[-96.1853,37.5003],[-96.1629,37.5082],[-96.1613,37.5015],[-96.1804,37.4801],[-96.1916,37.4762],[-96.1949,37.4896],[-96.1853,37.5003]],[[-96.1981,37.1862],[-96.1629,37.234],[-96.1214,37.2702],[-96.0738,37.2949],[-96.05,37.2982],[-96.05,37.2804],[-96.08,37.244],[-96.14,37.1891],[-96.18,37.1569],[-96.2,37.1476],[-96.2114,37.1478],[-96.2143,37.1575],[-96.1981,37.1862]],[[-93.8389,39.0892],[-93.8196,39.1349],[-93.78,39.1678],[-93.72,39.188],[-93.6745,39.1884],[-93.6434,39.1691],[-93.6129,39.1245],[-93.5831,39.0546],[-93.5817,39.0119],[-93.6088,38.9964],[-93.6392,38.9871],[-93.6731,38.9841],[-93.7227,38.9958],[-93.788,39.0221],[-93.8277,39.043],[-93.8416,39.0585],[-93.8389,39.0892]],[[-96.2951,41.8506],[-96.2798,41.8804],[-96.2516,41.9075],[-96.2105,41.9318],[-96.165,41.9461],[-96.115,41.9504],[-96.077,41.9457],[-96.0509,41.932],[-96.0447,41.9102],[-96.0584,41.8804],[-96.0914,41.8517],[-96.1438,41.8241],[-96.195,41.8079],[-96.245,41.8032],[-96.2782,41.8096],[-96.2946,41.827],[-96.2951,41.8506]],[[-95.9334,40.7841],[-95.866,40.8446],[-95.7857,40.9051],[-95.6925,40.9656],[-95.6443,40.9995],[-95.6411,41.0071],[-95.6621,41.0134],[-95.7074,41.0184],[-95.7457,41.0298],[-95.7772,41.0473],[-95.7804,41.0674],[-95.7552,41.0901],[-95.7145,41.1121],[-95.6582,41.1335],[-95.61,41.1448],[-95.57,41.146],[-95.5597,41.124],[-95.5791,41.0787],[-95.5841,41.0535],[-95.5747,41.0482],[-95.5155,41.0595],[-95.4065,41.0874],[-95.3541,41.1127],[-95.3584,41.1353],[-95.3781,41.1579],[-95.413,41.1804],[-95.4298,41.1955],[-95.4283,41.203],[-95.3972,41.2369],[-95.3363,41.297],[-95.2919,41.3294],[-95.264,41.334],[-95.23,41.3316],[-95.19,41.322],[-95.155,41.3061],[-95.125,41.2839],[-95.025,41.2882],[-94.855,41.3189],[-94.7555,41.3287],[-94.7264,41.3176],[-94.7188,41.2932],[-94.7328,41.2557],[-94.7324,41.2201],[-94.7175,41.1866],[-94.6866,41.1527],[-94.6398,41.1185],[-94.608,41.075],[-94.5911,41.0222],[-94.5895,40.9893],[-94.6032,40.9765],[-94.74,40.9515],[-95.0,40.9144],[-95.195,40.891],[-95.325,40.8812],[-95.505,40.8434],[-95.735,40.7776],[-95.87,40.743],[-95.91,40.7399],[-95.9393,40.7422],[-95.9578,40.7499],[-95.9334,40.7841]],[[-94.4067,40.1755],[-94.3842,40.1755],[-94.3822,40.1708],[-94.4007,40.1613],[-94.412,40.1613],[-94.4159,40.1708],[-94.4067,40.1755]],[[-93.8886,40.2475],[-93.8629,40.2692],[-93.77,40.2872],[-93.61,40.3014],[-93.5111,40.3058],[-93.4733,40.3004],[-93.4431,40.29],[-93.4206,40.2748],[-93.4097,40.2633],[-93.4104,40.2557],[-93.4527,40.2404],[-93.5365,40.2175],[-93.5813,40.1982],[-93.5871,40.1825],[-93.605,40.171],[-93.635,40.1637],[-93.69,40.1632],[-93.77,40.1695],[-93.8329,40.1887],[-93.8786,40.2206],[-93.8886,40.2475]],[[-93.6165,40.6211],[-93.6153,40.6287],[-93.5985,40.6358],[-93.5662,40.6426],[-93.5414,40.6426],[-93.5243,40.6358],[-93.5243,40.628],[-93.5414,40.619],[-93.5668,40.6152],[-93.6003,40.6166],[-93.6165,40.6211]],[[-96.3266,37.3391],[-96.3022,37.3743],[-96.265,37.4083],[-96.215,37.4411],[-96.1825,37.4474],[-96.1676,37.4271],[-96.1662,37.3931],[-96.1785,37.3454],[-96.216,37.3171],[-96.2787,37.3084],[-96.3172,37.3084],[-96.3316,37.3171],[-96.3266,37.3391]],[[-93.6554,39.3027],[-93.6537,39.3104],[-93.6435,39.3143],[-93.6246,39.3143],[-93.6068,39.3066],[-93.59,39.2911],[-93.6003,39.2872],[-93.6375,39.295],[-93.6554,39.3027]],[[-93.641,39.7424],[-93.632,39.7655],[-93.6031,39.7946],[-93.5544,39.8299],[-93.51,39.8489],[-93.47,39.8516],[-93.4373,39.8455],[-93.412,39.8306],[-93.4045,39.8001],[-93.4149,39.754],[-93.4375,39.7166],[-93.4725,39.6879],[-93.5289,39.6879],[-93.6066,39.7166],[-93.641,39.7424]],[[-93.5451,39.2704],[-93.535,39.2754],[-93.5096,39.2716],[-93.4687,39.2588],[-93.4587,39.2482],[-93.4796,39.24],[-93.505,39.2438],[-93.5351,39.2599],[-93.5451,39.2704]]]}},{"type":"Feature","properties":{"c":"#00fb90","v0":0.05,"v1":0.25},"geometry":{"type":"Polygon","coordinates":[[[-75.6271,36.4121],[-75.6157,36.5783],[-75.5944,36.6746],[-75.5631,36.7013],[-75.5399,36.7387],[-75.5247,36.7868],[-75.5133,36.8708],[-75.5056,36.9908],[-75.5091,37.0706],[-75.5238,37.1105],[-75.524,37.1543],[-75.5097,37.2021],[-75.5095,37.2623],[-75.5232,37.3348],[-75.46,37.4226],[-75.32,37.5256],[-75.2434,37.5886],[-75.2301,37.6116],[-75.2239,37.639],[-75.2247,37.6707],[-75.1994,37.7023],[-75.1479,37.734],[-75.1092,37.7893],[-75.0833,37.8683],[-75.0577,37.9235],[-75.0322,37.9551],[-74.9971,38.0229],[-74.9524,38.127],[-74.9157,38.2017],[-74.8871,38.2471],[-74.8456,38.2973],[-74.7911,38.3522],[-74.6754,38.5391],[-74.4985,38.857],[-74.3744,39.0515],[-74.3033,39.1234],[-74.2227,39.1788],[-74.1328,39.2175],[-74.0683,39.2824],[-74.0294,39.3734],[-73.9808,39.4584],[-73.9225,39.5374],[-73.8162,39.6578],[-73.6619,39.8193],[-73.5823,39.9114],[-73.5776,39.9344],[-73.5871,39.9766],[-73.611,40.0378],[-73.6047,40.081],[-73.5682,40.1062],[-73.535,40.1397],[-73.505,40.1816],[-73.4811,40.2378],[-73.4633,40.3082],[-73.4333,40.3526],[-73.3911,40.3708],[-73.325,40.3876],[-73.235,40.4029],[-73.12,40.4459],[-72.98,40.5164],[-72.89,40.5512],[-72.85,40.5505],[-72.81,40.5574],[-72.77,40.5719],[-72.715,40.6194],[-72.645,40.6998],[-72.5863,40.7586],[-72.539,40.7958],[-72.499,40.8488],[-72.4663,40.9177],[-72.43,40.9641],[-72.39,40.9881],[-72.355,41.0188],[-72.325,41.0564],[-72.295,41.0721],[-72.265,41.0659],[-72.235,41.0655],[-72.205,41.0708],[-72.1649,41.088],[-72.1148,41.117],[-72.0736,41.1503],[-72.0414,41.188],[-71.9565,41.2029],[-71.8188,41.1951],[-71.7244,41.2101],[-71.6733,41.248],[-71.5863,41.297],[-71.4635,41.3571],[-71.3341,41.4074],[-71.198,41.4479],[-71.0977,41.4892],[-71.0331,41.531],[-70.9888,41.5669],[-70.9648,41.5969],[-70.9361,41.6193],[-70.9027,41.6342],[-70.877,41.6551],[-70.859,41.6818],[-70.825,41.7035],[-70.775,41.7203],[-70.725,41.731],[-70.675,41.7356],[-70.6019,41.7623],[-70.5056,41.8113],[-70.4156,41.8818],[-70.3319,41.9739],[-70.2584,42.0333],[-70.1952,42.0603],[-70.1452,42.0893],[-70.1084,42.1204],[-70.03,42.1476],[-69.91,42.171],[-69.8,42.2028],[-69.7,42.2431],[-69.625,42.2587],[-69.575,42.2497],[-69.54,42.2474],[-69.52,42.2519],[-69.4815,42.2794],[-69.4245,42.33],[-69.3979,42.3774],[-69.4018,42.4217],[-69.4153,42.4623],[-69.4385,42.4991],[-69.4301,42.536],[-69.39,42.5729],[-69.3595,42.5877],[-69.3384,42.5802],[-69.3266,42.5655],[-69.3242,42.5434],[-69.3046,42.5028],[-69.2677,42.4438],[-69.2145,42.4005],[-69.1448,42.3729],[-69.085,42.3398],[-69.035,42.3012],[-69.0042,42.2596],[-68.9925,42.2148],[-68.9535,42.1813],[-68.8869,42.159],[-68.8277,42.1106],[-68.7759,42.036],[-68.69,42.0189],[-68.57,42.0593],[-68.435,42.079],[-68.285,42.078],[-68.18,42.0896],[-68.12,42.1139],[-68.06,42.1149],[-68.0,42.0925],[-67.94,42.0804],[-67.88,42.0789],[-67.815,42.0994],[-67.745,42.1422],[-67.6535,42.1596],[-67.5405,42.1518],[-67.467,42.1257],[-67.4329,42.0812],[-67.4184,42.0477],[-67.4233,42.0255],[-67.4155,42.0032],[-67.3948,41.9809],[-67.3865,41.9548],[-67.3905,41.9251],[-67.3711,41.8953],[-67.3284,41.8655],[-67.3023,41.8134],[-67.2929,41.7388],[-67.2686,41.6882],[-67.2295,41.6616],[-67.185,41.6616],[-67.135,41.6883],[-67.1012,41.6904],[-67.0836,41.6679],[-67.1062,41.6305],[-67.1692,41.5782],[-67.2153,41.507],[-67.2446,41.4171],[-67.2822,41.3458],[-67.3281,41.2932],[-67.349,41.2557],[-67.3449,41.2331],[-67.3221,41.2143],[-67.2807,41.1993],[-67.2534,41.1767],[-67.2402,41.1466],[-67.2562,41.0825],[-67.3015,40.9844],[-67.3389,40.924],[-67.3683,40.9013],[-67.4016,40.8635],[-67.4388,40.8106],[-67.4506,40.7668],[-67.4369,40.7322],[-67.3841,40.7019],[-67.2923,40.6759],[-67.2473,40.6552],[-67.2491,40.64],[-67.265,40.6386],[-67.295,40.6508],[-67.335,40.6296],[-67.385,40.5749],[-67.425,40.542],[-67.455,40.5308],[-67.485,40.5266],[-67.515,40.5294],[-67.555,40.5202],[-67.605,40.499],[-67.715,40.3896],[-67.885,40.1918],[-67.975,40.0931],[-67.985,40.0939],[-68.01,40.1236],[-68.05,40.182],[-68.08,40.2125],[-68.1,40.2149],[-68.1247,40.2097],[-68.154,40.1971],[-68.182,40.1755],[-68.2086,40.145],[-68.234,40.0982],[-68.258,40.0352],[-68.32,39.9823],[-68.42,39.9397],[-68.4875,39.9023],[-68.5226,39.87],[-68.5476,39.8378],[-68.5625,39.8056],[-68.59,39.7894],[-68.63,39.7891],[-68.705,39.7613],[-68.815,39.7062],[-68.8851,39.6955],[-68.9153,39.7293],[-68.9371,39.7847],[-68.9502,39.8615],[-68.9651,39.9099],[-68.9817,39.9298],[-69.0,39.9425],[-69.02,39.9478],[-69.0401,39.9417],[-69.0602,39.924],[-69.0902,39.8774],[-69.1301,39.8016],[-69.17,39.7672],[-69.21,39.7742],[-69.25,39.7752],[-69.29,39.7702],[-69.335,39.7568],[-69.385,39.735],[-69.452,39.6758],[-69.5361,39.579],[-69.5761,39.4895],[-69.572,39.4071],[-69.5844,39.3259],[-69.6131,39.2459],[-69.6581,39.2184],[-69.7194,39.2434],[-69.77,39.2511],[-69.81,39.2416],[-69.8425,39.2214],[-69.8675,39.1904],[-69.8875,39.1391],[-69.9025,39.0673],[-69.935,39.0435],[-69.985,39.0676],[-70.04,39.1147],[-70.1,39.1847],[-70.16,39.2075],[-70.22,39.1832],[-70.2624,39.1526],[-70.2873,39.1158],[-70.2927,39.0507],[-70.2785,38.9575],[-70.2748,38.903],[-70.2815,38.8875],[-70.3211,38.8477],[-70.3937,38.7838],[-70.455,38.7495],[-70.505,38.745],[-70.5441,38.7341],[-70.5723,38.7168],[-70.5921,38.6965],[-70.6035,38.6731],[-70.6106,38.6067],[-70.6132,38.4972],[-70.6283,38.4273],[-70.6561,38.397],[-70.71,38.3804],[-70.79,38.3774],[-70.8494,38.3612],[-70.8883,38.3317],[-70.9275,38.2659],[-70.967,38.1638],[-71.0375,38.0488],[-71.1392,37.9211],[-71.25,37.8804],[-71.37,37.9267],[-71.465,37.9528],[-71.535,37.9587],[-71.625,37.9416],[-71.735,37.9014],[-71.82,37.8629],[-71.88,37.8262],[-71.95,37.8092],[-72.03,37.8119],[-72.0878,37.8053],[-72.1234,37.7894],[-72.1624,37.7616],[-72.2049,37.7221],[-72.2314,37.6825],[-72.2419,37.6429],[-72.2701,37.6073],[-72.316,37.5756],[-72.3516,37.532],[-72.3769,37.4765],[-72.4247,37.421],[-72.4949,37.3657],[-72.5959,37.2981],[-72.7277,37.2182],[-72.8209,37.1264],[-72.8755,37.0227],[-72.912,36.8988],[-72.9304,36.7547],[-73.0023,36.6275],[-73.1274,36.5173],[-73.2431,36.4328],[-73.3492,36.3743],[-73.4118,36.3249],[-73.4311,36.2846],[-73.4376,36.2402],[-73.4313,36.1918],[-73.4386,36.1464],[-73.4595,36.104],[-73.545,36.0976],[-73.695,36.1273],[-73.83,36.1252],[-73.95,36.0914],[-74.0685,36.0412],[-74.1856,35.9745],[-74.2452,35.9129],[-74.2475,35.8561],[-74.2612,35.7994],[-74.2863,35.7426],[-74.283,35.6817],[-74.2513,35.6167],[-74.2427,35.5638],[-74.2571,35.5231],[-74.2258,35.458],[-74.1487,35.3683],[-74.1301,35.299],[-74.1697,35.25],[-74.2197,35.2269],[-74.2799,35.2299],[-74.3259,35.2462],[-74.3578,35.2759],[-74.3928,35.2995],[-74.4309,35.3169],[-74.465,35.3523],[-74.495,35.4057],[-74.52,35.4392],[-74.54,35.4526],[-74.59,35.4457],[-74.67,35.4184],[-74.735,35.4111],[-74.785,35.4238],[-74.86,35.4236],[-74.96,35.4107],[-75.035,35.3941],[-75.085,35.3739],[-75.1365,35.3618],[-75.1896,35.358],[-75.2346,35.3401],[-75.2715,35.3082],[-75.3,35.294],[-75.32,35.2974],[-75.3414,35.3093],[-75.3641,35.3296],[-75.3684,35.3561],[-75.3543,35.3887],[-75.3491,35.4172],[-75.3528,35.4417],[-75.3685,35.4664],[-75.3962,35.4913],[-75.4333,35.5442],[-75.4798,35.625],[-75.4965,35.6857],[-75.4836,35.7263],[-75.4827,35.7669],[-75.4938,35.8075],[-75.498,35.8642],[-75.4953,35.9372],[-75.5287,36.0626],[-75.5981,36.2402],[-75.6271,36.4121]],[[-75.4538,36.5019],[-75.436,36.7507],[-75.4309,36.9068],[-75.4384,36.9708],[-75.4341,37.0355],[-75.418,37.1011],[-75.405,37.1402],[-75.395,37.1527],[-75.385,37.1571],[-75.375,37.1533],[-75.35,37.1189],[-75.31,37.0538],[-75.275,37.0146],[-75.245,37.0012],[-75.222,37.0006],[-75.206,37.0127],[-75.1787,37.0546],[-75.1401,37.1264],[-75.1008,37.242],[-75.0609,37.401],[-75.0453,37.5122],[-75.0541,37.5756],[-75.0549,37.6311],[-75.0478,37.6786],[-75.0157,37.7578],[-74.9586,37.8685],[-74.905,37.9388],[-74.855,37.9686],[-74.8,37.9802],[-74.74,37.9735],[-74.69,37.9935],[-74.65,38.0405],[-74.61,38.0562],[-74.57,38.0409],[-74.54,38.0346],[-74.52,38.0372],[-74.4984,38.0886],[-74.4751,38.1885],[-74.4298,38.262],[-74.3624,38.3091],[-74.299,38.3674],[-74.2397,38.437],[-74.19,38.4801],[-74.15,38.4969],[-74.1,38.543],[-74.04,38.6184],[-73.985,38.6677],[-73.935,38.691],[-73.8919,38.7197],[-73.8556,38.7536],[-73.8183,38.8057],[-73.7799,38.8758],[-73.766,38.9303],[-73.7766,38.9691],[-73.763,39.0041],[-73.7254,39.0352],[-73.7067,39.0663],[-73.707,39.0973],[-73.6945,39.1322],[-73.6693,39.171],[-73.6226,39.2253],[-73.5543,39.295],[-73.5226,39.336],[-73.5275,39.3484],[-73.5418,39.36],[-73.5654,39.3708],[-73.5778,39.3916],[-73.5791,39.4225],[-73.5612,39.4766],[-73.5243,39.5538],[-73.4669,39.6131],[-73.389,39.6546],[-73.335,39.6721],[-73.305,39.6654],[-73.265,39.6459],[-73.215,39.6137],[-73.1775,39.6001],[-73.1525,39.6052],[-73.1342,39.6154],[-73.1225,39.6308],[-73.1189,39.6501],[-73.1233,39.6732],[-73.1401,39.7001],[-73.1693,39.7309],[-73.1727,39.7616],[-73.1503,39.7924],[-73.1355,39.827],[-73.1282,39.8653],[-73.1023,39.9076],[-73.0578,39.9536],[-73.0091,39.9937],[-72.9564,40.0279],[-72.905,40.0398],[-72.855,40.0296],[-72.805,40.0507],[-72.755,40.1032],[-72.6766,40.1448],[-72.5697,40.1755],[-72.5155,40.2137],[-72.5141,40.2595],[-72.541,40.3396],[-72.5963,40.4539],[-72.5955,40.5388],[-72.5385,40.5945],[-72.5,40.6276],[-72.48,40.6381],[-72.42,40.6511],[-72.32,40.6668],[-72.24,40.6959],[-72.18,40.7387],[-72.1168,40.7963],[-72.0504,40.8689],[-71.9604,40.9304],[-71.8468,40.981],[-71.75,41.0321],[-71.67,41.0837],[-71.6,41.1162],[-71.54,41.1295],[-71.47,41.154],[-71.39,41.1899],[-71.315,41.2097],[-71.245,41.2136],[-71.1426,41.2322],[-71.0077,41.2654],[-70.9227,41.3057],[-70.8876,41.353],[-70.8462,41.3868],[-70.7985,41.407],[-70.7808,41.4359],[-70.7929,41.4733],[-70.7918,41.5003],[-70.7773,41.5169],[-70.725,41.5368],[-70.635,41.56],[-70.545,41.6018],[-70.455,41.6621],[-70.365,41.7118],[-70.275,41.7507],[-70.205,41.7727],[-70.155,41.7778],[-70.105,41.7897],[-70.055,41.8084],[-69.995,41.8423],[-69.925,41.8914],[-69.84,41.9307],[-69.74,41.9603],[-69.655,41.9967],[-69.585,42.04],[-69.52,42.065],[-69.46,42.0717],[-69.4015,42.097],[-69.3445,42.1408],[-69.2995,42.1537],[-69.2665,42.1355],[-69.215,42.1288],[-69.145,42.1336],[-69.0848,42.113],[-69.0345,42.067],[-68.9845,42.0371],[-68.9348,42.0233],[-68.9,41.9891],[-68.88,41.9344],[-68.8539,41.8893],[-68.8216,41.8536],[-68.7916,41.8363],[-68.7639,41.8374],[-68.74,41.8461],[-68.72,41.8624],[-68.7024,41.8804],[-68.6873,41.9003],[-68.6829,41.9214],[-68.6894,41.9437],[-68.687,41.9623],[-68.6758,41.9772],[-68.6201,41.9924],[-68.52,42.0081],[-68.46,42.0147],[-68.44,42.0122],[-68.415,41.9979],[-68.385,41.9717],[-68.305,41.9651],[-68.175,41.9782],[-68.085,41.966],[-68.035,41.9287],[-67.963,41.9026],[-67.869,41.8878],[-67.8234,41.8581],[-67.826,41.8134],[-67.8398,41.7761],[-67.8649,41.7463],[-67.877,41.7164],[-67.8762,41.6865],[-67.9132,41.5894],[-67.9879,41.4246],[-68.0243,41.327],[-68.0224,41.297],[-68.0529,41.2293],[-68.1157,41.124],[-68.1578,41.0279],[-68.1793,40.9411],[-68.2011,40.8769],[-68.2233,40.8352],[-68.2467,40.8068],[-68.2714,40.7916],[-68.3243,40.7803],[-68.4054,40.7727],[-68.472,40.7583],[-68.524,40.737],[-68.5578,40.7104],[-68.5733,40.6787],[-68.5836,40.6287],[-68.5885,40.5603],[-68.6058,40.5123],[-68.6353,40.4846],[-68.66,40.4687],[-68.68,40.4647],[-68.7084,40.4786],[-68.7452,40.5103],[-68.7773,40.5755],[-68.8046,40.6742],[-68.7962,40.7349],[-68.7521,40.7577],[-68.735,40.7924],[-68.745,40.8389],[-68.765,40.8816],[-68.795,40.9203],[-68.835,40.9438],[-68.885,40.9521],[-68.9312,40.9397],[-68.9735,40.9066],[-68.9967,40.8824],[-69.0009,40.8673],[-68.9946,40.8446],[-68.9778,40.8144],[-68.9754,40.7879],[-68.9874,40.7651],[-69.0025,40.7517],[-69.0208,40.7476],[-69.06,40.7593],[-69.12,40.787],[-69.16,40.793],[-69.18,40.7773],[-69.215,40.6821],[-69.265,40.5069],[-69.355,40.3824],[-69.485,40.3087],[-69.565,40.2553],[-69.595,40.2224],[-69.62,40.203],[-69.64,40.1969],[-69.68,40.1975],[-69.74,40.2047],[-69.795,40.1703],[-69.845,40.0942],[-69.905,40.0375],[-69.975,40.0002],[-70.0283,39.988],[-70.065,40.0008],[-70.09,40.0292],[-70.1033,40.0733],[-70.135,40.0803],[-70.185,40.0503],[-70.23,40.0407],[-70.27,40.0517],[-70.295,40.0538],[-70.305,40.0473],[-70.3476,39.9965],[-70.4229,39.9014],[-70.4612,39.8193],[-70.4623,39.7501],[-70.4797,39.6753],[-70.5132,39.5949],[-70.57,39.5225],[-70.65,39.4582],[-70.7161,39.4175],[-70.7684,39.4002],[-70.7896,39.353],[-70.7798,39.2756],[-70.7954,39.2175],[-70.8365,39.1788],[-70.8667,39.1322],[-70.8861,39.0779],[-70.8857,39.0274],[-70.8655,38.9808],[-70.899,38.953],[-70.9863,38.9441],[-71.043,38.9168],[-71.0691,38.8713],[-71.0891,38.8454],[-71.103,38.8393],[-71.145,38.846],[-71.215,38.8655],[-71.265,38.8746],[-71.295,38.8734],[-71.3136,38.8667],[-71.3208,38.8546],[-71.3094,38.8057],[-71.2793,38.7199],[-71.2685,38.6653],[-71.2769,38.6418],[-71.2983,38.6108],[-71.3328,38.5721],[-71.38,38.557],[-71.44,38.5654],[-71.4952,38.5613],[-71.5457,38.5446],[-71.5717,38.5246],[-71.5731,38.5011],[-71.5604,38.4619],[-71.5338,38.4071],[-71.5379,38.3306],[-71.5726,38.2324],[-71.655,38.1566],[-71.785,38.1032],[-71.8724,38.054],[-71.9172,38.0091],[-71.9944,37.9787],[-72.1039,37.963],[-72.1884,37.9393],[-72.2479,37.9078],[-72.3237,37.8367],[-72.4156,37.726],[-72.4646,37.6509],[-72.4706,37.6113],[-72.495,37.5677],[-72.538,37.5201],[-72.5575,37.4844],[-72.5534,37.4606],[-72.5597,37.4368],[-72.5763,37.4129],[-72.606,37.3947],[-72.6487,37.3819],[-72.71,37.3852],[-72.79,37.4043],[-72.845,37.4114],[-72.875,37.4065],[-72.9024,37.3834],[-72.9273,37.3421],[-72.9635,37.3016],[-73.0109,37.2619],[-73.0382,37.23],[-73.0452,37.2061],[-73.0372,37.1703],[-73.0142,37.1224],[-73.0141,37.0786],[-73.0371,37.0387],[-73.04,36.9868],[-73.0227,36.9228],[-73.0215,36.8668],[-73.0362,36.8188],[-73.0376,36.7708],[-73.0259,36.7227],[-73.0578,36.6585],[-73.1332,36.5783],[-73.2007,36.5243],[-73.2602,36.4968],[-73.33,36.4793],[-73.41,36.4719],[-73.4781,36.4897],[-73.5342,36.5327],[-73.5982,36.5662],[-73.6702,36.5903],[-73.7221,36.6257],[-73.754,36.6723],[-73.79,36.7012],[-73.83,36.7125],[-73.87,36.7363],[-73.91,36.7725],[-73.95,36.7957],[-73.99,36.8059],[-74.02,36.8074],[-74.04,36.8002],[-74.085,36.7653],[-74.155,36.7027],[-74.1987,36.6461],[-74.216,36.5955],[-74.216,36.5381],[-74.1985,36.4738],[-74.1788,36.4255],[-74.1568,36.3933],[-74.0969,36.3643],[-73.999,36.3383],[-73.9345,36.3182],[-73.9034,36.3038],[-73.8886,36.2926],[-73.89,36.2846],[-73.9355,36.2679],[-74.0252,36.2427],[-74.095,36.2163],[-74.145,36.1887],[-74.241,36.169],[-74.3829,36.1573],[-74.4679,36.1289],[-74.496,36.0838],[-74.5297,36.0474],[-74.5691,36.0198],[-74.5991,35.9812],[-74.6197,35.9318],[-74.645,35.9066],[-74.675,35.9056],[-74.72,35.9185],[-74.78,35.9453],[-74.835,35.9497],[-74.885,35.9317],[-74.9252,35.895],[-74.9557,35.8394],[-74.9738,35.7669],[-74.9794,35.6776],[-74.9777,35.6126],[-74.9686,35.5719],[-74.9756,35.5425],[-74.9985,35.5244],[-75.0234,35.5203],[-75.0502,35.5303],[-75.0883,35.5597],[-75.1378,35.6085],[-75.1864,35.6654],[-75.2341,35.7304],[-75.2815,35.8156],[-75.3284,35.921],[-75.3796,36.0747],[-75.435,36.2765],[-75.4538,36.5019]],[[-67.9013,40.9254],[-67.8271,41.0563],[-67.755,41.1462],[-67.685,41.195],[-67.6229,41.2163],[-67.5686,41.2099],[-67.5297,41.188],[-67.5061,41.1503],[-67.5298,41.075],[-67.6009,40.9618],[-67.6448,40.8824],[-67.6616,40.8369],[-67.68,40.8091],[-67.7,40.799],[-67.725,40.7987],[-67.755,40.8082],[-67.785,40.811],[-67.815,40.8071],[-67.845,40.8178],[-67.875,40.8432],[-67.9,40.8533],[-67.92,40.8481],[-67.9321,40.849],[-67.9363,40.8562],[-67.9013,40.9254]],[[-74.6165,38.3561],[-74.5806,38.4972],[-74.5445,38.5868],[-74.5082,38.6253],[-74.482,38.6331],[-74.4659,38.6103],[-74.455,38.5676],[-74.4493,38.505],[-74.4545,38.4463],[-74.4706,38.3914],[-74.5014,38.3321],[-74.5471,38.2684],[-74.58,38.2364],[-74.6,38.2363],[-74.6161,38.2485],[-74.6283,38.2732],[-74.6165,38.3561]],[[-71.3668,38.3241],[-71.3556,38.3383],[-71.3395,38.3344],[-71.3184,38.3123],[-71.3184,38.3004],[-71.3395,38.2986],[-71.3556,38.3025],[-71.3668,38.3121],[-71.3668,38.3241]],[[-69.6725,39.7693],[-69.6575,39.7845],[-69.6363,39.7883],[-69.6088,39.7808],[-69.608,39.7693],[-69.6339,39.754],[-69.6551,39.7501],[-69.6717,39.7578],[-69.6725,39.7693]],[[-69.0194,40.1492],[-68.9998,40.1578],[-68.99,40.1502],[-68.99,40.1263],[-68.9998,40.122],[-69.0194,40.1373],[-69.0194,40.1492]],[[-68.6223,40.0532],[-68.6091,40.0838],[-68.5844,40.1107],[-68.5481,40.1338],[-68.52,40.1448],[-68.5,40.1437],[-68.4716,40.1283],[-68.4347,40.0986],[-68.4224,40.0646],[-68.4347,40.0264],[-68.4731,39.9901],[-68.5377,39.9559],[-68.5847,39.9635],[-68.6142,40.0131],[-68.6223,40.0532]]]}},{"type":"Feature","properties":{"c":"#00fb90","v0":0.05,"v1":0.25},"geometry":{"type":"Polygon","coordinates":[[[-107.7377,42.296],[-107.7064,42.3552],[-107.6606,42.384],[-107.6002,42.3825],[-107.57,42.3672],[-107.57,42.3382],[-107.585,42.3053],[-107.615,42.2684],[-107.6608,42.254],[-107.7225,42.2623],[-107.7377,42.296]]]}},{"type":"Feature","properties":{"c":"#00fb90","v0":0.05,"v1":0.25},"geometry":{"type":"Polygon","coordinates":[[[-108.3854,41.9408],[-108.3218,42.0019],[-108.305,42.0023],[-108.335,41.942],[-108.36,41.9062],[-108.38,41.895],[-108.3968,41.8946],[-108.4104,41.905],[-108.3854,41.9408]]]}},{"type":"Feature","properties":{"c":"#00fb90","v0":0.05,"v1":0.25},"geometry":{"type":"Polygon","coordinates":[[[-93.6887,41.8001],[-93.6762,41.8184],[-93.66,41.8265],[-93.64,41.8245],[-93.635,41.8108],[-93.645,41.7854],[-93.66,41.7715],[-93.68,41.7693],[-93.6912,41.7738],[-93.6937,41.7853],[-93.6887,41.8001]]]}},{"type":"Feature","properties":{"c":"#00fb90","v0":0.05,"v1":0.25},"geometry":{"type":"Polygon","coordinates":[[[-105.8928,41.6635],[-105.7976,41.7369],[-105.735,41.7744],[-105.705,41.7761],[-105.6883,41.7693],[-105.6848,41.7539],[-105.6913,41.7313],[-105.7077,41.7015],[-105.7063,41.6753],[-105.687,41.6529],[-105.6855,41.6283],[-105.7018,41.6015],[-105.735,41.5793],[-105.785,41.562],[-105.8426,41.5716],[-105.9078,41.6084],[-105.8928,41.6635]],[[-105.774,41.6195],[-105.758,41.6349],[-105.7401,41.6386],[-105.7203,41.6307],[-105.7203,41.6185],[-105.7401,41.6019],[-105.758,41.5981],[-105.774,41.6072],[-105.774,41.6195]]]}},{"type":"Feature","properties":{"c":"#00fb90","v0":0.05,"v1":0.25},"geometry":{"type":"Polygon","coordinates":[[[-93.8951,41.6225],[-93.8517,41.6737],[-93.81,41.7002],[-93.77,41.7019],[-93.7503,41.6838],[-93.7509,41.6458],[-93.7709,41.618],[-93.8103,41.6004],[-93.8517,41.593],[-93.8951,41.5956],[-93.8951,41.6225]]]}},{"type":"Feature","properties":{"c":"#00fb90","v0":0.05,"v1":0.25},"geometry":{"type":"Polygon","coordinates":[[[-90.785,41.6435],[-90.7617,41.6771],[-90.7307,41.6957],[-90.692,41.6996],[-90.6682,41.6791],[-90.6593,41.6342],[-90.6637,41.6045],[-90.6812,41.59],[-90.705,41.5828],[-90.735,41.5829],[-90.7617,41.5939],[-90.785,41.6158],[-90.785,41.6435]]]}},{"type":"Feature","properties":{"c":"#00fb90","v0":0.05,"v1":0.25},"geometry":{"type":"Polygon","coordinates":[[[-92.2473,41.676],[-92.2224,41.6847],[-92.1959,41.6847],[-92.1678,41.676],[-92.1628,41.662],[-92.1809,41.6427],[-92.2074,41.6427],[-92.2423,41.662],[-92.2473,41.676]]]}},{"type":"Feature","properties":{"c":"#00fb90","v0":0.05,"v1":0.25},"geometry":{"type":"Polygon","coordinates":[[[-97.0566,41.587],[-97.0255,41.6273],[-97.0,41.6509],[-96.98,41.658],[-96.9569,41.6565],[-96.9308,41.6467],[-96.9408,41.6224],[-96.9869,41.5839],[-97.02,41.5613],[-97.04,41.5547],[-97.0555,41.5553],[-97.0666,41.563],[-97.0566,41.587]]]}},{"type":"Feature","properties":{"c":"#00fb90","v0":0.05,"v1":0.25},"geometry":{"type":"Polygon","coordinates":[[[-90.4701,41.6207],[-90.4567,41.6383],[-90.44,41.65],[-90.42,41.6556],[-90.3596,41.6318],[-90.2589,41.5786],[-90.2101,41.5482],[-90.2131,41.5407],[-90.2385,41.5315],[-90.2862,41.5206],[-90.34,41.5202],[-90.4,41.5302],[-90.4417,41.5544],[-90.4651,41.5927],[-90.4701,41.6207]]]}},{"type":"Feature","properties":{"c":"#00fb90","v0":0.05,"v1":0.25},"geometry":{"type":"Polygon","coordinates":[[[-106.1995,41.5577],[-106.1932,41.5691],[-106.1877,41.5691],[-106.1831,41.5577],[-106.1831,41.549],[-106.1877,41.5429],[-106.1932,41.5429],[-106.1995,41.549],[-106.1995,41.5577]]]}},{"type":"Feature","properties":{"c":"#00fb90","v0":0.05,"v1":0.25},"geometry":{"type":"Polygon","coordinates":[[[-93.6671,41.3177],[-93.6557,41.3289],[-93.6335,41.3327],[-93.6005,41.3289],[-93.5955,41.3183],[-93.6185,41.3007],[-93.6407,41.2969],[-93.6621,41.307],[-93.6671,41.3177]]]}},{"type":"Feature","properties":{"c":"#00fb90","v0":0.05,"v1":0.25},"geometry":{"type":"Polygon","coordinates":[[[-105.1303,41.1072],[-105.1034,41.119],[-105.0684,41.119],[-105.0251,41.1072],[-105.0251,41.0924],[-105.0684,41.0744],[-105.1034,41.0744],[-105.1303,41.0924],[-105.1303,41.1072]]]}},{"type":"Feature","properties":{"c":"#00fb90","v0":0.05,"v1":0.25},"geometry":{"type":"Polygon","coordinates":[[[-105.6497,40.8862],[-105.6392,40.9391],[-105.6179,40.9714],[-105.586,40.9829],[-105.5703,40.9792],[-105.5709,40.96],[-105.5845,40.9354],[-105.6112,40.9051],[-105.6259,40.8754],[-105.6286,40.8463],[-105.6362,40.8387],[-105.6487,40.8528],[-105.6497,40.8862]]]}},{"type":"Feature","properties":{"c":"#00fb90","v0":0.05,"v1":0.25},"geometry":{"type":"Polygon","coordinates":[[[-106.0686,40.8063],[-106.0562,40.8205],[-106.025,40.8076],[-105.975,40.7677],[-105.9451,40.7303],[-105.9354,40.6954],[-105.9354,40.6749],[-105.9451,40.6686],[-105.9812,40.699],[-106.0436,40.7658],[-106.0686,40.8063]]]}},{"type":"Feature","properties":{"c":"#00fb90","v0":0.05,"v1":0.25},"geometry":{"type":"Polygon","coordinates":[[[-105.6077,40.8106],[-105.5802,40.803],[-105.5673,40.7888],[-105.5691,40.768],[-105.58,40.7589],[-105.6,40.7616],[-105.6129,40.7758],[-105.6186,40.8015],[-105.6077,40.8106]]]}},{"type":"Feature","properties":{"c":"#00fb90","v0":0.05,"v1":0.25},"geometry":{"type":"Polygon","coordinates":[[[-105.5628,40.4092],[-105.5543,40.4189],[-105.5417,40.4227],[-105.525,40.4206],[-105.5213,40.412],[-105.5304,40.3968],[-105.543,40.393],[-105.559,40.4006],[-105.5628,40.4092]]]}},{"type":"Feature","properties":{"c":"#00fb90","v0":0.05,"v1":0.25},"geometry":{"type":"Polygon","coordinates":[[[-106.0391,40.4066],[-106.033,40.411],[-106.02,40.4068],[-106.0,40.3941],[-105.995,40.3844],[-106.005,40.3777],[-106.018,40.3819],[-106.0341,40.3969],[-106.0391,40.4066]]]}},{"type":"Feature","properties":{"c":"#00fb90","v0":0.05,"v1":0.25},"geometry":{"type":"Polygon","coordinates":[[[-105.4823,40.1793],[-105.4663,40.187],[-105.4581,40.187],[-105.4576,40.1793],[-105.4656,40.1755],[-105.482,40.1755],[-105.4823,40.1793]]]}},{"type":"Feature","properties":{"c":"#00fb90","v0":0.05,"v1":0.25},"geometry":{"type":"Polygon","coordinates":[[[-106.3165,39.3878],[-106.2656,39.4419],[-106.2383,39.4959],[-106.2344,39.5499],[-106.2115,39.6039],[-106.1694,39.6578],[-106.1437,39.7016],[-106.1346,39.7353],[-106.1,39.761],[-106.04,39.7787],[-105.98,39.8065],[-105.92,39.8444],[-105.8765,39.8917],[-105.8495,39.9483],[-105.8395,39.983],[-105.8465,39.9959],[-105.8651,40.0035],[-105.8952,40.006],[-105.8802,40.0174],[-105.8201,40.0378],[-105.7687,40.0722],[-105.726,40.1207],[-105.691,40.1465],[-105.6637,40.1496],[-105.58,40.1053],[-105.44,40.0135],[-105.3648,39.943],[-105.3543,39.8938],[-105.3557,39.8538],[-105.3691,39.8231],[-105.3742,39.7885],[-105.371,39.7501],[-105.3796,39.7236],[-105.3999,39.7091],[-105.4348,39.6976],[-105.4843,39.689],[-105.5455,39.6655],[-105.6185,39.627],[-105.6554,39.5807],[-105.6562,39.5268],[-105.7203,39.4419],[-105.8477,39.3259],[-105.9261,39.2467],[-105.9554,39.2045],[-105.98,39.1836],[-106.0,39.1842],[-106.03,39.1983],[-106.07,39.2259],[-106.12,39.2313],[-106.18,39.2146],[-106.225,39.2097],[-106.255,39.2166],[-106.288,39.2552],[-106.324,39.3256],[-106.3165,39.3878]],[[-105.6239,39.8577],[-105.5551,39.9267],[-105.4906,39.9536],[-105.4305,39.9382],[-105.3987,39.9114],[-105.3952,39.873],[-105.4332,39.8423],[-105.5128,39.8193],[-105.5573,39.8001],[-105.5668,39.7847],[-105.5662,39.7693],[-105.5555,39.754],[-105.5623,39.7463],[-105.5865,39.7463],[-105.6136,39.7655],[-105.6434,39.8039],[-105.6239,39.8577]],[[-105.5493,39.7501],[-105.5482,39.7578],[-105.5332,39.7652],[-105.5044,39.7722],[-105.473,39.7684],[-105.439,39.7536],[-105.434,39.7417],[-105.458,39.7327],[-105.4899,39.7327],[-105.5298,39.7417],[-105.5493,39.7501]]]}},{"type":"Feature","properties":{"c":"#00fb90","v0":0.05,"v1":0.25},"geometry":{"type":"Polygon","coordinates":[[[-89.999,40.0022],[-89.913,40.0227],[-89.865,40.0467],[-89.855,40.0741],[-89.8124,40.0715],[-89.7373,40.0389],[-89.7223,40.0018],[-89.7674,39.9602],[-89.853,39.9526],[-89.979,39.9788],[-89.999,40.0022]]]}},{"type":"Feature","properties":{"c":"#00fb90","v0":0.05,"v1":0.25},"geometry":{"type":"Polygon","coordinates":[[[-108.2543,39.8462],[-108.2337,39.8615],[-108.1779,39.8807],[-108.0869,39.9037],[-108.0242,39.9459],[-107.9897,40.0072],[-107.9418,40.046],[-107.8806,40.0623],[-107.8354,40.0661],[-107.8061,40.0575],[-107.8136,40.034],[-107.858,39.9957],[-107.8726,39.9696],[-107.8575,39.9556],[-107.83,39.9464],[-107.79,39.9419],[-107.75,39.9514],[-107.71,39.9747],[-107.67,39.9899],[-107.63,39.997],[-107.56,39.987],[-107.46,39.9599],[-107.4041,39.9347],[-107.3924,39.9115],[-107.3924,39.8915],[-107.4041,39.8748],[-107.43,39.8711],[-107.47,39.8803],[-107.502,39.881],[-107.5259,39.8731],[-107.5366,39.8577],[-107.534,39.8346],[-107.5201,39.8078],[-107.495,39.777],[-107.4893,39.758],[-107.5031,39.7508],[-107.55,39.7456],[-107.63,39.7424],[-107.76,39.7558],[-107.94,39.786],[-108.075,39.7899],[-108.165,39.7676],[-108.2237,39.7769],[-108.251,39.818],[-108.2543,39.8462]],[[-108.1209,39.8421],[-108.1003,39.8495],[-108.0843,39.8495],[-108.073,39.8421],[-108.078,39.8352],[-108.0993,39.8285],[-108.1153,39.8285],[-108.1259,39.8352],[-108.1209,39.8421]],[[-107.9687,39.8467],[-107.9029,39.8632],[-107.8528,39.8594],[-107.8185,39.8352],[-107.8285,39.818],[-107.8828,39.8079],[-107.9329,39.8117],[-107.9787,39.8296],[-107.9687,39.8467]]]}},{"type":"Feature","properties":{"c":"#00fb90","v0":0.05,"v1":0.25},"geometry":{"type":"Polygon","coordinates":[[[-73.0174,39.7386],[-72.9798,39.754],[-72.9656,39.777],[-72.9748,39.8078],[-72.9671,39.8343],[-72.9424,39.8566],[-72.91,39.8749],[-72.87,39.8891],[-72.8409,39.8933],[-72.8226,39.8874],[-72.8126,39.8692],[-72.8109,39.8384],[-72.8237,39.8],[-72.851,39.7539],[-72.901,39.7265],[-72.9737,39.7178],[-73.0166,39.7178],[-73.0297,39.7265],[-73.0174,39.7386]]]}},{"type":"Feature","properties":{"c":"#00fb90","v0":0.05,"v1":0.25},"geometry":{"type":"Polygon","coordinates":[[[-109.1634,39.6623],[-109.1411,39.679],[-109.105,39.6912],[-109.055,39.6988],[-109.015,39.7206],[-108.985,39.7565],[-108.96,39.7784],[-108.94,39.7865],[-108.9,39.7903],[-108.84,39.7897],[-108.74,39.8],[-108.6,39.8212],[-108.5134,39.8296],[-108.4803,39.8253],[-108.5003,39.8008],[-108.5734,39.7561],[-108.63,39.7347],[-108.67,39.7368],[-108.7213,39.7246],[-108.7838,39.698],[-108.8138,39.6768],[-108.8113,39.6611],[-108.77,39.6517],[-108.69,39.6486],[-108.65,39.6388],[-108.65,39.6222],[-108.66,39.6076],[-108.68,39.5949],[-108.755,39.5867],[-108.885,39.5828],[-108.98,39.5716],[-109.04,39.5531],[-109.0833,39.5521],[-109.11,39.5686],[-109.1159,39.5884],[-109.101,39.6116],[-109.1138,39.6308],[-109.1543,39.6462],[-109.1634,39.6623]],[[-108.9553,39.7386],[-108.9464,39.754],[-108.9268,39.7616],[-108.8965,39.7616],[-108.8935,39.7408],[-108.9178,39.6991],[-108.9358,39.6799],[-108.9475,39.6831],[-108.9549,39.6963],[-108.9581,39.7193],[-108.9553,39.7386]]]}},{"type":"Feature","properties":{"c":"#00fb90","v0":0.05,"v1":0.25},"geometry":{"type":"Polygon","coordinates":[[[-103.0393,33.0948],[-103.0229,33.1702],[-102.9825,33.2329],[-102.918,33.2831],[-102.8795,33.3416],[-102.8669,33.4084],[-102.8229,33.4529],[-102.7476,33.4749],[-102.655,33.524],[-102.545,33.6001],[-102.4169,33.7098],[-102.2706,33.853],[-102.1774,33.966],[-102.1373,34.0489],[-102.1211,34.14],[-102.1289,34.2392],[-102.1421,34.3161],[-102.1607,34.3706],[-102.19,34.4024],[-102.23,34.4116],[-102.2604,34.4256],[-102.2813,34.4445],[-102.2725,34.5034],[-102.2341,34.6022],[-102.2072,34.7051],[-102.1919,34.8119],[-102.1965,34.9226],[-102.221,35.0374],[-102.2525,35.1069],[-102.2909,35.1315],[-102.3548,35.205],[-102.4441,35.3275],[-102.4891,35.4135],[-102.4897,35.463],[-102.4762,35.5322],[-102.4486,35.6211],[-102.4356,35.7101],[-102.4373,35.7994],[-102.4473,35.8683],[-102.4655,35.9169],[-102.4885,35.9561],[-102.5162,35.9859],[-102.545,35.996],[-102.575,35.9865],[-102.64,35.9239],[-102.74,35.8083],[-102.8004,35.7454],[-102.8213,35.7354],[-102.8374,35.7832],[-102.8486,35.8886],[-102.8781,35.9845],[-102.926,36.0711],[-102.9532,36.1357],[-102.9595,36.1785],[-102.9316,36.2563],[-102.8694,36.3692],[-102.8352,36.4537],[-102.8291,36.51],[-102.7986,36.5582],[-102.7439,36.5983],[-102.7018,36.6385],[-102.6723,36.6786],[-102.6357,36.7042],[-102.5919,36.7153],[-102.5618,36.7313],[-102.5453,36.7523],[-102.5364,36.7788],[-102.5349,36.8108],[-102.5458,36.8508],[-102.569,36.8988],[-102.5081,37.0586],[-102.3629,37.3295],[-102.2797,37.5201],[-102.2586,37.6311],[-102.2608,37.7181],[-102.2863,37.7814],[-102.296,37.8328],[-102.2898,37.8722],[-102.2926,37.9275],[-102.3043,37.9984],[-102.2957,38.0536],[-102.2667,38.0929],[-102.2608,38.1323],[-102.2778,38.1716],[-102.2713,38.2148],[-102.2413,38.262],[-102.2072,38.3005],[-102.1691,38.3304],[-102.1432,38.3774],[-102.1295,38.4416],[-102.1295,38.4753],[-102.1432,38.4785],[-102.17,38.4688],[-102.21,38.4463],[-102.25,38.4077],[-102.29,38.3531],[-102.315,38.3247],[-102.325,38.3224],[-102.3301,38.3359],[-102.3304,38.3651],[-102.3191,38.4345],[-102.2962,38.5441],[-102.2531,38.6574],[-102.1899,38.7745],[-102.1514,38.8758],[-102.1374,38.9614],[-102.0926,39.0507],[-102.017,39.1439],[-101.9719,39.2136],[-101.9574,39.2601],[-101.9102,39.2901],[-101.8301,39.3036],[-101.7726,39.319],[-101.7379,39.3365],[-101.7249,39.353],[-101.7338,39.3684],[-101.767,39.3878],[-101.8246,39.411],[-101.8526,39.4392],[-101.8509,39.4725],[-101.835,39.5065],[-101.805,39.5412],[-101.785,39.5616],[-101.775,39.5679],[-101.745,39.5678],[-101.695,39.5613],[-101.6437,39.5782],[-101.5912,39.6184],[-101.5062,39.6671],[-101.3887,39.7242],[-101.3249,39.7511],[-101.3147,39.7479],[-101.3235,39.7155],[-101.3514,39.6539],[-101.3655,39.6],[-101.366,39.5538],[-101.3422,39.5198],[-101.2941,39.4983],[-101.235,39.4903],[-101.165,39.4959],[-101.1243,39.4912],[-101.1128,39.4763],[-101.1028,39.4218],[-101.0943,39.3274],[-101.0613,39.2732],[-101.0039,39.2593],[-100.9652,39.2446],[-100.945,39.2291],[-100.9476,39.1749],[-100.9731,39.0818],[-100.9827,39.008],[-100.9765,38.9536],[-100.9783,38.9108],[-100.9883,38.8797],[-100.9875,38.8607],[-100.9758,38.854],[-100.9515,38.8696],[-100.9144,38.9074],[-100.8394,38.9579],[-100.7265,39.0209],[-100.61,39.0586],[-100.49,39.0708],[-100.405,39.0695],[-100.355,39.0546],[-100.3062,39.0558],[-100.2587,39.0731],[-100.1787,39.0832],[-100.0662,39.086],[-99.975,39.095],[-99.905,39.1102],[-99.8347,39.1399],[-99.7642,39.1839],[-99.7092,39.2387],[-99.6697,39.3041],[-99.6385,39.3041],[-99.6156,39.2387],[-99.5873,39.1865],[-99.5536,39.1478],[-99.5567,39.1012],[-99.5966,39.0469],[-99.6162,39.008],[-99.6153,38.9847],[-99.6036,38.9646],[-99.5812,38.9478],[-99.5696,38.9127],[-99.5689,38.8596],[-99.6183,38.7355],[-99.7179,38.5402],[-99.7967,38.411],[-99.8548,38.3483],[-99.8861,38.2934],[-99.8908,38.2463],[-99.9201,38.1441],[-99.9741,37.9866],[-100.0083,37.905],[-100.0228,37.8996],[-100.045,37.904],[-100.075,37.9185],[-100.135,37.9245],[-100.225,37.9222],[-100.2824,37.9138],[-100.3072,37.8992],[-100.3122,37.8812],[-100.2974,37.8598],[-100.2686,37.844],[-100.2259,37.8339],[-100.2135,37.813],[-100.2316,37.7814],[-100.2373,37.726],[-100.2305,37.6469],[-100.2365,37.5914],[-100.2554,37.5597],[-100.2462,37.5345],[-100.2087,37.5158],[-100.1876,37.492],[-100.1827,37.4631],[-100.1953,37.4169],[-100.2254,37.3533],[-100.2378,37.2983],[-100.2326,37.2518],[-100.225,37.2248],[-100.215,37.2173],[-100.1693,37.2446],[-100.088,37.3065],[-100.028,37.3432],[-99.9893,37.3549],[-99.95,37.3898],[-99.91,37.4479],[-99.88,37.4777],[-99.86,37.479],[-99.8336,37.4719],[-99.8007,37.4564],[-99.768,37.4209],[-99.7355,37.3653],[-99.7329,37.2579],[-99.7605,37.0985],[-99.7712,36.9987],[-99.7651,36.9588],[-99.7541,36.9381],[-99.738,36.9368],[-99.705,36.9664],[-99.655,37.0268],[-99.6086,37.1073],[-99.5659,37.2077],[-99.5038,37.3016],[-99.4223,37.3891],[-99.3782,37.4487],[-99.3717,37.4804],[-99.3502,37.5161],[-99.3138,37.5558],[-99.2931,37.5994],[-99.2883,37.6469],[-99.2723,37.6944],[-99.245,37.7419],[-99.201,37.778],[-99.1403,37.8027],[-99.0954,37.8106],[-99.0663,37.8017],[-99.0362,37.7735],[-99.0052,37.726],[-99.0048,37.6849],[-99.0349,37.6501],[-99.0569,37.6145],[-99.0708,37.578],[-99.0808,37.5234],[-99.0869,37.4506],[-99.075,37.4116],[-99.045,37.4062],[-99.02,37.3917],[-99.0,37.3681],[-98.97,37.3607],[-98.93,37.3694],[-98.9029,37.3647],[-98.8886,37.3465],[-98.9003,37.2977],[-98.9379,37.2181],[-98.9907,37.1424],[-99.0585,37.0706],[-99.1518,36.952],[-99.2706,36.7864],[-99.34,36.7044],[-99.36,36.7062],[-99.3734,36.717],[-99.3801,36.7368],[-99.3776,36.7788],[-99.3659,36.8428],[-99.3702,36.9028],[-99.3907,36.9588],[-99.3982,37.0285],[-99.3927,37.1119],[-99.43,37.1041],[-99.51,37.005],[-99.5923,36.9313],[-99.6769,36.883],[-99.7182,36.8388],[-99.7162,36.7988],[-99.7289,36.7628],[-99.7563,36.7309],[-99.79,36.7091],[-99.83,36.6973],[-99.875,36.6717],[-99.925,36.6324],[-99.9586,36.6142],[-99.9757,36.617],[-99.9901,36.6304],[-100.0019,36.6545],[-100.0183,36.6715],[-100.0394,36.6813],[-100.075,36.6547],[-100.125,36.5917],[-100.175,36.5626],[-100.225,36.5675],[-100.2612,36.562],[-100.2836,36.5461],[-100.2971,36.5301],[-100.3016,36.514],[-100.296,36.4899],[-100.2802,36.4577],[-100.2891,36.3732],[-100.3225,36.2362],[-100.3351,36.1474],[-100.3267,36.107],[-100.2994,36.0894],[-100.2531,36.0946],[-100.2302,36.0704],[-100.2306,36.0166],[-100.2679,35.9412],[-100.3419,35.844],[-100.4788,35.706],[-100.6785,35.5272],[-100.7869,35.3928],[-100.804,35.303],[-100.8069,35.2454],[-100.7956,35.2198],[-100.775,35.2044],[-100.745,35.1991],[-100.7054,35.2078],[-100.6563,35.2305],[-100.5713,35.3149],[-100.4504,35.4608],[-100.355,35.5582],[-100.285,35.6074],[-100.235,35.6368],[-100.205,35.6465],[-100.17,35.6464],[-100.13,35.6365],[-100.09,35.6344],[-100.05,35.6402],[-99.97,35.6811],[-99.85,35.7569],[-99.755,35.807],[-99.685,35.8315],[-99.635,35.8447],[-99.605,35.8468],[-99.58,35.8331],[-99.56,35.8039],[-99.5297,35.7827],[-99.4892,35.7695],[-99.4591,35.7304],[-99.4394,35.6654],[-99.4444,35.6167],[-99.4741,35.5841],[-99.5092,35.5638],[-99.5497,35.5556],[-99.59,35.5394],[-99.63,35.5153],[-99.695,35.5027],[-99.785,35.5016],[-99.8308,35.5178],[-99.8325,35.5512],[-99.8425,35.5735],[-99.8608,35.5849],[-99.905,35.5749],[-99.975,35.5435],[-100.0599,35.489],[-100.1598,35.4113],[-100.2325,35.3398],[-100.2781,35.2745],[-100.3207,35.2255],[-100.3604,35.1928],[-100.3887,35.1437],[-100.4055,35.0783],[-100.4013,35.0414],[-100.3759,35.0333],[-100.3726,35.0128],[-100.3915,34.98],[-100.4023,34.939],[-100.405,34.8898],[-100.4572,34.8281],[-100.5591,34.7538],[-100.6344,34.6839],[-100.6833,34.6185],[-100.7077,34.5734],[-100.7076,34.5487],[-100.6891,34.5157],[-100.6523,34.4745],[-100.6288,34.4374],[-100.6185,34.4044],[-100.5898,34.3673],[-100.5426,34.326],[-100.5367,34.2822],[-100.5722,34.2358],[-100.615,34.199],[-100.665,34.1717],[-100.702,34.137],[-100.7259,34.0948],[-100.7559,34.0616],[-100.792,34.0374],[-100.8213,34.0084],[-100.8438,33.9746],[-100.8468,33.9203],[-100.8302,33.8456],[-100.8161,33.7209],[-100.8044,33.5461],[-100.8314,33.4556],[-100.8971,33.4497],[-100.9399,33.4414],[-100.9597,33.4305],[-100.9776,33.4084],[-100.9935,33.375],[-101.0007,33.3207],[-100.999,33.2455],[-101.0061,33.2023],[-101.022,33.1912],[-101.05,33.1891],[-101.09,33.1958],[-101.1217,33.193],[-101.145,33.1806],[-101.1731,33.1409],[-101.206,33.0738],[-101.231,33.0068],[-101.2481,32.9397],[-101.27,32.9008],[-101.2967,32.8901],[-101.3263,32.8943],[-101.3588,32.9134],[-101.3879,32.9732],[-101.4137,33.0738],[-101.4325,33.1266],[-101.4442,33.1315],[-101.47,33.1209],[-101.51,33.0947],[-101.5507,33.0545],[-101.592,33.0003],[-101.677,32.9223],[-101.8057,32.8203],[-101.905,32.7763],[-101.975,32.7902],[-102.03,32.8212],[-102.07,32.8692],[-102.13,32.8819],[-102.21,32.8593],[-102.2777,32.8247],[-102.3332,32.7781],[-102.385,32.7464],[-102.4334,32.7296],[-102.4657,32.7122],[-102.4819,32.6943],[-102.51,32.6886],[-102.55,32.6951],[-102.61,32.691],[-102.69,32.6763],[-102.77,32.6327],[-102.85,32.5603],[-102.8882,32.5439],[-102.8845,32.5835],[-102.8871,32.6117],[-102.8959,32.6286],[-102.9127,32.6426],[-102.9376,32.6537],[-102.9442,32.6789],[-102.9327,32.7183],[-102.9351,32.7548],[-102.9516,32.7885],[-102.9474,32.8473],[-102.9226,32.9313],[-102.9251,32.9906],[-102.955,33.0254],[-102.985,33.0415],[-103.015,33.0388],[-103.0344,33.0424],[-103.0431,33.0522],[-103.0393,33.0948]],[[-101.4924,38.6496],[-101.4305,38.7823],[-101.4019,38.8563],[-101.4067,38.8719],[-101.4265,38.8875],[-101.4613,38.903],[-101.4793,38.9225],[-101.4806,38.9458],[-101.4646,38.9964],[-101.4314,39.074],[-101.3961,39.1322],[-101.3588,39.171],[-101.3333,39.2059],[-101.3195,39.2369],[-101.302,39.2538],[-101.2807,39.2566],[-101.273,39.2373],[-101.2789,39.1957],[-101.2709,39.1633],[-101.249,39.14],[-101.2453,39.0973],[-101.26,39.0352],[-101.2546,38.9847],[-101.2292,38.9458],[-101.2158,38.9147],[-101.2143,38.8913],[-101.2693,38.8018],[-101.3809,38.6457],[-101.4501,38.5599],[-101.4767,38.5445],[-101.4983,38.5484],[-101.515,38.5716],[-101.4924,38.6496]],[[-102.8349,33.1898],[-102.725,33.3211],[-102.66,33.3929],[-102.64,33.4055],[-102.615,33.4124],[-102.585,33.4135],[-102.531,33.4711],[-102.4529,33.585],[-102.3456,33.7126],[-102.209,33.8539],[-102.0328,34.0074],[-101.8169,34.1731],[-101.671,34.3095],[-101.5951,34.4168],[-101.5606,34.5652],[-101.5678,34.7544],[-101.591,34.8908],[-101.6303,34.9748],[-101.66,35.0246],[-101.68,35.0402],[-101.7,35.0464],[-101.72,35.0434],[-101.755,35.0158],[-101.805,34.9638],[-101.8562,34.9648],[-101.9085,35.0186],[-101.9235,35.0664],[-101.9012,35.1081],[-101.875,35.1174],[-101.845,35.0944],[-101.8197,35.0899],[-101.7991,35.104],[-101.7924,35.1233],[-101.7996,35.1478],[-101.8319,35.1764],[-101.8894,35.2091],[-101.9181,35.2418],[-101.9181,35.2745],[-101.9015,35.303],[-101.8683,35.3275],[-101.8664,35.3561],[-101.8959,35.3887],[-101.9248,35.4458],[-101.9531,35.5272],[-101.933,35.6044],[-101.8643,35.6775],[-101.82,35.7634],[-101.8,35.862],[-101.8,35.9101],[-101.82,35.9076],[-101.905,35.8428],[-102.055,35.7154],[-102.14,35.6488],[-102.16,35.6431],[-102.1714,35.6465],[-102.1742,35.6591],[-102.1703,35.6776],[-102.1596,35.702],[-102.1363,35.7263],[-102.1003,35.7507],[-102.0898,35.7913],[-102.105,35.848],[-102.0848,35.9533],[-102.0291,36.107],[-102.0026,36.2362],[-102.0055,36.341],[-102.0018,36.4054],[-101.9916,36.4295],[-101.9774,36.453],[-101.9591,36.4756],[-101.905,36.5076],[-101.815,36.5487],[-101.73,36.6031],[-101.65,36.6705],[-101.569,36.7269],[-101.487,36.7722],[-101.4163,36.8748],[-101.357,37.0347],[-101.313,37.1358],[-101.2843,37.1784],[-101.25,37.1985],[-101.21,37.1959],[-101.1845,37.1985],[-101.1736,37.2062],[-101.1426,37.2778],[-101.0917,37.4129],[-101.0839,37.5042],[-101.1192,37.5518],[-101.1371,37.5875],[-101.1374,37.6113],[-101.1273,37.635],[-101.1065,37.6588],[-101.1004,37.6944],[-101.1088,37.7419],[-101.0832,37.7893],[-101.0235,37.8367],[-100.9778,37.8849],[-100.9459,37.934],[-100.8878,37.9813],[-100.8033,38.0269],[-100.774,38.0654],[-100.7997,38.0969],[-100.801,38.1284],[-100.7778,38.1598],[-100.7669,38.1913],[-100.7683,38.2227],[-100.7543,38.2516],[-100.7248,38.278],[-100.7063,38.2741],[-100.6988,38.2398],[-100.7015,38.2109],[-100.7144,38.1873],[-100.7162,38.1559],[-100.7069,38.1166],[-100.7081,38.0811],[-100.72,38.0496],[-100.7158,38.0181],[-100.6955,37.9866],[-100.6921,37.9275],[-100.7055,37.8406],[-100.7105,37.7498],[-100.7073,37.6548],[-100.7408,37.4844],[-100.8111,37.238],[-100.8495,37.0546],[-100.856,36.9348],[-100.8536,36.8628],[-100.8423,36.8388],[-100.8485,36.8108],[-100.8722,36.7788],[-100.9041,36.6746],[-100.9443,36.4979],[-100.9873,36.3933],[-101.0331,36.3611],[-101.0845,36.2965],[-101.1415,36.1994],[-101.188,36.0662],[-101.224,35.8965],[-101.2398,35.7629],[-101.2353,35.6654],[-101.2135,35.5638],[-101.1744,35.458],[-101.1268,35.3887],[-101.0709,35.3561],[-101.0418,35.2663],[-101.0397,35.1192],[-101.0121,34.9964],[-100.9593,34.898],[-100.944,34.7749],[-100.9661,34.6269],[-100.9576,34.5528],[-100.9184,34.5528],[-100.8877,34.4663],[-100.8654,34.293],[-100.8382,34.204],[-100.8061,34.1997],[-100.7872,34.1914],[-100.7817,34.1792],[-100.8117,34.142],[-100.8772,34.0797],[-100.9322,34.0176],[-100.9765,33.9555],[-101.0103,33.883],[-101.0336,33.7999],[-101.0768,33.7168],[-101.1398,33.6335],[-101.184,33.5502],[-101.2093,33.4668],[-101.2178,33.3959],[-101.2093,33.3374],[-101.2192,33.2747],[-101.2473,33.2078],[-101.2735,33.171],[-101.2978,33.1644],[-101.3192,33.1685],[-101.3376,33.1836],[-101.3513,33.2204],[-101.3604,33.2789],[-101.3463,33.3333],[-101.3091,33.3834],[-101.2954,33.4136],[-101.3051,33.4239],[-101.32,33.4257],[-101.34,33.419],[-101.3579,33.4055],[-101.3738,33.3852],[-101.3803,33.3583],[-101.3774,33.3249],[-101.3878,33.2915],[-101.4115,33.258],[-101.505,33.1609],[-101.6683,33.0],[-101.76,32.9171],[-101.78,32.9123],[-101.7966,32.9174],[-101.8099,32.9322],[-101.8092,32.9774],[-101.7945,33.0529],[-101.7915,33.1283],[-101.8003,33.2036],[-101.811,33.2462],[-101.8237,33.2561],[-101.87,33.2394],[-101.95,33.1959],[-102.015,33.149],[-102.065,33.0987],[-102.11,33.0759],[-102.15,33.0806],[-102.215,33.0481],[-102.305,32.9782],[-102.37,32.9357],[-102.41,32.9205],[-102.4377,32.9154],[-102.453,32.9204],[-102.4627,32.9313],[-102.4669,32.948],[-102.4565,32.9984],[-102.4314,33.0822],[-102.4467,33.1323],[-102.5022,33.1486],[-102.5365,33.1695],[-102.5496,33.1951],[-102.5746,33.2082],[-102.6115,33.2088],[-102.685,33.1804],[-102.795,33.123],[-102.86,33.1018],[-102.8799,33.1167],[-102.8349,33.1898]],[[-100.4893,38.2328],[-100.4498,38.2529],[-100.425,38.2594],[-100.415,38.2521],[-100.4098,38.2303],[-100.4093,38.1938],[-100.4243,38.1638],[-100.4548,38.1402],[-100.4798,38.152],[-100.4993,38.1991],[-100.4893,38.2328]],[[-99.9292,36.8748],[-99.8986,36.9708],[-99.87,37.0255],[-99.8433,37.039],[-99.8269,36.9991],[-99.8206,36.9056],[-99.8245,36.8348],[-99.8387,36.7868],[-99.8569,36.749],[-99.879,36.7214],[-99.8999,36.7094],[-99.9198,36.7129],[-99.9335,36.7427],[-99.9409,36.7988],[-99.9292,36.8748]],[[-99.6216,37.0227],[-99.5535,37.1583],[-99.4457,37.3136],[-99.2982,37.4884],[-99.2208,37.6181],[-99.2136,37.7029],[-99.185,37.7523],[-99.135,37.7663],[-99.105,37.7635],[-99.0949,37.7438],[-99.0914,37.7063],[-99.0945,37.6509],[-99.1145,37.5585],[-99.1515,37.4291],[-99.185,37.3693],[-99.215,37.3793],[-99.2372,37.3805],[-99.2515,37.373],[-99.3077,37.3096],[-99.4057,37.1902],[-99.477,37.0945],[-99.5216,37.0227],[-99.5654,36.974],[-99.6085,36.9484],[-99.6364,36.9404],[-99.6492,36.95],[-99.6216,37.0227]],[[-99.3614,37.0427],[-99.3596,37.0905],[-99.3515,37.1255],[-99.3372,37.1476],[-99.31,37.1615],[-99.27,37.1672],[-99.2325,37.18],[-99.1974,37.2001],[-99.1789,37.1822],[-99.1771,37.1264],[-99.1697,37.0931],[-99.1566,37.0822],[-99.1,37.134],[-99.0,37.2485],[-98.9559,37.2778],[-98.9677,37.222],[-99.0083,37.1623],[-99.0778,37.0985],[-99.1669,36.9849],[-99.2756,36.8212],[-99.3357,36.7412],[-99.3471,36.7449],[-99.3521,36.7577],[-99.3507,36.7798],[-99.3258,36.8358],[-99.2775,36.9258],[-99.2775,36.9753],[-99.3258,36.9843],[-99.3531,36.9963],[-99.3592,37.0112],[-99.3614,37.0427]],[[-101.3092,32.9577],[-101.2964,32.9603],[-101.29,32.9553],[-101.29,32.9426],[-101.295,32.9358],[-101.305,32.9349],[-101.3114,32.9399],[-101.3142,32.9509],[-101.3092,32.9577]],[[-100.8085,36.8508],[-100.7751,36.8988],[-100.7413,36.9103],[-100.7071,36.8852],[-100.6901,36.8532],[-100.6902,36.8143],[-100.7002,36.7711],[-100.7201,36.7238],[-100.74,36.7001],[-100.76,36.7001],[-100.7769,36.7078],[-100.7906,36.7231],[-100.8044,36.7547],[-100.8182,36.8028],[-100.8085,36.8508]],[[-100.4571,38.0861],[-100.4524,38.0959],[-100.445,38.0924],[-100.435,38.0754],[-100.4374,38.0704],[-100.4521,38.0776],[-100.4571,38.0861]],[[-100.444,36.0302],[-100.4204,36.0464],[-100.4119,36.0464],[-100.4186,36.0302],[-100.4304,36.0221],[-100.4474,36.0221],[-100.444,36.0302]]]}},{"type":"Feature","properties":{"c":"#00fb90","v0":0.05,"v1":0.25},"geometry":{"type":"Polygon","coordinates":[[[-86.3694,39.6753],[-86.3565,39.6872],[-86.3424,39.6872],[-86.3273,39.6753],[-86.3273,39.6646],[-86.3424,39.655],[-86.3565,39.655],[-86.3694,39.6646],[-86.3694,39.6753]]]}},{"type":"Feature","properties":{"c":"#00fb90","v0":0.05,"v1":0.25},"geometry":{"type":"Polygon","coordinates":[[[-105.6044,39.2485],[-105.5848,39.2717],[-105.5419,39.2834],[-105.4757,39.2834],[-105.4645,39.2654],[-105.5082,39.2294],[-105.545,39.2114],[-105.575,39.2116],[-105.5961,39.2179],[-105.6082,39.2306],[-105.6044,39.2485]]]}},{"type":"Feature","properties":{"c":"#00fb90","v0":0.05,"v1":0.25},"geometry":{"type":"Polygon","coordinates":[[[-105.1414,39.1826],[-105.1308,39.1981],[-105.1042,39.2136],[-105.0614,39.2291],[-105.0576,39.2183],[-105.0925,39.181],[-105.1192,39.1655],[-105.1375,39.1718],[-105.1414,39.1826]]]}},{"type":"Feature","properties":{"c":"#00fb90","v0":0.05,"v1":0.25},"geometry":{"type":"Polygon","coordinates":[[[-69.4677,39.1816],[-69.4292,39.2261],[-69.4043,39.2299],[-69.3929,39.1932],[-69.4029,39.1645],[-69.4343,39.1437],[-69.4592,39.1398],[-69.4777,39.1529],[-69.4677,39.1816]]]}},{"type":"Feature","properties":{"c":"#00fb90","v0":0.05,"v1":0.25},"geometry":{"type":"Polygon","coordinates":[[[-107.9242,39.0406],[-107.9014,39.0513],[-107.815,39.055],[-107.665,39.0515],[-107.58,39.0545],[-107.56,39.064],[-107.535,39.0879],[-107.505,39.1262],[-107.475,39.1335],[-107.445,39.1096],[-107.412,39.0976],[-107.3759,39.0974],[-107.3348,39.0896],[-107.2886,39.074],[-107.2817,39.0454],[-107.3139,39.0036],[-107.34,38.9824],[-107.36,38.9816],[-107.39,38.9899],[-107.43,39.0072],[-107.464,38.9896],[-107.492,38.9371],[-107.522,38.905],[-107.554,38.8934],[-107.5829,38.8895],[-107.6086,38.8933],[-107.6336,38.9094],[-107.6579,38.9377],[-107.695,38.9607],[-107.745,38.9785],[-107.8,38.9866],[-107.86,38.9851],[-107.9014,38.9971],[-107.9242,39.0225],[-107.9242,39.0406]]]}},{"type":"Feature","properties":{"c":"#00fb90","v0":0.05,"v1":0.25},"geometry":{"type":"Polygon","coordinates":[[[-107.1914,39.1052],[-107.1771,39.121],[-107.1553,39.1288],[-107.1259,39.1285],[-107.1209,39.1192],[-107.1403,39.1008],[-107.1621,39.093],[-107.1864,39.0959],[-107.1914,39.1052]]]}},{"type":"Feature","properties":{"c":"#00fb90","v0":0.05,"v1":0.25},"geometry":{"type":"Polygon","coordinates":[[[-105.3861,38.9071],[-105.3087,38.9931],[-105.255,39.0448],[-105.225,39.0625],[-105.1967,39.0701],[-105.17,39.0676],[-105.1522,39.0507],[-105.1434,39.0197],[-105.1464,38.9925],[-105.1612,38.9691],[-105.2139,38.9349],[-105.3046,38.8897],[-105.3687,38.8664],[-105.4061,38.8649],[-105.3861,38.9071]]]}},{"type":"Feature","properties":{"c":"#00fb90","v0":0.05,"v1":0.25},"geometry":{"type":"Polygon","coordinates":[[[-108.7098,38.9186],[-108.7016,38.9341],[-108.6856,38.9432],[-108.6619,38.9459],[-108.595,38.9343],[-108.485,38.9084],[-108.4149,38.876],[-108.3848,38.8369],[-108.3733,38.8018],[-108.3804,38.7706],[-108.3676,38.7394],[-108.3349,38.7082],[-108.3189,38.6809],[-108.3198,38.6574],[-108.3277,38.6405],[-108.3426,38.6301],[-108.365,38.6281],[-108.395,38.6346],[-108.43,38.6634],[-108.47,38.7144],[-108.4907,38.7593],[-108.492,38.798],[-108.522,38.8305],[-108.5807,38.8568],[-108.6298,38.8723],[-108.6695,38.8772],[-108.6955,38.8875],[-108.7078,38.903],[-108.7098,38.9186]],[[-108.6604,38.9108],[-108.6397,38.9108],[-108.6345,38.9077],[-108.6448,38.9014],[-108.6552,38.9014],[-108.6655,38.9077],[-108.6604,38.9108]],[[-108.5502,38.8841],[-108.5234,38.8929],[-108.4987,38.889],[-108.4761,38.8724],[-108.4811,38.8593],[-108.5137,38.8498],[-108.5384,38.8536],[-108.5552,38.871],[-108.5502,38.8841]]]}},{"type":"Feature","properties":{"c":"#00fb90","v0":0.05,"v1":0.25},"geometry":{"type":"Polygon","coordinates":[[[-104.8016,38.7828],[-104.7805,38.8072],[-104.7544,38.8189],[-104.7231,38.8179],[-104.7181,38.8024],[-104.7394,38.7724],[-104.76,38.7546],[-104.78,38.7489],[-104.7955,38.7522],[-104.8066,38.7645],[-104.8016,38.7828]]]}},{"type":"Feature","properties":{"c":"#00fb90","v0":0.05,"v1":0.25},"geometry":{"type":"Polygon","coordinates":[[[-107.5338,38.6692],[-107.5147,38.6848],[-107.4882,38.6887],[-107.4543,38.6809],[-107.4505,38.6701],[-107.4768,38.6564],[-107.5033,38.6525],[-107.53,38.6584],[-107.5338,38.6692]]]}},{"type":"Feature","properties":{"c":"#00fb90","v0":0.05,"v1":0.25},"geometry":{"type":"Polygon","coordinates":[[[-95.7002,38.598],[-95.6801,38.6275],[-95.66,38.6429],[-95.64,38.6444],[-95.6269,38.6413],[-95.6208,38.6338],[-95.6258,38.6215],[-95.6419,38.6043],[-95.6651,38.5926],[-95.6952,38.5863],[-95.7002,38.598]]]}},{"type":"Feature","properties":{"c":"#00fb90","v0":0.05,"v1":0.25},"geometry":{"type":"Polygon","coordinates":[[[-108.3899,38.5773],[-108.3766,38.5967],[-108.36,38.6096],[-108.34,38.6162],[-108.2908,38.6144],[-108.2123,38.604],[-108.165,38.5832],[-108.1489,38.5519],[-108.0984,38.5128],[-108.0135,38.4659],[-107.9576,38.4228],[-107.9306,38.3836],[-107.9154,38.344],[-107.9118,38.3041],[-107.8995,38.2727],[-107.8786,38.2498],[-107.8736,38.2296],[-107.8845,38.212],[-107.905,38.1994],[-107.935,38.1917],[-107.9641,38.2084],[-107.9924,38.2494],[-108.0041,38.2816],[-107.9991,38.3051],[-108.0011,38.3208],[-108.01,38.3287],[-108.0402,38.3444],[-108.0918,38.3679],[-108.1457,38.4097],[-108.2019,38.4697],[-108.265,38.5076],[-108.335,38.5235],[-108.3766,38.5405],[-108.3899,38.5585],[-108.3899,38.5773]],[[-108.1118,38.4659],[-108.0635,38.4502],[-108.0392,38.4345],[-108.0388,38.4189],[-108.0515,38.4107],[-108.0772,38.4102],[-108.1015,38.4258],[-108.1245,38.4577],[-108.1118,38.4659]]]}},{"type":"Feature","properties":{"c":"#00fb90","v0":0.05,"v1":0.25},"geometry":{"type":"Polygon","coordinates":[[[-108.4063,34.458],[-108.3455,34.4993],[-108.2974,34.5569],[-108.2621,34.631],[-108.215,34.6968],[-108.156,34.7544],[-108.1074,34.7882],[-108.0691,34.7985],[-108.04,34.8135],[-108.02,34.8332],[-107.97,34.842],[-107.89,34.84],[-107.83,34.8493],[-107.79,34.8697],[-107.7702,34.9008],[-107.7707,34.9427],[-107.7637,34.98],[-107.7492,35.0128],[-107.715,35.0619],[-107.661,35.1274],[-107.638,35.1659],[-107.646,35.1776],[-107.67,35.188],[-107.71,35.1971],[-107.77,35.1856],[-107.85,35.1536],[-107.92,35.1409],[-107.98,35.1474],[-108.045,35.119],[-108.115,35.0554],[-108.1606,35.0373],[-108.1818,35.0646],[-108.2171,35.0906],[-108.2663,35.1151],[-108.2857,35.1501],[-108.2752,35.1954],[-108.2439,35.2362],[-108.1918,35.2726],[-108.1651,35.3234],[-108.1638,35.3887],[-108.1389,35.4295],[-108.0903,35.4458],[-108.0528,35.4743],[-108.0266,35.515],[-107.9851,35.5557],[-107.9286,35.5963],[-107.8949,35.6451],[-107.8841,35.702],[-107.8865,35.7465],[-107.9022,35.7788],[-107.9336,35.7869],[-107.9807,35.7709],[-108.0272,35.7304],[-108.0729,35.6654],[-108.1143,35.585],[-108.1514,35.4891],[-108.205,35.4358],[-108.275,35.4251],[-108.3108,35.4364],[-108.3124,35.4698],[-108.3015,35.5028],[-108.2781,35.5353],[-108.2613,35.576],[-108.2512,35.6248],[-108.1471,35.7489],[-107.949,35.948],[-107.78,36.0789],[-107.64,36.1418],[-107.5602,36.1961],[-107.5405,36.2416],[-107.5055,36.2701],[-107.4552,36.2816],[-107.4161,36.2977],[-107.3882,36.3185],[-107.3682,36.3554],[-107.3561,36.4083],[-107.355,36.4383],[-107.365,36.4454],[-107.39,36.4457],[-107.43,36.4393],[-107.4558,36.4415],[-107.4673,36.4523],[-107.4473,36.4753],[-107.3958,36.5104],[-107.3663,36.5425],[-107.3588,36.5717],[-107.3688,36.5929],[-107.3963,36.6062],[-107.455,36.6105],[-107.545,36.6059],[-107.604,36.6073],[-107.6321,36.6147],[-107.6371,36.6271],[-107.619,36.6445],[-107.575,36.6649],[-107.505,36.6885],[-107.455,36.6974],[-107.425,36.6917],[-107.4,36.6773],[-107.38,36.6543],[-107.355,36.6481],[-107.325,36.6588],[-107.2954,36.6968],[-107.2661,36.7621],[-107.2644,36.8068],[-107.2904,36.8308],[-107.2901,36.8687],[-107.2634,36.9205],[-107.2166,36.9725],[-107.1497,37.0246],[-107.1147,37.1117],[-107.1116,37.2337],[-107.0783,37.3291],[-107.0149,37.3983],[-106.9808,37.4685],[-106.9761,37.5399],[-106.9935,37.5994],[-107.0329,37.6469],[-107.0408,37.726],[-107.017,37.8367],[-106.9676,37.9235],[-106.8928,37.9866],[-106.834,38.0209],[-106.7913,38.0264],[-106.74,38.0447],[-106.68,38.0758],[-106.6423,38.1203],[-106.6268,38.1781],[-106.5915,38.2227],[-106.5363,38.2541],[-106.4898,38.2934],[-106.452,38.3405],[-106.4718,38.3953],[-106.549,38.458],[-106.5782,38.5148],[-106.5594,38.5656],[-106.52,38.5976],[-106.46,38.6108],[-106.3999,38.6089],[-106.3396,38.5918],[-106.3035,38.5793],[-106.2916,38.5715],[-106.2723,38.5324],[-106.2456,38.4619],[-106.2626,38.411],[-106.3231,38.3797],[-106.33,38.3326],[-106.2831,38.2698],[-106.2895,38.1755],[-106.3492,38.0496],[-106.3817,37.9824],[-106.3872,37.9739],[-106.415,37.9642],[-106.465,37.9533],[-106.4997,37.9379],[-106.5191,37.9178],[-106.536,37.8683],[-106.5505,37.7893],[-106.5508,37.7373],[-106.5369,37.7124],[-106.52,37.6946],[-106.5,37.684],[-106.4727,37.6846],[-106.4382,37.6964],[-106.4082,37.7148],[-106.3827,37.7397],[-106.35,37.7463],[-106.31,37.7348],[-106.275,37.7314],[-106.245,37.7363],[-106.19,37.7833],[-106.11,37.8726],[-106.045,37.9209],[-105.995,37.9284],[-105.9483,37.9458],[-105.9049,37.973],[-105.8799,38.0063],[-105.8733,38.0457],[-105.8749,38.0664],[-105.885,38.0685],[-105.915,38.0646],[-105.965,38.0548],[-106.015,38.0521],[-106.065,38.0565],[-106.115,38.0483],[-106.165,38.0275],[-106.2073,38.0252],[-106.2419,38.0415],[-106.2319,38.084],[-106.1773,38.1528],[-106.0963,38.2078],[-105.9888,38.2492],[-105.9188,38.2906],[-105.8863,38.3321],[-105.85,38.3302],[-105.81,38.2851],[-105.78,38.2581],[-105.76,38.2493],[-105.735,38.2456],[-105.705,38.2471],[-105.66,38.2688],[-105.6,38.3107],[-105.535,38.3206],[-105.465,38.2984],[-105.4187,38.279],[-105.3961,38.2624],[-105.3849,38.2423],[-105.385,38.2188],[-105.399,38.1913],[-105.427,38.1598],[-105.4682,38.1323],[-105.5226,38.1087],[-105.55,38.0811],[-105.5503,38.0496],[-105.5422,38.0142],[-105.5256,37.9748],[-105.4886,37.9354],[-105.4312,37.8959],[-105.3941,37.8604],[-105.3775,37.8288],[-105.3844,37.7932],[-105.4149,37.7537],[-105.4352,37.6984],[-105.4452,37.6271],[-105.471,37.5558],[-105.5123,37.4844],[-105.5273,37.4455],[-105.5158,37.4391],[-105.465,37.4529],[-105.375,37.4869],[-105.29,37.5314],[-105.21,37.5864],[-105.1603,37.6043],[-105.1408,37.5852],[-105.137,37.5558],[-105.149,37.5161],[-105.1431,37.4765],[-105.1194,37.4368],[-105.1127,37.3851],[-105.123,37.3215],[-105.196,37.2539],[-105.3317,37.1822],[-105.4213,37.1264],[-105.4649,37.0865],[-105.5275,37.058],[-105.6092,37.0408],[-105.6874,37.0128],[-105.7622,36.9741],[-105.8232,36.9228],[-105.8705,36.8588],[-105.8831,36.8222],[-105.861,36.8129],[-105.825,36.8139],[-105.775,36.8252],[-105.7074,36.8618],[-105.6222,36.9238],[-105.5522,36.9643],[-105.4974,36.9834],[-105.445,36.9922],[-105.395,36.9906],[-105.3729,36.9531],[-105.3786,36.8796],[-105.4286,36.8403],[-105.5229,36.8352],[-105.6,36.8215],[-105.66,36.799],[-105.7307,36.7495],[-105.812,36.6728],[-105.8879,36.6104],[-105.9582,36.5622],[-105.9978,36.526],[-106.0068,36.5019],[-105.9993,36.4818],[-105.9754,36.4657],[-105.9571,36.4416],[-105.9445,36.4094],[-105.942,36.3772],[-105.9496,36.345],[-106.0025,36.2697],[-106.1008,36.151],[-106.17,36.0814],[-106.21,36.0608],[-106.2496,36.0596],[-106.2888,36.0777],[-106.3138,36.1031],[-106.3246,36.1355],[-106.3442,36.1436],[-106.3727,36.1273],[-106.3907,36.0989],[-106.3982,36.0585],[-106.4187,36.0181],[-106.4522,35.9776],[-106.4692,35.9452],[-106.4697,35.921],[-106.4855,35.8805],[-106.5167,35.8237],[-106.5262,35.7791],[-106.514,35.7466],[-106.5105,35.7223],[-106.5159,35.706],[-106.5372,35.6857],[-106.5747,35.6614],[-106.6245,35.6167],[-106.6868,35.5516],[-106.7493,35.4987],[-106.8121,35.458],[-106.8705,35.3969],[-106.9246,35.3153],[-106.9462,35.2668],[-106.9354,35.2515],[-106.89,35.2346],[-106.81,35.2161],[-106.7657,35.1952],[-106.7571,35.1718],[-106.8171,35.106],[-106.9457,34.9976],[-107.03,34.9344],[-107.07,34.9164],[-107.13,34.8729],[-107.21,34.8036],[-107.275,34.7775],[-107.325,34.7946],[-107.3653,34.8022],[-107.3959,34.8004],[-107.4136,34.7913],[-107.4184,34.7749],[-107.4079,34.7544],[-107.3821,34.7297],[-107.3736,34.7051],[-107.3826,34.6804],[-107.3979,34.6598],[-107.4193,34.6432],[-107.455,34.6289],[-107.505,34.6168],[-107.58,34.5744],[-107.68,34.5017],[-107.745,34.4611],[-107.775,34.4527],[-107.82,34.4684],[-107.88,34.5082],[-107.925,34.5238],[-107.955,34.5153],[-107.983,34.4844],[-108.0089,34.4311],[-108.0021,34.3838],[-107.9626,34.3425],[-107.9546,34.2922],[-107.9782,34.2327],[-108.01,34.1862],[-108.05,34.1527],[-108.095,34.1284],[-108.145,34.1133],[-108.185,34.1074],[-108.215,34.1108],[-108.2347,34.1277],[-108.2442,34.1579],[-108.2792,34.1881],[-108.3397,34.2182],[-108.3736,34.2678],[-108.3808,34.3369],[-108.3975,34.3879],[-108.4236,34.4209],[-108.4063,34.458]],[[-106.684,37.3573],[-106.568,37.3971],[-106.46,37.4197],[-106.36,37.4252],[-106.3113,37.4411],[-106.3138,37.4673],[-106.3061,37.4884],[-106.2882,37.5042],[-106.227,37.5244],[-106.1223,37.5489],[-106.0575,37.5529],[-106.0326,37.5363],[-106.0565,37.5082],[-106.1293,37.4685],[-106.1687,37.4368],[-106.1747,37.4129],[-106.1867,37.3931],[-106.2046,37.3772],[-106.2009,37.3533],[-106.1755,37.3215],[-106.1796,37.2941],[-106.2132,37.2711],[-106.253,37.2631],[-106.2989,37.2702],[-106.3376,37.2937],[-106.369,37.3335],[-106.416,37.3425],[-106.4787,37.3208],[-106.568,37.3168],[-106.684,37.3306],[-106.684,37.3573]],[[-106.3605,36.9788],[-106.3485,37.0586],[-106.3344,37.1107],[-106.3181,37.135],[-106.3,37.1513],[-106.28,37.1596],[-106.23,37.165],[-106.15,37.1675],[-106.0997,37.1751],[-106.079,37.1878],[-106.0673,37.2459],[-106.0646,37.3494],[-106.0578,37.409],[-106.0469,37.4248],[-106.0186,37.4398],[-105.9729,37.4538],[-105.93,37.4562],[-105.89,37.447],[-105.8629,37.4321],[-105.8488,37.4114],[-105.8486,37.3692],[-105.8625,37.3056],[-105.8861,37.2579],[-105.9194,37.226],[-105.9401,37.1503],[-105.9481,37.0307],[-105.9648,36.9468],[-105.9903,36.8988],[-105.9963,36.8588],[-105.9827,36.8268],[-105.9796,36.8028],[-105.987,36.7868],[-106.0305,36.7522],[-106.1102,36.699],[-106.165,36.6702],[-106.195,36.6657],[-106.2195,36.6723],[-106.2386,36.6899],[-106.2487,36.7147],[-106.25,36.7467],[-106.2368,36.7948],[-106.2092,36.8588],[-106.1791,36.9068],[-106.1466,36.9388],[-106.1452,36.9594],[-106.1751,36.9686],[-106.1967,36.9566],[-106.2101,36.9234],[-106.2301,36.9034],[-106.2567,36.8964],[-106.2896,36.8964],[-106.3289,36.9034],[-106.353,36.9148],[-106.362,36.9308],[-106.3605,36.9788]],[[-105.787,38.0497],[-105.7623,38.0813],[-105.74,38.0946],[-105.72,38.0894],[-105.715,38.0726],[-105.725,38.0442],[-105.74,38.0259],[-105.76,38.0176],[-105.7773,38.0185],[-105.792,38.0288],[-105.787,38.0497]],[[-105.6898,37.9849],[-105.6766,38.0131],[-105.6566,38.0288],[-105.6298,38.0322],[-105.6152,38.0142],[-105.6127,37.9748],[-105.6261,37.9524],[-105.6554,37.9472],[-105.6766,37.9511],[-105.6898,37.9643],[-105.6898,37.9849]],[[-105.6041,37.7565],[-105.5814,37.8015],[-105.56,37.8259],[-105.54,37.8298],[-105.5186,37.8271],[-105.4957,37.8177],[-105.4806,37.8051],[-105.4732,37.7893],[-105.4797,37.7659],[-105.4999,37.7349],[-105.53,37.7181],[-105.57,37.7155],[-105.5964,37.7191],[-105.6091,37.729],[-105.6041,37.7565]],[[-105.9081,37.0466],[-105.8955,37.1663],[-105.8494,37.2473],[-105.7698,37.2897],[-105.6617,37.3255],[-105.5252,37.3547],[-105.454,37.3613],[-105.4483,37.3454],[-105.4536,37.3255],[-105.4699,37.3016],[-105.451,37.2882],[-105.397,37.2852],[-105.365,37.2691],[-105.355,37.2398],[-105.37,37.2176],[-105.41,37.2023],[-105.46,37.1651],[-105.52,37.1062],[-105.57,37.0727],[-105.61,37.0647],[-105.69,37.0309],[-105.81,36.9713],[-105.8796,36.9448],[-105.8987,36.9515],[-105.9098,36.9628],[-105.9129,36.9788],[-105.9081,37.0466]],[[-105.3624,37.3275],[-105.3541,37.3394],[-105.3442,37.3434],[-105.3325,37.3394],[-105.3325,37.3302],[-105.3442,37.3159],[-105.3541,37.3119],[-105.3624,37.3183],[-105.3624,37.3275]],[[-106.2311,36.4939],[-106.2228,36.5341],[-106.1865,36.5847],[-106.1222,36.6459],[-106.055,36.6915],[-105.985,36.7217],[-105.925,36.7386],[-105.875,36.7423],[-105.8467,36.7408],[-105.8402,36.7341],[-105.8435,36.7187],[-105.8567,36.6946],[-105.8949,36.6577],[-105.9583,36.6078],[-106.038,36.5516],[-106.134,36.489],[-106.1953,36.4617],[-106.2219,36.4698],[-106.2311,36.4939]],[[-108.2027,34.6434],[-108.1954,34.6598],[-108.1814,34.672],[-108.1605,34.68],[-108.125,34.6875],[-108.075,34.6946],[-108.0419,34.6907],[-108.0256,34.6756],[-108.0231,34.6557],[-108.0343,34.631],[-108.0524,34.6138],[-108.0775,34.604],[-108.1082,34.5999],[-108.1447,34.6014],[-108.1738,34.6104],[-108.1955,34.6269],[-108.2027,34.6434]],[[-108.1347,35.7278],[-108.1182,35.755],[-108.0966,35.7713],[-108.0699,35.7765],[-108.0599,35.7588],[-108.0666,35.7182],[-108.085,35.6947],[-108.115,35.6881],[-108.1332,35.6922],[-108.1397,35.7068],[-108.1347,35.7278]],[[-107.9124,35.8867],[-107.8041,35.972],[-107.74,36.0121],[-107.72,36.007],[-107.6945,35.9765],[-107.6634,35.9206],[-107.6573,35.8764],[-107.6762,35.844],[-107.7167,35.8087],[-107.7789,35.7707],[-107.8226,35.7585],[-107.8478,35.7722],[-107.8578,35.8005],[-107.8526,35.8433],[-107.875,35.8561],[-107.925,35.8389],[-107.9541,35.8338],[-107.9624,35.8406],[-107.9124,35.8867]],[[-107.1754,36.8461],[-107.1318,36.8846],[-107.0949,36.9006],[-107.0646,36.8941],[-107.0546,36.8778],[-107.0649,36.8517],[-107.095,36.8321],[-107.145,36.819],[-107.1768,36.8161],[-107.1904,36.8232],[-107.1754,36.8461]],[[-106.9013,37.7771],[-106.8804,37.8002],[-106.825,37.8207],[-106.735,37.8386],[-106.6775,37.8389],[-106.6526,37.8216],[-106.6362,37.7932],[-106.6283,37.7537],[-106.6328,37.7181],[-106.6496,37.6865],[-106.676,37.6667],[-106.712,37.6587],[-106.765,37.6682],[-106.835,37.6952],[-106.8804,37.723],[-106.9013,37.7514],[-106.9013,37.7771]],[[-106.9069,37.0343],[-106.8556,37.0974],[-106.815,37.1259],[-106.785,37.1197],[-106.745,37.1385],[-106.695,37.1822],[-106.655,37.1952],[-106.625,37.1775],[-106.58,37.1859],[-106.52,37.2204],[-106.4794,37.2387],[-106.4582,37.2409],[-106.4564,37.2181],[-106.474,37.1703],[-106.5197,37.1185],[-106.5936,37.0626],[-106.6254,37.0203],[-106.6151,36.9916],[-106.6027,36.9757],[-106.5881,36.9724],[-106.5831,36.9654],[-106.5877,36.9546],[-106.6,36.9523],[-106.62,36.9585],[-106.66,36.9569],[-106.72,36.9477],[-106.765,36.9355],[-106.795,36.9202],[-106.8406,36.9351],[-106.9019,36.9802],[-106.9069,37.0343]],[[-106.4344,36.7277],[-106.4181,36.7538],[-106.398,36.7698],[-106.374,36.7758],[-106.3593,36.7587],[-106.3539,36.7187],[-106.3659,36.6953],[-106.3953,36.6887],[-106.4181,36.6928],[-106.4344,36.7074],[-106.4344,36.7277]],[[-106.2849,36.3753],[-106.2616,36.4038],[-106.225,36.4183],[-106.175,36.4189],[-106.1398,36.4127],[-106.1193,36.3998],[-106.1172,36.3812],[-106.1333,36.3571],[-106.1585,36.3378],[-106.1928,36.3235],[-106.225,36.3172],[-106.255,36.3189],[-106.2766,36.3301],[-106.2899,36.3508],[-106.2849,36.3753]],[[-105.8061,37.536],[-105.8019,37.5518],[-105.7923,37.5633],[-105.7774,37.5703],[-105.75,37.5666],[-105.71,37.5521],[-105.685,37.5473],[-105.675,37.5522],[-105.65,37.5773],[-105.61,37.6228],[-105.575,37.645],[-105.545,37.6437],[-105.5259,37.6381],[-105.5178,37.6281],[-105.516,37.6033],[-105.5207,37.5637],[-105.5498,37.5183],[-105.6033,37.467],[-105.645,37.4406],[-105.675,37.4391],[-105.6978,37.4568],[-105.7135,37.4937],[-105.7385,37.5109],[-105.7728,37.5083],[-105.7946,37.5123],[-105.8037,37.5228],[-105.8061,37.536]],[[-108.1217,34.4965],[-108.1006,34.5158],[-108.075,34.526],[-108.045,34.527],[-108.04,34.5108],[-108.06,34.4773],[-108.08,34.4589],[-108.1,34.4554],[-108.1156,34.4619],[-108.1267,34.4786],[-108.1217,34.4965]],[[-107.3362,36.5008],[-107.3187,36.5227],[-107.265,36.5505],[-107.175,36.5843],[-107.115,36.6133],[-107.085,36.6374],[-107.04,36.6527],[-106.98,36.6592],[-106.94,36.6584],[-106.92,36.6502],[-106.9104,36.6392],[-106.9111,36.6253],[-106.929,36.6023],[-106.9638,36.5702],[-106.9797,36.5461],[-106.9767,36.5301],[-106.9592,36.51],[-106.9273,36.4858],[-106.926,36.4619],[-106.9553,36.4383],[-107.0,36.4266],[-107.06,36.4269],[-107.12,36.4136],[-107.18,36.3867],[-107.23,36.3713],[-107.27,36.3675],[-107.2953,36.3685],[-107.3059,36.3743],[-107.3094,36.3853],[-107.3058,36.4014],[-107.3142,36.4295],[-107.3347,36.4698],[-107.3362,36.5008]],[[-106.8113,36.7677],[-106.7171,36.8097],[-106.66,36.8316],[-106.64,36.8335],[-106.6231,36.8285],[-106.6094,36.8167],[-106.6103,36.7948],[-106.6259,36.7628],[-106.6528,36.736],[-106.6909,36.7146],[-106.735,36.7029],[-106.785,36.7007],[-106.8221,36.7114],[-106.8463,36.7349],[-106.8113,36.7677]],[[-106.5405,36.5416],[-106.5202,36.5487],[-106.4927,36.5447],[-106.4582,36.5296],[-106.4532,36.5153],[-106.4777,36.5019],[-106.5052,36.5059],[-106.5355,36.5274],[-106.5405,36.5416]],[[-106.3943,36.2039],[-106.3736,36.212],[-106.3694,36.2079],[-106.3818,36.1918],[-106.3922,36.1878],[-106.4005,36.1958],[-106.3943,36.2039]],[[-106.2865,36.1474],[-106.2683,36.2039],[-106.249,36.2442],[-106.2286,36.2684],[-106.1913,36.291],[-106.1371,36.312],[-106.0992,36.32],[-106.0775,36.3152],[-106.0614,36.2967],[-106.0509,36.2644],[-106.0642,36.2241],[-106.1014,36.1757],[-106.1475,36.1332],[-106.2025,36.0966],[-106.24,36.0797],[-106.26,36.0824],[-106.2764,36.0926],[-106.2892,36.1103],[-106.2865,36.1474]],[[-107.9709,35.2342],[-107.957,35.2518],[-107.91,35.2713],[-107.83,35.2928],[-107.775,35.3308],[-107.745,35.3853],[-107.705,35.4159],[-107.655,35.4224],[-107.6223,35.4409],[-107.6069,35.4713],[-107.6134,35.5068],[-107.6418,35.5475],[-107.6549,35.5882],[-107.6528,35.6289],[-107.6232,35.6614],[-107.5663,35.6857],[-107.5058,35.7198],[-107.4419,35.7636],[-107.385,35.7937],[-107.335,35.8102],[-107.2844,35.8451],[-107.2333,35.8984],[-107.193,35.9533],[-107.1635,36.01],[-107.1261,36.0585],[-107.0811,36.0989],[-107.06,36.1272],[-107.0631,36.1434],[-107.076,36.1557],[-107.0987,36.1643],[-107.14,36.1544],[-107.2,36.1259],[-107.2516,36.0853],[-107.2949,36.0324],[-107.3299,35.9988],[-107.3566,35.9846],[-107.4,35.981],[-107.46,35.988],[-107.4965,36.0072],[-107.5095,36.0387],[-107.5339,36.0626],[-107.5697,36.0787],[-107.5867,36.0909],[-107.5851,36.0989],[-107.5507,36.1181],[-107.4836,36.1483],[-107.41,36.1649],[-107.33,36.1681],[-107.245,36.1879],[-107.155,36.2245],[-107.08,36.266],[-107.02,36.3124],[-106.98,36.3367],[-106.96,36.339],[-106.925,36.3314],[-106.875,36.3138],[-106.83,36.3226],[-106.79,36.3578],[-106.73,36.3895],[-106.65,36.4178],[-106.5625,36.4263],[-106.4675,36.415],[-106.4206,36.3973],[-106.4219,36.3732],[-106.4644,36.3278],[-106.5481,36.261],[-106.65,36.2315],[-106.77,36.2395],[-106.8364,36.2366],[-106.8492,36.2229],[-106.8142,36.2051],[-106.7314,36.1833],[-106.66,36.1777],[-106.6,36.1883],[-106.5612,36.1911],[-106.5436,36.1862],[-106.5417,36.1676],[-106.5555,36.1353],[-106.5996,36.0909],[-106.6739,36.0343],[-106.7177,35.9655],[-106.731,35.8845],[-106.6939,35.8115],[-106.6064,35.7466],[-106.6099,35.6695],[-106.7045,35.5801],[-106.7613,35.5297],[-106.7804,35.5186],[-106.7981,35.5145],[-106.8144,35.5175],[-106.8494,35.5545],[-106.9031,35.6253],[-106.945,35.6639],[-106.975,35.6702],[-107.0037,35.6592],[-107.0312,35.6309],[-107.0419,35.6085],[-107.0361,35.5923],[-107.0424,35.5738],[-107.0608,35.5532],[-107.0726,35.5247],[-107.0777,35.4884],[-107.1027,35.4486],[-107.1476,35.4053],[-107.1821,35.3849],[-107.2063,35.3874],[-107.2213,35.421],[-107.2271,35.4856],[-107.25,35.5096],[-107.29,35.493],[-107.3137,35.4892],[-107.3211,35.4983],[-107.3361,35.5027],[-107.3587,35.5025],[-107.3874,35.4943],[-107.4221,35.4782],[-107.4571,35.4479],[-107.4924,35.4034],[-107.54,35.3624],[-107.6,35.3252],[-107.6637,35.2985],[-107.7312,35.2825],[-107.7706,35.2581],[-107.7821,35.2255],[-107.7984,35.2011],[-107.8195,35.1851],[-107.855,35.1729],[-107.905,35.1644],[-107.942,35.1765],[-107.9659,35.2091],[-107.9709,35.2342]],[[-107.5841,35.2403],[-107.5614,35.2699],[-107.535,35.2889],[-107.505,35.2972],[-107.485,35.2987],[-107.475,35.2931],[-107.4689,35.2782],[-107.4666,35.254],[-107.4716,35.2325],[-107.4839,35.2138],[-107.51,35.2013],[-107.55,35.1948],[-107.5764,35.2],[-107.5891,35.217],[-107.5841,35.2403]],[[-107.8464,34.6146],[-107.7954,34.7051],[-107.7524,34.7667],[-107.7176,34.7995],[-107.6955,34.8447],[-107.6862,34.9021],[-107.6904,34.9513],[-107.7083,34.9923],[-107.708,35.0292],[-107.6895,35.0619],[-107.6677,35.0846],[-107.6426,35.0972],[-107.61,35.1035],[-107.57,35.1034],[-107.524,35.0889],[-107.472,35.06],[-107.422,35.0433],[-107.374,35.0389],[-107.3328,35.0471],[-107.2985,35.0679],[-107.2738,35.0947],[-107.2587,35.1274],[-107.2287,35.1478],[-107.1838,35.156],[-107.1613,35.1315],[-107.1612,35.0742],[-107.1483,35.0327],[-107.1228,35.0069],[-107.0893,34.9987],[-107.0478,35.0081],[-107.0278,35.0002],[-107.0293,34.9751],[-107.05,34.9595],[-107.09,34.9535],[-107.1203,34.9333],[-107.1409,34.8989],[-107.1759,34.867],[-107.2253,34.8379],[-107.275,34.8427],[-107.325,34.8816],[-107.3942,34.8798],[-107.4826,34.8372],[-107.5406,34.7995],[-107.5683,34.7667],[-107.5638,34.742],[-107.527,34.7256],[-107.506,34.7051],[-107.501,34.6804],[-107.5564,34.628],[-107.6721,34.5479],[-107.74,34.5067],[-107.76,34.5047],[-107.79,34.5114],[-107.83,34.5268],[-107.8555,34.5432],[-107.8664,34.5606],[-107.8464,34.6146]],[[-107.0307,35.1042],[-107.0169,35.1233],[-106.9952,35.1315],[-106.9656,35.1288],[-106.9491,35.1233],[-106.9455,35.1151],[-106.9553,35.1003],[-106.9784,35.0787],[-107.0019,35.0746],[-107.0257,35.088],[-107.0307,35.1042]],[[-107.453,34.6886],[-107.4284,34.6968],[-107.4196,34.6954],[-107.4265,34.6843],[-107.4388,34.6802],[-107.4564,34.6831],[-107.453,34.6886]]]}},{"type":"Feature","properties":{"c":"#00fb90","v0":0.05,"v1":0.25},"geometry":{"type":"Polygon","coordinates":[[[-95.9527,38.5754],[-95.9436,38.591],[-95.9218,38.6062],[-95.8873,38.6208],[-95.8677,38.6247],[-95.8631,38.6179],[-95.8731,38.6],[-95.8977,38.5711],[-95.9218,38.5594],[-95.9454,38.5648],[-95.9527,38.5754]]]}},{"type":"Feature","properties":{"c":"#00fb90","v0":0.05,"v1":0.25},"geometry":{"type":"Polygon","coordinates":[[[-105.9248,38.5239],[-105.8883,38.5617],[-105.879,38.5617],[-105.8971,38.5239],[-105.9154,38.505],[-105.9339,38.505],[-105.9248,38.5239]]]}},{"type":"Feature","properties":{"c":"#00fb90","v0":0.05,"v1":0.25},"geometry":{"type":"Polygon","coordinates":[[[-109.1276,38.4986],[-109.1159,38.5172],[-109.105,38.526],[-109.095,38.5251],[-109.0168,38.5002],[-108.8703,38.4512],[-108.8053,38.4234],[-108.8218,38.4169],[-108.86,38.4224],[-108.92,38.44],[-108.985,38.4519],[-109.055,38.4583],[-109.1009,38.4685],[-109.1226,38.4824],[-109.1276,38.4986]]]}},{"type":"Feature","properties":{"c":"#00fb90","v0":0.05,"v1":0.25},"geometry":{"type":"Polygon","coordinates":[[[-109.271,38.2955],[-109.2437,38.3155],[-109.2003,38.3194],[-109.1408,38.3073],[-109.1373,38.3208],[-109.1898,38.3601],[-109.2146,38.3863],[-109.2115,38.3994],[-109.2,38.4083],[-109.18,38.4127],[-109.145,38.4087],[-109.095,38.3963],[-109.06,38.3786],[-109.04,38.3556],[-109.01,38.3426],[-108.97,38.3398],[-108.93,38.3291],[-108.89,38.3106],[-108.8,38.2928],[-108.66,38.2758],[-108.575,38.277],[-108.545,38.2967],[-108.505,38.3096],[-108.455,38.3159],[-108.422,38.3107],[-108.4059,38.2939],[-108.4109,38.2714],[-108.437,38.2432],[-108.475,38.2201],[-108.525,38.2023],[-108.5938,38.1889],[-108.6815,38.18],[-108.7329,38.1638],[-108.7481,38.1402],[-108.7538,38.0969],[-108.7501,38.0339],[-108.7537,38.0006],[-108.7646,37.9971],[-108.81,38.0161],[-108.89,38.0576],[-108.94,38.0976],[-108.96,38.136],[-109.025,38.1656],[-109.135,38.1864],[-109.2137,38.219],[-109.261,38.2634],[-109.271,38.2955]],[[-109.0819,38.2278],[-109.0606,38.2381],[-109.03,38.2406],[-108.99,38.2354],[-108.9626,38.2303],[-108.9477,38.2252],[-108.938,38.2148],[-108.9333,38.1991],[-108.9457,38.1891],[-108.9752,38.1849],[-109.0156,38.1927],[-109.0669,38.2127],[-109.0819,38.2278]],[[-108.9209,38.1209],[-108.9136,38.1374],[-108.895,38.1467],[-108.865,38.1487],[-108.835,38.1389],[-108.805,38.1174],[-108.7868,38.0963],[-108.7805,38.0757],[-108.7855,38.0623],[-108.8018,38.0561],[-108.83,38.0587],[-108.87,38.0699],[-108.8986,38.0848],[-108.9159,38.1034],[-108.9209,38.1209]],[[-108.7204,38.2427],[-108.7001,38.2513],[-108.6773,38.2513],[-108.652,38.2427],[-108.6406,38.2345],[-108.6432,38.2266],[-108.6559,38.2212],[-108.6786,38.2181],[-108.7001,38.2221],[-108.7204,38.233],[-108.7204,38.2427]],[[-108.5268,38.26],[-108.5156,38.2719],[-108.495,38.2771],[-108.465,38.2758],[-108.46,38.266],[-108.48,38.2477],[-108.5006,38.2424],[-108.5218,38.2502],[-108.5268,38.26]],[[-109.2343,38.2857],[-109.2048,38.2861],[-109.1725,38.2704],[-109.1375,38.2386],[-109.1375,38.2217],[-109.1725,38.2196],[-109.2048,38.2353],[-109.2343,38.2688],[-109.2343,38.2857]]]}},{"type":"Feature","properties":{"c":"#00fb90","v0":0.05,"v1":0.25},"geometry":{"type":"Polygon","coordinates":[[[-105.2157,38.2855],[-105.1875,38.3169],[-105.1476,38.3355],[-105.0959,38.3414],[-105.05,38.3396],[-105.01,38.3301],[-104.97,38.3126],[-104.93,38.2871],[-104.895,38.2725],[-104.865,38.2688],[-104.844,38.2598],[-104.8319,38.2455],[-104.8419,38.2242],[-104.874,38.1958],[-104.905,38.178],[-104.935,38.1709],[-104.955,38.1836],[-104.965,38.2162],[-104.995,38.2317],[-105.045,38.2303],[-105.11,38.2396],[-105.1899,38.2598],[-105.2157,38.2855]],[[-105.1547,38.2907],[-105.1382,38.301],[-105.1134,38.301],[-105.0803,38.2907],[-105.0886,38.2855],[-105.1382,38.2855],[-105.1547,38.2907]]]}},{"type":"Feature","properties":{"c":"#00fb90","v0":0.05,"v1":0.25},"geometry":{"type":"Polygon","coordinates":[[[-94.2991,38.2788],[-94.2797,38.2968],[-94.2597,38.3007],[-94.239,38.2906],[-94.239,38.2763],[-94.2597,38.2578],[-94.2797,38.2539],[-94.2991,38.2645],[-94.2991,38.2788]]]}},{"type":"Feature","properties":{"c":"#00fb90","v0":0.05,"v1":0.25},"geometry":{"type":"Polygon","coordinates":[[[-111.473,38.0334],[-111.4577,38.0639],[-111.43,38.0946],[-111.39,38.1257],[-111.34,38.1266],[-111.28,38.0975],[-111.285,38.0577],[-111.355,38.0073],[-111.4076,37.9832],[-111.4428,37.9855],[-111.4655,37.9945],[-111.4756,38.0103],[-111.473,38.0334]]]}},{"type":"Feature","properties":{"c":"#00fb90","v0":0.05,"v1":0.25},"geometry":{"type":"Polygon","coordinates":[[[-107.8349,38.1171],[-107.805,38.1259],[-107.7835,38.1141],[-107.7704,38.0816],[-107.7754,38.0661],[-107.7985,38.0676],[-107.82,38.0794],[-107.8399,38.1015],[-107.8349,38.1171]]]}},{"type":"Feature","properties":{"c":"#00fb90","v0":0.05,"v1":0.25},"geometry":{"type":"Polygon","coordinates":[[[-105.2498,37.8446],[-105.1668,37.9393],[-105.0965,37.9985],[-105.0388,38.0224],[-104.995,38.0463],[-104.965,38.0704],[-104.93,38.0869],[-104.89,38.0958],[-104.845,38.0962],[-104.795,38.088],[-104.75,38.0939],[-104.71,38.1138],[-104.68,38.1217],[-104.66,38.1179],[-104.6254,38.1033],[-104.5762,38.078],[-104.5381,38.0496],[-104.5111,38.0181],[-104.4845,37.9511],[-104.4583,37.8485],[-104.4564,37.7843],[-104.4788,37.7585],[-104.5207,37.7387],[-104.5821,37.725],[-104.6119,37.6984],[-104.6101,37.6588],[-104.6191,37.6152],[-104.6389,37.5677],[-104.5839,37.5439],[-104.454,37.5439],[-104.3636,37.5201],[-104.3125,37.4725],[-104.2864,37.4368],[-104.2851,37.4129],[-104.3045,37.3812],[-104.3448,37.3414],[-104.3862,37.3178],[-104.4287,37.3104],[-104.505,37.3046],[-104.615,37.3005],[-104.6737,37.3002],[-104.6812,37.3038],[-104.6726,37.3215],[-104.6481,37.3533],[-104.6593,37.3741],[-104.7064,37.384],[-104.77,37.3811],[-104.85,37.3656],[-104.9,37.3611],[-104.92,37.3675],[-104.9307,37.3823],[-104.9321,37.4054],[-104.9144,37.4368],[-104.8777,37.4765],[-104.8706,37.5082],[-104.8933,37.532],[-104.905,37.5637],[-104.9057,37.6033],[-104.8865,37.6746],[-104.8473,37.7774],[-104.8228,37.8525],[-104.8128,37.8999],[-104.8134,37.9324],[-104.8245,37.95],[-104.8477,37.9579],[-104.8831,37.956],[-104.9205,37.9275],[-104.9598,37.8722],[-105.0371,37.8168],[-105.1524,37.761],[-105.226,37.7334],[-105.258,37.7338],[-105.2783,37.7498],[-105.287,37.7814],[-105.2498,37.8446]],[[-104.8557,37.6667],[-104.8139,37.7537],[-104.7902,37.8485],[-104.7847,37.9511],[-104.759,38.0146],[-104.713,38.0391],[-104.68,38.0507],[-104.66,38.0493],[-104.6168,38.0292],[-104.5504,37.9903],[-104.513,37.9235],[-104.5044,37.8288],[-104.5126,37.7767],[-104.5375,37.7673],[-104.59,37.7638],[-104.67,37.7662],[-104.7236,37.763],[-104.7507,37.7542],[-104.7409,37.7181],[-104.6941,37.6548],[-104.684,37.6073],[-104.7105,37.5756],[-104.7503,37.5567],[-104.8034,37.5506],[-104.8388,37.5546],[-104.8565,37.5686],[-104.8682,37.5875],[-104.8738,37.6113],[-104.8557,37.6667]],[[-104.8929,37.4129],[-104.8804,37.4368],[-104.8581,37.4593],[-104.826,37.4807],[-104.74,37.4968],[-104.6,37.5076],[-104.5,37.5067],[-104.44,37.4942],[-104.3867,37.4702],[-104.3402,37.4347],[-104.3302,37.3981],[-104.3567,37.3606],[-104.395,37.3364],[-104.445,37.3256],[-104.4913,37.3245],[-104.5338,37.3331],[-104.5588,37.3531],[-104.5663,37.3845],[-104.615,37.4019],[-104.705,37.4052],[-104.78,37.4017],[-104.84,37.3913],[-104.8773,37.3899],[-104.8919,37.3973],[-104.8929,37.4129]],[[-105.2407,37.8081],[-105.2202,37.83],[-105.1897,37.8379],[-105.1492,37.8318],[-105.1492,37.8133],[-105.1897,37.7824],[-105.2202,37.7744],[-105.2407,37.7896],[-105.2407,37.8081]],[[-105.0845,37.9162],[-105.0748,37.9331],[-105.0539,37.9371],[-105.0218,37.928],[-105.0068,37.9166],[-105.0089,37.9029],[-105.02,37.8905],[-105.04,37.8794],[-105.0598,37.8824],[-105.0795,37.8993],[-105.0845,37.9162]],[[-104.932,38.0224],[-104.9307,38.0309],[-104.92,38.0348],[-104.9001,38.0342],[-104.9007,38.03],[-104.922,38.0221],[-104.932,38.0224]]]}},{"type":"Feature","properties":{"c":"#00fb90","v0":0.05,"v1":0.25},"geometry":{"type":"Polygon","coordinates":[[[-108.4389,38.0161],[-108.4063,38.0436],[-108.335,38.0519],[-108.225,38.0411],[-108.1637,38.0313],[-108.151,38.0225],[-108.1446,38.0024],[-108.1444,37.9708],[-108.1657,37.9456],[-108.2086,37.9266],[-108.24,37.9055],[-108.26,37.8823],[-108.28,37.8693],[-108.3,37.8666],[-108.34,37.8878],[-108.4,37.9329],[-108.4363,37.9672],[-108.4489,37.9906],[-108.4389,38.0161]]]}},{"type":"Feature","properties":{"c":"#00fb90","v0":0.05,"v1":0.25},"geometry":{"type":"Polygon","coordinates":[[[-111.7074,37.9719],[-111.6825,37.9739],[-111.664,37.97],[-111.652,37.96],[-111.6565,37.9511],[-111.6775,37.9433],[-111.696,37.9472],[-111.7119,37.963],[-111.7074,37.9719]]]}},{"type":"Feature","properties":{"c":"#00fb90","v0":0.05,"v1":0.25},"geometry":{"type":"Polygon","coordinates":[[[-108.6295,37.8819],[-108.6165,37.8934],[-108.6,37.8993],[-108.58,37.8995],[-108.555,37.8878],[-108.525,37.864],[-108.485,37.848],[-108.435,37.8399],[-108.4092,37.8301],[-108.4077,37.8187],[-108.4227,37.8045],[-108.4542,37.7876],[-108.48,37.7925],[-108.5,37.8192],[-108.53,37.8326],[-108.57,37.8324],[-108.6015,37.8433],[-108.6245,37.8652],[-108.6295,37.8819]]]}},{"type":"Feature","properties":{"c":"#00fb90","v0":0.05,"v1":0.25},"geometry":{"type":"Polygon","coordinates":[[[-109.4684,37.8175],[-109.4561,37.8265],[-109.4451,37.8265],[-109.4353,37.8175],[-109.4353,37.8091],[-109.4451,37.8014],[-109.4561,37.8014],[-109.4684,37.8091],[-109.4684,37.8175]]]}},{"type":"Feature","properties":{"c":"#00fb90","v0":0.05,"v1":0.25},"geometry":{"type":"Polygon","coordinates":[[[-112.5661,37.7427],[-112.5554,37.7603],[-112.54,37.7729],[-112.52,37.7804],[-112.51,37.769],[-112.51,37.7386],[-112.52,37.7219],[-112.54,37.7187],[-112.5554,37.7213],[-112.5661,37.7297],[-112.5661,37.7427]]]}},{"type":"Feature","properties":{"c":"#00fb90","v0":0.05,"v1":0.25},"geometry":{"type":"Polygon","coordinates":[[[-111.6941,37.6786],[-111.6848,37.6944],[-111.6626,37.7098],[-111.6275,37.7247],[-111.5889,37.7286],[-111.5467,37.7216],[-111.5277,37.7102],[-111.5317,37.6944],[-111.5478,37.6794],[-111.5759,37.6653],[-111.61,37.6562],[-111.65,37.6522],[-111.6772,37.6553],[-111.6916,37.6655],[-111.6941,37.6786]],[[-111.6108,37.6904],[-111.5924,37.6984],[-111.5849,37.6981],[-111.5883,37.6897],[-111.5975,37.6858],[-111.6125,37.6862],[-111.6108,37.6904]]]}},{"type":"Feature","properties":{"c":"#00fb90","v0":0.05,"v1":0.25},"geometry":{"type":"Polygon","coordinates":[[[-108.8605,37.7119],[-108.8402,37.731],[-108.8089,37.7231],[-108.7668,37.6881],[-108.7668,37.6673],[-108.8089,37.6607],[-108.8402,37.6686],[-108.8605,37.6911],[-108.8605,37.7119]]]}},{"type":"Feature","properties":{"c":"#00fb90","v0":0.05,"v1":0.25},"geometry":{"type":"Polygon","coordinates":[[[-103.5301,37.6033],[-103.518,37.6271],[-103.4914,37.6528],[-103.4505,37.6805],[-103.405,37.6942],[-103.355,37.6939],[-103.3,37.7026],[-103.24,37.7204],[-103.19,37.7272],[-103.15,37.7232],[-103.1242,37.7165],[-103.1125,37.707],[-103.1205,37.6825],[-103.148,37.6429],[-103.1788,37.6138],[-103.2129,37.5952],[-103.2465,37.5873],[-103.2795,37.5901],[-103.3045,37.6047],[-103.3215,37.6311],[-103.365,37.6261],[-103.435,37.5897],[-103.48,37.5709],[-103.5,37.5697],[-103.5165,37.5747],[-103.5296,37.5859],[-103.5301,37.6033]],[[-103.2786,37.6528],[-103.2595,37.6805],[-103.2321,37.6923],[-103.1963,37.6884],[-103.1773,37.6786],[-103.1754,37.6627],[-103.1833,37.6453],[-103.2011,37.6263],[-103.225,37.6149],[-103.255,37.6112],[-103.2745,37.6167],[-103.2836,37.6316],[-103.2786,37.6528]],[[-103.4832,37.6192],[-103.4611,37.643],[-103.438,37.6548],[-103.4139,37.6548],[-103.4125,37.6429],[-103.4338,37.6192],[-103.457,37.6073],[-103.4819,37.6073],[-103.4832,37.6192]]]}},{"type":"Feature","properties":{"c":"#00fb90","v0":0.05,"v1":0.25},"geometry":{"type":"Polygon","coordinates":[[[-112.6977,37.6223],[-112.6926,37.6841],[-112.665,37.6898],[-112.615,37.6396],[-112.55,37.6156],[-112.47,37.6178],[-112.4235,37.6081],[-112.4104,37.5864],[-112.4104,37.5644],[-112.4235,37.542],[-112.46,37.5101],[-112.52,37.4687],[-112.56,37.4465],[-112.58,37.4435],[-112.5967,37.4477],[-112.6102,37.4589],[-112.6115,37.4804],[-112.6006,37.5122],[-112.5987,37.536],[-112.606,37.5518],[-112.6297,37.563],[-112.6699,37.5695],[-112.6926,37.5775],[-112.6977,37.5868],[-112.6977,37.6223]],[[-112.5551,37.536],[-112.55,37.5518],[-112.5366,37.5558],[-112.5149,37.5479],[-112.5155,37.5317],[-112.5385,37.5072],[-112.5519,37.5032],[-112.5558,37.5198],[-112.5551,37.536]]]}},{"type":"Feature","properties":{"c":"#00fb90","v0":0.05,"v1":0.25},"geometry":{"type":"Polygon","coordinates":[[[-112.3076,37.6115],[-112.2692,37.6517],[-112.23,37.6705],[-112.19,37.668],[-112.1431,37.6321],[-112.0892,37.5627],[-112.1092,37.5183],[-112.2031,37.4987],[-112.2603,37.4948],[-112.281,37.5064],[-112.3002,37.532],[-112.3179,37.5716],[-112.3076,37.6115]],[[-112.2645,37.6148],[-112.2415,37.6297],[-112.2265,37.6337],[-112.2195,37.6266],[-112.2245,37.6154],[-112.2415,37.6],[-112.2565,37.596],[-112.2695,37.6035],[-112.2645,37.6148]],[[-112.2276,37.5359],[-112.2159,37.5517],[-112.1971,37.5556],[-112.1714,37.5478],[-112.1773,37.5399],[-112.2148,37.532],[-112.2276,37.5359]]]}},{"type":"Feature","properties":{"c":"#00fb90","v0":0.05,"v1":0.25},"geometry":{"type":"Polygon","coordinates":[[[-112.947,37.5161],[-112.9315,37.5241],[-112.9254,37.5233],[-112.9285,37.514],[-112.9362,37.51],[-112.9485,37.5114],[-112.947,37.5161]]]}},{"type":"Feature","properties":{"c":"#00fb90","v0":0.05,"v1":0.25},"geometry":{"type":"Polygon","coordinates":[[[-96.5232,37.4685],[-96.4968,37.4765],[-96.4952,37.4721],[-96.5184,37.4554],[-96.5316,37.4514],[-96.5348,37.4602],[-96.5232,37.4685]]]}},{"type":"Feature","properties":{"c":"#00fb90","v0":0.05,"v1":0.25},"geometry":{"type":"Polygon","coordinates":[[[-103.3135,37.3157],[-103.2978,37.3359],[-103.28,37.3478],[-103.26,37.3515],[-103.26,37.3385],[-103.28,37.3086],[-103.295,37.2906],[-103.305,37.2844],[-103.3128,37.2875],[-103.3185,37.2996],[-103.3135,37.3157]]]}},{"type":"Feature","properties":{"c":"#00fb90","v0":0.05,"v1":0.25},"geometry":{"type":"Polygon","coordinates":[[[-96.921,37.3163],[-96.9003,37.3377],[-96.88,37.3456],[-96.8601,37.3402],[-96.8623,37.3255],[-96.8868,37.3016],[-96.9072,37.2937],[-96.9233,37.3016],[-96.921,37.3163]]]}},{"type":"Feature","properties":{"c":"#00fb90","v0":0.05,"v1":0.25},"geometry":{"type":"Polygon","coordinates":[[[-95.2057,37.1623],[-95.148,37.226],[-95.1018,37.2667],[-95.0673,37.2844],[-95.0399,37.2923],[-95.0197,37.2906],[-95.0112,37.2658],[-95.0145,37.2181],[-95.0241,37.1862],[-95.0399,37.1703],[-95.0783,37.1485],[-95.1394,37.121],[-95.185,37.1088],[-95.215,37.1118],[-95.2311,37.1176],[-95.2334,37.1261],[-95.2057,37.1623]]]}},{"type":"Feature","properties":{"c":"#00fb90","v0":0.05,"v1":0.25},"geometry":{"type":"Polygon","coordinates":[[[-104.9046,36.9228],[-104.8673,36.9548],[-104.8031,36.9868],[-104.7119,37.0187],[-104.7123,37.0027],[-104.8041,36.9387],[-104.8683,36.9067],[-104.9049,36.9068],[-104.9046,36.9228]]]}},{"type":"Feature","properties":{"c":"#00fb90","v0":0.05,"v1":0.25},"geometry":{"type":"Polygon","coordinates":[[[-104.8852,36.8028],[-104.8818,36.8188],[-104.8676,36.8364],[-104.8425,36.8555],[-104.795,36.8713],[-104.725,36.8835],[-104.6823,36.886],[-104.6669,36.8785],[-104.6919,36.8491],[-104.7573,36.7977],[-104.805,36.7721],[-104.835,36.7721],[-104.8592,36.7778],[-104.8776,36.7891],[-104.8852,36.8028]],[[-104.8415,36.8193],[-104.8205,36.8363],[-104.7958,36.8403],[-104.7673,36.8313],[-104.7673,36.8174],[-104.7958,36.7986],[-104.8205,36.7946],[-104.8415,36.8054],[-104.8415,36.8193]]]}},{"type":"Feature","properties":{"c":"#00fb90","v0":0.05,"v1":0.25},"geometry":{"type":"Polygon","coordinates":[[[-104.5279,36.8175],[-104.5026,36.831],[-104.4846,36.835],[-104.4738,36.8295],[-104.4788,36.8176],[-104.4996,36.7992],[-104.5176,36.7912],[-104.5327,36.7936],[-104.5404,36.7988],[-104.5405,36.8068],[-104.5279,36.8175]]]}},{"type":"Feature","properties":{"c":"#00fb90","v0":0.05,"v1":0.25},"geometry":{"type":"Polygon","coordinates":[[[-104.785,36.5662],[-104.7684,36.5903],[-104.7326,36.6072],[-104.6775,36.617],[-104.62,36.6366],[-104.56,36.666],[-104.5157,36.6651],[-104.4871,36.634],[-104.4821,36.6039],[-104.5007,36.575],[-104.55,36.5461],[-104.63,36.5172],[-104.695,36.5037],[-104.745,36.5054],[-104.7758,36.5182],[-104.7875,36.5422],[-104.785,36.5662]],[[-104.6689,36.5718],[-104.603,36.607],[-104.5565,36.623],[-104.5296,36.6199],[-104.519,36.6104],[-104.5248,36.5943],[-104.5533,36.5742],[-104.6044,36.55],[-104.64,36.5365],[-104.66,36.5339],[-104.678,36.538],[-104.6939,36.5488],[-104.6689,36.5718]]]}},{"type":"Feature","properties":{"c":"#00fb90","v0":0.05,"v1":0.25},"geometry":{"type":"Polygon","coordinates":[[[-105.4218,36.1339],[-105.3473,36.1958],[-105.29,36.2257],[-105.25,36.2237],[-105.205,36.2292],[-105.155,36.2423],[-105.11,36.2407],[-105.07,36.2244],[-105.0502,36.2041],[-105.0507,36.1798],[-105.0638,36.1555],[-105.0897,36.1312],[-105.1595,36.0918],[-105.2732,36.0371],[-105.35,36.0121],[-105.39,36.0169],[-105.4223,36.0402],[-105.4468,36.0821],[-105.4218,36.1339]],[[-105.2729,36.1329],[-105.2443,36.1603],[-105.215,36.1764],[-105.185,36.1811],[-105.1604,36.1795],[-105.1411,36.1716],[-105.138,36.1555],[-105.1512,36.1312],[-105.1708,36.1115],[-105.1969,36.0963],[-105.225,36.089],[-105.255,36.0895],[-105.2743,36.0971],[-105.2829,36.1118],[-105.2729,36.1329]]]}},{"type":"Feature","properties":{"c":"#00fb90","v0":0.05,"v1":0.25},"geometry":{"type":"Polygon","coordinates":[[[-106.9295,35.9288],[-106.9165,35.9362],[-106.91,35.9316],[-106.91,35.9149],[-106.9165,35.9111],[-106.9295,35.9204],[-106.9295,35.9288]]]}},{"type":"Feature","properties":{"c":"#00fb90","v0":0.05,"v1":0.25},"geometry":{"type":"Polygon","coordinates":[[[-113.5584,35.6738],[-113.5395,35.6904],[-113.5186,35.6904],[-113.4959,35.6738],[-113.4959,35.6564],[-113.5186,35.6384],[-113.5395,35.6384],[-113.5584,35.6564],[-113.5584,35.6738]]]}},{"type":"Feature","properties":{"c":"#00fb90","v0":0.05,"v1":0.25},"geometry":{"type":"Polygon","coordinates":[[[-106.1535,35.4926],[-106.0712,35.6024],[-105.97,35.6681],[-105.85,35.6899],[-105.775,35.6971],[-105.745,35.6897],[-105.7365,35.6768],[-105.7494,35.6584],[-105.7802,35.637],[-105.8289,35.6126],[-105.8831,35.576],[-105.9426,35.5272],[-105.9875,35.4824],[-106.0177,35.4417],[-106.0521,35.4065],[-106.0907,35.377],[-106.125,35.3682],[-106.155,35.3802],[-106.1762,35.399],[-106.1885,35.4247],[-106.1535,35.4926]],[[-106.1487,35.4721],[-106.0962,35.5411],[-106.0333,35.5858],[-105.9599,35.6064],[-105.9241,35.6045],[-105.9259,35.5801],[-105.9426,35.5601],[-105.9742,35.5446],[-106.01,35.5057],[-106.05,35.4433],[-106.085,35.4064],[-106.115,35.3949],[-106.1412,35.4013],[-106.1637,35.4255],[-106.1487,35.4721]]]}},{"type":"Feature","properties":{"c":"#00fb90","v0":0.05,"v1":0.25},"geometry":{"type":"Polygon","coordinates":[[[-99.9037,35.3883],[-99.8812,35.42],[-99.875,35.4207],[-99.885,35.3903],[-99.895,35.3713],[-99.905,35.3637],[-99.9112,35.363],[-99.9137,35.3693],[-99.9037,35.3883]]]}},{"type":"Feature","properties":{"c":"#00fb90","v0":0.05,"v1":0.25},"geometry":{"type":"Polygon","coordinates":[[[-106.2773,34.9677],[-106.2332,35.0742],[-106.2108,35.1478],[-106.2102,35.1887],[-106.1977,35.2255],[-106.1733,35.2581],[-106.1433,35.2791],[-106.1078,35.2884],[-106.08,35.2772],[-106.06,35.2454],[-105.985,35.2554],[-105.855,35.3072],[-105.775,35.3297],[-105.745,35.3228],[-105.724,35.3081],[-105.7121,35.2857],[-105.7084,35.2663],[-105.7129,35.25],[-105.7368,35.2296],[-105.7802,35.205],[-105.8289,35.1672],[-105.883,35.1159],[-105.955,35.0685],[-106.045,35.0247],[-106.125,34.9662],[-106.195,34.893],[-106.2431,34.8544],[-106.2694,34.8507],[-106.2867,34.8652],[-106.2952,34.898],[-106.2773,34.9677]],[[-106.1647,35.2152],[-106.1549,35.2274],[-106.145,35.2322],[-106.135,35.2295],[-106.135,35.2192],[-106.145,35.2013],[-106.1549,35.1966],[-106.1647,35.2049],[-106.1647,35.2152]],[[-106.2417,34.9964],[-106.2105,35.0619],[-106.1837,35.1055],[-106.1612,35.1272],[-106.115,35.1571],[-106.045,35.1954],[-105.99,35.2119],[-105.95,35.2066],[-105.9096,35.2135],[-105.8687,35.2324],[-105.8496,35.2296],[-105.8521,35.205],[-105.8639,35.1805],[-105.8849,35.156],[-105.939,35.1188],[-106.0263,35.069],[-106.105,35.0159],[-106.175,34.9596],[-106.22,34.9324],[-106.24,34.9343],[-106.2518,34.9423],[-106.2555,34.9565],[-106.2417,34.9964]]]}},{"type":"Feature","properties":{"c":"#00fb90","v0":0.05,"v1":0.25},"geometry":{"type":"Polygon","coordinates":[[[-105.6174,34.9226],[-105.6115,34.939],[-105.589,34.9616],[-105.5497,34.9904],[-105.5071,35.0437],[-105.4613,35.1213],[-105.4377,35.1846],[-105.4363,35.2336],[-105.4284,35.2704],[-105.4141,35.2949],[-105.3927,35.3147],[-105.3642,35.3297],[-105.3211,35.3297],[-105.2634,35.3147],[-105.2327,35.299],[-105.2293,35.2826],[-105.2711,35.2132],[-105.3582,35.0906],[-105.4098,34.9964],[-105.4259,34.9308],[-105.468,34.8891],[-105.536,34.8711],[-105.5826,34.8752],[-105.6077,34.9014],[-105.6174,34.9226]],[[-105.4469,35.0987],[-105.4141,35.1396],[-105.3964,35.1887],[-105.3939,35.2459],[-105.3769,35.2809],[-105.3456,35.2936],[-105.3238,35.2936],[-105.3115,35.2809],[-105.3094,35.2541],[-105.3175,35.2132],[-105.3436,35.163],[-105.3879,35.1035],[-105.42,35.069],[-105.44,35.0595],[-105.4533,35.0607],[-105.46,35.0724],[-105.4469,35.0987]]]}},{"type":"Feature","properties":{"c":"#00fb90","v0":0.05,"v1":0.25},"geometry":{"type":"Polygon","coordinates":[[[-111.8741,35.1534],[-111.858,35.1729],[-111.825,35.1824],[-111.775,35.1822],[-111.7356,35.2134],[-111.7069,35.2759],[-111.6869,35.3067],[-111.6756,35.3057],[-111.6577,35.2853],[-111.6332,35.2454],[-111.5982,35.205],[-111.5527,35.1641],[-111.5285,35.115],[-111.5254,35.0578],[-111.5454,35.0239],[-111.5885,35.0134],[-111.63,35.0272],[-111.67,35.0655],[-111.7,35.0881],[-111.72,35.0952],[-111.76,35.0971],[-111.82,35.0937],[-111.858,35.105],[-111.8741,35.1308],[-111.8741,35.1534]],[[-111.8417,35.1465],[-111.8206,35.152],[-111.8049,35.1479],[-111.7946,35.1342],[-111.7996,35.125],[-111.8199,35.1201],[-111.8356,35.1242],[-111.8467,35.1372],[-111.8417,35.1465]]]}},{"type":"Feature","properties":{"c":"#00fb90","v0":0.05,"v1":0.25},"geometry":{"type":"Polygon","coordinates":[[[-100.0309,35.2168],[-99.9903,35.2648],[-99.97,35.2809],[-99.97,35.2651],[-99.985,35.2407],[-100.015,35.2077],[-100.0353,35.1916],[-100.0459,35.1924],[-100.0309,35.2168]]]}},{"type":"Feature","properties":{"c":"#00fb90","v0":0.05,"v1":0.25},"geometry":{"type":"Polygon","coordinates":[[[-99.5942,34.7291],[-99.4847,34.8512],[-99.41,34.9229],[-99.37,34.9446],[-99.315,34.9561],[-99.245,34.9574],[-99.18,34.99],[-99.12,35.0537],[-99.065,35.0843],[-99.015,35.0819],[-98.955,35.0916],[-98.885,35.1135],[-98.825,35.1466],[-98.775,35.1909],[-98.7328,35.2039],[-98.6984,35.1856],[-98.6862,35.1601],[-98.6963,35.1274],[-98.7235,35.093],[-98.7678,35.0568],[-98.83,35.0224],[-98.91,34.9898],[-98.9664,34.9505],[-98.9993,34.9046],[-99.0743,34.8275],[-99.1914,34.719],[-99.26,34.6625],[-99.28,34.658],[-99.3,34.6646],[-99.32,34.6821],[-99.345,34.686],[-99.375,34.6763],[-99.405,34.6756],[-99.435,34.6838],[-99.49,34.649],[-99.57,34.5713],[-99.6178,34.5375],[-99.6335,34.5477],[-99.6432,34.5816],[-99.647,34.6393],[-99.5942,34.7291]],[[-99.4948,34.7544],[-99.437,34.7954],[-99.4236,34.7936],[-99.4545,34.7489],[-99.48,34.7224],[-99.5,34.714],[-99.5134,34.7158],[-99.5203,34.7278],[-99.4948,34.7544]],[[-99.3166,34.8201],[-99.2804,34.8611],[-99.2343,34.8982],[-99.1781,34.9314],[-99.14,34.9432],[-99.12,34.9335],[-99.0929,34.9292],[-99.0588,34.9303],[-99.0488,34.9169],[-99.0629,34.8889],[-99.085,34.8635],[-99.115,34.8407],[-99.14,34.8369],[-99.16,34.8523],[-99.205,34.8363],[-99.275,34.7888],[-99.3162,34.7737],[-99.3285,34.7909],[-99.3166,34.8201]]]}},{"type":"Feature","properties":{"c":"#00fb90","v0":0.05,"v1":0.25},"geometry":{"type":"Polygon","coordinates":[[[-108.7052,35.1347],[-108.6951,35.1493],[-108.6776,35.1575],[-108.6528,35.1592],[-108.6311,35.156],[-108.6123,35.1478],[-108.5953,35.1315],[-108.5801,35.1069],[-108.5768,35.0908],[-108.5856,35.083],[-108.605,35.08],[-108.635,35.0818],[-108.6651,35.0938],[-108.6952,35.1162],[-108.7052,35.1347]]]}},{"type":"Feature","properties":{"c":"#00fb90","v0":0.05,"v1":0.25},"geometry":{"type":"Polygon","coordinates":[[[-112.091,35.1028],[-112.0724,35.1192],[-112.0498,35.1296],[-112.0233,35.1341],[-111.9923,35.1259],[-111.957,35.1051],[-111.9445,35.0865],[-111.9549,35.0701],[-111.9725,35.0571],[-111.9975,35.0475],[-112.0326,35.0557],[-112.0778,35.0817],[-112.091,35.1028]],[[-112.0434,35.0986],[-112.0345,35.1066],[-112.0204,35.1066],[-112.0013,35.0986],[-111.9963,35.0896],[-112.0054,35.0796],[-112.0195,35.0796],[-112.0384,35.0896],[-112.0434,35.0986]]]}},{"type":"Feature","properties":{"c":"#00fb90","v0":0.05,"v1":0.25},"geometry":{"type":"Polygon","coordinates":[[[-111.8724,35.0493],[-111.8575,35.057],[-111.845,35.0547],[-111.835,35.0427],[-111.825,35.0266],[-111.8151,35.0065],[-111.8151,34.9917],[-111.825,34.9823],[-111.8382,34.9823],[-111.8546,34.9917],[-111.8671,35.0087],[-111.8756,35.0333],[-111.8724,35.0493]]]}},{"type":"Feature","properties":{"c":"#00fb90","v0":0.05,"v1":0.25},"geometry":{"type":"Polygon","coordinates":[[[-111.569,34.907],[-111.5563,34.925],[-111.54,34.932],[-111.52,34.9281],[-111.5033,34.9191],[-111.4898,34.9051],[-111.4848,34.8864],[-111.4883,34.8632],[-111.5,34.8504],[-111.52,34.8479],[-111.5413,34.8595],[-111.564,34.8852],[-111.569,34.907]]]}},{"type":"Feature","properties":{"c":"#00fb90","v0":0.05,"v1":0.25},"geometry":{"type":"Polygon","coordinates":[[[-98.9784,34.7711],[-98.9595,34.8128],[-98.93,34.8471],[-98.89,34.874],[-98.8629,34.8654],[-98.8486,34.8215],[-98.8477,34.7831],[-98.8602,34.7503],[-98.8873,34.7216],[-98.9291,34.6971],[-98.9595,34.7012],[-98.9784,34.7339],[-98.9784,34.7711]],[[-98.9346,34.779],[-98.9162,34.8037],[-98.9027,34.8078],[-98.894,34.7913],[-98.8938,34.7749],[-98.9019,34.7585],[-98.9119,34.7491],[-98.924,34.7467],[-98.9334,34.7508],[-98.9403,34.7614],[-98.9346,34.779]]]}},{"type":"Feature","properties":{"c":"#00fb90","v0":0.05,"v1":0.25},"geometry":{"type":"Polygon","coordinates":[[[-110.6196,34.4967],[-110.5999,34.5162],[-110.565,34.5349],[-110.515,34.5526],[-110.465,34.6183],[-110.415,34.7318],[-110.37,34.7894],[-110.33,34.7915],[-110.29,34.8012],[-110.25,34.8187],[-110.215,34.8262],[-110.185,34.8235],[-110.1616,34.8124],[-110.1449,34.7929],[-110.1371,34.7749],[-110.1381,34.7585],[-110.1645,34.7297],[-110.2162,34.6886],[-110.2541,34.6489],[-110.278,34.6105],[-110.345,34.5574],[-110.455,34.4895],[-110.5241,34.4551],[-110.5523,34.4543],[-110.5821,34.4622],[-110.6136,34.4786],[-110.6196,34.4967]],[[-110.2342,34.7503],[-110.2111,34.7503],[-110.2072,34.7452],[-110.2224,34.735],[-110.2339,34.735],[-110.2418,34.7452],[-110.2342,34.7503]],[[-110.431,34.631],[-110.4045,34.6557],[-110.3867,34.6804],[-110.3777,34.7051],[-110.3673,34.7167],[-110.3558,34.7154],[-110.3457,34.703],[-110.3372,34.6797],[-110.3364,34.6598],[-110.3435,34.6434],[-110.3628,34.6246],[-110.3943,34.6035],[-110.415,34.5923],[-110.425,34.5908],[-110.4336,34.5972],[-110.4407,34.6115],[-110.431,34.631]]]}},{"type":"Feature","properties":{"c":"#00fb90","v0":0.05,"v1":0.25},"geometry":{"type":"Polygon","coordinates":[[[-105.5873,34.5012],[-105.5624,34.5299],[-105.53,34.5457],[-105.49,34.5487],[-105.4478,34.6003],[-105.4033,34.7003],[-105.3683,34.7627],[-105.3428,34.7875],[-105.315,34.7879],[-105.285,34.7641],[-105.24,34.7633],[-105.18,34.7856],[-105.1196,34.7974],[-105.0589,34.7988],[-105.0352,34.779],[-105.0487,34.7379],[-105.0741,34.7035],[-105.1114,34.6757],[-105.235,34.6115],[-105.445,34.5111],[-105.56,34.4623],[-105.58,34.4654],[-105.5924,34.4719],[-105.5973,34.4819],[-105.5873,34.5012]],[[-105.4084,34.6308],[-105.3695,34.6881],[-105.3,34.731],[-105.2,34.7596],[-105.1327,34.7721],[-105.0982,34.7685],[-105.0788,34.7585],[-105.0747,34.742],[-105.0792,34.7256],[-105.0924,34.7092],[-105.1368,34.6802],[-105.2123,34.6386],[-105.285,34.6034],[-105.355,34.5744],[-105.3974,34.5622],[-105.4123,34.5669],[-105.4217,34.5775],[-105.4258,34.594],[-105.4084,34.6308]]]}},{"type":"Feature","properties":{"c":"#00fb90","v0":0.05,"v1":0.25},"geometry":{"type":"Polygon","coordinates":[[[-110.2378,34.3632],[-110.2147,34.4127],[-110.2052,34.458],[-110.2092,34.4993],[-110.1909,34.537],[-110.1503,34.5712],[-110.1,34.5811],[-110.04,34.5666],[-109.96,34.595],[-109.86,34.6662],[-109.765,34.6973],[-109.675,34.6883],[-109.605,34.6881],[-109.5549,34.6967],[-109.5292,34.6598],[-109.5279,34.5775],[-109.5198,34.5199],[-109.5049,34.4869],[-109.5156,34.4435],[-109.5519,34.3898],[-109.61,34.3616],[-109.69,34.3589],[-109.7571,34.3693],[-109.8113,34.3927],[-109.8563,34.4205],[-109.8921,34.4526],[-109.97,34.4279],[-110.09,34.3463],[-110.17,34.2837],[-110.21,34.24],[-110.2348,34.2482],[-110.2445,34.3083],[-110.2378,34.3632]],[[-109.9413,34.5453],[-109.9204,34.5631],[-109.9,34.5692],[-109.88,34.5635],[-109.815,34.5742],[-109.705,34.6013],[-109.6417,34.6117],[-109.6252,34.6054],[-109.6212,34.594],[-109.6298,34.5775],[-109.6631,34.5555],[-109.721,34.5278],[-109.765,34.5123],[-109.795,34.509],[-109.825,34.5174],[-109.855,34.5374],[-109.885,34.5391],[-109.915,34.5225],[-109.9354,34.5197],[-109.9463,34.5308],[-109.9413,34.5453]],[[-109.6144,34.4374],[-109.598,34.4374],[-109.5948,34.4333],[-109.6049,34.425],[-109.6131,34.425],[-109.6194,34.4333],[-109.6144,34.4374]],[[-109.7995,34.4579],[-109.7665,34.4659],[-109.7256,34.4576],[-109.6769,34.4332],[-109.661,34.4127],[-109.6778,34.3962],[-109.6964,34.3879],[-109.717,34.3879],[-109.7443,34.3962],[-109.7784,34.4127],[-109.8006,34.4292],[-109.8109,34.4457],[-109.7995,34.4579]]]}},{"type":"Feature","properties":{"c":"#00fb90","v0":0.05,"v1":0.25},"geometry":{"type":"Polygon","coordinates":[[[-107.2195,34.6722],[-107.1969,34.6804],[-107.1917,34.6751],[-107.2039,34.6563],[-107.2152,34.6522],[-107.2256,34.6628],[-107.2195,34.6722]]]}},{"type":"Feature","properties":{"c":"#00fb90","v0":0.05,"v1":0.25},"geometry":{"type":"Polygon","coordinates":[[[-110.7219,34.6278],[-110.6873,34.6461],[-110.66,34.6535],[-110.64,34.6499],[-110.64,34.6365],[-110.66,34.6133],[-110.6873,34.606],[-110.7219,34.6144],[-110.7219,34.6278]]]}},{"type":"Feature","properties":{"c":"#00fb90","v0":0.05,"v1":0.25},"geometry":{"type":"Polygon","coordinates":[[[-107.3359,34.458],[-107.3078,34.4993],[-107.2528,34.5427],[-107.1709,34.5883],[-107.09,34.6152],[-107.01,34.6236],[-106.9542,34.6214],[-106.9227,34.6086],[-106.9068,34.594],[-106.9065,34.5775],[-106.9188,34.5528],[-106.9437,34.5199],[-107.0046,34.4817],[-107.1015,34.4384],[-107.185,34.4109],[-107.255,34.3993],[-107.3,34.3966],[-107.32,34.4029],[-107.335,34.4139],[-107.3449,34.4296],[-107.3359,34.458]],[[-107.3194,34.4539],[-107.3009,34.4869],[-107.2663,34.5194],[-107.2154,34.5514],[-107.16,34.5752],[-107.1,34.5909],[-107.0396,34.5954],[-106.9788,34.589],[-106.9538,34.5678],[-106.9646,34.532],[-107.015,34.4929],[-107.105,34.4506],[-107.18,34.4239],[-107.24,34.4129],[-107.2846,34.4149],[-107.3139,34.4299],[-107.3194,34.4539]]]}},{"type":"Feature","properties":{"c":"#00fb90","v0":0.05,"v1":0.25},"geometry":{"type":"Polygon","coordinates":[[[-109.2856,34.5126],[-109.2485,34.5311],[-109.2155,34.5393],[-109.1866,34.5373],[-109.1701,34.5322],[-109.1661,34.524],[-109.1806,34.5024],[-109.2135,34.4675],[-109.2485,34.4633],[-109.2856,34.49],[-109.2856,34.5126]]]}},{"type":"Feature","properties":{"c":"#00fb90","v0":0.05,"v1":0.25},"geometry":{"type":"Polygon","coordinates":[[[-108.2214,33.9039],[-108.1071,33.9955],[-108.015,34.0614],[-107.945,34.1017],[-107.86,34.1687],[-107.76,34.2622],[-107.645,34.3296],[-107.515,34.3711],[-107.44,34.3901],[-107.42,34.3867],[-107.4028,34.3651],[-107.3883,34.3253],[-107.3916,34.2806],[-107.4125,34.231],[-107.4398,34.1856],[-107.4733,34.1446],[-107.515,34.1094],[-107.565,34.08],[-107.6034,34.0384],[-107.6303,33.9846],[-107.6553,33.9545],[-107.6784,33.9483],[-107.71,33.95],[-107.75,33.9598],[-107.795,33.982],[-107.845,34.0167],[-107.9,34.0167],[-107.96,33.9819],[-108.03,33.929],[-108.11,33.8581],[-108.17,33.8194],[-108.21,33.8129],[-108.2393,33.8135],[-108.2578,33.821],[-108.2699,33.8331],[-108.2757,33.8498],[-108.2214,33.9039]],[[-108.2135,33.8751],[-108.1712,33.9092],[-108.135,33.9263],[-108.105,33.9263],[-108.0932,33.9176],[-108.0997,33.9001],[-108.1197,33.8788],[-108.1532,33.8539],[-108.18,33.8402],[-108.2,33.8376],[-108.2162,33.8417],[-108.2285,33.8526],[-108.2135,33.8751]],[[-107.7937,34.0522],[-107.7779,34.0755],[-107.755,34.0832],[-107.725,34.0755],[-107.7041,34.0639],[-107.6923,34.0483],[-107.6899,34.0323],[-107.6969,34.0157],[-107.7128,34.0031],[-107.7376,33.9946],[-107.7629,34.0029],[-107.7887,34.028],[-107.7937,34.0522]],[[-107.6285,34.264],[-107.6211,34.2806],[-107.6056,34.2952],[-107.5819,34.308],[-107.545,34.3208],[-107.495,34.3336],[-107.46,34.3354],[-107.4399,34.3264],[-107.4363,34.293],[-107.4492,34.2351],[-107.4742,34.1889],[-107.5114,34.1543],[-107.5435,34.1378],[-107.5706,34.1392],[-107.5961,34.1689],[-107.6202,34.2268],[-107.6285,34.264]]]}},{"type":"Feature","properties":{"c":"#00fb90","v0":0.05,"v1":0.25},"geometry":{"type":"Polygon","coordinates":[[[-98.9708,34.3599],[-98.9569,34.37],[-98.9448,34.37],[-98.9344,34.3599],[-98.9394,34.3492],[-98.9598,34.3378],[-98.9719,34.3378],[-98.9758,34.3492],[-98.9708,34.3599]]]}},{"type":"Feature","properties":{"c":"#00fb90","v0":0.05,"v1":0.25},"geometry":{"type":"Polygon","coordinates":[[[-99.4005,34.293],[-99.3785,34.3012],[-99.3682,34.3006],[-99.3694,34.291],[-99.3804,34.2869],[-99.4011,34.2882],[-99.4005,34.293]]]}},{"type":"Feature","properties":{"c":"#00fb90","v0":0.05,"v1":0.25},"geometry":{"type":"Polygon","coordinates":[[[-108.3505,34.0184],[-108.3368,34.0405],[-108.315,34.0597],[-108.285,34.0761],[-108.267,34.0816],[-108.2611,34.0764],[-108.2637,34.0571],[-108.2748,34.024],[-108.2977,34.0007],[-108.3326,33.9874],[-108.3518,33.9874],[-108.3555,34.0007],[-108.3505,34.0184]]]}},{"type":"Feature","properties":{"c":"#00fb90","v0":0.05,"v1":0.25},"geometry":{"type":"Polygon","coordinates":[[[-105.5183,34.0505],[-105.4994,34.0703],[-105.4935,34.0662],[-105.5004,34.0381],[-105.5098,34.0281],[-105.5217,34.0364],[-105.5183,34.0505]]]}},{"type":"Feature","properties":{"c":"#00fb90","v0":0.05,"v1":0.25},"geometry":{"type":"Polygon","coordinates":[[[-99.5937,34.022],[-99.5779,34.0512],[-99.565,34.0705],[-99.555,34.08],[-99.545,34.0828],[-99.535,34.0788],[-99.535,34.0621],[-99.545,34.0325],[-99.5629,34.0152],[-99.5887,34.01],[-99.5937,34.022]]]}},{"type":"Feature","properties":{"c":"#00fb90","v0":0.05,"v1":0.25},"geometry":{"type":"Polygon","coordinates":[[[-107.3866,33.9422],[-107.3755,33.9776],[-107.36,34.0009],[-107.34,34.0122],[-107.322,34.0152],[-107.306,34.01],[-107.2887,33.9908],[-107.2701,33.9577],[-107.2708,33.9245],[-107.2909,33.8913],[-107.3182,33.8722],[-107.3527,33.8671],[-107.3755,33.8796],[-107.3866,33.9095],[-107.3866,33.9422]]]}},{"type":"Feature","properties":{"c":"#00fb90","v0":0.05,"v1":0.25},"geometry":{"type":"Polygon","coordinates":[[[-99.7064,33.912],[-99.6683,33.9535],[-99.6511,33.9494],[-99.6548,33.8996],[-99.67,33.8716],[-99.6967,33.8654],[-99.7139,33.8696],[-99.7216,33.884],[-99.7064,33.912]]]}},{"type":"Feature","properties":{"c":"#00fb90","v0":0.05,"v1":0.25},"geometry":{"type":"Polygon","coordinates":[[[-108.3831,33.9453],[-108.3744,33.9539],[-108.3669,33.9539],[-108.3606,33.9453],[-108.3606,33.9366],[-108.3669,33.9276],[-108.3744,33.9276],[-108.3831,33.9366],[-108.3831,33.9453]]]}},{"type":"Feature","properties":{"c":"#00fb90","v0":0.05,"v1":0.25},"geometry":{"type":"Polygon","coordinates":[[[-100.6041,33.5377],[-100.5485,33.6627],[-100.5181,33.7459],[-100.5128,33.7874],[-100.4701,33.8449],[-100.39,33.9184],[-100.3822,33.9059],[-100.4467,33.8076],[-100.4678,33.7334],[-100.4454,33.6835],[-100.4468,33.6169],[-100.472,33.5336],[-100.516,33.4764],[-100.5787,33.4455],[-100.6155,33.4414],[-100.6264,33.4639],[-100.6041,33.5377]]]}},{"type":"Feature","properties":{"c":"#00fb90","v0":0.05,"v1":0.25},"geometry":{"type":"Polygon","coordinates":[[[-110.5622,33.8954],[-110.5398,33.9037],[-110.536,33.8996],[-110.5511,33.883],[-110.5623,33.8788],[-110.5697,33.8871],[-110.5622,33.8954]]]}},{"type":"Feature","properties":{"c":"#00fb90","v0":0.05,"v1":0.25},"geometry":{"type":"Polygon","coordinates":[[[-99.036,33.7832],[-98.9653,33.833],[-98.9156,33.8496],[-98.8869,33.8331],[-98.8797,33.7999],[-98.894,33.75],[-98.9084,33.7182],[-98.9228,33.7046],[-98.9367,33.7004],[-98.9502,33.7058],[-98.9652,33.7267],[-98.9817,33.7632],[-99.0,33.7713],[-99.02,33.7509],[-99.0403,33.7452],[-99.061,33.754],[-99.036,33.7832]]]}},{"type":"Feature","properties":{"c":"#00fb90","v0":0.05,"v1":0.25},"geometry":{"type":"Polygon","coordinates":[[[-105.5275,33.7376],[-105.5049,33.7625],[-105.4527,33.7905],[-105.3709,33.8215],[-105.2788,33.834],[-105.1764,33.8279],[-105.1371,33.8082],[-105.1611,33.775],[-105.2123,33.7352],[-105.2908,33.6889],[-105.365,33.6613],[-105.435,33.6526],[-105.4872,33.6674],[-105.5216,33.7059],[-105.5275,33.7376]],[[-105.4715,33.7385],[-105.4172,33.7654],[-105.3522,33.7779],[-105.2766,33.7759],[-105.2475,33.7625],[-105.2648,33.7376],[-105.2926,33.7154],[-105.3309,33.6959],[-105.38,33.6861],[-105.44,33.6859],[-105.4772,33.6956],[-105.4915,33.7152],[-105.4715,33.7385]]]}},{"type":"Feature","properties":{"c":"#00fb90","v0":0.05,"v1":0.25},"geometry":{"type":"Polygon","coordinates":[[[-100.0547,33.6919],[-100.0382,33.7255],[-100.02,33.7441],[-100.0,33.7479],[-99.99,33.7258],[-99.99,33.6779],[-100.0,33.6512],[-100.02,33.6459],[-100.0382,33.6512],[-100.0547,33.6672],[-100.0547,33.6919]]]}},{"type":"Feature","properties":{"c":"#00fb90","v0":0.05,"v1":0.25},"geometry":{"type":"Polygon","coordinates":[[[-100.3796,33.668],[-100.3332,33.687],[-100.285,33.6888],[-100.235,33.6735],[-100.2085,33.6598],[-100.2055,33.6478],[-100.2105,33.6354],[-100.2235,33.6224],[-100.26,33.6149],[-100.32,33.613],[-100.3632,33.6236],[-100.3896,33.6469],[-100.3796,33.668]]]}},{"type":"Feature","properties":{"c":"#00fb90","v0":0.05,"v1":0.25},"geometry":{"type":"Polygon","coordinates":[[[-105.571,33.5995],[-105.557,33.6146],[-105.54,33.623],[-105.52,33.6244],[-105.5043,33.621],[-105.4928,33.6127],[-105.4859,33.5961],[-105.4835,33.5711],[-105.4942,33.5551],[-105.5181,33.5481],[-105.542,33.5565],[-105.566,33.5801],[-105.571,33.5995]]]}},{"type":"Feature","properties":{"c":"#00fb90","v0":0.05,"v1":0.25},"geometry":{"type":"Polygon","coordinates":[[[-105.5378,33.1917],[-105.4659,33.3266],[-105.395,33.4085],[-105.325,33.4375],[-105.28,33.4504],[-105.26,33.4471],[-105.2419,33.4278],[-105.2257,33.3926],[-105.2213,33.3583],[-105.2287,33.3249],[-105.2468,33.2908],[-105.2756,33.256],[-105.3269,33.2225],[-105.4006,33.1904],[-105.4311,33.1576],[-105.4181,33.1241],[-105.4362,33.0974],[-105.4854,33.0775],[-105.5259,33.0817],[-105.5578,33.11],[-105.5378,33.1917]],[[-105.4515,33.2622],[-105.4213,33.3374],[-105.3871,33.3848],[-105.349,33.4044],[-105.315,33.4119],[-105.285,33.4072],[-105.2644,33.389],[-105.2531,33.3574],[-105.2588,33.3207],[-105.2814,33.2789],[-105.307,33.2506],[-105.3357,33.2359],[-105.375,33.2242],[-105.425,33.2154],[-105.4542,33.2144],[-105.4625,33.2212],[-105.4515,33.2622]]]}},{"type":"Feature","properties":{"c":"#00fb90","v0":0.05,"v1":0.25},"geometry":{"type":"Polygon","coordinates":[[[-105.8235,33.4032],[-105.8145,33.4261],[-105.7942,33.4303],[-105.7626,33.4157],[-105.742,33.4001],[-105.7325,33.3834],[-105.7433,33.3638],[-105.7744,33.3413],[-105.7995,33.3455],[-105.8185,33.3763],[-105.8235,33.4032]]]}},{"type":"Feature","properties":{"c":"#00fb90","v0":0.05,"v1":0.25},"geometry":{"type":"Polygon","coordinates":[[[-100.8262,33.3186],[-100.8021,33.3729],[-100.7603,33.3854],[-100.7008,33.3562],[-100.6808,33.2953],[-100.7003,33.2026],[-100.72,33.1533],[-100.74,33.1474],[-100.7675,33.1519],[-100.8025,33.1669],[-100.8245,33.2036],[-100.8337,33.2622],[-100.8262,33.3186]],[[-100.7958,33.2963],[-100.7919,33.3059],[-100.785,33.3081],[-100.775,33.303],[-100.7626,33.2899],[-100.7478,33.2686],[-100.7478,33.2457],[-100.7626,33.2211],[-100.7769,33.2295],[-100.7908,33.2708],[-100.7958,33.2963]]]}},{"type":"Feature","properties":{"c":"#00fb90","v0":0.05,"v1":0.25},"geometry":{"type":"Polygon","coordinates":[[[-75.4719,32.8977],[-75.4676,32.9145],[-75.4436,32.9439],[-75.3999,32.9858],[-75.3294,33.0152],[-75.232,33.0319],[-75.19,33.0196],[-75.2033,32.9782],[-75.24,32.933],[-75.3,32.8839],[-75.355,32.8558],[-75.405,32.8487],[-75.441,32.8561],[-75.463,32.8782],[-75.4719,32.8977]]]}},{"type":"Feature","properties":{"c":"#00fb90","v0":0.05,"v1":0.25},"geometry":{"type":"Polygon","coordinates":[[[-74.8082,33.0019],[-74.7961,33.0256],[-74.7844,33.0214],[-74.7732,32.9893],[-74.7732,32.9687],[-74.7844,32.9597],[-74.7961,32.9639],[-74.8082,32.9813],[-74.8082,33.0019]]]}},{"type":"Feature","properties":{"c":"#00fb90","v0":0.05,"v1":0.25},"geometry":{"type":"Polygon","coordinates":[[[-101.471,32.0776],[-101.4437,32.1079],[-101.435,32.1035],[-101.445,32.0644],[-101.455,32.0421],[-101.465,32.0364],[-101.4737,32.0408],[-101.481,32.0553],[-101.471,32.0776]]]}},{"type":"Feature","properties":{"c":"#00fb90","v0":0.05,"v1":0.25},"geometry":{"type":"Polygon","coordinates":[[[-103.0423,31.948],[-103.0246,31.9565],[-103.0193,31.955],[-103.0264,31.9436],[-103.0353,31.9394],[-103.0458,31.9423],[-103.0423,31.948]]]}},{"type":"Feature","properties":{"c":"#00fb90","v0":0.05,"v1":0.25},"geometry":{"type":"Polygon","coordinates":[[[-102.6163,31.1169],[-102.5917,31.1683],[-102.5571,31.2147],[-102.5124,31.2561],[-102.465,31.2876],[-102.415,31.3091],[-102.3736,31.3183],[-102.3409,31.3152],[-102.3261,31.2923],[-102.3293,31.2495],[-102.3622,31.1939],[-102.4247,31.1255],[-102.4944,31.0773],[-102.5715,31.0496],[-102.6146,31.0496],[-102.6239,31.0773],[-102.6163,31.1169]],[[-102.5728,31.1426],[-102.5564,31.1768],[-102.5275,31.211],[-102.4859,31.2452],[-102.4514,31.2689],[-102.4238,31.2819],[-102.3968,31.2862],[-102.3704,31.2817],[-102.3575,31.2666],[-102.3582,31.241],[-102.3913,31.1963],[-102.4571,31.1327],[-102.505,31.0968],[-102.535,31.0887],[-102.5578,31.0949],[-102.5733,31.1153],[-102.5728,31.1426]]]}},{"type":"Feature","properties":{"c":"#00fb90","v0":0.05,"v1":0.25},"geometry":{"type":"Polygon","coordinates":[[[-102.7961,30.8996],[-102.7787,30.9278],[-102.7465,30.9449],[-102.6994,30.951],[-102.6779,30.9369],[-102.6818,30.9026],[-102.6953,30.8737],[-102.7184,30.8502],[-102.7435,30.8373],[-102.7704,30.8351],[-102.7891,30.8468],[-102.7996,30.8726],[-102.7961,30.8996]],[[-102.7656,30.894],[-102.756,30.9112],[-102.7442,30.9198],[-102.7303,30.9198],[-102.725,30.9097],[-102.7283,30.8894],[-102.7401,30.8808],[-102.7604,30.8839],[-102.7656,30.894]]]}},{"type":"Feature","properties":{"c":"#00fb90","v0":0.05,"v1":0.25},"geometry":{"type":"Polygon","coordinates":[[[-102.8957,30.6863],[-102.8652,30.7003],[-102.8425,30.7003],[-102.8274,30.6863],[-102.8324,30.6692],[-102.8575,30.649],[-102.8802,30.649],[-102.9007,30.6692],[-102.8957,30.6863]]]}},{"type":"Feature","properties":{"c":"#00fb90","v0":0.05,"v1":0.25},"geometry":{"type":"Polygon","coordinates":[[[-103.2058,30.2607],[-103.1819,30.2856],[-103.16,30.2977],[-103.14,30.297],[-103.1218,30.2888],[-103.1055,30.2733],[-103.1005,30.2544],[-103.1068,30.2322],[-103.12,30.2153],[-103.14,30.2038],[-103.1626,30.2019],[-103.1878,30.2098],[-103.2048,30.2223],[-103.2134,30.2396],[-103.2058,30.2607]],[[-103.1739,30.2529],[-103.158,30.2621],[-103.1466,30.2621],[-103.1398,30.2529],[-103.1448,30.2433],[-103.1616,30.2334],[-103.173,30.2334],[-103.1789,30.2433],[-103.1739,30.2529]]]}},{"type":"Feature","properties":{"c":"#00fb90","v0":0.05,"v1":0.25},"geometry":{"type":"Polygon","coordinates":[[[-106.4774,29.3836],[-106.4325,29.4246],[-106.4,29.4492],[-106.38,29.4574],[-106.3617,29.4587],[-106.345,29.4531],[-106.3341,29.4328],[-106.3289,29.398],[-106.3372,29.3568],[-106.3591,29.3094],[-106.38,29.287],[-106.4,29.2895],[-106.4325,29.3088],[-106.4774,29.345],[-106.4774,29.3836]]]}},{"type":"Feature","properties":{"c":"#00fb90","v0":0.05,"v1":0.25},"geometry":{"type":"Polygon","coordinates":[[[-80.2224,28.7249],[-80.2051,28.7775],[-80.1676,28.8213],[-80.1098,28.8563],[-80.0718,28.9132],[-80.0535,28.992],[-80.0358,29.0381],[-80.0186,29.0517],[-79.99,29.0618],[-79.95,29.0682],[-79.9277,29.1008],[-79.9231,29.1594],[-79.9031,29.2315],[-79.8677,29.3172],[-79.8314,29.3346],[-79.7942,29.2839],[-79.7678,29.2192],[-79.7524,29.1406],[-79.7261,29.0532],[-79.6891,28.957],[-79.6733,28.8914],[-79.6787,28.8563],[-79.6935,28.8213],[-79.7175,28.7862],[-79.7117,28.7292],[-79.676,28.6503],[-79.6831,28.5932],[-79.7331,28.5581],[-79.757,28.5186],[-79.7548,28.4746],[-79.7671,28.435],[-79.7942,28.3999],[-79.778,28.3207],[-79.7187,28.1973],[-79.6793,28.1316],[-79.6598,28.1234],[-79.635,28.1234],[-79.605,28.1315],[-79.575,28.1555],[-79.545,28.1956],[-79.51,28.2213],[-79.47,28.2327],[-79.4432,28.2524],[-79.4295,28.2803],[-79.4253,28.3119],[-79.4307,28.3471],[-79.4275,28.37],[-79.4158,28.3805],[-79.395,28.3703],[-79.365,28.3394],[-79.32,28.3078],[-79.26,28.2757],[-79.2173,28.2639],[-79.1919,28.2724],[-79.184,28.2986],[-79.1937,28.3427],[-79.223,28.3999],[-79.2718,28.4702],[-79.3115,28.5537],[-79.3419,28.6503],[-79.3854,28.7433],[-79.4418,28.8327],[-79.49,28.8924],[-79.53,28.9223],[-79.56,28.9564],[-79.5801,28.9947],[-79.5936,29.0314],[-79.6006,29.0663],[-79.5906,29.0986],[-79.5635,29.128],[-79.525,29.146],[-79.475,29.1526],[-79.425,29.1294],[-79.375,29.0765],[-79.315,28.9892],[-79.245,28.8673],[-79.19,28.7419],[-79.15,28.6128],[-79.1177,28.5287],[-79.0932,28.4897],[-79.0657,28.3603],[-79.0352,28.14],[-79.0325,28.0242],[-79.0575,28.0132],[-79.1,28.0092],[-79.16,28.0124],[-79.205,28.0282],[-79.235,28.0565],[-79.2593,28.0516],[-79.2779,28.0135],[-79.2929,27.995],[-79.3043,27.9962],[-79.3117,28.0227],[-79.3151,28.0745],[-79.3251,28.113],[-79.3417,28.1384],[-79.36,28.1585],[-79.38,28.1735],[-79.4065,28.1828],[-79.4396,28.1866],[-79.4763,28.1312],[-79.5165,28.0165],[-79.5299,27.9464],[-79.5166,27.9211],[-79.495,27.9074],[-79.465,27.9054],[-79.4413,27.8782],[-79.4238,27.8261],[-79.4184,27.7602],[-79.4251,27.6805],[-79.4459,27.6052],[-79.481,27.5343],[-79.4855,27.4677],[-79.4596,27.4056],[-79.4575,27.3694],[-79.4792,27.359],[-79.51,27.3672],[-79.55,27.3938],[-79.585,27.4017],[-79.615,27.391],[-79.6512,27.3873],[-79.6935,27.3906],[-79.7102,27.3612],[-79.7014,27.299],[-79.7152,27.2625],[-79.7517,27.2517],[-79.79,27.2297],[-79.83,27.1965],[-79.8555,27.1797],[-79.8664,27.1792],[-79.8695,27.2012],[-79.8648,27.2457],[-79.8724,27.3034],[-79.8923,27.3745],[-79.8876,27.4544],[-79.8582,27.5431],[-79.825,27.6007],[-79.7881,27.6273],[-79.7587,27.6716],[-79.7369,27.7336],[-79.7203,27.7955],[-79.7087,27.8575],[-79.7106,27.9282],[-79.726,28.0077],[-79.7578,28.0764],[-79.8059,28.1345],[-79.885,28.1557],[-79.995,28.1401],[-80.0585,28.1375],[-80.0756,28.148],[-80.0934,28.1797],[-80.112,28.2326],[-80.1226,28.2986],[-80.1252,28.3779],[-80.1501,28.4658],[-80.197,28.5625],[-80.2232,28.6327],[-80.2284,28.6766],[-80.2224,28.7249]],[[-80.1951,28.7373],[-80.1784,28.7796],[-80.16,28.8049],[-80.14,28.8132],[-80.12,28.8141],[-80.1,28.8078],[-80.0753,28.7913],[-80.046,28.7646],[-80.0322,28.7117],[-80.0339,28.6327],[-80.0336,28.5891],[-80.0312,28.581],[-80.025,28.5829],[-80.015,28.595],[-80.0064,28.6211],[-79.9991,28.661],[-80.0032,28.6985],[-80.0185,28.7336],[-80.0198,28.7687],[-80.007,28.8038],[-80.008,28.854],[-80.0227,28.9194],[-80.025,28.9613],[-80.015,28.9797],[-79.985,28.9984],[-79.935,29.0174],[-79.8889,29.0761],[-79.8467,29.1744],[-79.8038,29.1668],[-79.7604,29.0532],[-79.7415,28.992],[-79.7472,28.9832],[-79.76,28.984],[-79.78,28.9946],[-79.7971,28.9859],[-79.8113,28.9579],[-79.8029,28.8957],[-79.772,28.7994],[-79.7376,28.7205],[-79.6996,28.6591],[-79.6829,28.6218],[-79.6876,28.6086],[-79.7,28.5992],[-79.72,28.5936],[-79.7423,28.5957],[-79.7669,28.6058],[-79.7919,28.6274],[-79.8173,28.6607],[-79.8414,28.6739],[-79.8642,28.6669],[-79.8911,28.5581],[-79.922,28.3471],[-79.9506,28.2369],[-79.9769,28.2278],[-79.999,28.2322],[-80.0169,28.2501],[-80.0404,28.3163],[-80.0694,28.4306],[-80.1083,28.5186],[-80.1571,28.5801],[-80.187,28.6371],[-80.198,28.6898],[-80.1951,28.7373]],[[-79.6729,27.8884],[-79.6643,27.9238],[-79.6425,27.9396],[-79.6075,27.936],[-79.5839,27.9183],[-79.5717,27.8866],[-79.5717,27.858],[-79.5839,27.8327],[-79.605,27.8157],[-79.635,27.8072],[-79.6568,27.8199],[-79.6704,27.8538],[-79.6729,27.8884]],[[-79.3192,28.23],[-79.3131,28.2425],[-79.3058,28.2425],[-79.2975,28.23],[-79.2975,28.2183],[-79.3058,28.2074],[-79.3131,28.2074],[-79.3192,28.2183],[-79.3192,28.23]],[[-79.5457,29.0731],[-79.5352,29.0868],[-79.52,29.0933],[-79.5,29.0926],[-79.4888,29.0727],[-79.4863,29.0335],[-79.4963,29.0134],[-79.5188,29.0123],[-79.5352,29.0254],[-79.5457,29.0527],[-79.5457,29.0731]],[[-79.3874,28.8684],[-79.3758,28.8926],[-79.365,28.9028],[-79.355,28.8989],[-79.3429,28.8824],[-79.3286,28.8533],[-79.3236,28.8275],[-79.3279,28.805],[-79.34,28.7961],[-79.36,28.801],[-79.3758,28.8167],[-79.3874,28.8431],[-79.3874,28.8684]],[[-79.7653,27.5431],[-79.7555,27.5609],[-79.7354,27.5775],[-79.7051,27.5931],[-79.6771,27.5798],[-79.6512,27.5376],[-79.6399,27.4943],[-79.6432,27.45],[-79.6596,27.4322],[-79.689,27.4411],[-79.7203,27.4677],[-79.7536,27.5121],[-79.7653,27.5431]],[[-79.6986,27.7157],[-79.6795,27.7596],[-79.6621,27.7729],[-79.6464,27.7555],[-79.6393,27.7336],[-79.641,27.707],[-79.6539,27.6823],[-79.678,27.6592],[-79.6945,27.6592],[-79.7036,27.6823],[-79.6986,27.7157]]]}},{"type":"Feature","properties":{"c":"#00fb90","v0":0.05,"v1":0.25},"geometry":{"type":"Polygon","coordinates":[[[-91.912,29.0139],[-91.8764,29.0488],[-91.8587,29.0882],[-91.8588,29.1319],[-91.8517,29.1621],[-91.8372,29.1788],[-91.814,29.1875],[-91.7821,29.1883],[-91.7509,29.1668],[-91.7205,29.1231],[-91.7017,29.0794],[-91.6945,29.0357],[-91.716,28.9833],[-91.7662,28.922],[-91.7909,28.8651],[-91.7902,28.8125],[-91.7999,28.7725],[-91.82,28.7451],[-91.8385,28.7363],[-91.8556,28.7462],[-91.8806,28.8125],[-91.9134,28.9351],[-91.912,29.0139]],[[-91.8191,29.145],[-91.7997,29.1624],[-91.7696,29.1362],[-91.7289,29.0663],[-91.7139,29.0189],[-91.7246,28.9939],[-91.745,28.9732],[-91.775,28.9568],[-91.7984,28.9562],[-91.8151,28.9713],[-91.8166,29.0095],[-91.8029,29.0707],[-91.8042,29.11],[-91.8206,29.1275],[-91.8191,29.145]]]}},{"type":"Feature","properties":{"c":"#00fb90","v0":0.05,"v1":0.25},"geometry":{"type":"Polygon","coordinates":[[[-101.158,28.4056],[-101.1527,28.417],[-101.14,28.4194],[-101.12,28.4128],[-101.0773,28.3763],[-101.012,28.3099],[-100.9943,28.2502],[-101.0242,28.1973],[-101.0484,28.1709],[-101.0667,28.1709],[-101.084,28.1797],[-101.1004,28.1973],[-101.1089,28.2106],[-101.1096,28.2196],[-101.095,28.2292],[-101.065,28.2392],[-101.05,28.2537],[-101.05,28.2726],[-101.0777,28.3115],[-101.133,28.3704],[-101.158,28.4056]]]}},{"type":"Feature","properties":{"c":"#00fb90","v0":0.05,"v1":0.25},"geometry":{"type":"Polygon","coordinates":[[[-95.2989,28.3226],[-95.253,28.3439],[-95.2195,28.3527],[-95.1985,28.349],[-95.19,28.3383],[-95.194,28.3207],[-95.2095,28.3028],[-95.2365,28.2848],[-95.265,28.278],[-95.295,28.2823],[-95.313,28.2913],[-95.3189,28.305],[-95.2989,28.3226]]]}},{"type":"Feature","properties":{"c":"#00fb90","v0":0.05,"v1":0.25},"geometry":{"type":"Polygon","coordinates":[[[-95.6139,28.2783],[-95.558,28.317],[-95.5167,28.3302],[-95.4901,28.318],[-95.4851,28.3019],[-95.5017,28.2819],[-95.535,28.2657],[-95.585,28.2533],[-95.618,28.2501],[-95.6339,28.256],[-95.6139,28.2783]]]}},{"type":"Feature","properties":{"c":"#00fb90","v0":0.05,"v1":0.25},"geometry":{"type":"Polygon","coordinates":[[[-95.6969,28.0518],[-95.6845,28.0959],[-95.6662,28.1301],[-95.6421,28.1542],[-95.605,28.1738],[-95.555,28.1887],[-95.5092,28.1899],[-95.4677,28.1772],[-95.4547,28.1444],[-95.4703,28.0915],[-95.5261,28.03],[-95.622,27.9599],[-95.6783,27.9511],[-95.6948,28.0035],[-95.6969,28.0518]],[[-95.6756,28.065],[-95.6645,28.1003],[-95.6467,28.1286],[-95.6222,28.1498],[-95.59,28.1651],[-95.55,28.1743],[-95.5154,28.1725],[-95.4862,28.1597],[-95.4792,28.1312],[-95.4943,28.0871],[-95.5239,28.0499],[-95.568,28.0196],[-95.605,28.0013],[-95.635,27.9952],[-95.6578,28.006],[-95.6733,28.0336],[-95.6756,28.065]]]}},{"type":"Feature","properties":{"c":"#00fb90","v0":0.05,"v1":0.25},"geometry":{"type":"Polygon","coordinates":[[[-95.6882,27.8969],[-95.6761,27.9139],[-95.6404,27.9095],[-95.5812,27.8836],[-95.5513,27.8619],[-95.5506,27.8442],[-95.5602,27.8277],[-95.5801,27.8124],[-95.6,27.8063],[-95.62,27.8095],[-95.6461,27.8304],[-95.6782,27.8691],[-95.6882,27.8969]]]}},{"type":"Feature","properties":{"c":"#00fb90","v0":0.05,"v1":0.25},"geometry":{"type":"Polygon","coordinates":[[[-99.4251,27.7519],[-99.4017,27.7619],[-99.38,27.7636],[-99.36,27.7572],[-99.3446,27.7389],[-99.3337,27.7088],[-99.3487,27.691],[-99.3896,27.6855],[-99.4167,27.6988],[-99.4301,27.7308],[-99.4251,27.7519]]]}},{"type":"Feature","properties":{"c":"#00fb90","v0":0.05,"v1":0.25},"geometry":{"type":"Polygon","coordinates":[[[-99.3781,27.6096],[-99.3727,27.6183],[-99.365,27.6174],[-99.355,27.6069],[-99.35,27.5931],[-99.35,27.5759],[-99.3577,27.5767],[-99.3731,27.5957],[-99.3781,27.6096]]]}},{"type":"Feature","properties":{"c":"#00fb90","v0":0.05,"v1":0.25},"geometry":{"type":"Polygon","coordinates":[[[-97.9982,27.4881],[-97.9794,27.5023],[-97.961,27.5068],[-97.9431,27.5014],[-97.9431,27.4912],[-97.961,27.4762],[-97.9794,27.4717],[-97.9982,27.4779],[-97.9982,27.4881]]]}},{"type":"Feature","properties":{"c":"#00fb90","v0":0.05,"v1":0.25},"geometry":{"type":"Polygon","coordinates":[[[-98.5744,27.3372],[-98.5048,27.3338],[-98.4638,27.3205],[-98.4513,27.2973],[-98.4613,27.2801],[-98.4938,27.269],[-98.5348,27.2823],[-98.5844,27.3201],[-98.5744,27.3372]]]}},{"type":"Feature","properties":{"c":"#00fb90","v0":0.05,"v1":0.25},"geometry":{"type":"Polygon","coordinates":[[[-98.3624,27.3248],[-98.3541,27.3319],[-98.3426,27.3274],[-98.3277,27.3114],[-98.3318,27.3079],[-98.3549,27.3168],[-98.3624,27.3248]]]}},{"type":"Feature","properties":{"c":"#00fb90","v0":0.05,"v1":0.25},"geometry":{"type":"Polygon","coordinates":[[[-98.1634,27.2211],[-98.1411,27.2343],[-98.1194,27.2343],[-98.0983,27.2211],[-98.0983,27.2109],[-98.1194,27.2036],[-98.1411,27.2036],[-98.1634,27.2109],[-98.1634,27.2211]]]}},{"type":"Feature","properties":{"c":"#00fb90","v0":0.05,"v1":0.25},"geometry":{"type":"Polygon","coordinates":[[[-98.5315,26.516],[-98.5172,26.5465],[-98.492,26.5688],[-98.4561,26.5831],[-98.4363,26.6037],[-98.4327,26.6305],[-98.3957,26.6567],[-98.3252,26.6824],[-98.2852,26.7092],[-98.2755,26.7371],[-98.2805,26.7676],[-98.3002,26.8006],[-98.3669,26.8675],[-98.4806,26.9683],[-98.5306,27.0283],[-98.5169,27.0475],[-98.43,27.0566],[-98.27,27.0556],[-98.16,27.0435],[-98.1,27.0202],[-98.04,27.004],[-97.98,26.995],[-97.919,26.9663],[-97.8571,26.918],[-97.825,26.885],[-97.8228,26.8671],[-97.8288,26.8544],[-97.8429,26.8467],[-97.88,26.8511],[-97.94,26.8674],[-97.98,26.8287],[-98.0,26.7349],[-98.0587,26.6635],[-98.1561,26.6147],[-98.2126,26.5634],[-98.2281,26.5097],[-98.2266,26.4695],[-98.2081,26.4426],[-98.2017,26.426],[-98.2072,26.4196],[-98.2922,26.4376],[-98.4565,26.4797],[-98.5315,26.516]],[[-98.3458,26.9701],[-98.3353,26.9798],[-98.32,26.974],[-98.3,26.9525],[-98.265,26.9419],[-98.215,26.9421],[-98.1596,26.9257],[-98.0988,26.8926],[-98.0571,26.8582],[-98.0344,26.8225],[-98.0278,26.7779],[-98.0374,26.7243],[-98.0641,26.6903],[-98.108,26.676],[-98.155,26.6752],[-98.205,26.6879],[-98.2248,26.713],[-98.2143,26.7503],[-98.2446,26.8181],[-98.3156,26.9162],[-98.3458,26.9701]],[[-98.0202,26.9544],[-98.0134,26.9684],[-98.0,26.9756],[-97.98,26.976],[-97.9538,26.9601],[-97.9214,26.9279],[-97.9264,26.9133],[-97.9688,26.9163],[-97.9984,26.9252],[-98.0152,26.94],[-98.0202,26.9544]],[[-98.3571,26.5602],[-98.3524,26.5718],[-98.342,26.5763],[-98.3259,26.5737],[-98.3159,26.5583],[-98.312,26.5302],[-98.315,26.5152],[-98.325,26.5134],[-98.3374,26.523],[-98.3521,26.544],[-98.3571,26.5602]],[[-98.291,26.626],[-98.2724,26.626],[-98.2698,26.6224],[-98.2833,26.6153],[-98.2926,26.6153],[-98.2977,26.6224],[-98.291,26.626]]]}},{"type":"Feature","properties":{"c":"#00fb90","v0":0.05,"v1":0.25},"geometry":{"type":"Polygon","coordinates":[[[-79.513,26.9591],[-79.4977,26.9825],[-79.485,26.9951],[-79.475,26.9969],[-79.4642,26.9897],[-79.4525,26.9734],[-79.4575,26.9537],[-79.4792,26.9305],[-79.4977,26.926],[-79.513,26.9403],[-79.513,26.9591]]]}},{"type":"Feature","properties":{"c":"#00fb90","v0":0.05,"v1":0.25},"geometry":{"type":"Polygon","coordinates":[[[-99.2065,26.8641],[-99.1955,26.876],[-99.1803,26.876],[-99.1609,26.8641],[-99.1443,26.8448],[-99.1304,26.8181],[-99.1301,26.7921],[-99.1434,26.767],[-99.1655,26.7804],[-99.1965,26.8323],[-99.2065,26.8641]]]}},{"type":"Feature","properties":{"c":"#00fb90","v0":0.05,"v1":0.25},"geometry":{"type":"Polygon","coordinates":[[[-79.7412,26.7776],[-79.7204,26.7948],[-79.7039,26.7903],[-79.6916,26.7642],[-79.6966,26.7457],[-79.7189,26.7348],[-79.7354,26.7393],[-79.7462,26.7591],[-79.7412,26.7776]]]}},{"type":"Feature","properties":{"c":"#00fb90","v0":0.05,"v1":0.25},"geometry":{"type":"Polygon","coordinates":[[[-97.8634,26.5611],[-97.8411,26.5744],[-97.8204,26.5744],[-97.8011,26.5611],[-97.8011,26.5482],[-97.8204,26.5356],[-97.8411,26.5356],[-97.8634,26.5482],[-97.8634,26.5611]]]}},{"type":"Feature","properties":{"c":"#00fb90","v0":0.05,"v1":0.25},"geometry":{"type":"Polygon","coordinates":[[[-97.022,26.3461],[-97.014,26.3949],[-96.995,26.4288],[-96.965,26.4476],[-96.92,26.4575],[-96.86,26.4585],[-96.785,26.4496],[-96.695,26.431],[-96.6375,26.4101],[-96.6126,26.387],[-96.6826,26.3514],[-96.8475,26.3033],[-96.95,26.2827],[-96.99,26.2897],[-97.014,26.3002],[-97.022,26.3145],[-97.022,26.3461]],[[-96.9877,26.3738],[-96.9759,26.4063],[-96.955,26.4275],[-96.925,26.4373],[-96.89,26.4418],[-96.85,26.441],[-96.7879,26.4288],[-96.7036,26.4052],[-96.6886,26.379],[-96.7429,26.3503],[-96.805,26.3279],[-96.875,26.3118],[-96.925,26.3059],[-96.955,26.3101],[-96.9759,26.3236],[-96.9877,26.3462],[-96.9877,26.3738]]]}},{"type":"Feature","properties":{"c":"#00fb90","v0":0.05,"v1":0.25},"geometry":{"type":"Polygon","coordinates":[[[-80.1703,26.3871],[-80.1301,26.4106],[-80.1056,26.415],[-80.0969,26.4006],[-80.091,26.3754],[-80.0879,26.3396],[-80.0972,26.3071],[-80.1191,26.2779],[-80.14,26.2658],[-80.16,26.2706],[-80.1694,26.2896],[-80.1681,26.3229],[-80.1732,26.3485],[-80.1847,26.3665],[-80.1703,26.3871]]]}},{"type":"Feature","properties":{"c":"#00fb90","v0":0.05,"v1":0.25},"geometry":{"type":"Polygon","coordinates":[[[-78.6526,26.3626],[-78.6375,26.3727],[-78.615,26.369],[-78.585,26.3513],[-78.5546,26.3193],[-78.5239,26.2731],[-78.5355,26.2634],[-78.5894,26.2903],[-78.6273,26.3172],[-78.6492,26.344],[-78.6526,26.3626]]]}},{"type":"Feature","properties":{"c":"#00fb90","v0":0.05,"v1":0.25},"geometry":{"type":"Polygon","coordinates":[[[-96.487,26.3575],[-96.4622,26.3575],[-96.4549,26.352],[-96.465,26.3411],[-96.4774,26.3411],[-96.4921,26.352],[-96.487,26.3575]]]}},{"type":"Feature","properties":{"c":"#00fb90","v0":0.05,"v1":0.25},"geometry":{"type":"Polygon","coordinates":[[[-96.5728,26.2906],[-96.5709,26.3002],[-96.5639,26.3047],[-96.5518,26.304],[-96.5527,26.2992],[-96.5667,26.2903],[-96.5728,26.2906]]]}},{"type":"Feature","properties":{"c":"#00fb90","v0":0.05,"v1":0.25},"geometry":{"type":"Polygon","coordinates":[[[-80.3094,26.2211],[-80.2965,26.2352],[-80.2774,26.2352],[-80.2523,26.2211],[-80.2473,26.2087],[-80.2624,26.198],[-80.2815,26.198],[-80.3044,26.2087],[-80.3094,26.2211]]]}},{"type":"Feature","properties":{"c":"#00fb90","v0":0.05,"v1":0.25},"geometry":{"type":"Polygon","coordinates":[[[-97.9726,26.1332],[-97.8971,26.1512],[-97.8362,26.1377],[-97.7899,26.0928],[-97.7776,26.0643],[-97.7992,26.0523],[-97.835,26.05],[-97.885,26.0576],[-97.9284,26.0681],[-97.9653,26.0816],[-97.9904,26.0973],[-98.0037,26.1153],[-97.9726,26.1332]]]}},{"type":"Feature","properties":{"c":"#00fb90","v0":0.05,"v1":0.25},"geometry":{"type":"Polygon","coordinates":[[[-79.0539,26.1096],[-79.038,26.1162],[-79.0,26.1084],[-78.94,26.0862],[-78.855,26.036],[-78.745,25.958],[-78.6553,25.9073],[-78.5858,25.8842],[-78.5441,25.8591],[-78.5302,25.8321],[-78.545,25.8173],[-78.5883,25.8149],[-78.64,25.8309],[-78.7,25.8653],[-78.78,25.8959],[-78.88,25.9226],[-78.9523,25.9561],[-78.9969,25.9963],[-79.0299,26.0389],[-79.0512,26.0839],[-79.0539,26.1096]],[[-78.9848,26.0379],[-78.9749,26.0447],[-78.9567,26.0447],[-78.9301,26.0379],[-78.9015,26.0165],[-78.8709,25.9805],[-78.8742,25.9645],[-78.9114,25.9685],[-78.9449,25.9865],[-78.9748,26.0185],[-78.9848,26.0379]]]}},{"type":"Feature","properties":{"c":"#00fb90","v0":0.05,"v1":0.25},"geometry":{"type":"Polygon","coordinates":[[[-98.7067,25.94],[-98.7032,25.967],[-98.6935,25.9877],[-98.6778,26.0021],[-98.64,25.998],[-98.58,25.9753],[-98.52,25.9761],[-98.46,26.0004],[-98.415,26.0281],[-98.385,26.059],[-98.355,26.0711],[-98.325,26.0644],[-98.2973,26.0454],[-98.2718,26.0141],[-98.273,25.9805],[-98.3009,25.9445],[-98.2915,25.9176],[-98.2448,25.8996],[-98.2156,25.8681],[-98.2039,25.8231],[-98.1862,25.7916],[-98.1626,25.7736],[-98.1516,25.742],[-98.1531,25.697],[-98.1257,25.6564],[-98.0692,25.6204],[-98.0201,25.5798],[-97.9783,25.5347],[-97.9489,25.485],[-97.932,25.4308],[-97.9268,25.3947],[-97.9333,25.3766],[-97.9599,25.3621],[-98.0066,25.3512],[-98.0503,25.3602],[-98.0908,25.3892],[-98.1258,25.4074],[-98.1553,25.4149],[-98.195,25.4087],[-98.245,25.389],[-98.3,25.3785],[-98.36,25.3771],[-98.415,25.3822],[-98.465,25.3936],[-98.515,25.3932],[-98.565,25.381],[-98.605,25.377],[-98.635,25.3813],[-98.6609,25.4111],[-98.6827,25.4664],[-98.6727,25.4989],[-98.6309,25.5085],[-98.595,25.4978],[-98.565,25.4669],[-98.5411,25.4531],[-98.5234,25.4563],[-98.5046,25.476],[-98.4847,25.5121],[-98.4812,25.5482],[-98.4942,25.5843],[-98.4965,25.6158],[-98.4881,25.6429],[-98.5005,25.671],[-98.5335,25.7001],[-98.5739,25.7226],[-98.6217,25.7386],[-98.6459,25.7555],[-98.6464,25.7736],[-98.6237,25.7871],[-98.5777,25.7961],[-98.5531,25.8051],[-98.5499,25.8141],[-98.5832,25.8321],[-98.6532,25.8591],[-98.6932,25.8861],[-98.7034,25.9131],[-98.7067,25.94]],[[-98.5266,25.9086],[-98.4948,25.9445],[-98.4416,25.9761],[-98.3672,26.0032],[-98.3379,25.9942],[-98.3538,25.9491],[-98.3346,25.9086],[-98.2804,25.8726],[-98.2409,25.8096],[-98.2161,25.7195],[-98.1668,25.6519],[-98.093,25.6068],[-98.0345,25.5617],[-97.9911,25.5166],[-97.9696,25.4644],[-97.9699,25.4052],[-97.9806,25.3736],[-98.0018,25.3696],[-98.0518,25.386],[-98.1306,25.4228],[-98.2,25.4328],[-98.26,25.416],[-98.3264,25.4202],[-98.3993,25.4454],[-98.4143,25.4758],[-98.3714,25.5117],[-98.325,25.5309],[-98.275,25.5334],[-98.2476,25.5606],[-98.2427,25.6125],[-98.2627,25.66],[-98.3076,25.7032],[-98.365,25.7315],[-98.435,25.7449],[-98.4881,25.7863],[-98.5244,25.8558],[-98.5266,25.9086]],[[-98.6795,25.9365],[-98.6732,25.9564],[-98.66,25.9661],[-98.64,25.9657],[-98.6216,25.9467],[-98.6047,25.9093],[-98.6097,25.8889],[-98.6366,25.8856],[-98.6582,25.8946],[-98.6745,25.9159],[-98.6795,25.9365]]]}},{"type":"Feature","properties":{"c":"#00fb90","v0":0.05,"v1":0.25},"geometry":{"type":"Polygon","coordinates":[[[-96.7366,26.0075],[-96.7259,26.0255],[-96.7079,26.0372],[-96.6826,26.0428],[-96.6593,26.0428],[-96.6379,26.0372],[-96.6211,26.0255],[-96.6091,26.0075],[-96.6198,25.9873],[-96.6533,25.965],[-96.6808,25.956],[-96.7024,25.9603],[-96.7204,25.9715],[-96.7347,25.9895],[-96.7366,26.0075]],[[-96.6924,26.0036],[-96.6775,26.0139],[-96.6636,26.0139],[-96.6509,26.0036],[-96.6509,25.9943],[-96.6636,25.986],[-96.6775,25.986],[-96.6924,25.9943],[-96.6924,26.0036]]]}},{"type":"Feature","properties":{"c":"#00fb90","v0":0.05,"v1":0.25},"geometry":{"type":"Polygon","coordinates":[[[-96.1376,25.9674],[-96.1325,25.9771],[-96.1193,25.9816],[-96.0979,25.9809],[-96.0879,25.9748],[-96.0893,25.9634],[-96.1025,25.9589],[-96.1276,25.9613],[-96.1376,25.9674]]]}},{"type":"Feature","properties":{"c":"#00fb90","v0":0.05,"v1":0.25},"geometry":{"type":"Polygon","coordinates":[[[-98.0975,25.9177],[-98.0792,25.936],[-98.055,25.9433],[-98.025,25.9396],[-98.005,25.9231],[-97.995,25.8936],[-97.97,25.8669],[-97.93,25.8429],[-97.8995,25.8099],[-97.8785,25.7676],[-97.8408,25.7285],[-97.7863,25.6925],[-97.7518,25.6597],[-97.7373,25.6303],[-97.7147,25.6077],[-97.6841,25.5921],[-97.6691,25.5698],[-97.6697,25.541],[-97.7,25.518],[-97.76,25.501],[-97.808,25.4974],[-97.8441,25.5072],[-97.8579,25.5301],[-97.8493,25.5662],[-97.8844,25.6023],[-97.9631,25.6384],[-98.0175,25.6835],[-98.0475,25.7375],[-98.0525,25.7871],[-98.0323,25.8321],[-98.0433,25.8681],[-98.0855,25.8951],[-98.0975,25.9177]],[[-97.955,25.6821],[-97.9383,25.6975],[-97.92,25.7057],[-97.9,25.7067],[-97.8667,25.699],[-97.8201,25.6826],[-97.7909,25.6654],[-97.7789,25.6474],[-97.7772,25.6311],[-97.7857,25.6166],[-97.82,25.6136],[-97.88,25.622],[-97.9233,25.6383],[-97.95,25.6624],[-97.955,25.6821]],[[-97.8001,25.5447],[-97.78,25.5737],[-97.751,25.5827],[-97.7129,25.5717],[-97.6979,25.5571],[-97.706,25.539],[-97.735,25.5299],[-97.7851,25.5301],[-97.8001,25.5447]]]}},{"type":"Feature","properties":{"c":"#00fb90","v0":0.05,"v1":0.25},"geometry":{"type":"Polygon","coordinates":[[[-96.2443,25.8552],[-96.2214,25.8564],[-96.207,25.8519],[-96.201,25.8417],[-96.211,25.8357],[-96.237,25.834],[-96.2514,25.8385],[-96.2543,25.8492],[-96.2443,25.8552]]]}},{"type":"Feature","properties":{"c":"#00fb90","v0":0.05,"v1":0.25},"geometry":{"type":"Polygon","coordinates":[[[-96.1312,25.8402],[-96.1037,25.8475],[-96.045,25.8426],[-95.955,25.8255],[-95.88,25.8259],[-95.82,25.8436],[-95.77,25.8473],[-95.73,25.8371],[-95.68,25.8381],[-95.62,25.8502],[-95.5575,25.8469],[-95.4926,25.828],[-95.4976,25.7981],[-95.5725,25.7572],[-95.66,25.726],[-95.76,25.7046],[-95.83,25.6986],[-95.87,25.7079],[-95.92,25.7307],[-95.98,25.7672],[-96.035,25.7867],[-96.085,25.7894],[-96.1187,25.8022],[-96.1362,25.8251],[-96.1312,25.8402]]]}},{"type":"Feature","properties":{"c":"#00fb90","v0":0.05,"v1":0.25},"geometry":{"type":"Polygon","coordinates":[[[-79.5195,25.8096],[-79.5161,25.8276],[-79.5082,25.8389],[-79.4961,25.8436],[-79.485,25.8257],[-79.475,25.7851],[-79.48,25.7657],[-79.5,25.7673],[-79.5128,25.7762],[-79.5185,25.7925],[-79.5195,25.8096]]]}},{"type":"Feature","properties":{"c":"#00fb90","v0":0.05,"v1":0.25},"geometry":{"type":"Polygon","coordinates":[[[-78.2999,25.5921],[-78.2533,25.6437],[-78.22,25.668],[-78.2,25.6652],[-78.1724,25.6439],[-78.1373,25.6042],[-78.121,25.5572],[-78.1235,25.5031],[-78.1361,25.4686],[-78.1587,25.4538],[-78.18,25.4483],[-78.2,25.4521],[-78.2316,25.4685],[-78.2749,25.4976],[-78.3032,25.5256],[-78.3165,25.5527],[-78.2999,25.5921]],[[-78.2419,25.5347],[-78.2227,25.5437],[-78.2089,25.5392],[-78.2007,25.5211],[-78.2049,25.5108],[-78.2216,25.5083],[-78.2354,25.5128],[-78.2462,25.5244],[-78.2419,25.5347]]]}},{"type":"Feature","properties":{"c":"#00fb90","v0":0.05,"v1":0.25},"geometry":{"type":"Polygon","coordinates":[[[-99.0108,25.4414],[-98.9436,25.5527],[-98.905,25.6125],[-98.895,25.6207],[-98.88,25.6223],[-98.86,25.6174],[-98.8315,25.5982],[-98.7944,25.5649],[-98.7732,25.5121],[-98.7678,25.4399],[-98.7564,25.3936],[-98.7388,25.3733],[-98.715,25.3617],[-98.685,25.359],[-98.6675,25.3375],[-98.6626,25.2973],[-98.6426,25.2636],[-98.6076,25.2365],[-98.5801,25.2052],[-98.56,25.1696],[-98.54,25.1479],[-98.52,25.1399],[-98.5,25.1457],[-98.48,25.1653],[-98.44,25.1881],[-98.38,25.2141],[-98.3416,25.2351],[-98.3249,25.2511],[-98.3138,25.2727],[-98.3083,25.2998],[-98.2867,25.3137],[-98.2489,25.3145],[-98.2061,25.3009],[-98.1582,25.273],[-98.1399,25.241],[-98.1511,25.2048],[-98.1533,25.1777],[-98.1465,25.1596],[-98.1081,25.1188],[-98.0383,25.0554],[-97.9801,25.0115],[-97.9334,24.987],[-97.9019,24.9507],[-97.8856,24.9027],[-97.8856,24.8717],[-97.9019,24.8577],[-97.935,24.8562],[-97.985,24.8673],[-98.0194,24.8697],[-98.0381,24.8636],[-98.0396,24.8469],[-98.0238,24.8197],[-98.0144,24.7806],[-98.0115,24.7298],[-98.0272,24.6934],[-98.0615,24.6716],[-98.0825,24.6516],[-98.0904,24.6334],[-98.1128,24.6153],[-98.1497,24.5971],[-98.1986,24.5551],[-98.2595,24.4894],[-98.325,24.4553],[-98.395,24.453],[-98.4399,24.4722],[-98.4596,24.513],[-98.4796,24.5377],[-98.4999,24.5463],[-98.535,24.5449],[-98.585,24.5334],[-98.638,24.5518],[-98.694,24.6002],[-98.7225,24.6334],[-98.7235,24.6516],[-98.7155,24.6691],[-98.6985,24.686],[-98.6625,24.7041],[-98.6075,24.7236],[-98.5788,24.7425],[-98.5765,24.7606],[-98.582,24.7788],[-98.5954,24.797],[-98.5986,24.8151],[-98.5916,24.8333],[-98.5636,24.8483],[-98.5145,24.8603],[-98.485,24.8826],[-98.475,24.9151],[-98.4371,24.9409],[-98.3714,24.9599],[-98.3389,24.9784],[-98.3396,24.9965],[-98.3675,25.0304],[-98.4225,25.08],[-98.465,25.1114],[-98.495,25.1246],[-98.5162,25.1225],[-98.5287,25.105],[-98.5303,25.069],[-98.521,25.0147],[-98.5198,24.9828],[-98.5266,24.9735],[-98.545,24.9718],[-98.575,24.9776],[-98.6,25.0181],[-98.62,25.0934],[-98.655,25.1398],[-98.705,25.1574],[-98.77,25.2171],[-98.85,25.3188],[-98.915,25.3604],[-98.965,25.3422],[-99.0,25.3371],[-99.02,25.3452],[-99.0336,25.3584],[-99.0408,25.3766],[-99.0108,25.4414]],[[-98.9213,25.4706],[-98.8871,25.5321],[-98.86,25.563],[-98.84,25.5634],[-98.8397,25.5282],[-98.859,25.4573],[-98.879,25.4209],[-98.8997,25.4192],[-98.9171,25.4237],[-98.9313,25.4345],[-98.9213,25.4706]],[[-98.7114,25.2247],[-98.6971,25.2283],[-98.6825,25.2238],[-98.6676,25.2112],[-98.6676,25.1999],[-98.6825,25.19],[-98.6971,25.1946],[-98.7114,25.2135],[-98.7114,25.2247]],[[-98.3591,25.1007],[-98.3507,25.1098],[-98.3449,25.1098],[-98.3416,25.1007],[-98.3458,25.0962],[-98.3575,25.0962],[-98.3591,25.1007]],[[-98.2714,25.221],[-98.2305,25.2532],[-98.1995,25.2623],[-98.1784,25.2481],[-98.1884,25.2257],[-98.2295,25.1951],[-98.2605,25.186],[-98.2814,25.1986],[-98.2714,25.221]],[[-98.6099,24.652],[-98.5566,24.6711],[-98.5222,24.6711],[-98.5067,24.652],[-98.5167,24.6292],[-98.5522,24.6027],[-98.5866,24.6027],[-98.6199,24.6292],[-98.6099,24.652]],[[-98.8371,25.3743],[-98.819,25.3877],[-98.8028,25.3832],[-98.7884,25.3607],[-98.7884,25.3445],[-98.8028,25.3343],[-98.819,25.3389],[-98.8371,25.358],[-98.8371,25.3743]],[[-98.3502,24.9009],[-98.3234,24.9091],[-98.295,24.9027],[-98.265,24.8819],[-98.2445,24.8733],[-98.2335,24.8769],[-98.2336,24.8923],[-98.2449,24.9195],[-98.2467,24.9603],[-98.2392,25.0147],[-98.2411,25.0509],[-98.2523,25.069],[-98.256,25.0852],[-98.252,25.0995],[-98.24,25.111],[-98.22,25.1195],[-98.19,25.1055],[-98.15,25.0688],[-98.115,25.0453],[-98.085,25.0349],[-98.065,25.0199],[-98.055,25.0001],[-98.025,24.9848],[-97.975,24.9739],[-97.9434,24.9551],[-97.9302,24.9283],[-97.9252,24.9099],[-97.9284,24.8998],[-97.955,24.8979],[-98.005,24.9041],[-98.0632,24.9001],[-98.1297,24.8858],[-98.1394,24.856],[-98.0922,24.8106],[-98.066,24.7743],[-98.0608,24.747],[-98.0711,24.7284],[-98.097,24.7184],[-98.15,24.7212],[-98.23,24.7369],[-98.2745,24.751],[-98.2835,24.7635],[-98.2835,24.789],[-98.2745,24.8275],[-98.2934,24.8593],[-98.3402,24.8843],[-98.3502,24.9009]],[[-98.3397,24.6524],[-98.3199,24.6723],[-98.295,24.6787],[-98.265,24.6717],[-98.2453,24.6618],[-98.2359,24.6489],[-98.2509,24.6344],[-98.2903,24.6182],[-98.3199,24.6182],[-98.3397,24.6344],[-98.3397,24.6524]]]}},{"type":"Feature","properties":{"c":"#00fb90","v0":0.05,"v1":0.25},"geometry":{"type":"Polygon","coordinates":[[[-99.1112,25.6044],[-99.0971,25.6085],[-99.0895,25.604],[-99.0886,25.5909],[-99.0957,25.5888],[-99.1108,25.5978],[-99.1112,25.6044]]]}},{"type":"Feature","properties":{"c":"#00fb90","v0":0.05,"v1":0.25},"geometry":{"type":"Polygon","coordinates":[[[-96.7084,25.4218],[-96.6288,25.4218],[-96.5942,25.4154],[-96.6047,25.4024],[-96.625,25.4013],[-96.655,25.4119],[-96.685,25.4119],[-96.715,25.4013],[-96.7346,25.4024],[-96.7437,25.4153],[-96.7084,25.4218]]]}},{"type":"Feature","properties":{"c":"#00fb90","v0":0.05,"v1":0.25},"geometry":{"type":"Polygon","coordinates":[[[-96.1274,25.3768],[-96.1158,25.3952],[-96.0924,25.4042],[-96.0573,25.4039],[-96.0523,25.3935],[-96.0774,25.3731],[-96.1008,25.3641],[-96.1224,25.3664],[-96.1274,25.3768]]]}},{"type":"Feature","properties":{"c":"#00fb90","v0":0.05,"v1":0.25},"geometry":{"type":"Polygon","coordinates":[[[-99.0441,25.2688],[-99.0214,25.2883],[-99.0,25.2936],[-98.98,25.2848],[-98.9625,25.266],[-98.9475,25.2373],[-98.9475,25.2074],[-98.9625,25.1763],[-98.9914,25.1853],[-99.0341,25.2345],[-99.0441,25.2688]]]}},{"type":"Feature","properties":{"c":"#00fb90","v0":0.05,"v1":0.25},"geometry":{"type":"Polygon","coordinates":[[[-96.8867,25.1814],[-96.8622,25.2069],[-96.83,25.2207],[-96.79,25.2227],[-96.755,25.2175],[-96.725,25.205],[-96.69,25.2113],[-96.65,25.2365],[-96.6176,25.2425],[-96.5927,25.2295],[-96.6027,25.2085],[-96.6476,25.1797],[-96.7272,25.1661],[-96.8417,25.1678],[-96.8867,25.1814]]]}},{"type":"Feature","properties":{"c":"#00fb90","v0":0.05,"v1":0.25},"geometry":{"type":"Polygon","coordinates":[[[-96.3006,24.9745],[-96.2669,24.9849],[-96.2431,24.9849],[-96.2293,24.9745],[-96.2393,24.9615],[-96.2731,24.9457],[-96.2969,24.9457],[-96.3106,24.9615],[-96.3006,24.9745]]]}},{"type":"Feature","properties":{"c":"#00fb90","v0":0.05,"v1":0.25},"geometry":{"type":"Polygon","coordinates":[[[-96.7209,24.9564],[-96.687,24.9667],[-96.65,24.9674],[-96.61,24.9587],[-96.5892,24.949],[-96.5876,24.9384],[-96.5976,24.9276],[-96.6192,24.9166],[-96.657,24.9211],[-96.7109,24.9412],[-96.7209,24.9564]]]}},{"type":"Feature","properties":{"c":"#00fb90","v0":0.05,"v1":0.25},"geometry":{"type":"Polygon","coordinates":[[[-96.129,24.938],[-96.103,24.9479],[-96.0821,24.9479],[-96.0664,24.938],[-96.0714,24.929],[-96.0971,24.9208],[-96.118,24.9208],[-96.134,24.929],[-96.129,24.938]]]}},{"type":"Feature","properties":{"c":"#00fb90","v0":0.05,"v1":0.25},"geometry":{"type":"Polygon","coordinates":[[[-96.4599,24.921],[-96.4533,24.9332],[-96.4411,24.9377],[-96.4233,24.9346],[-96.4183,24.9268],[-96.4261,24.9142],[-96.4383,24.9096],[-96.4549,24.9132],[-96.4599,24.921]]]}},{"type":"Feature","properties":{"c":"#00fb90","v0":0.05,"v1":0.25},"geometry":{"type":"Polygon","coordinates":[[[-97.6436,24.5516],[-97.5862,24.588],[-97.5671,24.6243],[-97.5865,24.6607],[-97.5747,24.6895],[-97.5316,24.7107],[-97.5034,24.7379],[-97.4902,24.7712],[-97.4702,24.7998],[-97.4434,24.8236],[-97.405,24.8468],[-97.355,24.8693],[-97.3111,24.871],[-97.2733,24.8519],[-97.2517,24.8333],[-97.2462,24.8151],[-97.2651,24.7912],[-97.3084,24.7614],[-97.3628,24.7387],[-97.4284,24.723],[-97.4645,24.7061],[-97.471,24.688],[-97.4532,24.6721],[-97.4111,24.6584],[-97.345,24.6503],[-97.255,24.6478],[-97.185,24.6361],[-97.135,24.6151],[-97.065,24.603],[-96.975,24.5998],[-96.9242,24.5911],[-96.9127,24.5769],[-96.9277,24.5572],[-96.9692,24.5321],[-96.993,24.5094],[-96.999,24.489],[-96.964,24.4833],[-96.888,24.4924],[-96.8122,24.4879],[-96.7365,24.4697],[-96.6978,24.456],[-96.6959,24.4469],[-96.7137,24.4352],[-96.7512,24.4207],[-96.82,24.4147],[-96.92,24.4171],[-96.995,24.4302],[-97.045,24.4539],[-97.115,24.4764],[-97.205,24.4979],[-97.305,24.5015],[-97.415,24.4874],[-97.515,24.4879],[-97.605,24.5032],[-97.6556,24.5164],[-97.6668,24.5277],[-97.6436,24.5516]],[[-97.5198,24.5524],[-97.4733,24.5903],[-97.4248,24.5994],[-97.3745,24.5797],[-97.3521,24.5607],[-97.3575,24.5425],[-97.3776,24.5256],[-97.4125,24.5099],[-97.4583,24.5099],[-97.5148,24.5256],[-97.5198,24.5524]],[[-97.4009,24.804],[-97.3536,24.8361],[-97.3164,24.8451],[-97.2891,24.8312],[-97.2791,24.8164],[-97.2864,24.8008],[-97.305,24.787],[-97.335,24.775],[-97.365,24.7684],[-97.395,24.7673],[-97.4136,24.7721],[-97.4209,24.7826],[-97.4009,24.804]]]}},{"type":"Feature","properties":{"c":"#00fb90","v0":0.05,"v1":0.25},"geometry":{"type":"Polygon","coordinates":[[[-99.1743,24.8502],[-99.1581,24.866],[-99.1392,24.866],[-99.1176,24.8502],[-99.1126,24.8384],[-99.1242,24.8306],[-99.1431,24.8306],[-99.1693,24.8384],[-99.1743,24.8502]]]}},{"type":"Feature","properties":{"c":"#00fb90","v0":0.05,"v1":0.25},"geometry":{"type":"Polygon","coordinates":[[[-99.0723,24.775],[-99.0574,24.7854],[-99.035,24.787],[-99.005,24.7797],[-98.9449,24.7427],[-98.8547,24.6759],[-98.8145,24.6198],[-98.8242,24.5743],[-98.8393,24.5486],[-98.8598,24.5426],[-98.885,24.5546],[-98.915,24.5848],[-98.9458,24.606],[-98.9774,24.6182],[-99.0148,24.6607],[-99.0581,24.7334],[-99.0723,24.775]]]}},{"type":"Feature","properties":{"c":"#00fb90","v0":0.05,"v1":0.25},"geometry":{"type":"Polygon","coordinates":[[[-96.4754,24.6321],[-96.4585,24.6475],[-96.425,24.651],[-96.375,24.6425],[-96.3405,24.6302],[-96.3214,24.6142],[-96.3314,24.5967],[-96.3705,24.5778],[-96.4135,24.5823],[-96.4604,24.6103],[-96.4754,24.6321]]]}},{"type":"Feature","properties":{"c":"#00fb90","v0":0.05,"v1":0.25},"geometry":{"type":"Polygon","coordinates":[[[-98.0512,24.5516],[-98.0293,24.5516],[-98.0263,24.5455],[-98.0421,24.5334],[-98.053,24.5334],[-98.0591,24.5455],[-98.0512,24.5516]]]}},{"type":"Feature","properties":{"c":"#00fb90","v0":0.05,"v1":0.25},"geometry":{"type":"Polygon","coordinates":[[[-97.5447,24.3103],[-97.5308,24.3376],[-97.5004,24.3623],[-97.4535,24.3842],[-97.3774,24.3933],[-97.2722,24.3896],[-97.2207,24.3786],[-97.2227,24.3604],[-97.2369,24.3376],[-97.2632,24.3103],[-97.2761,24.283],[-97.2756,24.2556],[-97.309,24.2223],[-97.3763,24.1829],[-97.4252,24.1647],[-97.4555,24.1675],[-97.4727,24.1872],[-97.4769,24.2237],[-97.4971,24.2556],[-97.5334,24.283],[-97.5447,24.3103]],[[-97.4071,24.358],[-97.3824,24.3713],[-97.3548,24.3713],[-97.3243,24.358],[-97.3193,24.3435],[-97.3398,24.3279],[-97.3674,24.3279],[-97.4021,24.3435],[-97.4071,24.358]]]}},{"type":"Feature","properties":{"c":"#00fb90","v0":0.05,"v1":0.25},"geometry":{"type":"Polygon","coordinates":[[[-97.2218,24.2428],[-97.1739,24.2444],[-97.1424,24.2398],[-97.1271,24.2291],[-97.1271,24.2124],[-97.1424,24.1899],[-97.165,24.1747],[-97.195,24.167],[-97.2189,24.1828],[-97.2368,24.2222],[-97.2218,24.2428]]]}},{"type":"Feature","properties":{"c":"#00fb90","v0":0.05,"v1":0.25},"geometry":{"type":"Polygon","coordinates":[[[-83.7069,24.0067],[-83.669,24.0473],[-83.6462,24.061],[-83.6386,24.0478],[-83.6426,24.0275],[-83.6581,24.0001],[-83.6769,23.9825],[-83.699,23.9747],[-83.714,23.9747],[-83.7219,23.9825],[-83.7069,24.0067]]]}},{"type":"Feature","properties":{"c":"#00fb90","v0":0.05,"v1":0.25},"geometry":{"type":"Polygon","coordinates":[[[-82.6624,24.0001],[-82.6437,24.0275],[-82.6033,24.0408],[-82.5411,24.04],[-82.4883,24.0218],[-82.4448,23.986],[-82.4098,23.9431],[-82.3833,23.8932],[-82.3,23.857],[-82.16,23.8346],[-82.072,23.8093],[-82.0361,23.781],[-82.0129,23.7531],[-82.0024,23.7257],[-82.0012,23.6982],[-82.0091,23.6707],[-82.0423,23.645],[-82.1008,23.6211],[-82.15,23.5854],[-82.19,23.5379],[-82.2085,23.4811],[-82.2054,23.415],[-82.2204,23.3845],[-82.2535,23.3899],[-82.3,23.4085],[-82.36,23.4404],[-82.4418,23.5158],[-82.5455,23.6344],[-82.6159,23.7669],[-82.6531,23.9132],[-82.6624,24.0001]],[[-82.6304,23.9789],[-82.6168,24.0007],[-82.59,24.0115],[-82.55,24.0112],[-82.5168,24.0003],[-82.4905,23.9788],[-82.4555,23.9342],[-82.4118,23.8664],[-82.325,23.8281],[-82.195,23.8192],[-82.1068,23.7982],[-82.0603,23.7651],[-82.0403,23.7296],[-82.0468,23.6917],[-82.085,23.6701],[-82.155,23.6648],[-82.1988,23.6472],[-82.2163,23.6171],[-82.2363,23.5989],[-82.2588,23.5928],[-82.28,23.5965],[-82.3,23.6099],[-82.3141,23.6359],[-82.3224,23.6744],[-82.3424,23.7073],[-82.3741,23.7345],[-82.395,23.7454],[-82.405,23.7398],[-82.4054,23.7079],[-82.3962,23.6495],[-82.3564,23.5837],[-82.2858,23.5103],[-82.2504,23.4623],[-82.2501,23.4396],[-82.265,23.4296],[-82.295,23.4323],[-82.33,23.4456],[-82.37,23.4693],[-82.4388,23.5389],[-82.5364,23.6543],[-82.5864,23.7419],[-82.5888,23.8017],[-82.6018,23.8657],[-82.6254,23.934],[-82.6304,23.9789]]]}},{"type":"Feature","properties":{"c":"#00fb90","v0":0.05,"v1":0.25},"geometry":{"type":"Polygon","coordinates":[[[-83.6327,23.8172],[-83.6203,23.8446],[-83.5981,23.8629],[-83.566,23.8719],[-83.535,23.8683],[-83.505,23.852],[-83.455,23.8521],[-83.385,23.8684],[-83.3313,23.8629],[-83.2939,23.8355],[-83.2829,23.8035],[-83.2983,23.7669],[-83.327,23.7389],[-83.369,23.7196],[-83.4,23.7116],[-83.42,23.7151],[-83.445,23.7311],[-83.475,23.7595],[-83.5045,23.7583],[-83.5334,23.7274],[-83.5584,23.7128],[-83.5795,23.7145],[-83.6022,23.7374],[-83.6267,23.7814],[-83.6327,23.8172]],[[-83.605,23.8155],[-83.5817,23.8395],[-83.5578,23.844],[-83.5334,23.8292],[-83.5242,23.808],[-83.5301,23.7806],[-83.5423,23.7603],[-83.5608,23.7471],[-83.5817,23.7563],[-83.605,23.7877],[-83.605,23.8155]],[[-83.4468,23.8126],[-83.4367,23.8309],[-83.4212,23.8437],[-83.4004,23.851],[-83.3764,23.851],[-83.3492,23.8437],[-83.3297,23.8309],[-83.318,23.8126],[-83.3316,23.7866],[-83.3705,23.7529],[-83.4005,23.7392],[-83.4214,23.7454],[-83.4368,23.7623],[-83.4469,23.7897],[-83.4468,23.8126]]]}},{"type":"Feature","properties":{"c":"#00fb90","v0":0.05,"v1":0.25},"geometry":{"type":"Polygon","coordinates":[[[-81.0786,23.799],[-81.0595,23.8266],[-81.015,23.8289],[-80.945,23.8058],[-80.885,23.767],[-80.835,23.7125],[-80.795,23.6786],[-80.765,23.6652],[-80.73,23.6636],[-80.69,23.6739],[-80.6614,23.6643],[-80.6443,23.635],[-80.6393,23.6152],[-80.6464,23.605],[-80.67,23.5992],[-80.71,23.598],[-80.755,23.5869],[-80.805,23.5657],[-80.8388,23.5623],[-80.8565,23.5766],[-80.8715,23.6015],[-80.8838,23.6371],[-80.9312,23.66],[-81.0137,23.6702],[-81.0632,23.7028],[-81.0798,23.7577],[-81.0786,23.799]],[[-81.0394,23.7561],[-81.0331,23.7711],[-81.005,23.7787],[-80.955,23.7791],[-80.9197,23.7716],[-80.8991,23.7562],[-80.8866,23.7394],[-80.8822,23.7211],[-80.8874,23.7063],[-80.9025,23.6951],[-80.93,23.6911],[-80.97,23.6941],[-80.9996,23.6997],[-81.0189,23.7078],[-81.032,23.7211],[-81.0391,23.7394],[-81.0394,23.7561]],[[-80.8387,23.6111],[-80.8196,23.6294],[-80.802,23.6294],[-80.7859,23.6111],[-80.7859,23.5951],[-80.802,23.5814],[-80.8196,23.5814],[-80.8387,23.5951],[-80.8387,23.6111]]]}},{"type":"Feature","properties":{"c":"#00fb90","v0":0.05,"v1":0.25},"geometry":{"type":"Polygon","coordinates":[[[-79.2596,23.752],[-79.2399,23.7589],[-79.2197,23.7543],[-79.1992,23.7383],[-79.1992,23.7267],[-79.2197,23.7195],[-79.2399,23.7241],[-79.2596,23.7404],[-79.2596,23.752]]]}},{"type":"Feature","properties":{"c":"#00fb90","v0":0.05,"v1":0.25},"geometry":{"type":"Polygon","coordinates":[[[-82.281,23.6989],[-82.2737,23.7096],[-82.2636,23.7096],[-82.2507,23.6989],[-82.2544,23.6936],[-82.2746,23.6936],[-82.281,23.6989]]]}},{"type":"Feature","properties":{"c":"#00fb90","v0":0.05,"v1":0.25},"geometry":{"type":"Polygon","coordinates":[[[-82.9052,23.5882],[-82.8951,23.5973],[-82.8744,23.5973],[-82.8432,23.5882],[-82.8232,23.5548],[-82.8144,23.497],[-82.815,23.4657],[-82.825,23.4609],[-82.84,23.4671],[-82.86,23.4844],[-82.8801,23.5158],[-82.9002,23.561],[-82.9052,23.5882]]]}},{"type":"Feature","properties":{"c":"#00fb90","v0":0.05,"v1":0.25},"geometry":{"type":"Polygon","coordinates":[[[-83.5017,23.4896],[-83.4939,23.5214],[-83.48,23.5455],[-83.46,23.5617],[-83.42,23.5726],[-83.36,23.5784],[-83.31,23.5752],[-83.27,23.5631],[-83.23,23.5629],[-83.19,23.5744],[-83.1584,23.5719],[-83.1352,23.5553],[-83.1241,23.5378],[-83.1251,23.5195],[-83.1367,23.5031],[-83.1589,23.4887],[-83.23,23.4748],[-83.35,23.4615],[-83.425,23.4485],[-83.455,23.436],[-83.4789,23.4407],[-83.4967,23.4627],[-83.5017,23.4896]]]}},{"type":"Feature","properties":{"c":"#00fb90","v0":0.05,"v1":0.25},"geometry":{"type":"Polygon","coordinates":[[[-82.7264,23.4983],[-82.7021,23.5109],[-82.6829,23.5017],[-82.6688,23.4708],[-82.6738,23.4532],[-82.6979,23.449],[-82.7171,23.4582],[-82.7314,23.4807],[-82.7264,23.4983]]]}},{"type":"Feature","properties":{"c":"#00fb90","v0":0.05,"v1":0.25},"geometry":{"type":"Polygon","coordinates":[[[-83.7743,23.4102],[-83.7714,23.4302],[-83.765,23.4361],[-83.755,23.4281],[-83.74,23.4034],[-83.72,23.3619],[-83.7113,23.3192],[-83.7138,23.2753],[-83.7279,23.2625],[-83.7537,23.2809],[-83.7688,23.3176],[-83.7734,23.3727],[-83.7743,23.4102]]]}},{"type":"Feature","properties":{"c":"#00fb90","v0":0.05,"v1":0.25},"geometry":{"type":"Polygon","coordinates":[[[-79.3498,23.3733],[-79.3099,23.3928],[-79.2749,23.3974],[-79.2448,23.3871],[-79.2448,23.3698],[-79.2749,23.3456],[-79.3099,23.341],[-79.3498,23.356],[-79.3498,23.3733]]]}},{"type":"Feature","properties":{"c":"#00fb90","v0":0.05,"v1":0.25},"geometry":{"type":"Polygon","coordinates":[[[-82.468,23.3501],[-82.4293,23.3599],[-82.4004,23.3599],[-82.3811,23.3501],[-82.3697,23.336],[-82.3661,23.3176],[-82.3807,23.3054],[-82.4136,23.2992],[-82.4443,23.3084],[-82.473,23.3329],[-82.468,23.3501]]]}},{"type":"Feature","properties":{"c":"#00fb90","v0":0.05,"v1":0.25},"geometry":{"type":"Polygon","coordinates":[[[-82.733,23.3125],[-82.7177,23.3208],[-82.695,23.32],[-82.665,23.3101],[-82.6399,23.2968],[-82.6198,23.2801],[-82.6088,23.2625],[-82.6071,23.2441],[-82.6221,23.2359],[-82.654,23.2377],[-82.6877,23.2561],[-82.723,23.291],[-82.733,23.3125]]]}},{"type":"Feature","properties":{"c":"#00fb90","v0":0.05,"v1":0.25},"geometry":{"type":"Polygon","coordinates":[[[-83.2804,23.2612],[-83.2735,23.277],[-83.26,23.2843],[-83.24,23.2831],[-83.2224,23.2752],[-83.2073,23.2606],[-83.1996,23.2441],[-83.1994,23.2257],[-83.212,23.2161],[-83.2373,23.2151],[-83.2585,23.2243],[-83.2754,23.2436],[-83.2804,23.2612]]]}},{"type":"Feature","properties":{"c":"#00fb90","v0":0.05,"v1":0.25},"geometry":{"type":"Polygon","coordinates":[[[-83.0929,23.1615],[-83.0643,23.1986],[-83.025,23.2309],[-82.975,23.2583],[-82.9384,23.2719],[-82.9152,23.2718],[-82.9151,23.2441],[-82.938,23.189],[-82.9596,23.1511],[-82.9799,23.1305],[-83.01,23.1152],[-83.05,23.1053],[-83.0793,23.111],[-83.0979,23.1323],[-83.0929,23.1615]],[[-83.0396,23.1696],[-83.0332,23.186],[-83.0186,23.1952],[-82.9957,23.1972],[-82.9907,23.1863],[-83.0036,23.1626],[-83.0182,23.1534],[-83.0346,23.1587],[-83.0396,23.1696]]]}},{"type":"Feature","properties":{"c":"#00fb90","v0":0.05,"v1":0.25},"geometry":{"type":"Polygon","coordinates":[[[-83.1331,22.7562],[-83.0888,22.7931],[-83.0634,22.8392],[-83.0569,22.8945],[-83.0377,22.9116],[-83.0059,22.8904],[-82.9706,22.8858],[-82.9319,22.8977],[-82.9098,22.9175],[-82.9043,22.9451],[-82.8937,22.9662],[-82.8779,22.9807],[-82.85,22.9909],[-82.81,22.9967],[-82.77,22.9914],[-82.73,22.9749],[-82.68,22.9757],[-82.62,22.9938],[-82.5822,23.0103],[-82.5665,23.0252],[-82.5615,23.047],[-82.5672,23.0758],[-82.5638,23.0896],[-82.5514,23.0884],[-82.541,23.074],[-82.5325,23.0464],[-82.5137,23.0259],[-82.4846,23.0124],[-82.445,23.012],[-82.395,23.0246],[-82.355,23.0495],[-82.325,23.0865],[-82.29,23.1031],[-82.25,23.0991],[-82.205,23.1054],[-82.155,23.1218],[-82.095,23.1291],[-82.025,23.1273],[-81.9854,23.1213],[-81.9761,23.1113],[-81.9909,23.0602],[-82.0297,22.9682],[-82.0643,22.9069],[-82.0948,22.8765],[-82.125,22.8573],[-82.155,22.8494],[-82.1624,22.8277],[-82.1471,22.7924],[-82.1471,22.7676],[-82.1624,22.7534],[-82.19,22.7456],[-82.23,22.7443],[-82.2676,22.7514],[-82.3027,22.7669],[-82.3201,22.7885],[-82.3198,22.8162],[-82.3122,22.8371],[-82.2974,22.8512],[-82.2629,22.8558],[-82.2086,22.8509],[-82.1898,22.8622],[-82.2066,22.8899],[-82.2338,22.9092],[-82.2713,22.9203],[-82.31,22.9135],[-82.35,22.8888],[-82.4142,22.874],[-82.5025,22.8692],[-82.5565,22.8438],[-82.5761,22.7977],[-82.597,22.7673],[-82.619,22.7525],[-82.68,22.744],[-82.78,22.7416],[-82.88,22.7152],[-82.98,22.6646],[-83.0491,22.6455],[-83.0873,22.6578],[-83.1186,22.6824],[-83.143,22.7193],[-83.1331,22.7562]],[[-83.0449,22.7554],[-82.9683,22.8276],[-82.9092,22.869],[-82.8675,22.8799],[-82.8534,22.8991],[-82.8669,22.9267],[-82.8627,22.9495],[-82.8409,22.9674],[-82.815,22.9758],[-82.785,22.9748],[-82.755,22.9647],[-82.725,22.9455],[-82.69,22.9447],[-82.65,22.9621],[-82.56,22.9798],[-82.42,22.9976],[-82.34,23.0252],[-82.32,23.0626],[-82.285,23.0754],[-82.235,23.0637],[-82.19,23.0689],[-82.15,23.091],[-82.1037,23.0985],[-82.0512,23.0914],[-82.0262,23.0715],[-82.0287,23.0388],[-82.04,23.0147],[-82.06,22.9992],[-82.1,22.9925],[-82.16,22.9946],[-82.205,22.9868],[-82.235,22.9691],[-82.265,22.9597],[-82.295,22.9584],[-82.325,22.9439],[-82.355,22.9163],[-82.42,22.8984],[-82.52,22.8902],[-82.5752,22.8675],[-82.5857,22.8302],[-82.6007,22.8009],[-82.6202,22.7795],[-82.675,22.7695],[-82.765,22.771],[-82.84,22.7552],[-82.9,22.722],[-82.96,22.7003],[-83.02,22.69],[-83.0583,22.6935],[-83.0749,22.7107],[-83.0449,22.7554]],[[-82.2848,22.817],[-82.2749,22.8279],[-82.26,22.8323],[-82.24,22.8302],[-82.2189,22.8156],[-82.1966,22.7883],[-82.2016,22.7727],[-82.2339,22.7687],[-82.2599,22.7779],[-82.2798,22.8003],[-82.2848,22.817]]]}},{"type":"Feature","properties":{"c":"#00fb90","v0":0.05,"v1":0.25},"geometry":{"type":"Polygon","coordinates":[[[-82.1064,22.7654],[-82.1018,22.7839],[-82.0771,22.8126],[-82.0324,22.8516],[-81.9573,22.8793],[-81.852,22.8956],[-81.742,22.9302],[-81.6273,22.9832],[-81.55,23.0051],[-81.51,22.996],[-81.47,22.9684],[-81.43,22.9224],[-81.395,22.8908],[-81.365,22.8734],[-81.32,22.8696],[-81.26,22.8794],[-81.185,22.8812],[-81.095,22.875],[-81.025,22.8583],[-80.975,22.8311],[-80.92,22.8223],[-80.86,22.832],[-80.8121,22.8213],[-80.7762,22.7902],[-80.7619,22.7654],[-80.7694,22.747],[-80.7873,22.7302],[-80.8158,22.7149],[-80.865,22.6973],[-80.935,22.6773],[-81.0056,22.6665],[-81.0769,22.6648],[-81.1419,22.6535],[-81.2006,22.6326],[-81.25,22.6268],[-81.29,22.6361],[-81.35,22.6373],[-81.43,22.6305],[-81.5087,22.6501],[-81.5862,22.6963],[-81.6812,22.7357],[-81.7937,22.7684],[-81.86,22.7829],[-81.88,22.7791],[-81.8952,22.7627],[-81.9056,22.7338],[-81.9256,22.7108],[-81.9552,22.6938],[-81.99,22.6881],[-82.03,22.6936],[-82.0647,22.7114],[-82.0941,22.7413],[-82.1064,22.7654]],[[-82.082,22.7666],[-82.074,22.7872],[-82.05,22.8098],[-82.01,22.8343],[-81.945,22.8554],[-81.855,22.8731],[-81.745,22.9102],[-81.615,22.9666],[-81.5305,22.9858],[-81.4916,22.9679],[-81.4544,22.9313],[-81.4189,22.8761],[-81.4084,22.8414],[-81.4228,22.8273],[-81.455,22.8181],[-81.505,22.814],[-81.53,22.8071],[-81.53,22.7974],[-81.485,22.7825],[-81.395,22.7623],[-81.3385,22.7716],[-81.3154,22.8105],[-81.2804,22.8387],[-81.2335,22.8561],[-81.175,22.8618],[-81.105,22.8558],[-81.04,22.8394],[-80.98,22.8125],[-80.925,22.8011],[-80.875,22.8051],[-80.8371,22.799],[-80.8112,22.7828],[-80.8062,22.7637],[-80.8221,22.7417],[-80.865,22.7193],[-80.935,22.6965],[-81.085,22.6736],[-81.315,22.6507],[-81.45,22.6442],[-81.49,22.6542],[-81.53,22.6762],[-81.57,22.7101],[-81.665,22.7509],[-81.815,22.7986],[-81.8963,22.8197],[-81.909,22.8143],[-81.9173,22.7931],[-81.9211,22.7562],[-81.9347,22.7289],[-81.9582,22.7111],[-81.985,22.7027],[-82.015,22.7038],[-82.044,22.7173],[-82.072,22.7432],[-82.082,22.7666]]]}},{"type":"Feature","properties":{"c":"#00fb90","v0":0.05,"v1":0.25},"geometry":{"type":"Polygon","coordinates":[[[-82.7968,22.8705],[-82.7656,22.8777],[-82.7464,22.8777],[-82.7393,22.8705],[-82.7443,22.8603],[-82.7614,22.8471],[-82.7806,22.8471],[-82.8018,22.8603],[-82.7968,22.8705]]]}},{"type":"Feature","properties":{"c":"#00fb90","v0":0.05,"v1":0.25},"geometry":{"type":"Polygon","coordinates":[[[-81.2834,22.3755],[-81.2745,22.3899],[-81.255,22.4001],[-81.225,22.4063],[-81.155,22.4053],[-81.045,22.3973],[-80.945,22.3787],[-80.855,22.3494],[-80.795,22.3352],[-80.765,22.3361],[-80.7416,22.3445],[-80.7247,22.3604],[-80.7203,22.373],[-80.7285,22.3822],[-80.7619,22.3894],[-80.8206,22.3946],[-80.8596,22.4039],[-80.8788,22.4172],[-80.8838,22.444],[-80.8746,22.4844],[-80.84,22.5058],[-80.78,22.508],[-80.715,22.4901],[-80.645,22.4521],[-80.595,22.4325],[-80.565,22.4313],[-80.465,22.5106],[-80.295,22.6703],[-80.195,22.7493],[-80.165,22.7479],[-80.1447,22.7356],[-80.134,22.7125],[-80.114,22.6972],[-80.0847,22.6898],[-80.055,22.6876],[-80.025,22.6908],[-79.99,22.7083],[-79.95,22.7402],[-79.92,22.758],[-79.9,22.7616],[-79.8655,22.757],[-79.8164,22.7442],[-79.7764,22.7254],[-79.7455,22.7007],[-79.65,22.6903],[-79.49,22.694],[-79.3905,22.6833],[-79.3514,22.6581],[-79.3096,22.6409],[-79.2651,22.6317],[-79.2474,22.5809],[-79.2566,22.4885],[-79.2707,22.4192],[-79.2899,22.373],[-79.2621,22.3368],[-79.1874,22.3107],[-79.1474,22.2922],[-79.1422,22.2813],[-79.1722,22.2578],[-79.2374,22.2217],[-79.2965,22.1754],[-79.3495,22.1189],[-79.3945,22.084],[-79.4315,22.0706],[-79.47,22.0644],[-79.51,22.0652],[-79.5359,22.0904],[-79.5476,22.14],[-79.5384,22.1879],[-79.5085,22.2342],[-79.4909,22.299],[-79.4856,22.3822],[-79.5247,22.4308],[-79.6082,22.4448],[-79.67,22.466],[-79.71,22.4942],[-79.75,22.5132],[-79.79,22.5229],[-79.8494,22.5156],[-79.9283,22.4914],[-79.965,22.4515],[-79.9594,22.3961],[-80.01,22.3262],[-80.1167,22.2418],[-80.2,22.2051],[-80.26,22.2162],[-80.325,22.1987],[-80.395,22.1526],[-80.49,22.1122],[-80.61,22.0776],[-80.69,22.0653],[-80.73,22.0752],[-80.765,22.1093],[-80.795,22.1676],[-80.83,22.2087],[-80.87,22.2327],[-80.93,22.2589],[-81.01,22.2871],[-81.08,22.3013],[-81.14,22.3016],[-81.1995,22.3184],[-81.2584,22.3517],[-81.2834,22.3755]],[[-79.9493,22.6931],[-79.9364,22.7146],[-79.92,22.729],[-79.9,22.7365],[-79.8756,22.735],[-79.8468,22.7246],[-79.8273,22.7101],[-79.817,22.6916],[-79.8264,22.6696],[-79.8555,22.6441],[-79.8854,22.6348],[-79.9162,22.642],[-79.9376,22.6547],[-79.9497,22.6732],[-79.9493,22.6931]],[[-79.7578,22.6057],[-79.7259,22.637],[-79.65,22.6562],[-79.53,22.6633],[-79.46,22.6626],[-79.44,22.6541],[-79.42,22.6355],[-79.4,22.6068],[-79.3696,22.5873],[-79.3289,22.5769],[-79.3189,22.5621],[-79.3396,22.5431],[-79.405,22.5259],[-79.515,22.5106],[-79.61,22.5129],[-79.69,22.533],[-79.7409,22.5548],[-79.7628,22.5783],[-79.7578,22.6057]],[[-80.8565,22.4515],[-80.8483,22.47],[-80.8306,22.4823],[-80.8035,22.4883],[-80.7624,22.4791],[-80.7072,22.4546],[-80.6922,22.4354],[-80.7174,22.4216],[-80.755,22.4158],[-80.805,22.4179],[-80.8377,22.4248],[-80.853,22.4365],[-80.8565,22.4515]],[[-80.9953,22.3503],[-80.9518,22.3513],[-80.88,22.3354],[-80.78,22.3028],[-80.71,22.3061],[-80.67,22.3454],[-80.63,22.3682],[-80.59,22.3745],[-80.5585,22.3661],[-80.5356,22.3429],[-80.5294,22.3128],[-80.5401,22.2758],[-80.5392,22.2434],[-80.5266,22.2157],[-80.5427,22.1758],[-80.5876,22.1237],[-80.635,22.097],[-80.685,22.0955],[-80.7226,22.1076],[-80.7477,22.1333],[-80.7485,22.1694],[-80.7248,22.2157],[-80.7173,22.2466],[-80.7258,22.2622],[-80.75,22.2659],[-80.79,22.2578],[-80.845,22.2631],[-80.915,22.2818],[-80.9668,22.3058],[-81.0003,22.3352],[-80.9953,22.3503]],[[-80.4513,22.4284],[-80.4076,22.5116],[-80.3718,22.5666],[-80.3439,22.5934],[-80.315,22.6119],[-80.285,22.6223],[-80.26,22.6497],[-80.24,22.6941],[-80.2153,22.7171],[-80.186,22.7186],[-80.166,22.7043],[-80.1553,22.6741],[-80.12,22.6557],[-80.0601,22.6489],[-80.0451,22.6209],[-80.075,22.5718],[-80.12,22.5583],[-80.18,22.5806],[-80.213,22.5637],[-80.2189,22.5074],[-80.2107,22.4608],[-80.1884,22.4238],[-80.1855,22.3917],[-80.2018,22.3645],[-80.24,22.3544],[-80.3,22.3613],[-80.355,22.361],[-80.405,22.3536],[-80.4408,22.3592],[-80.4623,22.3776],[-80.4513,22.4284]],[[-79.4826,22.1769],[-79.4609,22.2013],[-79.4362,22.2106],[-79.4086,22.2047],[-79.4036,22.1874],[-79.4212,22.1587],[-79.44,22.1425],[-79.46,22.1389],[-79.4759,22.144],[-79.4876,22.1578],[-79.4826,22.1769]]]}},{"type":"Feature","properties":{"c":"#00fb90","v0":0.05,"v1":0.25},"geometry":{"type":"Polygon","coordinates":[[[-83.5122,22.3036],[-83.4876,22.3591],[-83.4525,22.4007],[-83.4068,22.4284],[-83.3905,22.4516],[-83.4035,22.4702],[-83.4352,22.4933],[-83.4856,22.5209],[-83.5006,22.5403],[-83.4802,22.5514],[-83.4656,22.5699],[-83.4569,22.5957],[-83.4219,22.6011],[-83.3606,22.5861],[-83.295,22.5977],[-83.225,22.6359],[-83.175,22.652],[-83.145,22.6458],[-83.1188,22.6249],[-83.0965,22.5894],[-83.0781,22.5301],[-83.0635,22.4469],[-83.0459,22.3868],[-83.0252,22.3498],[-83.0887,22.3194],[-83.2362,22.2954],[-83.33,22.2634],[-83.37,22.2233],[-83.4122,22.2075],[-83.4567,22.216],[-83.4903,22.2342],[-83.513,22.2619],[-83.5122,22.3036]],[[-83.4019,22.3175],[-83.3605,22.3637],[-83.3182,22.3961],[-83.2751,22.4146],[-83.2604,22.4423],[-83.2738,22.4793],[-83.2664,22.507],[-83.238,22.5255],[-83.2154,22.5554],[-83.1985,22.5967],[-83.18,22.6175],[-83.16,22.6177],[-83.1387,22.6017],[-83.1161,22.5694],[-83.1019,22.5208],[-83.096,22.4562],[-83.1123,22.4187],[-83.1508,22.4085],[-83.1722,22.39],[-83.1766,22.3632],[-83.1866,22.3425],[-83.2022,22.3277],[-83.245,22.3225],[-83.315,22.327],[-83.365,22.314],[-83.395,22.2837],[-83.4132,22.2749],[-83.4195,22.2879],[-83.4019,22.3175]],[[-83.374,22.5347],[-83.3485,22.5347],[-83.33,22.5255],[-83.3186,22.507],[-83.3246,22.4977],[-83.3482,22.4977],[-83.3667,22.507],[-83.3801,22.5255],[-83.374,22.5347]]]}},{"type":"Feature","properties":{"c":"#00fb90","v0":0.05,"v1":0.25},"geometry":{"type":"Polygon","coordinates":[[[-81.0995,22.5629],[-81.0798,22.5824],[-81.05,22.5924],[-81.01,22.5928],[-80.97,22.5847],[-80.93,22.5679],[-80.907,22.5487],[-80.9009,22.527],[-80.9159,22.509],[-80.952,22.4947],[-80.99,22.4882],[-81.03,22.4897],[-81.0623,22.4968],[-81.0869,22.5098],[-81.1017,22.5255],[-81.1067,22.5439],[-81.0995,22.5629]],[[-81.0663,22.5593],[-81.0288,22.5715],[-80.9909,22.5668],[-80.9527,22.5454],[-80.9427,22.5281],[-80.9609,22.5148],[-80.985,22.5077],[-81.015,22.5068],[-81.04,22.5098],[-81.06,22.5167],[-81.0738,22.5284],[-81.0813,22.5449],[-81.0663,22.5593]]]}},{"type":"Feature","properties":{"c":"#00fb90","v0":0.05,"v1":0.25},"geometry":{"type":"Polygon","coordinates":[[[-84.0937,22.4562],[-84.0758,22.4839],[-84.0376,22.5048],[-83.9792,22.5188],[-83.91,22.5252],[-83.83,22.5239],[-83.7774,22.5123],[-83.7521,22.4903],[-83.7821,22.4643],[-83.8674,22.4344],[-83.955,22.4196],[-84.045,22.42],[-84.0932,22.4257],[-84.0995,22.4368],[-84.0937,22.4562]]]}},{"type":"Feature","properties":{"c":"#00fb90","v0":0.05,"v1":0.25},"geometry":{"type":"Polygon","coordinates":[[[-81.6584,22.3185],[-81.6395,22.3298],[-81.61,22.3354],[-81.57,22.3352],[-81.53,22.3263],[-81.49,22.3085],[-81.4648,22.2891],[-81.4544,22.2679],[-81.4594,22.2488],[-81.4798,22.2317],[-81.505,22.2243],[-81.535,22.2266],[-81.5795,22.249],[-81.6384,22.2915],[-81.6584,22.3185]],[[-81.5637,22.2897],[-81.533,22.2804],[-81.5258,22.2737],[-81.5419,22.2694],[-81.5573,22.2741],[-81.5718,22.2876],[-81.5637,22.2897]]]}},{"type":"Feature","properties":{"c":"#00fb90","v0":0.05,"v1":0.25},"geometry":{"type":"Polygon","coordinates":[[[-78.8533,22.2692],[-78.8378,22.2931],[-78.815,22.3109],[-78.785,22.3228],[-78.7348,22.3201],[-78.6644,22.3029],[-78.6344,22.2804],[-78.6448,22.2527],[-78.665,22.2301],[-78.695,22.2128],[-78.74,22.2048],[-78.8,22.2061],[-78.8378,22.2194],[-78.8533,22.2447],[-78.8533,22.2692]]]}},{"type":"Feature","properties":{"c":"#00fb90","v0":0.05,"v1":0.25},"geometry":{"type":"Polygon","coordinates":[[[-81.3526,22.2454],[-81.3375,22.2585],[-81.3,22.2667],[-81.24,22.2701],[-81.1929,22.2635],[-81.1586,22.247],[-81.1472,22.2295],[-81.1585,22.211],[-81.1906,22.194],[-81.2435,22.1785],[-81.285,22.1772],[-81.315,22.1899],[-81.3375,22.2069],[-81.3526,22.2282],[-81.3526,22.2454]],[[-81.2913,22.226],[-81.2638,22.2374],[-81.2392,22.2374],[-81.2177,22.226],[-81.2227,22.2137],[-81.2542,22.2007],[-81.2788,22.2007],[-81.2963,22.2137],[-81.2913,22.226]]]}},{"type":"Feature","properties":{"c":"#00fb90","v0":0.05,"v1":0.25},"geometry":{"type":"Polygon","coordinates":[[[-79.8719,22.0542],[-79.7906,22.0925],[-79.775,22.082],[-79.825,22.0225],[-79.86,21.9936],[-79.88,21.9954],[-79.8956,22.006],[-79.9069,22.0253],[-79.8719,22.0542]]]}},{"type":"Feature","properties":{"c":"#00fb90","v0":0.05,"v1":0.25},"geometry":{"type":"Polygon","coordinates":[[[-84.3386,21.95],[-84.3062,21.9654],[-84.28,21.9891],[-84.26,22.0209],[-84.235,22.0394],[-84.205,22.0445],[-84.1685,22.0348],[-84.1255,22.0102],[-84.0935,21.9794],[-84.0725,21.9423],[-84.079,21.9066],[-84.113,21.8724],[-84.175,21.8654],[-84.265,21.8855],[-84.3212,21.9072],[-84.3436,21.9306],[-84.3386,21.95]]]}},{"type":"Feature","properties":{"c":"#00cc00","v0":0.25,"v1":0.5},"geometry":{"type":"Polygon","coordinates":[[[-121.9163,54.9498],[-121.8988,54.9757],[-121.87,54.9843],[-121.83,54.9754],[-121.8072,54.9596],[-121.8016,54.9368],[-121.8104,54.9196],[-121.8336,54.9081],[-121.8298,54.888],[-121.7988,54.8592],[-121.785,54.8405],[-121.7883,54.8318],[-121.805,54.8344],[-121.835,54.8483],[-121.8668,54.8555],[-121.9004,54.856],[-121.9128,54.8678],[-121.9042,54.8909],[-121.9062,54.911],[-121.9188,54.9282],[-121.9163,54.9498]]]}},{"type":"Feature","properties":{"c":"#00cc00","v0":0.25,"v1":0.5},"geometry":{"type":"Polygon","coordinates":[[[-122.0655,54.7209],[-122.0552,54.7267],[-122.0439,54.7267],[-122.0318,54.7209],[-122.0318,54.7147],[-122.0439,54.7083],[-122.0552,54.7083],[-122.0655,54.7147],[-122.0655,54.7209]]]}},{"type":"Feature","properties":{"c":"#00cc00","v0":0.25,"v1":0.5},"geometry":{"type":"Polygon","coordinates":[[[-124.13,54.4536],[-124.1033,54.4814],[-124.0716,54.5018],[-124.0348,54.5146],[-124.0148,54.552],[-124.0116,54.6137],[-123.995,54.6459],[-123.965,54.6484],[-123.9233,54.6436],[-123.8698,54.6315],[-123.8326,54.608],[-123.8117,54.5733],[-123.8073,54.5385],[-123.8195,54.5036],[-123.84,54.4746],[-123.8688,54.4513],[-123.9249,54.4317],[-124.0083,54.4156],[-124.0668,54.4098],[-124.1005,54.4142],[-124.1238,54.4223],[-124.1368,54.4339],[-124.13,54.4536]]]}},{"type":"Feature","properties":{"c":"#00cc00","v0":0.25,"v1":0.5},"geometry":{"type":"Polygon","coordinates":[[[-122.5778,54.5432],[-122.5593,54.5643],[-122.51,54.574],[-122.43,54.5725],[-122.37,54.5831],[-122.33,54.6058],[-122.265,54.62],[-122.175,54.6256],[-122.095,54.6229],[-122.025,54.6118],[-121.9713,54.5937],[-121.934,54.5685],[-121.929,54.5474],[-121.9563,54.5304],[-121.99,54.519],[-122.03,54.5132],[-122.0636,54.4897],[-122.0907,54.4486],[-122.0944,54.4135],[-122.0745,54.3844],[-122.0372,54.3611],[-121.9825,54.3436],[-121.9538,54.3241],[-121.9513,54.3026],[-121.9703,54.2967],[-122.0109,54.3066],[-122.0709,54.3341],[-122.1503,54.379],[-122.21,54.4036],[-122.25,54.4078],[-122.2681,54.4232],[-122.2642,54.4497],[-122.272,54.4688],[-122.2914,54.4804],[-122.3726,54.4978],[-122.5156,54.5211],[-122.5778,54.5432]]]}},{"type":"Feature","properties":{"c":"#00cc00","v0":0.25,"v1":0.5},"geometry":{"type":"Polygon","coordinates":[[[-121.7883,54.4938],[-121.7761,54.509],[-121.755,54.5173],[-121.725,54.5187],[-121.695,54.508],[-121.665,54.4854],[-121.63,54.4732],[-121.59,54.4713],[-121.5664,54.4627],[-121.5592,54.4474],[-121.5692,54.43],[-121.5964,54.4106],[-121.625,54.3974],[-121.655,54.3906],[-121.68,54.3995],[-121.7,54.4241],[-121.725,54.4417],[-121.755,54.4522],[-121.7761,54.4647],[-121.7883,54.479],[-121.7883,54.4938]]]}},{"type":"Feature","properties":{"c":"#00cc00","v0":0.25,"v1":0.5},"geometry":{"type":"Polygon","coordinates":[[[-124.787,54.4918],[-124.749,54.5029],[-124.69,54.5062],[-124.61,54.5016],[-124.55,54.4926],[-124.51,54.4789],[-124.46,54.4683],[-124.4,54.4606],[-124.3654,54.4438],[-124.3563,54.4178],[-124.3605,54.399],[-124.3782,54.3873],[-124.4028,54.3799],[-124.4343,54.3766],[-124.4642,54.3795],[-124.4927,54.3886],[-124.5177,54.4026],[-124.5392,54.4213],[-124.58,54.425],[-124.64,54.4135],[-124.6846,54.4128],[-124.7137,54.423],[-124.7477,54.4426],[-124.7865,54.4717],[-124.787,54.4918]]]}},{"type":"Feature","properties":{"c":"#00cc00","v0":0.25,"v1":0.5},"geometry":{"type":"Polygon","coordinates":[[[-121.5066,54.5007],[-121.4908,54.5065],[-121.4847,54.5047],[-121.4882,54.4953],[-121.4961,54.4924],[-121.5084,54.496],[-121.5066,54.5007]]]}},{"type":"Feature","properties":{"c":"#00cc00","v0":0.25,"v1":0.5},"geometry":{"type":"Polygon","coordinates":[[[-121.3367,54.4779],[-121.3322,54.4844],[-121.3251,54.4844],[-121.3154,54.4779],[-121.3176,54.4746],[-121.3319,54.4746],[-121.3367,54.4779]]]}},{"type":"Feature","properties":{"c":"#00cc00","v0":0.25,"v1":0.5},"geometry":{"type":"Polygon","coordinates":[[[-121.5356,54.2473],[-121.5268,54.259],[-121.4893,54.2805],[-121.4231,54.3119],[-121.375,54.3284],[-121.345,54.3302],[-121.3224,54.3262],[-121.3073,54.3165],[-121.2983,54.3028],[-121.2953,54.2853],[-121.3268,54.259],[-121.3928,54.224],[-121.4543,54.2152],[-121.5115,54.2327],[-121.5356,54.2473]]]}},{"type":"Feature","properties":{"c":"#00cc00","v0":0.25,"v1":0.5},"geometry":{"type":"Polygon","coordinates":[[[-122.2398,54.211],[-122.2066,54.2436],[-122.155,54.2432],[-122.085,54.2099],[-122.0,54.1796],[-121.9,54.1525],[-121.815,54.1437],[-121.745,54.1532],[-121.686,54.1437],[-121.6381,54.1152],[-121.6181,54.0929],[-121.626,54.0768],[-121.64,54.0698],[-121.66,54.0721],[-121.675,54.0779],[-121.685,54.0872],[-121.7119,54.0794],[-121.7558,54.0547],[-121.7731,54.0364],[-121.7636,54.0247],[-121.743,54.0159],[-121.7112,54.01],[-121.6954,53.9953],[-121.6955,53.9718],[-121.7137,53.9394],[-121.75,53.8982],[-121.7886,53.8826],[-121.8295,53.8925],[-121.8601,53.8955],[-121.8803,53.8914],[-121.8934,53.8805],[-121.8995,53.8628],[-121.8883,53.8333],[-121.8599,53.792],[-121.8617,53.7611],[-121.8939,53.7407],[-121.9276,53.7318],[-121.9629,53.7345],[-121.9808,53.7506],[-121.9812,53.7802],[-121.9886,53.8012],[-122.0029,53.8137],[-122.0525,53.8343],[-122.1376,53.8632],[-122.1754,53.9041],[-122.1658,53.9571],[-122.1665,53.9982],[-122.1773,54.0276],[-122.1957,54.0541],[-122.2218,54.0775],[-122.2286,54.1069],[-122.2161,54.142],[-122.2215,54.1684],[-122.2448,54.1859],[-122.2398,54.211]],[[-122.0083,53.9375],[-121.9828,53.9397],[-121.9603,53.9367],[-121.9408,53.9287],[-121.9437,53.9218],[-121.9689,53.9159],[-121.9914,53.9188],[-122.0112,53.9306],[-122.0083,53.9375]]]}},{"type":"Feature","properties":{"c":"#00cc00","v0":0.25,"v1":0.5},"geometry":{"type":"Polygon","coordinates":[[[-122.1075,53.6968],[-122.0958,53.7135],[-122.0766,53.7165],[-122.0497,53.7057],[-122.0447,53.6943],[-122.0616,53.6822],[-122.0808,53.6792],[-122.1025,53.6854],[-122.1075,53.6968]]]}},{"type":"Feature","properties":{"c":"#00cc00","v0":0.25,"v1":0.5},"geometry":{"type":"Polygon","coordinates":[[[-121.9877,52.7514],[-121.9854,52.7938],[-121.9661,52.8391],[-121.9297,52.8874],[-121.9046,52.9326],[-121.8905,52.9748],[-121.891,53.0169],[-121.9059,53.059],[-121.9076,53.0848],[-121.8959,53.0942],[-121.875,53.1002],[-121.845,53.1029],[-121.8177,53.0892],[-121.793,53.0591],[-121.7554,53.029],[-121.7049,52.9989],[-121.669,52.9537],[-121.6478,52.8934],[-121.6215,52.8482],[-121.5901,52.8179],[-121.5403,52.7847],[-121.4723,52.7484],[-121.3743,52.6757],[-121.2462,52.5664],[-121.1784,52.4964],[-121.1708,52.466],[-121.1888,52.4386],[-121.2323,52.4142],[-121.253,52.3834],[-121.251,52.3464],[-121.26,52.3252],[-121.28,52.3197],[-121.3306,52.323],[-121.4119,52.3349],[-121.4569,52.3218],[-121.4656,52.2837],[-121.48,52.2634],[-121.5,52.2611],[-121.525,52.2645],[-121.555,52.2738],[-121.572,52.2757],[-121.5761,52.2702],[-121.5529,52.2185],[-121.5025,52.1204],[-121.4652,52.0589],[-121.4408,52.0343],[-121.434,52.0132],[-121.4447,51.9955],[-121.46,51.9887],[-121.48,51.9928],[-121.5444,52.0324],[-121.6532,52.1074],[-121.7656,52.2032],[-121.8817,52.3195],[-121.9517,52.4081],[-121.9756,52.469],[-121.9879,52.5573],[-121.9885,52.6726],[-121.9877,52.7514]],[[-121.7206,52.6819],[-121.6869,52.7066],[-121.65,52.7193],[-121.61,52.7201],[-121.5649,52.7047],[-121.5148,52.6732],[-121.4948,52.6524],[-121.5049,52.6423],[-121.54,52.6278],[-121.6,52.6088],[-121.64,52.6024],[-121.66,52.6087],[-121.6869,52.6263],[-121.7206,52.6552],[-121.7206,52.6819]],[[-121.6347,52.7937],[-121.6182,52.7996],[-121.6023,52.7996],[-121.5868,52.7937],[-121.5868,52.7868],[-121.6023,52.779],[-121.6182,52.779],[-121.6347,52.7868],[-121.6347,52.7937]]]}},{"type":"Feature","properties":{"c":"#00cc00","v0":0.25,"v1":0.5},"geometry":{"type":"Polygon","coordinates":[[[-119.7806,50.6634],[-119.7378,50.7457],[-119.7184,50.8185],[-119.7224,50.8816],[-119.7146,50.9289],[-119.695,50.9604],[-119.6714,50.9797],[-119.6438,50.9868],[-119.6,50.984],[-119.54,50.9712],[-119.5002,50.9708],[-119.4805,50.9828],[-119.4805,51.0026],[-119.5002,51.0303],[-119.525,51.0457],[-119.555,51.0488],[-119.5887,51.0601],[-119.6261,51.0796],[-119.6437,51.1113],[-119.6417,51.1553],[-119.6534,51.1898],[-119.6788,51.2148],[-119.6891,51.2367],[-119.6843,51.2555],[-119.6693,51.2743],[-119.6439,51.2931],[-119.6209,51.3402],[-119.6003,51.4157],[-119.565,51.4743],[-119.515,51.5163],[-119.445,51.5154],[-119.355,51.4717],[-119.3008,51.466],[-119.2824,51.4984],[-119.2724,51.5332],[-119.2708,51.5705],[-119.265,51.594],[-119.255,51.6037],[-119.24,51.6072],[-119.22,51.6044],[-119.205,51.6093],[-119.195,51.6221],[-119.1829,51.7086],[-119.1686,51.8684],[-119.1663,52.0066],[-119.176,52.1235],[-119.1701,52.2124],[-119.1486,52.2736],[-119.1309,52.3118],[-119.117,52.3269],[-119.105,52.3342],[-119.095,52.3337],[-119.0785,52.3017],[-119.0556,52.2381],[-119.0393,52.1235],[-119.0296,51.9574],[-119.0173,51.8525],[-119.0024,51.8092],[-118.9237,51.7948],[-118.7812,51.8092],[-118.7002,51.8061],[-118.6807,51.7855],[-118.6669,51.704],[-118.6589,51.5612],[-118.6605,51.4554],[-118.6718,51.3868],[-118.6662,51.3368],[-118.6438,51.3056],[-118.632,51.278],[-118.6307,51.2542],[-118.6171,51.2479],[-118.5914,51.2592],[-118.5814,51.2712],[-118.587,51.2837],[-118.5799,51.2952],[-118.56,51.3058],[-118.5471,51.3058],[-118.5414,51.2952],[-118.5456,51.2806],[-118.5596,51.2618],[-118.5625,51.2407],[-118.5542,51.2173],[-118.54,51.2051],[-118.52,51.2042],[-118.485,51.2124],[-118.435,51.2299],[-118.4078,51.2201],[-118.4033,51.1832],[-118.3883,51.1593],[-118.3628,51.1485],[-118.335,51.1567],[-118.305,51.1839],[-118.255,51.2068],[-118.185,51.2255],[-118.125,51.2545],[-118.075,51.2938],[-118.04,51.3148],[-118.02,51.3176],[-117.985,51.3074],[-117.935,51.2843],[-117.89,51.2773],[-117.85,51.2864],[-117.8283,51.2875],[-117.8249,51.2808],[-117.8599,51.2461],[-117.9332,51.1835],[-117.9623,51.127],[-117.9472,51.0768],[-117.9602,51.0422],[-118.0013,51.0234],[-117.9989,51.0133],[-117.953,51.0121],[-117.9268,51.0247],[-117.9205,51.0511],[-117.9005,51.0688],[-117.8668,51.0778],[-117.8339,51.0747],[-117.8018,51.0593],[-117.78,51.0422],[-117.7684,51.0234],[-117.7695,51.0097],[-117.7832,51.0012],[-117.815,50.9954],[-117.865,50.9922],[-117.9093,50.9618],[-117.948,50.9041],[-117.9526,50.8658],[-117.9231,50.8469],[-117.9374,50.8185],[-117.9956,50.7805],[-118.0293,50.7457],[-118.0388,50.7141],[-118.0373,50.6856],[-118.0249,50.6602],[-118.0291,50.6317],[-118.0499,50.6],[-118.0474,50.5682],[-118.0216,50.5365],[-118.0061,50.5078],[-118.0009,50.4824],[-118.0213,50.4556],[-118.0671,50.4274],[-118.13,50.4158],[-118.21,50.4209],[-118.2613,50.4286],[-118.2838,50.439],[-118.2948,50.4506],[-118.2944,50.4633],[-118.2733,50.4824],[-118.2316,50.5078],[-118.1972,50.5365],[-118.1702,50.5682],[-118.1633,50.5905],[-118.1766,50.6031],[-118.2127,50.6127],[-118.2717,50.619],[-118.2749,50.6476],[-118.2224,50.6983],[-118.1996,50.7296],[-118.2065,50.7415],[-118.2552,50.7415],[-118.3455,50.7296],[-118.3777,50.7457],[-118.3518,50.79],[-118.3363,50.8279],[-118.3313,50.8595],[-118.3341,50.8816],[-118.3447,50.8941],[-118.37,50.895],[-118.41,50.8844],[-118.435,50.8718],[-118.445,50.8573],[-118.4692,50.8437],[-118.5075,50.8311],[-118.5425,50.8104],[-118.5742,50.7816],[-118.595,50.7694],[-118.605,50.7738],[-118.6058,50.7977],[-118.5975,50.841],[-118.5751,50.869],[-118.5385,50.8816],[-118.5126,50.8964],[-118.4975,50.9134],[-118.455,50.9166],[-118.385,50.9062],[-118.33,50.9056],[-118.29,50.9149],[-118.24,50.9144],[-118.18,50.9041],[-118.1419,50.9183],[-118.1256,50.9569],[-118.0975,50.9825],[-118.0576,50.995],[-118.0608,51.0127],[-118.1069,51.0354],[-118.165,51.0345],[-118.235,51.0101],[-118.275,51.0119],[-118.285,51.0399],[-118.3,51.0625],[-118.32,51.0796],[-118.38,51.0797],[-118.48,51.0628],[-118.56,51.041],[-118.62,51.0144],[-118.683,50.9539],[-118.7491,50.8594],[-118.7849,50.7932],[-118.7903,50.7552],[-118.7795,50.7331],[-118.7525,50.7268],[-118.7385,50.7204],[-118.7377,50.7141],[-118.7605,50.6938],[-118.8068,50.6595],[-118.84,50.64],[-118.86,50.6355],[-118.8754,50.64],[-118.8862,50.6535],[-118.8904,50.6729],[-118.888,50.6983],[-118.9026,50.7103],[-118.9342,50.709],[-118.9574,50.6932],[-118.9723,50.6628],[-118.9747,50.6285],[-118.9645,50.5905],[-118.9871,50.5584],[-119.0424,50.5324],[-119.0859,50.526],[-119.1177,50.5393],[-119.1313,50.5714],[-119.1265,50.6222],[-119.1171,50.6634],[-119.1032,50.6951],[-119.0647,50.7231],[-119.0016,50.7475],[-118.9544,50.7728],[-118.9233,50.799],[-118.891,50.85],[-118.8576,50.9258],[-118.8482,50.9758],[-118.8627,51.0001],[-118.905,51.0004],[-118.975,50.9767],[-119.0244,50.955],[-119.0533,50.9355],[-119.0733,50.9076],[-119.0844,50.8714],[-119.1093,50.8493],[-119.148,50.8414],[-119.1668,50.8311],[-119.1658,50.8185],[-119.1516,50.8027],[-119.1242,50.7837],[-119.1304,50.7623],[-119.1701,50.7384],[-119.2,50.7257],[-119.22,50.7241],[-119.2391,50.7297],[-119.2572,50.7425],[-119.2633,50.7679],[-119.2574,50.8058],[-119.2583,50.8283],[-119.2661,50.8355],[-119.2937,50.8292],[-119.341,50.8094],[-119.4414,50.7457],[-119.5948,50.638],[-119.6811,50.5824],[-119.7004,50.5789],[-119.7182,50.5853],[-119.7347,50.6014],[-119.7547,50.6086],[-119.7782,50.6067],[-119.793,50.6098],[-119.799,50.6181],[-119.7806,50.6634]],[[-119.5763,50.85],[-119.5577,50.9005],[-119.5265,50.9321],[-119.483,50.9447],[-119.4551,50.9573],[-119.4429,50.9699],[-119.4407,50.9919],[-119.4485,51.0234],[-119.4484,51.0548],[-119.4403,51.0862],[-119.4563,51.1208],[-119.4966,51.1584],[-119.513,51.1898],[-119.5055,51.2148],[-119.4788,51.2445],[-119.4329,51.2789],[-119.3625,51.2945],[-119.2675,51.2915],[-119.2225,51.3096],[-119.2275,51.3489],[-119.225,51.3727],[-119.215,51.381],[-119.2,51.3835],[-119.18,51.38],[-119.1635,51.3843],[-119.1505,51.3963],[-119.1413,51.4741],[-119.136,51.6171],[-119.124,51.7195],[-119.1053,51.7814],[-119.0694,51.7812],[-119.0165,51.7188],[-118.9719,51.6909],[-118.9357,51.6976],[-118.8957,51.7136],[-118.8519,51.7389],[-118.8159,51.7513],[-118.7877,51.7507],[-118.7696,51.7442],[-118.7614,51.7318],[-118.7663,51.7164],[-118.7842,51.6978],[-118.7764,51.6761],[-118.7428,51.6513],[-118.736,51.6233],[-118.7559,51.5923],[-118.7563,51.5643],[-118.737,51.5394],[-118.7366,51.5145],[-118.7551,51.4896],[-118.7608,51.4645],[-118.7536,51.4392],[-118.755,51.4224],[-118.765,51.4143],[-118.7853,51.4113],[-118.8159,51.4137],[-118.8225,51.4055],[-118.8051,51.3868],[-118.7934,51.3556],[-118.7874,51.3118],[-118.8247,51.2399],[-118.9052,51.1396],[-118.9716,51.0698],[-119.0239,51.0307],[-119.09,50.9998],[-119.17,50.9773],[-119.27,50.9252],[-119.39,50.8434],[-119.475,50.7977],[-119.525,50.7882],[-119.5589,50.7938],[-119.5767,50.8145],[-119.5763,50.85]],[[-118.6778,51.1734],[-118.6593,51.1907],[-118.63,51.1921],[-118.59,51.1775],[-118.57,51.1569],[-118.57,51.1301],[-118.585,51.1143],[-118.615,51.1096],[-118.6443,51.1217],[-118.6728,51.1503],[-118.6778,51.1734]],[[-119.1769,50.9167],[-119.1723,50.9237],[-119.1615,50.9269],[-119.1445,50.9261],[-119.1395,50.9215],[-119.1465,50.9128],[-119.1573,50.9097],[-119.1719,50.912],[-119.1769,50.9167]]]}},{"type":"Feature","properties":{"c":"#00cc00","v0":0.25,"v1":0.5},"geometry":{"type":"Polygon","coordinates":[[[-119.8118,51.7071],[-119.7928,51.7442],[-119.77,51.7637],[-119.7433,51.7653],[-119.7238,51.7591],[-119.7115,51.7451],[-119.7115,51.7237],[-119.7238,51.6951],[-119.745,51.6751],[-119.775,51.6638],[-119.7978,51.6657],[-119.8135,51.6809],[-119.8118,51.7071]]]}},{"type":"Feature","properties":{"c":"#00cc00","v0":0.25,"v1":0.5},"geometry":{"type":"Polygon","coordinates":[[[-120.6454,51.6465],[-120.6351,51.6617],[-120.615,51.6696],[-120.585,51.67],[-120.545,51.6648],[-120.495,51.654],[-120.455,51.6395],[-120.425,51.6213],[-120.3739,51.5785],[-120.3017,51.511],[-120.2682,51.4678],[-120.2734,51.4491],[-120.2895,51.4301],[-120.3165,51.4108],[-120.34,51.3977],[-120.36,51.3907],[-120.3828,51.391],[-120.4083,51.3986],[-120.4595,51.4336],[-120.5363,51.4959],[-120.5936,51.555],[-120.6315,51.6109],[-120.6454,51.6465]]]}},{"type":"Feature","properties":{"c":"#00cc00","v0":0.25,"v1":0.5},"geometry":{"type":"Polygon","coordinates":[[[-119.0052,51.6213],[-118.9951,51.636],[-118.985,51.6423],[-118.975,51.6401],[-118.9711,51.6297],[-118.9732,51.611],[-118.9782,51.5993],[-118.9861,51.5947],[-118.9951,51.5978],[-119.0052,51.6086],[-119.0052,51.6213]]]}},{"type":"Feature","properties":{"c":"#00cc00","v0":0.25,"v1":0.5},"geometry":{"type":"Polygon","coordinates":[[[-120.2834,51.5935],[-120.2745,51.602],[-120.26,51.6018],[-120.24,51.5927],[-120.2194,51.576],[-120.1981,51.5516],[-120.1881,51.5323],[-120.1894,51.518],[-120.2,51.5114],[-120.22,51.5123],[-120.2392,51.5194],[-120.2576,51.5328],[-120.2721,51.5519],[-120.2826,51.5767],[-120.2834,51.5935]]]}},{"type":"Feature","properties":{"c":"#00cc00","v0":0.25,"v1":0.5},"geometry":{"type":"Polygon","coordinates":[[[-119.0387,51.4024],[-119.0138,51.4273],[-118.9887,51.4398],[-118.9633,51.4398],[-118.9597,51.4273],[-118.9778,51.4024],[-118.9789,51.3774],[-118.9631,51.3524],[-118.9588,51.3315],[-118.9663,51.3145],[-118.985,51.3071],[-119.015,51.3094],[-119.0353,51.3304],[-119.0459,51.3701],[-119.0387,51.4024]]]}},{"type":"Feature","properties":{"c":"#00cc00","v0":0.25,"v1":0.5},"geometry":{"type":"Polygon","coordinates":[[[-120.678,51.2145],[-120.6327,51.2388],[-120.5947,51.2419],[-120.564,51.2239],[-120.574,51.1992],[-120.6247,51.1681],[-120.6597,51.1555],[-120.679,51.1616],[-120.6917,51.1741],[-120.6977,51.1929],[-120.678,51.2145]]]}},{"type":"Feature","properties":{"c":"#00cc00","v0":0.25,"v1":0.5},"geometry":{"type":"Polygon","coordinates":[[[-117.7249,51.1239],[-117.7184,51.1678],[-117.6984,51.2023],[-117.6649,51.2274],[-117.6286,51.2407],[-117.5895,51.2422],[-117.5523,51.236],[-117.5169,51.2219],[-117.4969,51.2083],[-117.4923,51.1951],[-117.5056,51.1763],[-117.5369,51.1518],[-117.5819,51.1261],[-117.6406,51.099],[-117.68,51.0853],[-117.7,51.0848],[-117.7145,51.0889],[-117.7236,51.0976],[-117.7249,51.1239]]]}},{"type":"Feature","properties":{"c":"#00cc00","v0":0.25,"v1":0.5},"geometry":{"type":"Polygon","coordinates":[[[-121.7203,51.1804],[-121.7134,51.1867],[-121.695,51.187],[-121.665,51.1812],[-121.6443,51.1718],[-121.6329,51.1587],[-121.6401,51.1521],[-121.6659,51.1521],[-121.69,51.1584],[-121.7124,51.171],[-121.7203,51.1804]]]}},{"type":"Feature","properties":{"c":"#00cc00","v0":0.25,"v1":0.5},"geometry":{"type":"Polygon","coordinates":[[[-119.1405,51.1004],[-119.1202,51.1225],[-119.095,51.1387],[-119.065,51.149],[-119.055,51.1395],[-119.065,51.1103],[-119.085,51.0909],[-119.115,51.0813],[-119.1352,51.0797],[-119.1455,51.0861],[-119.1405,51.1004]]]}},{"type":"Feature","properties":{"c":"#00cc00","v0":0.25,"v1":0.5},"geometry":{"type":"Polygon","coordinates":[[[-121.2718,50.8321],[-121.2439,50.8719],[-121.2022,50.9066],[-121.1467,50.9362],[-121.1017,50.9694],[-121.0672,51.0064],[-121.0283,51.0378],[-120.9849,51.0638],[-120.9299,51.0914],[-120.8633,51.1205],[-120.8047,51.133],[-120.754,51.129],[-120.7185,51.1145],[-120.6983,51.0894],[-120.6908,51.0674],[-120.6961,51.0485],[-120.7196,51.0234],[-120.7612,50.9919],[-120.79,50.9636],[-120.8058,50.9384],[-120.8365,50.9131],[-120.8819,50.8879],[-120.951,50.8341],[-121.0437,50.7515],[-121.115,50.7056],[-121.165,50.6964],[-121.2074,50.6966],[-121.2421,50.7061],[-121.2653,50.7173],[-121.2768,50.7299],[-121.2784,50.7457],[-121.2703,50.7647],[-121.271,50.7837],[-121.2808,50.8027],[-121.2718,50.8321]]]}},{"type":"Feature","properties":{"c":"#00cc00","v0":0.25,"v1":0.5},"geometry":{"type":"Polygon","coordinates":[[[-117.5581,51.0986],[-117.5394,51.1172],[-117.505,51.1315],[-117.455,51.1416],[-117.446,51.1323],[-117.4779,51.1037],[-117.5079,51.0858],[-117.536,51.0787],[-117.5544,51.0787],[-117.5631,51.0858],[-117.5581,51.0986]]]}},{"type":"Feature","properties":{"c":"#00cc00","v0":0.25,"v1":0.5},"geometry":{"type":"Polygon","coordinates":[[[-119.2228,50.6645],[-119.2143,50.673],[-119.2,50.6777],[-119.18,50.6786],[-119.175,50.6727],[-119.185,50.6598],[-119.1993,50.6551],[-119.2178,50.6585],[-119.2228,50.6645]]]}},{"type":"Feature","properties":{"c":"#00cc00","v0":0.25,"v1":0.5},"geometry":{"type":"Polygon","coordinates":[[[-118.4694,50.5682],[-118.4079,50.5873],[-118.3983,50.5841],[-118.4407,50.5587],[-118.4689,50.5452],[-118.483,50.5436],[-118.4925,50.5468],[-118.4976,50.5547],[-118.4694,50.5682]]]}},{"type":"Feature","properties":{"c":"#00cc00","v0":0.25,"v1":0.5},"geometry":{"type":"Polygon","coordinates":[[[-120.9175,50.3326],[-120.8973,50.3645],[-120.8394,50.406],[-120.7437,50.4569],[-120.6922,50.5015],[-120.6847,50.5396],[-120.6632,50.5651],[-120.6277,50.578],[-120.6043,50.5685],[-120.5928,50.5365],[-120.5994,50.511],[-120.6241,50.4919],[-120.6429,50.4697],[-120.6558,50.4442],[-120.6659,50.406],[-120.6734,50.3549],[-120.7254,50.3169],[-120.8218,50.2919],[-120.88,50.2806],[-120.9,50.2831],[-120.9144,50.2924],[-120.9232,50.3086],[-120.9175,50.3326]]]}},{"type":"Feature","properties":{"c":"#00cc00","v0":0.25,"v1":0.5},"geometry":{"type":"Polygon","coordinates":[[[-118.2053,50.2142],[-118.1951,50.2396],[-118.1729,50.246],[-118.1386,50.2334],[-118.1213,50.2176],[-118.121,50.1984],[-118.1282,50.1845],[-118.1427,50.1761],[-118.1612,50.1729],[-118.1836,50.1749],[-118.1987,50.1824],[-118.2065,50.1952],[-118.2053,50.2142]]]}},{"type":"Feature","properties":{"c":"#00cc00","v0":0.25,"v1":0.5},"geometry":{"type":"Polygon","coordinates":[[[-120.2891,50.1445],[-120.2764,50.1585],[-120.2608,50.1649],[-120.2425,50.1637],[-120.2347,50.1567],[-120.2373,50.1439],[-120.2528,50.1375],[-120.2812,50.1375],[-120.2891,50.1445]]]}},{"type":"Feature","properties":{"c":"#00cc00","v0":0.25,"v1":0.5},"geometry":{"type":"Polygon","coordinates":[[[-124.6947,50.091],[-124.6782,50.1264],[-124.66,50.1474],[-124.64,50.1539],[-124.615,50.1554],[-124.585,50.1517],[-124.5023,50.1147],[-124.367,50.0443],[-124.2826,49.9802],[-124.249,49.9223],[-124.2416,49.8882],[-124.2605,49.878],[-124.315,49.8728],[-124.405,49.8726],[-124.47,49.8644],[-124.51,49.8483],[-124.545,49.8396],[-124.575,49.8381],[-124.5994,49.8546],[-124.6183,49.889],[-124.6174,49.9191],[-124.5967,49.9448],[-124.5923,49.9621],[-124.6041,49.9709],[-124.625,49.9756],[-124.655,49.9761],[-124.6782,50.0006],[-124.6947,50.0491],[-124.6947,50.091]],[[-124.6421,50.0702],[-124.6332,50.0894],[-124.6141,50.0996],[-124.5847,50.1008],[-124.535,50.0804],[-124.465,50.0384],[-124.4053,50.0089],[-124.356,49.9919],[-124.3271,49.9706],[-124.3187,49.9448],[-124.3233,49.9289],[-124.3411,49.9227],[-124.3648,49.9227],[-124.3944,49.9289],[-124.4644,49.9577],[-124.5748,50.0091],[-124.6342,50.0412],[-124.6425,50.0541],[-124.6421,50.0702]]]}},{"type":"Feature","properties":{"c":"#00cc00","v0":0.25,"v1":0.5},"geometry":{"type":"Polygon","coordinates":[[[-120.4115,50.1029],[-120.3972,50.1108],[-120.3837,50.1108],[-120.3712,50.1029],[-120.3712,50.0955],[-120.3837,50.0886],[-120.3972,50.0886],[-120.4115,50.0955],[-120.4115,50.1029]]]}},{"type":"Feature","properties":{"c":"#00cc00","v0":0.25,"v1":0.5},"geometry":{"type":"Polygon","coordinates":[[[-124.7493,47.7404],[-124.7364,47.754],[-124.71,47.7602],[-124.67,47.7592],[-124.635,47.7644],[-124.605,47.7756],[-124.59,47.7908],[-124.59,47.8098],[-124.605,47.8118],[-124.635,47.7968],[-124.6608,47.7922],[-124.6825,47.798],[-124.6952,47.8076],[-124.6987,47.821],[-124.6879,47.8383],[-124.6626,47.8593],[-124.625,47.8689],[-124.575,47.8672],[-124.54,47.872],[-124.52,47.8834],[-124.5034,47.9107],[-124.4901,47.9537],[-124.4962,47.9853],[-124.5217,48.0054],[-124.5325,48.0321],[-124.5285,48.0656],[-124.5124,48.0956],[-124.4841,48.1224],[-124.445,48.1762],[-124.395,48.2572],[-124.295,48.3094],[-124.145,48.333],[-124.0432,48.3691],[-123.9897,48.4176],[-123.9497,48.4672],[-123.9232,48.518],[-123.8432,48.5544],[-123.7096,48.5765],[-123.6211,48.6107],[-123.5778,48.6569],[-123.5296,48.6911],[-123.4765,48.7132],[-123.425,48.7445],[-123.375,48.7849],[-123.3405,48.8035],[-123.3214,48.8004],[-123.3064,48.7866],[-123.2955,48.7622],[-123.245,48.7722],[-123.155,48.8166],[-123.095,48.8557],[-123.065,48.8894],[-123.0525,48.9254],[-123.0574,48.9637],[-123.0416,48.9993],[-123.0051,49.0321],[-122.9463,49.1173],[-122.8654,49.2545],[-122.8277,49.3458],[-122.8334,49.3914],[-122.8276,49.437],[-122.8103,49.4825],[-122.8037,49.5078],[-122.8079,49.5131],[-122.8353,49.4936],[-122.886,49.4494],[-122.946,49.4168],[-123.0153,49.3959],[-123.075,49.3683],[-123.125,49.3339],[-123.18,49.3049],[-123.24,49.2811],[-123.2653,49.2794],[-123.2558,49.2998],[-123.2597,49.3263],[-123.2769,49.3589],[-123.2763,49.4272],[-123.2579,49.5312],[-123.2528,49.6155],[-123.2612,49.6802],[-123.2513,49.7287],[-123.223,49.761],[-123.2092,49.7958],[-123.2097,49.833],[-123.215,49.8516],[-123.225,49.8514],[-123.252,49.8199],[-123.2961,49.757],[-123.3166,49.6738],[-123.3134,49.5701],[-123.3364,49.4941],[-123.3855,49.446],[-123.415,49.4198],[-123.425,49.4156],[-123.44,49.4218],[-123.46,49.4383],[-123.4902,49.4905],[-123.5307,49.5782],[-123.5503,49.6511],[-123.549,49.7093],[-123.5315,49.761],[-123.4978,49.8062],[-123.4632,49.847],[-123.4277,49.8833],[-123.385,49.9036],[-123.335,49.9077],[-123.2985,49.9185],[-123.2756,49.9361],[-123.2654,49.9513],[-123.2681,49.9641],[-123.2823,49.9802],[-123.3081,49.9995],[-123.3082,50.0256],[-123.2827,50.0586],[-123.26,50.0778],[-123.24,50.0831],[-123.2231,50.0827],[-123.2092,50.0765],[-123.2018,50.0509],[-123.2011,50.0059],[-123.1926,49.9641],[-123.1763,49.9255],[-123.1536,49.9004],[-123.1245,49.8888],[-123.0915,49.8534],[-123.0545,49.794],[-123.0195,49.7563],[-122.9865,49.7403],[-122.96,49.7341],[-122.94,49.7376],[-122.9064,49.7617],[-122.8592,49.8065],[-122.8273,49.8546],[-122.8105,49.9062],[-122.784,49.9451],[-122.748,49.9714],[-122.7149,49.981],[-122.6848,49.974],[-122.6641,49.9513],[-122.6527,49.9126],[-122.6285,49.8804],[-122.5915,49.8546],[-122.5573,49.8168],[-122.5258,49.767],[-122.48,49.7509],[-122.42,49.7686],[-122.36,49.7498],[-122.3,49.6942],[-122.25,49.6758],[-122.21,49.6944],[-122.155,49.7388],[-122.085,49.8088],[-122.035,49.8497],[-122.005,49.8615],[-121.98,49.8638],[-121.96,49.8568],[-121.9483,49.8213],[-121.945,49.7575],[-121.9564,49.7029],[-121.9827,49.6576],[-121.9756,49.609],[-121.9349,49.5571],[-121.9134,49.4933],[-121.9111,49.4174],[-121.925,49.3718],[-121.955,49.3566],[-121.9768,49.3294],[-121.9903,49.2904],[-122.0257,49.2349],[-122.0831,49.1631],[-122.1447,49.1173],[-122.2106,49.0976],[-122.2401,49.0812],[-122.2334,49.0679],[-122.215,49.0584],[-122.185,49.0525],[-122.1721,49.0427],[-122.1762,49.0291],[-122.2062,49.0015],[-122.2621,48.9598],[-122.335,48.937],[-122.425,48.933],[-122.4905,48.9079],[-122.5315,48.8615],[-122.5465,48.8274],[-122.5355,48.8056],[-122.465,48.7827],[-122.335,48.7587],[-122.2558,48.7597],[-122.2273,48.7858],[-122.2133,48.8284],[-122.2138,48.8876],[-122.1889,48.9271],[-122.1385,48.9468],[-122.1025,48.9727],[-122.0808,49.0049],[-122.05,49.0228],[-122.01,49.0266],[-121.9479,49.0433],[-121.8638,49.073],[-121.8149,49.1434],[-121.801,49.2545],[-121.773,49.332],[-121.731,49.3759],[-121.65,49.4146],[-121.53,49.4483],[-121.425,49.4896],[-121.335,49.5387],[-121.27,49.5633],[-121.23,49.5633],[-121.2142,49.552],[-121.2226,49.5295],[-121.2773,49.4825],[-121.3783,49.4109],[-121.4587,49.3263],[-121.5185,49.2284],[-121.5507,49.1631],[-121.5551,49.1303],[-121.5827,49.0911],[-121.6334,49.0452],[-121.6499,49.0124],[-121.6321,48.9927],[-121.6241,48.9763],[-121.6258,48.9632],[-121.6457,48.9501],[-121.6839,48.9369],[-121.7016,48.9238],[-121.6989,48.9106],[-121.6607,48.8971],[-121.5869,48.8831],[-121.5432,48.87],[-121.5296,48.8576],[-121.524,48.8449],[-121.5263,48.8317],[-121.5481,48.817],[-121.5894,48.8008],[-121.64,48.7923],[-121.7,48.7917],[-121.751,48.7537],[-121.7931,48.6782],[-121.8422,48.6239],[-121.8981,48.5908],[-121.9292,48.5644],[-121.9355,48.5445],[-121.9315,48.53],[-121.9172,48.5209],[-121.88,48.5124],[-121.82,48.5046],[-121.785,48.4961],[-121.775,48.487],[-121.7767,48.4425],[-121.7901,48.3623],[-121.7901,48.3116],[-121.7767,48.2905],[-121.735,48.2983],[-121.665,48.3352],[-121.6188,48.3789],[-121.5964,48.4297],[-121.5764,48.464],[-121.5588,48.482],[-121.54,48.4914],[-121.52,48.4924],[-121.5001,48.4767],[-121.4802,48.4446],[-121.4996,48.402],[-121.5584,48.3488],[-121.6002,48.279],[-121.625,48.1924],[-121.6156,48.1445],[-121.5719,48.1354],[-121.5,48.136],[-121.4,48.1462],[-121.3199,48.144],[-121.2597,48.1296],[-121.2147,48.1039],[-121.1849,48.0672],[-121.11,48.0702],[-120.99,48.1132],[-120.9066,48.1883],[-120.8599,48.2953],[-120.8249,48.3608],[-120.8016,48.3847],[-120.76,48.411],[-120.7,48.4399],[-120.6567,48.4512],[-120.6302,48.4449],[-120.6127,48.4318],[-120.6043,48.4119],[-120.6176,48.3744],[-120.6525,48.3193],[-120.69,48.2861],[-120.73,48.275],[-120.7602,48.256],[-120.7806,48.2291],[-120.7997,48.1657],[-120.8175,48.0656],[-120.8728,47.9853],[-120.9655,47.925],[-121.0232,47.8714],[-121.0457,47.8244],[-121.0852,47.7984],[-121.1417,47.7936],[-121.1774,47.7868],[-121.1923,47.7783],[-121.1989,47.7639],[-121.1971,47.7438],[-121.18,47.7236],[-121.1474,47.7034],[-121.1272,47.6798],[-121.1193,47.6529],[-121.1008,47.6259],[-121.0716,47.599],[-121.0592,47.5821],[-121.0635,47.5754],[-121.0918,47.573],[-121.1439,47.575],[-121.185,47.5867],[-121.215,47.6081],[-121.245,47.614],[-121.275,47.6043],[-121.2916,47.5622],[-121.2947,47.4877],[-121.3076,47.4267],[-121.3303,47.3793],[-121.3693,47.3421],[-121.4246,47.315],[-121.4617,47.2877],[-121.4806,47.2603],[-121.507,47.2365],[-121.5409,47.2164],[-121.5609,47.1965],[-121.567,47.1766],[-121.58,47.1662],[-121.6,47.165],[-121.625,47.1704],[-121.655,47.1823],[-121.715,47.1887],[-121.805,47.1895],[-121.8587,47.2008],[-121.876,47.2226],[-121.881,47.2429],[-121.8737,47.2616],[-121.845,47.2869],[-121.795,47.3189],[-121.7561,47.3638],[-121.7284,47.4215],[-121.7188,47.4673],[-121.7274,47.5011],[-121.7104,47.5349],[-121.6679,47.5686],[-121.6525,47.5924],[-121.6642,47.6063],[-121.692,47.6198],[-121.7359,47.6329],[-121.756,47.6563],[-121.7522,47.6899],[-121.7638,47.7168],[-121.7906,47.737],[-121.7994,47.7639],[-121.79,47.7975],[-121.7596,47.8277],[-121.7081,47.8546],[-121.7159,47.9016],[-121.783,47.9686],[-121.8149,48.045],[-121.8116,48.1309],[-121.835,48.1775],[-121.885,48.185],[-121.9196,48.1955],[-121.9388,48.209],[-121.9488,48.2566],[-121.9496,48.3384],[-121.975,48.3692],[-122.025,48.3491],[-122.0761,48.3582],[-122.1282,48.3962],[-122.1532,48.4271],[-122.1511,48.4509],[-122.125,48.462],[-122.075,48.4605],[-122.0421,48.4652],[-122.0262,48.4761],[-122.0262,48.5019],[-122.0421,48.5426],[-122.085,48.5702],[-122.155,48.5848],[-122.225,48.5917],[-122.295,48.5908],[-122.345,48.6],[-122.375,48.6191],[-122.455,48.6085],[-122.585,48.5681],[-122.675,48.5352],[-122.725,48.5097],[-122.77,48.5017],[-122.81,48.5111],[-122.844,48.5139],[-122.872,48.51],[-122.907,48.4898],[-122.949,48.4532],[-122.9739,48.4134],[-122.9817,48.3704],[-123.0007,48.3289],[-123.0308,48.289],[-123.0451,48.2557],[-123.0436,48.229],[-123.0346,48.2128],[-123.0182,48.2069],[-122.99,48.2078],[-122.95,48.2153],[-122.9165,48.2149],[-122.8896,48.2065],[-122.8673,48.179],[-122.8496,48.1323],[-122.8779,48.0622],[-122.9522,47.9686],[-122.9862,47.9016],[-122.9797,47.8613],[-122.9848,47.8045],[-123.0016,47.731],[-123.0227,47.6805],[-123.0481,47.6531],[-123.0831,47.6315],[-123.1277,47.6157],[-123.165,47.5859],[-123.195,47.5419],[-123.24,47.515],[-123.3,47.505],[-123.35,47.4703],[-123.39,47.4108],[-123.425,47.3811],[-123.455,47.3812],[-123.515,47.3993],[-123.605,47.4353],[-123.685,47.4426],[-123.755,47.421],[-123.8019,47.4202],[-123.8258,47.4403],[-123.8375,47.4572],[-123.8371,47.4707],[-123.8175,47.491],[-123.7788,47.518],[-123.7384,47.5382],[-123.6965,47.5517],[-123.6941,47.5715],[-123.7314,47.5976],[-123.8,47.5867],[-123.9,47.5387],[-123.97,47.5123],[-124.01,47.5074],[-124.0404,47.4947],[-124.0611,47.4742],[-124.0744,47.4369],[-124.0801,47.3827],[-124.0948,47.3482],[-124.1183,47.3333],[-124.135,47.3269],[-124.145,47.329],[-124.195,47.3525],[-124.285,47.3972],[-124.35,47.4205],[-124.39,47.4225],[-124.435,47.4326],[-124.485,47.451],[-124.545,47.4795],[-124.615,47.5182],[-124.6699,47.5563],[-124.7097,47.5937],[-124.7313,47.6192],[-124.7349,47.6327],[-124.7265,47.6529],[-124.7063,47.6798],[-124.711,47.7034],[-124.7409,47.7236],[-124.7493,47.7404]],[[-123.2063,49.4593],[-123.1954,49.4714],[-123.1816,49.4714],[-123.1648,49.4593],[-123.1648,49.4465],[-123.1816,49.4331],[-123.1954,49.4331],[-123.2063,49.4465],[-123.2063,49.4593]],[[-123.0525,49.5831],[-123.0472,49.6349],[-123.0359,49.6657],[-123.0186,49.6755],[-123.0,49.6791],[-122.98,49.6764],[-122.9581,49.6683],[-122.9342,49.6547],[-122.9192,49.6345],[-122.9131,49.6077],[-122.94,49.5776],[-123.0,49.5442],[-123.0363,49.5348],[-123.0489,49.5497],[-123.0525,49.5831]],[[-122.8439,49.6705],[-122.8378,49.6899],[-122.8235,49.7053],[-122.8012,49.7167],[-122.79,49.6982],[-122.79,49.6499],[-122.8,49.6234],[-122.82,49.6187],[-122.8342,49.6275],[-122.8427,49.6497],[-122.8439,49.6705]],[[-122.7615,49.3621],[-122.748,49.4402],[-122.7271,49.4987],[-122.6988,49.5377],[-122.6908,49.5798],[-122.703,49.6252],[-122.7067,49.6705],[-122.702,49.7158],[-122.6922,49.7459],[-122.6774,49.7607],[-122.66,49.771],[-122.64,49.7765],[-122.62,49.775],[-122.6,49.7662],[-122.565,49.7306],[-122.515,49.668],[-122.485,49.6349],[-122.475,49.6315],[-122.46,49.6374],[-122.44,49.6528],[-122.4216,49.6573],[-122.4047,49.651],[-122.3947,49.6266],[-122.3916,49.5842],[-122.37,49.55],[-122.33,49.5241],[-122.3041,49.5129],[-122.2923,49.5164],[-122.2523,49.5622],[-122.1841,49.6501],[-122.13,49.7107],[-122.09,49.7441],[-122.0572,49.7616],[-122.0316,49.7634],[-122.0162,49.7578],[-122.0111,49.7449],[-122.0188,49.7093],[-122.0394,49.6511],[-122.0482,49.596],[-122.0453,49.5441],[-122.05,49.5052],[-122.0622,49.4792],[-122.0962,49.4239],[-122.152,49.3393],[-122.2074,49.2904],[-122.2624,49.2774],[-122.3149,49.2431],[-122.365,49.1875],[-122.4005,49.1581],[-122.4214,49.1549],[-122.4343,49.1729],[-122.4392,49.2121],[-122.4538,49.2482],[-122.4779,49.2812],[-122.535,49.2951],[-122.625,49.29],[-122.685,49.2833],[-122.715,49.2748],[-122.735,49.2714],[-122.745,49.2731],[-122.7546,49.2862],[-122.7637,49.3107],[-122.7615,49.3621]],[[-122.1298,48.6848],[-122.1166,48.6943],[-122.105,48.6885],[-122.095,48.6676],[-122.1,48.657],[-122.12,48.6568],[-122.1316,48.6626],[-122.1348,48.6742],[-122.1298,48.6848]],[[-122.0103,48.8355],[-121.9968,48.8563],[-121.9739,48.8563],[-121.9418,48.8355],[-121.9418,48.8174],[-121.9739,48.802],[-121.9968,48.802],[-122.0103,48.8174],[-122.0103,48.8355]],[[-121.8617,48.7801],[-121.8406,48.7954],[-121.82,48.8006],[-121.8,48.7956],[-121.7871,48.788],[-121.7812,48.7776],[-121.7912,48.7644],[-121.8171,48.7483],[-121.8406,48.7483],[-121.8617,48.7644],[-121.8617,48.7801]],[[-121.6476,48.8425],[-121.6359,48.8509],[-121.6197,48.8509],[-121.5991,48.8425],[-121.6049,48.8383],[-121.6373,48.8383],[-121.6476,48.8425]],[[-121.67,48.0986],[-121.6567,48.1046],[-121.6472,48.1046],[-121.6416,48.0986],[-121.6466,48.0926],[-121.6622,48.0866],[-121.6717,48.0866],[-121.675,48.0926],[-121.67,48.0986]],[[-121.5578,47.4448],[-121.5526,47.4607],[-121.535,47.4804],[-121.505,47.5041],[-121.4802,47.4995],[-121.4605,47.4668],[-121.4542,47.4402],[-121.4611,47.42],[-121.4759,47.4068],[-121.4986,47.4007],[-121.5226,47.4075],[-121.5478,47.4271],[-121.5578,47.4448]],[[-121.4748,47.6091],[-121.4583,47.6295],[-121.4522,47.6261],[-121.4567,47.599],[-121.4617,47.5821],[-121.4672,47.5754],[-121.4733,47.5788],[-121.4798,47.5922],[-121.4748,47.6091]],[[-121.4296,47.6839],[-121.4165,47.719],[-121.4,47.7469],[-121.38,47.7677],[-121.365,47.7774],[-121.355,47.7761],[-121.34,47.7682],[-121.32,47.7538],[-121.3065,47.7333],[-121.2995,47.7066],[-121.3311,47.6866],[-121.4011,47.6731],[-121.4296,47.6839]],[[-121.7705,47.2642],[-121.7702,47.2712],[-121.76,47.2772],[-121.74,47.2823],[-121.705,47.2798],[-121.655,47.2699],[-121.6232,47.2571],[-121.6097,47.2414],[-121.6197,47.2262],[-121.6532,47.2116],[-121.69,47.2114],[-121.73,47.2258],[-121.7552,47.2399],[-121.7655,47.2538],[-121.7705,47.2642]],[[-124.5618,47.6443],[-124.5406,47.6539],[-124.5232,47.6506],[-124.5096,47.6341],[-124.5146,47.6202],[-124.5382,47.6088],[-124.5556,47.6121],[-124.5668,47.6303],[-124.5618,47.6443]],[[-124.4254,47.5298],[-124.4151,47.5534],[-124.4,47.5669],[-124.38,47.5704],[-124.375,47.5532],[-124.385,47.5151],[-124.395,47.4954],[-124.405,47.4941],[-124.4151,47.4996],[-124.4254,47.5119],[-124.4254,47.5298]],[[-124.3449,47.7807],[-124.2666,47.821],[-124.2225,47.858],[-124.2128,47.8915],[-124.2133,47.9217],[-124.2241,47.9485],[-124.2105,47.9853],[-124.1726,48.0321],[-124.2077,48.0811],[-124.3159,48.1321],[-124.3661,48.1688],[-124.3582,48.1912],[-124.2932,48.2181],[-124.1711,48.2496],[-124.08,48.2615],[-124.02,48.2538],[-123.9813,48.238],[-123.9639,48.2143],[-123.9389,48.1948],[-123.9063,48.1797],[-123.865,48.175],[-123.815,48.1806],[-123.78,48.181],[-123.76,48.1763],[-123.746,48.1677],[-123.7381,48.1552],[-123.7457,48.1123],[-123.769,48.0388],[-123.7711,47.9819],[-123.752,47.9418],[-123.7431,47.8982],[-123.7446,47.8512],[-123.7602,47.811],[-123.7897,47.7774],[-123.8209,47.7541],[-123.8536,47.7411],[-123.885,47.7404],[-123.915,47.752],[-123.95,47.7536],[-123.99,47.7452],[-124.04,47.7429],[-124.1,47.7467],[-124.165,47.7415],[-124.235,47.7273],[-124.2985,47.7303],[-124.3555,47.7505],[-124.3449,47.7807]],[[-123.8715,48.3211],[-123.8438,48.3455],[-123.774,48.3754],[-123.6621,48.4108],[-123.5871,48.4438],[-123.549,48.4745],[-123.505,48.4889],[-123.455,48.4871],[-123.41,48.4982],[-123.37,48.5224],[-123.305,48.5474],[-123.215,48.5731],[-123.1607,48.5831],[-123.1421,48.5772],[-123.1321,48.5583],[-123.1307,48.5264],[-123.145,48.4979],[-123.175,48.4728],[-123.202,48.4358],[-123.226,48.3867],[-123.246,48.3574],[-123.262,48.3478],[-123.315,48.3341],[-123.405,48.3162],[-123.48,48.3093],[-123.54,48.3136],[-123.62,48.2995],[-123.72,48.2668],[-123.79,48.2548],[-123.83,48.2636],[-123.8588,48.2782],[-123.8765,48.2987],[-123.8715,48.3211]],[[-123.4795,49.7546],[-123.4414,49.8127],[-123.4092,49.8482],[-123.3831,49.861],[-123.36,49.8665],[-123.34,49.8645],[-123.3295,49.8548],[-123.3285,49.8375],[-123.3535,49.7966],[-123.4045,49.732],[-123.44,49.6964],[-123.46,49.6899],[-123.4771,49.6963],[-123.4914,49.7158],[-123.4795,49.7546]],[[-122.9407,48.7131],[-122.8973,48.7526],[-122.8687,48.7856],[-122.8549,48.8119],[-122.8435,48.8271],[-122.8345,48.831],[-122.815,48.8281],[-122.785,48.8185],[-122.755,48.822],[-122.725,48.8386],[-122.695,48.8447],[-122.665,48.8401],[-122.6452,48.8215],[-122.6355,48.7888],[-122.618,48.7625],[-122.5928,48.7427],[-122.6076,48.7114],[-122.6625,48.6683],[-122.71,48.6434],[-122.75,48.6366],[-122.79,48.622],[-122.83,48.5995],[-122.8604,48.5914],[-122.8813,48.5976],[-122.8959,48.614],[-122.904,48.6404],[-122.9217,48.6635],[-122.9489,48.6834],[-122.9407,48.7131]],[[-122.6522,48.9566],[-122.6155,48.9829],[-122.5853,49.0148],[-122.5618,49.0525],[-122.535,49.0695],[-122.505,49.066],[-122.4883,49.0505],[-122.4849,49.0229],[-122.4999,48.989],[-122.5333,48.9486],[-122.575,48.9255],[-122.625,48.9196],[-122.6552,48.9234],[-122.6655,48.9368],[-122.6522,48.9566]],[[-122.0135,48.7263],[-122.0061,48.7394],[-121.9943,48.7472],[-121.9781,48.7495],[-121.9512,48.7363],[-121.9135,48.7076],[-121.8934,48.6867],[-121.8908,48.6735],[-121.9097,48.6594],[-121.9499,48.6445],[-121.9818,48.6577],[-122.0054,48.699],[-122.0135,48.7263]],[[-124.145,47.6484],[-124.1217,47.6665],[-124.075,47.6693],[-124.005,47.6568],[-123.9633,47.6444],[-123.9498,47.6321],[-123.9798,47.6084],[-124.0533,47.5732],[-124.1,47.5618],[-124.12,47.5742],[-124.1367,47.5951],[-124.15,47.6247],[-124.145,47.6484]],[[-123.5737,47.8921],[-123.5446,47.9135],[-123.495,47.9227],[-123.425,47.9198],[-123.3802,47.9225],[-123.3605,47.9309],[-123.3705,47.9689],[-123.4102,48.0364],[-123.4,48.0706],[-123.34,48.0717],[-123.26,48.0908],[-123.16,48.1279],[-123.1097,48.1137],[-123.109,48.0482],[-123.1264,48.0054],[-123.1621,47.9853],[-123.1868,47.9619],[-123.2006,47.9351],[-123.2209,47.915],[-123.2476,47.9016],[-123.264,47.8714],[-123.2702,47.8244],[-123.2574,47.7869],[-123.2258,47.7591],[-123.215,47.7374],[-123.225,47.7219],[-123.25,47.7157],[-123.29,47.7185],[-123.325,47.7294],[-123.355,47.7484],[-123.405,47.7442],[-123.475,47.717],[-123.5131,47.721],[-123.5194,47.7564],[-123.5389,47.8009],[-123.5718,47.8546],[-123.5737,47.8921]],[[-123.462,49.5789],[-123.454,49.5965],[-123.445,49.6041],[-123.435,49.6016],[-123.4186,49.5896],[-123.3958,49.5679],[-123.3858,49.5503],[-123.3886,49.5367],[-123.4,49.5308],[-123.42,49.5327],[-123.439,49.5428],[-123.457,49.561],[-123.462,49.5789]],[[-123.53,47.5914],[-123.5167,47.6032],[-123.5,47.6075],[-123.48,47.6042],[-123.4661,47.5949],[-123.4583,47.5796],[-123.4583,47.5642],[-123.4661,47.5487],[-123.4826,47.542],[-123.5078,47.544],[-123.5245,47.5551],[-123.5326,47.5754],[-123.53,47.5914]],[[-123.1694,47.8699],[-123.1565,47.8735],[-123.1476,47.8702],[-123.1427,47.8598],[-123.1477,47.8533],[-123.1626,47.8506],[-123.1715,47.8539],[-123.1744,47.8633],[-123.1694,47.8699]]]}},{"type":"Feature","properties":{"c":"#00cc00","v0":0.25,"v1":0.5},"geometry":{"type":"Polygon","coordinates":[[[-120.1985,50.0568],[-120.1795,50.0751],[-120.1701,50.0751],[-120.1704,50.0568],[-120.1754,50.0432],[-120.1851,50.0343],[-120.1945,50.0343],[-120.2035,50.0432],[-120.1985,50.0568]]]}},{"type":"Feature","properties":{"c":"#00cc00","v0":0.25,"v1":0.5},"geometry":{"type":"Polygon","coordinates":[[[-123.8058,49.8202],[-123.7953,49.8289],[-123.78,49.8279],[-123.76,49.8172],[-123.7414,49.8193],[-123.7243,49.8343],[-123.7064,49.874],[-123.6875,49.9384],[-123.6586,49.9866],[-123.6196,50.0188],[-123.6015,50.0123],[-123.6042,49.9673],[-123.6267,49.9083],[-123.6689,49.8353],[-123.7,49.7935],[-123.72,49.7833],[-123.745,49.7818],[-123.775,49.7891],[-123.7953,49.7985],[-123.8058,49.8101],[-123.8058,49.8202]]]}},{"type":"Feature","properties":{"c":"#00cc00","v0":0.25,"v1":0.5},"geometry":{"type":"Polygon","coordinates":[[[-118.0414,50.0138],[-118.0205,50.023],[-118.0014,50.023],[-117.9841,50.0138],[-117.964,49.9866],[-117.941,49.9416],[-117.9408,49.9191],[-117.9634,49.9191],[-117.994,49.9416],[-118.0326,49.9866],[-118.0414,50.0138]]]}},{"type":"Feature","properties":{"c":"#00cc00","v0":0.25,"v1":0.5},"geometry":{"type":"Polygon","coordinates":[[[-117.885,49.9094],[-117.8496,49.9158],[-117.8364,49.9076],[-117.8455,49.8845],[-117.86,49.8739],[-117.88,49.8757],[-117.8932,49.884],[-117.8996,49.8988],[-117.885,49.9094]]]}},{"type":"Feature","properties":{"c":"#00cc00","v0":0.25,"v1":0.5},"geometry":{"type":"Polygon","coordinates":[[[-120.3456,49.6317],[-120.3381,49.677],[-120.3203,49.719],[-120.2921,49.7578],[-120.2898,49.7869],[-120.3134,49.8062],[-120.3264,49.8288],[-120.329,49.8546],[-120.3252,49.8759],[-120.3151,49.8926],[-120.3,49.9043],[-120.28,49.911],[-120.2547,49.9026],[-120.224,49.8792],[-120.2121,49.8514],[-120.2192,49.8192],[-120.2045,49.7986],[-120.1682,49.7896],[-120.1438,49.7735],[-120.1315,49.7501],[-120.131,49.7287],[-120.1421,49.7093],[-120.1641,49.6932],[-120.197,49.6802],[-120.2326,49.6585],[-120.2709,49.628],[-120.3,49.6081],[-120.32,49.5988],[-120.3348,49.5979],[-120.3445,49.6053],[-120.3456,49.6317]]]}},{"type":"Feature","properties":{"c":"#00cc00","v0":0.25,"v1":0.5},"geometry":{"type":"Polygon","coordinates":[[[-118.1094,49.8866],[-118.0965,49.8991],[-118.0734,49.9023],[-118.0403,49.8963],[-118.0391,49.874],[-118.0698,49.8353],[-118.0864,49.8062],[-118.0888,49.7867],[-118.0965,49.8029],[-118.1094,49.8546],[-118.1094,49.8866]]]}},{"type":"Feature","properties":{"c":"#00cc00","v0":0.25,"v1":0.5},"geometry":{"type":"Polygon","coordinates":[[[-118.3781,49.783],[-118.3727,49.7946],[-118.3652,49.7946],[-118.3555,49.783],[-118.3555,49.774],[-118.3652,49.7677],[-118.3727,49.7677],[-118.3781,49.774],[-118.3781,49.783]]]}},{"type":"Feature","properties":{"c":"#00cc00","v0":0.25,"v1":0.5},"geometry":{"type":"Polygon","coordinates":[[[-118.4565,49.6996],[-118.4426,49.6996],[-118.4392,49.6942],[-118.4464,49.6833],[-118.4534,49.6833],[-118.4601,49.6942],[-118.4565,49.6996]]]}},{"type":"Feature","properties":{"c":"#00cc00","v0":0.25,"v1":0.5},"geometry":{"type":"Polygon","coordinates":[[[-124.9367,49.605],[-124.8922,49.649],[-124.855,49.6723],[-124.825,49.675],[-124.795,49.6724],[-124.765,49.6643],[-124.7471,49.6345],[-124.7414,49.5829],[-124.7464,49.5518],[-124.7621,49.5411],[-124.785,49.5324],[-124.815,49.5257],[-124.85,49.5252],[-124.89,49.5307],[-124.9222,49.5459],[-124.9467,49.5707],[-124.9367,49.605]]]}},{"type":"Feature","properties":{"c":"#00cc00","v0":0.25,"v1":0.5},"geometry":{"type":"Polygon","coordinates":[[[-119.8017,49.4802],[-119.7939,49.508],[-119.7886,49.508],[-119.7859,49.4802],[-119.7859,49.4636],[-119.7886,49.4585],[-119.7939,49.4585],[-119.8017,49.4636],[-119.8017,49.4802]]]}},{"type":"Feature","properties":{"c":"#00cc00","v0":0.25,"v1":0.5},"geometry":{"type":"Polygon","coordinates":[[[-125.3578,49.1025],[-125.3393,49.1579],[-125.3048,49.2004],[-125.2543,49.23],[-125.2286,49.2611],[-125.2276,49.2937],[-125.2034,49.336],[-125.1562,49.3882],[-125.1223,49.437],[-125.1017,49.4825],[-125.071,49.4997],[-125.0303,49.4888],[-124.985,49.4648],[-124.935,49.4277],[-124.895,49.4078],[-124.865,49.4051],[-124.86,49.3795],[-124.88,49.331],[-124.9184,49.2814],[-124.9751,49.2308],[-125.0025,49.199],[-125.0005,49.1859],[-124.9906,49.1761],[-124.9727,49.1696],[-124.9653,49.1598],[-124.9683,49.1467],[-125.0499,49.1149],[-125.21,49.0645],[-125.305,49.0403],[-125.335,49.0425],[-125.3543,49.0513],[-125.3628,49.0669],[-125.3578,49.1025]],[[-125.1424,49.3067],[-125.1159,49.3263],[-125.0957,49.3523],[-125.0818,49.3849],[-125.0637,49.4039],[-125.0412,49.4094],[-125.025,49.4098],[-125.015,49.4052],[-125.0113,49.3927],[-125.014,49.3723],[-125.0366,49.3458],[-125.0792,49.3132],[-125.1143,49.2969],[-125.1419,49.2969],[-125.1424,49.3067]],[[-125.2896,49.146],[-125.2765,49.1577],[-125.2663,49.161],[-125.2589,49.1558],[-125.2589,49.1431],[-125.2663,49.1229],[-125.275,49.1125],[-125.285,49.1119],[-125.2915,49.1187],[-125.2946,49.133],[-125.2896,49.146]]]}},{"type":"Feature","properties":{"c":"#00cc00","v0":0.25,"v1":0.5},"geometry":{"type":"Polygon","coordinates":[[[-123.2081,49.1173],[-123.1954,49.15],[-123.1549,49.1859],[-123.0867,49.2251],[-123.0519,49.255],[-123.0506,49.2755],[-123.04,49.2896],[-123.02,49.2972],[-123.0,49.2984],[-122.98,49.2931],[-122.962,49.2791],[-122.9459,49.2562],[-122.9516,49.2251],[-122.9789,49.1859],[-123.0333,49.15],[-123.1149,49.1173],[-123.1629,49.0943],[-123.1773,49.0812],[-123.1859,49.0632],[-123.1886,49.0404],[-123.1961,49.0469],[-123.2083,49.0829],[-123.2081,49.1173]]]}},{"type":"Feature","properties":{"c":"#00cc00","v0":0.25,"v1":0.5},"geometry":{"type":"Polygon","coordinates":[[[-124.7423,49.0878],[-124.7016,49.1402],[-124.68,49.1761],[-124.6777,49.1957],[-124.6599,49.2046],[-124.6266,49.2027],[-124.6043,49.1897],[-124.593,49.1654],[-124.6048,49.1271],[-124.6398,49.0747],[-124.6755,49.0436],[-124.7118,49.0337],[-124.7382,49.037],[-124.7545,49.0534],[-124.7423,49.0878]]]}},{"type":"Feature","properties":{"c":"#00cc00","v0":0.25,"v1":0.5},"geometry":{"type":"Polygon","coordinates":[[[-120.1587,49.0103],[-120.1396,49.0389],[-120.12,49.0528],[-120.1,49.052],[-120.0871,49.0345],[-120.0814,49.0001],[-120.0864,48.9736],[-120.1021,48.9551],[-120.12,48.9437],[-120.14,48.9396],[-120.1546,48.9521],[-120.1637,48.9814],[-120.1587,49.0103]]]}},{"type":"Feature","properties":{"c":"#00cc00","v0":0.25,"v1":0.5},"geometry":{"type":"Polygon","coordinates":[[[-123.2712,48.9008],[-123.2608,48.9205],[-123.2393,48.9414],[-123.2064,48.9634],[-123.18,48.9733],[-123.16,48.971],[-123.1518,48.9632],[-123.1553,48.9501],[-123.1753,48.9302],[-123.2118,48.9036],[-123.24,48.8879],[-123.26,48.883],[-123.2716,48.8832],[-123.2747,48.8883],[-123.2712,48.9008]]]}},{"type":"Feature","properties":{"c":"#00cc00","v0":0.25,"v1":0.5},"geometry":{"type":"Polygon","coordinates":[[[-118.3254,48.159],[-118.3155,48.179],[-118.2705,48.2086],[-118.1902,48.2476],[-118.1377,48.2809],[-118.1131,48.3085],[-118.1014,48.3721],[-118.1025,48.4716],[-118.0961,48.5379],[-118.0821,48.571],[-118.0858,48.6008],[-118.107,48.6272],[-118.1222,48.6602],[-118.1312,48.6999],[-118.1248,48.7394],[-118.1031,48.779],[-118.0767,48.8115],[-118.0456,48.8368],[-118.01,48.8488],[-117.97,48.8474],[-117.91,48.8282],[-117.83,48.791],[-117.7762,48.779],[-117.7486,48.7922],[-117.7337,48.8087],[-117.7314,48.8284],[-117.7152,48.8477],[-117.6851,48.8666],[-117.6641,48.8666],[-117.6524,48.8477],[-117.6498,48.8251],[-117.6564,48.7988],[-117.6222,48.7463],[-117.5474,48.6675],[-117.485,48.6322],[-117.435,48.6405],[-117.3832,48.6436],[-117.3296,48.6415],[-117.2884,48.6602],[-117.2597,48.6999],[-117.2165,48.735],[-117.1588,48.7656],[-117.115,48.7797],[-117.085,48.7775],[-117.0569,48.7688],[-117.0308,48.7536],[-117.0172,48.7131],[-117.0161,48.647],[-117.0043,48.5908],[-116.9817,48.5445],[-116.9765,48.4948],[-116.9887,48.4418],[-117.005,48.402],[-117.0253,48.3754],[-117.0304,48.3422],[-117.0203,48.3023],[-117.049,48.2836],[-117.1163,48.2862],[-117.175,48.2951],[-117.225,48.3102],[-117.2808,48.3055],[-117.3424,48.2812],[-117.3658,48.249],[-117.3509,48.209],[-117.3501,48.1832],[-117.3634,48.1714],[-117.3872,48.1614],[-117.4217,48.1532],[-117.4281,48.1357],[-117.4063,48.109],[-117.4289,48.0656],[-117.4958,48.0054],[-117.5286,47.9585],[-117.5273,47.925],[-117.532,47.9016],[-117.5428,47.8881],[-117.5889,47.8781],[-117.6703,47.8714],[-117.7112,47.8613],[-117.7116,47.8479],[-117.7014,47.841],[-117.6805,47.8406],[-117.6643,47.8305],[-117.6528,47.8108],[-117.6514,47.7841],[-117.6602,47.7505],[-117.6785,47.7202],[-117.7064,47.6933],[-117.7208,47.6563],[-117.7216,47.6091],[-117.744,47.5752],[-117.788,47.5548],[-117.8144,47.5244],[-117.8232,47.4841],[-117.8482,47.4515],[-117.8894,47.4267],[-117.915,47.4132],[-117.925,47.4112],[-117.935,47.4163],[-117.945,47.4285],[-117.9454,47.4622],[-117.9363,47.5174],[-117.9428,47.5585],[-117.965,47.5855],[-117.9742,47.6091],[-117.9704,47.6293],[-117.9876,47.6495],[-118.0257,47.6697],[-118.0063,47.7068],[-117.9292,47.7606],[-117.8879,47.8042],[-117.8822,47.8378],[-117.917,47.8685],[-117.9923,47.8963],[-118.04,47.9251],[-118.06,47.9549],[-118.1,47.9875],[-118.16,48.0228],[-118.195,48.0574],[-118.205,48.0914],[-118.235,48.1109],[-118.285,48.116],[-118.3151,48.1261],[-118.3252,48.1414],[-118.3254,48.159]],[[-118.0294,48.2259],[-118.0165,48.2464],[-117.9894,48.2664],[-117.9481,48.2859],[-117.9266,48.2989],[-117.9249,48.3056],[-117.9385,48.3156],[-117.9673,48.3289],[-117.9765,48.3455],[-117.9661,48.3654],[-117.9381,48.376],[-117.8927,48.3772],[-117.82,48.3951],[-117.72,48.4299],[-117.65,48.4441],[-117.61,48.4377],[-117.575,48.4403],[-117.545,48.4519],[-117.505,48.4509],[-117.455,48.4375],[-117.4204,48.4236],[-117.4013,48.4092],[-117.3963,48.3877],[-117.4054,48.359],[-117.43,48.3381],[-117.47,48.3249],[-117.5,48.3029],[-117.52,48.2722],[-117.56,48.2474],[-117.62,48.2285],[-117.67,48.1994],[-117.71,48.16],[-117.755,48.1523],[-117.805,48.1764],[-117.855,48.1849],[-117.905,48.1779],[-117.95,48.1785],[-117.99,48.1865],[-118.0165,48.1968],[-118.0294,48.2094],[-118.0294,48.2259]],[[-117.9655,48.0555],[-117.9139,48.0823],[-117.8936,48.0777],[-117.9045,48.0418],[-117.92,48.0209],[-117.94,48.0149],[-117.9603,48.0195],[-117.9809,48.0346],[-117.9655,48.0555]]]}},{"type":"Feature","properties":{"c":"#00cc00","v0":0.25,"v1":0.5},"geometry":{"type":"Polygon","coordinates":[[[-124.3162,48.7329],[-124.2934,48.7856],[-124.264,48.8235],[-124.228,48.8466],[-124.1957,48.8565],[-124.1671,48.8531],[-124.1269,48.8317],[-124.075,48.7922],[-124.0542,48.7531],[-124.0647,48.7145],[-124.1,48.6785],[-124.16,48.645],[-124.215,48.6287],[-124.265,48.6296],[-124.2994,48.6491],[-124.3182,48.6874],[-124.3162,48.7329]]]}},{"type":"Feature","properties":{"c":"#00cc00","v0":0.25,"v1":0.5},"geometry":{"type":"Polygon","coordinates":[[[-119.6578,48.746],[-119.642,48.7724],[-119.6231,48.787],[-119.601,48.7898],[-119.595,48.7724],[-119.605,48.735],[-119.62,48.7135],[-119.64,48.7079],[-119.6539,48.7121],[-119.6618,48.7259],[-119.6578,48.746]]]}},{"type":"Feature","properties":{"c":"#00cc00","v0":0.25,"v1":0.5},"geometry":{"type":"Polygon","coordinates":[[[-120.0939,48.5379],[-120.0546,48.571],[-120.0245,48.5875],[-120.0037,48.5875],[-119.9974,48.5609],[-120.0058,48.5077],[-120.0359,48.4911],[-120.0877,48.5113],[-120.0939,48.5379]]]}},{"type":"Feature","properties":{"c":"#00cc00","v0":0.25,"v1":0.5},"geometry":{"type":"Polygon","coordinates":[[[-118.3879,48.392],[-118.3731,48.4252],[-118.3673,48.4584],[-118.3707,48.4915],[-118.3618,48.5131],[-118.3406,48.5232],[-118.3218,48.5232],[-118.3053,48.5131],[-118.2829,48.4783],[-118.2548,48.4186],[-118.263,48.3771],[-118.3077,48.3539],[-118.3409,48.3439],[-118.3626,48.3472],[-118.3789,48.3555],[-118.3898,48.3687],[-118.3879,48.392]]]}},{"type":"Feature","properties":{"c":"#00cc00","v0":0.25,"v1":0.5},"geometry":{"type":"Polygon","coordinates":[[[-121.5083,48.315],[-121.4828,48.3537],[-121.425,48.3935],[-121.335,48.4343],[-121.2387,48.4349],[-121.1362,48.3952],[-121.0867,48.3621],[-121.0903,48.3355],[-121.1015,48.3104],[-121.1205,48.2869],[-121.175,48.2541],[-121.265,48.2121],[-121.355,48.2028],[-121.445,48.2263],[-121.4978,48.2525],[-121.5133,48.2812],[-121.5083,48.315]],[[-121.3283,48.3289],[-121.3206,48.3422],[-121.306,48.3521],[-121.2845,48.3588],[-121.2614,48.3555],[-121.2367,48.3422],[-121.2254,48.3289],[-121.2274,48.3156],[-121.2388,48.3029],[-121.2596,48.2908],[-121.2811,48.2875],[-121.3033,48.2929],[-121.3189,48.3023],[-121.3277,48.3156],[-121.3283,48.3289]]]}},{"type":"Feature","properties":{"c":"#00cc00","v0":0.25,"v1":0.5},"geometry":{"type":"Polygon","coordinates":[[[-116.8063,48.3422],[-116.7483,48.4086],[-116.707,48.4436],[-116.6823,48.4471],[-116.6472,48.4206],[-116.6016,48.3639],[-116.5866,48.3217],[-116.6022,48.2941],[-116.63,48.2739],[-116.67,48.2611],[-116.72,48.2605],[-116.78,48.2721],[-116.8163,48.2857],[-116.829,48.3012],[-116.8063,48.3422]]]}},{"type":"Feature","properties":{"c":"#00cc00","v0":0.25,"v1":0.5},"geometry":{"type":"Polygon","coordinates":[[[-116.8289,48.2335],[-116.8163,48.2425],[-116.7995,48.2359],[-116.7785,48.2135],[-116.7785,48.2002],[-116.7995,48.1958],[-116.8163,48.2025],[-116.8289,48.2202],[-116.8289,48.2335]]]}},{"type":"Feature","properties":{"c":"#00cc00","v0":0.25,"v1":0.5},"geometry":{"type":"Polygon","coordinates":[[[-123.3379,47.9383],[-123.3193,47.9449],[-123.3017,47.9416],[-123.2852,47.9283],[-123.2852,47.9201],[-123.3017,47.9169],[-123.3193,47.9202],[-123.3379,47.9301],[-123.3379,47.9383]]]}},{"type":"Feature","properties":{"c":"#00cc00","v0":0.25,"v1":0.5},"geometry":{"type":"Polygon","coordinates":[[[-116.6524,47.8448],[-116.6508,47.852],[-116.64,47.8558],[-116.62,47.8561],[-116.6054,47.8491],[-116.5963,47.8349],[-116.5963,47.8254],[-116.6054,47.8206],[-116.6208,47.824],[-116.6424,47.8354],[-116.6524,47.8448]]]}},{"type":"Feature","properties":{"c":"#00cc00","v0":0.25,"v1":0.5},"geometry":{"type":"Polygon","coordinates":[[[-121.9757,47.4856],[-121.9586,47.5018],[-121.92,47.5052],[-121.86,47.4958],[-121.8194,47.4843],[-121.7982,47.4707],[-121.7866,47.4572],[-121.7844,47.4436],[-121.795,47.4327],[-121.8183,47.4244],[-121.855,47.4203],[-121.905,47.4206],[-121.9436,47.4349],[-121.9707,47.4632],[-121.9757,47.4856]]]}},{"type":"Feature","properties":{"c":"#00cc00","v0":0.25,"v1":0.5},"geometry":{"type":"Polygon","coordinates":[[[-123.9809,47.3827],[-123.9615,47.4098],[-123.9414,47.4248],[-123.9205,47.4276],[-123.92,47.4118],[-123.94,47.3773],[-123.955,47.3571],[-123.965,47.3511],[-123.9752,47.3534],[-123.9855,47.3639],[-123.9809,47.3827]]]}},{"type":"Feature","properties":{"c":"#00cc00","v0":0.25,"v1":0.5},"geometry":{"type":"Polygon","coordinates":[[[-122.4258,47.3884],[-122.4019,47.3997],[-122.3834,47.3997],[-122.3703,47.3884],[-122.3753,47.3752],[-122.3984,47.3601],[-122.4169,47.3601],[-122.4308,47.3752],[-122.4258,47.3884]]]}},{"type":"Feature","properties":{"c":"#00cc00","v0":0.25,"v1":0.5},"geometry":{"type":"Polygon","coordinates":[[[-124.8061,47.0465],[-124.7607,47.0805],[-124.7407,47.1078],[-124.7462,47.1282],[-124.7642,47.1518],[-124.7947,47.1788],[-124.8137,47.206],[-124.8211,47.2334],[-124.8061,47.2576],[-124.7687,47.2786],[-124.73,47.3089],[-124.69,47.3485],[-124.6635,47.355],[-124.6505,47.3283],[-124.6258,47.298],[-124.5894,47.2641],[-124.5592,47.2064],[-124.5349,47.1248],[-124.5046,47.0811],[-124.4682,47.0754],[-124.415,47.0876],[-124.345,47.1178],[-124.2829,47.1104],[-124.2286,47.0655],[-124.1925,47.0158],[-124.1746,46.9612],[-124.1768,46.928],[-124.1989,46.9161],[-124.255,46.9202],[-124.345,46.9402],[-124.445,46.9945],[-124.555,47.0829],[-124.6193,47.1265],[-124.6378,47.1254],[-124.6496,47.1146],[-124.6548,47.0941],[-124.6476,47.0601],[-124.628,47.0124],[-124.6012,46.9791],[-124.5671,46.9603],[-124.515,46.946],[-124.445,46.9364],[-124.38,46.9162],[-124.32,46.8856],[-124.255,46.8443],[-124.185,46.7922],[-124.11,46.7571],[-124.03,46.7389],[-123.975,46.7179],[-123.945,46.6939],[-123.92,46.6805],[-123.9,46.6774],[-123.82,46.6872],[-123.68,46.7097],[-123.5821,46.7332],[-123.5263,46.7576],[-123.4996,46.7869],[-123.502,46.8211],[-123.4971,46.8451],[-123.485,46.8587],[-123.4617,46.8696],[-123.4272,46.8776],[-123.375,46.8786],[-123.305,46.8726],[-123.2505,46.8925],[-123.2115,46.9383],[-123.1765,46.9699],[-123.1455,46.9873],[-123.095,46.9802],[-123.025,46.9488],[-122.96,46.9323],[-122.9,46.9307],[-122.855,46.9169],[-122.825,46.8911],[-122.765,46.8796],[-122.675,46.8825],[-122.5972,46.8657],[-122.5316,46.8291],[-122.4766,46.8066],[-122.4322,46.798],[-122.385,46.8077],[-122.335,46.8356],[-122.3047,46.8638],[-122.2942,46.8923],[-122.3161,46.9237],[-122.3706,46.9578],[-122.3909,46.9844],[-122.377,47.0034],[-122.33,47.0157],[-122.25,47.0213],[-122.195,47.0318],[-122.165,47.0474],[-122.12,47.0519],[-122.06,47.0454],[-122.005,47.0434],[-121.955,47.0459],[-121.915,47.0535],[-121.885,47.0663],[-121.825,47.0702],[-121.735,47.0653],[-121.6886,47.0544],[-121.6859,47.0378],[-121.6952,47.009],[-121.7166,46.968],[-121.723,46.9449],[-121.7143,46.9396],[-121.685,46.9392],[-121.635,46.9439],[-121.5634,46.909],[-121.4701,46.8345],[-121.4238,46.7698],[-121.4245,46.7149],[-121.4436,46.6703],[-121.4812,46.636],[-121.4997,46.612],[-121.499,46.5982],[-121.4615,46.5922],[-121.3872,46.5938],[-121.335,46.5909],[-121.305,46.5834],[-121.2723,46.5585],[-121.2369,46.5162],[-121.2156,46.4813],[-121.2083,46.4537],[-121.226,46.419],[-121.2687,46.377],[-121.315,46.3483],[-121.365,46.3329],[-121.4048,46.3125],[-121.4344,46.287],[-121.4494,46.2627],[-121.4498,46.2394],[-121.4352,46.2082],[-121.4056,46.1692],[-121.3941,46.1393],[-121.4006,46.1186],[-121.4459,46.0943],[-121.5298,46.0665],[-121.588,46.0318],[-121.6205,45.9902],[-121.6205,45.938],[-121.588,45.8754],[-121.5795,45.8266],[-121.5952,45.7918],[-121.5968,45.7255],[-121.5842,45.6277],[-121.5856,45.5612],[-121.6011,45.5262],[-121.6053,45.4911],[-121.5981,45.4561],[-121.5998,45.421],[-121.6103,45.3859],[-121.5964,45.3507],[-121.558,45.3156],[-121.5346,45.2804],[-121.5261,45.2452],[-121.5314,45.2206],[-121.5506,45.2065],[-121.6144,45.1853],[-121.7229,45.1571],[-121.7953,45.1276],[-121.8318,45.0968],[-121.8717,45.0721],[-121.9152,45.0535],[-121.938,45.0406],[-121.9402,45.0336],[-121.9261,45.0194],[-121.8956,44.9982],[-121.8818,44.9805],[-121.8845,44.9664],[-121.8969,44.9406],[-121.919,44.903],[-121.965,44.8509],[-122.035,44.7841],[-122.115,44.7469],[-122.205,44.7394],[-122.28,44.7501],[-122.34,44.7791],[-122.4124,44.8031],[-122.4971,44.8222],[-122.5321,44.8586],[-122.5174,44.9122],[-122.4786,44.9476],[-122.4157,44.9649],[-122.3853,45.0018],[-122.3873,45.0583],[-122.4105,45.0971],[-122.4551,45.1183],[-122.4722,45.136],[-122.462,45.1501],[-122.4701,45.1603],[-122.4967,45.1668],[-122.5146,45.1668],[-122.5238,45.1603],[-122.5205,45.1501],[-122.5046,45.136],[-122.4985,45.1218],[-122.5021,45.1077],[-122.5454,45.0806],[-122.6285,45.0403],[-122.675,45.0218],[-122.685,45.0251],[-122.7035,45.0381],[-122.7305,45.061],[-122.7423,45.0866],[-122.7388,45.1148],[-122.7472,45.1536],[-122.7675,45.2029],[-122.7557,45.2479],[-122.7119,45.2885],[-122.67,45.318],[-122.63,45.3364],[-122.59,45.3486],[-122.55,45.3545],[-122.52,45.3449],[-122.5,45.3198],[-122.4566,45.2978],[-122.3899,45.2792],[-122.3449,45.254],[-122.3216,45.2222],[-122.265,45.2003],[-122.175,45.1883],[-122.1292,45.2042],[-122.1277,45.248],[-122.1187,45.2839],[-122.1023,45.3121],[-122.0831,45.3321],[-122.061,45.3441],[-122.025,45.3517],[-121.975,45.3549],[-121.9451,45.363],[-121.9352,45.3759],[-121.9829,45.4104],[-122.088,45.4666],[-122.1429,45.5191],[-122.1476,45.5681],[-122.18,45.6081],[-122.24,45.6391],[-122.2874,45.6811],[-122.3223,45.734],[-122.3573,45.7736],[-122.3924,45.8],[-122.44,45.8145],[-122.5,45.8172],[-122.555,45.8259],[-122.605,45.8407],[-122.645,45.8412],[-122.675,45.8274],[-122.705,45.8218],[-122.735,45.8245],[-122.7259,45.8374],[-122.6778,45.8604],[-122.6468,45.8858],[-122.6328,45.9137],[-122.6525,45.938],[-122.7056,45.9589],[-122.7504,45.9971],[-122.7867,46.0527],[-122.8211,46.0838],[-122.8537,46.0905],[-122.905,46.092],[-122.975,46.0883],[-123.0224,46.0815],[-123.0471,46.0715],[-123.0589,46.0596],[-123.058,46.0457],[-123.0456,46.0295],[-123.0219,46.0109],[-122.995,45.9975],[-122.965,45.9893],[-122.935,45.9877],[-122.905,45.9927],[-122.8872,45.9853],[-122.8816,45.9654],[-122.8903,45.9485],[-122.9131,45.9345],[-122.9327,45.9032],[-122.949,45.8545],[-123.0153,45.8042],[-123.1318,45.7524],[-123.202,45.7035],[-123.2259,45.6576],[-123.2333,45.6242],[-123.2243,45.6032],[-123.2262,45.5787],[-123.2392,45.5507],[-123.2245,45.5016],[-123.1822,45.4315],[-123.1808,45.3823],[-123.2204,45.3542],[-123.2387,45.3261],[-123.2356,45.298],[-123.2125,45.2593],[-123.1694,45.21],[-123.1984,45.1684],[-123.2995,45.1344],[-123.3953,45.1133],[-123.486,45.1049],[-123.5353,45.0971],[-123.5434,45.0901],[-123.543,45.083],[-123.5342,45.076],[-123.4798,45.0638],[-123.3799,45.0466],[-123.3214,45.0325],[-123.3042,45.0214],[-123.3042,45.0111],[-123.3214,45.0014],[-123.3762,44.9908],[-123.4686,44.9792],[-123.4873,44.931],[-123.4323,44.846],[-123.4081,44.7963],[-123.4148,44.7821],[-123.4511,44.7629],[-123.517,44.7387],[-123.585,44.7327],[-123.655,44.7451],[-123.7529,44.8105],[-123.8786,44.9286],[-123.9307,45.023],[-123.9091,45.0936],[-123.9036,45.143],[-123.914,45.1712],[-123.933,45.1994],[-123.9605,45.2276],[-123.9717,45.2487],[-123.9667,45.2628],[-123.9237,45.298],[-123.8428,45.3542],[-123.7852,45.4104],[-123.751,45.4666],[-123.7603,45.5051],[-123.8133,45.5262],[-123.8475,45.5507],[-123.863,45.5787],[-123.8885,45.6067],[-123.924,45.6347],[-123.9925,45.6661],[-124.094,45.701],[-124.1685,45.736],[-124.216,45.7708],[-124.244,45.7953],[-124.2524,45.8092],[-124.2498,45.8266],[-124.236,45.8475],[-124.2299,45.8824],[-124.2315,45.9311],[-124.2636,45.9832],[-124.326,46.0388],[-124.3304,46.0744],[-124.2768,46.0902],[-124.2335,46.1144],[-124.2005,46.1472],[-124.1788,46.174],[-124.1684,46.1948],[-124.1659,46.2224],[-124.1712,46.257],[-124.1676,46.2812],[-124.155,46.295],[-124.119,46.3138],[-124.0597,46.3376],[-123.9994,46.3687],[-123.9383,46.407],[-123.9064,46.4434],[-123.9038,46.4779],[-123.8914,46.5123],[-123.8692,46.5467],[-123.8761,46.583],[-123.912,46.6213],[-123.97,46.6373],[-124.05,46.631],[-124.15,46.6424],[-124.27,46.6715],[-124.3357,46.683],[-124.3472,46.6768],[-124.3488,46.66],[-124.3406,46.6326],[-124.3449,46.6147],[-124.3616,46.6064],[-124.425,46.6197],[-124.535,46.6548],[-124.62,46.6914],[-124.68,46.7297],[-124.7344,46.778],[-124.7831,46.8364],[-124.8083,46.8724],[-124.8098,46.8861],[-124.801,46.9032],[-124.782,46.9237],[-124.7865,46.9578],[-124.8147,47.0056],[-124.8061,47.0465]],[[-124.3881,47.0534],[-124.3627,47.074],[-124.335,47.0841],[-124.305,47.0837],[-124.2733,47.0699],[-124.2398,47.0429],[-124.224,47.0192],[-124.2261,46.9987],[-124.2379,46.9826],[-124.2593,46.9706],[-124.285,46.9653],[-124.315,46.9665],[-124.3435,46.9759],[-124.3705,46.9934],[-124.3882,47.0124],[-124.3966,47.0328],[-124.3881,47.0534]],[[-124.0011,45.9589],[-124.0004,45.9658],[-123.9825,45.973],[-123.9475,45.9804],[-123.88,45.9823],[-123.78,45.9786],[-123.7014,45.9888],[-123.6443,46.0129],[-123.6293,46.0407],[-123.6564,46.0722],[-123.695,46.0962],[-123.745,46.1128],[-123.7735,46.1317],[-123.7806,46.153],[-123.7816,46.1705],[-123.7765,46.1844],[-123.758,46.195],[-123.726,46.2025],[-123.6979,46.2164],[-123.6737,46.2366],[-123.6625,46.2674],[-123.6642,46.3089],[-123.689,46.3296],[-123.7369,46.3296],[-123.7781,46.3043],[-123.8127,46.2536],[-123.8474,46.2536],[-123.8822,46.3043],[-123.8926,46.3365],[-123.8786,46.3503],[-123.8512,46.36],[-123.8104,46.3657],[-123.7861,46.3726],[-123.7782,46.3807],[-123.7809,46.4124],[-123.7943,46.4675],[-123.7932,46.5085],[-123.7777,46.5352],[-123.75,46.5554],[-123.71,46.5689],[-123.6523,46.5658],[-123.577,46.5462],[-123.5453,46.5467],[-123.5572,46.5673],[-123.5582,46.5845],[-123.5483,46.5982],[-123.5251,46.6224],[-123.4884,46.657],[-123.435,46.691],[-123.365,46.7245],[-123.3148,46.7381],[-123.2843,46.7318],[-123.2601,46.7081],[-123.2422,46.6669],[-123.2274,46.6439],[-123.2158,46.639],[-123.12,46.6265],[-122.94,46.6062],[-122.805,46.5986],[-122.715,46.6036],[-122.65,46.6156],[-122.61,46.6347],[-122.5832,46.6585],[-122.5697,46.687],[-122.5297,46.7071],[-122.4632,46.7188],[-122.395,46.7258],[-122.325,46.7282],[-122.265,46.723],[-122.215,46.7102],[-122.165,46.7055],[-122.115,46.7088],[-122.075,46.7008],[-122.045,46.6816],[-122.01,46.6727],[-121.97,46.6742],[-121.9486,46.6506],[-121.9457,46.602],[-121.9494,46.5673],[-121.9596,46.5467],[-122.0065,46.5123],[-122.0902,46.4641],[-122.1268,46.4296],[-122.1163,46.4089],[-122.0899,46.3882],[-122.0476,46.3675],[-122.0437,46.3261],[-122.0781,46.2639],[-122.079,46.2348],[-122.0463,46.2388],[-121.995,46.2642],[-121.925,46.3111],[-121.85,46.3416],[-121.77,46.3558],[-121.6855,46.3512],[-121.5966,46.3276],[-121.5287,46.2743],[-121.4818,46.1913],[-121.4663,46.143],[-121.4821,46.1297],[-121.52,46.1234],[-121.58,46.1243],[-121.625,46.1174],[-121.655,46.1027],[-121.6826,46.0569],[-121.7077,45.98],[-121.7133,45.9172],[-121.6993,45.8684],[-121.6951,45.8371],[-121.7008,45.8231],[-121.7153,45.8138],[-121.7384,45.8092],[-121.77,45.8152],[-121.81,45.832],[-121.845,45.8399],[-121.875,45.8389],[-121.9,45.8336],[-121.92,45.8241],[-121.935,45.8046],[-121.9451,45.7751],[-121.9493,45.7534],[-121.9478,45.7394],[-121.9327,45.719],[-121.9042,45.692],[-121.855,45.6838],[-121.785,45.6943],[-121.7335,45.6903],[-121.7006,45.6718],[-121.7036,45.6242],[-121.7426,45.5472],[-121.7626,45.4911],[-121.7638,45.4561],[-121.7457,45.4333],[-121.7086,45.4229],[-121.6961,45.3913],[-121.7082,45.3385],[-121.7031,45.298],[-121.6808,45.2698],[-121.6897,45.2523],[-121.7299,45.2454],[-121.7595,45.2489],[-121.7784,45.2629],[-121.7824,45.2769],[-121.7715,45.291],[-121.7714,45.3085],[-121.7822,45.3296],[-121.7832,45.3636],[-121.7744,45.4105],[-121.785,45.4357],[-121.815,45.4393],[-121.8458,45.4545],[-121.8773,45.4812],[-121.931,45.5051],[-122.0068,45.5262],[-122.0361,45.5452],[-122.0187,45.5622],[-121.9896,45.5762],[-121.9489,45.5872],[-121.9239,45.5998],[-121.9146,45.6141],[-121.985,45.6377],[-122.135,45.6707],[-122.2206,45.695],[-122.2417,45.7107],[-122.2534,45.729],[-122.2558,45.7499],[-122.2486,45.7743],[-122.2321,45.8022],[-122.2367,45.8336],[-122.2626,45.8684],[-122.2576,45.8963],[-122.2218,45.9172],[-122.2051,45.9345],[-122.2074,45.9485],[-122.2339,45.9647],[-122.2846,45.9834],[-122.365,45.9868],[-122.475,45.9751],[-122.54,45.9714],[-122.56,45.9757],[-122.5774,45.9827],[-122.5921,45.9923],[-122.5944,46.0075],[-122.5843,46.0284],[-122.6089,46.0665],[-122.6681,46.122],[-122.7158,46.152],[-122.7519,46.1564],[-122.845,46.155],[-122.995,46.1477],[-123.1145,46.1316],[-123.2034,46.1067],[-123.2365,46.0769],[-123.2137,46.0422],[-123.2295,46.0075],[-123.2837,45.9728],[-123.2992,45.9276],[-123.2759,45.8719],[-123.2772,45.8336],[-123.3029,45.8127],[-123.3202,45.7743],[-123.329,45.7185],[-123.3478,45.6731],[-123.3766,45.6381],[-123.3681,45.5822],[-123.3225,45.5051],[-123.3149,45.4385],[-123.3456,45.3823],[-123.3555,45.3367],[-123.3448,45.3015],[-123.3515,45.2734],[-123.3757,45.2522],[-123.3648,45.2311],[-123.319,45.21],[-123.2977,45.1959],[-123.301,45.1888],[-123.4094,45.1788],[-123.6231,45.1656],[-123.745,45.1668],[-123.775,45.1824],[-123.7962,45.1995],[-123.8085,45.2182],[-123.8085,45.2346],[-123.7962,45.2487],[-123.7718,45.2628],[-123.7353,45.2769],[-123.7131,45.3191],[-123.7052,45.3894],[-123.6442,45.4631],[-123.5302,45.5402],[-123.4774,45.5834],[-123.4858,45.5927],[-123.52,45.6005],[-123.58,45.6067],[-123.6304,45.623],[-123.6713,45.6494],[-123.7547,45.6801],[-123.8806,45.715],[-123.9492,45.7429],[-123.9603,45.7639],[-123.9644,45.8022],[-123.9616,45.858],[-123.9705,45.9032],[-123.9912,45.938],[-124.0011,45.9589]],[[-122.9596,46.7973],[-122.8865,46.825],[-122.8364,46.8181],[-122.8092,46.7767],[-122.8047,46.7492],[-122.8228,46.7355],[-122.8614,46.7212],[-122.9205,46.7063],[-122.9582,46.7029],[-122.9745,46.7109],[-122.986,46.7321],[-122.9927,46.7663],[-122.9596,46.7973]],[[-122.013,46.8039],[-121.9977,46.8173],[-121.96,46.8247],[-121.9,46.826],[-121.845,46.8355],[-121.795,46.853],[-121.7489,46.8559],[-121.7066,46.8441],[-121.6787,46.828],[-121.6653,46.8074],[-121.6664,46.7826],[-121.6821,46.7536],[-121.695,46.7383],[-121.705,46.7368],[-121.73,46.7422],[-121.77,46.7546],[-121.82,46.755],[-121.88,46.7434],[-121.9377,46.7525],[-121.993,46.7823],[-122.013,46.8039]],[[-121.4736,46.5157],[-121.4625,46.5295],[-121.4452,46.5349],[-121.4217,46.532],[-121.3983,46.5217],[-121.3748,46.5039],[-121.3621,46.4847],[-121.3601,46.4641],[-121.3668,46.4501],[-121.3823,46.4427],[-121.4,46.4418],[-121.42,46.4473],[-121.4423,46.4647],[-121.4669,46.4941],[-121.4736,46.5157]],[[-122.2456,45.1167],[-122.2352,45.1206],[-122.2216,45.1171],[-122.2049,45.1061],[-122.1999,45.0916],[-122.2066,45.0734],[-122.2202,45.0769],[-122.2406,45.1022],[-122.2456,45.1167]],[[-122.0134,45.2588],[-121.9978,45.2648],[-121.9844,45.2613],[-121.9733,45.2482],[-121.9783,45.24],[-121.9994,45.2365],[-122.0128,45.24],[-122.0184,45.2505],[-122.0134,45.2588]],[[-123.7309,45.0618],[-123.717,45.0689],[-123.7041,45.0689],[-123.6924,45.0618],[-123.6924,45.0549],[-123.7041,45.0482],[-123.717,45.0482],[-123.7309,45.0549],[-123.7309,45.0618]],[[-122.3354,44.8814],[-122.3073,44.8956],[-122.2891,44.9168],[-122.2807,44.9452],[-122.2631,44.977],[-122.2363,45.0124],[-122.2146,45.0333],[-122.1982,45.0399],[-122.1744,45.0364],[-122.1433,45.0227],[-122.1438,45.0018],[-122.1757,44.9735],[-122.1912,44.9457],[-122.1904,44.9186],[-122.165,44.9076],[-122.115,44.9127],[-122.0792,44.905],[-122.0575,44.8846],[-122.0625,44.8579],[-122.0942,44.8249],[-122.135,44.802],[-122.185,44.7892],[-122.2185,44.7844],[-122.2356,44.7876],[-122.2386,44.8034],[-122.2276,44.8318],[-122.2539,44.8531],[-122.3175,44.8672],[-122.3354,44.8814]]]}},{"type":"Feature","properties":{"c":"#00cc00","v0":0.25,"v1":0.5},"geometry":{"type":"Polygon","coordinates":[[[-124.4919,47.3549],[-124.4773,47.3535],[-124.4669,47.3433],[-124.4607,47.3244],[-124.468,47.3251],[-124.4888,47.3455],[-124.4919,47.3549]]]}},{"type":"Feature","properties":{"c":"#00cc00","v0":0.25,"v1":0.5},"geometry":{"type":"Polygon","coordinates":[[[-117.971,47.2369],[-117.9479,47.2709],[-117.9358,47.298],[-117.9349,47.3184],[-117.9283,47.3311],[-117.9161,47.3361],[-117.905,47.3327],[-117.895,47.3209],[-117.8979,47.3082],[-117.9138,47.2946],[-117.9238,47.2772],[-117.9279,47.256],[-117.94,47.2337],[-117.96,47.2102],[-117.9732,47.2039],[-117.9795,47.2146],[-117.971,47.2369]]]}},{"type":"Feature","properties":{"c":"#00cc00","v0":0.25,"v1":0.5},"geometry":{"type":"Polygon","coordinates":[[[-123.1718,46.4434],[-123.1568,46.4779],[-123.1395,46.5001],[-123.1198,46.5102],[-123.1,46.5166],[-123.08,46.5193],[-123.045,46.5133],[-122.995,46.4984],[-122.925,46.4951],[-122.835,46.5033],[-122.755,46.5213],[-122.685,46.5493],[-122.64,46.5607],[-122.62,46.5554],[-122.6045,46.5453],[-122.5936,46.5302],[-122.5986,46.5054],[-122.6193,46.471],[-122.6148,46.447],[-122.5849,46.4334],[-122.545,46.4262],[-122.495,46.4255],[-122.4595,46.4185],[-122.4386,46.4052],[-122.4386,46.3857],[-122.4595,46.3598],[-122.4835,46.3426],[-122.5105,46.3339],[-122.51,46.3123],[-122.4821,46.2778],[-122.4986,46.2531],[-122.5595,46.2384],[-122.63,46.2343],[-122.71,46.2409],[-122.77,46.2679],[-122.81,46.3154],[-122.89,46.3454],[-123.01,46.3581],[-123.0973,46.3799],[-123.1519,46.4108],[-123.1718,46.4434]]]}},{"type":"Feature","properties":{"c":"#00cc00","v0":0.25,"v1":0.5},"geometry":{"type":"Polygon","coordinates":[[[-118.4339,46.318],[-118.378,46.3776],[-118.335,46.4086],[-118.305,46.411],[-118.2778,46.4053],[-118.2535,46.3916],[-118.2425,46.3744],[-118.2449,46.3537],[-118.2721,46.322],[-118.324,46.2791],[-118.37,46.2562],[-118.41,46.2534],[-118.438,46.261],[-118.4539,46.2791],[-118.4339,46.318]]]}},{"type":"Feature","properties":{"c":"#00cc00","v0":0.25,"v1":0.5},"geometry":{"type":"Polygon","coordinates":[[[-123.5872,46.1428],[-123.577,46.1567],[-123.5614,46.1667],[-123.5405,46.1729],[-123.512,46.1729],[-123.4761,46.1667],[-123.4493,46.1567],[-123.4316,46.1428],[-123.4396,46.1272],[-123.4732,46.1098],[-123.5156,46.1098],[-123.5667,46.1272],[-123.5872,46.1428]]]}},{"type":"Feature","properties":{"c":"#00cc00","v0":0.25,"v1":0.5},"geometry":{"type":"Polygon","coordinates":[[[-118.2698,45.7233],[-118.2566,45.7329],[-118.2436,45.7364],[-118.2309,45.7338],[-118.2159,45.7146],[-118.1986,45.6789],[-118.1636,45.6824],[-118.1108,45.7251],[-118.0858,45.758],[-118.0886,45.7811],[-118.08,45.7964],[-118.06,45.804],[-118.04,45.8056],[-118.02,45.801],[-118.0149,45.7682],[-118.0247,45.7071],[-118.0418,45.6626],[-118.0663,45.6347],[-118.0797,45.6032],[-118.0818,45.5682],[-118.0896,45.5421],[-118.1032,45.5248],[-118.125,45.5177],[-118.155,45.5207],[-118.1907,45.5363],[-118.2322,45.5646],[-118.2508,45.5997],[-118.2466,45.6416],[-118.2525,45.6766],[-118.2685,45.7045],[-118.2698,45.7233]]]}},{"type":"Feature","properties":{"c":"#00cc00","v0":0.25,"v1":0.5},"geometry":{"type":"Polygon","coordinates":[[[-123.0202,45.6564],[-122.9867,45.6719],[-122.97,45.7009],[-122.97,45.7433],[-122.965,45.7694],[-122.955,45.7793],[-122.945,45.7827],[-122.935,45.7799],[-122.919,45.7705],[-122.8969,45.7544],[-122.8816,45.7325],[-122.873,45.7045],[-122.8765,45.6731],[-122.8923,45.6381],[-122.9076,45.6203],[-122.9225,45.6194],[-122.94,45.6259],[-122.96,45.6395],[-122.98,45.6433],[-123.0,45.637],[-123.0167,45.6376],[-123.0302,45.6449],[-123.0202,45.6564]]]}},{"type":"Feature","properties":{"c":"#00cc00","v0":0.25,"v1":0.5},"geometry":{"type":"Polygon","coordinates":[[[-118.3666,45.1923],[-118.3555,45.2063],[-118.34,45.2141],[-118.32,45.2156],[-118.3035,45.2015],[-118.2905,45.1719],[-118.3005,45.1559],[-118.3335,45.1535],[-118.3555,45.1605],[-118.3666,45.1771],[-118.3666,45.1923]]]}},{"type":"Feature","properties":{"c":"#00cc00","v0":0.25,"v1":0.5},"geometry":{"type":"Polygon","coordinates":[[[-122.3277,44.5966],[-122.3026,44.6094],[-122.2765,44.6129],[-122.2494,44.6072],[-122.2444,44.5971],[-122.2615,44.5826],[-122.2876,44.579],[-122.3227,44.5864],[-122.3277,44.5966]]]}},{"type":"Feature","properties":{"c":"#00cc00","v0":0.25,"v1":0.5},"geometry":{"type":"Polygon","coordinates":[[[-95.2376,42.5548],[-95.2059,42.5702],[-95.1748,42.5738],[-95.1443,42.5658],[-95.1443,42.5535],[-95.1748,42.5368],[-95.2059,42.5331],[-95.2376,42.5424],[-95.2376,42.5548]]]}},{"type":"Feature","properties":{"c":"#00cc00","v0":0.25,"v1":0.5},"geometry":{"type":"Polygon","coordinates":[[[-96.0949,42.2738],[-96.0859,42.2886],[-96.0286,42.3261],[-95.9229,42.3863],[-95.835,42.426],[-95.765,42.4454],[-95.6893,42.4744],[-95.6078,42.513],[-95.5178,42.542],[-95.4193,42.5613],[-95.3462,42.565],[-95.2986,42.553],[-95.3036,42.5315],[-95.3612,42.5004],[-95.425,42.4731],[-95.495,42.4495],[-95.55,42.4235],[-95.59,42.3951],[-95.7323,42.3523],[-95.977,42.2951],[-96.0949,42.2738]]]}},{"type":"Feature","properties":{"c":"#00cc00","v0":0.25,"v1":0.5},"geometry":{"type":"Polygon","coordinates":[[[-96.2419,42.2007],[-96.2206,42.2172],[-96.1934,42.2246],[-96.1601,42.2229],[-96.1551,42.2147],[-96.1784,42.2001],[-96.2056,42.1926],[-96.2369,42.1925],[-96.2419,42.2007]]]}},{"type":"Feature","properties":{"c":"#00cc00","v0":0.25,"v1":0.5},"geometry":{"type":"Polygon","coordinates":[[[-95.4391,42.1425],[-95.313,42.1909],[-95.2127,42.2057],[-95.138,42.187],[-95.0874,42.1665],[-95.0608,42.1442],[-95.0531,42.1263],[-95.0644,42.1126],[-95.08,42.1039],[-95.1,42.1002],[-95.145,42.1015],[-95.215,42.1078],[-95.3,42.1067],[-95.4,42.0982],[-95.463,42.1001],[-95.4891,42.1122],[-95.4391,42.1425]]]}},{"type":"Feature","properties":{"c":"#00cc00","v0":0.25,"v1":0.5},"geometry":{"type":"Polygon","coordinates":[[[-75.4538,36.5019],[-75.436,36.7507],[-75.4309,36.9068],[-75.4384,36.9708],[-75.4341,37.0355],[-75.418,37.1011],[-75.405,37.1402],[-75.395,37.1527],[-75.385,37.1571],[-75.375,37.1533],[-75.35,37.1189],[-75.31,37.0538],[-75.275,37.0146],[-75.245,37.0012],[-75.222,37.0006],[-75.206,37.0127],[-75.1787,37.0546],[-75.1401,37.1264],[-75.1008,37.242],[-75.0609,37.401],[-75.0453,37.5122],[-75.0541,37.5756],[-75.0549,37.6311],[-75.0478,37.6786],[-75.0157,37.7578],[-74.9586,37.8685],[-74.905,37.9388],[-74.855,37.9686],[-74.8,37.9802],[-74.74,37.9735],[-74.69,37.9935],[-74.65,38.0405],[-74.61,38.0562],[-74.57,38.0409],[-74.54,38.0346],[-74.52,38.0372],[-74.4984,38.0886],[-74.4751,38.1885],[-74.4298,38.262],[-74.3624,38.3091],[-74.299,38.3674],[-74.2397,38.437],[-74.19,38.4801],[-74.15,38.4969],[-74.1,38.543],[-74.04,38.6184],[-73.985,38.6677],[-73.935,38.691],[-73.8919,38.7197],[-73.8556,38.7536],[-73.8183,38.8057],[-73.7799,38.8758],[-73.766,38.9303],[-73.7766,38.9691],[-73.763,39.0041],[-73.7254,39.0352],[-73.7067,39.0663],[-73.707,39.0973],[-73.6945,39.1322],[-73.6693,39.171],[-73.6226,39.2253],[-73.5543,39.295],[-73.5226,39.336],[-73.5275,39.3484],[-73.5418,39.36],[-73.5654,39.3708],[-73.5778,39.3916],[-73.5791,39.4225],[-73.5612,39.4766],[-73.5243,39.5538],[-73.4669,39.6131],[-73.389,39.6546],[-73.335,39.6721],[-73.305,39.6654],[-73.265,39.6459],[-73.215,39.6137],[-73.1775,39.6001],[-73.1525,39.6052],[-73.1342,39.6154],[-73.1225,39.6308],[-73.1189,39.6501],[-73.1233,39.6732],[-73.1401,39.7001],[-73.1693,39.7309],[-73.1727,39.7616],[-73.1503,39.7924],[-73.1355,39.827],[-73.1282,39.8653],[-73.1023,39.9076],[-73.0578,39.9536],[-73.0091,39.9937],[-72.9564,40.0279],[-72.905,40.0398],[-72.855,40.0296],[-72.805,40.0507],[-72.755,40.1032],[-72.6766,40.1448],[-72.5697,40.1755],[-72.5155,40.2137],[-72.5141,40.2595],[-72.541,40.3396],[-72.5963,40.4539],[-72.5955,40.5388],[-72.5385,40.5945],[-72.5,40.6276],[-72.48,40.6381],[-72.42,40.6511],[-72.32,40.6668],[-72.24,40.6959],[-72.18,40.7387],[-72.1168,40.7963],[-72.0504,40.8689],[-71.9604,40.9304],[-71.8468,40.981],[-71.75,41.0321],[-71.67,41.0837],[-71.6,41.1162],[-71.54,41.1295],[-71.47,41.154],[-71.39,41.1899],[-71.315,41.2097],[-71.245,41.2136],[-71.1426,41.2322],[-71.0077,41.2654],[-70.9227,41.3057],[-70.8876,41.353],[-70.8462,41.3868],[-70.7985,41.407],[-70.7808,41.4359],[-70.7929,41.4733],[-70.7918,41.5003],[-70.7773,41.5169],[-70.725,41.5368],[-70.635,41.56],[-70.545,41.6018],[-70.455,41.6621],[-70.365,41.7118],[-70.275,41.7507],[-70.205,41.7727],[-70.155,41.7778],[-70.105,41.7897],[-70.055,41.8084],[-69.995,41.8423],[-69.925,41.8914],[-69.84,41.9307],[-69.74,41.9603],[-69.655,41.9967],[-69.585,42.04],[-69.52,42.065],[-69.46,42.0717],[-69.4015,42.097],[-69.3445,42.1408],[-69.2995,42.1537],[-69.2665,42.1355],[-69.215,42.1288],[-69.145,42.1336],[-69.0848,42.113],[-69.0345,42.067],[-68.9845,42.0371],[-68.9348,42.0233],[-68.9,41.9891],[-68.88,41.9344],[-68.8539,41.8893],[-68.8216,41.8536],[-68.7916,41.8363],[-68.7639,41.8374],[-68.74,41.8461],[-68.72,41.8624],[-68.7024,41.8804],[-68.6873,41.9003],[-68.6829,41.9214],[-68.6894,41.9437],[-68.687,41.9623],[-68.6758,41.9772],[-68.6201,41.9924],[-68.52,42.0081],[-68.46,42.0147],[-68.44,42.0122],[-68.415,41.9979],[-68.385,41.9717],[-68.305,41.9651],[-68.175,41.9782],[-68.085,41.966],[-68.035,41.9287],[-67.963,41.9026],[-67.869,41.8878],[-67.8234,41.8581],[-67.826,41.8134],[-67.8398,41.7761],[-67.8649,41.7463],[-67.877,41.7164],[-67.8762,41.6865],[-67.9132,41.5894],[-67.9879,41.4246],[-68.0243,41.327],[-68.0224,41.297],[-68.0529,41.2293],[-68.1157,41.124],[-68.1578,41.0279],[-68.1793,40.9411],[-68.2011,40.8769],[-68.2233,40.8352],[-68.2467,40.8068],[-68.2714,40.7916],[-68.3243,40.7803],[-68.4054,40.7727],[-68.472,40.7583],[-68.524,40.737],[-68.5578,40.7104],[-68.5733,40.6787],[-68.5836,40.6287],[-68.5885,40.5603],[-68.6058,40.5123],[-68.6353,40.4846],[-68.66,40.4687],[-68.68,40.4647],[-68.7084,40.4786],[-68.7452,40.5103],[-68.7773,40.5755],[-68.8046,40.6742],[-68.7962,40.7349],[-68.7521,40.7577],[-68.735,40.7924],[-68.745,40.8389],[-68.765,40.8816],[-68.795,40.9203],[-68.835,40.9438],[-68.885,40.9521],[-68.9312,40.9397],[-68.9735,40.9066],[-68.9967,40.8824],[-69.0009,40.8673],[-68.9946,40.8446],[-68.9778,40.8144],[-68.9754,40.7879],[-68.9874,40.7651],[-69.0025,40.7517],[-69.0208,40.7476],[-69.06,40.7593],[-69.12,40.787],[-69.16,40.793],[-69.18,40.7773],[-69.215,40.6821],[-69.265,40.5069],[-69.355,40.3824],[-69.485,40.3087],[-69.565,40.2553],[-69.595,40.2224],[-69.62,40.203],[-69.64,40.1969],[-69.68,40.1975],[-69.74,40.2047],[-69.795,40.1703],[-69.845,40.0942],[-69.905,40.0375],[-69.975,40.0002],[-70.0283,39.988],[-70.065,40.0008],[-70.09,40.0292],[-70.1033,40.0733],[-70.135,40.0803],[-70.185,40.0503],[-70.23,40.0407],[-70.27,40.0517],[-70.295,40.0538],[-70.305,40.0473],[-70.3476,39.9965],[-70.4229,39.9014],[-70.4612,39.8193],[-70.4623,39.7501],[-70.4797,39.6753],[-70.5132,39.5949],[-70.57,39.5225],[-70.65,39.4582],[-70.7161,39.4175],[-70.7684,39.4002],[-70.7896,39.353],[-70.7798,39.2756],[-70.7954,39.2175],[-70.8365,39.1788],[-70.8667,39.1322],[-70.8861,39.0779],[-70.8857,39.0274],[-70.8655,38.9808],[-70.899,38.953],[-70.9863,38.9441],[-71.043,38.9168],[-71.0691,38.8713],[-71.0891,38.8454],[-71.103,38.8393],[-71.145,38.846],[-71.215,38.8655],[-71.265,38.8746],[-71.295,38.8734],[-71.3136,38.8667],[-71.3208,38.8546],[-71.3094,38.8057],[-71.2793,38.7199],[-71.2685,38.6653],[-71.2769,38.6418],[-71.2983,38.6108],[-71.3328,38.5721],[-71.38,38.557],[-71.44,38.5654],[-71.4952,38.5613],[-71.5457,38.5446],[-71.5717,38.5246],[-71.5731,38.5011],[-71.5604,38.4619],[-71.5338,38.4071],[-71.5379,38.3306],[-71.5726,38.2324],[-71.655,38.1566],[-71.785,38.1032],[-71.8724,38.054],[-71.9172,38.0091],[-71.9944,37.9787],[-72.1039,37.963],[-72.1884,37.9393],[-72.2479,37.9078],[-72.3237,37.8367],[-72.4156,37.726],[-72.4646,37.6509],[-72.4706,37.6113],[-72.495,37.5677],[-72.538,37.5201],[-72.5575,37.4844],[-72.5534,37.4606],[-72.5597,37.4368],[-72.5763,37.4129],[-72.606,37.3947],[-72.6487,37.3819],[-72.71,37.3852],[-72.79,37.4043],[-72.845,37.4114],[-72.875,37.4065],[-72.9024,37.3834],[-72.9273,37.3421],[-72.9635,37.3016],[-73.0109,37.2619],[-73.0382,37.23],[-73.0452,37.2061],[-73.0372,37.1703],[-73.0142,37.1224],[-73.0141,37.0786],[-73.0371,37.0387],[-73.04,36.9868],[-73.0227,36.9228],[-73.0215,36.8668],[-73.0362,36.8188],[-73.0376,36.7708],[-73.0259,36.7227],[-73.0578,36.6585],[-73.1332,36.5783],[-73.2007,36.5243],[-73.2602,36.4968],[-73.33,36.4793],[-73.41,36.4719],[-73.4781,36.4897],[-73.5342,36.5327],[-73.5982,36.5662],[-73.6702,36.5903],[-73.7221,36.6257],[-73.754,36.6723],[-73.79,36.7012],[-73.83,36.7125],[-73.87,36.7363],[-73.91,36.7725],[-73.95,36.7957],[-73.99,36.8059],[-74.02,36.8074],[-74.04,36.8002],[-74.085,36.7653],[-74.155,36.7027],[-74.1987,36.6461],[-74.216,36.5955],[-74.216,36.5381],[-74.1985,36.4738],[-74.1788,36.4255],[-74.1568,36.3933],[-74.0969,36.3643],[-73.999,36.3383],[-73.9345,36.3182],[-73.9034,36.3038],[-73.8886,36.2926],[-73.89,36.2846],[-73.9355,36.2679],[-74.0252,36.2427],[-74.095,36.2163],[-74.145,36.1887],[-74.241,36.169],[-74.3829,36.1573],[-74.4679,36.1289],[-74.496,36.0838],[-74.5297,36.0474],[-74.5691,36.0198],[-74.5991,35.9812],[-74.6197,35.9318],[-74.645,35.9066],[-74.675,35.9056],[-74.72,35.9185],[-74.78,35.9453],[-74.835,35.9497],[-74.885,35.9317],[-74.9252,35.895],[-74.9557,35.8394],[-74.9738,35.7669],[-74.9794,35.6776],[-74.9777,35.6126],[-74.9686,35.5719],[-74.9756,35.5425],[-74.9985,35.5244],[-75.0234,35.5203],[-75.0502,35.5303],[-75.0883,35.5597],[-75.1378,35.6085],[-75.1864,35.6654],[-75.2341,35.7304],[-75.2815,35.8156],[-75.3284,35.921],[-75.3796,36.0747],[-75.435,36.2765],[-75.4538,36.5019]],[[-75.2279,36.5019],[-75.1943,36.526],[-75.1734,36.5622],[-75.1653,36.6104],[-75.1484,36.6413],[-75.1228,36.6551],[-75.0923,36.6631],[-75.0569,36.6654],[-75.0534,36.6946],[-75.0819,36.7507],[-75.0796,36.8027],[-75.0465,36.8505],[-75.0304,36.9145],[-75.0313,36.9946],[-75.0156,37.0706],[-74.9834,37.1424],[-74.9386,37.2101],[-74.8812,37.2738],[-74.8621,37.3414],[-74.8813,37.4129],[-74.8857,37.4903],[-74.8752,37.5735],[-74.84,37.6243],[-74.78,37.6428],[-74.72,37.6373],[-74.66,37.608],[-74.605,37.5996],[-74.555,37.6123],[-74.505,37.6137],[-74.455,37.6038],[-74.385,37.633],[-74.295,37.7012],[-74.1761,37.897],[-74.0282,38.2191],[-73.889,38.4737],[-73.7584,38.6613],[-73.671,38.8135],[-73.6266,38.9303],[-73.5858,39.0017],[-73.5486,39.0278],[-73.49,39.0423],[-73.41,39.0451],[-73.3554,39.0553],[-73.3263,39.073],[-73.2931,39.1555],[-73.2561,39.3027],[-73.2278,39.3878],[-73.2082,39.411],[-73.0978,39.4766],[-72.8966,39.5846],[-72.7645,39.6661],[-72.7015,39.7211],[-72.59,39.7801],[-72.43,39.8431],[-72.305,39.9066],[-72.215,39.9707],[-72.095,40.0317],[-71.945,40.0897],[-71.81,40.1053],[-71.69,40.0786],[-71.595,40.0677],[-71.525,40.0726],[-71.465,40.0837],[-71.415,40.101],[-71.381,40.1223],[-71.3631,40.1476],[-71.3574,40.1755],[-71.3639,40.2061],[-71.4029,40.23],[-71.4743,40.2472],[-71.5216,40.2739],[-71.5448,40.3101],[-71.5964,40.3396],[-71.6765,40.3625],[-71.7099,40.3952],[-71.6966,40.4377],[-71.674,40.4757],[-71.6421,40.5093],[-71.6314,40.5375],[-71.6419,40.5603],[-71.6424,40.5793],[-71.6329,40.5945],[-71.5966,40.6135],[-71.5337,40.6363],[-71.4841,40.661],[-71.448,40.6877],[-71.4025,40.7066],[-71.3475,40.7179],[-71.3167,40.731],[-71.31,40.7462],[-71.3142,40.7651],[-71.3293,40.7879],[-71.3301,40.8051],[-71.3167,40.8167],[-71.26,40.8235],[-71.16,40.8255],[-71.109,40.8423],[-71.107,40.8741],[-71.092,40.916],[-71.064,40.968],[-71.0313,40.9906],[-70.9939,40.984],[-70.9539,40.9699],[-70.9113,40.9485],[-70.8753,40.9409],[-70.846,40.9473],[-70.8279,40.9618],[-70.8211,40.9844],[-70.824,41.0109],[-70.8367,41.041],[-70.8033,41.0787],[-70.7239,41.124],[-70.6812,41.1767],[-70.6751,41.2369],[-70.6416,41.2991],[-70.5805,41.3635],[-70.475,41.4043],[-70.325,41.4216],[-70.22,41.4399],[-70.16,41.4593],[-70.09,41.5016],[-70.01,41.567],[-69.92,41.5951],[-69.82,41.586],[-69.76,41.5859],[-69.74,41.5949],[-69.72,41.6128],[-69.7,41.6397],[-69.68,41.6563],[-69.66,41.6624],[-69.6159,41.6558],[-69.5478,41.6364],[-69.4978,41.6275],[-69.4659,41.6289],[-69.4239,41.6663],[-69.3718,41.7395],[-69.3568,41.7866],[-69.3789,41.8075],[-69.41,41.8121],[-69.45,41.8002],[-69.4743,41.801],[-69.4829,41.8142],[-69.4839,41.832],[-69.4773,41.8544],[-69.463,41.8754],[-69.441,41.8952],[-69.4062,41.9138],[-69.3586,41.9313],[-69.3186,41.9619],[-69.2862,42.0057],[-69.26,42.0274],[-69.24,42.0269],[-69.215,42.0065],[-69.185,41.9662],[-69.115,41.9521],[-69.005,41.9643],[-68.9445,41.959],[-68.9334,41.9364],[-68.9285,41.899],[-68.9298,41.8469],[-68.9204,41.8067],[-68.9001,41.7783],[-68.84,41.7264],[-68.74,41.6509],[-68.666,41.6054],[-68.6181,41.5897],[-68.5831,41.5651],[-68.561,41.5314],[-68.53,41.5276],[-68.49,41.5536],[-68.4543,41.5629],[-68.423,41.5556],[-68.4093,41.537],[-68.4132,41.507],[-68.453,41.4808],[-68.5285,41.4583],[-68.5822,41.4233],[-68.6141,41.3757],[-68.675,41.3255],[-68.765,41.2727],[-68.8232,41.2289],[-68.8497,41.1941],[-68.8947,41.1549],[-68.9582,41.1113],[-69.015,41.06],[-69.065,41.0009],[-69.12,40.9654],[-69.18,40.9534],[-69.26,40.9122],[-69.36,40.8417],[-69.43,40.8143],[-69.47,40.83],[-69.5051,40.8357],[-69.5353,40.8316],[-69.5553,40.8208],[-69.5651,40.8033],[-69.5498,40.7654],[-69.5095,40.7071],[-69.4933,40.6628],[-69.5012,40.6325],[-69.5116,40.6135],[-69.5244,40.6059],[-69.5806,40.5876],[-69.6802,40.5586],[-69.7522,40.5244],[-69.7965,40.485],[-69.8515,40.4644],[-69.9172,40.4625],[-69.98,40.4535],[-70.04,40.4372],[-70.09,40.413],[-70.13,40.3808],[-70.2069,40.3404],[-70.3206,40.2916],[-70.4206,40.2333],[-70.5069,40.1654],[-70.61,40.1021],[-70.73,40.0435],[-70.81,40.0156],[-70.85,40.0185],[-70.9028,40.0513],[-70.9684,40.1137],[-71.0206,40.145],[-71.0595,40.145],[-71.0802,40.1373],[-71.0828,40.122],[-71.0676,40.0838],[-71.0346,40.0225],[-71.0213,39.9651],[-71.0279,39.9114],[-71.0609,39.8743],[-71.1203,39.8538],[-71.18,39.8517],[-71.24,39.8682],[-71.2907,39.8631],[-71.332,39.8365],[-71.3456,39.7809],[-71.3315,39.6963],[-71.317,39.6347],[-71.3019,39.5962],[-71.278,39.5615],[-71.2451,39.5306],[-71.229,39.5081],[-71.2297,39.4939],[-71.241,39.4437],[-71.263,39.3575],[-71.3175,39.2834],[-71.4044,39.2214],[-71.4581,39.171],[-71.4785,39.1322],[-71.517,39.0896],[-71.5736,39.043],[-71.6015,39.008],[-71.6009,38.9847],[-71.5887,38.9536],[-71.5648,38.9147],[-71.5553,38.8797],[-71.5602,38.8485],[-71.5942,38.8213],[-71.6574,38.7979],[-71.7197,38.7589],[-71.7811,38.7043],[-71.8147,38.6653],[-71.8207,38.6418],[-71.8145,38.6067],[-71.7961,38.5598],[-71.7927,38.5293],[-71.8042,38.5152],[-71.83,38.5016],[-71.87,38.4884],[-71.945,38.445],[-72.055,38.3714],[-72.175,38.3074],[-72.305,38.2531],[-72.3739,38.2133],[-72.3817,38.1881],[-72.3763,38.1598],[-72.3577,38.1284],[-72.3642,38.0969],[-72.3958,38.0654],[-72.4164,38.0339],[-72.426,38.0024],[-72.4503,37.963],[-72.4894,37.9156],[-72.5292,37.8846],[-72.5697,37.87],[-72.61,37.8625],[-72.65,37.862],[-72.765,37.9059],[-72.955,37.9941],[-73.065,38.0407],[-73.095,38.0458],[-73.12,38.0409],[-73.14,38.0259],[-73.1615,38.0026],[-73.1845,37.9709],[-73.1949,37.9354],[-73.1926,37.8959],[-73.1969,37.8643],[-73.2076,37.8406],[-73.2008,37.813],[-73.1764,37.7814],[-73.1456,37.761],[-73.1085,37.7517],[-73.08,37.7631],[-73.06,37.7951],[-73.025,37.8149],[-72.975,37.8227],[-72.9,37.8105],[-72.8,37.7781],[-72.735,37.7512],[-72.705,37.7298],[-72.6809,37.703],[-72.6627,37.6709],[-72.6627,37.647],[-72.6809,37.6312],[-72.7307,37.6193],[-72.8122,37.6113],[-72.8822,37.5886],[-72.9407,37.5513],[-72.9949,37.5275],[-73.0447,37.5173],[-73.0622,37.4923],[-73.0474,37.4526],[-73.0425,37.4256],[-73.0475,37.4112],[-73.0777,37.3993],[-73.1331,37.3899],[-73.2057,37.3374],[-73.2955,37.242],[-73.3382,37.1782],[-73.3338,37.1464],[-73.3023,37.1185],[-73.2436,37.0945],[-73.2144,37.0666],[-73.2145,37.0347],[-73.1986,36.9947],[-73.1666,36.9468],[-73.1666,36.8588],[-73.1987,36.7307],[-73.2436,36.6509],[-73.3012,36.6195],[-73.3888,36.6154],[-73.5064,36.6388],[-73.5689,36.6786],[-73.5763,36.7347],[-73.5955,36.7788],[-73.6264,36.8108],[-73.6501,36.8548],[-73.6665,36.9108],[-73.7036,36.9502],[-73.7612,36.9731],[-73.81,36.9818],[-73.85,36.9763],[-73.885,36.9769],[-73.915,36.9834],[-73.9423,36.9947],[-73.9669,37.0107],[-73.9969,37.0429],[-74.0323,37.0912],[-74.085,37.1146],[-74.155,37.1133],[-74.255,37.1028],[-74.385,37.0831],[-74.5057,37.0396],[-74.617,36.9724],[-74.672,36.926],[-74.6707,36.9004],[-74.66,36.8743],[-74.64,36.8477],[-74.62,36.8311],[-74.6,36.8247],[-74.57,36.829],[-74.53,36.8441],[-74.4995,36.8415],[-74.4784,36.821],[-74.4734,36.7946],[-74.4845,36.7622],[-74.528,36.7261],[-74.604,36.6864],[-74.6361,36.6465],[-74.6243,36.6064],[-74.5869,36.5662],[-74.5237,36.526],[-74.4877,36.4979],[-74.4788,36.4818],[-74.4782,36.4617],[-74.4858,36.4376],[-74.5097,36.4147],[-74.5499,36.393],[-74.5804,36.3648],[-74.6013,36.3301],[-74.6549,36.3047],[-74.7412,36.2886],[-74.7933,36.2604],[-74.8112,36.22],[-74.8626,36.1752],[-74.9475,36.1258],[-75.0279,36.1217],[-75.1038,36.1631],[-75.1431,36.2442],[-75.1456,36.3651],[-75.1714,36.4416],[-75.2202,36.4738],[-75.2279,36.5019]],[[-68.6415,41.8171],[-68.6306,41.8395],[-68.5964,41.8641],[-68.5388,41.8909],[-68.49,41.9049],[-68.45,41.9061],[-68.4132,41.9002],[-68.3797,41.887],[-68.3662,41.8693],[-68.3728,41.8469],[-68.3996,41.8246],[-68.4466,41.8022],[-68.4751,41.7718],[-68.485,41.7334],[-68.5216,41.7147],[-68.5848,41.7158],[-68.624,41.7388],[-68.6393,41.7836],[-68.6415,41.8171]],[[-68.1971,41.8919],[-68.179,41.9147],[-68.1505,41.9222],[-68.1114,41.9142],[-68.0888,41.899],[-68.0826,41.8767],[-68.0921,41.8485],[-68.1174,41.8146],[-68.14,41.7961],[-68.16,41.793],[-68.179,41.8138],[-68.1971,41.8582],[-68.1971,41.8919]],[[-75.3218,36.3817],[-75.3006,36.3906],[-75.285,36.3782],[-75.275,36.3444],[-75.28,36.3271],[-75.3,36.3262],[-75.3156,36.3386],[-75.3268,36.3643],[-75.3218,36.3817]],[[-73.0174,39.7386],[-72.9798,39.754],[-72.9656,39.777],[-72.9748,39.8078],[-72.9671,39.8343],[-72.9424,39.8566],[-72.91,39.8749],[-72.87,39.8891],[-72.8409,39.8933],[-72.8226,39.8874],[-72.8126,39.8692],[-72.8109,39.8384],[-72.8237,39.8],[-72.851,39.7539],[-72.901,39.7265],[-72.9737,39.7178],[-73.0166,39.7178],[-73.0297,39.7265],[-73.0174,39.7386]]]}},{"type":"Feature","properties":{"c":"#00cc00","v0":0.25,"v1":0.5},"geometry":{"type":"Polygon","coordinates":[[[-94.5991,41.4808],[-94.4813,41.5482],[-94.4498,41.5969],[-94.5048,41.6268],[-94.5184,41.6604],[-94.4909,41.6977],[-94.4849,41.7313],[-94.5004,41.7612],[-94.4836,41.7939],[-94.4345,41.8296],[-94.3789,41.8556],[-94.3166,41.8722],[-94.2787,41.8879],[-94.2652,41.9028],[-94.2763,41.9291],[-94.3121,41.9669],[-94.405,41.9889],[-94.555,41.9952],[-94.6348,42.006],[-94.6444,42.0215],[-94.6344,42.0385],[-94.6048,42.0572],[-94.555,42.0721],[-94.485,42.0833],[-94.41,42.087],[-94.33,42.0833],[-94.2722,42.0943],[-94.2365,42.1202],[-94.2065,42.1355],[-94.1822,42.1404],[-94.155,42.1389],[-94.125,42.131],[-94.095,42.1121],[-94.065,42.0822],[-94.025,42.0619],[-93.975,42.0513],[-93.915,42.0516],[-93.845,42.0629],[-93.62,42.0464],[-93.24,42.002],[-92.945,41.9547],[-92.735,41.9044],[-92.55,41.8697],[-92.39,41.8507],[-92.25,41.8247],[-92.13,41.7917],[-92.0315,41.753],[-91.9545,41.7087],[-91.9118,41.6753],[-91.9034,41.6529],[-91.7966,41.6081],[-91.5915,41.5407],[-91.4797,41.4996],[-91.4611,41.4846],[-91.4563,41.4621],[-91.4651,41.4321],[-91.4446,41.3982],[-91.3949,41.3604],[-91.246,41.3003],[-90.9979,41.2179],[-90.854,41.1541],[-90.8143,41.1089],[-90.7634,41.0712],[-90.7014,41.041],[-90.6612,41.0109],[-90.6429,40.9807],[-90.6402,40.958],[-90.6532,40.9429],[-90.6922,40.927],[-90.7574,40.9103],[-90.815,40.9066],[-90.865,40.9159],[-90.8971,40.913],[-90.9112,40.8977],[-90.7762,40.8716],[-90.4921,40.8349],[-90.2942,40.8008],[-90.1827,40.7695],[-90.0863,40.7348],[-90.005,40.6969],[-90.0158,40.672],[-90.1186,40.6599],[-90.225,40.657],[-90.335,40.6632],[-90.54,40.6921],[-90.84,40.7436],[-91.1602,40.7882],[-91.5006,40.8258],[-91.6723,40.8484],[-91.6755,40.856],[-91.6703,40.8611],[-91.6568,40.8638],[-91.5976,40.8676],[-91.4927,40.8725],[-91.428,40.8787],[-91.4033,40.8862],[-91.3885,40.8976],[-91.3836,40.9127],[-91.4423,40.9354],[-91.5645,40.9656],[-91.6309,40.9844],[-91.6413,40.992],[-91.6415,41.0071],[-91.6315,41.0297],[-91.6416,41.0524],[-91.6717,41.075],[-91.7376,41.1072],[-91.8392,41.149],[-91.9156,41.1716],[-91.9669,41.175],[-91.9669,41.1795],[-91.9156,41.1852],[-91.8831,41.1965],[-91.8692,41.2134],[-91.8684,41.2293],[-91.8808,41.2444],[-92.0478,41.2846],[-92.3693,41.3499],[-92.585,41.4007],[-92.695,41.4369],[-92.798,41.453],[-92.8939,41.4491],[-92.9247,41.4321],[-92.8903,41.4021],[-92.8923,41.3729],[-92.9308,41.3444],[-92.9777,41.3294],[-93.033,41.3278],[-93.073,41.3182],[-93.0977,41.3005],[-93.1163,41.3005],[-93.129,41.3182],[-93.149,41.3318],[-93.1763,41.3412],[-93.22,41.345],[-93.28,41.343],[-93.321,41.3383],[-93.343,41.3308],[-93.3495,41.3158],[-93.3404,41.2932],[-93.3394,41.2776],[-93.3465,41.2687],[-93.385,41.2556],[-93.455,41.2383],[-93.54,41.2293],[-93.64,41.2288],[-93.6985,41.2231],[-93.7154,41.2122],[-93.7054,41.1965],[-93.6685,41.176],[-93.6543,41.161],[-93.6629,41.1514],[-93.6979,41.1448],[-93.7593,41.1411],[-93.805,41.1338],[-93.835,41.1228],[-93.8559,41.1209],[-93.8676,41.1279],[-93.865,41.1466],[-93.8481,41.1767],[-93.846,41.1993],[-93.8586,41.2143],[-93.9212,41.231],[-94.0337,41.2492],[-94.135,41.2473],[-94.225,41.2252],[-94.2754,41.2161],[-94.2863,41.2199],[-94.2853,41.2293],[-94.2724,41.2444],[-94.2706,41.2557],[-94.2797,41.2632],[-94.3177,41.2707],[-94.3846,41.2782],[-94.4334,41.2895],[-94.4639,41.3045],[-94.4769,41.3221],[-94.4723,41.3422],[-94.4543,41.3648],[-94.423,41.3897],[-94.413,41.4096],[-94.4242,41.4246],[-94.4748,41.4307],[-94.5649,41.428],[-94.622,41.4317],[-94.646,41.442],[-94.5991,41.4808]],[[-93.8951,41.6225],[-93.8517,41.6737],[-93.81,41.7002],[-93.77,41.7019],[-93.7503,41.6838],[-93.7509,41.6458],[-93.7709,41.618],[-93.8103,41.6004],[-93.8517,41.593],[-93.8951,41.5956],[-93.8951,41.6225]],[[-93.699,41.9362],[-93.653,41.9585],[-93.5937,41.9547],[-93.5212,41.9251],[-93.4962,41.9032],[-93.5187,41.8891],[-93.578,41.8928],[-93.674,41.9143],[-93.699,41.9362]],[[-92.2473,41.676],[-92.2224,41.6847],[-92.1959,41.6847],[-92.1678,41.676],[-92.1628,41.662],[-92.1809,41.6427],[-92.2074,41.6427],[-92.2423,41.662],[-92.2473,41.676]],[[-94.2653,42.0073],[-94.2418,42.0229],[-94.2159,42.0229],[-94.1878,42.0073],[-94.1878,41.9901],[-94.2159,41.9715],[-94.2418,41.9715],[-94.2653,41.9901],[-94.2653,42.0073]],[[-93.6887,41.8001],[-93.6762,41.8184],[-93.66,41.8265],[-93.64,41.8245],[-93.635,41.8108],[-93.645,41.7854],[-93.66,41.7715],[-93.68,41.7693],[-93.6912,41.7738],[-93.6937,41.7853],[-93.6887,41.8001]],[[-93.6671,41.3177],[-93.6557,41.3289],[-93.6335,41.3327],[-93.6005,41.3289],[-93.5955,41.3183],[-93.6185,41.3007],[-93.6407,41.2969],[-93.6621,41.307],[-93.6671,41.3177]]]}},{"type":"Feature","properties":{"c":"#00cc00","v0":0.25,"v1":0.5},"geometry":{"type":"Polygon","coordinates":[[[-105.774,41.6195],[-105.758,41.6349],[-105.7401,41.6386],[-105.7203,41.6307],[-105.7203,41.6185],[-105.7401,41.6019],[-105.758,41.5981],[-105.774,41.6072],[-105.774,41.6195]]]}},{"type":"Feature","properties":{"c":"#00cc00","v0":0.25,"v1":0.5},"geometry":{"type":"Polygon","coordinates":[[[-95.9334,40.7841],[-95.866,40.8446],[-95.7857,40.9051],[-95.6925,40.9656],[-95.6443,40.9995],[-95.6411,41.0071],[-95.6621,41.0134],[-95.7074,41.0184],[-95.7457,41.0298],[-95.7772,41.0473],[-95.7804,41.0674],[-95.7552,41.0901],[-95.7145,41.1121],[-95.6582,41.1335],[-95.61,41.1448],[-95.57,41.146],[-95.5597,41.124],[-95.5791,41.0787],[-95.5841,41.0535],[-95.5747,41.0482],[-95.5155,41.0595],[-95.4065,41.0874],[-95.3541,41.1127],[-95.3584,41.1353],[-95.3781,41.1579],[-95.413,41.1804],[-95.4298,41.1955],[-95.4283,41.203],[-95.3972,41.2369],[-95.3363,41.297],[-95.2919,41.3294],[-95.264,41.334],[-95.23,41.3316],[-95.19,41.322],[-95.155,41.3061],[-95.125,41.2839],[-95.025,41.2882],[-94.855,41.3189],[-94.7555,41.3287],[-94.7264,41.3176],[-94.7188,41.2932],[-94.7328,41.2557],[-94.7324,41.2201],[-94.7175,41.1866],[-94.6866,41.1527],[-94.6398,41.1185],[-94.608,41.075],[-94.5911,41.0222],[-94.5895,40.9893],[-94.6032,40.9765],[-94.74,40.9515],[-95.0,40.9144],[-95.195,40.891],[-95.325,40.8812],[-95.505,40.8434],[-95.735,40.7776],[-95.87,40.743],[-95.91,40.7399],[-95.9393,40.7422],[-95.9578,40.7499],[-95.9334,40.7841]],[[-95.836,40.812],[-95.8053,40.8376],[-95.755,40.8584],[-95.685,40.8743],[-95.635,40.8943],[-95.605,40.9183],[-95.56,40.93],[-95.5,40.9292],[-95.445,40.9384],[-95.395,40.9575],[-95.3475,40.9666],[-95.3026,40.9659],[-95.2784,40.9618],[-95.2749,40.9542],[-95.2826,40.9467],[-95.3013,40.9391],[-95.3955,40.918],[-95.5652,40.8833],[-95.685,40.8476],[-95.755,40.8109],[-95.8,40.7905],[-95.82,40.7865],[-95.8353,40.7881],[-95.846,40.7955],[-95.836,40.812]]]}},{"type":"Feature","properties":{"c":"#00cc00","v0":0.25,"v1":0.5},"geometry":{"type":"Polygon","coordinates":[[[-67.9013,40.9254],[-67.8271,41.0563],[-67.755,41.1462],[-67.685,41.195],[-67.6229,41.2163],[-67.5686,41.2099],[-67.5297,41.188],[-67.5061,41.1503],[-67.5298,41.075],[-67.6009,40.9618],[-67.6448,40.8824],[-67.6616,40.8369],[-67.68,40.8091],[-67.7,40.799],[-67.725,40.7987],[-67.755,40.8082],[-67.785,40.811],[-67.815,40.8071],[-67.845,40.8178],[-67.875,40.8432],[-67.9,40.8533],[-67.92,40.8481],[-67.9321,40.849],[-67.9363,40.8562],[-67.9013,40.9254]]]}},{"type":"Feature","properties":{"c":"#00cc00","v0":0.25,"v1":0.5},"geometry":{"type":"Polygon","coordinates":[[[-93.7001,40.9519],[-93.6134,41.0153],[-93.485,41.0487],[-93.315,41.0521],[-93.205,41.0468],[-93.1551,41.0329],[-93.1357,41.0146],[-93.1468,40.992],[-93.2168,40.9566],[-93.3456,40.9085],[-93.455,40.8829],[-93.545,40.8799],[-93.62,40.8832],[-93.68,40.8928],[-93.7184,40.9033],[-93.7351,40.9146],[-93.7001,40.9519]]]}},{"type":"Feature","properties":{"c":"#00cc00","v0":0.25,"v1":0.5},"geometry":{"type":"Polygon","coordinates":[[[-92.5557,40.818],[-92.4452,40.8555],[-92.32,40.8613],[-92.18,40.8353],[-92.0221,40.7976],[-91.8463,40.7482],[-91.7543,40.7197],[-91.746,40.7121],[-91.7461,40.7007],[-91.7544,40.6856],[-91.7812,40.6742],[-91.8264,40.6666],[-91.8474,40.659],[-91.8442,40.6514],[-91.785,40.6249],[-91.6698,40.5793],[-91.6267,40.5547],[-91.6556,40.5511],[-91.785,40.5646],[-92.015,40.595],[-92.164,40.631],[-92.232,40.6724],[-92.3505,40.7159],[-92.5195,40.7614],[-92.6057,40.7879],[-92.6092,40.7954],[-92.5557,40.818]]]}},{"type":"Feature","properties":{"c":"#00cc00","v0":0.25,"v1":0.5},"geometry":{"type":"Polygon","coordinates":[[[-95.4944,40.6438],[-95.4519,40.6666],[-95.3954,40.6841],[-95.3251,40.6963],[-95.2807,40.7001],[-95.2621,40.6955],[-95.2971,40.6755],[-95.3857,40.6403],[-95.445,40.6213],[-95.475,40.6186],[-95.4964,40.621],[-95.5093,40.6286],[-95.4944,40.6438]]]}},{"type":"Feature","properties":{"c":"#00cc00","v0":0.25,"v1":0.5},"geometry":{"type":"Polygon","coordinates":[[[-93.6165,40.6211],[-93.6153,40.6287],[-93.5985,40.6358],[-93.5662,40.6426],[-93.5414,40.6426],[-93.5243,40.6358],[-93.5243,40.628],[-93.5414,40.619],[-93.5668,40.6152],[-93.6003,40.6166],[-93.6165,40.6211]]]}},{"type":"Feature","properties":{"c":"#00cc00","v0":0.25,"v1":0.5},"geometry":{"type":"Polygon","coordinates":[[[-93.9937,40.5245],[-93.9379,40.5517],[-93.85,40.5567],[-93.73,40.5395],[-93.635,40.5329],[-93.565,40.5369],[-93.5159,40.5319],[-93.4878,40.5179],[-93.4889,40.5033],[-93.5195,40.4881],[-93.5836,40.4759],[-93.6812,40.4667],[-93.78,40.4662],[-93.88,40.4745],[-93.9529,40.4867],[-93.9987,40.5029],[-93.9937,40.5245]]]}},{"type":"Feature","properties":{"c":"#00cc00","v0":0.25,"v1":0.5},"geometry":{"type":"Polygon","coordinates":[[[-94.7416,40.2983],[-94.6939,40.3605],[-94.63,40.4024],[-94.55,40.424],[-94.46,40.4409],[-94.36,40.453],[-94.2893,40.453],[-94.248,40.4409],[-94.2261,40.431],[-94.2237,40.4234],[-94.2499,40.3968],[-94.3047,40.351],[-94.4166,40.3059],[-94.5855,40.2614],[-94.685,40.2386],[-94.715,40.2375],[-94.7389,40.2446],[-94.7566,40.2596],[-94.7416,40.2983]]]}},{"type":"Feature","properties":{"c":"#00cc00","v0":0.25,"v1":0.5},"geometry":{"type":"Polygon","coordinates":[[[-93.8886,40.2475],[-93.8629,40.2692],[-93.77,40.2872],[-93.61,40.3014],[-93.5111,40.3058],[-93.4733,40.3004],[-93.4431,40.29],[-93.4206,40.2748],[-93.4097,40.2633],[-93.4104,40.2557],[-93.4527,40.2404],[-93.5365,40.2175],[-93.5813,40.1982],[-93.5871,40.1825],[-93.605,40.171],[-93.635,40.1637],[-93.69,40.1632],[-93.77,40.1695],[-93.8329,40.1887],[-93.8786,40.2206],[-93.8886,40.2475]]]}},{"type":"Feature","properties":{"c":"#00cc00","v0":0.25,"v1":0.5},"geometry":{"type":"Polygon","coordinates":[[[-105.6239,39.8577],[-105.5551,39.9267],[-105.4906,39.9536],[-105.4305,39.9382],[-105.3987,39.9114],[-105.3952,39.873],[-105.4332,39.8423],[-105.5128,39.8193],[-105.5573,39.8001],[-105.5668,39.7847],[-105.5662,39.7693],[-105.5555,39.754],[-105.5623,39.7463],[-105.5865,39.7463],[-105.6136,39.7655],[-105.6434,39.8039],[-105.6239,39.8577]],[[-105.5051,39.8914],[-105.4817,39.9052],[-105.4593,39.9052],[-105.4378,39.8914],[-105.4378,39.8788],[-105.4593,39.8672],[-105.4817,39.8672],[-105.5051,39.8788],[-105.5051,39.8914]]]}},{"type":"Feature","properties":{"c":"#00cc00","v0":0.25,"v1":0.5},"geometry":{"type":"Polygon","coordinates":[[[-107.9687,39.8467],[-107.9029,39.8632],[-107.8528,39.8594],[-107.8185,39.8352],[-107.8285,39.818],[-107.8828,39.8079],[-107.9329,39.8117],[-107.9787,39.8296],[-107.9687,39.8467]]]}},{"type":"Feature","properties":{"c":"#00cc00","v0":0.25,"v1":0.5},"geometry":{"type":"Polygon","coordinates":[[[-108.1209,39.8421],[-108.1003,39.8495],[-108.0843,39.8495],[-108.073,39.8421],[-108.078,39.8352],[-108.0993,39.8285],[-108.1153,39.8285],[-108.1259,39.8352],[-108.1209,39.8421]]]}},{"type":"Feature","properties":{"c":"#00cc00","v0":0.25,"v1":0.5},"geometry":{"type":"Polygon","coordinates":[[[-108.9553,39.7386],[-108.9464,39.754],[-108.9268,39.7616],[-108.8965,39.7616],[-108.8935,39.7408],[-108.9178,39.6991],[-108.9358,39.6799],[-108.9475,39.6831],[-108.9549,39.6963],[-108.9581,39.7193],[-108.9553,39.7386]]]}},{"type":"Feature","properties":{"c":"#00cc00","v0":0.25,"v1":0.5},"geometry":{"type":"Polygon","coordinates":[[[-105.5493,39.7501],[-105.5482,39.7578],[-105.5332,39.7652],[-105.5044,39.7722],[-105.473,39.7684],[-105.439,39.7536],[-105.434,39.7417],[-105.458,39.7327],[-105.4899,39.7327],[-105.5298,39.7417],[-105.5493,39.7501]]]}},{"type":"Feature","properties":{"c":"#00cc00","v0":0.25,"v1":0.5},"geometry":{"type":"Polygon","coordinates":[[[-97.1599,37.1349],[-97.0733,37.2395],[-96.995,37.3099],[-96.925,37.3464],[-96.8898,37.3737],[-96.8895,37.3919],[-96.8995,37.4142],[-96.9198,37.4405],[-96.9571,37.4683],[-97.0112,37.4975],[-97.0368,37.528],[-97.034,37.5597],[-97.0219,37.5905],[-97.0006,37.6204],[-96.94,37.6572],[-96.84,37.7009],[-96.7407,37.7651],[-96.642,37.8497],[-96.5885,37.9156],[-96.5802,37.963],[-96.5546,37.9911],[-96.5115,37.9999],[-96.465,38.0234],[-96.415,38.0614],[-96.3358,38.1042],[-96.2273,38.1518],[-96.1223,38.2175],[-96.0208,38.3013],[-95.9396,38.3602],[-95.8788,38.3941],[-95.8241,38.4424],[-95.7754,38.505],[-95.7607,38.5376],[-95.7802,38.5402],[-95.845,38.5159],[-95.955,38.4648],[-96.025,38.4484],[-96.055,38.4668],[-96.075,38.4917],[-96.085,38.5232],[-96.125,38.54],[-96.195,38.5422],[-96.27,38.5119],[-96.35,38.4493],[-96.41,38.4118],[-96.45,38.3994],[-96.4744,38.4016],[-96.4833,38.4183],[-96.4766,38.4541],[-96.4542,38.5089],[-96.4698,38.537],[-96.5233,38.5384],[-96.5579,38.5502],[-96.5737,38.5722],[-96.5537,38.6016],[-96.4979,38.6385],[-96.445,38.6585],[-96.395,38.6617],[-96.3559,38.6823],[-96.3278,38.7204],[-96.3239,38.7511],[-96.3442,38.7745],[-96.3485,38.794],[-96.3368,38.8096],[-96.3107,38.8212],[-96.2702,38.8289],[-96.24,38.826],[-96.22,38.8126],[-96.1835,38.8204],[-96.1304,38.8495],[-96.0526,38.8719],[-95.9503,38.8875],[-95.9056,38.8797],[-95.9186,38.8485],[-95.9613,38.8161],[-96.0338,38.7825],[-96.0889,38.7474],[-96.1268,38.7108],[-96.1521,38.6809],[-96.1649,38.6574],[-96.171,38.6411],[-96.1703,38.6318],[-96.165,38.6274],[-96.155,38.628],[-96.105,38.6582],[-96.015,38.7179],[-95.89,38.7677],[-95.73,38.8076],[-95.6324,38.8405],[-95.5972,38.8666],[-95.5757,38.8952],[-95.568,38.9264],[-95.5507,38.9507],[-95.5236,38.9684],[-95.47,38.9791],[-95.39,38.9831],[-95.3418,38.9937],[-95.3254,39.011],[-95.3202,39.043],[-95.3264,39.0896],[-95.3196,39.1245],[-95.2997,39.1478],[-95.2098,39.1846],[-95.0499,39.235],[-94.9068,39.2969],[-94.7804,39.3704],[-94.7119,39.4148],[-94.7013,39.4303],[-94.6995,39.4441],[-94.7065,39.4564],[-94.7599,39.4641],[-94.8596,39.4673],[-94.9135,39.492],[-94.9216,39.5383],[-94.9189,39.5692],[-94.9055,39.5846],[-94.8566,39.6083],[-94.7722,39.6403],[-94.705,39.6591],[-94.655,39.6647],[-94.6049,39.6641],[-94.5546,39.6573],[-94.5349,39.6424],[-94.5458,39.6193],[-94.531,39.5805],[-94.4903,39.5261],[-94.435,39.5031],[-94.365,39.5114],[-94.265,39.5046],[-94.135,39.4826],[-94.04,39.471],[-93.98,39.4696],[-93.915,39.4591],[-93.845,39.4394],[-93.7861,39.4316],[-93.7384,39.4359],[-93.7334,39.4284],[-93.7711,39.4091],[-93.7908,39.3937],[-93.7923,39.382],[-93.7819,39.3646],[-93.7596,39.3414],[-93.7538,39.3264],[-93.7646,39.3195],[-93.81,39.3203],[-93.89,39.3287],[-93.96,39.3262],[-94.02,39.3127],[-94.1093,39.2732],[-94.2279,39.2077],[-94.2965,39.1555],[-94.3153,39.1167],[-94.3019,39.074],[-94.2564,39.0274],[-94.2677,38.9765],[-94.3359,38.9211],[-94.41,38.8784],[-94.49,38.8483],[-94.5835,38.8254],[-94.6906,38.8096],[-94.8156,38.7603],[-94.9585,38.6774],[-95.0487,38.6149],[-95.0862,38.5729],[-95.1047,38.5285],[-95.1042,38.4815],[-95.1104,38.4424],[-95.1233,38.411],[-95.115,38.3797],[-95.0855,38.3483],[-95.0872,38.3051],[-95.12,38.2502],[-95.2778,38.1362],[-95.5605,37.963],[-95.7438,37.835],[-95.8279,37.7526],[-95.89,37.7078],[-95.93,37.7008],[-95.9564,37.7104],[-95.9692,37.7366],[-95.9942,37.752],[-96.0314,37.7565],[-96.075,37.7459],[-96.125,37.7203],[-96.17,37.7034],[-96.21,37.6954],[-96.2743,37.6506],[-96.363,37.5689],[-96.408,37.5237],[-96.4093,37.5151],[-96.385,37.5154],[-96.335,37.5246],[-96.305,37.525],[-96.295,37.5166],[-96.2928,37.5004],[-96.2985,37.4765],[-96.3103,37.4566],[-96.3283,37.4407],[-96.3605,37.4241],[-96.4068,37.4068],[-96.515,37.3469],[-96.685,37.2442],[-96.81,37.1813],[-96.89,37.1582],[-96.952,37.1267],[-96.9961,37.0866],[-97.0552,37.0666],[-97.1293,37.0666],[-97.1756,37.0706],[-97.194,37.0786],[-97.1599,37.1349]],[[-95.3608,38.8758],[-95.3385,38.8991],[-95.308,38.9187],[-95.2693,38.9345],[-95.125,38.9664],[-94.875,39.0142],[-94.743,39.0452],[-94.729,39.0592],[-94.7235,39.074],[-94.7265,39.0896],[-94.7435,39.1082],[-94.7745,39.13],[-94.81,39.144],[-94.85,39.15],[-94.8754,39.1585],[-94.8861,39.1694],[-94.8761,39.1888],[-94.8454,39.2166],[-94.78,39.244],[-94.68,39.271],[-94.575,39.2873],[-94.465,39.293],[-94.3849,39.2927],[-94.3348,39.2865],[-94.3075,39.2795],[-94.303,39.2717],[-94.3131,39.2603],[-94.3377,39.2452],[-94.4186,39.2181],[-94.5558,39.179],[-94.6343,39.1516],[-94.654,39.1361],[-94.6604,39.1217],[-94.6535,39.1084],[-94.635,39.1015],[-94.605,39.1008],[-94.58,39.093],[-94.56,39.0781],[-94.535,39.0736],[-94.505,39.0795],[-94.475,39.076],[-94.445,39.063],[-94.4253,39.0317],[-94.416,38.9822],[-94.421,38.9498],[-94.4403,38.9344],[-94.4704,38.9267],[-94.5113,38.9265],[-94.5361,38.9419],[-94.5448,38.973],[-94.5544,38.9901],[-94.5648,38.993],[-94.595,38.9733],[-94.645,38.9307],[-94.75,38.9143],[-94.91,38.9242],[-95.06,38.9067],[-95.2,38.8618],[-95.29,38.8407],[-95.33,38.8433],[-95.3555,38.8495],[-95.3664,38.8592],[-95.3608,38.8758]],[[-96.921,37.3163],[-96.9003,37.3377],[-96.88,37.3456],[-96.8601,37.3402],[-96.8623,37.3255],[-96.8868,37.3016],[-96.9072,37.2937],[-96.9233,37.3016],[-96.921,37.3163]],[[-96.7944,37.5875],[-96.6961,37.7063],[-96.6077,37.798],[-96.5292,37.8628],[-96.47,37.9037],[-96.43,37.9207],[-96.37,37.925],[-96.29,37.9166],[-96.235,37.9216],[-96.205,37.94],[-96.1857,37.9467],[-96.1772,37.9418],[-96.1888,37.9275],[-96.2206,37.9038],[-96.2435,37.8762],[-96.2575,37.8446],[-96.2871,37.8051],[-96.3323,37.7577],[-96.3616,37.7142],[-96.375,37.6746],[-96.3999,37.639],[-96.4361,37.6073],[-96.4882,37.5737],[-96.5561,37.5381],[-96.61,37.5221],[-96.65,37.5258],[-96.705,37.5209],[-96.775,37.5076],[-96.8184,37.5077],[-96.8351,37.5212],[-96.7944,37.5875]],[[-95.9527,38.5754],[-95.9436,38.591],[-95.9218,38.6062],[-95.8873,38.6208],[-95.8677,38.6247],[-95.8631,38.6179],[-95.8731,38.6],[-95.8977,38.5711],[-95.9218,38.5594],[-95.9454,38.5648],[-95.9527,38.5754]],[[-95.7002,38.598],[-95.6801,38.6275],[-95.66,38.6429],[-95.64,38.6444],[-95.6269,38.6413],[-95.6208,38.6338],[-95.6258,38.6215],[-95.6419,38.6043],[-95.6651,38.5926],[-95.6952,38.5863],[-95.7002,38.598]],[[-96.0094,38.1166],[-95.9561,38.2188],[-95.9096,38.2844],[-95.8699,38.3135],[-95.81,38.3458],[-95.73,38.3811],[-95.6519,38.4293],[-95.5758,38.4902],[-95.5272,38.5363],[-95.5063,38.5676],[-95.4543,38.6201],[-95.3714,38.6939],[-95.31,38.7377],[-95.27,38.7516],[-95.2361,38.7537],[-95.2084,38.7442],[-95.1838,38.7238],[-95.1624,38.6926],[-95.2345,38.6067],[-95.4002,38.4659],[-95.4902,38.364],[-95.5044,38.3012],[-95.4961,38.2694],[-95.4654,38.2686],[-95.4483,38.2607],[-95.445,38.2459],[-95.4693,38.2109],[-95.5213,38.1559],[-95.5863,38.1048],[-95.6645,38.0575],[-95.7189,38.0063],[-95.7496,37.9511],[-95.7812,37.9156],[-95.8137,37.8997],[-95.8329,37.8997],[-95.8386,37.9156],[-95.8003,37.9787],[-95.718,38.089],[-95.7001,38.1519],[-95.7467,38.1674],[-95.82,38.1464],[-95.92,38.089],[-95.98,38.0569],[-96.0,38.0499],[-96.0165,38.0512],[-96.0295,38.0607],[-96.0094,38.1166]],[[-96.7535,37.3454],[-96.7264,37.3931],[-96.7022,37.4216],[-96.6807,37.4309],[-96.676,37.411],[-96.688,37.362],[-96.708,37.331],[-96.736,37.3181],[-96.7542,37.3141],[-96.7627,37.3191],[-96.7535,37.3454]],[[-96.5232,37.4685],[-96.4968,37.4765],[-96.4952,37.4721],[-96.5184,37.4554],[-96.5316,37.4514],[-96.5348,37.4602],[-96.5232,37.4685]]]}},{"type":"Feature","properties":{"c":"#00cc00","v0":0.25,"v1":0.5},"geometry":{"type":"Polygon","coordinates":[[[-93.6554,39.3027],[-93.6537,39.3104],[-93.6435,39.3143],[-93.6246,39.3143],[-93.6068,39.3066],[-93.59,39.2911],[-93.6003,39.2872],[-93.6375,39.295],[-93.6554,39.3027]]]}},{"type":"Feature","properties":{"c":"#00cc00","v0":0.25,"v1":0.5},"geometry":{"type":"Polygon","coordinates":[[[-93.5451,39.2704],[-93.535,39.2754],[-93.5096,39.2716],[-93.4687,39.2588],[-93.4587,39.2482],[-93.4796,39.24],[-93.505,39.2438],[-93.5351,39.2599],[-93.5451,39.2704]]]}},{"type":"Feature","properties":{"c":"#00cc00","v0":0.25,"v1":0.5},"geometry":{"type":"Polygon","coordinates":[[[-101.4924,38.6496],[-101.4305,38.7823],[-101.4019,38.8563],[-101.4067,38.8719],[-101.4265,38.8875],[-101.4613,38.903],[-101.4793,38.9225],[-101.4806,38.9458],[-101.4646,38.9964],[-101.4314,39.074],[-101.3961,39.1322],[-101.3588,39.171],[-101.3333,39.2059],[-101.3195,39.2369],[-101.302,39.2538],[-101.2807,39.2566],[-101.273,39.2373],[-101.2789,39.1957],[-101.2709,39.1633],[-101.249,39.14],[-101.2453,39.0973],[-101.26,39.0352],[-101.2546,38.9847],[-101.2292,38.9458],[-101.2158,38.9147],[-101.2143,38.8913],[-101.2693,38.8018],[-101.3809,38.6457],[-101.4501,38.5599],[-101.4767,38.5445],[-101.4983,38.5484],[-101.515,38.5716],[-101.4924,38.6496]]]}},{"type":"Feature","properties":{"c":"#00cc00","v0":0.25,"v1":0.5},"geometry":{"type":"Polygon","coordinates":[[[-93.3351,39.0702],[-93.331,39.0779],[-93.3043,39.0864],[-93.2548,39.0955],[-93.205,39.099],[-93.155,39.0969],[-93.06,39.0774],[-92.92,39.0408],[-92.8352,39.0139],[-92.8056,38.997],[-92.7887,38.9808],[-92.7843,38.9653],[-92.7941,38.9564],[-92.818,38.9544],[-92.875,38.9641],[-92.965,38.9856],[-93.05,38.9895],[-93.13,38.9758],[-93.195,38.9791],[-93.245,38.9994],[-93.2868,39.0237],[-93.3203,39.0521],[-93.3351,39.0702]]]}},{"type":"Feature","properties":{"c":"#00cc00","v0":0.25,"v1":0.5},"geometry":{"type":"Polygon","coordinates":[[[-108.6604,38.9108],[-108.6397,38.9108],[-108.6345,38.9077],[-108.6448,38.9014],[-108.6552,38.9014],[-108.6655,38.9077],[-108.6604,38.9108]]]}},{"type":"Feature","properties":{"c":"#00cc00","v0":0.25,"v1":0.5},"geometry":{"type":"Polygon","coordinates":[[[-108.5502,38.8841],[-108.5234,38.8929],[-108.4987,38.889],[-108.4761,38.8724],[-108.4811,38.8593],[-108.5137,38.8498],[-108.5384,38.8536],[-108.5552,38.871],[-108.5502,38.8841]]]}},{"type":"Feature","properties":{"c":"#00cc00","v0":0.25,"v1":0.5},"geometry":{"type":"Polygon","coordinates":[[[-74.6165,38.3561],[-74.5806,38.4972],[-74.5445,38.5868],[-74.5082,38.6253],[-74.482,38.6331],[-74.4659,38.6103],[-74.455,38.5676],[-74.4493,38.505],[-74.4545,38.4463],[-74.4706,38.3914],[-74.5014,38.3321],[-74.5471,38.2684],[-74.58,38.2364],[-74.6,38.2363],[-74.6161,38.2485],[-74.6283,38.2732],[-74.6165,38.3561]]]}},{"type":"Feature","properties":{"c":"#00cc00","v0":0.25,"v1":0.5},"geometry":{"type":"Polygon","coordinates":[[[-108.1118,38.4659],[-108.0635,38.4502],[-108.0392,38.4345],[-108.0388,38.4189],[-108.0515,38.4107],[-108.0772,38.4102],[-108.1015,38.4258],[-108.1245,38.4577],[-108.1118,38.4659]]]}},{"type":"Feature","properties":{"c":"#00cc00","v0":0.25,"v1":0.5},"geometry":{"type":"Polygon","coordinates":[[[-71.3668,38.3241],[-71.3556,38.3383],[-71.3395,38.3344],[-71.3184,38.3123],[-71.3184,38.3004],[-71.3395,38.2986],[-71.3556,38.3025],[-71.3668,38.3121],[-71.3668,38.3241]]]}},{"type":"Feature","properties":{"c":"#00cc00","v0":0.25,"v1":0.5},"geometry":{"type":"Polygon","coordinates":[[[-105.1547,38.2907],[-105.1382,38.301],[-105.1134,38.301],[-105.0803,38.2907],[-105.0886,38.2855],[-105.1382,38.2855],[-105.1547,38.2907]]]}},{"type":"Feature","properties":{"c":"#00cc00","v0":0.25,"v1":0.5},"geometry":{"type":"Polygon","coordinates":[[[-109.2343,38.2857],[-109.2048,38.2861],[-109.1725,38.2704],[-109.1375,38.2386],[-109.1375,38.2217],[-109.1725,38.2196],[-109.2048,38.2353],[-109.2343,38.2688],[-109.2343,38.2857]]]}},{"type":"Feature","properties":{"c":"#00cc00","v0":0.25,"v1":0.5},"geometry":{"type":"Polygon","coordinates":[[[-102.8349,33.1898],[-102.725,33.3211],[-102.66,33.3929],[-102.64,33.4055],[-102.615,33.4124],[-102.585,33.4135],[-102.531,33.4711],[-102.4529,33.585],[-102.3456,33.7126],[-102.209,33.8539],[-102.0328,34.0074],[-101.8169,34.1731],[-101.671,34.3095],[-101.5951,34.4168],[-101.5606,34.5652],[-101.5678,34.7544],[-101.591,34.8908],[-101.6303,34.9748],[-101.66,35.0246],[-101.68,35.0402],[-101.7,35.0464],[-101.72,35.0434],[-101.755,35.0158],[-101.805,34.9638],[-101.8562,34.9648],[-101.9085,35.0186],[-101.9235,35.0664],[-101.9012,35.1081],[-101.875,35.1174],[-101.845,35.0944],[-101.8197,35.0899],[-101.7991,35.104],[-101.7924,35.1233],[-101.7996,35.1478],[-101.8319,35.1764],[-101.8894,35.2091],[-101.9181,35.2418],[-101.9181,35.2745],[-101.9015,35.303],[-101.8683,35.3275],[-101.8664,35.3561],[-101.8959,35.3887],[-101.9248,35.4458],[-101.9531,35.5272],[-101.933,35.6044],[-101.8643,35.6775],[-101.82,35.7634],[-101.8,35.862],[-101.8,35.9101],[-101.82,35.9076],[-101.905,35.8428],[-102.055,35.7154],[-102.14,35.6488],[-102.16,35.6431],[-102.1714,35.6465],[-102.1742,35.6591],[-102.1703,35.6776],[-102.1596,35.702],[-102.1363,35.7263],[-102.1003,35.7507],[-102.0898,35.7913],[-102.105,35.848],[-102.0848,35.9533],[-102.0291,36.107],[-102.0026,36.2362],[-102.0055,36.341],[-102.0018,36.4054],[-101.9916,36.4295],[-101.9774,36.453],[-101.9591,36.4756],[-101.905,36.5076],[-101.815,36.5487],[-101.73,36.6031],[-101.65,36.6705],[-101.569,36.7269],[-101.487,36.7722],[-101.4163,36.8748],[-101.357,37.0347],[-101.313,37.1358],[-101.2843,37.1784],[-101.25,37.1985],[-101.21,37.1959],[-101.1845,37.1985],[-101.1736,37.2062],[-101.1426,37.2778],[-101.0917,37.4129],[-101.0839,37.5042],[-101.1192,37.5518],[-101.1371,37.5875],[-101.1374,37.6113],[-101.1273,37.635],[-101.1065,37.6588],[-101.1004,37.6944],[-101.1088,37.7419],[-101.0832,37.7893],[-101.0235,37.8367],[-100.9778,37.8849],[-100.9459,37.934],[-100.8878,37.9813],[-100.8033,38.0269],[-100.774,38.0654],[-100.7997,38.0969],[-100.801,38.1284],[-100.7778,38.1598],[-100.7669,38.1913],[-100.7683,38.2227],[-100.7543,38.2516],[-100.7248,38.278],[-100.7063,38.2741],[-100.6988,38.2398],[-100.7015,38.2109],[-100.7144,38.1873],[-100.7162,38.1559],[-100.7069,38.1166],[-100.7081,38.0811],[-100.72,38.0496],[-100.7158,38.0181],[-100.6955,37.9866],[-100.6921,37.9275],[-100.7055,37.8406],[-100.7105,37.7498],[-100.7073,37.6548],[-100.7408,37.4844],[-100.8111,37.238],[-100.8495,37.0546],[-100.856,36.9348],[-100.8536,36.8628],[-100.8423,36.8388],[-100.8485,36.8108],[-100.8722,36.7788],[-100.9041,36.6746],[-100.9443,36.4979],[-100.9873,36.3933],[-101.0331,36.3611],[-101.0845,36.2965],[-101.1415,36.1994],[-101.188,36.0662],[-101.224,35.8965],[-101.2398,35.7629],[-101.2353,35.6654],[-101.2135,35.5638],[-101.1744,35.458],[-101.1268,35.3887],[-101.0709,35.3561],[-101.0418,35.2663],[-101.0397,35.1192],[-101.0121,34.9964],[-100.9593,34.898],[-100.944,34.7749],[-100.9661,34.6269],[-100.9576,34.5528],[-100.9184,34.5528],[-100.8877,34.4663],[-100.8654,34.293],[-100.8382,34.204],[-100.8061,34.1997],[-100.7872,34.1914],[-100.7817,34.1792],[-100.8117,34.142],[-100.8772,34.0797],[-100.9322,34.0176],[-100.9765,33.9555],[-101.0103,33.883],[-101.0336,33.7999],[-101.0768,33.7168],[-101.1398,33.6335],[-101.184,33.5502],[-101.2093,33.4668],[-101.2178,33.3959],[-101.2093,33.3374],[-101.2192,33.2747],[-101.2473,33.2078],[-101.2735,33.171],[-101.2978,33.1644],[-101.3192,33.1685],[-101.3376,33.1836],[-101.3513,33.2204],[-101.3604,33.2789],[-101.3463,33.3333],[-101.3091,33.3834],[-101.2954,33.4136],[-101.3051,33.4239],[-101.32,33.4257],[-101.34,33.419],[-101.3579,33.4055],[-101.3738,33.3852],[-101.3803,33.3583],[-101.3774,33.3249],[-101.3878,33.2915],[-101.4115,33.258],[-101.505,33.1609],[-101.6683,33.0],[-101.76,32.9171],[-101.78,32.9123],[-101.7966,32.9174],[-101.8099,32.9322],[-101.8092,32.9774],[-101.7945,33.0529],[-101.7915,33.1283],[-101.8003,33.2036],[-101.811,33.2462],[-101.8237,33.2561],[-101.87,33.2394],[-101.95,33.1959],[-102.015,33.149],[-102.065,33.0987],[-102.11,33.0759],[-102.15,33.0806],[-102.215,33.0481],[-102.305,32.9782],[-102.37,32.9357],[-102.41,32.9205],[-102.4377,32.9154],[-102.453,32.9204],[-102.4627,32.9313],[-102.4669,32.948],[-102.4565,32.9984],[-102.4314,33.0822],[-102.4467,33.1323],[-102.5022,33.1486],[-102.5365,33.1695],[-102.5496,33.1951],[-102.5746,33.2082],[-102.6115,33.2088],[-102.685,33.1804],[-102.795,33.123],[-102.86,33.1018],[-102.8799,33.1167],[-102.8349,33.1898]],[[-101.4949,35.925],[-101.4094,36.1514],[-101.3575,36.2761],[-101.3392,36.2995],[-101.315,36.3189],[-101.285,36.3343],[-101.2648,36.3065],[-101.2545,36.2354],[-101.2624,36.1434],[-101.2885,36.0302],[-101.3437,35.906],[-101.4279,35.7706],[-101.48,35.6982],[-101.5,35.6892],[-101.515,35.6873],[-101.525,35.6927],[-101.5319,35.7244],[-101.5357,35.7825],[-101.4949,35.925]],[[-102.3633,33.4251],[-102.3197,33.5919],[-102.2649,33.7168],[-102.199,33.7999],[-102.1321,33.873],[-102.064,33.936],[-101.975,33.998],[-101.865,34.059],[-101.7976,34.0856],[-101.7728,34.0777],[-101.7578,34.0524],[-101.7526,34.0097],[-101.7427,34.0055],[-101.728,34.0399],[-101.713,34.0619],[-101.6977,34.0713],[-101.67,34.0749],[-101.63,34.0729],[-101.595,34.0631],[-101.565,34.0458],[-101.5276,34.0504],[-101.4828,34.077],[-101.4532,34.1068],[-101.4388,34.14],[-101.4444,34.1689],[-101.4699,34.1937],[-101.4708,34.231],[-101.4473,34.2806],[-101.4414,34.3838],[-101.4531,34.5405],[-101.4548,34.6722],[-101.4465,34.779],[-101.4297,34.8447],[-101.4044,34.8693],[-101.3816,34.9062],[-101.3615,34.9554],[-101.3635,34.9964],[-101.3877,35.0292],[-101.3974,35.0592],[-101.3925,35.0865],[-101.435,35.1021],[-101.525,35.1061],[-101.5787,35.1129],[-101.5961,35.1226],[-101.6062,35.1356],[-101.609,35.1519],[-101.5853,35.1998],[-101.5351,35.2792],[-101.495,35.3144],[-101.465,35.3052],[-101.4429,35.29],[-101.4288,35.2688],[-101.3964,35.2459],[-101.3458,35.2214],[-101.3155,35.2336],[-101.3055,35.2826],[-101.2899,35.3194],[-101.2686,35.3438],[-101.281,35.3665],[-101.327,35.3873],[-101.37,35.393],[-101.41,35.3835],[-101.4582,35.3894],[-101.5146,35.4107],[-101.5346,35.4303],[-101.5182,35.4482],[-101.48,35.4633],[-101.42,35.4756],[-101.36,35.4799],[-101.3,35.4761],[-101.2612,35.465],[-101.2437,35.4468],[-101.2372,35.4213],[-101.2418,35.3887],[-101.2206,35.3642],[-101.1734,35.3479],[-101.1458,35.3275],[-101.1375,35.303],[-101.148,35.2663],[-101.1771,35.2173],[-101.2006,35.156],[-101.2183,35.0824],[-101.2258,35.0087],[-101.2229,34.9349],[-101.2286,34.8926],[-101.2429,34.8816],[-101.27,34.8804],[-101.31,34.8888],[-101.338,34.886],[-101.3539,34.8722],[-101.3549,34.8447],[-101.3409,34.8037],[-101.3279,34.7797],[-101.316,34.7728],[-101.285,34.7831],[-101.235,34.8106],[-101.195,34.8144],[-101.165,34.7944],[-101.135,34.7908],[-101.105,34.8035],[-101.085,34.802],[-101.075,34.7862],[-101.0664,34.7507],[-101.0592,34.6956],[-101.0692,34.6448],[-101.0964,34.5983],[-101.115,34.5707],[-101.125,34.5621],[-101.14,34.5865],[-101.16,34.6437],[-101.175,34.6721],[-101.185,34.6717],[-101.2022,34.6377],[-101.2267,34.5701],[-101.2317,34.5188],[-101.2172,34.4837],[-101.185,34.4702],[-101.135,34.4784],[-101.103,34.4506],[-101.089,34.3868],[-101.059,34.3379],[-101.013,34.3038],[-100.9806,34.2584],[-100.9619,34.2015],[-100.9919,34.0747],[-101.0706,33.8775],[-101.145,33.7341],[-101.215,33.6447],[-101.28,33.5928],[-101.34,33.5784],[-101.4016,33.5222],[-101.4648,33.4241],[-101.4955,33.3583],[-101.4938,33.3249],[-101.5122,33.2803],[-101.5507,33.2246],[-101.575,33.1983],[-101.585,33.2015],[-101.595,33.2228],[-101.605,33.2621],[-101.6312,33.2925],[-101.6737,33.3141],[-101.69,33.3458],[-101.68,33.3875],[-101.6654,33.4209],[-101.646,33.446],[-101.6398,33.4604],[-101.6466,33.4641],[-101.6637,33.4641],[-101.6911,33.4604],[-101.7211,33.4359],[-101.7537,33.3905],[-101.835,33.3334],[-101.965,33.2644],[-102.05,33.2331],[-102.09,33.2396],[-102.14,33.2337],[-102.2,33.2153],[-102.23,33.2313],[-102.23,33.2816],[-102.26,33.3022],[-102.32,33.2933],[-102.3588,33.302],[-102.3763,33.3284],[-102.3633,33.4251]]]}},{"type":"Feature","properties":{"c":"#00cc00","v0":0.25,"v1":0.5},"geometry":{"type":"Polygon","coordinates":[[[-108.5268,38.26],[-108.5156,38.2719],[-108.495,38.2771],[-108.465,38.2758],[-108.46,38.266],[-108.48,38.2477],[-108.5006,38.2424],[-108.5218,38.2502],[-108.5268,38.26]]]}},{"type":"Feature","properties":{"c":"#00cc00","v0":0.25,"v1":0.5},"geometry":{"type":"Polygon","coordinates":[[[-108.7204,38.2427],[-108.7001,38.2513],[-108.6773,38.2513],[-108.652,38.2427],[-108.6406,38.2345],[-108.6432,38.2266],[-108.6559,38.2212],[-108.6786,38.2181],[-108.7001,38.2221],[-108.7204,38.233],[-108.7204,38.2427]]]}},{"type":"Feature","properties":{"c":"#00cc00","v0":0.25,"v1":0.5},"geometry":{"type":"Polygon","coordinates":[[[-100.4893,38.2328],[-100.4498,38.2529],[-100.425,38.2594],[-100.415,38.2521],[-100.4098,38.2303],[-100.4093,38.1938],[-100.4243,38.1638],[-100.4548,38.1402],[-100.4798,38.152],[-100.4993,38.1991],[-100.4893,38.2328]]]}},{"type":"Feature","properties":{"c":"#00cc00","v0":0.25,"v1":0.5},"geometry":{"type":"Polygon","coordinates":[[[-109.0819,38.2278],[-109.0606,38.2381],[-109.03,38.2406],[-108.99,38.2354],[-108.9626,38.2303],[-108.9477,38.2252],[-108.938,38.2148],[-108.9333,38.1991],[-108.9457,38.1891],[-108.9752,38.1849],[-109.0156,38.1927],[-109.0669,38.2127],[-109.0819,38.2278]]]}},{"type":"Feature","properties":{"c":"#00cc00","v0":0.25,"v1":0.5},"geometry":{"type":"Polygon","coordinates":[[[-108.9209,38.1209],[-108.9136,38.1374],[-108.895,38.1467],[-108.865,38.1487],[-108.835,38.1389],[-108.805,38.1174],[-108.7868,38.0963],[-108.7805,38.0757],[-108.7855,38.0623],[-108.8018,38.0561],[-108.83,38.0587],[-108.87,38.0699],[-108.8986,38.0848],[-108.9159,38.1034],[-108.9209,38.1209]],[[-108.8862,38.115],[-108.8754,38.1198],[-108.8644,38.1158],[-108.8531,38.1032],[-108.8585,38.1008],[-108.8806,38.1087],[-108.8862,38.115]]]}},{"type":"Feature","properties":{"c":"#00cc00","v0":0.25,"v1":0.5},"geometry":{"type":"Polygon","coordinates":[[[-105.787,38.0497],[-105.7623,38.0813],[-105.74,38.0946],[-105.72,38.0894],[-105.715,38.0726],[-105.725,38.0442],[-105.74,38.0259],[-105.76,38.0176],[-105.7773,38.0185],[-105.792,38.0288],[-105.787,38.0497]]]}},{"type":"Feature","properties":{"c":"#00cc00","v0":0.25,"v1":0.5},"geometry":{"type":"Polygon","coordinates":[[[-100.4571,38.0861],[-100.4524,38.0959],[-100.445,38.0924],[-100.435,38.0754],[-100.4374,38.0704],[-100.4521,38.0776],[-100.4571,38.0861]]]}},{"type":"Feature","properties":{"c":"#00cc00","v0":0.25,"v1":0.5},"geometry":{"type":"Polygon","coordinates":[[[-104.8557,37.6667],[-104.8139,37.7537],[-104.7902,37.8485],[-104.7847,37.9511],[-104.759,38.0146],[-104.713,38.0391],[-104.68,38.0507],[-104.66,38.0493],[-104.6168,38.0292],[-104.5504,37.9903],[-104.513,37.9235],[-104.5044,37.8288],[-104.5126,37.7767],[-104.5375,37.7673],[-104.59,37.7638],[-104.67,37.7662],[-104.7236,37.763],[-104.7507,37.7542],[-104.7409,37.7181],[-104.6941,37.6548],[-104.684,37.6073],[-104.7105,37.5756],[-104.7503,37.5567],[-104.8034,37.5506],[-104.8388,37.5546],[-104.8565,37.5686],[-104.8682,37.5875],[-104.8738,37.6113],[-104.8557,37.6667]],[[-104.7325,37.8908],[-104.7175,37.9202],[-104.695,37.929],[-104.665,37.9172],[-104.6333,37.9223],[-104.5999,37.9441],[-104.575,37.9511],[-104.5587,37.9433],[-104.5588,37.9275],[-104.5753,37.9038],[-104.5804,37.8801],[-104.574,37.8564],[-104.5806,37.8387],[-104.6002,37.827],[-104.625,37.8199],[-104.655,37.8174],[-104.6875,37.8312],[-104.7225,37.8612],[-104.7325,37.8908]]]}},{"type":"Feature","properties":{"c":"#00cc00","v0":0.25,"v1":0.5},"geometry":{"type":"Polygon","coordinates":[[[-105.6898,37.9849],[-105.6766,38.0131],[-105.6566,38.0288],[-105.6298,38.0322],[-105.6152,38.0142],[-105.6127,37.9748],[-105.6261,37.9524],[-105.6554,37.9472],[-105.6766,37.9511],[-105.6898,37.9643],[-105.6898,37.9849]]]}},{"type":"Feature","properties":{"c":"#00cc00","v0":0.25,"v1":0.5},"geometry":{"type":"Polygon","coordinates":[[[-104.932,38.0224],[-104.9307,38.0309],[-104.92,38.0348],[-104.9001,38.0342],[-104.9007,38.03],[-104.922,38.0221],[-104.932,38.0224]]]}},{"type":"Feature","properties":{"c":"#00cc00","v0":0.25,"v1":0.5},"geometry":{"type":"Polygon","coordinates":[[[-105.0845,37.9162],[-105.0748,37.9331],[-105.0539,37.9371],[-105.0218,37.928],[-105.0068,37.9166],[-105.0089,37.9029],[-105.02,37.8905],[-105.04,37.8794],[-105.0598,37.8824],[-105.0795,37.8993],[-105.0845,37.9162]]]}},{"type":"Feature","properties":{"c":"#00cc00","v0":0.25,"v1":0.5},"geometry":{"type":"Polygon","coordinates":[[[-106.9013,37.7771],[-106.8804,37.8002],[-106.825,37.8207],[-106.735,37.8386],[-106.6775,37.8389],[-106.6526,37.8216],[-106.6362,37.7932],[-106.6283,37.7537],[-106.6328,37.7181],[-106.6496,37.6865],[-106.676,37.6667],[-106.712,37.6587],[-106.765,37.6682],[-106.835,37.6952],[-106.8804,37.723],[-106.9013,37.7514],[-106.9013,37.7771]]]}},{"type":"Feature","properties":{"c":"#00cc00","v0":0.25,"v1":0.5},"geometry":{"type":"Polygon","coordinates":[[[-105.2407,37.8081],[-105.2202,37.83],[-105.1897,37.8379],[-105.1492,37.8318],[-105.1492,37.8133],[-105.1897,37.7824],[-105.2202,37.7744],[-105.2407,37.7896],[-105.2407,37.8081]]]}},{"type":"Feature","properties":{"c":"#00cc00","v0":0.25,"v1":0.5},"geometry":{"type":"Polygon","coordinates":[[[-105.6041,37.7565],[-105.5814,37.8015],[-105.56,37.8259],[-105.54,37.8298],[-105.5186,37.8271],[-105.4957,37.8177],[-105.4806,37.8051],[-105.4732,37.7893],[-105.4797,37.7659],[-105.4999,37.7349],[-105.53,37.7181],[-105.57,37.7155],[-105.5964,37.7191],[-105.6091,37.729],[-105.6041,37.7565]]]}},{"type":"Feature","properties":{"c":"#00cc00","v0":0.25,"v1":0.5},"geometry":{"type":"Polygon","coordinates":[[[-99.6216,37.0227],[-99.5535,37.1583],[-99.4457,37.3136],[-99.2982,37.4884],[-99.2208,37.6181],[-99.2136,37.7029],[-99.185,37.7523],[-99.135,37.7663],[-99.105,37.7635],[-99.0949,37.7438],[-99.0914,37.7063],[-99.0945,37.6509],[-99.1145,37.5585],[-99.1515,37.4291],[-99.185,37.3693],[-99.215,37.3793],[-99.2372,37.3805],[-99.2515,37.373],[-99.3077,37.3096],[-99.4057,37.1902],[-99.477,37.0945],[-99.5216,37.0227],[-99.5654,36.974],[-99.6085,36.9484],[-99.6364,36.9404],[-99.6492,36.95],[-99.6216,37.0227]],[[-99.1622,37.6935],[-99.1541,37.7074],[-99.1496,37.7034],[-99.1488,37.6816],[-99.1529,37.6746],[-99.1618,37.6825],[-99.1622,37.6935]],[[-99.5788,37.0427],[-99.5609,37.0905],[-99.5415,37.122],[-99.5205,37.1371],[-99.51,37.1251],[-99.5101,37.0861],[-99.5201,37.053],[-99.54,37.0258],[-99.555,37.0091],[-99.565,37.003],[-99.5744,37.0046],[-99.5833,37.014],[-99.5788,37.0427]],[[-99.4717,37.2141],[-99.4313,37.2857],[-99.3908,37.3387],[-99.3503,37.373],[-99.315,37.4179],[-99.285,37.4732],[-99.26,37.5064],[-99.24,37.5175],[-99.22,37.5206],[-99.2,37.5157],[-99.1913,37.4972],[-99.1939,37.4648],[-99.2232,37.4288],[-99.2791,37.3891],[-99.3378,37.325],[-99.3993,37.2364],[-99.44,37.1849],[-99.46,37.1705],[-99.475,37.1627],[-99.485,37.1616],[-99.4905,37.1653],[-99.4914,37.1739],[-99.4717,37.2141]]]}},{"type":"Feature","properties":{"c":"#00cc00","v0":0.25,"v1":0.5},"geometry":{"type":"Polygon","coordinates":[[[-111.6108,37.6904],[-111.5924,37.6984],[-111.5849,37.6981],[-111.5883,37.6897],[-111.5975,37.6858],[-111.6125,37.6862],[-111.6108,37.6904]]]}},{"type":"Feature","properties":{"c":"#00cc00","v0":0.25,"v1":0.5},"geometry":{"type":"Polygon","coordinates":[[[-103.2786,37.6528],[-103.2595,37.6805],[-103.2321,37.6923],[-103.1963,37.6884],[-103.1773,37.6786],[-103.1754,37.6627],[-103.1833,37.6453],[-103.2011,37.6263],[-103.225,37.6149],[-103.255,37.6112],[-103.2745,37.6167],[-103.2836,37.6316],[-103.2786,37.6528]]]}},{"type":"Feature","properties":{"c":"#00cc00","v0":0.25,"v1":0.5},"geometry":{"type":"Polygon","coordinates":[[[-103.4832,37.6192],[-103.4611,37.643],[-103.438,37.6548],[-103.4139,37.6548],[-103.4125,37.6429],[-103.4338,37.6192],[-103.457,37.6073],[-103.4819,37.6073],[-103.4832,37.6192]]]}},{"type":"Feature","properties":{"c":"#00cc00","v0":0.25,"v1":0.5},"geometry":{"type":"Polygon","coordinates":[[[-105.8061,37.536],[-105.8019,37.5518],[-105.7923,37.5633],[-105.7774,37.5703],[-105.75,37.5666],[-105.71,37.5521],[-105.685,37.5473],[-105.675,37.5522],[-105.65,37.5773],[-105.61,37.6228],[-105.575,37.645],[-105.545,37.6437],[-105.5259,37.6381],[-105.5178,37.6281],[-105.516,37.6033],[-105.5207,37.5637],[-105.5498,37.5183],[-105.6033,37.467],[-105.645,37.4406],[-105.675,37.4391],[-105.6978,37.4568],[-105.7135,37.4937],[-105.7385,37.5109],[-105.7728,37.5083],[-105.7946,37.5123],[-105.8037,37.5228],[-105.8061,37.536]],[[-105.6416,37.5062],[-105.6339,37.526],[-105.6177,37.5419],[-105.593,37.5538],[-105.583,37.5507],[-105.5877,37.5325],[-105.6039,37.5167],[-105.6316,37.5031],[-105.6416,37.5062]]]}},{"type":"Feature","properties":{"c":"#00cc00","v0":0.25,"v1":0.5},"geometry":{"type":"Polygon","coordinates":[[[-112.2645,37.6148],[-112.2415,37.6297],[-112.2265,37.6337],[-112.2195,37.6266],[-112.2245,37.6154],[-112.2415,37.6],[-112.2565,37.596],[-112.2695,37.6035],[-112.2645,37.6148]]]}},{"type":"Feature","properties":{"c":"#00cc00","v0":0.25,"v1":0.5},"geometry":{"type":"Polygon","coordinates":[[[-112.5551,37.536],[-112.55,37.5518],[-112.5366,37.5558],[-112.5149,37.5479],[-112.5155,37.5317],[-112.5385,37.5072],[-112.5519,37.5032],[-112.5558,37.5198],[-112.5551,37.536]]]}},{"type":"Feature","properties":{"c":"#00cc00","v0":0.25,"v1":0.5},"geometry":{"type":"Polygon","coordinates":[[[-112.2276,37.5359],[-112.2159,37.5517],[-112.1971,37.5556],[-112.1714,37.5478],[-112.1773,37.5399],[-112.2148,37.532],[-112.2276,37.5359]]]}},{"type":"Feature","properties":{"c":"#00cc00","v0":0.25,"v1":0.5},"geometry":{"type":"Polygon","coordinates":[[[-106.684,37.3573],[-106.568,37.3971],[-106.46,37.4197],[-106.36,37.4252],[-106.3113,37.4411],[-106.3138,37.4673],[-106.3061,37.4884],[-106.2882,37.5042],[-106.227,37.5244],[-106.1223,37.5489],[-106.0575,37.5529],[-106.0326,37.5363],[-106.0565,37.5082],[-106.1293,37.4685],[-106.1687,37.4368],[-106.1747,37.4129],[-106.1867,37.3931],[-106.2046,37.3772],[-106.2009,37.3533],[-106.1755,37.3215],[-106.1796,37.2941],[-106.2132,37.2711],[-106.253,37.2631],[-106.2989,37.2702],[-106.3376,37.2937],[-106.369,37.3335],[-106.416,37.3425],[-106.4787,37.3208],[-106.568,37.3168],[-106.684,37.3306],[-106.684,37.3573]]]}},{"type":"Feature","properties":{"c":"#00cc00","v0":0.25,"v1":0.5},"geometry":{"type":"Polygon","coordinates":[[[-104.8929,37.4129],[-104.8804,37.4368],[-104.8581,37.4593],[-104.826,37.4807],[-104.74,37.4968],[-104.6,37.5076],[-104.5,37.5067],[-104.44,37.4942],[-104.3867,37.4702],[-104.3402,37.4347],[-104.3302,37.3981],[-104.3567,37.3606],[-104.395,37.3364],[-104.445,37.3256],[-104.4913,37.3245],[-104.5338,37.3331],[-104.5588,37.3531],[-104.5663,37.3845],[-104.615,37.4019],[-104.705,37.4052],[-104.78,37.4017],[-104.84,37.3913],[-104.8773,37.3899],[-104.8919,37.3973],[-104.8929,37.4129]],[[-104.8472,37.4287],[-104.8224,37.4521],[-104.74,37.4681],[-104.6,37.4766],[-104.495,37.4694],[-104.425,37.4465],[-104.3826,37.4265],[-104.3678,37.4095],[-104.3681,37.3891],[-104.3835,37.3653],[-104.4109,37.349],[-104.4503,37.3403],[-104.4826,37.3403],[-104.5077,37.349],[-104.5177,37.375],[-104.5126,37.4183],[-104.57,37.4371],[-104.69,37.4314],[-104.77,37.423],[-104.81,37.4121],[-104.8374,37.4092],[-104.8522,37.4143],[-104.8472,37.4287]]]}},{"type":"Feature","properties":{"c":"#00cc00","v0":0.25,"v1":0.5},"geometry":{"type":"Polygon","coordinates":[[[-96.1853,37.5003],[-96.1629,37.5082],[-96.1613,37.5015],[-96.1804,37.4801],[-96.1916,37.4762],[-96.1949,37.4896],[-96.1853,37.5003]]]}},{"type":"Feature","properties":{"c":"#00cc00","v0":0.25,"v1":0.5},"geometry":{"type":"Polygon","coordinates":[[[-96.3266,37.3391],[-96.3022,37.3743],[-96.265,37.4083],[-96.215,37.4411],[-96.1825,37.4474],[-96.1676,37.4271],[-96.1662,37.3931],[-96.1785,37.3454],[-96.216,37.3171],[-96.2787,37.3084],[-96.3172,37.3084],[-96.3316,37.3171],[-96.3266,37.3391]]]}},{"type":"Feature","properties":{"c":"#00cc00","v0":0.25,"v1":0.5},"geometry":{"type":"Polygon","coordinates":[[[-105.9081,37.0466],[-105.8955,37.1663],[-105.8494,37.2473],[-105.7698,37.2897],[-105.6617,37.3255],[-105.5252,37.3547],[-105.454,37.3613],[-105.4483,37.3454],[-105.4536,37.3255],[-105.4699,37.3016],[-105.451,37.2882],[-105.397,37.2852],[-105.365,37.2691],[-105.355,37.2398],[-105.37,37.2176],[-105.41,37.2023],[-105.46,37.1651],[-105.52,37.1062],[-105.57,37.0727],[-105.61,37.0647],[-105.69,37.0309],[-105.81,36.9713],[-105.8796,36.9448],[-105.8987,36.9515],[-105.9098,36.9628],[-105.9129,36.9788],[-105.9081,37.0466]],[[-105.8641,37.0187],[-105.8396,37.0506],[-105.8364,37.0786],[-105.8548,37.1025],[-105.8618,37.1384],[-105.8575,37.1862],[-105.8501,37.2141],[-105.8398,37.222],[-105.8035,37.2423],[-105.7412,37.2747],[-105.695,37.2929],[-105.665,37.2968],[-105.635,37.2965],[-105.6049,37.292],[-105.5866,37.2698],[-105.5799,37.23],[-105.5539,37.2141],[-105.5085,37.222],[-105.5069,37.1949],[-105.549,37.1326],[-105.6354,37.0728],[-105.7662,37.0154],[-105.8412,36.9857],[-105.8604,36.9837],[-105.8716,36.9877],[-105.8748,36.9977],[-105.8641,37.0187]]]}},{"type":"Feature","properties":{"c":"#00cc00","v0":0.25,"v1":0.5},"geometry":{"type":"Polygon","coordinates":[[[-105.3624,37.3275],[-105.3541,37.3394],[-105.3442,37.3434],[-105.3325,37.3394],[-105.3325,37.3302],[-105.3442,37.3159],[-105.3541,37.3119],[-105.3624,37.3183],[-105.3624,37.3275]]]}},{"type":"Feature","properties":{"c":"#00cc00","v0":0.25,"v1":0.5},"geometry":{"type":"Polygon","coordinates":[[[-97.285,37.3251],[-97.2617,37.3322],[-97.2448,37.3283],[-97.2345,37.3132],[-97.2334,37.2977],[-97.2415,37.2818],[-97.2517,37.274],[-97.2639,37.2744],[-97.2767,37.2863],[-97.29,37.3098],[-97.285,37.3251]]]}},{"type":"Feature","properties":{"c":"#00cc00","v0":0.25,"v1":0.5},"geometry":{"type":"Polygon","coordinates":[[[-96.1981,37.1862],[-96.1629,37.234],[-96.1214,37.2702],[-96.0738,37.2949],[-96.05,37.2982],[-96.05,37.2804],[-96.08,37.244],[-96.14,37.1891],[-96.18,37.1569],[-96.2,37.1476],[-96.2114,37.1478],[-96.2143,37.1575],[-96.1981,37.1862]]]}},{"type":"Feature","properties":{"c":"#00cc00","v0":0.25,"v1":0.5},"geometry":{"type":"Polygon","coordinates":[[[-99.3614,37.0427],[-99.3596,37.0905],[-99.3515,37.1255],[-99.3372,37.1476],[-99.31,37.1615],[-99.27,37.1672],[-99.2325,37.18],[-99.1974,37.2001],[-99.1789,37.1822],[-99.1771,37.1264],[-99.1697,37.0931],[-99.1566,37.0822],[-99.1,37.134],[-99.0,37.2485],[-98.9559,37.2778],[-98.9677,37.222],[-99.0083,37.1623],[-99.0778,37.0985],[-99.1669,36.9849],[-99.2756,36.8212],[-99.3357,36.7412],[-99.3471,36.7449],[-99.3521,36.7577],[-99.3507,36.7798],[-99.3258,36.8358],[-99.2775,36.9258],[-99.2775,36.9753],[-99.3258,36.9843],[-99.3531,36.9963],[-99.3592,37.0112],[-99.3614,37.0427]]]}},{"type":"Feature","properties":{"c":"#00cc00","v0":0.25,"v1":0.5},"geometry":{"type":"Polygon","coordinates":[[[-106.9069,37.0343],[-106.8556,37.0974],[-106.815,37.1259],[-106.785,37.1197],[-106.745,37.1385],[-106.695,37.1822],[-106.655,37.1952],[-106.625,37.1775],[-106.58,37.1859],[-106.52,37.2204],[-106.4794,37.2387],[-106.4582,37.2409],[-106.4564,37.2181],[-106.474,37.1703],[-106.5197,37.1185],[-106.5936,37.0626],[-106.6254,37.0203],[-106.6151,36.9916],[-106.6027,36.9757],[-106.5881,36.9724],[-106.5831,36.9654],[-106.5877,36.9546],[-106.6,36.9523],[-106.62,36.9585],[-106.66,36.9569],[-106.72,36.9477],[-106.765,36.9355],[-106.795,36.9202],[-106.8406,36.9351],[-106.9019,36.9802],[-106.9069,37.0343]]]}},{"type":"Feature","properties":{"c":"#00cc00","v0":0.25,"v1":0.5},"geometry":{"type":"Polygon","coordinates":[[[-99.9292,36.8748],[-99.8986,36.9708],[-99.87,37.0255],[-99.8433,37.039],[-99.8269,36.9991],[-99.8206,36.9056],[-99.8245,36.8348],[-99.8387,36.7868],[-99.8569,36.749],[-99.879,36.7214],[-99.8999,36.7094],[-99.9198,36.7129],[-99.9335,36.7427],[-99.9409,36.7988],[-99.9292,36.8748]],[[-99.8853,36.8311],[-99.8751,36.8398],[-99.87,36.8395],[-99.87,36.8302],[-99.875,36.8216],[-99.885,36.8136],[-99.8901,36.8139],[-99.8903,36.8225],[-99.8853,36.8311]]]}},{"type":"Feature","properties":{"c":"#00cc00","v0":0.25,"v1":0.5},"geometry":{"type":"Polygon","coordinates":[[[-100.8085,36.8508],[-100.7751,36.8988],[-100.7413,36.9103],[-100.7071,36.8852],[-100.6901,36.8532],[-100.6902,36.8143],[-100.7002,36.7711],[-100.7201,36.7238],[-100.74,36.7001],[-100.76,36.7001],[-100.7769,36.7078],[-100.7906,36.7231],[-100.8044,36.7547],[-100.8182,36.8028],[-100.8085,36.8508]]]}},{"type":"Feature","properties":{"c":"#00cc00","v0":0.25,"v1":0.5},"geometry":{"type":"Polygon","coordinates":[[[-107.1754,36.8461],[-107.1318,36.8846],[-107.0949,36.9006],[-107.0646,36.8941],[-107.0546,36.8778],[-107.0649,36.8517],[-107.095,36.8321],[-107.145,36.819],[-107.1768,36.8161],[-107.1904,36.8232],[-107.1754,36.8461]]]}},{"type":"Feature","properties":{"c":"#00cc00","v0":0.25,"v1":0.5},"geometry":{"type":"Polygon","coordinates":[[[-97.3307,36.8798],[-97.3169,36.8896],[-97.3085,36.8896],[-97.3056,36.8798],[-97.3043,36.8548],[-97.3046,36.8148],[-97.311,36.7859],[-97.3237,36.768],[-97.3253,36.78],[-97.3159,36.8219],[-97.3178,36.8508],[-97.331,36.8668],[-97.3307,36.8798]]]}},{"type":"Feature","properties":{"c":"#00cc00","v0":0.25,"v1":0.5},"geometry":{"type":"Polygon","coordinates":[[[-104.8415,36.8193],[-104.8205,36.8363],[-104.7958,36.8403],[-104.7673,36.8313],[-104.7673,36.8174],[-104.7958,36.7986],[-104.8205,36.7946],[-104.8415,36.8054],[-104.8415,36.8193]]]}},{"type":"Feature","properties":{"c":"#00cc00","v0":0.25,"v1":0.5},"geometry":{"type":"Polygon","coordinates":[[[-106.8113,36.7677],[-106.7171,36.8097],[-106.66,36.8316],[-106.64,36.8335],[-106.6231,36.8285],[-106.6094,36.8167],[-106.6103,36.7948],[-106.6259,36.7628],[-106.6528,36.736],[-106.6909,36.7146],[-106.735,36.7029],[-106.785,36.7007],[-106.8221,36.7114],[-106.8463,36.7349],[-106.8113,36.7677]]]}},{"type":"Feature","properties":{"c":"#00cc00","v0":0.25,"v1":0.5},"geometry":{"type":"Polygon","coordinates":[[[-106.4344,36.7277],[-106.4181,36.7538],[-106.398,36.7698],[-106.374,36.7758],[-106.3593,36.7587],[-106.3539,36.7187],[-106.3659,36.6953],[-106.3953,36.6887],[-106.4181,36.6928],[-106.4344,36.7074],[-106.4344,36.7277]]]}},{"type":"Feature","properties":{"c":"#00cc00","v0":0.25,"v1":0.5},"geometry":{"type":"Polygon","coordinates":[[[-106.2311,36.4939],[-106.2228,36.5341],[-106.1865,36.5847],[-106.1222,36.6459],[-106.055,36.6915],[-105.985,36.7217],[-105.925,36.7386],[-105.875,36.7423],[-105.8467,36.7408],[-105.8402,36.7341],[-105.8435,36.7187],[-105.8567,36.6946],[-105.8949,36.6577],[-105.9583,36.6078],[-106.038,36.5516],[-106.134,36.489],[-106.1953,36.4617],[-106.2219,36.4698],[-106.2311,36.4939]],[[-106.1699,36.5417],[-106.1566,36.5488],[-106.1468,36.5488],[-106.1403,36.5417],[-106.1453,36.5333],[-106.1618,36.5238],[-106.1716,36.5238],[-106.1749,36.5333],[-106.1699,36.5417]],[[-106.1036,36.6138],[-106.0945,36.6367],[-106.08,36.6549],[-106.06,36.6685],[-106.0159,36.6811],[-105.9478,36.6928],[-105.9428,36.6708],[-106.0009,36.6152],[-106.045,36.5856],[-106.075,36.582],[-106.0945,36.5857],[-106.1036,36.5968],[-106.1036,36.6138]]]}},{"type":"Feature","properties":{"c":"#00cc00","v0":0.25,"v1":0.5},"geometry":{"type":"Polygon","coordinates":[[[-107.3362,36.5008],[-107.3187,36.5227],[-107.265,36.5505],[-107.175,36.5843],[-107.115,36.6133],[-107.085,36.6374],[-107.04,36.6527],[-106.98,36.6592],[-106.94,36.6584],[-106.92,36.6502],[-106.9104,36.6392],[-106.9111,36.6253],[-106.929,36.6023],[-106.9638,36.5702],[-106.9797,36.5461],[-106.9767,36.5301],[-106.9592,36.51],[-106.9273,36.4858],[-106.926,36.4619],[-106.9553,36.4383],[-107.0,36.4266],[-107.06,36.4269],[-107.12,36.4136],[-107.18,36.3867],[-107.23,36.3713],[-107.27,36.3675],[-107.2953,36.3685],[-107.3059,36.3743],[-107.3094,36.3853],[-107.3058,36.4014],[-107.3142,36.4295],[-107.3347,36.4698],[-107.3362,36.5008]],[[-107.3138,36.4818],[-107.3073,36.4979],[-107.2905,36.5131],[-107.2635,36.5273],[-107.225,36.5374],[-107.175,36.5432],[-107.1367,36.5401],[-107.1102,36.5281],[-107.1102,36.5029],[-107.1367,36.4646],[-107.165,36.4381],[-107.195,36.4233],[-107.23,36.4209],[-107.27,36.4308],[-107.2968,36.4453],[-107.3103,36.4643],[-107.3138,36.4818]]]}},{"type":"Feature","properties":{"c":"#00cc00","v0":0.25,"v1":0.5},"geometry":{"type":"Polygon","coordinates":[[[-104.6689,36.5718],[-104.603,36.607],[-104.5565,36.623],[-104.5296,36.6199],[-104.519,36.6104],[-104.5248,36.5943],[-104.5533,36.5742],[-104.6044,36.55],[-104.64,36.5365],[-104.66,36.5339],[-104.678,36.538],[-104.6939,36.5488],[-104.6689,36.5718]]]}},{"type":"Feature","properties":{"c":"#00cc00","v0":0.25,"v1":0.5},"geometry":{"type":"Polygon","coordinates":[[[-106.5405,36.5416],[-106.5202,36.5487],[-106.4927,36.5447],[-106.4582,36.5296],[-106.4532,36.5153],[-106.4777,36.5019],[-106.5052,36.5059],[-106.5355,36.5274],[-106.5405,36.5416]]]}},{"type":"Feature","properties":{"c":"#00cc00","v0":0.25,"v1":0.5},"geometry":{"type":"Polygon","coordinates":[[[-107.9709,35.2342],[-107.957,35.2518],[-107.91,35.2713],[-107.83,35.2928],[-107.775,35.3308],[-107.745,35.3853],[-107.705,35.4159],[-107.655,35.4224],[-107.6223,35.4409],[-107.6069,35.4713],[-107.6134,35.5068],[-107.6418,35.5475],[-107.6549,35.5882],[-107.6528,35.6289],[-107.6232,35.6614],[-107.5663,35.6857],[-107.5058,35.7198],[-107.4419,35.7636],[-107.385,35.7937],[-107.335,35.8102],[-107.2844,35.8451],[-107.2333,35.8984],[-107.193,35.9533],[-107.1635,36.01],[-107.1261,36.0585],[-107.0811,36.0989],[-107.06,36.1272],[-107.0631,36.1434],[-107.076,36.1557],[-107.0987,36.1643],[-107.14,36.1544],[-107.2,36.1259],[-107.2516,36.0853],[-107.2949,36.0324],[-107.3299,35.9988],[-107.3566,35.9846],[-107.4,35.981],[-107.46,35.988],[-107.4965,36.0072],[-107.5095,36.0387],[-107.5339,36.0626],[-107.5697,36.0787],[-107.5867,36.0909],[-107.5851,36.0989],[-107.5507,36.1181],[-107.4836,36.1483],[-107.41,36.1649],[-107.33,36.1681],[-107.245,36.1879],[-107.155,36.2245],[-107.08,36.266],[-107.02,36.3124],[-106.98,36.3367],[-106.96,36.339],[-106.925,36.3314],[-106.875,36.3138],[-106.83,36.3226],[-106.79,36.3578],[-106.73,36.3895],[-106.65,36.4178],[-106.5625,36.4263],[-106.4675,36.415],[-106.4206,36.3973],[-106.4219,36.3732],[-106.4644,36.3278],[-106.5481,36.261],[-106.65,36.2315],[-106.77,36.2395],[-106.8364,36.2366],[-106.8492,36.2229],[-106.8142,36.2051],[-106.7314,36.1833],[-106.66,36.1777],[-106.6,36.1883],[-106.5612,36.1911],[-106.5436,36.1862],[-106.5417,36.1676],[-106.5555,36.1353],[-106.5996,36.0909],[-106.6739,36.0343],[-106.7177,35.9655],[-106.731,35.8845],[-106.6939,35.8115],[-106.6064,35.7466],[-106.6099,35.6695],[-106.7045,35.5801],[-106.7613,35.5297],[-106.7804,35.5186],[-106.7981,35.5145],[-106.8144,35.5175],[-106.8494,35.5545],[-106.9031,35.6253],[-106.945,35.6639],[-106.975,35.6702],[-107.0037,35.6592],[-107.0312,35.6309],[-107.0419,35.6085],[-107.0361,35.5923],[-107.0424,35.5738],[-107.0608,35.5532],[-107.0726,35.5247],[-107.0777,35.4884],[-107.1027,35.4486],[-107.1476,35.4053],[-107.1821,35.3849],[-107.2063,35.3874],[-107.2213,35.421],[-107.2271,35.4856],[-107.25,35.5096],[-107.29,35.493],[-107.3137,35.4892],[-107.3211,35.4983],[-107.3361,35.5027],[-107.3587,35.5025],[-107.3874,35.4943],[-107.4221,35.4782],[-107.4571,35.4479],[-107.4924,35.4034],[-107.54,35.3624],[-107.6,35.3252],[-107.6637,35.2985],[-107.7312,35.2825],[-107.7706,35.2581],[-107.7821,35.2255],[-107.7984,35.2011],[-107.8195,35.1851],[-107.855,35.1729],[-107.905,35.1644],[-107.942,35.1765],[-107.9659,35.2091],[-107.9709,35.2342]],[[-106.6834,36.3455],[-106.6345,36.3788],[-106.597,36.3949],[-106.5711,36.3939],[-106.5493,36.3853],[-106.5318,36.3692],[-106.5298,36.3477],[-106.5433,36.3207],[-106.57,36.2971],[-106.61,36.2768],[-106.6467,36.2742],[-106.6801,36.2892],[-106.6996,36.3047],[-106.7051,36.3208],[-106.6834,36.3455]],[[-107.8858,35.2132],[-107.8546,35.2214],[-107.8513,35.2173],[-107.8758,35.201],[-107.8914,35.1969],[-107.8981,35.205],[-107.8858,35.2132]],[[-107.6004,35.5949],[-107.5801,35.6164],[-107.55,35.6246],[-107.51,35.6193],[-107.505,35.5952],[-107.535,35.5522],[-107.5651,35.5441],[-107.5954,35.5708],[-107.6004,35.5949]],[[-107.42,35.6573],[-107.3915,35.706],[-107.3455,35.731],[-107.2818,35.7321],[-107.21,35.7608],[-107.13,35.8173],[-107.045,35.84],[-106.955,35.8292],[-106.8806,35.8085],[-106.8219,35.7781],[-106.8119,35.7438],[-106.8506,35.7057],[-106.905,35.6916],[-106.975,35.7016],[-107.035,35.6919],[-107.085,35.6627],[-107.125,35.6282],[-107.155,35.5887],[-107.22,35.5659],[-107.32,35.56],[-107.3822,35.5638],[-107.4067,35.5774],[-107.4228,35.5963],[-107.4304,35.6207],[-107.42,35.6573]],[[-107.4635,36.1089],[-107.4412,36.1209],[-107.415,36.1231],[-107.385,36.1157],[-107.363,36.1056],[-107.3491,36.0931],[-107.3451,36.0747],[-107.3508,36.0504],[-107.3628,36.0336],[-107.3809,36.0242],[-107.4049,36.0202],[-107.4346,36.0215],[-107.4557,36.0423],[-107.4683,36.0828],[-107.4635,36.1089]],[[-106.9295,35.9288],[-106.9165,35.9362],[-106.91,35.9316],[-106.91,35.9149],[-106.9165,35.9111],[-106.9295,35.9204],[-106.9295,35.9288]],[[-107.5538,35.4295],[-107.5368,35.4458],[-107.5288,35.4433],[-107.5296,35.4222],[-107.5381,35.414],[-107.5542,35.4189],[-107.5538,35.4295]]]}},{"type":"Feature","properties":{"c":"#00cc00","v0":0.25,"v1":0.5},"geometry":{"type":"Polygon","coordinates":[[[-106.2865,36.1474],[-106.2683,36.2039],[-106.249,36.2442],[-106.2286,36.2684],[-106.1913,36.291],[-106.1371,36.312],[-106.0992,36.32],[-106.0775,36.3152],[-106.0614,36.2967],[-106.0509,36.2644],[-106.0642,36.2241],[-106.1014,36.1757],[-106.1475,36.1332],[-106.2025,36.0966],[-106.24,36.0797],[-106.26,36.0824],[-106.2764,36.0926],[-106.2892,36.1103],[-106.2865,36.1474]],[[-106.2467,36.1555],[-106.2118,36.2281],[-106.1783,36.2708],[-106.1461,36.2837],[-106.1201,36.2877],[-106.1004,36.2829],[-106.0887,36.2684],[-106.0849,36.2442],[-106.0915,36.22],[-106.1085,36.1958],[-106.1453,36.1647],[-106.2018,36.1265],[-106.2385,36.1104],[-106.2556,36.1162],[-106.2467,36.1555]]]}},{"type":"Feature","properties":{"c":"#00cc00","v0":0.25,"v1":0.5},"geometry":{"type":"Polygon","coordinates":[[[-106.3943,36.2039],[-106.3736,36.212],[-106.3694,36.2079],[-106.3818,36.1918],[-106.3922,36.1878],[-106.4005,36.1958],[-106.3943,36.2039]]]}},{"type":"Feature","properties":{"c":"#00cc00","v0":0.25,"v1":0.5},"geometry":{"type":"Polygon","coordinates":[[[-105.2729,36.1329],[-105.2443,36.1603],[-105.215,36.1764],[-105.185,36.1811],[-105.1604,36.1795],[-105.1411,36.1716],[-105.138,36.1555],[-105.1512,36.1312],[-105.1708,36.1115],[-105.1969,36.0963],[-105.225,36.089],[-105.255,36.0895],[-105.2743,36.0971],[-105.2829,36.1118],[-105.2729,36.1329]]]}},{"type":"Feature","properties":{"c":"#00cc00","v0":0.25,"v1":0.5},"geometry":{"type":"Polygon","coordinates":[[[-107.9124,35.8867],[-107.8041,35.972],[-107.74,36.0121],[-107.72,36.007],[-107.6945,35.9765],[-107.6634,35.9206],[-107.6573,35.8764],[-107.6762,35.844],[-107.7167,35.8087],[-107.7789,35.7707],[-107.8226,35.7585],[-107.8478,35.7722],[-107.8578,35.8005],[-107.8526,35.8433],[-107.875,35.8561],[-107.925,35.8389],[-107.9541,35.8338],[-107.9624,35.8406],[-107.9124,35.8867]],[[-107.8056,35.8338],[-107.7685,35.8784],[-107.7366,35.8987],[-107.7099,35.8946],[-107.6982,35.8845],[-107.7013,35.8683],[-107.7164,35.848],[-107.7435,35.8237],[-107.7703,35.8063],[-107.7968,35.796],[-107.8135,35.796],[-107.8206,35.8063],[-107.8056,35.8338]]]}},{"type":"Feature","properties":{"c":"#00cc00","v0":0.25,"v1":0.5},"geometry":{"type":"Polygon","coordinates":[[[-108.1347,35.7278],[-108.1182,35.755],[-108.0966,35.7713],[-108.0699,35.7765],[-108.0599,35.7588],[-108.0666,35.7182],[-108.085,35.6947],[-108.115,35.6881],[-108.1332,35.6922],[-108.1397,35.7068],[-108.1347,35.7278]]]}},{"type":"Feature","properties":{"c":"#00cc00","v0":0.25,"v1":0.5},"geometry":{"type":"Polygon","coordinates":[[[-106.1487,35.4721],[-106.0962,35.5411],[-106.0333,35.5858],[-105.9599,35.6064],[-105.9241,35.6045],[-105.9259,35.5801],[-105.9426,35.5601],[-105.9742,35.5446],[-106.01,35.5057],[-106.05,35.4433],[-106.085,35.4064],[-106.115,35.3949],[-106.1412,35.4013],[-106.1637,35.4255],[-106.1487,35.4721]],[[-106.1435,35.4537],[-106.1212,35.4859],[-106.0978,35.5062],[-106.0733,35.5148],[-106.0575,35.5109],[-106.0505,35.4946],[-106.0527,35.4737],[-106.0642,35.4482],[-106.085,35.4291],[-106.115,35.4164],[-106.1362,35.4169],[-106.1485,35.4307],[-106.1435,35.4537]]]}},{"type":"Feature","properties":{"c":"#00cc00","v0":0.25,"v1":0.5},"geometry":{"type":"Polygon","coordinates":[[[-105.4469,35.0987],[-105.4141,35.1396],[-105.3964,35.1887],[-105.3939,35.2459],[-105.3769,35.2809],[-105.3456,35.2936],[-105.3238,35.2936],[-105.3115,35.2809],[-105.3094,35.2541],[-105.3175,35.2132],[-105.3436,35.163],[-105.3879,35.1035],[-105.42,35.069],[-105.44,35.0595],[-105.4533,35.0607],[-105.46,35.0724],[-105.4469,35.0987]]]}},{"type":"Feature","properties":{"c":"#00cc00","v0":0.25,"v1":0.5},"geometry":{"type":"Polygon","coordinates":[[[-106.2417,34.9964],[-106.2105,35.0619],[-106.1837,35.1055],[-106.1612,35.1272],[-106.115,35.1571],[-106.045,35.1954],[-105.99,35.2119],[-105.95,35.2066],[-105.9096,35.2135],[-105.8687,35.2324],[-105.8496,35.2296],[-105.8521,35.205],[-105.8639,35.1805],[-105.8849,35.156],[-105.939,35.1188],[-106.0263,35.069],[-106.105,35.0159],[-106.175,34.9596],[-106.22,34.9324],[-106.24,34.9343],[-106.2518,34.9423],[-106.2555,34.9565],[-106.2417,34.9964]],[[-106.1838,35.0481],[-106.1613,35.0861],[-106.1243,35.1106],[-106.0728,35.1218],[-106.0678,35.1014],[-106.1093,35.0493],[-106.14,35.0184],[-106.16,35.0087],[-106.1763,35.0102],[-106.1888,35.0228],[-106.1838,35.0481]]]}},{"type":"Feature","properties":{"c":"#00cc00","v0":0.25,"v1":0.5},"geometry":{"type":"Polygon","coordinates":[[[-106.1647,35.2152],[-106.1549,35.2274],[-106.145,35.2322],[-106.135,35.2295],[-106.135,35.2192],[-106.145,35.2013],[-106.1549,35.1966],[-106.1647,35.2049],[-106.1647,35.2152]]]}},{"type":"Feature","properties":{"c":"#00cc00","v0":0.25,"v1":0.5},"geometry":{"type":"Polygon","coordinates":[[[-107.8464,34.6146],[-107.7954,34.7051],[-107.7524,34.7667],[-107.7176,34.7995],[-107.6955,34.8447],[-107.6862,34.9021],[-107.6904,34.9513],[-107.7083,34.9923],[-107.708,35.0292],[-107.6895,35.0619],[-107.6677,35.0846],[-107.6426,35.0972],[-107.61,35.1035],[-107.57,35.1034],[-107.524,35.0889],[-107.472,35.06],[-107.422,35.0433],[-107.374,35.0389],[-107.3328,35.0471],[-107.2985,35.0679],[-107.2738,35.0947],[-107.2587,35.1274],[-107.2287,35.1478],[-107.1838,35.156],[-107.1613,35.1315],[-107.1612,35.0742],[-107.1483,35.0327],[-107.1228,35.0069],[-107.0893,34.9987],[-107.0478,35.0081],[-107.0278,35.0002],[-107.0293,34.9751],[-107.05,34.9595],[-107.09,34.9535],[-107.1203,34.9333],[-107.1409,34.8989],[-107.1759,34.867],[-107.2253,34.8379],[-107.275,34.8427],[-107.325,34.8816],[-107.3942,34.8798],[-107.4826,34.8372],[-107.5406,34.7995],[-107.5683,34.7667],[-107.5638,34.742],[-107.527,34.7256],[-107.506,34.7051],[-107.501,34.6804],[-107.5564,34.628],[-107.6721,34.5479],[-107.74,34.5067],[-107.76,34.5047],[-107.79,34.5114],[-107.83,34.5268],[-107.8555,34.5432],[-107.8664,34.5606],[-107.8464,34.6146]],[[-107.6787,35.0397],[-107.6596,35.0606],[-107.63,35.0721],[-107.59,35.074],[-107.5325,35.0513],[-107.4575,35.0038],[-107.4206,34.9759],[-107.422,34.9677],[-107.4385,34.9431],[-107.4702,34.9021],[-107.517,34.8652],[-107.579,34.8323],[-107.6188,34.8241],[-107.6364,34.8406],[-107.6423,34.8693],[-107.6365,34.9103],[-107.6472,34.9554],[-107.6745,35.0046],[-107.6787,35.0397]],[[-107.2896,34.9614],[-107.2765,34.9569],[-107.275,34.9525],[-107.285,34.9484],[-107.2915,34.9506],[-107.2946,34.9593],[-107.2896,34.9614]],[[-107.7638,34.6304],[-107.7279,34.6538],[-107.68,34.6705],[-107.62,34.6805],[-107.5825,34.6811],[-107.5676,34.6724],[-107.5676,34.6562],[-107.5825,34.6325],[-107.6,34.6167],[-107.62,34.6088],[-107.65,34.6006],[-107.69,34.5919],[-107.7279,34.5954],[-107.7638,34.6109],[-107.7638,34.6304]]]}},{"type":"Feature","properties":{"c":"#00cc00","v0":0.25,"v1":0.5},"geometry":{"type":"Polygon","coordinates":[[[-111.8417,35.1465],[-111.8206,35.152],[-111.8049,35.1479],[-111.7946,35.1342],[-111.7996,35.125],[-111.8199,35.1201],[-111.8356,35.1242],[-111.8467,35.1372],[-111.8417,35.1465]]]}},{"type":"Feature","properties":{"c":"#00cc00","v0":0.25,"v1":0.5},"geometry":{"type":"Polygon","coordinates":[[[-107.0307,35.1042],[-107.0169,35.1233],[-106.9952,35.1315],[-106.9656,35.1288],[-106.9491,35.1233],[-106.9455,35.1151],[-106.9553,35.1003],[-106.9784,35.0787],[-107.0019,35.0746],[-107.0257,35.088],[-107.0307,35.1042]]]}},{"type":"Feature","properties":{"c":"#00cc00","v0":0.25,"v1":0.5},"geometry":{"type":"Polygon","coordinates":[[[-112.0434,35.0986],[-112.0345,35.1066],[-112.0204,35.1066],[-112.0013,35.0986],[-111.9963,35.0896],[-112.0054,35.0796],[-112.0195,35.0796],[-112.0384,35.0896],[-112.0434,35.0986]]]}},{"type":"Feature","properties":{"c":"#00cc00","v0":0.25,"v1":0.5},"geometry":{"type":"Polygon","coordinates":[[[-99.3166,34.8201],[-99.2804,34.8611],[-99.2343,34.8982],[-99.1781,34.9314],[-99.14,34.9432],[-99.12,34.9335],[-99.0929,34.9292],[-99.0588,34.9303],[-99.0488,34.9169],[-99.0629,34.8889],[-99.085,34.8635],[-99.115,34.8407],[-99.14,34.8369],[-99.16,34.8523],[-99.205,34.8363],[-99.275,34.7888],[-99.3162,34.7737],[-99.3285,34.7909],[-99.3166,34.8201]]]}},{"type":"Feature","properties":{"c":"#00cc00","v0":0.25,"v1":0.5},"geometry":{"type":"Polygon","coordinates":[[[-99.4948,34.7544],[-99.437,34.7954],[-99.4236,34.7936],[-99.4545,34.7489],[-99.48,34.7224],[-99.5,34.714],[-99.5134,34.7158],[-99.5203,34.7278],[-99.4948,34.7544]]]}},{"type":"Feature","properties":{"c":"#00cc00","v0":0.25,"v1":0.5},"geometry":{"type":"Polygon","coordinates":[[[-98.9346,34.779],[-98.9162,34.8037],[-98.9027,34.8078],[-98.894,34.7913],[-98.8938,34.7749],[-98.9019,34.7585],[-98.9119,34.7491],[-98.924,34.7467],[-98.9334,34.7508],[-98.9403,34.7614],[-98.9346,34.779]]]}},{"type":"Feature","properties":{"c":"#00cc00","v0":0.25,"v1":0.5},"geometry":{"type":"Polygon","coordinates":[[[-105.4084,34.6308],[-105.3695,34.6881],[-105.3,34.731],[-105.2,34.7596],[-105.1327,34.7721],[-105.0982,34.7685],[-105.0788,34.7585],[-105.0747,34.742],[-105.0792,34.7256],[-105.0924,34.7092],[-105.1368,34.6802],[-105.2123,34.6386],[-105.285,34.6034],[-105.355,34.5744],[-105.3974,34.5622],[-105.4123,34.5669],[-105.4217,34.5775],[-105.4258,34.594],[-105.4084,34.6308]],[[-105.3827,34.6355],[-105.3476,34.6692],[-105.29,34.7016],[-105.21,34.7327],[-105.155,34.7469],[-105.125,34.7443],[-105.1153,34.7325],[-105.1258,34.7114],[-105.1658,34.6825],[-105.2353,34.6455],[-105.295,34.6174],[-105.345,34.5983],[-105.3776,34.5962],[-105.3927,34.6112],[-105.3827,34.6355]]]}},{"type":"Feature","properties":{"c":"#00cc00","v0":0.25,"v1":0.5},"geometry":{"type":"Polygon","coordinates":[[[-110.2342,34.7503],[-110.2111,34.7503],[-110.2072,34.7452],[-110.2224,34.735],[-110.2339,34.735],[-110.2418,34.7452],[-110.2342,34.7503]]]}},{"type":"Feature","properties":{"c":"#00cc00","v0":0.25,"v1":0.5},"geometry":{"type":"Polygon","coordinates":[[[-110.431,34.631],[-110.4045,34.6557],[-110.3867,34.6804],[-110.3777,34.7051],[-110.3673,34.7167],[-110.3558,34.7154],[-110.3457,34.703],[-110.3372,34.6797],[-110.3364,34.6598],[-110.3435,34.6434],[-110.3628,34.6246],[-110.3943,34.6035],[-110.415,34.5923],[-110.425,34.5908],[-110.4336,34.5972],[-110.4407,34.6115],[-110.431,34.631]]]}},{"type":"Feature","properties":{"c":"#00cc00","v0":0.25,"v1":0.5},"geometry":{"type":"Polygon","coordinates":[[[-107.453,34.6886],[-107.4284,34.6968],[-107.4196,34.6954],[-107.4265,34.6843],[-107.4388,34.6802],[-107.4564,34.6831],[-107.453,34.6886]]]}},{"type":"Feature","properties":{"c":"#00cc00","v0":0.25,"v1":0.5},"geometry":{"type":"Polygon","coordinates":[[[-108.2027,34.6434],[-108.1954,34.6598],[-108.1814,34.672],[-108.1605,34.68],[-108.125,34.6875],[-108.075,34.6946],[-108.0419,34.6907],[-108.0256,34.6756],[-108.0231,34.6557],[-108.0343,34.631],[-108.0524,34.6138],[-108.0775,34.604],[-108.1082,34.5999],[-108.1447,34.6014],[-108.1738,34.6104],[-108.1955,34.6269],[-108.2027,34.6434]]]}},{"type":"Feature","properties":{"c":"#00cc00","v0":0.25,"v1":0.5},"geometry":{"type":"Polygon","coordinates":[[[-109.9413,34.5453],[-109.9204,34.5631],[-109.9,34.5692],[-109.88,34.5635],[-109.815,34.5742],[-109.705,34.6013],[-109.6417,34.6117],[-109.6252,34.6054],[-109.6212,34.594],[-109.6298,34.5775],[-109.6631,34.5555],[-109.721,34.5278],[-109.765,34.5123],[-109.795,34.509],[-109.825,34.5174],[-109.855,34.5374],[-109.885,34.5391],[-109.915,34.5225],[-109.9354,34.5197],[-109.9463,34.5308],[-109.9413,34.5453]]]}},{"type":"Feature","properties":{"c":"#00cc00","v0":0.25,"v1":0.5},"geometry":{"type":"Polygon","coordinates":[[[-107.3194,34.4539],[-107.3009,34.4869],[-107.2663,34.5194],[-107.2154,34.5514],[-107.16,34.5752],[-107.1,34.5909],[-107.0396,34.5954],[-106.9788,34.589],[-106.9538,34.5678],[-106.9646,34.532],[-107.015,34.4929],[-107.105,34.4506],[-107.18,34.4239],[-107.24,34.4129],[-107.2846,34.4149],[-107.3139,34.4299],[-107.3194,34.4539]],[[-107.2948,34.4704],[-107.2666,34.5034],[-107.2318,34.53],[-107.1906,34.5504],[-107.14,34.5657],[-107.08,34.5759],[-107.0304,34.574],[-106.9913,34.5599],[-106.9813,34.5415],[-107.0004,34.5188],[-107.055,34.4876],[-107.145,34.448],[-107.215,34.4273],[-107.265,34.4255],[-107.2947,34.4319],[-107.3042,34.4466],[-107.2948,34.4704]]]}},{"type":"Feature","properties":{"c":"#00cc00","v0":0.25,"v1":0.5},"geometry":{"type":"Polygon","coordinates":[[[-108.1217,34.4965],[-108.1006,34.5158],[-108.075,34.526],[-108.045,34.527],[-108.04,34.5108],[-108.06,34.4773],[-108.08,34.4589],[-108.1,34.4554],[-108.1156,34.4619],[-108.1267,34.4786],[-108.1217,34.4965]]]}},{"type":"Feature","properties":{"c":"#00cc00","v0":0.25,"v1":0.5},"geometry":{"type":"Polygon","coordinates":[[[-109.7995,34.4579],[-109.7665,34.4659],[-109.7256,34.4576],[-109.6769,34.4332],[-109.661,34.4127],[-109.6778,34.3962],[-109.6964,34.3879],[-109.717,34.3879],[-109.7443,34.3962],[-109.7784,34.4127],[-109.8006,34.4292],[-109.8109,34.4457],[-109.7995,34.4579]]]}},{"type":"Feature","properties":{"c":"#00cc00","v0":0.25,"v1":0.5},"geometry":{"type":"Polygon","coordinates":[[[-109.6144,34.4374],[-109.598,34.4374],[-109.5948,34.4333],[-109.6049,34.425],[-109.6131,34.425],[-109.6194,34.4333],[-109.6144,34.4374]]]}},{"type":"Feature","properties":{"c":"#00cc00","v0":0.25,"v1":0.5},"geometry":{"type":"Polygon","coordinates":[[[-107.6285,34.264],[-107.6211,34.2806],[-107.6056,34.2952],[-107.5819,34.308],[-107.545,34.3208],[-107.495,34.3336],[-107.46,34.3354],[-107.4399,34.3264],[-107.4363,34.293],[-107.4492,34.2351],[-107.4742,34.1889],[-107.5114,34.1543],[-107.5435,34.1378],[-107.5706,34.1392],[-107.5961,34.1689],[-107.6202,34.2268],[-107.6285,34.264]]]}},{"type":"Feature","properties":{"c":"#00cc00","v0":0.25,"v1":0.5},"geometry":{"type":"Polygon","coordinates":[[[-107.7937,34.0522],[-107.7779,34.0755],[-107.755,34.0832],[-107.725,34.0755],[-107.7041,34.0639],[-107.6923,34.0483],[-107.6899,34.0323],[-107.6969,34.0157],[-107.7128,34.0031],[-107.7376,33.9946],[-107.7629,34.0029],[-107.7887,34.028],[-107.7937,34.0522]]]}},{"type":"Feature","properties":{"c":"#00cc00","v0":0.25,"v1":0.5},"geometry":{"type":"Polygon","coordinates":[[[-108.2135,33.8751],[-108.1712,33.9092],[-108.135,33.9263],[-108.105,33.9263],[-108.0932,33.9176],[-108.0997,33.9001],[-108.1197,33.8788],[-108.1532,33.8539],[-108.18,33.8402],[-108.2,33.8376],[-108.2162,33.8417],[-108.2285,33.8526],[-108.2135,33.8751]]]}},{"type":"Feature","properties":{"c":"#00cc00","v0":0.25,"v1":0.5},"geometry":{"type":"Polygon","coordinates":[[[-105.4715,33.7385],[-105.4172,33.7654],[-105.3522,33.7779],[-105.2766,33.7759],[-105.2475,33.7625],[-105.2648,33.7376],[-105.2926,33.7154],[-105.3309,33.6959],[-105.38,33.6861],[-105.44,33.6859],[-105.4772,33.6956],[-105.4915,33.7152],[-105.4715,33.7385]]]}},{"type":"Feature","properties":{"c":"#00cc00","v0":0.25,"v1":0.5},"geometry":{"type":"Polygon","coordinates":[[[-105.4515,33.2622],[-105.4213,33.3374],[-105.3871,33.3848],[-105.349,33.4044],[-105.315,33.4119],[-105.285,33.4072],[-105.2644,33.389],[-105.2531,33.3574],[-105.2588,33.3207],[-105.2814,33.2789],[-105.307,33.2506],[-105.3357,33.2359],[-105.375,33.2242],[-105.425,33.2154],[-105.4542,33.2144],[-105.4625,33.2212],[-105.4515,33.2622]],[[-105.4193,33.2959],[-105.3998,33.3383],[-105.375,33.3671],[-105.345,33.3825],[-105.32,33.3877],[-105.3,33.3829],[-105.2861,33.3666],[-105.2783,33.3388],[-105.2851,33.3082],[-105.3063,33.2747],[-105.3366,33.2538],[-105.376,33.2455],[-105.404,33.2497],[-105.4207,33.2664],[-105.4193,33.2959]]]}},{"type":"Feature","properties":{"c":"#00cc00","v0":0.25,"v1":0.5},"geometry":{"type":"Polygon","coordinates":[[[-100.7958,33.2963],[-100.7919,33.3059],[-100.785,33.3081],[-100.775,33.303],[-100.7626,33.2899],[-100.7478,33.2686],[-100.7478,33.2457],[-100.7626,33.2211],[-100.7769,33.2295],[-100.7908,33.2708],[-100.7958,33.2963]]]}},{"type":"Feature","properties":{"c":"#00cc00","v0":0.25,"v1":0.5},"geometry":{"type":"Polygon","coordinates":[[[-101.3092,32.9577],[-101.2964,32.9603],[-101.29,32.9553],[-101.29,32.9426],[-101.295,32.9358],[-101.305,32.9349],[-101.3114,32.9399],[-101.3142,32.9509],[-101.3092,32.9577]]]}},{"type":"Feature","properties":{"c":"#00cc00","v0":0.25,"v1":0.5},"geometry":{"type":"Polygon","coordinates":[[[-102.5728,31.1426],[-102.5564,31.1768],[-102.5275,31.211],[-102.4859,31.2452],[-102.4514,31.2689],[-102.4238,31.2819],[-102.3968,31.2862],[-102.3704,31.2817],[-102.3575,31.2666],[-102.3582,31.241],[-102.3913,31.1963],[-102.4571,31.1327],[-102.505,31.0968],[-102.535,31.0887],[-102.5578,31.0949],[-102.5733,31.1153],[-102.5728,31.1426]],[[-102.5149,31.1663],[-102.4716,31.2138],[-102.435,31.2411],[-102.405,31.2485],[-102.394,31.2419],[-102.4021,31.2213],[-102.4271,31.193],[-102.469,31.1569],[-102.5,31.1361],[-102.52,31.1306],[-102.5316,31.1315],[-102.5349,31.1389],[-102.5149,31.1663]]]}},{"type":"Feature","properties":{"c":"#00cc00","v0":0.25,"v1":0.5},"geometry":{"type":"Polygon","coordinates":[[[-102.7656,30.894],[-102.756,30.9112],[-102.7442,30.9198],[-102.7303,30.9198],[-102.725,30.9097],[-102.7283,30.8894],[-102.7401,30.8808],[-102.7604,30.8839],[-102.7656,30.894]]]}},{"type":"Feature","properties":{"c":"#00cc00","v0":0.25,"v1":0.5},"geometry":{"type":"Polygon","coordinates":[[[-103.1739,30.2529],[-103.158,30.2621],[-103.1466,30.2621],[-103.1398,30.2529],[-103.1448,30.2433],[-103.1616,30.2334],[-103.173,30.2334],[-103.1789,30.2433],[-103.1739,30.2529]]]}},{"type":"Feature","properties":{"c":"#00cc00","v0":0.25,"v1":0.5},"geometry":{"type":"Polygon","coordinates":[[[-80.1951,28.7373],[-80.1784,28.7796],[-80.16,28.8049],[-80.14,28.8132],[-80.12,28.8141],[-80.1,28.8078],[-80.0753,28.7913],[-80.046,28.7646],[-80.0322,28.7117],[-80.0339,28.6327],[-80.0336,28.5891],[-80.0312,28.581],[-80.025,28.5829],[-80.015,28.595],[-80.0064,28.6211],[-79.9991,28.661],[-80.0032,28.6985],[-80.0185,28.7336],[-80.0198,28.7687],[-80.007,28.8038],[-80.008,28.854],[-80.0227,28.9194],[-80.025,28.9613],[-80.015,28.9797],[-79.985,28.9984],[-79.935,29.0174],[-79.8889,29.0761],[-79.8467,29.1744],[-79.8038,29.1668],[-79.7604,29.0532],[-79.7415,28.992],[-79.7472,28.9832],[-79.76,28.984],[-79.78,28.9946],[-79.7971,28.9859],[-79.8113,28.9579],[-79.8029,28.8957],[-79.772,28.7994],[-79.7376,28.7205],[-79.6996,28.6591],[-79.6829,28.6218],[-79.6876,28.6086],[-79.7,28.5992],[-79.72,28.5936],[-79.7423,28.5957],[-79.7669,28.6058],[-79.7919,28.6274],[-79.8173,28.6607],[-79.8414,28.6739],[-79.8642,28.6669],[-79.8911,28.5581],[-79.922,28.3471],[-79.9506,28.2369],[-79.9769,28.2278],[-79.999,28.2322],[-80.0169,28.2501],[-80.0404,28.3163],[-80.0694,28.4306],[-80.1083,28.5186],[-80.1571,28.5801],[-80.187,28.6371],[-80.198,28.6898],[-80.1951,28.7373]],[[-79.7431,28.6543],[-79.721,28.636],[-79.7183,28.6272],[-79.7349,28.628],[-79.7459,28.6371],[-79.7514,28.6547],[-79.7431,28.6543]],[[-80.1713,28.7334],[-80.1571,28.7681],[-80.1377,28.7812],[-80.113,28.7729],[-80.0972,28.7468],[-80.0903,28.7029],[-80.0926,28.6691],[-80.1042,28.6453],[-80.12,28.6338],[-80.14,28.6346],[-80.1571,28.6553],[-80.1713,28.6958],[-80.1713,28.7334]],[[-79.984,28.9364],[-79.9613,28.9564],[-79.935,28.9631],[-79.905,28.9564],[-79.8687,28.9245],[-79.826,28.8674],[-79.8055,28.8213],[-79.8071,28.7862],[-79.8384,28.7425],[-79.8995,28.69],[-79.9463,28.7294],[-79.979,28.8608],[-79.984,28.9364]]]}},{"type":"Feature","properties":{"c":"#00cc00","v0":0.25,"v1":0.5},"geometry":{"type":"Polygon","coordinates":[[[-91.8191,29.145],[-91.7997,29.1624],[-91.7696,29.1362],[-91.7289,29.0663],[-91.7139,29.0189],[-91.7246,28.9939],[-91.745,28.9732],[-91.775,28.9568],[-91.7984,28.9562],[-91.8151,28.9713],[-91.8166,29.0095],[-91.8029,29.0707],[-91.8042,29.11],[-91.8206,29.1275],[-91.8191,29.145]],[[-91.7734,29.0215],[-91.7578,29.0368],[-91.7464,29.0411],[-91.7392,29.0346],[-91.7392,29.0217],[-91.7464,29.0023],[-91.755,28.9914],[-91.765,28.9891],[-91.7728,28.9944],[-91.7784,29.0074],[-91.7734,29.0215]]]}},{"type":"Feature","properties":{"c":"#00cc00","v0":0.25,"v1":0.5},"geometry":{"type":"Polygon","coordinates":[[[-79.5457,29.0731],[-79.5352,29.0868],[-79.52,29.0933],[-79.5,29.0926],[-79.4888,29.0727],[-79.4863,29.0335],[-79.4963,29.0134],[-79.5188,29.0123],[-79.5352,29.0254],[-79.5457,29.0527],[-79.5457,29.0731]]]}},{"type":"Feature","properties":{"c":"#00cc00","v0":0.25,"v1":0.5},"geometry":{"type":"Polygon","coordinates":[[[-79.3874,28.8684],[-79.3758,28.8926],[-79.365,28.9028],[-79.355,28.8989],[-79.3429,28.8824],[-79.3286,28.8533],[-79.3236,28.8275],[-79.3279,28.805],[-79.34,28.7961],[-79.36,28.801],[-79.3758,28.8167],[-79.3874,28.8431],[-79.3874,28.8684]]]}},{"type":"Feature","properties":{"c":"#00cc00","v0":0.25,"v1":0.5},"geometry":{"type":"Polygon","coordinates":[[[-79.3192,28.23],[-79.3131,28.2425],[-79.3058,28.2425],[-79.2975,28.23],[-79.2975,28.2183],[-79.3058,28.2074],[-79.3131,28.2074],[-79.3192,28.2183],[-79.3192,28.23]]]}},{"type":"Feature","properties":{"c":"#00cc00","v0":0.25,"v1":0.5},"geometry":{"type":"Polygon","coordinates":[[[-95.6756,28.065],[-95.6645,28.1003],[-95.6467,28.1286],[-95.6222,28.1498],[-95.59,28.1651],[-95.55,28.1743],[-95.5154,28.1725],[-95.4862,28.1597],[-95.4792,28.1312],[-95.4943,28.0871],[-95.5239,28.0499],[-95.568,28.0196],[-95.605,28.0013],[-95.635,27.9952],[-95.6578,28.006],[-95.6733,28.0336],[-95.6756,28.065]],[[-95.6495,28.0851],[-95.6232,28.1251],[-95.5836,28.1471],[-95.5309,28.1512],[-95.5053,28.1356],[-95.507,28.1003],[-95.5283,28.0675],[-95.5694,28.0372],[-95.605,28.0223],[-95.635,28.0228],[-95.6532,28.0335],[-95.6595,28.0545],[-95.6495,28.0851]]]}},{"type":"Feature","properties":{"c":"#00cc00","v0":0.25,"v1":0.5},"geometry":{"type":"Polygon","coordinates":[[[-79.6729,27.8884],[-79.6643,27.9238],[-79.6425,27.9396],[-79.6075,27.936],[-79.5839,27.9183],[-79.5717,27.8866],[-79.5717,27.858],[-79.5839,27.8327],[-79.605,27.8157],[-79.635,27.8072],[-79.6568,27.8199],[-79.6704,27.8538],[-79.6729,27.8884]]]}},{"type":"Feature","properties":{"c":"#00cc00","v0":0.25,"v1":0.5},"geometry":{"type":"Polygon","coordinates":[[[-79.6986,27.7157],[-79.6795,27.7596],[-79.6621,27.7729],[-79.6464,27.7555],[-79.6393,27.7336],[-79.641,27.707],[-79.6539,27.6823],[-79.678,27.6592],[-79.6945,27.6592],[-79.7036,27.6823],[-79.6986,27.7157]]]}},{"type":"Feature","properties":{"c":"#00cc00","v0":0.25,"v1":0.5},"geometry":{"type":"Polygon","coordinates":[[[-79.7653,27.5431],[-79.7555,27.5609],[-79.7354,27.5775],[-79.7051,27.5931],[-79.6771,27.5798],[-79.6512,27.5376],[-79.6399,27.4943],[-79.6432,27.45],[-79.6596,27.4322],[-79.689,27.4411],[-79.7203,27.4677],[-79.7536,27.5121],[-79.7653,27.5431]]]}},{"type":"Feature","properties":{"c":"#00cc00","v0":0.25,"v1":0.5},"geometry":{"type":"Polygon","coordinates":[[[-98.3458,26.9701],[-98.3353,26.9798],[-98.32,26.974],[-98.3,26.9525],[-98.265,26.9419],[-98.215,26.9421],[-98.1596,26.9257],[-98.0988,26.8926],[-98.0571,26.8582],[-98.0344,26.8225],[-98.0278,26.7779],[-98.0374,26.7243],[-98.0641,26.6903],[-98.108,26.676],[-98.155,26.6752],[-98.205,26.6879],[-98.2248,26.713],[-98.2143,26.7503],[-98.2446,26.8181],[-98.3156,26.9162],[-98.3458,26.9701]],[[-98.2299,26.8815],[-98.2166,26.8923],[-98.18,26.8853],[-98.12,26.8605],[-98.0794,26.8327],[-98.0581,26.8021],[-98.0531,26.7697],[-98.0644,26.7355],[-98.08,26.7183],[-98.1,26.718],[-98.1244,26.7306],[-98.1532,26.7562],[-98.1848,26.7958],[-98.2193,26.8493],[-98.2299,26.8815]]]}},{"type":"Feature","properties":{"c":"#00cc00","v0":0.25,"v1":0.5},"geometry":{"type":"Polygon","coordinates":[[[-98.0202,26.9544],[-98.0134,26.9684],[-98.0,26.9756],[-97.98,26.976],[-97.9538,26.9601],[-97.9214,26.9279],[-97.9264,26.9133],[-97.9688,26.9163],[-97.9984,26.9252],[-98.0152,26.94],[-98.0202,26.9544]]]}},{"type":"Feature","properties":{"c":"#00cc00","v0":0.25,"v1":0.5},"geometry":{"type":"Polygon","coordinates":[[[-98.291,26.626],[-98.2724,26.626],[-98.2698,26.6224],[-98.2833,26.6153],[-98.2926,26.6153],[-98.2977,26.6224],[-98.291,26.626]]]}},{"type":"Feature","properties":{"c":"#00cc00","v0":0.25,"v1":0.5},"geometry":{"type":"Polygon","coordinates":[[[-98.3571,26.5602],[-98.3524,26.5718],[-98.342,26.5763],[-98.3259,26.5737],[-98.3159,26.5583],[-98.312,26.5302],[-98.315,26.5152],[-98.325,26.5134],[-98.3374,26.523],[-98.3521,26.544],[-98.3571,26.5602]]]}},{"type":"Feature","properties":{"c":"#00cc00","v0":0.25,"v1":0.5},"geometry":{"type":"Polygon","coordinates":[[[-96.9877,26.3738],[-96.9759,26.4063],[-96.955,26.4275],[-96.925,26.4373],[-96.89,26.4418],[-96.85,26.441],[-96.7879,26.4288],[-96.7036,26.4052],[-96.6886,26.379],[-96.7429,26.3503],[-96.805,26.3279],[-96.875,26.3118],[-96.925,26.3059],[-96.955,26.3101],[-96.9759,26.3236],[-96.9877,26.3462],[-96.9877,26.3738]],[[-96.9571,26.3844],[-96.9472,26.4023],[-96.9242,26.4153],[-96.8881,26.4234],[-96.8537,26.4234],[-96.8211,26.4153],[-96.7963,26.4023],[-96.7795,26.3844],[-96.7846,26.3665],[-96.8117,26.3485],[-96.8464,26.336],[-96.8888,26.329],[-96.9204,26.329],[-96.9412,26.336],[-96.9543,26.3485],[-96.9595,26.3665],[-96.9571,26.3844]]]}},{"type":"Feature","properties":{"c":"#00cc00","v0":0.25,"v1":0.5},"geometry":{"type":"Polygon","coordinates":[[[-78.9848,26.0379],[-78.9749,26.0447],[-78.9567,26.0447],[-78.9301,26.0379],[-78.9015,26.0165],[-78.8709,25.9805],[-78.8742,25.9645],[-78.9114,25.9685],[-78.9449,25.9865],[-78.9748,26.0185],[-78.9848,26.0379]]]}},{"type":"Feature","properties":{"c":"#00cc00","v0":0.25,"v1":0.5},"geometry":{"type":"Polygon","coordinates":[[[-98.5266,25.9086],[-98.4948,25.9445],[-98.4416,25.9761],[-98.3672,26.0032],[-98.3379,25.9942],[-98.3538,25.9491],[-98.3346,25.9086],[-98.2804,25.8726],[-98.2409,25.8096],[-98.2161,25.7195],[-98.1668,25.6519],[-98.093,25.6068],[-98.0345,25.5617],[-97.9911,25.5166],[-97.9696,25.4644],[-97.9699,25.4052],[-97.9806,25.3736],[-98.0018,25.3696],[-98.0518,25.386],[-98.1306,25.4228],[-98.2,25.4328],[-98.26,25.416],[-98.3264,25.4202],[-98.3993,25.4454],[-98.4143,25.4758],[-98.3714,25.5117],[-98.325,25.5309],[-98.275,25.5334],[-98.2476,25.5606],[-98.2427,25.6125],[-98.2627,25.66],[-98.3076,25.7032],[-98.365,25.7315],[-98.435,25.7449],[-98.4881,25.7863],[-98.5244,25.8558],[-98.5266,25.9086]],[[-98.1832,25.5031],[-98.1611,25.5212],[-98.13,25.5339],[-98.09,25.5412],[-98.051,25.5322],[-98.013,25.5068],[-97.9916,25.4805],[-97.987,25.4534],[-97.991,25.4329],[-98.0037,25.4191],[-98.02,25.4134],[-98.04,25.416],[-98.0861,25.4364],[-98.1582,25.4748],[-98.1832,25.5031]],[[-98.4734,25.8861],[-98.4581,25.9131],[-98.4454,25.9259],[-98.4351,25.9246],[-98.4258,25.9111],[-98.4174,25.8854],[-98.4302,25.8726],[-98.464,25.8726],[-98.4734,25.8861]],[[-98.3689,25.8546],[-98.3524,25.8546],[-98.3378,25.8456],[-98.3251,25.8276],[-98.3266,25.8159],[-98.3422,25.8106],[-98.3568,25.8196],[-98.3703,25.8429],[-98.3689,25.8546]]]}},{"type":"Feature","properties":{"c":"#00cc00","v0":0.25,"v1":0.5},"geometry":{"type":"Polygon","coordinates":[[[-96.6924,26.0036],[-96.6775,26.0139],[-96.6636,26.0139],[-96.6509,26.0036],[-96.6509,25.9943],[-96.6636,25.986],[-96.6775,25.986],[-96.6924,25.9943],[-96.6924,26.0036]]]}},{"type":"Feature","properties":{"c":"#00cc00","v0":0.25,"v1":0.5},"geometry":{"type":"Polygon","coordinates":[[[-98.6795,25.9365],[-98.6732,25.9564],[-98.66,25.9661],[-98.64,25.9657],[-98.6216,25.9467],[-98.6047,25.9093],[-98.6097,25.8889],[-98.6366,25.8856],[-98.6582,25.8946],[-98.6745,25.9159],[-98.6795,25.9365]]]}},{"type":"Feature","properties":{"c":"#00cc00","v0":0.25,"v1":0.5},"geometry":{"type":"Polygon","coordinates":[[[-97.955,25.6821],[-97.9383,25.6975],[-97.92,25.7057],[-97.9,25.7067],[-97.8667,25.699],[-97.8201,25.6826],[-97.7909,25.6654],[-97.7789,25.6474],[-97.7772,25.6311],[-97.7857,25.6166],[-97.82,25.6136],[-97.88,25.622],[-97.9233,25.6383],[-97.95,25.6624],[-97.955,25.6821]]]}},{"type":"Feature","properties":{"c":"#00cc00","v0":0.25,"v1":0.5},"geometry":{"type":"Polygon","coordinates":[[[-97.8001,25.5447],[-97.78,25.5737],[-97.751,25.5827],[-97.7129,25.5717],[-97.6979,25.5571],[-97.706,25.539],[-97.735,25.5299],[-97.7851,25.5301],[-97.8001,25.5447]]]}},{"type":"Feature","properties":{"c":"#00cc00","v0":0.25,"v1":0.5},"geometry":{"type":"Polygon","coordinates":[[[-98.9213,25.4706],[-98.8871,25.5321],[-98.86,25.563],[-98.84,25.5634],[-98.8397,25.5282],[-98.859,25.4573],[-98.879,25.4209],[-98.8997,25.4192],[-98.9171,25.4237],[-98.9313,25.4345],[-98.9213,25.4706]]]}},{"type":"Feature","properties":{"c":"#00cc00","v0":0.25,"v1":0.5},"geometry":{"type":"Polygon","coordinates":[[[-78.2419,25.5347],[-78.2227,25.5437],[-78.2089,25.5392],[-78.2007,25.5211],[-78.2049,25.5108],[-78.2216,25.5083],[-78.2354,25.5128],[-78.2462,25.5244],[-78.2419,25.5347]]]}},{"type":"Feature","properties":{"c":"#00cc00","v0":0.25,"v1":0.5},"geometry":{"type":"Polygon","coordinates":[[[-98.8371,25.3743],[-98.819,25.3877],[-98.8028,25.3832],[-98.7884,25.3607],[-98.7884,25.3445],[-98.8028,25.3343],[-98.819,25.3389],[-98.8371,25.358],[-98.8371,25.3743]]]}},{"type":"Feature","properties":{"c":"#00cc00","v0":0.25,"v1":0.5},"geometry":{"type":"Polygon","coordinates":[[[-98.2714,25.221],[-98.2305,25.2532],[-98.1995,25.2623],[-98.1784,25.2481],[-98.1884,25.2257],[-98.2295,25.1951],[-98.2605,25.186],[-98.2814,25.1986],[-98.2714,25.221]]]}},{"type":"Feature","properties":{"c":"#00cc00","v0":0.25,"v1":0.5},"geometry":{"type":"Polygon","coordinates":[[[-98.7114,25.2247],[-98.6971,25.2283],[-98.6825,25.2238],[-98.6676,25.2112],[-98.6676,25.1999],[-98.6825,25.19],[-98.6971,25.1946],[-98.7114,25.2135],[-98.7114,25.2247]]]}},{"type":"Feature","properties":{"c":"#00cc00","v0":0.25,"v1":0.5},"geometry":{"type":"Polygon","coordinates":[[[-98.3591,25.1007],[-98.3507,25.1098],[-98.3449,25.1098],[-98.3416,25.1007],[-98.3458,25.0962],[-98.3575,25.0962],[-98.3591,25.1007]]]}},{"type":"Feature","properties":{"c":"#00cc00","v0":0.25,"v1":0.5},"geometry":{"type":"Polygon","coordinates":[[[-98.3502,24.9009],[-98.3234,24.9091],[-98.295,24.9027],[-98.265,24.8819],[-98.2445,24.8733],[-98.2335,24.8769],[-98.2336,24.8923],[-98.2449,24.9195],[-98.2467,24.9603],[-98.2392,25.0147],[-98.2411,25.0509],[-98.2523,25.069],[-98.256,25.0852],[-98.252,25.0995],[-98.24,25.111],[-98.22,25.1195],[-98.19,25.1055],[-98.15,25.0688],[-98.115,25.0453],[-98.085,25.0349],[-98.065,25.0199],[-98.055,25.0001],[-98.025,24.9848],[-97.975,24.9739],[-97.9434,24.9551],[-97.9302,24.9283],[-97.9252,24.9099],[-97.9284,24.8998],[-97.955,24.8979],[-98.005,24.9041],[-98.0632,24.9001],[-98.1297,24.8858],[-98.1394,24.856],[-98.0922,24.8106],[-98.066,24.7743],[-98.0608,24.747],[-98.0711,24.7284],[-98.097,24.7184],[-98.15,24.7212],[-98.23,24.7369],[-98.2745,24.751],[-98.2835,24.7635],[-98.2835,24.789],[-98.2745,24.8275],[-98.2934,24.8593],[-98.3402,24.8843],[-98.3502,24.9009]],[[-98.2009,24.9756],[-98.1936,24.9882],[-98.18,24.9952],[-98.16,24.9966],[-98.1457,24.9858],[-98.1371,24.9627],[-98.1421,24.9475],[-98.1607,24.94],[-98.1786,24.9446],[-98.1959,24.9611],[-98.2009,24.9756]]]}},{"type":"Feature","properties":{"c":"#00cc00","v0":0.25,"v1":0.5},"geometry":{"type":"Polygon","coordinates":[[[-97.4009,24.804],[-97.3536,24.8361],[-97.3164,24.8451],[-97.2891,24.8312],[-97.2791,24.8164],[-97.2864,24.8008],[-97.305,24.787],[-97.335,24.775],[-97.365,24.7684],[-97.395,24.7673],[-97.4136,24.7721],[-97.4209,24.7826],[-97.4009,24.804]]]}},{"type":"Feature","properties":{"c":"#00cc00","v0":0.25,"v1":0.5},"geometry":{"type":"Polygon","coordinates":[[[-98.6099,24.652],[-98.5566,24.6711],[-98.5222,24.6711],[-98.5067,24.652],[-98.5167,24.6292],[-98.5522,24.6027],[-98.5866,24.6027],[-98.6199,24.6292],[-98.6099,24.652]]]}},{"type":"Feature","properties":{"c":"#00cc00","v0":0.25,"v1":0.5},"geometry":{"type":"Polygon","coordinates":[[[-98.3397,24.6524],[-98.3199,24.6723],[-98.295,24.6787],[-98.265,24.6717],[-98.2453,24.6618],[-98.2359,24.6489],[-98.2509,24.6344],[-98.2903,24.6182],[-98.3199,24.6182],[-98.3397,24.6344],[-98.3397,24.6524]]]}},{"type":"Feature","properties":{"c":"#00cc00","v0":0.25,"v1":0.5},"geometry":{"type":"Polygon","coordinates":[[[-97.5198,24.5524],[-97.4733,24.5903],[-97.4248,24.5994],[-97.3745,24.5797],[-97.3521,24.5607],[-97.3575,24.5425],[-97.3776,24.5256],[-97.4125,24.5099],[-97.4583,24.5099],[-97.5148,24.5256],[-97.5198,24.5524]]]}},{"type":"Feature","properties":{"c":"#00cc00","v0":0.25,"v1":0.5},"geometry":{"type":"Polygon","coordinates":[[[-97.4071,24.358],[-97.3824,24.3713],[-97.3548,24.3713],[-97.3243,24.358],[-97.3193,24.3435],[-97.3398,24.3279],[-97.3674,24.3279],[-97.4021,24.3435],[-97.4071,24.358]]]}},{"type":"Feature","properties":{"c":"#00cc00","v0":0.25,"v1":0.5},"geometry":{"type":"Polygon","coordinates":[[[-82.6304,23.9789],[-82.6168,24.0007],[-82.59,24.0115],[-82.55,24.0112],[-82.5168,24.0003],[-82.4905,23.9788],[-82.4555,23.9342],[-82.4118,23.8664],[-82.325,23.8281],[-82.195,23.8192],[-82.1068,23.7982],[-82.0603,23.7651],[-82.0403,23.7296],[-82.0468,23.6917],[-82.085,23.6701],[-82.155,23.6648],[-82.1988,23.6472],[-82.2163,23.6171],[-82.2363,23.5989],[-82.2588,23.5928],[-82.28,23.5965],[-82.3,23.6099],[-82.3141,23.6359],[-82.3224,23.6744],[-82.3424,23.7073],[-82.3741,23.7345],[-82.395,23.7454],[-82.405,23.7398],[-82.4054,23.7079],[-82.3962,23.6495],[-82.3564,23.5837],[-82.2858,23.5103],[-82.2504,23.4623],[-82.2501,23.4396],[-82.265,23.4296],[-82.295,23.4323],[-82.33,23.4456],[-82.37,23.4693],[-82.4388,23.5389],[-82.5364,23.6543],[-82.5864,23.7419],[-82.5888,23.8017],[-82.6018,23.8657],[-82.6254,23.934],[-82.6304,23.9789]],[[-82.6055,23.9594],[-82.5952,23.9787],[-82.575,23.9873],[-82.545,23.9852],[-82.5035,23.9527],[-82.4506,23.8898],[-82.4214,23.8446],[-82.416,23.8172],[-82.4227,23.7852],[-82.4414,23.7486],[-82.4506,23.7044],[-82.4502,23.6526],[-82.4776,23.648],[-82.5327,23.6906],[-82.5607,23.7394],[-82.5616,23.7943],[-82.5742,23.8538],[-82.5985,23.9178],[-82.6055,23.9594]],[[-82.281,23.6989],[-82.2737,23.7096],[-82.2636,23.7096],[-82.2507,23.6989],[-82.2544,23.6936],[-82.2746,23.6936],[-82.281,23.6989]],[[-82.2393,23.7917],[-82.2198,23.8048],[-82.19,23.8082],[-82.15,23.802],[-82.1145,23.7863],[-82.0834,23.7611],[-82.0681,23.7394],[-82.0685,23.7211],[-82.0991,23.7088],[-82.1597,23.7027],[-82.2048,23.721],[-82.2343,23.7638],[-82.2393,23.7917]],[[-82.4034,23.5515],[-82.3945,23.5603],[-82.3816,23.5603],[-82.3648,23.5515],[-82.3532,23.5333],[-82.3467,23.5058],[-82.3548,23.4966],[-82.3773,23.5058],[-82.3934,23.5195],[-82.4031,23.5378],[-82.4034,23.5515]]]}},{"type":"Feature","properties":{"c":"#00cc00","v0":0.25,"v1":0.5},"geometry":{"type":"Polygon","coordinates":[[[-83.605,23.8155],[-83.5817,23.8395],[-83.5578,23.844],[-83.5334,23.8292],[-83.5242,23.808],[-83.5301,23.7806],[-83.5423,23.7603],[-83.5608,23.7471],[-83.5817,23.7563],[-83.605,23.7877],[-83.605,23.8155]],[[-83.5829,23.8078],[-83.5743,23.8164],[-83.5658,23.8164],[-83.5573,23.8078],[-83.5573,23.7976],[-83.5658,23.7858],[-83.5743,23.7858],[-83.5829,23.7976],[-83.5829,23.8078]]]}},{"type":"Feature","properties":{"c":"#00cc00","v0":0.25,"v1":0.5},"geometry":{"type":"Polygon","coordinates":[[[-83.4468,23.8126],[-83.4367,23.8309],[-83.4212,23.8437],[-83.4004,23.851],[-83.3764,23.851],[-83.3492,23.8437],[-83.3297,23.8309],[-83.318,23.8126],[-83.3316,23.7866],[-83.3705,23.7529],[-83.4005,23.7392],[-83.4214,23.7454],[-83.4368,23.7623],[-83.4469,23.7897],[-83.4468,23.8126]],[[-83.4139,23.7959],[-83.398,23.8172],[-83.3804,23.8218],[-83.3613,23.8096],[-83.3613,23.7938],[-83.3804,23.7746],[-83.398,23.77],[-83.4139,23.7801],[-83.4139,23.7959]]]}},{"type":"Feature","properties":{"c":"#00cc00","v0":0.25,"v1":0.5},"geometry":{"type":"Polygon","coordinates":[[[-81.0394,23.7561],[-81.0331,23.7711],[-81.005,23.7787],[-80.955,23.7791],[-80.9197,23.7716],[-80.8991,23.7562],[-80.8866,23.7394],[-80.8822,23.7211],[-80.8874,23.7063],[-80.9025,23.6951],[-80.93,23.6911],[-80.97,23.6941],[-80.9996,23.6997],[-81.0189,23.7078],[-81.032,23.7211],[-81.0391,23.7394],[-81.0394,23.7561]],[[-80.9846,23.7515],[-80.9615,23.7575],[-80.9407,23.7529],[-80.9221,23.7378],[-80.9221,23.726],[-80.9407,23.7176],[-80.9615,23.7222],[-80.9846,23.7398],[-80.9846,23.7515]]]}},{"type":"Feature","properties":{"c":"#00cc00","v0":0.25,"v1":0.5},"geometry":{"type":"Polygon","coordinates":[[[-80.8387,23.6111],[-80.8196,23.6294],[-80.802,23.6294],[-80.7859,23.6111],[-80.7859,23.5951],[-80.802,23.5814],[-80.8196,23.5814],[-80.8387,23.5951],[-80.8387,23.6111]]]}},{"type":"Feature","properties":{"c":"#00cc00","v0":0.25,"v1":0.5},"geometry":{"type":"Polygon","coordinates":[[[-83.0396,23.1696],[-83.0332,23.186],[-83.0186,23.1952],[-82.9957,23.1972],[-82.9907,23.1863],[-83.0036,23.1626],[-83.0182,23.1534],[-83.0346,23.1587],[-83.0396,23.1696]]]}},{"type":"Feature","properties":{"c":"#00cc00","v0":0.25,"v1":0.5},"geometry":{"type":"Polygon","coordinates":[[[-83.0449,22.7554],[-82.9683,22.8276],[-82.9092,22.869],[-82.8675,22.8799],[-82.8534,22.8991],[-82.8669,22.9267],[-82.8627,22.9495],[-82.8409,22.9674],[-82.815,22.9758],[-82.785,22.9748],[-82.755,22.9647],[-82.725,22.9455],[-82.69,22.9447],[-82.65,22.9621],[-82.56,22.9798],[-82.42,22.9976],[-82.34,23.0252],[-82.32,23.0626],[-82.285,23.0754],[-82.235,23.0637],[-82.19,23.0689],[-82.15,23.091],[-82.1037,23.0985],[-82.0512,23.0914],[-82.0262,23.0715],[-82.0287,23.0388],[-82.04,23.0147],[-82.06,22.9992],[-82.1,22.9925],[-82.16,22.9946],[-82.205,22.9868],[-82.235,22.9691],[-82.265,22.9597],[-82.295,22.9584],[-82.325,22.9439],[-82.355,22.9163],[-82.42,22.8984],[-82.52,22.8902],[-82.5752,22.8675],[-82.5857,22.8302],[-82.6007,22.8009],[-82.6202,22.7795],[-82.675,22.7695],[-82.765,22.771],[-82.84,22.7552],[-82.9,22.722],[-82.96,22.7003],[-83.02,22.69],[-83.0583,22.6935],[-83.0749,22.7107],[-83.0449,22.7554]],[[-82.1253,23.0587],[-82.1018,23.074],[-82.0807,23.074],[-82.062,23.0587],[-82.062,23.0417],[-82.0807,23.0231],[-82.1018,23.0231],[-82.1253,23.0417],[-82.1253,23.0587]],[[-82.9657,22.7771],[-82.9152,22.8188],[-82.875,22.8326],[-82.845,22.8186],[-82.855,22.7925],[-82.905,22.7543],[-82.94,22.7349],[-82.96,22.7343],[-82.9752,22.7395],[-82.9857,22.7507],[-82.9657,22.7771]],[[-82.8225,22.945],[-82.8008,22.9538],[-82.7847,22.9492],[-82.774,22.9311],[-82.779,22.9204],[-82.7997,22.9169],[-82.8158,22.9215],[-82.8275,22.9342],[-82.8225,22.945]],[[-82.6937,22.8346],[-82.6884,22.8807],[-82.6659,22.9129],[-82.6264,22.9313],[-82.6094,22.9083],[-82.6151,22.8438],[-82.631,22.8056],[-82.657,22.7937],[-82.6766,22.7937],[-82.6898,22.8056],[-82.6937,22.8346]],[[-82.5262,22.9405],[-82.4879,22.9405],[-82.4791,22.9352],[-82.4997,22.9244],[-82.5188,22.9244],[-82.5365,22.9352],[-82.5262,22.9405]],[[-82.4341,22.9503],[-82.418,22.9698],[-82.3965,22.9744],[-82.3696,22.9641],[-82.3646,22.9499],[-82.3815,22.9319],[-82.403,22.9273],[-82.4291,22.9361],[-82.4341,22.9503]],[[-82.7968,22.8705],[-82.7656,22.8777],[-82.7464,22.8777],[-82.7393,22.8705],[-82.7443,22.8603],[-82.7614,22.8471],[-82.7806,22.8471],[-82.8018,22.8603],[-82.7968,22.8705]]]}},{"type":"Feature","properties":{"c":"#00cc00","v0":0.25,"v1":0.5},"geometry":{"type":"Polygon","coordinates":[[[-82.082,22.7666],[-82.074,22.7872],[-82.05,22.8098],[-82.01,22.8343],[-81.945,22.8554],[-81.855,22.8731],[-81.745,22.9102],[-81.615,22.9666],[-81.5305,22.9858],[-81.4916,22.9679],[-81.4544,22.9313],[-81.4189,22.8761],[-81.4084,22.8414],[-81.4228,22.8273],[-81.455,22.8181],[-81.505,22.814],[-81.53,22.8071],[-81.53,22.7974],[-81.485,22.7825],[-81.395,22.7623],[-81.3385,22.7716],[-81.3154,22.8105],[-81.2804,22.8387],[-81.2335,22.8561],[-81.175,22.8618],[-81.105,22.8558],[-81.04,22.8394],[-80.98,22.8125],[-80.925,22.8011],[-80.875,22.8051],[-80.8371,22.799],[-80.8112,22.7828],[-80.8062,22.7637],[-80.8221,22.7417],[-80.865,22.7193],[-80.935,22.6965],[-81.085,22.6736],[-81.315,22.6507],[-81.45,22.6442],[-81.49,22.6542],[-81.53,22.6762],[-81.57,22.7101],[-81.665,22.7509],[-81.815,22.7986],[-81.8963,22.8197],[-81.909,22.8143],[-81.9173,22.7931],[-81.9211,22.7562],[-81.9347,22.7289],[-81.9582,22.7111],[-81.985,22.7027],[-82.015,22.7038],[-82.044,22.7173],[-82.072,22.7432],[-82.082,22.7666]],[[-81.8013,22.8642],[-81.7538,22.8956],[-81.685,22.9295],[-81.595,22.9657],[-81.5348,22.9776],[-81.5044,22.9652],[-81.4786,22.9359],[-81.4572,22.8899],[-81.4724,22.8593],[-81.5241,22.8441],[-81.56,22.8176],[-81.58,22.7798],[-81.6,22.7595],[-81.62,22.7567],[-81.6784,22.774],[-81.7752,22.8113],[-81.824,22.8346],[-81.8247,22.8438],[-81.8013,22.8642]],[[-81.5314,22.744],[-81.4905,22.7565],[-81.435,22.7493],[-81.365,22.7226],[-81.3142,22.7394],[-81.2826,22.7998],[-81.2426,22.8353],[-81.1942,22.8459],[-81.145,22.8473],[-81.095,22.8394],[-81.04,22.8219],[-80.98,22.7945],[-80.9261,22.7793],[-80.8782,22.7762],[-80.8524,22.7701],[-80.8487,22.7608],[-80.8826,22.7414],[-80.9542,22.7117],[-81.07,22.6973],[-81.23,22.6981],[-81.34,22.6874],[-81.4,22.6651],[-81.45,22.6593],[-81.49,22.67],[-81.5205,22.691],[-81.5414,22.7222],[-81.5314,22.744]],[[-82.064,22.7661],[-82.0547,22.7859],[-82.035,22.8004],[-82.005,22.8097],[-81.9803,22.809],[-81.961,22.7984],[-81.9485,22.7839],[-81.9427,22.7654],[-81.9523,22.7455],[-81.9774,22.7239],[-82.0097,22.7239],[-82.049,22.7455],[-82.064,22.7661]]]}},{"type":"Feature","properties":{"c":"#00cc00","v0":0.25,"v1":0.5},"geometry":{"type":"Polygon","coordinates":[[[-82.2848,22.817],[-82.2749,22.8279],[-82.26,22.8323],[-82.24,22.8302],[-82.2189,22.8156],[-82.1966,22.7883],[-82.2016,22.7727],[-82.2339,22.7687],[-82.2599,22.7779],[-82.2798,22.8003],[-82.2848,22.817]]]}},{"type":"Feature","properties":{"c":"#00cc00","v0":0.25,"v1":0.5},"geometry":{"type":"Polygon","coordinates":[[[-79.9493,22.6931],[-79.9364,22.7146],[-79.92,22.729],[-79.9,22.7365],[-79.8756,22.735],[-79.8468,22.7246],[-79.8273,22.7101],[-79.817,22.6916],[-79.8264,22.6696],[-79.8555,22.6441],[-79.8854,22.6348],[-79.9162,22.642],[-79.9376,22.6547],[-79.9497,22.6732],[-79.9493,22.6931]]]}},{"type":"Feature","properties":{"c":"#00cc00","v0":0.25,"v1":0.5},"geometry":{"type":"Polygon","coordinates":[[[-80.4513,22.4284],[-80.4076,22.5116],[-80.3718,22.5666],[-80.3439,22.5934],[-80.315,22.6119],[-80.285,22.6223],[-80.26,22.6497],[-80.24,22.6941],[-80.2153,22.7171],[-80.186,22.7186],[-80.166,22.7043],[-80.1553,22.6741],[-80.12,22.6557],[-80.0601,22.6489],[-80.0451,22.6209],[-80.075,22.5718],[-80.12,22.5583],[-80.18,22.5806],[-80.213,22.5637],[-80.2189,22.5074],[-80.2107,22.4608],[-80.1884,22.4238],[-80.1855,22.3917],[-80.2018,22.3645],[-80.24,22.3544],[-80.3,22.3613],[-80.355,22.361],[-80.405,22.3536],[-80.4408,22.3592],[-80.4623,22.3776],[-80.4513,22.4284]],[[-80.3821,22.4562],[-80.3627,22.5208],[-80.3373,22.5618],[-80.3058,22.5791],[-80.2834,22.5744],[-80.2702,22.5479],[-80.2681,22.507],[-80.2771,22.4515],[-80.3037,22.4177],[-80.3479,22.4054],[-80.3754,22.4054],[-80.3863,22.4177],[-80.3821,22.4562]]]}},{"type":"Feature","properties":{"c":"#00cc00","v0":0.25,"v1":0.5},"geometry":{"type":"Polygon","coordinates":[[[-79.7578,22.6057],[-79.7259,22.637],[-79.65,22.6562],[-79.53,22.6633],[-79.46,22.6626],[-79.44,22.6541],[-79.42,22.6355],[-79.4,22.6068],[-79.3696,22.5873],[-79.3289,22.5769],[-79.3189,22.5621],[-79.3396,22.5431],[-79.405,22.5259],[-79.515,22.5106],[-79.61,22.5129],[-79.69,22.533],[-79.7409,22.5548],[-79.7628,22.5783],[-79.7578,22.6057]],[[-79.7262,22.5963],[-79.7154,22.6086],[-79.7003,22.6086],[-79.6809,22.5963],[-79.6809,22.5857],[-79.7003,22.5768],[-79.7154,22.5768],[-79.7262,22.5857],[-79.7262,22.5963]],[[-79.6189,22.5983],[-79.5863,22.6147],[-79.5604,22.6147],[-79.5411,22.5983],[-79.5411,22.5801],[-79.5604,22.5602],[-79.5863,22.5602],[-79.6189,22.5801],[-79.6189,22.5983]]]}},{"type":"Feature","properties":{"c":"#00cc00","v0":0.25,"v1":0.5},"geometry":{"type":"Polygon","coordinates":[[[-83.4019,22.3175],[-83.3605,22.3637],[-83.3182,22.3961],[-83.2751,22.4146],[-83.2604,22.4423],[-83.2738,22.4793],[-83.2664,22.507],[-83.238,22.5255],[-83.2154,22.5554],[-83.1985,22.5967],[-83.18,22.6175],[-83.16,22.6177],[-83.1387,22.6017],[-83.1161,22.5694],[-83.1019,22.5208],[-83.096,22.4562],[-83.1123,22.4187],[-83.1508,22.4085],[-83.1722,22.39],[-83.1766,22.3632],[-83.1866,22.3425],[-83.2022,22.3277],[-83.245,22.3225],[-83.315,22.327],[-83.365,22.314],[-83.395,22.2837],[-83.4132,22.2749],[-83.4195,22.2879],[-83.4019,22.3175]],[[-83.1961,22.4883],[-83.1654,22.5062],[-83.1426,22.5016],[-83.1279,22.4744],[-83.1229,22.4557],[-83.1276,22.4455],[-83.14,22.4402],[-83.16,22.4398],[-83.1804,22.4495],[-83.2011,22.4694],[-83.1961,22.4883]]]}},{"type":"Feature","properties":{"c":"#00cc00","v0":0.25,"v1":0.5},"geometry":{"type":"Polygon","coordinates":[[[-81.0663,22.5593],[-81.0288,22.5715],[-80.9909,22.5668],[-80.9527,22.5454],[-80.9427,22.5281],[-80.9609,22.5148],[-80.985,22.5077],[-81.015,22.5068],[-81.04,22.5098],[-81.06,22.5167],[-81.0738,22.5284],[-81.0813,22.5449],[-81.0663,22.5593]],[[-81.0307,22.5486],[-81.0041,22.5393],[-81.0032,22.5347],[-81.0282,22.5347],[-81.0415,22.5393],[-81.0432,22.5486],[-81.0307,22.5486]]]}},{"type":"Feature","properties":{"c":"#00cc00","v0":0.25,"v1":0.5},"geometry":{"type":"Polygon","coordinates":[[[-83.374,22.5347],[-83.3485,22.5347],[-83.33,22.5255],[-83.3186,22.507],[-83.3246,22.4977],[-83.3482,22.4977],[-83.3667,22.507],[-83.3801,22.5255],[-83.374,22.5347]]]}},{"type":"Feature","properties":{"c":"#00cc00","v0":0.25,"v1":0.5},"geometry":{"type":"Polygon","coordinates":[[[-80.8565,22.4515],[-80.8483,22.47],[-80.8306,22.4823],[-80.8035,22.4883],[-80.7624,22.4791],[-80.7072,22.4546],[-80.6922,22.4354],[-80.7174,22.4216],[-80.755,22.4158],[-80.805,22.4179],[-80.8377,22.4248],[-80.853,22.4365],[-80.8565,22.4515]]]}},{"type":"Feature","properties":{"c":"#00cc00","v0":0.25,"v1":0.5},"geometry":{"type":"Polygon","coordinates":[[[-80.9953,22.3503],[-80.9518,22.3513],[-80.88,22.3354],[-80.78,22.3028],[-80.71,22.3061],[-80.67,22.3454],[-80.63,22.3682],[-80.59,22.3745],[-80.5585,22.3661],[-80.5356,22.3429],[-80.5294,22.3128],[-80.5401,22.2758],[-80.5392,22.2434],[-80.5266,22.2157],[-80.5427,22.1758],[-80.5876,22.1237],[-80.635,22.097],[-80.685,22.0955],[-80.7226,22.1076],[-80.7477,22.1333],[-80.7485,22.1694],[-80.7248,22.2157],[-80.7173,22.2466],[-80.7258,22.2622],[-80.75,22.2659],[-80.79,22.2578],[-80.845,22.2631],[-80.915,22.2818],[-80.9668,22.3058],[-81.0003,22.3352],[-80.9953,22.3503]],[[-80.6482,22.3047],[-80.6361,22.3253],[-80.6169,22.3346],[-80.5908,22.3324],[-80.5858,22.3205],[-80.6019,22.2988],[-80.6211,22.2896],[-80.6432,22.2927],[-80.6482,22.3047]],[[-80.7258,22.1555],[-80.7184,22.174],[-80.7035,22.1897],[-80.6812,22.2027],[-80.66,22.2091],[-80.64,22.209],[-80.6233,22.2025],[-80.61,22.1897],[-80.6041,22.174],[-80.6056,22.1555],[-80.6172,22.1382],[-80.6391,22.1222],[-80.6699,22.1222],[-80.7096,22.1382],[-80.7258,22.1555]]]}},{"type":"Feature","properties":{"c":"#00cc00","v0":0.25,"v1":0.5},"geometry":{"type":"Polygon","coordinates":[[[-81.5637,22.2897],[-81.533,22.2804],[-81.5258,22.2737],[-81.5419,22.2694],[-81.5573,22.2741],[-81.5718,22.2876],[-81.5637,22.2897]]]}},{"type":"Feature","properties":{"c":"#00cc00","v0":0.25,"v1":0.5},"geometry":{"type":"Polygon","coordinates":[[[-81.2913,22.226],[-81.2638,22.2374],[-81.2392,22.2374],[-81.2177,22.226],[-81.2227,22.2137],[-81.2542,22.2007],[-81.2788,22.2007],[-81.2963,22.2137],[-81.2913,22.226]]]}},{"type":"Feature","properties":{"c":"#00cc00","v0":0.25,"v1":0.5},"geometry":{"type":"Polygon","coordinates":[[[-79.4826,22.1769],[-79.4609,22.2013],[-79.4362,22.2106],[-79.4086,22.2047],[-79.4036,22.1874],[-79.4212,22.1587],[-79.44,22.1425],[-79.46,22.1389],[-79.4759,22.144],[-79.4876,22.1578],[-79.4826,22.1769]]]}},{"type":"Feature","properties":{"c":"#009900","v0":0.5,"v1":1.0},"geometry":{"type":"Polygon","coordinates":[[[-121.7206,52.6819],[-121.6869,52.7066],[-121.65,52.7193],[-121.61,52.7201],[-121.5649,52.7047],[-121.5148,52.6732],[-121.4948,52.6524],[-121.5049,52.6423],[-121.54,52.6278],[-121.6,52.6088],[-121.64,52.6024],[-121.66,52.6087],[-121.6869,52.6263],[-121.7206,52.6552],[-121.7206,52.6819]]]}},{"type":"Feature","properties":{"c":"#009900","v0":0.5,"v1":1.0},"geometry":{"type":"Polygon","coordinates":[[[-119.5763,50.85],[-119.5577,50.9005],[-119.5265,50.9321],[-119.483,50.9447],[-119.4551,50.9573],[-119.4429,50.9699],[-119.4407,50.9919],[-119.4485,51.0234],[-119.4484,51.0548],[-119.4403,51.0862],[-119.4563,51.1208],[-119.4966,51.1584],[-119.513,51.1898],[-119.5055,51.2148],[-119.4788,51.2445],[-119.4329,51.2789],[-119.3625,51.2945],[-119.2675,51.2915],[-119.2225,51.3096],[-119.2275,51.3489],[-119.225,51.3727],[-119.215,51.381],[-119.2,51.3835],[-119.18,51.38],[-119.1635,51.3843],[-119.1505,51.3963],[-119.1413,51.4741],[-119.136,51.6171],[-119.124,51.7195],[-119.1053,51.7814],[-119.0694,51.7812],[-119.0165,51.7188],[-118.9719,51.6909],[-118.9357,51.6976],[-118.8957,51.7136],[-118.8519,51.7389],[-118.8159,51.7513],[-118.7877,51.7507],[-118.7696,51.7442],[-118.7614,51.7318],[-118.7663,51.7164],[-118.7842,51.6978],[-118.7764,51.6761],[-118.7428,51.6513],[-118.736,51.6233],[-118.7559,51.5923],[-118.7563,51.5643],[-118.737,51.5394],[-118.7366,51.5145],[-118.7551,51.4896],[-118.7608,51.4645],[-118.7536,51.4392],[-118.755,51.4224],[-118.765,51.4143],[-118.7853,51.4113],[-118.8159,51.4137],[-118.8225,51.4055],[-118.8051,51.3868],[-118.7934,51.3556],[-118.7874,51.3118],[-118.8247,51.2399],[-118.9052,51.1396],[-118.9716,51.0698],[-119.0239,51.0307],[-119.09,50.9998],[-119.17,50.9773],[-119.27,50.9252],[-119.39,50.8434],[-119.475,50.7977],[-119.525,50.7882],[-119.5589,50.7938],[-119.5767,50.8145],[-119.5763,50.85]],[[-119.1405,51.1004],[-119.1202,51.1225],[-119.095,51.1387],[-119.065,51.149],[-119.055,51.1395],[-119.065,51.1103],[-119.085,51.0909],[-119.115,51.0813],[-119.1352,51.0797],[-119.1455,51.0861],[-119.1405,51.1004]],[[-119.0052,51.6213],[-118.9951,51.636],[-118.985,51.6423],[-118.975,51.6401],[-118.9711,51.6297],[-118.9732,51.611],[-118.9782,51.5993],[-118.9861,51.5947],[-118.9951,51.5978],[-119.0052,51.6086],[-119.0052,51.6213]],[[-119.3481,51.0587],[-119.336,51.0729],[-119.32,51.0822],[-119.3,51.0867],[-119.2904,51.0797],[-119.2913,51.061],[-119.3013,51.0483],[-119.3204,51.0415],[-119.336,51.0415],[-119.3481,51.0483],[-119.3481,51.0587]],[[-119.0387,51.4024],[-119.0138,51.4273],[-118.9887,51.4398],[-118.9633,51.4398],[-118.9597,51.4273],[-118.9778,51.4024],[-118.9789,51.3774],[-118.9631,51.3524],[-118.9588,51.3315],[-118.9663,51.3145],[-118.985,51.3071],[-119.015,51.3094],[-119.0353,51.3304],[-119.0459,51.3701],[-119.0387,51.4024]]]}},{"type":"Feature","properties":{"c":"#009900","v0":0.5,"v1":1.0},"geometry":{"type":"Polygon","coordinates":[[[-124.6421,50.0702],[-124.6332,50.0894],[-124.6141,50.0996],[-124.5847,50.1008],[-124.535,50.0804],[-124.465,50.0384],[-124.4053,50.0089],[-124.356,49.9919],[-124.3271,49.9706],[-124.3187,49.9448],[-124.3233,49.9289],[-124.3411,49.9227],[-124.3648,49.9227],[-124.3944,49.9289],[-124.4644,49.9577],[-124.5748,50.0091],[-124.6342,50.0412],[-124.6425,50.0541],[-124.6421,50.0702]]]}},{"type":"Feature","properties":{"c":"#009900","v0":0.5,"v1":1.0},"geometry":{"type":"Polygon","coordinates":[[[-123.4795,49.7546],[-123.4414,49.8127],[-123.4092,49.8482],[-123.3831,49.861],[-123.36,49.8665],[-123.34,49.8645],[-123.3295,49.8548],[-123.3285,49.8375],[-123.3535,49.7966],[-123.4045,49.732],[-123.44,49.6964],[-123.46,49.6899],[-123.4771,49.6963],[-123.4914,49.7158],[-123.4795,49.7546]]]}},{"type":"Feature","properties":{"c":"#009900","v0":0.5,"v1":1.0},"geometry":{"type":"Polygon","coordinates":[[[-122.7615,49.3621],[-122.748,49.4402],[-122.7271,49.4987],[-122.6988,49.5377],[-122.6908,49.5798],[-122.703,49.6252],[-122.7067,49.6705],[-122.702,49.7158],[-122.6922,49.7459],[-122.6774,49.7607],[-122.66,49.771],[-122.64,49.7765],[-122.62,49.775],[-122.6,49.7662],[-122.565,49.7306],[-122.515,49.668],[-122.485,49.6349],[-122.475,49.6315],[-122.46,49.6374],[-122.44,49.6528],[-122.4216,49.6573],[-122.4047,49.651],[-122.3947,49.6266],[-122.3916,49.5842],[-122.37,49.55],[-122.33,49.5241],[-122.3041,49.5129],[-122.2923,49.5164],[-122.2523,49.5622],[-122.1841,49.6501],[-122.13,49.7107],[-122.09,49.7441],[-122.0572,49.7616],[-122.0316,49.7634],[-122.0162,49.7578],[-122.0111,49.7449],[-122.0188,49.7093],[-122.0394,49.6511],[-122.0482,49.596],[-122.0453,49.5441],[-122.05,49.5052],[-122.0622,49.4792],[-122.0962,49.4239],[-122.152,49.3393],[-122.2074,49.2904],[-122.2624,49.2774],[-122.3149,49.2431],[-122.365,49.1875],[-122.4005,49.1581],[-122.4214,49.1549],[-122.4343,49.1729],[-122.4392,49.2121],[-122.4538,49.2482],[-122.4779,49.2812],[-122.535,49.2951],[-122.625,49.29],[-122.685,49.2833],[-122.715,49.2748],[-122.735,49.2714],[-122.745,49.2731],[-122.7546,49.2862],[-122.7637,49.3107],[-122.7615,49.3621]],[[-122.5911,49.6501],[-122.577,49.6545],[-122.57,49.6488],[-122.57,49.6329],[-122.577,49.6307],[-122.5911,49.6421],[-122.5911,49.6501]],[[-122.6823,49.4714],[-122.6608,49.4817],[-122.6406,49.4817],[-122.6219,49.4714],[-122.6219,49.4584],[-122.6406,49.4426],[-122.6608,49.4426],[-122.6823,49.4584],[-122.6823,49.4714]]]}},{"type":"Feature","properties":{"c":"#009900","v0":0.5,"v1":1.0},"geometry":{"type":"Polygon","coordinates":[[[-123.0525,49.5831],[-123.0472,49.6349],[-123.0359,49.6657],[-123.0186,49.6755],[-123.0,49.6791],[-122.98,49.6764],[-122.9581,49.6683],[-122.9342,49.6547],[-122.9192,49.6345],[-122.9131,49.6077],[-122.94,49.5776],[-123.0,49.5442],[-123.0363,49.5348],[-123.0489,49.5497],[-123.0525,49.5831]]]}},{"type":"Feature","properties":{"c":"#009900","v0":0.5,"v1":1.0},"geometry":{"type":"Polygon","coordinates":[[[-123.462,49.5789],[-123.454,49.5965],[-123.445,49.6041],[-123.435,49.6016],[-123.4186,49.5896],[-123.3958,49.5679],[-123.3858,49.5503],[-123.3886,49.5367],[-123.4,49.5308],[-123.42,49.5327],[-123.439,49.5428],[-123.457,49.561],[-123.462,49.5789]]]}},{"type":"Feature","properties":{"c":"#009900","v0":0.5,"v1":1.0},"geometry":{"type":"Polygon","coordinates":[[[-123.2063,49.4593],[-123.1954,49.4714],[-123.1816,49.4714],[-123.1648,49.4593],[-123.1648,49.4465],[-123.1816,49.4331],[-123.1954,49.4331],[-123.2063,49.4465],[-123.2063,49.4593]]]}},{"type":"Feature","properties":{"c":"#009900","v0":0.5,"v1":1.0},"geometry":{"type":"Polygon","coordinates":[[[-125.1424,49.3067],[-125.1159,49.3263],[-125.0957,49.3523],[-125.0818,49.3849],[-125.0637,49.4039],[-125.0412,49.4094],[-125.025,49.4098],[-125.015,49.4052],[-125.0113,49.3927],[-125.014,49.3723],[-125.0366,49.3458],[-125.0792,49.3132],[-125.1143,49.2969],[-125.1419,49.2969],[-125.1424,49.3067]]]}},{"type":"Feature","properties":{"c":"#009900","v0":0.5,"v1":1.0},"geometry":{"type":"Polygon","coordinates":[[[-125.2896,49.146],[-125.2765,49.1577],[-125.2663,49.161],[-125.2589,49.1558],[-125.2589,49.1431],[-125.2663,49.1229],[-125.275,49.1125],[-125.285,49.1119],[-125.2915,49.1187],[-125.2946,49.133],[-125.2896,49.146]]]}},{"type":"Feature","properties":{"c":"#009900","v0":0.5,"v1":1.0},"geometry":{"type":"Polygon","coordinates":[[[-122.6522,48.9566],[-122.6155,48.9829],[-122.5853,49.0148],[-122.5618,49.0525],[-122.535,49.0695],[-122.505,49.066],[-122.4883,49.0505],[-122.4849,49.0229],[-122.4999,48.989],[-122.5333,48.9486],[-122.575,48.9255],[-122.625,48.9196],[-122.6552,48.9234],[-122.6655,48.9368],[-122.6522,48.9566]]]}},{"type":"Feature","properties":{"c":"#009900","v0":0.5,"v1":1.0},"geometry":{"type":"Polygon","coordinates":[[[-122.0103,48.8355],[-121.9968,48.8563],[-121.9739,48.8563],[-121.9418,48.8355],[-121.9418,48.8174],[-121.9739,48.802],[-121.9968,48.802],[-122.0103,48.8174],[-122.0103,48.8355]]]}},{"type":"Feature","properties":{"c":"#009900","v0":0.5,"v1":1.0},"geometry":{"type":"Polygon","coordinates":[[[-121.6476,48.8425],[-121.6359,48.8509],[-121.6197,48.8509],[-121.5991,48.8425],[-121.6049,48.8383],[-121.6373,48.8383],[-121.6476,48.8425]]]}},{"type":"Feature","properties":{"c":"#009900","v0":0.5,"v1":1.0},"geometry":{"type":"Polygon","coordinates":[[[-122.9407,48.7131],[-122.8973,48.7526],[-122.8687,48.7856],[-122.8549,48.8119],[-122.8435,48.8271],[-122.8345,48.831],[-122.815,48.8281],[-122.785,48.8185],[-122.755,48.822],[-122.725,48.8386],[-122.695,48.8447],[-122.665,48.8401],[-122.6452,48.8215],[-122.6355,48.7888],[-122.618,48.7625],[-122.5928,48.7427],[-122.6076,48.7114],[-122.6625,48.6683],[-122.71,48.6434],[-122.75,48.6366],[-122.79,48.622],[-122.83,48.5995],[-122.8604,48.5914],[-122.8813,48.5976],[-122.8959,48.614],[-122.904,48.6404],[-122.9217,48.6635],[-122.9489,48.6834],[-122.9407,48.7131]]]}},{"type":"Feature","properties":{"c":"#009900","v0":0.5,"v1":1.0},"geometry":{"type":"Polygon","coordinates":[[[-121.8617,48.7801],[-121.8406,48.7954],[-121.82,48.8006],[-121.8,48.7956],[-121.7871,48.788],[-121.7812,48.7776],[-121.7912,48.7644],[-121.8171,48.7483],[-121.8406,48.7483],[-121.8617,48.7644],[-121.8617,48.7801]]]}},{"type":"Feature","properties":{"c":"#009900","v0":0.5,"v1":1.0},"geometry":{"type":"Polygon","coordinates":[[[-122.0135,48.7263],[-122.0061,48.7394],[-121.9943,48.7472],[-121.9781,48.7495],[-121.9512,48.7363],[-121.9135,48.7076],[-121.8934,48.6867],[-121.8908,48.6735],[-121.9097,48.6594],[-121.9499,48.6445],[-121.9818,48.6577],[-122.0054,48.699],[-122.0135,48.7263]]]}},{"type":"Feature","properties":{"c":"#009900","v0":0.5,"v1":1.0},"geometry":{"type":"Polygon","coordinates":[[[-123.8715,48.3211],[-123.8438,48.3455],[-123.774,48.3754],[-123.6621,48.4108],[-123.5871,48.4438],[-123.549,48.4745],[-123.505,48.4889],[-123.455,48.4871],[-123.41,48.4982],[-123.37,48.5224],[-123.305,48.5474],[-123.215,48.5731],[-123.1607,48.5831],[-123.1421,48.5772],[-123.1321,48.5583],[-123.1307,48.5264],[-123.145,48.4979],[-123.175,48.4728],[-123.202,48.4358],[-123.226,48.3867],[-123.246,48.3574],[-123.262,48.3478],[-123.315,48.3341],[-123.405,48.3162],[-123.48,48.3093],[-123.54,48.3136],[-123.62,48.2995],[-123.72,48.2668],[-123.79,48.2548],[-123.83,48.2636],[-123.8588,48.2782],[-123.8765,48.2987],[-123.8715,48.3211]]]}},{"type":"Feature","properties":{"c":"#009900","v0":0.5,"v1":1.0},"geometry":{"type":"Polygon","coordinates":[[[-118.0294,48.2259],[-118.0165,48.2464],[-117.9894,48.2664],[-117.9481,48.2859],[-117.9266,48.2989],[-117.9249,48.3056],[-117.9385,48.3156],[-117.9673,48.3289],[-117.9765,48.3455],[-117.9661,48.3654],[-117.9381,48.376],[-117.8927,48.3772],[-117.82,48.3951],[-117.72,48.4299],[-117.65,48.4441],[-117.61,48.4377],[-117.575,48.4403],[-117.545,48.4519],[-117.505,48.4509],[-117.455,48.4375],[-117.4204,48.4236],[-117.4013,48.4092],[-117.3963,48.3877],[-117.4054,48.359],[-117.43,48.3381],[-117.47,48.3249],[-117.5,48.3029],[-117.52,48.2722],[-117.56,48.2474],[-117.62,48.2285],[-117.67,48.1994],[-117.71,48.16],[-117.755,48.1523],[-117.805,48.1764],[-117.855,48.1849],[-117.905,48.1779],[-117.95,48.1785],[-117.99,48.1865],[-118.0165,48.1968],[-118.0294,48.2094],[-118.0294,48.2259]]]}},{"type":"Feature","properties":{"c":"#009900","v0":0.5,"v1":1.0},"geometry":{"type":"Polygon","coordinates":[[[-121.3283,48.3289],[-121.3206,48.3422],[-121.306,48.3521],[-121.2845,48.3588],[-121.2614,48.3555],[-121.2367,48.3422],[-121.2254,48.3289],[-121.2274,48.3156],[-121.2388,48.3029],[-121.2596,48.2908],[-121.2811,48.2875],[-121.3033,48.2929],[-121.3189,48.3023],[-121.3277,48.3156],[-121.3283,48.3289]]]}},{"type":"Feature","properties":{"c":"#009900","v0":0.5,"v1":1.0},"geometry":{"type":"Polygon","coordinates":[[[-124.3449,47.7807],[-124.2666,47.821],[-124.2225,47.858],[-124.2128,47.8915],[-124.2133,47.9217],[-124.2241,47.9485],[-124.2105,47.9853],[-124.1726,48.0321],[-124.2077,48.0811],[-124.3159,48.1321],[-124.3661,48.1688],[-124.3582,48.1912],[-124.2932,48.2181],[-124.1711,48.2496],[-124.08,48.2615],[-124.02,48.2538],[-123.9813,48.238],[-123.9639,48.2143],[-123.9389,48.1948],[-123.9063,48.1797],[-123.865,48.175],[-123.815,48.1806],[-123.78,48.181],[-123.76,48.1763],[-123.746,48.1677],[-123.7381,48.1552],[-123.7457,48.1123],[-123.769,48.0388],[-123.7711,47.9819],[-123.752,47.9418],[-123.7431,47.8982],[-123.7446,47.8512],[-123.7602,47.811],[-123.7897,47.7774],[-123.8209,47.7541],[-123.8536,47.7411],[-123.885,47.7404],[-123.915,47.752],[-123.95,47.7536],[-123.99,47.7452],[-124.04,47.7429],[-124.1,47.7467],[-124.165,47.7415],[-124.235,47.7273],[-124.2985,47.7303],[-124.3555,47.7505],[-124.3449,47.7807]]]}},{"type":"Feature","properties":{"c":"#009900","v0":0.5,"v1":1.0},"geometry":{"type":"Polygon","coordinates":[[[-117.9655,48.0555],[-117.9139,48.0823],[-117.8936,48.0777],[-117.9045,48.0418],[-117.92,48.0209],[-117.94,48.0149],[-117.9603,48.0195],[-117.9809,48.0346],[-117.9655,48.0555]]]}},{"type":"Feature","properties":{"c":"#009900","v0":0.5,"v1":1.0},"geometry":{"type":"Polygon","coordinates":[[[-123.1694,47.8699],[-123.1565,47.8735],[-123.1476,47.8702],[-123.1427,47.8598],[-123.1477,47.8533],[-123.1626,47.8506],[-123.1715,47.8539],[-123.1744,47.8633],[-123.1694,47.8699]]]}},{"type":"Feature","properties":{"c":"#009900","v0":0.5,"v1":1.0},"geometry":{"type":"Polygon","coordinates":[[[-121.4296,47.6839],[-121.4165,47.719],[-121.4,47.7469],[-121.38,47.7677],[-121.365,47.7774],[-121.355,47.7761],[-121.34,47.7682],[-121.32,47.7538],[-121.3065,47.7333],[-121.2995,47.7066],[-121.3311,47.6866],[-121.4011,47.6731],[-121.4296,47.6839]]]}},{"type":"Feature","properties":{"c":"#009900","v0":0.5,"v1":1.0},"geometry":{"type":"Polygon","coordinates":[[[-121.4748,47.6091],[-121.4583,47.6295],[-121.4522,47.6261],[-121.4567,47.599],[-121.4617,47.5821],[-121.4672,47.5754],[-121.4733,47.5788],[-121.4798,47.5922],[-121.4748,47.6091]]]}},{"type":"Feature","properties":{"c":"#009900","v0":0.5,"v1":1.0},"geometry":{"type":"Polygon","coordinates":[[[-123.53,47.5914],[-123.5167,47.6032],[-123.5,47.6075],[-123.48,47.6042],[-123.4661,47.5949],[-123.4583,47.5796],[-123.4583,47.5642],[-123.4661,47.5487],[-123.4826,47.542],[-123.5078,47.544],[-123.5245,47.5551],[-123.5326,47.5754],[-123.53,47.5914]]]}},{"type":"Feature","properties":{"c":"#009900","v0":0.5,"v1":1.0},"geometry":{"type":"Polygon","coordinates":[[[-124.4254,47.5298],[-124.4151,47.5534],[-124.4,47.5669],[-124.38,47.5704],[-124.375,47.5532],[-124.385,47.5151],[-124.395,47.4954],[-124.405,47.4941],[-124.4151,47.4996],[-124.4254,47.5119],[-124.4254,47.5298]]]}},{"type":"Feature","properties":{"c":"#009900","v0":0.5,"v1":1.0},"geometry":{"type":"Polygon","coordinates":[[[-121.5578,47.4448],[-121.5526,47.4607],[-121.535,47.4804],[-121.505,47.5041],[-121.4802,47.4995],[-121.4605,47.4668],[-121.4542,47.4402],[-121.4611,47.42],[-121.4759,47.4068],[-121.4986,47.4007],[-121.5226,47.4075],[-121.5478,47.4271],[-121.5578,47.4448]]]}},{"type":"Feature","properties":{"c":"#009900","v0":0.5,"v1":1.0},"geometry":{"type":"Polygon","coordinates":[[[-124.3881,47.0534],[-124.3627,47.074],[-124.335,47.0841],[-124.305,47.0837],[-124.2733,47.0699],[-124.2398,47.0429],[-124.224,47.0192],[-124.2261,46.9987],[-124.2379,46.9826],[-124.2593,46.9706],[-124.285,46.9653],[-124.315,46.9665],[-124.3435,46.9759],[-124.3705,46.9934],[-124.3882,47.0124],[-124.3966,47.0328],[-124.3881,47.0534]],[[-124.3508,47.0362],[-124.3424,47.0499],[-124.3311,47.0576],[-124.317,47.0593],[-124.3,47.0525],[-124.2799,47.0371],[-124.2799,47.0229],[-124.3,47.0097],[-124.3212,47.0097],[-124.3437,47.0229],[-124.3508,47.0362]]]}},{"type":"Feature","properties":{"c":"#009900","v0":0.5,"v1":1.0},"geometry":{"type":"Polygon","coordinates":[[[-122.013,46.8039],[-121.9977,46.8173],[-121.96,46.8247],[-121.9,46.826],[-121.845,46.8355],[-121.795,46.853],[-121.7489,46.8559],[-121.7066,46.8441],[-121.6787,46.828],[-121.6653,46.8074],[-121.6664,46.7826],[-121.6821,46.7536],[-121.695,46.7383],[-121.705,46.7368],[-121.73,46.7422],[-121.77,46.7546],[-121.82,46.755],[-121.88,46.7434],[-121.9377,46.7525],[-121.993,46.7823],[-122.013,46.8039]]]}},{"type":"Feature","properties":{"c":"#009900","v0":0.5,"v1":1.0},"geometry":{"type":"Polygon","coordinates":[[[-124.0011,45.9589],[-124.0004,45.9658],[-123.9825,45.973],[-123.9475,45.9804],[-123.88,45.9823],[-123.78,45.9786],[-123.7014,45.9888],[-123.6443,46.0129],[-123.6293,46.0407],[-123.6564,46.0722],[-123.695,46.0962],[-123.745,46.1128],[-123.7735,46.1317],[-123.7806,46.153],[-123.7816,46.1705],[-123.7765,46.1844],[-123.758,46.195],[-123.726,46.2025],[-123.6979,46.2164],[-123.6737,46.2366],[-123.6625,46.2674],[-123.6642,46.3089],[-123.689,46.3296],[-123.7369,46.3296],[-123.7781,46.3043],[-123.8127,46.2536],[-123.8474,46.2536],[-123.8822,46.3043],[-123.8926,46.3365],[-123.8786,46.3503],[-123.8512,46.36],[-123.8104,46.3657],[-123.7861,46.3726],[-123.7782,46.3807],[-123.7809,46.4124],[-123.7943,46.4675],[-123.7932,46.5085],[-123.7777,46.5352],[-123.75,46.5554],[-123.71,46.5689],[-123.6523,46.5658],[-123.577,46.5462],[-123.5453,46.5467],[-123.5572,46.5673],[-123.5582,46.5845],[-123.5483,46.5982],[-123.5251,46.6224],[-123.4884,46.657],[-123.435,46.691],[-123.365,46.7245],[-123.3148,46.7381],[-123.2843,46.7318],[-123.2601,46.7081],[-123.2422,46.6669],[-123.2274,46.6439],[-123.2158,46.639],[-123.12,46.6265],[-122.94,46.6062],[-122.805,46.5986],[-122.715,46.6036],[-122.65,46.6156],[-122.61,46.6347],[-122.5832,46.6585],[-122.5697,46.687],[-122.5297,46.7071],[-122.4632,46.7188],[-122.395,46.7258],[-122.325,46.7282],[-122.265,46.723],[-122.215,46.7102],[-122.165,46.7055],[-122.115,46.7088],[-122.075,46.7008],[-122.045,46.6816],[-122.01,46.6727],[-121.97,46.6742],[-121.9486,46.6506],[-121.9457,46.602],[-121.9494,46.5673],[-121.9596,46.5467],[-122.0065,46.5123],[-122.0902,46.4641],[-122.1268,46.4296],[-122.1163,46.4089],[-122.0899,46.3882],[-122.0476,46.3675],[-122.0437,46.3261],[-122.0781,46.2639],[-122.079,46.2348],[-122.0463,46.2388],[-121.995,46.2642],[-121.925,46.3111],[-121.85,46.3416],[-121.77,46.3558],[-121.6855,46.3512],[-121.5966,46.3276],[-121.5287,46.2743],[-121.4818,46.1913],[-121.4663,46.143],[-121.4821,46.1297],[-121.52,46.1234],[-121.58,46.1243],[-121.625,46.1174],[-121.655,46.1027],[-121.6826,46.0569],[-121.7077,45.98],[-121.7133,45.9172],[-121.6993,45.8684],[-121.6951,45.8371],[-121.7008,45.8231],[-121.7153,45.8138],[-121.7384,45.8092],[-121.77,45.8152],[-121.81,45.832],[-121.845,45.8399],[-121.875,45.8389],[-121.9,45.8336],[-121.92,45.8241],[-121.935,45.8046],[-121.9451,45.7751],[-121.9493,45.7534],[-121.9478,45.7394],[-121.9327,45.719],[-121.9042,45.692],[-121.855,45.6838],[-121.785,45.6943],[-121.7335,45.6903],[-121.7006,45.6718],[-121.7036,45.6242],[-121.7426,45.5472],[-121.7626,45.4911],[-121.7638,45.4561],[-121.7457,45.4333],[-121.7086,45.4229],[-121.6961,45.3913],[-121.7082,45.3385],[-121.7031,45.298],[-121.6808,45.2698],[-121.6897,45.2523],[-121.7299,45.2454],[-121.7595,45.2489],[-121.7784,45.2629],[-121.7824,45.2769],[-121.7715,45.291],[-121.7714,45.3085],[-121.7822,45.3296],[-121.7832,45.3636],[-121.7744,45.4105],[-121.785,45.4357],[-121.815,45.4393],[-121.8458,45.4545],[-121.8773,45.4812],[-121.931,45.5051],[-122.0068,45.5262],[-122.0361,45.5452],[-122.0187,45.5622],[-121.9896,45.5762],[-121.9489,45.5872],[-121.9239,45.5998],[-121.9146,45.6141],[-121.985,45.6377],[-122.135,45.6707],[-122.2206,45.695],[-122.2417,45.7107],[-122.2534,45.729],[-122.2558,45.7499],[-122.2486,45.7743],[-122.2321,45.8022],[-122.2367,45.8336],[-122.2626,45.8684],[-122.2576,45.8963],[-122.2218,45.9172],[-122.2051,45.9345],[-122.2074,45.9485],[-122.2339,45.9647],[-122.2846,45.9834],[-122.365,45.9868],[-122.475,45.9751],[-122.54,45.9714],[-122.56,45.9757],[-122.5774,45.9827],[-122.5921,45.9923],[-122.5944,46.0075],[-122.5843,46.0284],[-122.6089,46.0665],[-122.6681,46.122],[-122.7158,46.152],[-122.7519,46.1564],[-122.845,46.155],[-122.995,46.1477],[-123.1145,46.1316],[-123.2034,46.1067],[-123.2365,46.0769],[-123.2137,46.0422],[-123.2295,46.0075],[-123.2837,45.9728],[-123.2992,45.9276],[-123.2759,45.8719],[-123.2772,45.8336],[-123.3029,45.8127],[-123.3202,45.7743],[-123.329,45.7185],[-123.3478,45.6731],[-123.3766,45.6381],[-123.3681,45.5822],[-123.3225,45.5051],[-123.3149,45.4385],[-123.3456,45.3823],[-123.3555,45.3367],[-123.3448,45.3015],[-123.3515,45.2734],[-123.3757,45.2522],[-123.3648,45.2311],[-123.319,45.21],[-123.2977,45.1959],[-123.301,45.1888],[-123.4094,45.1788],[-123.6231,45.1656],[-123.745,45.1668],[-123.775,45.1824],[-123.7962,45.1995],[-123.8085,45.2182],[-123.8085,45.2346],[-123.7962,45.2487],[-123.7718,45.2628],[-123.7353,45.2769],[-123.7131,45.3191],[-123.7052,45.3894],[-123.6442,45.4631],[-123.5302,45.5402],[-123.4774,45.5834],[-123.4858,45.5927],[-123.52,45.6005],[-123.58,45.6067],[-123.6304,45.623],[-123.6713,45.6494],[-123.7547,45.6801],[-123.8806,45.715],[-123.9492,45.7429],[-123.9603,45.7639],[-123.9644,45.8022],[-123.9616,45.858],[-123.9705,45.9032],[-123.9912,45.938],[-124.0011,45.9589]],[[-123.2528,46.2508],[-123.2376,46.2592],[-123.2205,46.2592],[-123.2016,46.2508],[-123.2092,46.2466],[-123.2433,46.2466],[-123.2528,46.2508]],[[-123.1718,46.4434],[-123.1568,46.4779],[-123.1395,46.5001],[-123.1198,46.5102],[-123.1,46.5166],[-123.08,46.5193],[-123.045,46.5133],[-122.995,46.4984],[-122.925,46.4951],[-122.835,46.5033],[-122.755,46.5213],[-122.685,46.5493],[-122.64,46.5607],[-122.62,46.5554],[-122.6045,46.5453],[-122.5936,46.5302],[-122.5986,46.5054],[-122.6193,46.471],[-122.6148,46.447],[-122.5849,46.4334],[-122.545,46.4262],[-122.495,46.4255],[-122.4595,46.4185],[-122.4386,46.4052],[-122.4386,46.3857],[-122.4595,46.3598],[-122.4835,46.3426],[-122.5105,46.3339],[-122.51,46.3123],[-122.4821,46.2778],[-122.4986,46.2531],[-122.5595,46.2384],[-122.63,46.2343],[-122.71,46.2409],[-122.77,46.2679],[-122.81,46.3154],[-122.89,46.3454],[-123.01,46.3581],[-123.0973,46.3799],[-123.1519,46.4108],[-123.1718,46.4434]],[[-122.4348,46.661],[-122.4183,46.663],[-122.4048,46.6596],[-122.3945,46.6507],[-122.3995,46.6449],[-122.4198,46.6422],[-122.4333,46.6456],[-122.4398,46.6552],[-122.4348,46.661]],[[-123.5872,46.1428],[-123.577,46.1567],[-123.5614,46.1667],[-123.5405,46.1729],[-123.512,46.1729],[-123.4761,46.1667],[-123.4493,46.1567],[-123.4316,46.1428],[-123.4396,46.1272],[-123.4732,46.1098],[-123.5156,46.1098],[-123.5667,46.1272],[-123.5872,46.1428]],[[-123.0297,46.2254],[-123.0166,46.2383],[-122.9947,46.2383],[-122.9641,46.2254],[-122.9591,46.2134],[-122.9797,46.2024],[-123.0016,46.2024],[-123.0247,46.2134],[-123.0297,46.2254]]]}},{"type":"Feature","properties":{"c":"#009900","v0":0.5,"v1":1.0},"geometry":{"type":"Polygon","coordinates":[[[-121.4736,46.5157],[-121.4625,46.5295],[-121.4452,46.5349],[-121.4217,46.532],[-121.3983,46.5217],[-121.3748,46.5039],[-121.3621,46.4847],[-121.3601,46.4641],[-121.3668,46.4501],[-121.3823,46.4427],[-121.4,46.4418],[-121.42,46.4473],[-121.4423,46.4647],[-121.4669,46.4941],[-121.4736,46.5157]]]}},{"type":"Feature","properties":{"c":"#009900","v0":0.5,"v1":1.0},"geometry":{"type":"Polygon","coordinates":[[[-122.0134,45.2588],[-121.9978,45.2648],[-121.9844,45.2613],[-121.9733,45.2482],[-121.9783,45.24],[-121.9994,45.2365],[-122.0128,45.24],[-122.0184,45.2505],[-122.0134,45.2588]]]}},{"type":"Feature","properties":{"c":"#009900","v0":0.5,"v1":1.0},"geometry":{"type":"Polygon","coordinates":[[[-122.2456,45.1167],[-122.2352,45.1206],[-122.2216,45.1171],[-122.2049,45.1061],[-122.1999,45.0916],[-122.2066,45.0734],[-122.2202,45.0769],[-122.2406,45.1022],[-122.2456,45.1167]]]}},{"type":"Feature","properties":{"c":"#009900","v0":0.5,"v1":1.0},"geometry":{"type":"Polygon","coordinates":[[[-123.7309,45.0618],[-123.717,45.0689],[-123.7041,45.0689],[-123.6924,45.0618],[-123.6924,45.0549],[-123.7041,45.0482],[-123.717,45.0482],[-123.7309,45.0549],[-123.7309,45.0618]]]}},{"type":"Feature","properties":{"c":"#009900","v0":0.5,"v1":1.0},"geometry":{"type":"Polygon","coordinates":[[[-122.3354,44.8814],[-122.3073,44.8956],[-122.2891,44.9168],[-122.2807,44.9452],[-122.2631,44.977],[-122.2363,45.0124],[-122.2146,45.0333],[-122.1982,45.0399],[-122.1744,45.0364],[-122.1433,45.0227],[-122.1438,45.0018],[-122.1757,44.9735],[-122.1912,44.9457],[-122.1904,44.9186],[-122.165,44.9076],[-122.115,44.9127],[-122.0792,44.905],[-122.0575,44.8846],[-122.0625,44.8579],[-122.0942,44.8249],[-122.135,44.802],[-122.185,44.7892],[-122.2185,44.7844],[-122.2356,44.7876],[-122.2386,44.8034],[-122.2276,44.8318],[-122.2539,44.8531],[-122.3175,44.8672],[-122.3354,44.8814]]]}},{"type":"Feature","properties":{"c":"#009900","v0":0.5,"v1":1.0},"geometry":{"type":"Polygon","coordinates":[[[-94.2653,42.0073],[-94.2418,42.0229],[-94.2159,42.0229],[-94.1878,42.0073],[-94.1878,41.9901],[-94.2159,41.9715],[-94.2418,41.9715],[-94.2653,41.9901],[-94.2653,42.0073]]]}},{"type":"Feature","properties":{"c":"#009900","v0":0.5,"v1":1.0},"geometry":{"type":"Polygon","coordinates":[[[-75.2279,36.5019],[-75.1943,36.526],[-75.1734,36.5622],[-75.1653,36.6104],[-75.1484,36.6413],[-75.1228,36.6551],[-75.0923,36.6631],[-75.0569,36.6654],[-75.0534,36.6946],[-75.0819,36.7507],[-75.0796,36.8027],[-75.0465,36.8505],[-75.0304,36.9145],[-75.0313,36.9946],[-75.0156,37.0706],[-74.9834,37.1424],[-74.9386,37.2101],[-74.8812,37.2738],[-74.8621,37.3414],[-74.8813,37.4129],[-74.8857,37.4903],[-74.8752,37.5735],[-74.84,37.6243],[-74.78,37.6428],[-74.72,37.6373],[-74.66,37.608],[-74.605,37.5996],[-74.555,37.6123],[-74.505,37.6137],[-74.455,37.6038],[-74.385,37.633],[-74.295,37.7012],[-74.1761,37.897],[-74.0282,38.2191],[-73.889,38.4737],[-73.7584,38.6613],[-73.671,38.8135],[-73.6266,38.9303],[-73.5858,39.0017],[-73.5486,39.0278],[-73.49,39.0423],[-73.41,39.0451],[-73.3554,39.0553],[-73.3263,39.073],[-73.2931,39.1555],[-73.2561,39.3027],[-73.2278,39.3878],[-73.2082,39.411],[-73.0978,39.4766],[-72.8966,39.5846],[-72.7645,39.6661],[-72.7015,39.7211],[-72.59,39.7801],[-72.43,39.8431],[-72.305,39.9066],[-72.215,39.9707],[-72.095,40.0317],[-71.945,40.0897],[-71.81,40.1053],[-71.69,40.0786],[-71.595,40.0677],[-71.525,40.0726],[-71.465,40.0837],[-71.415,40.101],[-71.381,40.1223],[-71.3631,40.1476],[-71.3574,40.1755],[-71.3639,40.2061],[-71.4029,40.23],[-71.4743,40.2472],[-71.5216,40.2739],[-71.5448,40.3101],[-71.5964,40.3396],[-71.6765,40.3625],[-71.7099,40.3952],[-71.6966,40.4377],[-71.674,40.4757],[-71.6421,40.5093],[-71.6314,40.5375],[-71.6419,40.5603],[-71.6424,40.5793],[-71.6329,40.5945],[-71.5966,40.6135],[-71.5337,40.6363],[-71.4841,40.661],[-71.448,40.6877],[-71.4025,40.7066],[-71.3475,40.7179],[-71.3167,40.731],[-71.31,40.7462],[-71.3142,40.7651],[-71.3293,40.7879],[-71.3301,40.8051],[-71.3167,40.8167],[-71.26,40.8235],[-71.16,40.8255],[-71.109,40.8423],[-71.107,40.8741],[-71.092,40.916],[-71.064,40.968],[-71.0313,40.9906],[-70.9939,40.984],[-70.9539,40.9699],[-70.9113,40.9485],[-70.8753,40.9409],[-70.846,40.9473],[-70.8279,40.9618],[-70.8211,40.9844],[-70.824,41.0109],[-70.8367,41.041],[-70.8033,41.0787],[-70.7239,41.124],[-70.6812,41.1767],[-70.6751,41.2369],[-70.6416,41.2991],[-70.5805,41.3635],[-70.475,41.4043],[-70.325,41.4216],[-70.22,41.4399],[-70.16,41.4593],[-70.09,41.5016],[-70.01,41.567],[-69.92,41.5951],[-69.82,41.586],[-69.76,41.5859],[-69.74,41.5949],[-69.72,41.6128],[-69.7,41.6397],[-69.68,41.6563],[-69.66,41.6624],[-69.6159,41.6558],[-69.5478,41.6364],[-69.4978,41.6275],[-69.4659,41.6289],[-69.4239,41.6663],[-69.3718,41.7395],[-69.3568,41.7866],[-69.3789,41.8075],[-69.41,41.8121],[-69.45,41.8002],[-69.4743,41.801],[-69.4829,41.8142],[-69.4839,41.832],[-69.4773,41.8544],[-69.463,41.8754],[-69.441,41.8952],[-69.4062,41.9138],[-69.3586,41.9313],[-69.3186,41.9619],[-69.2862,42.0057],[-69.26,42.0274],[-69.24,42.0269],[-69.215,42.0065],[-69.185,41.9662],[-69.115,41.9521],[-69.005,41.9643],[-68.9445,41.959],[-68.9334,41.9364],[-68.9285,41.899],[-68.9298,41.8469],[-68.9204,41.8067],[-68.9001,41.7783],[-68.84,41.7264],[-68.74,41.6509],[-68.666,41.6054],[-68.6181,41.5897],[-68.5831,41.5651],[-68.561,41.5314],[-68.53,41.5276],[-68.49,41.5536],[-68.4543,41.5629],[-68.423,41.5556],[-68.4093,41.537],[-68.4132,41.507],[-68.453,41.4808],[-68.5285,41.4583],[-68.5822,41.4233],[-68.6141,41.3757],[-68.675,41.3255],[-68.765,41.2727],[-68.8232,41.2289],[-68.8497,41.1941],[-68.8947,41.1549],[-68.9582,41.1113],[-69.015,41.06],[-69.065,41.0009],[-69.12,40.9654],[-69.18,40.9534],[-69.26,40.9122],[-69.36,40.8417],[-69.43,40.8143],[-69.47,40.83],[-69.5051,40.8357],[-69.5353,40.8316],[-69.5553,40.8208],[-69.5651,40.8033],[-69.5498,40.7654],[-69.5095,40.7071],[-69.4933,40.6628],[-69.5012,40.6325],[-69.5116,40.6135],[-69.5244,40.6059],[-69.5806,40.5876],[-69.6802,40.5586],[-69.7522,40.5244],[-69.7965,40.485],[-69.8515,40.4644],[-69.9172,40.4625],[-69.98,40.4535],[-70.04,40.4372],[-70.09,40.413],[-70.13,40.3808],[-70.2069,40.3404],[-70.3206,40.2916],[-70.4206,40.2333],[-70.5069,40.1654],[-70.61,40.1021],[-70.73,40.0435],[-70.81,40.0156],[-70.85,40.0185],[-70.9028,40.0513],[-70.9684,40.1137],[-71.0206,40.145],[-71.0595,40.145],[-71.0802,40.1373],[-71.0828,40.122],[-71.0676,40.0838],[-71.0346,40.0225],[-71.0213,39.9651],[-71.0279,39.9114],[-71.0609,39.8743],[-71.1203,39.8538],[-71.18,39.8517],[-71.24,39.8682],[-71.2907,39.8631],[-71.332,39.8365],[-71.3456,39.7809],[-71.3315,39.6963],[-71.317,39.6347],[-71.3019,39.5962],[-71.278,39.5615],[-71.2451,39.5306],[-71.229,39.5081],[-71.2297,39.4939],[-71.241,39.4437],[-71.263,39.3575],[-71.3175,39.2834],[-71.4044,39.2214],[-71.4581,39.171],[-71.4785,39.1322],[-71.517,39.0896],[-71.5736,39.043],[-71.6015,39.008],[-71.6009,38.9847],[-71.5887,38.9536],[-71.5648,38.9147],[-71.5553,38.8797],[-71.5602,38.8485],[-71.5942,38.8213],[-71.6574,38.7979],[-71.7197,38.7589],[-71.7811,38.7043],[-71.8147,38.6653],[-71.8207,38.6418],[-71.8145,38.6067],[-71.7961,38.5598],[-71.7927,38.5293],[-71.8042,38.5152],[-71.83,38.5016],[-71.87,38.4884],[-71.945,38.445],[-72.055,38.3714],[-72.175,38.3074],[-72.305,38.2531],[-72.3739,38.2133],[-72.3817,38.1881],[-72.3763,38.1598],[-72.3577,38.1284],[-72.3642,38.0969],[-72.3958,38.0654],[-72.4164,38.0339],[-72.426,38.0024],[-72.4503,37.963],[-72.4894,37.9156],[-72.5292,37.8846],[-72.5697,37.87],[-72.61,37.8625],[-72.65,37.862],[-72.765,37.9059],[-72.955,37.9941],[-73.065,38.0407],[-73.095,38.0458],[-73.12,38.0409],[-73.14,38.0259],[-73.1615,38.0026],[-73.1845,37.9709],[-73.1949,37.9354],[-73.1926,37.8959],[-73.1969,37.8643],[-73.2076,37.8406],[-73.2008,37.813],[-73.1764,37.7814],[-73.1456,37.761],[-73.1085,37.7517],[-73.08,37.7631],[-73.06,37.7951],[-73.025,37.8149],[-72.975,37.8227],[-72.9,37.8105],[-72.8,37.7781],[-72.735,37.7512],[-72.705,37.7298],[-72.6809,37.703],[-72.6627,37.6709],[-72.6627,37.647],[-72.6809,37.6312],[-72.7307,37.6193],[-72.8122,37.6113],[-72.8822,37.5886],[-72.9407,37.5513],[-72.9949,37.5275],[-73.0447,37.5173],[-73.0622,37.4923],[-73.0474,37.4526],[-73.0425,37.4256],[-73.0475,37.4112],[-73.0777,37.3993],[-73.1331,37.3899],[-73.2057,37.3374],[-73.2955,37.242],[-73.3382,37.1782],[-73.3338,37.1464],[-73.3023,37.1185],[-73.2436,37.0945],[-73.2144,37.0666],[-73.2145,37.0347],[-73.1986,36.9947],[-73.1666,36.9468],[-73.1666,36.8588],[-73.1987,36.7307],[-73.2436,36.6509],[-73.3012,36.6195],[-73.3888,36.6154],[-73.5064,36.6388],[-73.5689,36.6786],[-73.5763,36.7347],[-73.5955,36.7788],[-73.6264,36.8108],[-73.6501,36.8548],[-73.6665,36.9108],[-73.7036,36.9502],[-73.7612,36.9731],[-73.81,36.9818],[-73.85,36.9763],[-73.885,36.9769],[-73.915,36.9834],[-73.9423,36.9947],[-73.9669,37.0107],[-73.9969,37.0429],[-74.0323,37.0912],[-74.085,37.1146],[-74.155,37.1133],[-74.255,37.1028],[-74.385,37.0831],[-74.5057,37.0396],[-74.617,36.9724],[-74.672,36.926],[-74.6707,36.9004],[-74.66,36.8743],[-74.64,36.8477],[-74.62,36.8311],[-74.6,36.8247],[-74.57,36.829],[-74.53,36.8441],[-74.4995,36.8415],[-74.4784,36.821],[-74.4734,36.7946],[-74.4845,36.7622],[-74.528,36.7261],[-74.604,36.6864],[-74.6361,36.6465],[-74.6243,36.6064],[-74.5869,36.5662],[-74.5237,36.526],[-74.4877,36.4979],[-74.4788,36.4818],[-74.4782,36.4617],[-74.4858,36.4376],[-74.5097,36.4147],[-74.5499,36.393],[-74.5804,36.3648],[-74.6013,36.3301],[-74.6549,36.3047],[-74.7412,36.2886],[-74.7933,36.2604],[-74.8112,36.22],[-74.8626,36.1752],[-74.9475,36.1258],[-75.0279,36.1217],[-75.1038,36.1631],[-75.1431,36.2442],[-75.1456,36.3651],[-75.1714,36.4416],[-75.2202,36.4738],[-75.2279,36.5019]],[[-69.4434,41.2331],[-69.3989,41.2857],[-69.3743,41.3533],[-69.3694,41.4359],[-69.3484,41.5258],[-69.3114,41.623],[-69.2575,41.7201],[-69.187,41.8171],[-69.1208,41.873],[-69.059,41.8879],[-69.0193,41.8544],[-69.0017,41.7724],[-69.0047,41.7052],[-69.0284,41.6529],[-69.0377,41.6218],[-69.0326,41.6119],[-69.01,41.6016],[-68.97,41.5909],[-68.948,41.5734],[-68.944,41.5491],[-68.9772,41.4921],[-69.0478,41.4021],[-69.1148,41.3352],[-69.1783,41.2915],[-69.22,41.2531],[-69.24,41.2199],[-69.265,41.1997],[-69.295,41.1927],[-69.33,41.1943],[-69.37,41.2044],[-69.405,41.2031],[-69.435,41.1903],[-69.4539,41.1896],[-69.4617,41.2011],[-69.4434,41.2331]],[[-74.0251,37.6652],[-74.015,37.6859],[-74.0006,37.6977],[-73.9819,37.7008],[-73.9769,37.6912],[-73.9856,37.6689],[-73.995,37.6541],[-74.005,37.6467],[-74.015,37.6459],[-74.0251,37.6519],[-74.0251,37.6652]],[[-73.9131,38.0969],[-73.8948,38.1598],[-73.8668,38.2025],[-73.8289,38.225],[-73.795,38.234],[-73.765,38.2295],[-73.7425,38.2144],[-73.7274,38.1885],[-73.7287,38.1598],[-73.7465,38.1284],[-73.789,38.0938],[-73.8563,38.0561],[-73.898,38.0443],[-73.9141,38.0584],[-73.9131,38.0969]],[[-73.7509,38.3675],[-73.6836,38.4685],[-73.64,38.5236],[-73.62,38.5328],[-73.6054,38.5293],[-73.5961,38.5131],[-73.5946,38.4815],[-73.601,38.4345],[-73.6213,38.3797],[-73.6557,38.3169],[-73.6822,38.2797],[-73.7007,38.2681],[-73.72,38.263],[-73.74,38.2645],[-73.7586,38.2781],[-73.7759,38.304],[-73.7509,38.3675]],[[-73.8121,37.23],[-73.7534,37.3335],[-73.7005,37.3961],[-73.6535,37.4179],[-73.6295,37.4378],[-73.6285,37.4556],[-73.6434,37.4844],[-73.6744,37.5241],[-73.6928,37.5597],[-73.6987,37.5914],[-73.6847,37.6271],[-73.6509,37.6667],[-73.6307,37.7063],[-73.624,37.7458],[-73.608,37.7709],[-73.5827,37.7816],[-73.55,37.7752],[-73.51,37.7518],[-73.4785,37.7108],[-73.4556,37.6524],[-73.4523,37.5954],[-73.4686,37.5399],[-73.475,37.4884],[-73.4715,37.4407],[-73.482,37.397],[-73.5064,37.3573],[-73.5206,37.2857],[-73.5246,37.1822],[-73.5357,37.1145],[-73.5539,37.0826],[-73.5748,37.0618],[-73.5983,37.0523],[-73.6523,37.0603],[-73.7369,37.0858],[-73.7947,37.1185],[-73.8259,37.1583],[-73.8121,37.23]],[[-73.5235,38.1759],[-73.4745,38.2081],[-73.435,38.2273],[-73.405,38.2335],[-73.3852,38.2332],[-73.3756,38.2262],[-73.3742,38.2109],[-73.3811,38.1873],[-73.4107,38.1598],[-73.4631,38.1284],[-73.4995,38.1151],[-73.5198,38.12],[-73.5345,38.1318],[-73.5435,38.1505],[-73.5235,38.1759]],[[-73.3006,38.634],[-73.2664,38.7043],[-73.2295,38.7427],[-73.1898,38.7492],[-73.1518,38.7414],[-73.1154,38.7193],[-73.0988,38.6809],[-73.102,38.6262],[-73.1202,38.5803],[-73.1534,38.5432],[-73.19,38.5234],[-73.23,38.5209],[-73.2669,38.5395],[-73.3008,38.5791],[-73.3006,38.634]],[[-72.81,38.3891],[-72.7967,38.4079],[-72.775,38.4155],[-72.745,38.4118],[-72.7224,38.3984],[-72.7072,38.3755],[-72.7042,38.3522],[-72.7133,38.3287],[-72.7259,38.3131],[-72.742,38.3055],[-72.7599,38.3055],[-72.7796,38.3131],[-72.7963,38.3326],[-72.8098,38.364],[-72.81,38.3891]],[[-72.5015,39.5737],[-72.4805,39.5982],[-72.445,39.6185],[-72.395,39.6347],[-72.345,39.6446],[-72.295,39.6483],[-72.23,39.6693],[-72.15,39.7076],[-72.095,39.7399],[-72.065,39.7661],[-72.035,39.7808],[-72.005,39.7842],[-71.985,39.7787],[-71.975,39.7643],[-71.955,39.7582],[-71.925,39.7604],[-71.9223,39.7384],[-71.9469,39.6924],[-71.9595,39.6424],[-71.9601,39.5884],[-71.9901,39.5306],[-72.0496,39.4689],[-72.0561,39.3994],[-72.0095,39.322],[-71.9607,39.2717],[-71.9096,39.2485],[-71.8771,39.2253],[-71.8631,39.202],[-71.8595,39.1555],[-71.8663,39.0857],[-71.8998,39.0261],[-71.9599,38.9766],[-72.0,38.9541],[-72.02,38.9586],[-72.0393,38.9833],[-72.0579,39.0283],[-72.1021,39.0585],[-72.1718,39.074],[-72.2025,39.113],[-72.1942,39.1753],[-72.215,39.2132],[-72.265,39.2267],[-72.3174,39.2498],[-72.3721,39.2825],[-72.402,39.3104],[-72.4068,39.3336],[-72.3938,39.3646],[-72.3629,39.4032],[-72.3481,39.4431],[-72.3494,39.4843],[-72.365,39.5122],[-72.395,39.5268],[-72.43,39.5345],[-72.47,39.5354],[-72.4955,39.5422],[-72.5065,39.5551],[-72.5015,39.5737]],[[-69.9387,41.0566],[-69.9062,41.0576],[-69.875,41.0776],[-69.845,41.1166],[-69.805,41.1513],[-69.755,41.1816],[-69.7033,41.1842],[-69.65,41.1591],[-69.6104,41.1277],[-69.5847,41.0901],[-69.5806,41.0599],[-69.5981,41.0373],[-69.6277,41.02],[-69.6692,41.0081],[-69.73,41.0115],[-69.81,41.0303],[-69.87,41.0384],[-69.91,41.0359],[-69.9362,41.04],[-69.9487,41.0508],[-69.9387,41.0566]],[[-69.4906,41.1244],[-69.4769,41.1403],[-69.47,41.1367],[-69.47,41.1137],[-69.4769,41.1058],[-69.4906,41.1129],[-69.4906,41.1244]],[[-72.7728,38.9264],[-72.7519,38.9575],[-72.7415,38.9847],[-72.7415,39.008],[-72.7286,39.0277],[-72.7029,39.0439],[-72.68,39.0512],[-72.66,39.0496],[-72.6472,39.0377],[-72.6415,39.0153],[-72.6525,38.9925],[-72.6802,38.9691],[-72.6995,38.9419],[-72.7104,38.9108],[-72.7244,38.8905],[-72.7415,38.8812],[-72.7583,38.885],[-72.7749,38.9022],[-72.7728,38.9264]]]}},{"type":"Feature","properties":{"c":"#009900","v0":0.5,"v1":1.0},"geometry":{"type":"Polygon","coordinates":[[[-93.699,41.9362],[-93.653,41.9585],[-93.5937,41.9547],[-93.5212,41.9251],[-93.4962,41.9032],[-93.5187,41.8891],[-93.578,41.8928],[-93.674,41.9143],[-93.699,41.9362]]]}},{"type":"Feature","properties":{"c":"#009900","v0":0.5,"v1":1.0},"geometry":{"type":"Polygon","coordinates":[[[-68.1971,41.8919],[-68.179,41.9147],[-68.1505,41.9222],[-68.1114,41.9142],[-68.0888,41.899],[-68.0826,41.8767],[-68.0921,41.8485],[-68.1174,41.8146],[-68.14,41.7961],[-68.16,41.793],[-68.179,41.8138],[-68.1971,41.8582],[-68.1971,41.8919]]]}},{"type":"Feature","properties":{"c":"#009900","v0":0.5,"v1":1.0},"geometry":{"type":"Polygon","coordinates":[[[-68.6415,41.8171],[-68.6306,41.8395],[-68.5964,41.8641],[-68.5388,41.8909],[-68.49,41.9049],[-68.45,41.9061],[-68.4132,41.9002],[-68.3797,41.887],[-68.3662,41.8693],[-68.3728,41.8469],[-68.3996,41.8246],[-68.4466,41.8022],[-68.4751,41.7718],[-68.485,41.7334],[-68.5216,41.7147],[-68.5848,41.7158],[-68.624,41.7388],[-68.6393,41.7836],[-68.6415,41.8171]]]}},{"type":"Feature","properties":{"c":"#009900","v0":0.5,"v1":1.0},"geometry":{"type":"Polygon","coordinates":[[[-95.836,40.812],[-95.8053,40.8376],[-95.755,40.8584],[-95.685,40.8743],[-95.635,40.8943],[-95.605,40.9183],[-95.56,40.93],[-95.5,40.9292],[-95.445,40.9384],[-95.395,40.9575],[-95.3475,40.9666],[-95.3026,40.9659],[-95.2784,40.9618],[-95.2749,40.9542],[-95.2826,40.9467],[-95.3013,40.9391],[-95.3955,40.918],[-95.5652,40.8833],[-95.685,40.8476],[-95.755,40.8109],[-95.8,40.7905],[-95.82,40.7865],[-95.8353,40.7881],[-95.846,40.7955],[-95.836,40.812]]]}},{"type":"Feature","properties":{"c":"#009900","v0":0.5,"v1":1.0},"geometry":{"type":"Polygon","coordinates":[[[-105.5051,39.8914],[-105.4817,39.9052],[-105.4593,39.9052],[-105.4378,39.8914],[-105.4378,39.8788],[-105.4593,39.8672],[-105.4817,39.8672],[-105.5051,39.8788],[-105.5051,39.8914]]]}},{"type":"Feature","properties":{"c":"#009900","v0":0.5,"v1":1.0},"geometry":{"type":"Polygon","coordinates":[[[-95.3608,38.8758],[-95.3385,38.8991],[-95.308,38.9187],[-95.2693,38.9345],[-95.125,38.9664],[-94.875,39.0142],[-94.743,39.0452],[-94.729,39.0592],[-94.7235,39.074],[-94.7265,39.0896],[-94.7435,39.1082],[-94.7745,39.13],[-94.81,39.144],[-94.85,39.15],[-94.8754,39.1585],[-94.8861,39.1694],[-94.8761,39.1888],[-94.8454,39.2166],[-94.78,39.244],[-94.68,39.271],[-94.575,39.2873],[-94.465,39.293],[-94.3849,39.2927],[-94.3348,39.2865],[-94.3075,39.2795],[-94.303,39.2717],[-94.3131,39.2603],[-94.3377,39.2452],[-94.4186,39.2181],[-94.5558,39.179],[-94.6343,39.1516],[-94.654,39.1361],[-94.6604,39.1217],[-94.6535,39.1084],[-94.635,39.1015],[-94.605,39.1008],[-94.58,39.093],[-94.56,39.0781],[-94.535,39.0736],[-94.505,39.0795],[-94.475,39.076],[-94.445,39.063],[-94.4253,39.0317],[-94.416,38.9822],[-94.421,38.9498],[-94.4403,38.9344],[-94.4704,38.9267],[-94.5113,38.9265],[-94.5361,38.9419],[-94.5448,38.973],[-94.5544,38.9901],[-94.5648,38.993],[-94.595,38.9733],[-94.645,38.9307],[-94.75,38.9143],[-94.91,38.9242],[-95.06,38.9067],[-95.2,38.8618],[-95.29,38.8407],[-95.33,38.8433],[-95.3555,38.8495],[-95.3664,38.8592],[-95.3608,38.8758]]]}},{"type":"Feature","properties":{"c":"#009900","v0":0.5,"v1":1.0},"geometry":{"type":"Polygon","coordinates":[[[-96.0094,38.1166],[-95.9561,38.2188],[-95.9096,38.2844],[-95.8699,38.3135],[-95.81,38.3458],[-95.73,38.3811],[-95.6519,38.4293],[-95.5758,38.4902],[-95.5272,38.5363],[-95.5063,38.5676],[-95.4543,38.6201],[-95.3714,38.6939],[-95.31,38.7377],[-95.27,38.7516],[-95.2361,38.7537],[-95.2084,38.7442],[-95.1838,38.7238],[-95.1624,38.6926],[-95.2345,38.6067],[-95.4002,38.4659],[-95.4902,38.364],[-95.5044,38.3012],[-95.4961,38.2694],[-95.4654,38.2686],[-95.4483,38.2607],[-95.445,38.2459],[-95.4693,38.2109],[-95.5213,38.1559],[-95.5863,38.1048],[-95.6645,38.0575],[-95.7189,38.0063],[-95.7496,37.9511],[-95.7812,37.9156],[-95.8137,37.8997],[-95.8329,37.8997],[-95.8386,37.9156],[-95.8003,37.9787],[-95.718,38.089],[-95.7001,38.1519],[-95.7467,38.1674],[-95.82,38.1464],[-95.92,38.089],[-95.98,38.0569],[-96.0,38.0499],[-96.0165,38.0512],[-96.0295,38.0607],[-96.0094,38.1166]]]}},{"type":"Feature","properties":{"c":"#009900","v0":0.5,"v1":1.0},"geometry":{"type":"Polygon","coordinates":[[[-108.8862,38.115],[-108.8754,38.1198],[-108.8644,38.1158],[-108.8531,38.1032],[-108.8585,38.1008],[-108.8806,38.1087],[-108.8862,38.115]]]}},{"type":"Feature","properties":{"c":"#009900","v0":0.5,"v1":1.0},"geometry":{"type":"Polygon","coordinates":[[[-104.7325,37.8908],[-104.7175,37.9202],[-104.695,37.929],[-104.665,37.9172],[-104.6333,37.9223],[-104.5999,37.9441],[-104.575,37.9511],[-104.5587,37.9433],[-104.5588,37.9275],[-104.5753,37.9038],[-104.5804,37.8801],[-104.574,37.8564],[-104.5806,37.8387],[-104.6002,37.827],[-104.625,37.8199],[-104.655,37.8174],[-104.6875,37.8312],[-104.7225,37.8612],[-104.7325,37.8908]]]}},{"type":"Feature","properties":{"c":"#009900","v0":0.5,"v1":1.0},"geometry":{"type":"Polygon","coordinates":[[[-96.7944,37.5875],[-96.6961,37.7063],[-96.6077,37.798],[-96.5292,37.8628],[-96.47,37.9037],[-96.43,37.9207],[-96.37,37.925],[-96.29,37.9166],[-96.235,37.9216],[-96.205,37.94],[-96.1857,37.9467],[-96.1772,37.9418],[-96.1888,37.9275],[-96.2206,37.9038],[-96.2435,37.8762],[-96.2575,37.8446],[-96.2871,37.8051],[-96.3323,37.7577],[-96.3616,37.7142],[-96.375,37.6746],[-96.3999,37.639],[-96.4361,37.6073],[-96.4882,37.5737],[-96.5561,37.5381],[-96.61,37.5221],[-96.65,37.5258],[-96.705,37.5209],[-96.775,37.5076],[-96.8184,37.5077],[-96.8351,37.5212],[-96.7944,37.5875]]]}},{"type":"Feature","properties":{"c":"#009900","v0":0.5,"v1":1.0},"geometry":{"type":"Polygon","coordinates":[[[-99.1622,37.6935],[-99.1541,37.7074],[-99.1496,37.7034],[-99.1488,37.6816],[-99.1529,37.6746],[-99.1618,37.6825],[-99.1622,37.6935]]]}},{"type":"Feature","properties":{"c":"#009900","v0":0.5,"v1":1.0},"geometry":{"type":"Polygon","coordinates":[[[-105.6416,37.5062],[-105.6339,37.526],[-105.6177,37.5419],[-105.593,37.5538],[-105.583,37.5507],[-105.5877,37.5325],[-105.6039,37.5167],[-105.6316,37.5031],[-105.6416,37.5062]]]}},{"type":"Feature","properties":{"c":"#009900","v0":0.5,"v1":1.0},"geometry":{"type":"Polygon","coordinates":[[[-99.4717,37.2141],[-99.4313,37.2857],[-99.3908,37.3387],[-99.3503,37.373],[-99.315,37.4179],[-99.285,37.4732],[-99.26,37.5064],[-99.24,37.5175],[-99.22,37.5206],[-99.2,37.5157],[-99.1913,37.4972],[-99.1939,37.4648],[-99.2232,37.4288],[-99.2791,37.3891],[-99.3378,37.325],[-99.3993,37.2364],[-99.44,37.1849],[-99.46,37.1705],[-99.475,37.1627],[-99.485,37.1616],[-99.4905,37.1653],[-99.4914,37.1739],[-99.4717,37.2141]]]}},{"type":"Feature","properties":{"c":"#009900","v0":0.5,"v1":1.0},"geometry":{"type":"Polygon","coordinates":[[[-104.8472,37.4287],[-104.8224,37.4521],[-104.74,37.4681],[-104.6,37.4766],[-104.495,37.4694],[-104.425,37.4465],[-104.3826,37.4265],[-104.3678,37.4095],[-104.3681,37.3891],[-104.3835,37.3653],[-104.4109,37.349],[-104.4503,37.3403],[-104.4826,37.3403],[-104.5077,37.349],[-104.5177,37.375],[-104.5126,37.4183],[-104.57,37.4371],[-104.69,37.4314],[-104.77,37.423],[-104.81,37.4121],[-104.8374,37.4092],[-104.8522,37.4143],[-104.8472,37.4287]]]}},{"type":"Feature","properties":{"c":"#009900","v0":0.5,"v1":1.0},"geometry":{"type":"Polygon","coordinates":[[[-96.7535,37.3454],[-96.7264,37.3931],[-96.7022,37.4216],[-96.6807,37.4309],[-96.676,37.411],[-96.688,37.362],[-96.708,37.331],[-96.736,37.3181],[-96.7542,37.3141],[-96.7627,37.3191],[-96.7535,37.3454]]]}},{"type":"Feature","properties":{"c":"#009900","v0":0.5,"v1":1.0},"geometry":{"type":"Polygon","coordinates":[[[-105.8641,37.0187],[-105.8396,37.0506],[-105.8364,37.0786],[-105.8548,37.1025],[-105.8618,37.1384],[-105.8575,37.1862],[-105.8501,37.2141],[-105.8398,37.222],[-105.8035,37.2423],[-105.7412,37.2747],[-105.695,37.2929],[-105.665,37.2968],[-105.635,37.2965],[-105.6049,37.292],[-105.5866,37.2698],[-105.5799,37.23],[-105.5539,37.2141],[-105.5085,37.222],[-105.5069,37.1949],[-105.549,37.1326],[-105.6354,37.0728],[-105.7662,37.0154],[-105.8412,36.9857],[-105.8604,36.9837],[-105.8716,36.9877],[-105.8748,36.9977],[-105.8641,37.0187]],[[-105.6865,37.242],[-105.6718,37.242],[-105.6708,37.2368],[-105.6836,37.2266],[-105.691,37.2266],[-105.6929,37.2368],[-105.6865,37.242]]]}},{"type":"Feature","properties":{"c":"#009900","v0":0.5,"v1":1.0},"geometry":{"type":"Polygon","coordinates":[[[-99.5788,37.0427],[-99.5609,37.0905],[-99.5415,37.122],[-99.5205,37.1371],[-99.51,37.1251],[-99.5101,37.0861],[-99.5201,37.053],[-99.54,37.0258],[-99.555,37.0091],[-99.565,37.003],[-99.5744,37.0046],[-99.5833,37.014],[-99.5788,37.0427]]]}},{"type":"Feature","properties":{"c":"#009900","v0":0.5,"v1":1.0},"geometry":{"type":"Polygon","coordinates":[[[-99.8853,36.8311],[-99.8751,36.8398],[-99.87,36.8395],[-99.87,36.8302],[-99.875,36.8216],[-99.885,36.8136],[-99.8901,36.8139],[-99.8903,36.8225],[-99.8853,36.8311]]]}},{"type":"Feature","properties":{"c":"#009900","v0":0.5,"v1":1.0},"geometry":{"type":"Polygon","coordinates":[[[-106.1036,36.6138],[-106.0945,36.6367],[-106.08,36.6549],[-106.06,36.6685],[-106.0159,36.6811],[-105.9478,36.6928],[-105.9428,36.6708],[-106.0009,36.6152],[-106.045,36.5856],[-106.075,36.582],[-106.0945,36.5857],[-106.1036,36.5968],[-106.1036,36.6138]]]}},{"type":"Feature","properties":{"c":"#009900","v0":0.5,"v1":1.0},"geometry":{"type":"Polygon","coordinates":[[[-107.3138,36.4818],[-107.3073,36.4979],[-107.2905,36.5131],[-107.2635,36.5273],[-107.225,36.5374],[-107.175,36.5432],[-107.1367,36.5401],[-107.1102,36.5281],[-107.1102,36.5029],[-107.1367,36.4646],[-107.165,36.4381],[-107.195,36.4233],[-107.23,36.4209],[-107.27,36.4308],[-107.2968,36.4453],[-107.3103,36.4643],[-107.3138,36.4818]],[[-107.2711,36.4813],[-107.257,36.4962],[-107.2378,36.5002],[-107.2133,36.4933],[-107.2083,36.4813],[-107.2228,36.4643],[-107.242,36.4603],[-107.2661,36.4693],[-107.2711,36.4813]]]}},{"type":"Feature","properties":{"c":"#009900","v0":0.5,"v1":1.0},"geometry":{"type":"Polygon","coordinates":[[[-106.1699,36.5417],[-106.1566,36.5488],[-106.1468,36.5488],[-106.1403,36.5417],[-106.1453,36.5333],[-106.1618,36.5238],[-106.1716,36.5238],[-106.1749,36.5333],[-106.1699,36.5417]]]}},{"type":"Feature","properties":{"c":"#009900","v0":0.5,"v1":1.0},"geometry":{"type":"Polygon","coordinates":[[[-106.6834,36.3455],[-106.6345,36.3788],[-106.597,36.3949],[-106.5711,36.3939],[-106.5493,36.3853],[-106.5318,36.3692],[-106.5298,36.3477],[-106.5433,36.3207],[-106.57,36.2971],[-106.61,36.2768],[-106.6467,36.2742],[-106.6801,36.2892],[-106.6996,36.3047],[-106.7051,36.3208],[-106.6834,36.3455]]]}},{"type":"Feature","properties":{"c":"#009900","v0":0.5,"v1":1.0},"geometry":{"type":"Polygon","coordinates":[[[-75.3218,36.3817],[-75.3006,36.3906],[-75.285,36.3782],[-75.275,36.3444],[-75.28,36.3271],[-75.3,36.3262],[-75.3156,36.3386],[-75.3268,36.3643],[-75.3218,36.3817]]]}},{"type":"Feature","properties":{"c":"#009900","v0":0.5,"v1":1.0},"geometry":{"type":"Polygon","coordinates":[[[-101.4949,35.925],[-101.4094,36.1514],[-101.3575,36.2761],[-101.3392,36.2995],[-101.315,36.3189],[-101.285,36.3343],[-101.2648,36.3065],[-101.2545,36.2354],[-101.2624,36.1434],[-101.2885,36.0302],[-101.3437,35.906],[-101.4279,35.7706],[-101.48,35.6982],[-101.5,35.6892],[-101.515,35.6873],[-101.525,35.6927],[-101.5319,35.7244],[-101.5357,35.7825],[-101.4949,35.925]]]}},{"type":"Feature","properties":{"c":"#009900","v0":0.5,"v1":1.0},"geometry":{"type":"Polygon","coordinates":[[[-106.2467,36.1555],[-106.2118,36.2281],[-106.1783,36.2708],[-106.1461,36.2837],[-106.1201,36.2877],[-106.1004,36.2829],[-106.0887,36.2684],[-106.0849,36.2442],[-106.0915,36.22],[-106.1085,36.1958],[-106.1453,36.1647],[-106.2018,36.1265],[-106.2385,36.1104],[-106.2556,36.1162],[-106.2467,36.1555]]]}},{"type":"Feature","properties":{"c":"#009900","v0":0.5,"v1":1.0},"geometry":{"type":"Polygon","coordinates":[[[-107.4635,36.1089],[-107.4412,36.1209],[-107.415,36.1231],[-107.385,36.1157],[-107.363,36.1056],[-107.3491,36.0931],[-107.3451,36.0747],[-107.3508,36.0504],[-107.3628,36.0336],[-107.3809,36.0242],[-107.4049,36.0202],[-107.4346,36.0215],[-107.4557,36.0423],[-107.4683,36.0828],[-107.4635,36.1089]]]}},{"type":"Feature","properties":{"c":"#009900","v0":0.5,"v1":1.0},"geometry":{"type":"Polygon","coordinates":[[[-107.8056,35.8338],[-107.7685,35.8784],[-107.7366,35.8987],[-107.7099,35.8946],[-107.6982,35.8845],[-107.7013,35.8683],[-107.7164,35.848],[-107.7435,35.8237],[-107.7703,35.8063],[-107.7968,35.796],[-107.8135,35.796],[-107.8206,35.8063],[-107.8056,35.8338]]]}},{"type":"Feature","properties":{"c":"#009900","v0":0.5,"v1":1.0},"geometry":{"type":"Polygon","coordinates":[[[-107.42,35.6573],[-107.3915,35.706],[-107.3455,35.731],[-107.2818,35.7321],[-107.21,35.7608],[-107.13,35.8173],[-107.045,35.84],[-106.955,35.8292],[-106.8806,35.8085],[-106.8219,35.7781],[-106.8119,35.7438],[-106.8506,35.7057],[-106.905,35.6916],[-106.975,35.7016],[-107.035,35.6919],[-107.085,35.6627],[-107.125,35.6282],[-107.155,35.5887],[-107.22,35.5659],[-107.32,35.56],[-107.3822,35.5638],[-107.4067,35.5774],[-107.4228,35.5963],[-107.4304,35.6207],[-107.42,35.6573]],[[-107.2601,35.6536],[-107.24,35.6624],[-107.2236,35.6583],[-107.2109,35.6414],[-107.2109,35.6299],[-107.2236,35.6237],[-107.24,35.6278],[-107.2601,35.642],[-107.2601,35.6536]]]}},{"type":"Feature","properties":{"c":"#009900","v0":0.5,"v1":1.0},"geometry":{"type":"Polygon","coordinates":[[[-107.6004,35.5949],[-107.5801,35.6164],[-107.55,35.6246],[-107.51,35.6193],[-107.505,35.5952],[-107.535,35.5522],[-107.5651,35.5441],[-107.5954,35.5708],[-107.6004,35.5949]]]}},{"type":"Feature","properties":{"c":"#009900","v0":0.5,"v1":1.0},"geometry":{"type":"Polygon","coordinates":[[[-106.1435,35.4537],[-106.1212,35.4859],[-106.0978,35.5062],[-106.0733,35.5148],[-106.0575,35.5109],[-106.0505,35.4946],[-106.0527,35.4737],[-106.0642,35.4482],[-106.085,35.4291],[-106.115,35.4164],[-106.1362,35.4169],[-106.1485,35.4307],[-106.1435,35.4537]]]}},{"type":"Feature","properties":{"c":"#009900","v0":0.5,"v1":1.0},"geometry":{"type":"Polygon","coordinates":[[[-102.3633,33.4251],[-102.3197,33.5919],[-102.2649,33.7168],[-102.199,33.7999],[-102.1321,33.873],[-102.064,33.936],[-101.975,33.998],[-101.865,34.059],[-101.7976,34.0856],[-101.7728,34.0777],[-101.7578,34.0524],[-101.7526,34.0097],[-101.7427,34.0055],[-101.728,34.0399],[-101.713,34.0619],[-101.6977,34.0713],[-101.67,34.0749],[-101.63,34.0729],[-101.595,34.0631],[-101.565,34.0458],[-101.5276,34.0504],[-101.4828,34.077],[-101.4532,34.1068],[-101.4388,34.14],[-101.4444,34.1689],[-101.4699,34.1937],[-101.4708,34.231],[-101.4473,34.2806],[-101.4414,34.3838],[-101.4531,34.5405],[-101.4548,34.6722],[-101.4465,34.779],[-101.4297,34.8447],[-101.4044,34.8693],[-101.3816,34.9062],[-101.3615,34.9554],[-101.3635,34.9964],[-101.3877,35.0292],[-101.3974,35.0592],[-101.3925,35.0865],[-101.435,35.1021],[-101.525,35.1061],[-101.5787,35.1129],[-101.5961,35.1226],[-101.6062,35.1356],[-101.609,35.1519],[-101.5853,35.1998],[-101.5351,35.2792],[-101.495,35.3144],[-101.465,35.3052],[-101.4429,35.29],[-101.4288,35.2688],[-101.3964,35.2459],[-101.3458,35.2214],[-101.3155,35.2336],[-101.3055,35.2826],[-101.2899,35.3194],[-101.2686,35.3438],[-101.281,35.3665],[-101.327,35.3873],[-101.37,35.393],[-101.41,35.3835],[-101.4582,35.3894],[-101.5146,35.4107],[-101.5346,35.4303],[-101.5182,35.4482],[-101.48,35.4633],[-101.42,35.4756],[-101.36,35.4799],[-101.3,35.4761],[-101.2612,35.465],[-101.2437,35.4468],[-101.2372,35.4213],[-101.2418,35.3887],[-101.2206,35.3642],[-101.1734,35.3479],[-101.1458,35.3275],[-101.1375,35.303],[-101.148,35.2663],[-101.1771,35.2173],[-101.2006,35.156],[-101.2183,35.0824],[-101.2258,35.0087],[-101.2229,34.9349],[-101.2286,34.8926],[-101.2429,34.8816],[-101.27,34.8804],[-101.31,34.8888],[-101.338,34.886],[-101.3539,34.8722],[-101.3549,34.8447],[-101.3409,34.8037],[-101.3279,34.7797],[-101.316,34.7728],[-101.285,34.7831],[-101.235,34.8106],[-101.195,34.8144],[-101.165,34.7944],[-101.135,34.7908],[-101.105,34.8035],[-101.085,34.802],[-101.075,34.7862],[-101.0664,34.7507],[-101.0592,34.6956],[-101.0692,34.6448],[-101.0964,34.5983],[-101.115,34.5707],[-101.125,34.5621],[-101.14,34.5865],[-101.16,34.6437],[-101.175,34.6721],[-101.185,34.6717],[-101.2022,34.6377],[-101.2267,34.5701],[-101.2317,34.5188],[-101.2172,34.4837],[-101.185,34.4702],[-101.135,34.4784],[-101.103,34.4506],[-101.089,34.3868],[-101.059,34.3379],[-101.013,34.3038],[-100.9806,34.2584],[-100.9619,34.2015],[-100.9919,34.0747],[-101.0706,33.8775],[-101.145,33.7341],[-101.215,33.6447],[-101.28,33.5928],[-101.34,33.5784],[-101.4016,33.5222],[-101.4648,33.4241],[-101.4955,33.3583],[-101.4938,33.3249],[-101.5122,33.2803],[-101.5507,33.2246],[-101.575,33.1983],[-101.585,33.2015],[-101.595,33.2228],[-101.605,33.2621],[-101.6312,33.2925],[-101.6737,33.3141],[-101.69,33.3458],[-101.68,33.3875],[-101.6654,33.4209],[-101.646,33.446],[-101.6398,33.4604],[-101.6466,33.4641],[-101.6637,33.4641],[-101.6911,33.4604],[-101.7211,33.4359],[-101.7537,33.3905],[-101.835,33.3334],[-101.965,33.2644],[-102.05,33.2331],[-102.09,33.2396],[-102.14,33.2337],[-102.2,33.2153],[-102.23,33.2313],[-102.23,33.2816],[-102.26,33.3022],[-102.32,33.2933],[-102.3588,33.302],[-102.3763,33.3284],[-102.3633,33.4251]],[[-101.1964,34.0157],[-101.1903,34.0323],[-101.178,34.0445],[-101.1593,34.0524],[-101.14,34.0561],[-101.12,34.0554],[-101.1026,34.0473],[-101.0878,34.0318],[-101.0857,34.0157],[-101.0962,33.9991],[-101.1136,33.9866],[-101.1379,33.9783],[-101.1624,33.9824],[-101.1871,33.9991],[-101.1964,34.0157]],[[-102.203,33.6835],[-102.1455,33.7667],[-102.1,33.8248],[-102.0665,33.8581],[-102.0347,33.8788],[-102.0045,33.8871],[-101.987,33.8788],[-101.9823,33.8539],[-102.0194,33.7916],[-102.0984,33.6918],[-102.156,33.6322],[-102.192,33.6128],[-102.2154,33.6128],[-102.2263,33.6322],[-102.203,33.6835]],[[-101.974,33.4402],[-101.958,33.4704],[-101.92,33.4914],[-101.86,33.5034],[-101.826,33.505],[-101.8181,33.4962],[-101.8181,33.474],[-101.826,33.4382],[-101.855,33.4038],[-101.905,33.3709],[-101.9397,33.3554],[-101.959,33.3573],[-101.972,33.375],[-101.9787,33.4084],[-101.974,33.4402]],[[-101.7004,33.5997],[-101.6535,33.6488],[-101.609,33.682],[-101.5671,33.6996],[-101.5289,33.7251],[-101.4945,33.7583],[-101.4655,33.7784],[-101.4418,33.7852],[-101.4221,33.7852],[-101.4062,33.7784],[-101.4,33.7667],[-101.4035,33.75],[-101.4305,33.7292],[-101.481,33.7043],[-101.5328,33.6585],[-101.586,33.5919],[-101.6269,33.5544],[-101.6556,33.5462],[-101.6835,33.5503],[-101.7104,33.5669],[-101.7004,33.5997]],[[-101.4847,35.205],[-101.4584,35.1969],[-101.4564,35.1919],[-101.4788,35.1902],[-101.492,35.1943],[-101.496,35.2042],[-101.4847,35.205]]]}},{"type":"Feature","properties":{"c":"#009900","v0":0.5,"v1":1.0},"geometry":{"type":"Polygon","coordinates":[[[-107.5538,35.4295],[-107.5368,35.4458],[-107.5288,35.4433],[-107.5296,35.4222],[-107.5381,35.414],[-107.5542,35.4189],[-107.5538,35.4295]]]}},{"type":"Feature","properties":{"c":"#009900","v0":0.5,"v1":1.0},"geometry":{"type":"Polygon","coordinates":[[[-107.8858,35.2132],[-107.8546,35.2214],[-107.8513,35.2173],[-107.8758,35.201],[-107.8914,35.1969],[-107.8981,35.205],[-107.8858,35.2132]]]}},{"type":"Feature","properties":{"c":"#009900","v0":0.5,"v1":1.0},"geometry":{"type":"Polygon","coordinates":[[[-106.1838,35.0481],[-106.1613,35.0861],[-106.1243,35.1106],[-106.0728,35.1218],[-106.0678,35.1014],[-106.1093,35.0493],[-106.14,35.0184],[-106.16,35.0087],[-106.1763,35.0102],[-106.1888,35.0228],[-106.1838,35.0481]]]}},{"type":"Feature","properties":{"c":"#009900","v0":0.5,"v1":1.0},"geometry":{"type":"Polygon","coordinates":[[[-107.6787,35.0397],[-107.6596,35.0606],[-107.63,35.0721],[-107.59,35.074],[-107.5325,35.0513],[-107.4575,35.0038],[-107.4206,34.9759],[-107.422,34.9677],[-107.4385,34.9431],[-107.4702,34.9021],[-107.517,34.8652],[-107.579,34.8323],[-107.6188,34.8241],[-107.6364,34.8406],[-107.6423,34.8693],[-107.6365,34.9103],[-107.6472,34.9554],[-107.6745,35.0046],[-107.6787,35.0397]],[[-107.626,35.019],[-107.6153,35.0313],[-107.6009,35.0354],[-107.5827,35.0312],[-107.5725,35.0169],[-107.5702,34.9923],[-107.5792,34.9816],[-107.5997,34.9847],[-107.6153,34.9928],[-107.626,35.0061],[-107.626,35.019]]]}},{"type":"Feature","properties":{"c":"#009900","v0":0.5,"v1":1.0},"geometry":{"type":"Polygon","coordinates":[[[-107.2896,34.9614],[-107.2765,34.9569],[-107.275,34.9525],[-107.285,34.9484],[-107.2915,34.9506],[-107.2946,34.9593],[-107.2896,34.9614]]]}},{"type":"Feature","properties":{"c":"#009900","v0":0.5,"v1":1.0},"geometry":{"type":"Polygon","coordinates":[[[-105.3827,34.6355],[-105.3476,34.6692],[-105.29,34.7016],[-105.21,34.7327],[-105.155,34.7469],[-105.125,34.7443],[-105.1153,34.7325],[-105.1258,34.7114],[-105.1658,34.6825],[-105.2353,34.6455],[-105.295,34.6174],[-105.345,34.5983],[-105.3776,34.5962],[-105.3927,34.6112],[-105.3827,34.6355]]]}},{"type":"Feature","properties":{"c":"#009900","v0":0.5,"v1":1.0},"geometry":{"type":"Polygon","coordinates":[[[-107.7638,34.6304],[-107.7279,34.6538],[-107.68,34.6705],[-107.62,34.6805],[-107.5825,34.6811],[-107.5676,34.6724],[-107.5676,34.6562],[-107.5825,34.6325],[-107.6,34.6167],[-107.62,34.6088],[-107.65,34.6006],[-107.69,34.5919],[-107.7279,34.5954],[-107.7638,34.6109],[-107.7638,34.6304]]]}},{"type":"Feature","properties":{"c":"#009900","v0":0.5,"v1":1.0},"geometry":{"type":"Polygon","coordinates":[[[-107.2948,34.4704],[-107.2666,34.5034],[-107.2318,34.53],[-107.1906,34.5504],[-107.14,34.5657],[-107.08,34.5759],[-107.0304,34.574],[-106.9913,34.5599],[-106.9813,34.5415],[-107.0004,34.5188],[-107.055,34.4876],[-107.145,34.448],[-107.215,34.4273],[-107.265,34.4255],[-107.2947,34.4319],[-107.3042,34.4466],[-107.2948,34.4704]],[[-107.2658,34.4663],[-107.2526,34.491],[-107.232,34.5113],[-107.204,34.5271],[-107.165,34.54],[-107.115,34.5498],[-107.0748,34.5502],[-107.0445,34.5409],[-107.0595,34.5164],[-107.1198,34.4765],[-107.17,34.4523],[-107.21,34.4438],[-107.2406,34.4432],[-107.2618,34.4503],[-107.2658,34.4663]]]}},{"type":"Feature","properties":{"c":"#009900","v0":0.5,"v1":1.0},"geometry":{"type":"Polygon","coordinates":[[[-105.4193,33.2959],[-105.3998,33.3383],[-105.375,33.3671],[-105.345,33.3825],[-105.32,33.3877],[-105.3,33.3829],[-105.2861,33.3666],[-105.2783,33.3388],[-105.2851,33.3082],[-105.3063,33.2747],[-105.3366,33.2538],[-105.376,33.2455],[-105.404,33.2497],[-105.4207,33.2664],[-105.4193,33.2959]],[[-105.3828,33.3008],[-105.3743,33.3194],[-105.36,33.3319],[-105.34,33.3382],[-105.33,33.3271],[-105.33,33.2987],[-105.34,33.2814],[-105.36,33.2752],[-105.3743,33.277],[-105.3828,33.2866],[-105.3828,33.3008]]]}},{"type":"Feature","properties":{"c":"#009900","v0":0.5,"v1":1.0},"geometry":{"type":"Polygon","coordinates":[[[-102.5149,31.1663],[-102.4716,31.2138],[-102.435,31.2411],[-102.405,31.2485],[-102.394,31.2419],[-102.4021,31.2213],[-102.4271,31.193],[-102.469,31.1569],[-102.5,31.1361],[-102.52,31.1306],[-102.5316,31.1315],[-102.5349,31.1389],[-102.5149,31.1663]]]}},{"type":"Feature","properties":{"c":"#009900","v0":0.5,"v1":1.0},"geometry":{"type":"Polygon","coordinates":[[[-91.7734,29.0215],[-91.7578,29.0368],[-91.7464,29.0411],[-91.7392,29.0346],[-91.7392,29.0217],[-91.7464,29.0023],[-91.755,28.9914],[-91.765,28.9891],[-91.7728,28.9944],[-91.7784,29.0074],[-91.7734,29.0215]]]}},{"type":"Feature","properties":{"c":"#009900","v0":0.5,"v1":1.0},"geometry":{"type":"Polygon","coordinates":[[[-79.984,28.9364],[-79.9613,28.9564],[-79.935,28.9631],[-79.905,28.9564],[-79.8687,28.9245],[-79.826,28.8674],[-79.8055,28.8213],[-79.8071,28.7862],[-79.8384,28.7425],[-79.8995,28.69],[-79.9463,28.7294],[-79.979,28.8608],[-79.984,28.9364]],[[-79.9356,28.8975],[-79.9185,28.9099],[-79.897,28.9055],[-79.871,28.8844],[-79.855,28.8607],[-79.849,28.8344],[-79.852,28.8135],[-79.864,28.798],[-79.88,28.7935],[-79.9,28.8001],[-79.9185,28.8254],[-79.9356,28.8694],[-79.9356,28.8975]]]}},{"type":"Feature","properties":{"c":"#009900","v0":0.5,"v1":1.0},"geometry":{"type":"Polygon","coordinates":[[[-80.1713,28.7334],[-80.1571,28.7681],[-80.1377,28.7812],[-80.113,28.7729],[-80.0972,28.7468],[-80.0903,28.7029],[-80.0926,28.6691],[-80.1042,28.6453],[-80.12,28.6338],[-80.14,28.6346],[-80.1571,28.6553],[-80.1713,28.6958],[-80.1713,28.7334]]]}},{"type":"Feature","properties":{"c":"#009900","v0":0.5,"v1":1.0},"geometry":{"type":"Polygon","coordinates":[[[-79.7431,28.6543],[-79.721,28.636],[-79.7183,28.6272],[-79.7349,28.628],[-79.7459,28.6371],[-79.7514,28.6547],[-79.7431,28.6543]]]}},{"type":"Feature","properties":{"c":"#009900","v0":0.5,"v1":1.0},"geometry":{"type":"Polygon","coordinates":[[[-95.6495,28.0851],[-95.6232,28.1251],[-95.5836,28.1471],[-95.5309,28.1512],[-95.5053,28.1356],[-95.507,28.1003],[-95.5283,28.0675],[-95.5694,28.0372],[-95.605,28.0223],[-95.635,28.0228],[-95.6532,28.0335],[-95.6595,28.0545],[-95.6495,28.0851]],[[-95.6235,28.0812],[-95.6012,28.1135],[-95.575,28.1273],[-95.545,28.1226],[-95.54,28.1049],[-95.56,28.0741],[-95.58,28.0549],[-95.6,28.0471],[-95.6162,28.0487],[-95.6285,28.0596],[-95.6235,28.0812]]]}},{"type":"Feature","properties":{"c":"#009900","v0":0.5,"v1":1.0},"geometry":{"type":"Polygon","coordinates":[[[-98.2299,26.8815],[-98.2166,26.8923],[-98.18,26.8853],[-98.12,26.8605],[-98.0794,26.8327],[-98.0581,26.8021],[-98.0531,26.7697],[-98.0644,26.7355],[-98.08,26.7183],[-98.1,26.718],[-98.1244,26.7306],[-98.1532,26.7562],[-98.1848,26.7958],[-98.2193,26.8493],[-98.2299,26.8815]]]}},{"type":"Feature","properties":{"c":"#009900","v0":0.5,"v1":1.0},"geometry":{"type":"Polygon","coordinates":[[[-96.9571,26.3844],[-96.9472,26.4023],[-96.9242,26.4153],[-96.8881,26.4234],[-96.8537,26.4234],[-96.8211,26.4153],[-96.7963,26.4023],[-96.7795,26.3844],[-96.7846,26.3665],[-96.8117,26.3485],[-96.8464,26.336],[-96.8888,26.329],[-96.9204,26.329],[-96.9412,26.336],[-96.9543,26.3485],[-96.9595,26.3665],[-96.9571,26.3844]]]}},{"type":"Feature","properties":{"c":"#009900","v0":0.5,"v1":1.0},"geometry":{"type":"Polygon","coordinates":[[[-98.4734,25.8861],[-98.4581,25.9131],[-98.4454,25.9259],[-98.4351,25.9246],[-98.4258,25.9111],[-98.4174,25.8854],[-98.4302,25.8726],[-98.464,25.8726],[-98.4734,25.8861]]]}},{"type":"Feature","properties":{"c":"#009900","v0":0.5,"v1":1.0},"geometry":{"type":"Polygon","coordinates":[[[-98.3689,25.8546],[-98.3524,25.8546],[-98.3378,25.8456],[-98.3251,25.8276],[-98.3266,25.8159],[-98.3422,25.8106],[-98.3568,25.8196],[-98.3703,25.8429],[-98.3689,25.8546]]]}},{"type":"Feature","properties":{"c":"#009900","v0":0.5,"v1":1.0},"geometry":{"type":"Polygon","coordinates":[[[-98.1832,25.5031],[-98.1611,25.5212],[-98.13,25.5339],[-98.09,25.5412],[-98.051,25.5322],[-98.013,25.5068],[-97.9916,25.4805],[-97.987,25.4534],[-97.991,25.4329],[-98.0037,25.4191],[-98.02,25.4134],[-98.04,25.416],[-98.0861,25.4364],[-98.1582,25.4748],[-98.1832,25.5031]]]}},{"type":"Feature","properties":{"c":"#009900","v0":0.5,"v1":1.0},"geometry":{"type":"Polygon","coordinates":[[[-98.2009,24.9756],[-98.1936,24.9882],[-98.18,24.9952],[-98.16,24.9966],[-98.1457,24.9858],[-98.1371,24.9627],[-98.1421,24.9475],[-98.1607,24.94],[-98.1786,24.9446],[-98.1959,24.9611],[-98.2009,24.9756]]]}},{"type":"Feature","properties":{"c":"#009900","v0":0.5,"v1":1.0},"geometry":{"type":"Polygon","coordinates":[[[-82.6055,23.9594],[-82.5952,23.9787],[-82.575,23.9873],[-82.545,23.9852],[-82.5035,23.9527],[-82.4506,23.8898],[-82.4214,23.8446],[-82.416,23.8172],[-82.4227,23.7852],[-82.4414,23.7486],[-82.4506,23.7044],[-82.4502,23.6526],[-82.4776,23.648],[-82.5327,23.6906],[-82.5607,23.7394],[-82.5616,23.7943],[-82.5742,23.8538],[-82.5985,23.9178],[-82.6055,23.9594]],[[-82.5514,23.9327],[-82.5371,23.9352],[-82.5104,23.9169],[-82.4713,23.8779],[-82.4563,23.8403],[-82.4654,23.8043],[-82.48,23.7887],[-82.5,23.7934],[-82.5221,23.8298],[-82.5464,23.8976],[-82.5514,23.9327]]]}},{"type":"Feature","properties":{"c":"#009900","v0":0.5,"v1":1.0},"geometry":{"type":"Polygon","coordinates":[[[-83.4139,23.7959],[-83.398,23.8172],[-83.3804,23.8218],[-83.3613,23.8096],[-83.3613,23.7938],[-83.3804,23.7746],[-83.398,23.77],[-83.4139,23.7801],[-83.4139,23.7959]]]}},{"type":"Feature","properties":{"c":"#009900","v0":0.5,"v1":1.0},"geometry":{"type":"Polygon","coordinates":[[[-83.5829,23.8078],[-83.5743,23.8164],[-83.5658,23.8164],[-83.5573,23.8078],[-83.5573,23.7976],[-83.5658,23.7858],[-83.5743,23.7858],[-83.5829,23.7976],[-83.5829,23.8078]]]}},{"type":"Feature","properties":{"c":"#009900","v0":0.5,"v1":1.0},"geometry":{"type":"Polygon","coordinates":[[[-82.2393,23.7917],[-82.2198,23.8048],[-82.19,23.8082],[-82.15,23.802],[-82.1145,23.7863],[-82.0834,23.7611],[-82.0681,23.7394],[-82.0685,23.7211],[-82.0991,23.7088],[-82.1597,23.7027],[-82.2048,23.721],[-82.2343,23.7638],[-82.2393,23.7917]],[[-82.193,23.7706],[-82.1777,23.7782],[-82.1578,23.7736],[-82.1334,23.7569],[-82.1334,23.7434],[-82.1578,23.733],[-82.1777,23.7376],[-82.193,23.7571],[-82.193,23.7706]]]}},{"type":"Feature","properties":{"c":"#009900","v0":0.5,"v1":1.0},"geometry":{"type":"Polygon","coordinates":[[[-80.9846,23.7515],[-80.9615,23.7575],[-80.9407,23.7529],[-80.9221,23.7378],[-80.9221,23.726],[-80.9407,23.7176],[-80.9615,23.7222],[-80.9846,23.7398],[-80.9846,23.7515]]]}},{"type":"Feature","properties":{"c":"#009900","v0":0.5,"v1":1.0},"geometry":{"type":"Polygon","coordinates":[[[-82.4034,23.5515],[-82.3945,23.5603],[-82.3816,23.5603],[-82.3648,23.5515],[-82.3532,23.5333],[-82.3467,23.5058],[-82.3548,23.4966],[-82.3773,23.5058],[-82.3934,23.5195],[-82.4031,23.5378],[-82.4034,23.5515]]]}},{"type":"Feature","properties":{"c":"#009900","v0":0.5,"v1":1.0},"geometry":{"type":"Polygon","coordinates":[[[-82.1253,23.0587],[-82.1018,23.074],[-82.0807,23.074],[-82.062,23.0587],[-82.062,23.0417],[-82.0807,23.0231],[-82.1018,23.0231],[-82.1253,23.0417],[-82.1253,23.0587]]]}},{"type":"Feature","properties":{"c":"#009900","v0":0.5,"v1":1.0},"geometry":{"type":"Polygon","coordinates":[[[-82.4341,22.9503],[-82.418,22.9698],[-82.3965,22.9744],[-82.3696,22.9641],[-82.3646,22.9499],[-82.3815,22.9319],[-82.403,22.9273],[-82.4291,22.9361],[-82.4341,22.9503]]]}},{"type":"Feature","properties":{"c":"#009900","v0":0.5,"v1":1.0},"geometry":{"type":"Polygon","coordinates":[[[-81.8013,22.8642],[-81.7538,22.8956],[-81.685,22.9295],[-81.595,22.9657],[-81.5348,22.9776],[-81.5044,22.9652],[-81.4786,22.9359],[-81.4572,22.8899],[-81.4724,22.8593],[-81.5241,22.8441],[-81.56,22.8176],[-81.58,22.7798],[-81.6,22.7595],[-81.62,22.7567],[-81.6784,22.774],[-81.7752,22.8113],[-81.824,22.8346],[-81.8247,22.8438],[-81.8013,22.8642]],[[-81.7464,22.8622],[-81.7233,22.8899],[-81.6763,22.9188],[-81.6054,22.949],[-81.5577,22.9628],[-81.5332,22.9602],[-81.513,22.9498],[-81.4972,22.9313],[-81.4901,22.9129],[-81.4918,22.8945],[-81.512,22.8792],[-81.5507,22.8672],[-81.585,22.8411],[-81.615,22.8011],[-81.645,22.7844],[-81.675,22.7912],[-81.707,22.8081],[-81.741,22.835],[-81.7464,22.8622]]]}},{"type":"Feature","properties":{"c":"#009900","v0":0.5,"v1":1.0},"geometry":{"type":"Polygon","coordinates":[[[-82.8225,22.945],[-82.8008,22.9538],[-82.7847,22.9492],[-82.774,22.9311],[-82.779,22.9204],[-82.7997,22.9169],[-82.8158,22.9215],[-82.8275,22.9342],[-82.8225,22.945]]]}},{"type":"Feature","properties":{"c":"#009900","v0":0.5,"v1":1.0},"geometry":{"type":"Polygon","coordinates":[[[-82.6937,22.8346],[-82.6884,22.8807],[-82.6659,22.9129],[-82.6264,22.9313],[-82.6094,22.9083],[-82.6151,22.8438],[-82.631,22.8056],[-82.657,22.7937],[-82.6766,22.7937],[-82.6898,22.8056],[-82.6937,22.8346]]]}},{"type":"Feature","properties":{"c":"#009900","v0":0.5,"v1":1.0},"geometry":{"type":"Polygon","coordinates":[[[-82.5262,22.9405],[-82.4879,22.9405],[-82.4791,22.9352],[-82.4997,22.9244],[-82.5188,22.9244],[-82.5365,22.9352],[-82.5262,22.9405]]]}},{"type":"Feature","properties":{"c":"#009900","v0":0.5,"v1":1.0},"geometry":{"type":"Polygon","coordinates":[[[-81.5314,22.744],[-81.4905,22.7565],[-81.435,22.7493],[-81.365,22.7226],[-81.3142,22.7394],[-81.2826,22.7998],[-81.2426,22.8353],[-81.1942,22.8459],[-81.145,22.8473],[-81.095,22.8394],[-81.04,22.8219],[-80.98,22.7945],[-80.9261,22.7793],[-80.8782,22.7762],[-80.8524,22.7701],[-80.8487,22.7608],[-80.8826,22.7414],[-80.9542,22.7117],[-81.07,22.6973],[-81.23,22.6981],[-81.34,22.6874],[-81.4,22.6651],[-81.45,22.6593],[-81.49,22.67],[-81.5205,22.691],[-81.5414,22.7222],[-81.5314,22.744]],[[-81.2514,22.7855],[-81.2371,22.8071],[-81.21,22.8222],[-81.17,22.8309],[-81.1317,22.8293],[-81.0951,22.8175],[-81.0527,22.7931],[-81.0045,22.7562],[-81.0278,22.7334],[-81.1226,22.7248],[-81.1921,22.734],[-81.2364,22.7611],[-81.2514,22.7855]],[[-81.4963,22.7238],[-81.4788,22.7329],[-81.4546,22.7283],[-81.4238,22.71],[-81.4238,22.6957],[-81.4546,22.6853],[-81.4788,22.6899],[-81.4963,22.7095],[-81.4963,22.7238]]]}},{"type":"Feature","properties":{"c":"#009900","v0":0.5,"v1":1.0},"geometry":{"type":"Polygon","coordinates":[[[-82.9657,22.7771],[-82.9152,22.8188],[-82.875,22.8326],[-82.845,22.8186],[-82.855,22.7925],[-82.905,22.7543],[-82.94,22.7349],[-82.96,22.7343],[-82.9752,22.7395],[-82.9857,22.7507],[-82.9657,22.7771]]]}},{"type":"Feature","properties":{"c":"#009900","v0":0.5,"v1":1.0},"geometry":{"type":"Polygon","coordinates":[[[-82.064,22.7661],[-82.0547,22.7859],[-82.035,22.8004],[-82.005,22.8097],[-81.9803,22.809],[-81.961,22.7984],[-81.9485,22.7839],[-81.9427,22.7654],[-81.9523,22.7455],[-81.9774,22.7239],[-82.0097,22.7239],[-82.049,22.7455],[-82.064,22.7661]],[[-82.0299,22.7625],[-82.0166,22.7751],[-82.0028,22.7751],[-81.9885,22.7625],[-81.9885,22.7522],[-82.0028,22.744],[-82.0166,22.744],[-82.0299,22.7522],[-82.0299,22.7625]]]}},{"type":"Feature","properties":{"c":"#009900","v0":0.5,"v1":1.0},"geometry":{"type":"Polygon","coordinates":[[[-79.7262,22.5963],[-79.7154,22.6086],[-79.7003,22.6086],[-79.6809,22.5963],[-79.6809,22.5857],[-79.7003,22.5768],[-79.7154,22.5768],[-79.7262,22.5857],[-79.7262,22.5963]]]}},{"type":"Feature","properties":{"c":"#009900","v0":0.5,"v1":1.0},"geometry":{"type":"Polygon","coordinates":[[[-79.6189,22.5983],[-79.5863,22.6147],[-79.5604,22.6147],[-79.5411,22.5983],[-79.5411,22.5801],[-79.5604,22.5602],[-79.5863,22.5602],[-79.6189,22.5801],[-79.6189,22.5983]]]}},{"type":"Feature","properties":{"c":"#009900","v0":0.5,"v1":1.0},"geometry":{"type":"Polygon","coordinates":[[[-80.3821,22.4562],[-80.3627,22.5208],[-80.3373,22.5618],[-80.3058,22.5791],[-80.2834,22.5744],[-80.2702,22.5479],[-80.2681,22.507],[-80.2771,22.4515],[-80.3037,22.4177],[-80.3479,22.4054],[-80.3754,22.4054],[-80.3863,22.4177],[-80.3821,22.4562]]]}},{"type":"Feature","properties":{"c":"#009900","v0":0.5,"v1":1.0},"geometry":{"type":"Polygon","coordinates":[[[-81.0307,22.5486],[-81.0041,22.5393],[-81.0032,22.5347],[-81.0282,22.5347],[-81.0415,22.5393],[-81.0432,22.5486],[-81.0307,22.5486]]]}},{"type":"Feature","properties":{"c":"#009900","v0":0.5,"v1":1.0},"geometry":{"type":"Polygon","coordinates":[[[-83.1961,22.4883],[-83.1654,22.5062],[-83.1426,22.5016],[-83.1279,22.4744],[-83.1229,22.4557],[-83.1276,22.4455],[-83.14,22.4402],[-83.16,22.4398],[-83.1804,22.4495],[-83.2011,22.4694],[-83.1961,22.4883]]]}},{"type":"Feature","properties":{"c":"#009900","v0":0.5,"v1":1.0},"geometry":{"type":"Polygon","coordinates":[[[-80.6482,22.3047],[-80.6361,22.3253],[-80.6169,22.3346],[-80.5908,22.3324],[-80.5858,22.3205],[-80.6019,22.2988],[-80.6211,22.2896],[-80.6432,22.2927],[-80.6482,22.3047]]]}},{"type":"Feature","properties":{"c":"#009900","v0":0.5,"v1":1.0},"geometry":{"type":"Polygon","coordinates":[[[-80.7258,22.1555],[-80.7184,22.174],[-80.7035,22.1897],[-80.6812,22.2027],[-80.66,22.2091],[-80.64,22.209],[-80.6233,22.2025],[-80.61,22.1897],[-80.6041,22.174],[-80.6056,22.1555],[-80.6172,22.1382],[-80.6391,22.1222],[-80.6699,22.1222],[-80.7096,22.1382],[-80.7258,22.1555]]]}},{"type":"Feature","properties":{"c":"#006600","v0":1.0,"v1":2.0},"geometry":{"type":"Polygon","coordinates":[[[-119.3481,51.0587],[-119.336,51.0729],[-119.32,51.0822],[-119.3,51.0867],[-119.2904,51.0797],[-119.2913,51.061],[-119.3013,51.0483],[-119.3204,51.0415],[-119.336,51.0415],[-119.3481,51.0483],[-119.3481,51.0587]]]}},{"type":"Feature","properties":{"c":"#006600","v0":1.0,"v1":2.0},"geometry":{"type":"Polygon","coordinates":[[[-122.5911,49.6501],[-122.577,49.6545],[-122.57,49.6488],[-122.57,49.6329],[-122.577,49.6307],[-122.5911,49.6421],[-122.5911,49.6501]]]}},{"type":"Feature","properties":{"c":"#006600","v0":1.0,"v1":2.0},"geometry":{"type":"Polygon","coordinates":[[[-122.6823,49.4714],[-122.6608,49.4817],[-122.6406,49.4817],[-122.6219,49.4714],[-122.6219,49.4584],[-122.6406,49.4426],[-122.6608,49.4426],[-122.6823,49.4584],[-122.6823,49.4714]]]}},{"type":"Feature","properties":{"c":"#006600","v0":1.0,"v1":2.0},"geometry":{"type":"Polygon","coordinates":[[[-124.3508,47.0362],[-124.3424,47.0499],[-124.3311,47.0576],[-124.317,47.0593],[-124.3,47.0525],[-124.2799,47.0371],[-124.2799,47.0229],[-124.3,47.0097],[-124.3212,47.0097],[-124.3437,47.0229],[-124.3508,47.0362]]]}},{"type":"Feature","properties":{"c":"#006600","v0":1.0,"v1":2.0},"geometry":{"type":"Polygon","coordinates":[[[-122.4348,46.661],[-122.4183,46.663],[-122.4048,46.6596],[-122.3945,46.6507],[-122.3995,46.6449],[-122.4198,46.6422],[-122.4333,46.6456],[-122.4398,46.6552],[-122.4348,46.661]]]}},{"type":"Feature","properties":{"c":"#006600","v0":1.0,"v1":2.0},"geometry":{"type":"Polygon","coordinates":[[[-123.2528,46.2508],[-123.2376,46.2592],[-123.2205,46.2592],[-123.2016,46.2508],[-123.2092,46.2466],[-123.2433,46.2466],[-123.2528,46.2508]]]}},{"type":"Feature","properties":{"c":"#006600","v0":1.0,"v1":2.0},"geometry":{"type":"Polygon","coordinates":[[[-123.0297,46.2254],[-123.0166,46.2383],[-122.9947,46.2383],[-122.9641,46.2254],[-122.9591,46.2134],[-122.9797,46.2024],[-123.0016,46.2024],[-123.0247,46.2134],[-123.0297,46.2254]]]}},{"type":"Feature","properties":{"c":"#006600","v0":1.0,"v1":2.0},"geometry":{"type":"Polygon","coordinates":[[[-69.4434,41.2331],[-69.3989,41.2857],[-69.3743,41.3533],[-69.3694,41.4359],[-69.3484,41.5258],[-69.3114,41.623],[-69.2575,41.7201],[-69.187,41.8171],[-69.1208,41.873],[-69.059,41.8879],[-69.0193,41.8544],[-69.0017,41.7724],[-69.0047,41.7052],[-69.0284,41.6529],[-69.0377,41.6218],[-69.0326,41.6119],[-69.01,41.6016],[-68.97,41.5909],[-68.948,41.5734],[-68.944,41.5491],[-68.9772,41.4921],[-69.0478,41.4021],[-69.1148,41.3352],[-69.1783,41.2915],[-69.22,41.2531],[-69.24,41.2199],[-69.265,41.1997],[-69.295,41.1927],[-69.33,41.1943],[-69.37,41.2044],[-69.405,41.2031],[-69.435,41.1903],[-69.4539,41.1896],[-69.4617,41.2011],[-69.4434,41.2331]],[[-69.2521,41.5162],[-69.224,41.5646],[-69.2059,41.5795],[-69.1978,41.5612],[-69.1983,41.537],[-69.2075,41.507],[-69.2216,41.4868],[-69.2405,41.4763],[-69.254,41.4763],[-69.2621,41.4868],[-69.2521,41.5162]],[[-69.1575,41.7155],[-69.1392,41.7436],[-69.12,41.7563],[-69.1,41.7538],[-69.0858,41.7435],[-69.0775,41.7254],[-69.0775,41.7107],[-69.0858,41.6993],[-69.105,41.6865],[-69.135,41.6722],[-69.1542,41.6742],[-69.1625,41.6924],[-69.1575,41.7155]]]}},{"type":"Feature","properties":{"c":"#006600","v0":1.0,"v1":2.0},"geometry":{"type":"Polygon","coordinates":[[[-69.9387,41.0566],[-69.9062,41.0576],[-69.875,41.0776],[-69.845,41.1166],[-69.805,41.1513],[-69.755,41.1816],[-69.7033,41.1842],[-69.65,41.1591],[-69.6104,41.1277],[-69.5847,41.0901],[-69.5806,41.0599],[-69.5981,41.0373],[-69.6277,41.02],[-69.6692,41.0081],[-69.73,41.0115],[-69.81,41.0303],[-69.87,41.0384],[-69.91,41.0359],[-69.9362,41.04],[-69.9487,41.0508],[-69.9387,41.0566]]]}},{"type":"Feature","properties":{"c":"#006600","v0":1.0,"v1":2.0},"geometry":{"type":"Polygon","coordinates":[[[-69.4906,41.1244],[-69.4769,41.1403],[-69.47,41.1367],[-69.47,41.1137],[-69.4769,41.1058],[-69.4906,41.1129],[-69.4906,41.1244]]]}},{"type":"Feature","properties":{"c":"#006600","v0":1.0,"v1":2.0},"geometry":{"type":"Polygon","coordinates":[[[-72.5015,39.5737],[-72.4805,39.5982],[-72.445,39.6185],[-72.395,39.6347],[-72.345,39.6446],[-72.295,39.6483],[-72.23,39.6693],[-72.15,39.7076],[-72.095,39.7399],[-72.065,39.7661],[-72.035,39.7808],[-72.005,39.7842],[-71.985,39.7787],[-71.975,39.7643],[-71.955,39.7582],[-71.925,39.7604],[-71.9223,39.7384],[-71.9469,39.6924],[-71.9595,39.6424],[-71.9601,39.5884],[-71.9901,39.5306],[-72.0496,39.4689],[-72.0561,39.3994],[-72.0095,39.322],[-71.9607,39.2717],[-71.9096,39.2485],[-71.8771,39.2253],[-71.8631,39.202],[-71.8595,39.1555],[-71.8663,39.0857],[-71.8998,39.0261],[-71.9599,38.9766],[-72.0,38.9541],[-72.02,38.9586],[-72.0393,38.9833],[-72.0579,39.0283],[-72.1021,39.0585],[-72.1718,39.074],[-72.2025,39.113],[-72.1942,39.1753],[-72.215,39.2132],[-72.265,39.2267],[-72.3174,39.2498],[-72.3721,39.2825],[-72.402,39.3104],[-72.4068,39.3336],[-72.3938,39.3646],[-72.3629,39.4032],[-72.3481,39.4431],[-72.3494,39.4843],[-72.365,39.5122],[-72.395,39.5268],[-72.43,39.5345],[-72.47,39.5354],[-72.4955,39.5422],[-72.5065,39.5551],[-72.5015,39.5737]]]}},{"type":"Feature","properties":{"c":"#006600","v0":1.0,"v1":2.0},"geometry":{"type":"Polygon","coordinates":[[[-72.7728,38.9264],[-72.7519,38.9575],[-72.7415,38.9847],[-72.7415,39.008],[-72.7286,39.0277],[-72.7029,39.0439],[-72.68,39.0512],[-72.66,39.0496],[-72.6472,39.0377],[-72.6415,39.0153],[-72.6525,38.9925],[-72.6802,38.9691],[-72.6995,38.9419],[-72.7104,38.9108],[-72.7244,38.8905],[-72.7415,38.8812],[-72.7583,38.885],[-72.7749,38.9022],[-72.7728,38.9264]]]}},{"type":"Feature","properties":{"c":"#006600","v0":1.0,"v1":2.0},"geometry":{"type":"Polygon","coordinates":[[[-73.3006,38.634],[-73.2664,38.7043],[-73.2295,38.7427],[-73.1898,38.7492],[-73.1518,38.7414],[-73.1154,38.7193],[-73.0988,38.6809],[-73.102,38.6262],[-73.1202,38.5803],[-73.1534,38.5432],[-73.19,38.5234],[-73.23,38.5209],[-73.2669,38.5395],[-73.3008,38.5791],[-73.3006,38.634]]]}},{"type":"Feature","properties":{"c":"#006600","v0":1.0,"v1":2.0},"geometry":{"type":"Polygon","coordinates":[[[-73.7509,38.3675],[-73.6836,38.4685],[-73.64,38.5236],[-73.62,38.5328],[-73.6054,38.5293],[-73.5961,38.5131],[-73.5946,38.4815],[-73.601,38.4345],[-73.6213,38.3797],[-73.6557,38.3169],[-73.6822,38.2797],[-73.7007,38.2681],[-73.72,38.263],[-73.74,38.2645],[-73.7586,38.2781],[-73.7759,38.304],[-73.7509,38.3675]]]}},{"type":"Feature","properties":{"c":"#006600","v0":1.0,"v1":2.0},"geometry":{"type":"Polygon","coordinates":[[[-72.81,38.3891],[-72.7967,38.4079],[-72.775,38.4155],[-72.745,38.4118],[-72.7224,38.3984],[-72.7072,38.3755],[-72.7042,38.3522],[-72.7133,38.3287],[-72.7259,38.3131],[-72.742,38.3055],[-72.7599,38.3055],[-72.7796,38.3131],[-72.7963,38.3326],[-72.8098,38.364],[-72.81,38.3891]]]}},{"type":"Feature","properties":{"c":"#006600","v0":1.0,"v1":2.0},"geometry":{"type":"Polygon","coordinates":[[[-73.9131,38.0969],[-73.8948,38.1598],[-73.8668,38.2025],[-73.8289,38.225],[-73.795,38.234],[-73.765,38.2295],[-73.7425,38.2144],[-73.7274,38.1885],[-73.7287,38.1598],[-73.7465,38.1284],[-73.789,38.0938],[-73.8563,38.0561],[-73.898,38.0443],[-73.9141,38.0584],[-73.9131,38.0969]]]}},{"type":"Feature","properties":{"c":"#006600","v0":1.0,"v1":2.0},"geometry":{"type":"Polygon","coordinates":[[[-73.5235,38.1759],[-73.4745,38.2081],[-73.435,38.2273],[-73.405,38.2335],[-73.3852,38.2332],[-73.3756,38.2262],[-73.3742,38.2109],[-73.3811,38.1873],[-73.4107,38.1598],[-73.4631,38.1284],[-73.4995,38.1151],[-73.5198,38.12],[-73.5345,38.1318],[-73.5435,38.1505],[-73.5235,38.1759]]]}},{"type":"Feature","properties":{"c":"#006600","v0":1.0,"v1":2.0},"geometry":{"type":"Polygon","coordinates":[[[-73.8121,37.23],[-73.7534,37.3335],[-73.7005,37.3961],[-73.6535,37.4179],[-73.6295,37.4378],[-73.6285,37.4556],[-73.6434,37.4844],[-73.6744,37.5241],[-73.6928,37.5597],[-73.6987,37.5914],[-73.6847,37.6271],[-73.6509,37.6667],[-73.6307,37.7063],[-73.624,37.7458],[-73.608,37.7709],[-73.5827,37.7816],[-73.55,37.7752],[-73.51,37.7518],[-73.4785,37.7108],[-73.4556,37.6524],[-73.4523,37.5954],[-73.4686,37.5399],[-73.475,37.4884],[-73.4715,37.4407],[-73.482,37.397],[-73.5064,37.3573],[-73.5206,37.2857],[-73.5246,37.1822],[-73.5357,37.1145],[-73.5539,37.0826],[-73.5748,37.0618],[-73.5983,37.0523],[-73.6523,37.0603],[-73.7369,37.0858],[-73.7947,37.1185],[-73.8259,37.1583],[-73.8121,37.23]]]}},{"type":"Feature","properties":{"c":"#006600","v0":1.0,"v1":2.0},"geometry":{"type":"Polygon","coordinates":[[[-74.0251,37.6652],[-74.015,37.6859],[-74.0006,37.6977],[-73.9819,37.7008],[-73.9769,37.6912],[-73.9856,37.6689],[-73.995,37.6541],[-74.005,37.6467],[-74.015,37.6459],[-74.0251,37.6519],[-74.0251,37.6652]]]}},{"type":"Feature","properties":{"c":"#006600","v0":1.0,"v1":2.0},"geometry":{"type":"Polygon","coordinates":[[[-105.6865,37.242],[-105.6718,37.242],[-105.6708,37.2368],[-105.6836,37.2266],[-105.691,37.2266],[-105.6929,37.2368],[-105.6865,37.242]]]}},{"type":"Feature","properties":{"c":"#006600","v0":1.0,"v1":2.0},"geometry":{"type":"Polygon","coordinates":[[[-107.2711,36.4813],[-107.257,36.4962],[-107.2378,36.5002],[-107.2133,36.4933],[-107.2083,36.4813],[-107.2228,36.4643],[-107.242,36.4603],[-107.2661,36.4693],[-107.2711,36.4813]]]}},{"type":"Feature","properties":{"c":"#006600","v0":1.0,"v1":2.0},"geometry":{"type":"Polygon","coordinates":[[[-107.2601,35.6536],[-107.24,35.6624],[-107.2236,35.6583],[-107.2109,35.6414],[-107.2109,35.6299],[-107.2236,35.6237],[-107.24,35.6278],[-107.2601,35.642],[-107.2601,35.6536]]]}},{"type":"Feature","properties":{"c":"#006600","v0":1.0,"v1":2.0},"geometry":{"type":"Polygon","coordinates":[[[-101.4847,35.205],[-101.4584,35.1969],[-101.4564,35.1919],[-101.4788,35.1902],[-101.492,35.1943],[-101.496,35.2042],[-101.4847,35.205]]]}},{"type":"Feature","properties":{"c":"#006600","v0":1.0,"v1":2.0},"geometry":{"type":"Polygon","coordinates":[[[-107.626,35.019],[-107.6153,35.0313],[-107.6009,35.0354],[-107.5827,35.0312],[-107.5725,35.0169],[-107.5702,34.9923],[-107.5792,34.9816],[-107.5997,34.9847],[-107.6153,34.9928],[-107.626,35.0061],[-107.626,35.019]]]}},{"type":"Feature","properties":{"c":"#006600","v0":1.0,"v1":2.0},"geometry":{"type":"Polygon","coordinates":[[[-107.2658,34.4663],[-107.2526,34.491],[-107.232,34.5113],[-107.204,34.5271],[-107.165,34.54],[-107.115,34.5498],[-107.0748,34.5502],[-107.0445,34.5409],[-107.0595,34.5164],[-107.1198,34.4765],[-107.17,34.4523],[-107.21,34.4438],[-107.2406,34.4432],[-107.2618,34.4503],[-107.2658,34.4663]],[[-107.1889,34.491],[-107.1538,34.4993],[-107.1447,34.498],[-107.1616,34.4872],[-107.1791,34.483],[-107.1973,34.4856],[-107.1889,34.491]]]}},{"type":"Feature","properties":{"c":"#006600","v0":1.0,"v1":2.0},"geometry":{"type":"Polygon","coordinates":[[[-101.1964,34.0157],[-101.1903,34.0323],[-101.178,34.0445],[-101.1593,34.0524],[-101.14,34.0561],[-101.12,34.0554],[-101.1026,34.0473],[-101.0878,34.0318],[-101.0857,34.0157],[-101.0962,33.9991],[-101.1136,33.9866],[-101.1379,33.9783],[-101.1624,33.9824],[-101.1871,33.9991],[-101.1964,34.0157]]]}},{"type":"Feature","properties":{"c":"#006600","v0":1.0,"v1":2.0},"geometry":{"type":"Polygon","coordinates":[[[-102.203,33.6835],[-102.1455,33.7667],[-102.1,33.8248],[-102.0665,33.8581],[-102.0347,33.8788],[-102.0045,33.8871],[-101.987,33.8788],[-101.9823,33.8539],[-102.0194,33.7916],[-102.0984,33.6918],[-102.156,33.6322],[-102.192,33.6128],[-102.2154,33.6128],[-102.2263,33.6322],[-102.203,33.6835]]]}},{"type":"Feature","properties":{"c":"#006600","v0":1.0,"v1":2.0},"geometry":{"type":"Polygon","coordinates":[[[-101.7004,33.5997],[-101.6535,33.6488],[-101.609,33.682],[-101.5671,33.6996],[-101.5289,33.7251],[-101.4945,33.7583],[-101.4655,33.7784],[-101.4418,33.7852],[-101.4221,33.7852],[-101.4062,33.7784],[-101.4,33.7667],[-101.4035,33.75],[-101.4305,33.7292],[-101.481,33.7043],[-101.5328,33.6585],[-101.586,33.5919],[-101.6269,33.5544],[-101.6556,33.5462],[-101.6835,33.5503],[-101.7104,33.5669],[-101.7004,33.5997]]]}},{"type":"Feature","properties":{"c":"#006600","v0":1.0,"v1":2.0},"geometry":{"type":"Polygon","coordinates":[[[-101.974,33.4402],[-101.958,33.4704],[-101.92,33.4914],[-101.86,33.5034],[-101.826,33.505],[-101.8181,33.4962],[-101.8181,33.474],[-101.826,33.4382],[-101.855,33.4038],[-101.905,33.3709],[-101.9397,33.3554],[-101.959,33.3573],[-101.972,33.375],[-101.9787,33.4084],[-101.974,33.4402]]]}},{"type":"Feature","properties":{"c":"#006600","v0":1.0,"v1":2.0},"geometry":{"type":"Polygon","coordinates":[[[-105.3828,33.3008],[-105.3743,33.3194],[-105.36,33.3319],[-105.34,33.3382],[-105.33,33.3271],[-105.33,33.2987],[-105.34,33.2814],[-105.36,33.2752],[-105.3743,33.277],[-105.3828,33.2866],[-105.3828,33.3008]]]}},{"type":"Feature","properties":{"c":"#006600","v0":1.0,"v1":2.0},"geometry":{"type":"Polygon","coordinates":[[[-79.9356,28.8975],[-79.9185,28.9099],[-79.897,28.9055],[-79.871,28.8844],[-79.855,28.8607],[-79.849,28.8344],[-79.852,28.8135],[-79.864,28.798],[-79.88,28.7935],[-79.9,28.8001],[-79.9185,28.8254],[-79.9356,28.8694],[-79.9356,28.8975]]]}},{"type":"Feature","properties":{"c":"#006600","v0":1.0,"v1":2.0},"geometry":{"type":"Polygon","coordinates":[[[-95.6235,28.0812],[-95.6012,28.1135],[-95.575,28.1273],[-95.545,28.1226],[-95.54,28.1049],[-95.56,28.0741],[-95.58,28.0549],[-95.6,28.0471],[-95.6162,28.0487],[-95.6285,28.0596],[-95.6235,28.0812]]]}},{"type":"Feature","properties":{"c":"#006600","v0":1.0,"v1":2.0},"geometry":{"type":"Polygon","coordinates":[[[-82.5514,23.9327],[-82.5371,23.9352],[-82.5104,23.9169],[-82.4713,23.8779],[-82.4563,23.8403],[-82.4654,23.8043],[-82.48,23.7887],[-82.5,23.7934],[-82.5221,23.8298],[-82.5464,23.8976],[-82.5514,23.9327]]]}},{"type":"Feature","properties":{"c":"#006600","v0":1.0,"v1":2.0},"geometry":{"type":"Polygon","coordinates":[[[-82.193,23.7706],[-82.1777,23.7782],[-82.1578,23.7736],[-82.1334,23.7569],[-82.1334,23.7434],[-82.1578,23.733],[-82.1777,23.7376],[-82.193,23.7571],[-82.193,23.7706]]]}},{"type":"Feature","properties":{"c":"#006600","v0":1.0,"v1":2.0},"geometry":{"type":"Polygon","coordinates":[[[-81.7464,22.8622],[-81.7233,22.8899],[-81.6763,22.9188],[-81.6054,22.949],[-81.5577,22.9628],[-81.5332,22.9602],[-81.513,22.9498],[-81.4972,22.9313],[-81.4901,22.9129],[-81.4918,22.8945],[-81.512,22.8792],[-81.5507,22.8672],[-81.585,22.8411],[-81.615,22.8011],[-81.645,22.7844],[-81.675,22.7912],[-81.707,22.8081],[-81.741,22.835],[-81.7464,22.8622]],[[-81.6928,22.8743],[-81.6643,22.8891],[-81.6418,22.8891],[-81.6255,22.8743],[-81.6255,22.8557],[-81.6418,22.8334],[-81.66,22.8255],[-81.68,22.8321],[-81.6943,22.8432],[-81.7028,22.859],[-81.6928,22.8743]]]}},{"type":"Feature","properties":{"c":"#006600","v0":1.0,"v1":2.0},"geometry":{"type":"Polygon","coordinates":[[[-81.2514,22.7855],[-81.2371,22.8071],[-81.21,22.8222],[-81.17,22.8309],[-81.1317,22.8293],[-81.0951,22.8175],[-81.0527,22.7931],[-81.0045,22.7562],[-81.0278,22.7334],[-81.1226,22.7248],[-81.1921,22.734],[-81.2364,22.7611],[-81.2514,22.7855]],[[-81.1664,22.7931],[-81.1454,22.7931],[-81.1387,22.7875],[-81.1462,22.7762],[-81.1567,22.7762],[-81.1701,22.7875],[-81.1664,22.7931]]]}},{"type":"Feature","properties":{"c":"#006600","v0":1.0,"v1":2.0},"geometry":{"type":"Polygon","coordinates":[[[-82.0299,22.7625],[-82.0166,22.7751],[-82.0028,22.7751],[-81.9885,22.7625],[-81.9885,22.7522],[-82.0028,22.744],[-82.0166,22.744],[-82.0299,22.7522],[-82.0299,22.7625]]]}},{"type":"Feature","properties":{"c":"#006600","v0":1.0,"v1":2.0},"geometry":{"type":"Polygon","coordinates":[[[-81.4963,22.7238],[-81.4788,22.7329],[-81.4546,22.7283],[-81.4238,22.71],[-81.4238,22.6957],[-81.4546,22.6853],[-81.4788,22.6899],[-81.4963,22.7095],[-81.4963,22.7238]]]}},{"type":"Feature","properties":{"c":"#ffff00","v0":2.0,"v1":3.0},"geometry":{"type":"Polygon","coordinates":[[[-69.1575,41.7155],[-69.1392,41.7436],[-69.12,41.7563],[-69.1,41.7538],[-69.0858,41.7435],[-69.0775,41.7254],[-69.0775,41.7107],[-69.0858,41.6993],[-69.105,41.6865],[-69.135,41.6722],[-69.1542,41.6742],[-69.1625,41.6924],[-69.1575,41.7155]]]}},{"type":"Feature","properties":{"c":"#ffff00","v0":2.0,"v1":3.0},"geometry":{"type":"Polygon","coordinates":[[[-69.2521,41.5162],[-69.224,41.5646],[-69.2059,41.5795],[-69.1978,41.5612],[-69.1983,41.537],[-69.2075,41.507],[-69.2216,41.4868],[-69.2405,41.4763],[-69.254,41.4763],[-69.2621,41.4868],[-69.2521,41.5162]]]}},{"type":"Feature","properties":{"c":"#ffff00","v0":2.0,"v1":3.0},"geometry":{"type":"Polygon","coordinates":[[[-107.1889,34.491],[-107.1538,34.4993],[-107.1447,34.498],[-107.1616,34.4872],[-107.1791,34.483],[-107.1973,34.4856],[-107.1889,34.491]]]}},{"type":"Feature","properties":{"c":"#ffff00","v0":2.0,"v1":3.0},"geometry":{"type":"Polygon","coordinates":[[[-81.6928,22.8743],[-81.6643,22.8891],[-81.6418,22.8891],[-81.6255,22.8743],[-81.6255,22.8557],[-81.6418,22.8334],[-81.66,22.8255],[-81.68,22.8321],[-81.6943,22.8432],[-81.7028,22.859],[-81.6928,22.8743]]]}},{"type":"Feature","properties":{"c":"#ffff00","v0":2.0,"v1":3.0},"geometry":{"type":"Polygon","coordinates":[[[-81.1664,22.7931],[-81.1454,22.7931],[-81.1387,22.7875],[-81.1462,22.7762],[-81.1567,22.7762],[-81.1701,22.7875],[-81.1664,22.7931]]]}}]}