{"type":"FeatureCollection","features":[{"type":"Feature","properties":{"c":"#00fb90","v0":0.04,"v1":0.05},"geometry":{"type":"Polygon","coordinates":[[[-98.6611,50.8848],[-98.6404,50.9037],[-98.5696,50.9226],[-98.4488,50.9415],[-98.3638,50.9515],[-98.3146,50.9524],[-98.265,50.9481],[-98.215,50.9385],[-98.17,50.9395],[-98.13,50.9509],[-98.065,50.9501],[-97.975,50.937],[-97.845,50.9378],[-97.675,50.9526],[-97.5771,50.9672],[-97.5513,50.9816],[-97.5374,50.995],[-97.5354,51.0076],[-97.5448,51.0296],[-97.5655,51.0611],[-97.5894,51.0825],[-97.6165,51.0938],[-97.685,51.0946],[-97.795,51.0849],[-97.92,51.063],[-98.06,51.0291],[-98.18,51.0193],[-98.28,51.0337],[-98.342,51.0467],[-98.366,51.0584],[-98.3184,51.0799],[-98.1993,51.1113],[-97.9973,51.1434],[-97.7124,51.1762],[-97.555,51.2],[-97.525,51.2149],[-97.4769,51.2299],[-97.4106,51.2449],[-97.3706,51.2647],[-97.3569,51.2894],[-97.335,51.3055],[-97.305,51.3131],[-97.205,51.3066],[-97.035,51.286],[-96.915,51.2872],[-96.845,51.3101],[-96.7554,51.32],[-96.6463,51.3166],[-96.5856,51.3087],[-96.5732,51.2962],[-96.5813,51.2837],[-96.61,51.2712],[-96.6295,51.2555],[-96.64,51.2367],[-96.6315,51.2168],[-96.6038,51.1956],[-96.565,51.1837],[-96.515,51.181],[-96.45,51.1961],[-96.37,51.229],[-96.3114,51.244],[-96.2741,51.2413],[-96.2291,51.2291],[-96.1764,51.2074],[-96.13,51.2012],[-96.09,51.2104],[-96.06,51.2131],[-96.04,51.2094],[-96.0027,51.1811],[-95.9482,51.1283],[-95.9248,51.0894],[-95.9324,51.0642],[-95.9307,51.0391],[-95.9199,51.0139],[-95.9684,50.9919],[-96.0763,50.973],[-96.1374,50.9352],[-96.1515,50.8785],[-96.17,50.8437],[-96.1927,50.8311],[-96.2806,50.8104],[-96.4335,50.7816],[-96.5157,50.7752],[-96.527,50.7914],[-96.547,50.805],[-96.5757,50.8159],[-96.695,50.8279],[-96.905,50.8409],[-97.045,50.8545],[-97.115,50.8687],[-97.22,50.8678],[-97.36,50.8519],[-97.4545,50.836],[-97.5034,50.8201],[-97.5484,50.7998],[-97.5895,50.7751],[-97.645,50.7603],[-97.715,50.7555],[-97.7546,50.7457],[-97.7637,50.731],[-97.7645,50.7141],[-97.7572,50.6951],[-97.7656,50.6761],[-97.7897,50.6571],[-97.8838,50.6285],[-98.048,50.5905],[-98.17,50.5704],[-98.25,50.5684],[-98.305,50.5796],[-98.335,50.6042],[-98.38,50.6208],[-98.44,50.6295],[-98.4689,50.6436],[-98.4666,50.6632],[-98.472,50.6793],[-98.485,50.6919],[-98.5262,50.7018],[-98.5954,50.709],[-98.6338,50.7153],[-98.6414,50.7208],[-98.6302,50.7331],[-98.6,50.7521],[-98.5826,50.7711],[-98.5782,50.79],[-98.5998,50.8185],[-98.6476,50.8564],[-98.6611,50.8848]],[[-98.6463,50.884],[-98.6221,50.9015],[-98.555,50.917],[-98.445,50.9304],[-98.34,50.9346],[-98.24,50.9295],[-98.17,50.9308],[-98.13,50.9384],[-98.06,50.9382],[-97.96,50.9301],[-97.885,50.9301],[-97.835,50.9383],[-97.77,50.9423],[-97.69,50.9421],[-97.6271,50.9474],[-97.5813,50.9582],[-97.545,50.9699],[-97.5182,50.9825],[-97.5031,50.995],[-97.4996,51.0076],[-97.5063,51.0296],[-97.5231,51.0611],[-97.5499,51.0831],[-97.5866,51.0956],[-97.6512,51.0998],[-97.7437,51.0957],[-97.875,51.0755],[-98.045,51.0393],[-98.16,51.0234],[-98.22,51.0279],[-98.2789,51.0387],[-98.3366,51.0557],[-98.3055,51.0799],[-98.1854,51.1113],[-97.9865,51.1427],[-97.7088,51.174],[-97.555,51.1973],[-97.525,51.2125],[-97.4748,51.2282],[-97.4043,51.2443],[-97.3643,51.2619],[-97.3548,51.281],[-97.335,51.2956],[-97.305,51.3056],[-97.205,51.3008],[-97.035,51.2812],[-96.915,51.2825],[-96.845,51.3046],[-96.7653,51.3124],[-96.6759,51.3058],[-96.6287,51.2993],[-96.6235,51.2931],[-96.6349,51.2743],[-96.663,51.243],[-96.6602,51.2164],[-96.6267,51.1945],[-96.58,51.1816],[-96.52,51.1777],[-96.445,51.1902],[-96.355,51.2189],[-96.295,51.2326],[-96.265,51.2312],[-96.23,51.221],[-96.19,51.2019],[-96.1372,51.1949],[-96.0715,51.1998],[-96.0139,51.1772],[-95.9644,51.127],[-95.9422,51.0768],[-95.9472,51.0265],[-95.9986,50.9919],[-96.0963,50.973],[-96.1619,50.9321],[-96.1956,50.869],[-96.2818,50.8236],[-96.4206,50.7959],[-96.51,50.7921],[-96.55,50.8121],[-96.68,50.8292],[-96.9,50.8434],[-97.045,50.8579],[-97.115,50.8728],[-97.215,50.8737],[-97.345,50.8607],[-97.45,50.845],[-97.53,50.8268],[-97.5837,50.8068],[-97.6112,50.7851],[-97.6562,50.7722],[-97.7187,50.7682],[-97.7575,50.7587],[-97.7726,50.7437],[-97.7796,50.7204],[-97.7786,50.6888],[-97.7889,50.6666],[-97.8107,50.6539],[-97.8987,50.6308],[-98.0529,50.5973],[-98.1696,50.5814],[-98.2487,50.5832],[-98.3037,50.5936],[-98.3346,50.6126],[-98.375,50.6271],[-98.425,50.637],[-98.4551,50.6561],[-98.4653,50.6842],[-98.5075,50.7046],[-98.5816,50.7173],[-98.6073,50.7331],[-98.5845,50.7521],[-98.5701,50.7711],[-98.564,50.79],[-98.5853,50.8185],[-98.6341,50.8564],[-98.6463,50.884]]]}},{"type":"Feature","properties":{"c":"#00fb90","v0":0.04,"v1":0.05},"geometry":{"type":"Polygon","coordinates":[[[-96.3609,51.3056],[-96.3366,51.3118],[-96.3308,51.31],[-96.3436,51.3],[-96.3558,51.2968],[-96.3673,51.3006],[-96.3609,51.3056]]]}},{"type":"Feature","properties":{"c":"#00fb90","v0":0.04,"v1":0.05},"geometry":{"type":"Polygon","coordinates":[[[-97.3885,51.0265],[-97.3571,51.0265],[-97.3536,51.023],[-97.3779,51.016],[-97.3935,51.016],[-97.4006,51.023],[-97.3885,51.0265]]]}},{"type":"Feature","properties":{"c":"#00fb90","v0":0.04,"v1":0.05},"geometry":{"type":"Polygon","coordinates":[[[-96.3572,50.4661],[-96.1391,50.5098],[-96.0,50.5283],[-95.94,50.5216],[-95.875,50.5265],[-95.805,50.5428],[-95.74,50.5516],[-95.68,50.5527],[-95.6367,50.5483],[-95.6101,50.5383],[-95.6251,50.5087],[-95.6817,50.4596],[-95.725,50.432],[-95.755,50.426],[-95.8,50.425],[-95.86,50.4292],[-95.9117,50.4186],[-95.955,50.3932],[-95.974,50.3741],[-95.9685,50.3613],[-95.9418,50.3497],[-95.8939,50.3393],[-95.84,50.3394],[-95.78,50.3501],[-95.7292,50.3521],[-95.6876,50.3455],[-95.6819,50.3294],[-95.7122,50.3039],[-95.738,50.2891],[-95.7593,50.2852],[-95.805,50.2876],[-95.875,50.2963],[-95.9522,50.295],[-96.0367,50.2839],[-96.1017,50.2886],[-96.1472,50.3091],[-96.19,50.3203],[-96.23,50.322],[-96.3041,50.3532],[-96.4122,50.4139],[-96.3572,50.4661]],[[-96.3718,50.4492],[-96.2639,50.4847],[-96.165,50.5091],[-96.075,50.5224],[-95.995,50.5243],[-95.925,50.5146],[-95.855,50.5198],[-95.785,50.5398],[-95.72,50.5498],[-95.66,50.55],[-95.6231,50.5459],[-95.6093,50.5375],[-95.6293,50.5098],[-95.6831,50.4629],[-95.725,50.4365],[-95.755,50.4305],[-95.795,50.4312],[-95.845,50.4384],[-95.885,50.4376],[-95.915,50.4287],[-95.9469,50.4101],[-95.9807,50.3818],[-95.9918,50.3549],[-95.9804,50.3294],[-95.9935,50.3096],[-96.0312,50.2954],[-96.0625,50.2922],[-96.0874,50.3],[-96.1024,50.3153],[-96.1075,50.3382],[-96.145,50.3475],[-96.215,50.3433],[-96.2939,50.3638],[-96.3818,50.4089],[-96.3718,50.4492]],[[-95.9586,50.3207],[-95.9395,50.3288],[-95.91,50.3296],[-95.87,50.3229],[-95.825,50.3266],[-95.775,50.3407],[-95.7358,50.3431],[-95.7075,50.334],[-95.7125,50.3192],[-95.7508,50.2989],[-95.79,50.295],[-95.83,50.3075],[-95.8795,50.3145],[-95.9386,50.3159],[-95.9586,50.3207]]]}},{"type":"Feature","properties":{"c":"#00fb90","v0":0.04,"v1":0.05},"geometry":{"type":"Polygon","coordinates":[[[-98.5245,50.4028],[-98.4589,50.3964],[-98.4471,50.3873],[-98.489,50.3755],[-98.5218,50.3787],[-98.5455,50.3969],[-98.5245,50.4028]]]}},{"type":"Feature","properties":{"c":"#00fb90","v0":0.04,"v1":0.05},"geometry":{"type":"Polygon","coordinates":[[[-98.0949,50.3369],[-98.0383,50.3775],[-97.992,50.3966],[-97.9559,50.3943],[-97.9291,50.3868],[-97.9115,50.3741],[-97.9145,50.3564],[-97.9382,50.3338],[-97.9933,50.321],[-98.0799,50.3181],[-98.0949,50.3369]],[[-98.0675,50.3441],[-98.0292,50.3733],[-97.995,50.3872],[-97.965,50.3856],[-97.943,50.3805],[-97.929,50.372],[-97.929,50.3579],[-97.943,50.3382],[-97.98,50.3253],[-98.04,50.3192],[-98.0742,50.3195],[-98.0825,50.3261],[-98.0675,50.3441]]]}},{"type":"Feature","properties":{"c":"#00fb90","v0":0.04,"v1":0.05},"geometry":{"type":"Polygon","coordinates":[[[-98.2907,49.7045],[-98.1969,49.74],[-98.1221,49.7626],[-98.0662,49.7723],[-97.8912,49.7844],[-97.5971,49.7988],[-97.355,49.8194],[-97.165,49.8464],[-96.935,49.8621],[-96.665,49.8664],[-96.485,49.8743],[-96.395,49.8856],[-96.29,49.9069],[-96.17,49.9383],[-96.08,49.9553],[-96.02,49.958],[-95.9416,49.9685],[-95.8449,49.987],[-95.7799,49.9953],[-95.7466,49.9934],[-95.72,49.9857],[-95.7,49.9722],[-95.655,49.9549],[-95.585,49.9338],[-95.5,49.9235],[-95.4,49.9239],[-95.245,49.9414],[-95.035,49.9759],[-94.8966,50.0068],[-94.8297,50.0341],[-94.7247,50.0573],[-94.5816,50.0765],[-94.475,50.0828],[-94.405,50.0763],[-94.355,50.0773],[-94.325,50.0859],[-94.26,50.0896],[-94.16,50.0883],[-94.0423,50.0777],[-93.907,50.0577],[-93.732,50.0226],[-93.5173,49.9723],[-93.36,49.947],[-93.26,49.9466],[-93.2049,49.9396],[-93.1947,49.9259],[-93.194,49.903],[-93.2028,49.8707],[-93.1979,49.8465],[-93.1793,49.8302],[-93.11,49.8181],[-92.99,49.81],[-92.9,49.8121],[-92.84,49.8244],[-92.765,49.8029],[-92.675,49.7477],[-92.5899,49.7085],[-92.5097,49.6853],[-92.4147,49.6412],[-92.3049,49.576],[-92.215,49.5307],[-92.145,49.5052],[-92.0992,49.4826],[-92.0775,49.463],[-92.0706,49.4402],[-92.0785,49.4142],[-92.0693,49.393],[-92.0431,49.3767],[-91.9518,49.3408],[-91.7955,49.2855],[-91.6905,49.2433],[-91.6368,49.2144],[-91.5785,49.1948],[-91.5156,49.1845],[-91.472,49.1696],[-91.4477,49.15],[-91.4591,49.1301],[-91.5064,49.1099],[-91.5384,49.0738],[-91.5553,49.022],[-91.5803,48.9896],[-91.6134,48.9767],[-91.705,48.9625],[-91.855,48.9468],[-92.085,48.9388],[-92.395,48.9384],[-92.595,48.9268],[-92.685,48.9039],[-92.785,48.8941],[-92.895,48.8973],[-92.975,48.8929],[-93.025,48.8809],[-93.075,48.8756],[-93.125,48.877],[-93.215,48.8687],[-93.345,48.8507],[-93.4551,48.8277],[-93.5454,48.7996],[-93.6454,48.7756],[-93.7551,48.7555],[-93.905,48.7388],[-94.095,48.7255],[-94.21,48.7219],[-94.25,48.7279],[-94.28,48.7398],[-94.3,48.7576],[-94.335,48.7748],[-94.385,48.7914],[-94.445,48.7972],[-94.515,48.7922],[-94.575,48.7949],[-94.625,48.8054],[-94.6544,48.8274],[-94.6633,48.861],[-94.6933,48.8855],[-94.7444,48.9009],[-94.7847,48.9206],[-94.814,48.9446],[-94.8264,48.9599],[-94.8217,48.9665],[-94.747,49.0069],[-94.6023,49.081],[-94.5092,49.1235],[-94.4676,49.1346],[-94.3826,49.1415],[-94.2542,49.1443],[-94.145,49.1555],[-94.055,49.1753],[-93.915,49.1974],[-93.725,49.2218],[-93.6116,49.2432],[-93.5748,49.2616],[-93.5572,49.2774],[-93.5589,49.2904],[-93.5723,49.304],[-93.5974,49.3182],[-93.64,49.3284],[-93.7,49.3344],[-93.75,49.3305],[-93.79,49.3166],[-93.88,49.3125],[-94.02,49.3183],[-94.1238,49.3314],[-94.1913,49.3519],[-94.2166,49.3784],[-94.1995,49.4109],[-94.2057,49.4351],[-94.2352,49.451],[-94.285,49.4609],[-94.355,49.4647],[-94.41,49.4719],[-94.45,49.4825],[-94.515,49.4861],[-94.605,49.4827],[-94.7,49.485],[-94.8,49.493],[-94.92,49.5067],[-95.06,49.5262],[-95.29,49.5237],[-95.61,49.4992],[-95.795,49.4719],[-95.845,49.4418],[-95.91,49.4271],[-95.99,49.4278],[-96.06,49.4338],[-96.12,49.4451],[-96.235,49.4322],[-96.405,49.395],[-96.55,49.3845],[-96.67,49.4008],[-96.775,49.3906],[-96.865,49.3538],[-96.94,49.338],[-97.0,49.3433],[-97.08,49.3346],[-97.18,49.3121],[-97.2692,49.2966],[-97.3476,49.2881],[-97.4676,49.2818],[-97.6292,49.2778],[-97.755,49.2908],[-97.845,49.3209],[-97.9102,49.362],[-97.9506,49.4142],[-97.9206,49.4536],[-97.8202,49.4803],[-97.7541,49.5063],[-97.7223,49.5315],[-97.7106,49.5539],[-97.719,49.5733],[-97.7349,49.5868],[-97.7583,49.5943],[-97.825,49.599],[-97.935,49.6008],[-98.023,49.6068],[-98.089,49.6169],[-98.149,49.6334],[-98.203,49.6564],[-98.2569,49.6726],[-98.3107,49.682],[-98.2907,49.7045]],[[-98.2784,49.7036],[-98.1928,49.7374],[-98.1157,49.76],[-98.047,49.7715],[-97.872,49.7837],[-97.5907,49.7968],[-97.355,49.8164],[-97.165,49.8426],[-96.995,49.8591],[-96.845,49.866],[-96.715,49.8677],[-96.605,49.8644],[-96.5,49.8689],[-96.4,49.8815],[-96.29,49.9032],[-96.17,49.9342],[-96.085,49.9502],[-96.035,49.9512],[-95.955,49.961],[-95.845,49.9795],[-95.7757,49.9875],[-95.7471,49.9848],[-95.7221,49.9763],[-95.7007,49.962],[-95.655,49.9463],[-95.585,49.9293],[-95.5,49.9211],[-95.4,49.9217],[-95.28,49.9312],[-95.14,49.9494],[-95.03,49.9666],[-94.95,49.9825],[-94.875,50.0048],[-94.8051,50.0334],[-94.7051,50.0563],[-94.575,50.0736],[-94.475,50.0786],[-94.405,50.0715],[-94.355,50.0725],[-94.325,50.0817],[-94.26,50.0856],[-94.16,50.0841],[-94.0469,50.0745],[-93.9208,50.0566],[-93.7458,50.0213],[-93.5219,49.9685],[-93.365,49.9421],[-93.275,49.9423],[-93.2227,49.9366],[-93.208,49.9249],[-93.2036,49.903],[-93.2096,49.8707],[-93.2019,49.8452],[-93.1806,49.8263],[-93.11,49.8135],[-92.99,49.8068],[-92.9,49.8081],[-92.84,49.8174],[-92.77,49.7975],[-92.69,49.7481],[-92.605,49.7087],[-92.515,49.6791],[-92.4265,49.6376],[-92.3395,49.5839],[-92.2521,49.5377],[-92.1641,49.4987],[-92.1148,49.4727],[-92.1041,49.4597],[-92.105,49.4435],[-92.1176,49.4239],[-92.1054,49.4025],[-92.0685,49.3791],[-92.0247,49.3595],[-91.974,49.3439],[-91.925,49.323],[-91.8777,49.2969],[-91.823,49.2769],[-91.761,49.2628],[-91.6908,49.2367],[-91.6124,49.1985],[-91.5714,49.1434],[-91.5677,49.0714],[-91.5772,49.0223],[-91.6,48.996],[-91.686,48.9736],[-91.8353,48.955],[-92.06,48.9462],[-92.36,48.9473],[-92.57,48.9381],[-92.69,48.9185],[-92.795,48.9092],[-92.885,48.9104],[-92.96,48.9041],[-93.02,48.8904],[-93.075,48.8837],[-93.125,48.8842],[-93.22,48.8744],[-93.36,48.8543],[-93.4748,48.8296],[-93.5645,48.8003],[-93.6595,48.7769],[-93.7598,48.7595],[-93.9,48.7441],[-94.08,48.7307],[-94.19,48.7271],[-94.23,48.7333],[-94.265,48.7463],[-94.295,48.766],[-94.335,48.7831],[-94.385,48.7975],[-94.445,48.8024],[-94.515,48.7978],[-94.57,48.7996],[-94.61,48.8078],[-94.6363,48.8284],[-94.6488,48.8613],[-94.6838,48.8898],[-94.7413,48.9138],[-94.7758,48.9368],[-94.7875,48.9588],[-94.7275,49.0047],[-94.5958,49.0744],[-94.505,49.1167],[-94.455,49.1315],[-94.37,49.1399],[-94.25,49.1417],[-94.055,49.1634],[-93.785,49.205],[-93.5996,49.2403],[-93.4988,49.2694],[-93.4588,49.2897],[-93.4796,49.3014],[-93.545,49.316],[-93.655,49.3335],[-93.735,49.3364],[-93.785,49.3246],[-93.8764,49.3198],[-94.0093,49.3219],[-94.108,49.3328],[-94.1726,49.3523],[-94.1975,49.3784],[-94.1828,49.4109],[-94.1891,49.4357],[-94.2164,49.4527],[-94.29,49.4687],[-94.41,49.4835],[-94.525,49.4899],[-94.635,49.4881],[-94.8,49.5001],[-95.02,49.5259],[-95.295,49.5258],[-95.625,49.4998],[-95.81,49.4723],[-95.85,49.4431],[-95.91,49.4291],[-95.99,49.4302],[-96.06,49.4363],[-96.12,49.4476],[-96.235,49.4347],[-96.405,49.3976],[-96.55,49.3873],[-96.67,49.4037],[-96.78,49.3947],[-96.88,49.3602],[-96.955,49.3455],[-97.005,49.3506],[-97.055,49.3497],[-97.105,49.343],[-97.155,49.3309],[-97.205,49.3135],[-97.35,49.2989],[-97.59,49.2873],[-97.75,49.296],[-97.83,49.325],[-97.8893,49.3614],[-97.9278,49.4053],[-97.9028,49.4414],[-97.8143,49.4698],[-97.7482,49.499],[-97.7047,49.5291],[-97.6855,49.5506],[-97.6906,49.5636],[-97.7124,49.5778],[-97.7508,49.5931],[-97.8482,49.6061],[-98.0046,49.6167],[-98.1425,49.6381],[-98.2616,49.6705],[-98.2784,49.7036]]]}},{"type":"Feature","properties":{"c":"#00fb90","v0":0.04,"v1":0.05},"geometry":{"type":"Polygon","coordinates":[[[-67.3659,49.768],[-67.342,49.7754],[-67.3192,49.7722],[-67.2975,49.7583],[-67.2975,49.7462],[-67.3192,49.736],[-67.342,49.7392],[-67.3659,49.7559],[-67.3659,49.768]],[[-67.3637,49.7677],[-67.3412,49.7744],[-67.3197,49.7712],[-67.2992,49.758],[-67.2992,49.7466],[-67.3197,49.7371],[-67.3412,49.7404],[-67.3637,49.7563],[-67.3637,49.7677]]]}},{"type":"Feature","properties":{"c":"#00fb90","v0":0.04,"v1":0.05},"geometry":{"type":"Polygon","coordinates":[[[-106.9718,49.5052],[-106.9557,49.5052],[-106.9533,49.5018],[-106.9644,49.495],[-106.9724,49.495],[-106.9773,49.5018],[-106.9718,49.5052]]]}},{"type":"Feature","properties":{"c":"#00fb90","v0":0.04,"v1":0.05},"geometry":{"type":"Polygon","coordinates":[[[-97.9061,49.1074],[-97.8946,49.1467],[-97.8741,49.174],[-97.8447,49.1892],[-97.775,49.1997],[-97.665,49.2052],[-97.5934,49.2041],[-97.5603,49.1964],[-97.6103,49.1657],[-97.7434,49.1122],[-97.82,49.0831],[-97.84,49.0783],[-97.8655,49.0789],[-97.8964,49.0848],[-97.9061,49.1074]],[[-97.893,49.1173],[-97.8837,49.15],[-97.8669,49.1732],[-97.8423,49.187],[-97.805,49.197],[-97.755,49.2033],[-97.6952,49.203],[-97.6255,49.196],[-97.6405,49.1683],[-97.7402,49.1198],[-97.805,49.0923],[-97.835,49.0859],[-97.8619,49.0872],[-97.8857,49.0963],[-97.893,49.1173]]]}},{"type":"Feature","properties":{"c":"#00fb90","v0":0.04,"v1":0.05},"geometry":{"type":"Polygon","coordinates":[[[-107.8092,49.136],[-107.7697,49.154],[-107.725,49.1649],[-107.675,49.1687],[-107.555,49.1601],[-107.365,49.139],[-107.24,49.1287],[-107.18,49.1292],[-107.06,49.1135],[-106.88,49.0817],[-106.745,49.066],[-106.655,49.0666],[-106.555,49.0569],[-106.445,49.0368],[-106.3793,49.0191],[-106.3579,49.0037],[-106.3629,48.991],[-106.3943,48.9811],[-106.45,48.9766],[-106.53,48.9777],[-106.675,48.9965],[-106.885,49.0331],[-107.055,49.0535],[-107.185,49.0578],[-107.265,49.0666],[-107.295,49.0797],[-107.355,49.0862],[-107.445,49.086],[-107.51,49.0916],[-107.55,49.1032],[-107.6145,49.1037],[-107.7036,49.0931],[-107.7684,49.0976],[-107.8088,49.1173],[-107.8092,49.136]],[[-107.8018,49.1348],[-107.7673,49.1503],[-107.725,49.1605],[-107.675,49.1656],[-107.55,49.1568],[-107.35,49.134],[-107.225,49.1235],[-107.175,49.1252],[-107.06,49.1099],[-106.88,49.0775],[-106.745,49.0617],[-106.655,49.0625],[-106.5565,49.0527],[-106.4496,49.0324],[-106.388,49.0157],[-106.3715,49.0026],[-106.375,48.9921],[-106.3983,48.9843],[-106.45,48.9809],[-106.53,48.9819],[-106.64,48.9923],[-106.78,49.0122],[-106.88,49.0302],[-106.94,49.0464],[-107.0365,49.0563],[-107.1694,49.0598],[-107.2544,49.0687],[-107.2915,49.0829],[-107.355,49.0901],[-107.445,49.0902],[-107.51,49.0956],[-107.55,49.1065],[-107.605,49.1065],[-107.675,49.0957],[-107.7283,49.093],[-107.7648,49.0982],[-107.792,49.1074],[-107.81,49.1205],[-107.8018,49.1348]]]}},{"type":"Feature","properties":{"c":"#00fb90","v0":0.04,"v1":0.05},"geometry":{"type":"Polygon","coordinates":[[[-121.8698,48.7796],[-121.8566,48.794],[-121.84,48.8026],[-121.82,48.8056],[-121.7972,48.7985],[-121.7717,48.7811],[-121.7717,48.7627],[-121.7972,48.7433],[-121.82,48.7353],[-121.84,48.7386],[-121.8566,48.7483],[-121.8698,48.7644],[-121.8698,48.7796]],[[-121.869,48.7794],[-121.8563,48.7933],[-121.84,48.8018],[-121.82,48.805],[-121.7974,48.798],[-121.7723,48.781],[-121.7723,48.7628],[-121.7974,48.7437],[-121.82,48.7358],[-121.84,48.7393],[-121.8563,48.7488],[-121.869,48.7646],[-121.869,48.7794]]]}},{"type":"Feature","properties":{"c":"#00fb90","v0":0.04,"v1":0.05},"geometry":{"type":"Polygon","coordinates":[[[-103.0895,48.1724],[-103.0749,48.1924],[-103.0712,48.2157],[-103.0783,48.2424],[-103.0709,48.259],[-103.0491,48.2657],[-102.9712,48.2802],[-102.8371,48.3026],[-102.71,48.3117],[-102.59,48.3075],[-102.5,48.3087],[-102.44,48.3152],[-102.4017,48.3227],[-102.385,48.3313],[-102.3838,48.3455],[-102.3979,48.3654],[-102.4562,48.3826],[-102.5587,48.3971],[-102.6407,48.4137],[-102.7022,48.4324],[-102.7268,48.455],[-102.7145,48.4816],[-102.6627,48.518],[-102.5714,48.5644],[-102.5069,48.611],[-102.469,48.6578],[-102.3841,48.6743],[-102.2524,48.6605],[-102.201,48.6371],[-102.23,48.6041],[-102.2358,48.5778],[-102.2186,48.5583],[-102.135,48.5398],[-101.985,48.5222],[-101.855,48.5128],[-101.745,48.5115],[-101.6725,48.5167],[-101.6376,48.5286],[-101.6126,48.5475],[-101.5975,48.5732],[-101.55,48.5834],[-101.47,48.578],[-101.41,48.5795],[-101.37,48.5881],[-101.3425,48.5878],[-101.3275,48.5788],[-101.342,48.5611],[-101.3861,48.5346],[-101.4062,48.5147],[-101.4025,48.5015],[-101.383,48.486],[-101.3477,48.4685],[-101.27,48.4588],[-101.15,48.457],[-101.0975,48.4459],[-101.1126,48.4255],[-101.1026,48.4078],[-101.0675,48.3929],[-101.035,48.3843],[-101.005,48.3822],[-100.975,48.3929],[-100.945,48.4167],[-100.915,48.4186],[-100.885,48.3986],[-100.845,48.3944],[-100.795,48.4058],[-100.69,48.3958],[-100.53,48.3645],[-100.43,48.3497],[-100.39,48.3515],[-100.305,48.342],[-100.175,48.3212],[-100.08,48.2978],[-100.02,48.2718],[-99.96,48.2569],[-99.9,48.2532],[-99.81,48.23],[-99.69,48.1874],[-99.615,48.1566],[-99.585,48.1374],[-99.5134,48.1165],[-99.4003,48.0937],[-99.34,48.0789],[-99.3325,48.0722],[-99.3341,48.0655],[-99.3447,48.0586],[-99.41,48.0564],[-99.53,48.0587],[-99.6087,48.0555],[-99.6461,48.0466],[-99.6694,48.0321],[-99.6786,48.0121],[-99.6599,47.9903],[-99.6133,47.9668],[-99.5904,47.9467],[-99.5913,47.93],[-99.6263,47.9251],[-99.6954,47.932],[-99.745,47.9248],[-99.775,47.9036],[-99.855,47.8998],[-99.985,47.9134],[-100.08,47.914],[-100.14,47.9014],[-100.1788,47.885],[-100.1964,47.8647],[-100.1914,47.8457],[-100.1638,47.8278],[-100.04,47.8042],[-99.82,47.775],[-99.605,47.7522],[-99.395,47.7359],[-99.2688,47.7292],[-99.2263,47.7322],[-99.1713,47.7272],[-99.1038,47.7142],[-99.068,47.7041],[-99.064,47.6969],[-99.154,47.6854],[-99.338,47.6698],[-99.48,47.6625],[-99.58,47.6636],[-99.65,47.6563],[-99.69,47.6407],[-99.725,47.6395],[-99.755,47.6528],[-99.805,47.6655],[-99.875,47.6774],[-99.975,47.6833],[-100.105,47.6832],[-100.25,47.6912],[-100.41,47.7075],[-100.5045,47.7067],[-100.5336,47.6888],[-100.5405,47.6697],[-100.5253,47.6495],[-100.4657,47.6323],[-100.3619,47.618],[-100.2845,47.6045],[-100.2335,47.5918],[-100.1987,47.5787],[-100.1802,47.5652],[-100.2007,47.5493],[-100.2602,47.5308],[-100.33,47.5293],[-100.41,47.5447],[-100.51,47.5495],[-100.63,47.5436],[-100.735,47.5594],[-100.825,47.5969],[-100.945,47.6225],[-101.095,47.6362],[-101.22,47.6422],[-101.32,47.6405],[-101.425,47.6527],[-101.535,47.679],[-101.69,47.7042],[-101.89,47.7285],[-102.025,47.7508],[-102.095,47.7713],[-102.1795,47.7864],[-102.2786,47.7961],[-102.3451,47.811],[-102.379,47.8311],[-102.3418,47.8445],[-102.2336,47.8512],[-102.1727,47.8647],[-102.1592,47.8848],[-102.1618,47.904],[-102.1806,47.9222],[-102.28,47.9544],[-102.46,48.0006],[-102.6714,48.045],[-102.9141,48.0877],[-103.0442,48.1123],[-103.0617,48.119],[-103.0771,48.1323],[-103.0902,48.1524],[-103.0895,48.1724]],[[-103.0838,48.1724],[-103.0686,48.1924],[-103.0616,48.2157],[-103.0627,48.2424],[-103.0525,48.259],[-103.0309,48.2657],[-102.9576,48.2796],[-102.8325,48.3009],[-102.715,48.3093],[-102.605,48.3046],[-102.5091,48.3073],[-102.4272,48.3172],[-102.3805,48.3289],[-102.3691,48.3422],[-102.3707,48.3555],[-102.3853,48.3687],[-102.4469,48.3833],[-102.5556,48.3992],[-102.6376,48.4158],[-102.6928,48.4331],[-102.7048,48.4617],[-102.6736,48.5015],[-102.616,48.5395],[-102.532,48.5757],[-102.467,48.5956],[-102.421,48.599],[-102.403,48.6107],[-102.4129,48.6305],[-102.4129,48.647],[-102.403,48.6602],[-102.3561,48.6623],[-102.272,48.6532],[-102.2396,48.6333],[-102.2587,48.6028],[-102.2651,48.5809],[-102.2585,48.5677],[-102.2439,48.5552],[-102.2213,48.5435],[-102.185,48.5343],[-102.135,48.5274],[-102.015,48.519],[-101.825,48.509],[-101.7064,48.5083],[-101.6593,48.517],[-101.6243,48.5356],[-101.6014,48.564],[-101.55,48.576],[-101.47,48.5715],[-101.41,48.5742],[-101.37,48.5838],[-101.3447,48.5851],[-101.334,48.5779],[-101.3517,48.5611],[-101.3979,48.5346],[-101.4177,48.5147],[-101.4111,48.5015],[-101.3883,48.4852],[-101.3494,48.466],[-101.2809,48.4527],[-101.1827,48.4454],[-101.1334,48.4351],[-101.133,48.4219],[-101.1171,48.4082],[-101.0857,48.3943],[-101.05,48.3847],[-101.01,48.3795],[-100.975,48.3883],[-100.945,48.4109],[-100.915,48.4119],[-100.885,48.3912],[-100.84,48.3867],[-100.78,48.3986],[-100.675,48.3888],[-100.525,48.3572],[-100.43,48.343],[-100.39,48.3463],[-100.305,48.3381],[-100.175,48.3183],[-100.08,48.2928],[-100.02,48.2615],[-99.96,48.2457],[-99.9,48.2454],[-99.8121,48.2245],[-99.6963,48.1831],[-99.6263,48.1534],[-99.6021,48.1354],[-99.5594,48.1221],[-99.4982,48.1133],[-99.439,48.099],[-99.3817,48.0789],[-99.4173,48.0679],[-99.5458,48.066],[-99.6378,48.0559],[-99.6933,48.0378],[-99.7114,48.0188],[-99.692,47.9987],[-99.6592,47.9786],[-99.6133,47.9585],[-99.5952,47.9422],[-99.6051,47.9297],[-99.64,47.9276],[-99.7,47.9358],[-99.74,47.9368],[-99.76,47.9305],[-99.775,47.9199],[-99.785,47.9051],[-99.855,47.9045],[-99.985,47.9183],[-100.08,47.9188],[-100.14,47.906],[-100.1792,47.895],[-100.1976,47.886],[-100.2085,47.8747],[-100.2119,47.8613],[-100.1977,47.845],[-100.1659,47.8258],[-100.075,47.8048],[-99.925,47.7821],[-99.69,47.7603],[-99.37,47.7395],[-99.1785,47.7201],[-99.1155,47.7022],[-99.1705,47.686],[-99.3435,47.6713],[-99.48,47.6646],[-99.58,47.6658],[-99.65,47.6592],[-99.69,47.6449],[-99.76,47.6496],[-99.86,47.6734],[-99.975,47.6852],[-100.105,47.6849],[-100.25,47.6936],[-100.41,47.7111],[-100.507,47.7133],[-100.5411,47.6999],[-100.5498,47.6798],[-100.5332,47.6529],[-100.4711,47.6312],[-100.3637,47.6148],[-100.2822,47.598],[-100.2267,47.5807],[-100.198,47.5686],[-100.1962,47.5619],[-100.219,47.5498],[-100.2663,47.5324],[-100.325,47.5313],[-100.395,47.5463],[-100.495,47.5513],[-100.625,47.5461],[-100.73,47.5617],[-100.81,47.5983],[-100.93,47.6241],[-101.09,47.6391],[-101.22,47.6455],[-101.32,47.6433],[-101.425,47.6559],[-101.535,47.6835],[-101.69,47.7087],[-101.89,47.7317],[-102.025,47.7535],[-102.095,47.7743],[-102.1774,47.7888],[-102.2722,47.7969],[-102.335,47.811],[-102.3658,47.8311],[-102.3276,47.8445],[-102.2205,47.8512],[-102.1612,47.8647],[-102.1498,47.8848],[-102.1506,47.9024],[-102.1635,47.9174],[-102.195,47.9343],[-102.245,47.9533],[-102.34,47.9787],[-102.48,48.0106],[-102.67,48.0473],[-102.91,48.089],[-103.04,48.1142],[-103.06,48.1231],[-103.0753,48.1363],[-103.086,48.1537],[-103.0838,48.1724]]]}},{"type":"Feature","properties":{"c":"#00fb90","v0":0.04,"v1":0.05},"geometry":{"type":"Polygon","coordinates":[[[-101.0453,48.2775],[-101.0218,48.2944],[-100.995,48.3047],[-100.965,48.3085],[-100.9374,48.3034],[-100.9123,48.2893],[-100.8873,48.2657],[-100.8625,48.2324],[-100.8801,48.2136],[-100.94,48.2094],[-100.9876,48.2161],[-101.0228,48.2336],[-101.0445,48.249],[-101.0529,48.2623],[-101.0453,48.2775]],[[-101.0383,48.2766],[-101.0194,48.2918],[-100.995,48.3015],[-100.965,48.3056],[-100.9386,48.3014],[-100.9159,48.2887],[-100.9021,48.269],[-100.8973,48.2424],[-100.9087,48.2249],[-100.9362,48.2166],[-100.96,48.214],[-100.98,48.2171],[-101.0044,48.2312],[-101.0333,48.2564],[-101.0383,48.2766]]]}},{"type":"Feature","properties":{"c":"#00fb90","v0":0.04,"v1":0.05},"geometry":{"type":"Polygon","coordinates":[[[-100.7221,48.119],[-100.6774,48.139],[-100.6388,48.1513],[-100.6063,48.1559],[-100.5719,48.1525],[-100.5357,48.1413],[-100.5118,48.1257],[-100.5003,48.1056],[-100.5019,48.0889],[-100.5167,48.0756],[-100.5406,48.0658],[-100.5735,48.0596],[-100.6286,48.0696],[-100.7058,48.0959],[-100.7221,48.119]],[[-100.6755,48.1167],[-100.6585,48.132],[-100.635,48.1429],[-100.605,48.1492],[-100.5752,48.1482],[-100.5457,48.1399],[-100.5251,48.1257],[-100.5135,48.1056],[-100.5152,48.0889],[-100.5301,48.0756],[-100.5507,48.0665],[-100.5769,48.0618],[-100.605,48.0634],[-100.635,48.0713],[-100.6585,48.0837],[-100.6755,48.1006],[-100.6755,48.1167]]]}},{"type":"Feature","properties":{"c":"#00fb90","v0":0.04,"v1":0.05},"geometry":{"type":"Polygon","coordinates":[[[-100.1109,48.0716],[-100.097,48.0769],[-100.0786,48.0769],[-100.0557,48.0716],[-100.0457,48.0581],[-100.0486,48.0365],[-100.055,48.0233],[-100.065,48.0185],[-100.0773,48.0193],[-100.0918,48.0256],[-100.1038,48.0388],[-100.1132,48.0589],[-100.1109,48.0716]]]}},{"type":"Feature","properties":{"c":"#00fb90","v0":0.04,"v1":0.05},"geometry":{"type":"Polygon","coordinates":[[[-99.8655,48.0601],[-99.8285,48.0692],[-99.798,48.0658],[-99.774,48.05],[-99.774,48.0403],[-99.798,48.0366],[-99.8285,48.04],[-99.8655,48.0503],[-99.8655,48.0601]]]}},{"type":"Feature","properties":{"c":"#00fb90","v0":0.04,"v1":0.05},"geometry":{"type":"Polygon","coordinates":[[[-102.6017,47.8849],[-102.5806,47.892],[-102.5641,47.8886],[-102.5522,47.8749],[-102.5572,47.866],[-102.5791,47.8619],[-102.5956,47.8652],[-102.6067,47.876],[-102.6017,47.8849]],[[-102.5965,47.8838],[-102.5788,47.8885],[-102.5663,47.8851],[-102.5589,47.8737],[-102.5639,47.8668],[-102.5813,47.8644],[-102.5938,47.8677],[-102.6015,47.8769],[-102.5965,47.8838]]]}},{"type":"Feature","properties":{"c":"#00fb90","v0":0.04,"v1":0.05},"geometry":{"type":"Polygon","coordinates":[[[-99.0647,47.8781],[-99.0063,47.8714],[-98.9853,47.8657],[-99.0018,47.861],[-99.031,47.8643],[-99.0729,47.8757],[-99.0647,47.8781]]]}},{"type":"Feature","properties":{"c":"#00fb90","v0":0.04,"v1":0.05},"geometry":{"type":"Polygon","coordinates":[[[-68.4998,47.5818],[-68.4799,47.6016],[-68.45,47.6129],[-68.41,47.6158],[-68.372,47.6059],[-68.336,47.5833],[-68.3289,47.5551],[-68.3505,47.5214],[-68.3685,47.5014],[-68.3828,47.4954],[-68.4142,47.4988],[-68.4626,47.5116],[-68.4925,47.5315],[-68.504,47.5585],[-68.4998,47.5818]],[[-68.4725,47.5585],[-68.4549,47.5855],[-68.4321,47.6006],[-68.404,47.6038],[-68.3811,47.6005],[-68.3633,47.5905],[-68.3661,47.5686],[-68.3895,47.5349],[-68.4134,47.518],[-68.4378,47.5182],[-68.4578,47.5249],[-68.4735,47.5383],[-68.4725,47.5585]]]}},{"type":"Feature","properties":{"c":"#00fb90","v0":0.04,"v1":0.05},"geometry":{"type":"Polygon","coordinates":[[[-100.2936,47.3885],[-100.2245,47.3999],[-100.1768,47.4033],[-100.1503,47.3986],[-100.1503,47.3892],[-100.1768,47.3751],[-100.2245,47.3717],[-100.2936,47.379],[-100.2936,47.3885]],[[-100.2825,47.3878],[-100.2208,47.3979],[-100.1787,47.4013],[-100.1561,47.3979],[-100.1561,47.3899],[-100.1787,47.3773],[-100.2208,47.3739],[-100.2825,47.3798],[-100.2825,47.3878]]]}},{"type":"Feature","properties":{"c":"#00fb90","v0":0.04,"v1":0.05},"geometry":{"type":"Polygon","coordinates":[[[-101.4323,47.3604],[-101.4041,47.37],[-101.35,47.3763],[-101.27,47.3795],[-101.19,47.375],[-101.11,47.3628],[-101.025,47.3591],[-100.935,47.3639],[-100.865,47.362],[-100.815,47.3533],[-100.7818,47.3404],[-100.7655,47.3235],[-100.7555,47.3014],[-100.752,47.2743],[-100.7401,47.2539],[-100.72,47.2402],[-100.695,47.229],[-100.665,47.22],[-100.6055,47.2133],[-100.5166,47.2087],[-100.4674,47.203],[-100.4579,47.1962],[-100.4632,47.1826],[-100.4834,47.1622],[-100.4876,47.1461],[-100.4759,47.1344],[-100.385,47.1085],[-100.215,47.0682],[-100.1264,47.04],[-100.1192,47.0239],[-100.1292,47.0126],[-100.1564,47.0063],[-100.19,47.0115],[-100.23,47.0282],[-100.3,47.043],[-100.4,47.0558],[-100.4616,47.054],[-100.4849,47.0376],[-100.4885,47.0124],[-100.4725,46.9783],[-100.4959,46.9604],[-100.5586,46.9587],[-100.625,46.9733],[-100.695,47.0041],[-100.795,47.03],[-100.925,47.051],[-101.065,47.0797],[-101.215,47.1162],[-101.3198,47.1355],[-101.3793,47.1374],[-101.4123,47.1418],[-101.4188,47.1486],[-101.4041,47.1573],[-101.368,47.1678],[-101.295,47.1657],[-101.185,47.1511],[-101.075,47.1457],[-100.965,47.1496],[-100.9031,47.1551],[-100.8893,47.1621],[-100.9543,47.184],[-101.0981,47.2209],[-101.185,47.2582],[-101.215,47.296],[-101.275,47.3174],[-101.365,47.3226],[-101.4191,47.3328],[-101.4373,47.348],[-101.4323,47.3604]],[[-101.4282,47.3599],[-101.4027,47.3685],[-101.35,47.3745],[-101.27,47.3778],[-101.185,47.3724],[-101.095,47.3581],[-101.01,47.3543],[-100.93,47.3608],[-100.865,47.3588],[-100.815,47.3484],[-100.7836,47.326],[-100.7709,47.2915],[-100.7509,47.2634],[-100.7236,47.2416],[-100.695,47.2263],[-100.665,47.2172],[-100.608,47.2111],[-100.5239,47.208],[-100.4772,47.203],[-100.4681,47.1962],[-100.4724,47.1826],[-100.49,47.1622],[-100.4917,47.1454],[-100.4772,47.1321],[-100.3867,47.1049],[-100.22,47.0637],[-100.135,47.037],[-100.1317,47.0248],[-100.145,47.0173],[-100.175,47.0145],[-100.205,47.0198],[-100.235,47.033],[-100.3,47.0459],[-100.4,47.0585],[-100.4629,47.0559],[-100.4886,47.0383],[-100.4945,47.0124],[-100.4804,46.9783],[-100.5025,46.9611],[-100.5608,46.9609],[-100.625,46.9766],[-100.695,47.0084],[-100.795,47.0341],[-100.925,47.0538],[-101.065,47.082],[-101.215,47.1185],[-101.3157,47.1372],[-101.3671,47.138],[-101.3974,47.1418],[-101.4067,47.1486],[-101.396,47.1567],[-101.3653,47.1662],[-101.295,47.1637],[-101.185,47.1493],[-101.075,47.144],[-100.965,47.1478],[-100.9019,47.1537],[-100.8858,47.1616],[-100.9508,47.1851],[-101.0969,47.2242],[-101.1828,47.2615],[-101.2085,47.2972],[-101.2685,47.3179],[-101.3628,47.3239],[-101.4177,47.3341],[-101.4332,47.3484],[-101.4282,47.3599]]]}},{"type":"Feature","properties":{"c":"#00fb90","v0":0.04,"v1":0.05},"geometry":{"type":"Polygon","coordinates":[[[-101.37,47.2631],[-101.3433,47.268],[-101.3161,47.2646],[-101.2883,47.253],[-101.2883,47.2432],[-101.3161,47.2354],[-101.3433,47.2388],[-101.37,47.2534],[-101.37,47.2631]],[[-101.3658,47.2627],[-101.3419,47.2667],[-101.3178,47.2633],[-101.2933,47.2525],[-101.2933,47.2436],[-101.3178,47.2366],[-101.3419,47.24],[-101.3658,47.2538],[-101.3658,47.2627]]]}},{"type":"Feature","properties":{"c":"#00fb90","v0":0.04,"v1":0.05},"geometry":{"type":"Polygon","coordinates":[[[-103.5522,47.1864],[-103.5374,47.2007],[-103.503,47.2075],[-103.4491,47.2068],[-103.4291,47.1986],[-103.443,47.183],[-103.4774,47.1762],[-103.5322,47.1782],[-103.5522,47.1864]],[[-103.5497,47.1858],[-103.5366,47.199],[-103.5038,47.2058],[-103.4513,47.2062],[-103.4313,47.199],[-103.4438,47.1843],[-103.4766,47.1775],[-103.5297,47.1786],[-103.5497,47.1858]]]}},{"type":"Feature","properties":{"c":"#00fb90","v0":0.04,"v1":0.05},"geometry":{"type":"Polygon","coordinates":[[[-103.2334,47.1673],[-103.1778,47.1708],[-103.1387,47.164],[-103.116,47.1469],[-103.121,47.137],[-103.1537,47.1343],[-103.1928,47.1411],[-103.2384,47.1574],[-103.2334,47.1673]],[[-103.227,47.1668],[-103.1757,47.1692],[-103.1404,47.1658],[-103.1211,47.1566],[-103.1125,47.1486],[-103.1145,47.1418],[-103.1337,47.1384],[-103.17,47.1384],[-103.2043,47.1452],[-103.2366,47.1588],[-103.227,47.1668]]]}},{"type":"Feature","properties":{"c":"#00fb90","v0":0.04,"v1":0.05},"geometry":{"type":"Polygon","coordinates":[[[-101.2035,47.0719],[-101.1812,47.0751],[-101.15,47.0661],[-101.11,47.0449],[-101.065,47.0305],[-101.015,47.0231],[-100.9773,47.0116],[-100.952,46.9962],[-100.952,46.9853],[-100.9773,46.9788],[-101.01,46.9773],[-101.05,46.9807],[-101.1062,47.0044],[-101.1785,47.0483],[-101.2035,47.0719]],[[-101.1949,47.0705],[-101.1783,47.0708],[-101.165,47.0661],[-101.155,47.0566],[-101.1633,47.0565],[-101.1899,47.0657],[-101.1949,47.0705]],[[-101.1024,47.0362],[-101.0275,47.0226],[-100.9816,47.009],[-100.9647,46.9953],[-100.9847,46.9874],[-101.0416,46.9852],[-101.0875,46.9989],[-101.1224,47.0283],[-101.1024,47.0362]]]}},{"type":"Feature","properties":{"c":"#00fb90","v0":0.04,"v1":0.05},"geometry":{"type":"Polygon","coordinates":[[[-100.8804,46.9854],[-100.8335,46.9792],[-100.8015,46.9655],[-100.7846,46.9444],[-100.7896,46.9343],[-100.8165,46.9352],[-100.8485,46.9488],[-100.8854,46.9753],[-100.8804,46.9854]],[[-100.8875,46.9785],[-100.8758,46.9859],[-100.86,46.9872],[-100.84,46.9826],[-100.82,46.974],[-100.8,46.9612],[-100.79,46.9497],[-100.79,46.9394],[-100.8158,46.9444],[-100.8675,46.9647],[-100.8875,46.9785]]]}},{"type":"Feature","properties":{"c":"#00fb90","v0":0.04,"v1":0.05},"geometry":{"type":"Polygon","coordinates":[[[-101.9879,46.9779],[-101.9626,46.9841],[-101.895,46.9799],[-101.785,46.9654],[-101.7106,46.9453],[-101.6718,46.9195],[-101.7298,46.9168],[-101.8844,46.9373],[-101.9714,46.9544],[-101.9909,46.968],[-101.9879,46.9779]],[[-101.9848,46.9774],[-101.9616,46.9826],[-101.895,46.9778],[-101.785,46.9631],[-101.7135,46.9468],[-101.6805,46.9291],[-101.6648,46.9168],[-101.6666,46.91],[-101.7389,46.9168],[-101.8818,46.9373],[-101.964,46.9544],[-101.9856,46.968],[-101.9848,46.9774]]]}},{"type":"Feature","properties":{"c":"#00fb90","v0":0.04,"v1":0.05},"geometry":{"type":"Polygon","coordinates":[[[-102.4654,46.9092],[-102.4418,46.9145],[-102.4213,46.9111],[-102.4038,46.899],[-102.4038,46.8902],[-102.4213,46.8849],[-102.4418,46.8883],[-102.4654,46.9005],[-102.4654,46.9092]],[[-102.4609,46.9086],[-102.4403,46.9126],[-102.4227,46.9092],[-102.408,46.8983],[-102.413,46.8918],[-102.4377,46.8895],[-102.4553,46.8929],[-102.4659,46.902],[-102.4609,46.9086]]]}},{"type":"Feature","properties":{"c":"#00fb90","v0":0.04,"v1":0.05},"geometry":{"type":"Polygon","coordinates":[[[-100.2578,46.9041],[-100.1859,46.8992],[-100.13,46.8879],[-100.09,46.8704],[-100.0653,46.8523],[-100.0558,46.8338],[-100.0608,46.8212],[-100.0803,46.8146],[-100.13,46.8183],[-100.21,46.8323],[-100.2609,46.8561],[-100.2828,46.8898],[-100.2578,46.9041]],[[-100.2462,46.9033],[-100.1821,46.8967],[-100.13,46.8849],[-100.09,46.868],[-100.0662,46.8508],[-100.0585,46.8333],[-100.0635,46.8217],[-100.0812,46.8159],[-100.13,46.8204],[-100.21,46.835],[-100.2571,46.8584],[-100.2712,46.8905],[-100.2462,46.9033]]]}},{"type":"Feature","properties":{"c":"#00fb90","v0":0.04,"v1":0.05},"geometry":{"type":"Polygon","coordinates":[[[-102.1222,46.7972],[-102.0753,46.7972],[-102.045,46.7903],[-102.0313,46.7766],[-102.0459,46.769],[-102.0886,46.7673],[-102.1189,46.7742],[-102.1368,46.7895],[-102.1222,46.7972]],[[-102.1191,46.7972],[-102.0817,46.7972],[-102.0563,46.7903],[-102.0428,46.7766],[-102.0553,46.7698],[-102.0937,46.7698],[-102.1192,46.7766],[-102.1316,46.7903],[-102.1191,46.7972]]]}},{"type":"Feature","properties":{"c":"#00fb90","v0":0.04,"v1":0.05},"geometry":{"type":"Polygon","coordinates":[[[-101.8358,46.7136],[-101.7519,46.711],[-101.6757,46.6904],[-101.6071,46.6519],[-101.5923,46.6326],[-101.6312,46.6326],[-101.7075,46.6532],[-101.821,46.6944],[-101.8358,46.7136]],[[-101.7752,46.693],[-101.7584,46.7042],[-101.74,46.7088],[-101.72,46.7069],[-101.6842,46.6945],[-101.6326,46.6715],[-101.6016,46.6532],[-101.5911,46.6395],[-101.6019,46.6335],[-101.634,46.6354],[-101.6834,46.6491],[-101.7502,46.6747],[-101.7752,46.693]]]}},{"type":"Feature","properties":{"c":"#00fb90","v0":0.04,"v1":0.05},"geometry":{"type":"Polygon","coordinates":[[[-102.0937,46.4448],[-102.0779,46.4546],[-102.05,46.4571],[-102.01,46.4525],[-101.96,46.4553],[-101.9,46.4656],[-101.82,46.4583],[-101.72,46.4334],[-101.63,46.4295],[-101.55,46.4465],[-101.485,46.4527],[-101.435,46.4479],[-101.395,46.4557],[-101.365,46.4759],[-101.315,46.4903],[-101.245,46.4988],[-101.16,46.4969],[-101.06,46.4845],[-101.0017,46.4825],[-100.9851,46.4909],[-100.9801,46.5153],[-100.9867,46.5557],[-100.975,46.5782],[-100.945,46.5829],[-100.89,46.561],[-100.81,46.5123],[-100.745,46.4858],[-100.695,46.4816],[-100.655,46.4681],[-100.625,46.4454],[-100.54,46.4293],[-100.4,46.4198],[-100.3111,46.4075],[-100.2732,46.3924],[-100.2574,46.3779],[-100.2637,46.3641],[-100.2882,46.3468],[-100.331,46.3261],[-100.3127,46.2985],[-100.2333,46.2639],[-100.1951,46.2432],[-100.198,46.2363],[-100.2627,46.2224],[-100.3892,46.2017],[-100.4566,46.1671],[-100.4647,46.1186],[-100.4812,46.0873],[-100.5061,46.0735],[-100.5364,46.0642],[-100.5721,46.0594],[-100.599,46.049],[-100.6169,46.0329],[-100.6124,45.9971],[-100.5857,45.9415],[-100.5317,45.9061],[-100.4506,45.891],[-100.38,45.8876],[-100.32,45.8962],[-100.2201,45.9003],[-100.0802,45.8999],[-100.0229,45.8928],[-100.0482,45.8789],[-100.0831,45.871],[-100.1277,45.8692],[-100.1772,45.8587],[-100.2317,45.8397],[-100.3117,45.8308],[-100.4172,45.832],[-100.495,45.8281],[-100.545,45.8188],[-100.615,45.8177],[-100.705,45.8247],[-100.825,45.8235],[-100.975,45.814],[-101.155,45.8165],[-101.365,45.8312],[-101.525,45.8381],[-101.635,45.8373],[-101.7148,45.8421],[-101.7645,45.8527],[-101.8194,45.8684],[-101.8795,45.8893],[-101.9097,45.908],[-101.9099,45.9245],[-101.855,45.9338],[-101.745,45.9357],[-101.65,45.9295],[-101.57,45.9151],[-101.505,45.9147],[-101.455,45.9283],[-101.395,45.9329],[-101.325,45.9285],[-101.2827,45.9301],[-101.2681,45.9377],[-101.2619,45.9485],[-101.2643,45.9624],[-101.2866,45.9811],[-101.3289,46.0047],[-101.4581,46.029],[-101.6742,46.054],[-101.7869,46.0839],[-101.7961,46.1186],[-101.7693,46.1463],[-101.7064,46.1671],[-101.6719,46.1844],[-101.6658,46.1982],[-101.6996,46.2193],[-101.7732,46.2476],[-101.874,46.2683],[-102.002,46.2815],[-102.0681,46.2916],[-102.0723,46.2985],[-102.0613,46.3123],[-102.035,46.333],[-102.0207,46.3503],[-102.0184,46.3641],[-102.0383,46.3882],[-102.0805,46.4227],[-102.0937,46.4448]],[[-102.0236,46.4465],[-101.9212,46.4595],[-101.82,46.453],[-101.72,46.427],[-101.63,46.422],[-101.55,46.438],[-101.48,46.4434],[-101.42,46.4384],[-101.3773,46.4472],[-101.3519,46.4699],[-101.3069,46.486],[-101.2423,46.4955],[-101.16,46.4941],[-101.06,46.4821],[-101.0003,46.4808],[-100.981,46.4903],[-100.976,46.5139],[-100.9853,46.5516],[-100.975,46.5736],[-100.945,46.5799],[-100.89,46.5584],[-100.81,46.5091],[-100.745,46.4821],[-100.695,46.4776],[-100.655,46.4639],[-100.625,46.441],[-100.54,46.4254],[-100.4,46.417],[-100.3121,46.4024],[-100.2763,46.3815],[-100.2847,46.3606],[-100.3374,46.3399],[-100.3641,46.3261],[-100.3647,46.3192],[-100.3265,46.2985],[-100.2494,46.2639],[-100.2256,46.2411],[-100.2552,46.2301],[-100.31,46.221],[-100.39,46.2138],[-100.4472,46.202],[-100.4816,46.1856],[-100.5018,46.1636],[-100.5079,46.1359],[-100.5206,46.1116],[-100.5402,46.0908],[-100.565,46.076],[-100.595,46.0672],[-100.6171,46.0533],[-100.6312,46.0344],[-100.6292,46.0006],[-100.611,45.9519],[-100.584,45.9188],[-100.548,45.9011],[-100.505,45.889],[-100.455,45.8825],[-100.395,45.8837],[-100.325,45.8927],[-100.2296,45.8944],[-100.1088,45.8887],[-100.0738,45.8849],[-100.1246,45.883],[-100.185,45.8694],[-100.255,45.844],[-100.325,45.8333],[-100.395,45.8371],[-100.465,45.8341],[-100.535,45.8243],[-100.615,45.8226],[-100.705,45.829],[-100.825,45.8277],[-100.975,45.8186],[-101.155,45.8215],[-101.365,45.8363],[-101.525,45.8431],[-101.635,45.8418],[-101.7105,45.8454],[-101.7516,45.8538],[-101.8001,45.8684],[-101.8559,45.8893],[-101.8883,45.9032],[-101.8973,45.9102],[-101.8939,45.9169],[-101.878,45.9233],[-101.825,45.9273],[-101.735,45.9288],[-101.65,45.9229],[-101.57,45.9097],[-101.505,45.9096],[-101.455,45.9227],[-101.39,45.9273],[-101.31,45.9232],[-101.2636,45.9297],[-101.2509,45.9468],[-101.2659,45.9722],[-101.3086,46.0056],[-101.39,46.0263],[-101.51,46.0342],[-101.595,46.052],[-101.645,46.0798],[-101.695,46.0982],[-101.745,46.1073],[-101.7735,46.1178],[-101.7806,46.1299],[-101.7524,46.1463],[-101.6889,46.1671],[-101.6562,46.1844],[-101.6544,46.1982],[-101.6927,46.2213],[-101.7709,46.2537],[-101.8647,46.2745],[-101.9741,46.2836],[-102.0342,46.2916],[-102.045,46.2985],[-102.0381,46.3123],[-102.0134,46.333],[-102.0002,46.3503],[-101.9986,46.3641],[-102.0171,46.3882],[-102.0555,46.4227],[-102.0236,46.4465]]]}},{"type":"Feature","properties":{"c":"#00fb90","v0":0.04,"v1":0.05},"geometry":{"type":"Polygon","coordinates":[[[-101.1955,46.3616],[-101.1785,46.3705],[-101.1519,46.3705],[-101.1157,46.3616],[-101.1107,46.3522],[-101.1369,46.3423],[-101.1635,46.3423],[-101.1905,46.3522],[-101.1955,46.3616]]]}},{"type":"Feature","properties":{"c":"#00fb90","v0":0.04,"v1":0.05},"geometry":{"type":"Polygon","coordinates":[[[-108.5387,46.0291],[-108.5196,46.0375],[-108.48,46.0384],[-108.42,46.0318],[-108.3854,46.0242],[-108.3761,46.0154],[-108.3911,46.0034],[-108.4304,45.9882],[-108.47,45.9864],[-108.51,45.9978],[-108.5346,46.0089],[-108.5437,46.0196],[-108.5387,46.0291]],[[-108.5353,46.0286],[-108.5184,46.036],[-108.48,46.0361],[-108.42,46.0288],[-108.388,46.0216],[-108.3841,46.0145],[-108.3991,46.0052],[-108.433,45.9935],[-108.47,45.9925],[-108.51,46.0022],[-108.5334,46.0115],[-108.5403,46.0204],[-108.5353,46.0286]]]}},{"type":"Feature","properties":{"c":"#00fb90","v0":0.04,"v1":0.05},"geometry":{"type":"Polygon","coordinates":[[[-100.6408,45.5605],[-100.6336,45.5801],[-100.605,45.584],[-100.555,45.5722],[-100.49,45.5683],[-100.41,45.5722],[-100.331,45.5928],[-100.253,45.63],[-100.2098,45.6556],[-100.2015,45.6696],[-100.2048,45.6871],[-100.2196,45.708],[-100.1778,45.7243],[-100.0793,45.7358],[-99.99,45.7568],[-99.91,45.7873],[-99.8434,45.8024],[-99.7903,45.8023],[-99.7591,45.7883],[-99.7496,45.7604],[-99.7262,45.7397],[-99.6887,45.7263],[-99.605,45.7264],[-99.475,45.7401],[-99.369,45.7468],[-99.287,45.7465],[-99.2487,45.7429],[-99.2541,45.736],[-99.3798,45.7185],[-99.6257,45.6906],[-99.7516,45.6696],[-99.7577,45.6556],[-99.7484,45.6416],[-99.7236,45.6277],[-99.7022,45.6032],[-99.6841,45.5682],[-99.6588,45.5444],[-99.6263,45.5317],[-99.585,45.5242],[-99.535,45.5219],[-99.5068,45.5072],[-99.5003,45.4801],[-99.5153,45.4585],[-99.5518,45.4424],[-99.58,45.4233],[-99.6,45.4012],[-99.645,45.388],[-99.715,45.3839],[-99.766,45.3679],[-99.7981,45.3401],[-99.8381,45.3164],[-99.886,45.2968],[-99.9172,45.2933],[-99.9317,45.3058],[-99.9431,45.3367],[-99.9514,45.3859],[-99.9642,45.4183],[-99.9814,45.4339],[-100.065,45.4458],[-100.215,45.454],[-100.355,45.4524],[-100.485,45.4409],[-100.562,45.4571],[-100.586,45.5008],[-100.6096,45.5297],[-100.6328,45.5437],[-100.6408,45.5605]],[[-100.6273,45.5683],[-100.6158,45.5757],[-100.59,45.5749],[-100.55,45.5661],[-100.49,45.5637],[-100.41,45.5678],[-100.3278,45.5895],[-100.2434,45.6289],[-100.1947,45.6556],[-100.1817,45.6696],[-100.1789,45.6853],[-100.1863,45.7028],[-100.145,45.7187],[-100.055,45.7328],[-99.975,45.7525],[-99.905,45.7776],[-99.85,45.7924],[-99.81,45.797],[-99.782,45.7966],[-99.766,45.791],[-99.7592,45.7778],[-99.7616,45.7569],[-99.7384,45.736],[-99.6897,45.715],[-99.6865,45.7003],[-99.7288,45.6917],[-99.7591,45.6777],[-99.7774,45.6583],[-99.7724,45.6387],[-99.7441,45.6189],[-99.7186,45.5909],[-99.6958,45.5548],[-99.6458,45.5278],[-99.5686,45.51],[-99.5287,45.496],[-99.526,45.4857],[-99.546,45.4609],[-99.5887,45.4213],[-99.65,45.3996],[-99.73,45.3956],[-99.7844,45.3768],[-99.8132,45.343],[-99.8482,45.3196],[-99.8894,45.3067],[-99.91,45.3113],[-99.91,45.3336],[-99.8991,45.3541],[-99.8773,45.3729],[-99.8773,45.3834],[-99.8991,45.3855],[-99.93,45.4022],[-99.97,45.4335],[-100.07,45.4525],[-100.23,45.459],[-100.37,45.4572],[-100.49,45.4471],[-100.5708,45.4728],[-100.6123,45.5341],[-100.6273,45.5683]],[[-99.5833,45.7222],[-99.5478,45.7295],[-99.5211,45.7295],[-99.5034,45.7222],[-99.5134,45.7146],[-99.5511,45.7068],[-99.5778,45.7068],[-99.5933,45.7146],[-99.5833,45.7222]]]}},{"type":"Feature","properties":{"c":"#00fb90","v0":0.04,"v1":0.05},"geometry":{"type":"Polygon","coordinates":[[[-64.9573,45.7829],[-64.9391,45.8001],[-64.9216,45.807],[-64.9047,45.8038],[-64.9047,45.7933],[-64.9216,45.7754],[-64.9391,45.7684],[-64.9573,45.7724],[-64.9573,45.7829]],[[-64.957,45.7813],[-64.9456,45.7953],[-64.9303,45.8022],[-64.911,45.8022],[-64.9085,45.7939],[-64.9228,45.7771],[-64.9382,45.7702],[-64.9545,45.7729],[-64.957,45.7813]]]}},{"type":"Feature","properties":{"c":"#00fb90","v0":0.04,"v1":0.05},"geometry":{"type":"Polygon","coordinates":[[[-99.1113,45.7465],[-99.0704,45.7465],[-99.0457,45.7431],[-99.037,45.736],[-99.0538,45.7325],[-99.0961,45.7325],[-99.1208,45.736],[-99.1281,45.7429],[-99.1113,45.7465]]]}},{"type":"Feature","properties":{"c":"#00fb90","v0":0.04,"v1":0.05},"geometry":{"type":"Polygon","coordinates":[[[-103.2933,45.6263],[-103.2511,45.6377],[-103.21,45.6435],[-103.17,45.6437],[-103.12,45.6564],[-103.06,45.6813],[-103.015,45.6911],[-102.985,45.6855],[-102.9453,45.6672],[-102.896,45.6362],[-102.931,45.6206],[-103.0503,45.6206],[-103.135,45.612],[-103.185,45.5948],[-103.2361,45.5948],[-103.2883,45.6121],[-103.2933,45.6263]],[[-103.2385,45.6258],[-103.1662,45.636],[-103.11,45.6522],[-103.07,45.6743],[-103.0346,45.6832],[-103.0037,45.6788],[-102.9817,45.6696],[-102.9684,45.6556],[-102.9786,45.6416],[-103.0123,45.6277],[-103.0494,45.6229],[-103.0898,45.6272],[-103.13,45.6202],[-103.17,45.6018],[-103.201,45.5927],[-103.2229,45.5927],[-103.2441,45.5997],[-103.2644,45.6137],[-103.2385,45.6258]]]}},{"type":"Feature","properties":{"c":"#00fb90","v0":0.04,"v1":0.05},"geometry":{"type":"Polygon","coordinates":[[[-101.4581,45.521],[-101.426,45.5738],[-101.355,45.6106],[-101.245,45.6316],[-101.1653,45.6402],[-101.1159,45.6365],[-101.0946,45.6067],[-101.1015,45.5507],[-101.1112,45.5146],[-101.1237,45.4986],[-101.18,45.4848],[-101.28,45.4732],[-101.366,45.4743],[-101.4381,45.4878],[-101.4581,45.521]],[[-101.4279,45.5397],[-101.4026,45.5738],[-101.345,45.5927],[-101.255,45.5963],[-101.2,45.6043],[-101.18,45.6167],[-101.1546,45.6224],[-101.1238,45.6212],[-101.1138,45.5917],[-101.1246,45.5337],[-101.155,45.5048],[-101.205,45.5051],[-101.255,45.4992],[-101.305,45.4872],[-101.3576,45.4915],[-101.4129,45.5123],[-101.4279,45.5397]]]}},{"type":"Feature","properties":{"c":"#00fb90","v0":0.04,"v1":0.05},"geometry":{"type":"Polygon","coordinates":[[[-103.9524,45.4589],[-103.8308,45.4436],[-103.72,45.437],[-103.62,45.439],[-103.55,45.4349],[-103.51,45.4247],[-103.41,45.4263],[-103.25,45.4397],[-103.15,45.4446],[-103.11,45.4411],[-103.0,45.4524],[-102.82,45.4786],[-102.67,45.4884],[-102.55,45.4816],[-102.395,45.4859],[-102.205,45.5014],[-102.04,45.4918],[-101.9,45.4572],[-101.8,45.4426],[-101.74,45.4482],[-101.7009,45.4268],[-101.6826,45.3784],[-101.7076,45.3248],[-101.7759,45.2659],[-101.89,45.2263],[-102.05,45.2058],[-102.1362,45.1895],[-102.1487,45.1773],[-102.1543,45.1606],[-102.1529,45.1395],[-102.1617,45.1229],[-102.1806,45.1109],[-102.215,45.0999],[-102.265,45.09],[-102.325,45.0877],[-102.395,45.0932],[-102.48,45.079],[-102.58,45.0451],[-102.69,45.0316],[-102.81,45.0386],[-102.925,45.0673],[-103.035,45.1177],[-103.12,45.136],[-103.18,45.1221],[-103.23,45.116],[-103.27,45.1174],[-103.305,45.1105],[-103.335,45.0951],[-103.38,45.0941],[-103.44,45.1075],[-103.4809,45.1037],[-103.5027,45.0829],[-103.5077,45.0616],[-103.4959,45.0399],[-103.47,45.0266],[-103.43,45.0216],[-103.395,45.0269],[-103.365,45.0425],[-103.28,45.0316],[-103.14,44.9942],[-103.0659,44.9608],[-103.0576,44.9315],[-103.0626,44.9034],[-103.0809,44.8766],[-103.12,44.8491],[-103.18,44.8209],[-103.29,44.8126],[-103.45,44.8241],[-103.625,44.8244],[-103.815,44.8133],[-103.9197,44.8138],[-103.939,44.8258],[-103.964,44.8617],[-103.9947,44.9216],[-104.0059,44.9605],[-103.9977,44.9786],[-103.9593,45.0088],[-103.8908,45.0512],[-103.856,45.0795],[-103.8548,45.0936],[-103.8815,45.1148],[-103.936,45.143],[-103.966,45.1642],[-103.9715,45.1783],[-103.9589,45.1994],[-103.9282,45.2276],[-103.895,45.2487],[-103.8592,45.2628],[-103.8355,45.2839],[-103.8238,45.3121],[-103.8339,45.3402],[-103.8657,45.3683],[-103.9037,45.3907],[-103.9479,45.4074],[-103.9808,45.4285],[-104.0024,45.4539],[-103.9524,45.4589]],[[-103.997,44.9558],[-103.9886,44.977],[-103.9558,45.0024],[-103.8986,45.0319],[-103.8637,45.0566],[-103.8511,45.0766],[-103.8511,45.0955],[-103.8637,45.1135],[-103.892,45.1311],[-103.936,45.1485],[-103.9612,45.1642],[-103.9674,45.1783],[-103.9554,45.1981],[-103.9251,45.2236],[-103.89,45.2428],[-103.85,45.2556],[-103.8201,45.2815],[-103.8003,45.3206],[-103.8337,45.3613],[-103.9204,45.4034],[-103.9703,45.4354],[-103.9834,45.4573],[-103.94,45.4587],[-103.84,45.4396],[-103.735,45.4311],[-103.625,45.4333],[-103.555,45.4295],[-103.525,45.42],[-103.425,45.4222],[-103.255,45.4362],[-103.15,45.4414],[-103.11,45.4379],[-103.0,45.4487],[-102.82,45.4736],[-102.67,45.4828],[-102.55,45.4765],[-102.395,45.4814],[-102.205,45.4976],[-102.04,45.488],[-101.9,45.4526],[-101.805,45.4342],[-101.755,45.4329],[-101.7174,45.4128],[-101.6921,45.3738],[-101.7141,45.3261],[-101.7833,45.2698],[-101.8995,45.2311],[-102.0629,45.21],[-102.1505,45.1959],[-102.1624,45.1888],[-102.1668,45.1712],[-102.1638,45.143],[-102.1692,45.1242],[-102.1831,45.1148],[-102.215,45.1044],[-102.265,45.093],[-102.32,45.0911],[-102.38,45.0988],[-102.465,45.0854],[-102.575,45.0508],[-102.69,45.0371],[-102.81,45.0441],[-102.925,45.0722],[-103.035,45.1213],[-103.155,45.1356],[-103.285,45.1151],[-103.38,45.1085],[-103.44,45.116],[-103.4821,45.1079],[-103.5063,45.0842],[-103.5113,45.0602],[-103.4971,45.0356],[-103.405,45.0175],[-103.235,45.0058],[-103.13,44.992],[-103.09,44.9761],[-103.0701,44.9483],[-103.0704,44.9084],[-103.1054,44.8687],[-103.1751,44.829],[-103.29,44.8157],[-103.45,44.8287],[-103.625,44.8298],[-103.815,44.8192],[-103.9176,44.8183],[-103.9328,44.8273],[-103.9556,44.8602],[-103.986,44.9168],[-103.997,44.9558]]]}},{"type":"Feature","properties":{"c":"#00fb90","v0":0.04,"v1":0.05},"geometry":{"type":"Polygon","coordinates":[[[-101.7257,45.0938],[-101.6886,45.1084],[-101.6587,45.1084],[-101.6361,45.0938],[-101.6361,45.0791],[-101.6587,45.0643],[-101.6886,45.0643],[-101.7257,45.0791],[-101.7257,45.0938]],[[-101.7214,45.0933],[-101.6871,45.1067],[-101.6594,45.1067],[-101.6381,45.0933],[-101.6381,45.0797],[-101.6594,45.0658],[-101.6871,45.0658],[-101.7214,45.0797],[-101.7214,45.0933]]]}},{"type":"Feature","properties":{"c":"#00fb90","v0":0.04,"v1":0.05},"geometry":{"type":"Polygon","coordinates":[[[-104.1926,44.9841],[-104.18,45.0053],[-104.1656,45.0159],[-104.1495,45.0159],[-104.1436,45.0051],[-104.1479,44.9834],[-104.1622,44.9727],[-104.1867,44.9732],[-104.1926,44.9841]],[[-104.1761,44.9924],[-104.1587,45.0019],[-104.155,44.999],[-104.165,44.9837],[-104.1737,44.979],[-104.1811,44.9847],[-104.1761,44.9924]]]}},{"type":"Feature","properties":{"c":"#00fb90","v0":0.04,"v1":0.05},"geometry":{"type":"Polygon","coordinates":[[[-98.9632,44.3417],[-98.9411,44.3588],[-98.9159,44.366],[-98.8877,44.3632],[-98.8827,44.3551],[-98.9009,44.3416],[-98.9261,44.3344],[-98.9582,44.3336],[-98.9632,44.3417]],[[-98.9446,44.3518],[-98.9215,44.3604],[-98.904,44.3604],[-98.892,44.3518],[-98.897,44.3447],[-98.919,44.339],[-98.9365,44.339],[-98.9496,44.3447],[-98.9446,44.3518]]]}},{"type":"Feature","properties":{"c":"#00fb90","v0":0.04,"v1":0.05},"geometry":{"type":"Polygon","coordinates":[[[-99.188,44.2975],[-99.136,44.312],[-99.0923,44.3192],[-99.0569,44.319],[-99.0619,44.3117],[-99.1073,44.2973],[-99.151,44.2901],[-99.193,44.2902],[-99.188,44.2975]]]}},{"type":"Feature","properties":{"c":"#00fb90","v0":0.04,"v1":0.05},"geometry":{"type":"Polygon","coordinates":[[[-63.2633,42.8047],[-63.2411,42.8199],[-63.2221,42.8236],[-63.2064,42.8157],[-63.2014,42.8077],[-63.2071,42.7995],[-63.2261,42.7958],[-63.2583,42.7966],[-63.2633,42.8047]]]}},{"type":"Feature","properties":{"c":"#00fb90","v0":0.04,"v1":0.05},"geometry":{"type":"Polygon","coordinates":[[[-69.6046,41.8346],[-69.4882,41.8621],[-69.405,41.8717],[-69.355,41.8636],[-69.3161,41.8647],[-69.2883,41.8752],[-69.2633,41.8928],[-69.2411,41.9174],[-69.2061,41.9211],[-69.1583,41.9039],[-69.1683,41.8824],[-69.2361,41.8567],[-69.295,41.845],[-69.345,41.8474],[-69.435,41.8368],[-69.565,41.8131],[-69.6382,41.8061],[-69.6546,41.8159],[-69.6046,41.8346]],[[-69.283,41.8685],[-69.2477,41.9043],[-69.2142,41.9155],[-69.1827,41.902],[-69.1877,41.8847],[-69.2292,41.8634],[-69.2627,41.8522],[-69.288,41.8512],[-69.283,41.8685]]]}},{"type":"Feature","properties":{"c":"#00fb90","v0":0.04,"v1":0.05},"geometry":{"type":"Polygon","coordinates":[[[-69.0726,41.9028],[-68.972,41.9176],[-68.9487,41.9138],[-69.0029,41.8911],[-69.0532,41.8837],[-69.0997,41.8914],[-69.0726,41.9028]],[[-69.0762,41.899],[-69.0587,41.9065],[-69.0418,41.9065],[-69.0255,41.899],[-69.0342,41.8953],[-69.068,41.8953],[-69.0762,41.899]]]}},{"type":"Feature","properties":{"c":"#00fb90","v0":0.04,"v1":0.05},"geometry":{"type":"Polygon","coordinates":[[[-69.72,41.1767],[-69.6076,41.2369],[-69.516,41.2752],[-69.4453,41.2916],[-69.3755,41.3142],[-69.3065,41.3428],[-69.1715,41.3782],[-68.9705,41.4205],[-68.84,41.4398],[-68.78,41.436],[-68.735,41.44],[-68.705,41.4518],[-68.6792,41.4513],[-68.6575,41.4385],[-68.6434,41.3946],[-68.637,41.3195],[-68.6172,41.2632],[-68.5842,41.2256],[-68.5492,41.1955],[-68.5122,41.1729],[-68.5177,41.1425],[-68.5659,41.1042],[-68.64,41.0697],[-68.74,41.0389],[-68.825,41.0317],[-68.895,41.0481],[-69.045,41.0446],[-69.275,41.0211],[-69.445,41.0164],[-69.555,41.0307],[-69.6414,41.0537],[-69.7042,41.0855],[-69.7458,41.1127],[-69.7661,41.1353],[-69.72,41.1767]],[[-69.7009,41.1745],[-69.6003,41.2304],[-69.515,41.267],[-69.445,41.2842],[-69.3722,41.3089],[-69.2967,41.341],[-69.1617,41.3765],[-68.9672,41.4153],[-68.84,41.4305],[-68.78,41.422],[-68.7332,41.4214],[-68.6996,41.4285],[-68.6811,41.4246],[-68.6778,41.4096],[-68.6996,41.3889],[-68.7465,41.3625],[-68.7755,41.34],[-68.7865,41.3214],[-68.7615,41.307],[-68.7005,41.2968],[-68.6615,41.278],[-68.6445,41.2506],[-68.6079,41.2181],[-68.5514,41.1804],[-68.5399,41.1458],[-68.5733,41.1141],[-68.63,41.0843],[-68.71,41.0565],[-68.795,41.0479],[-68.885,41.0586],[-69.045,41.0517],[-69.275,41.0272],[-69.44,41.0254],[-69.54,41.0462],[-69.6195,41.0678],[-69.6785,41.0902],[-69.7188,41.1127],[-69.7404,41.1353],[-69.7009,41.1745]]]}},{"type":"Feature","properties":{"c":"#00fb90","v0":0.04,"v1":0.05},"geometry":{"type":"Polygon","coordinates":[[[-88.9101,34.8365],[-88.8972,34.8775],[-88.8756,34.9098],[-88.8452,34.9333],[-88.75,34.9586],[-88.59,34.9857],[-88.5012,35.0068],[-88.4836,35.0217],[-88.4786,35.0417],[-88.4862,35.0668],[-88.36,35.0731],[-88.1,35.0605],[-87.945,35.0614],[-87.895,35.0759],[-87.825,35.0823],[-87.735,35.0806],[-87.66,35.093],[-87.6,35.1193],[-87.495,35.1248],[-87.345,35.1095],[-87.245,35.1063],[-87.195,35.1154],[-87.1572,35.1258],[-87.1317,35.1378],[-87.1167,35.1526],[-87.1122,35.1704],[-87.12,35.1866],[-87.14,35.2013],[-87.1752,35.2128],[-87.2256,35.2213],[-87.2593,35.25],[-87.2764,35.299],[-87.2012,35.3259],[-87.0337,35.3307],[-86.8316,35.3552],[-86.5949,35.3993],[-86.4549,35.4379],[-86.4116,35.471],[-86.33,35.5101],[-86.21,35.5551],[-86.12,35.6053],[-86.06,35.6606],[-85.89,35.73],[-85.61,35.8132],[-85.4378,35.8845],[-85.3734,35.9439],[-85.2934,36.0052],[-85.1978,36.0684],[-85.005,36.1697],[-84.715,36.3092],[-84.49,36.4092],[-84.33,36.4701],[-83.905,36.601],[-83.215,36.8016],[-82.825,36.9422],[-82.735,37.0232],[-82.63,37.0906],[-82.51,37.1443],[-82.425,37.1946],[-82.375,37.2417],[-82.26,37.2916],[-82.08,37.3442],[-81.955,37.3905],[-81.885,37.4307],[-81.8336,37.47],[-81.8009,37.5087],[-81.7934,37.5479],[-81.8109,37.5875],[-81.8022,37.6327],[-81.7674,37.6833],[-81.665,37.7596],[-81.495,37.8612],[-81.385,37.9215],[-81.335,37.9404],[-81.2878,37.9669],[-81.2434,38.0011],[-81.2169,38.026],[-81.2081,38.0418],[-81.2079,38.0654],[-81.2161,38.0969],[-81.2113,38.1362],[-81.1934,38.1834],[-81.1159,38.2375],[-80.9786,38.2984],[-80.82,38.3876],[-80.64,38.5049],[-80.455,38.5898],[-80.265,38.6422],[-80.1393,38.6901],[-80.0778,38.7334],[-80.0221,38.7628],[-79.9722,38.7784],[-79.9179,38.786],[-79.8593,38.7856],[-79.76,38.8002],[-79.62,38.8297],[-79.4803,38.861],[-79.341,38.8942],[-79.261,38.9216],[-79.2403,38.9433],[-79.2,38.9574],[-79.14,38.964],[-79.045,38.9847],[-78.915,39.0193],[-78.825,39.039],[-78.775,39.0438],[-78.735,39.0325],[-78.705,39.0053],[-78.65,38.9935],[-78.57,38.9972],[-78.5204,39.0042],[-78.5012,39.0145],[-78.4862,39.0307],[-78.4754,39.0528],[-78.45,39.0681],[-78.41,39.0765],[-78.375,39.0898],[-78.345,39.1078],[-78.25,39.1343],[-78.09,39.1692],[-77.92,39.2298],[-77.74,39.3159],[-77.595,39.3677],[-77.485,39.3853],[-77.4,39.413],[-77.34,39.4509],[-77.275,39.4761],[-77.205,39.4887],[-77.135,39.5112],[-77.065,39.5437],[-77.0199,39.5487],[-76.9996,39.5264],[-76.9746,39.5111],[-76.9449,39.5029],[-76.855,39.5046],[-76.705,39.5163],[-76.58,39.5352],[-76.48,39.5615],[-76.41,39.569],[-76.37,39.5577],[-76.33,39.5525],[-76.29,39.5533],[-76.19,39.572],[-76.03,39.6087],[-75.85,39.6322],[-75.65,39.6426],[-75.515,39.6435],[-75.445,39.6348],[-75.305,39.6495],[-75.095,39.6875],[-74.965,39.6996],[-74.915,39.6856],[-74.8745,39.6686],[-74.8434,39.6486],[-74.8229,39.6193],[-74.8129,39.5807],[-74.7997,39.5538],[-74.7834,39.5383],[-74.7139,39.5141],[-74.5913,39.4811],[-74.49,39.4741],[-74.41,39.4931],[-74.345,39.5005],[-74.295,39.4964],[-74.25,39.5052],[-74.21,39.5267],[-74.1634,39.5435],[-74.1101,39.5555],[-73.9701,39.5784],[-73.7434,39.6122],[-73.6088,39.643],[-73.5664,39.6708],[-73.5493,39.6924],[-73.5575,39.7078],[-73.5737,39.7193],[-73.5979,39.7268],[-73.695,39.7288],[-73.865,39.7254],[-73.97,39.716],[-74.01,39.7007],[-74.1,39.7084],[-74.24,39.7392],[-74.335,39.7441],[-74.385,39.723],[-74.44,39.7157],[-74.5,39.7224],[-74.56,39.718],[-74.62,39.7028],[-74.6556,39.6964],[-74.6667,39.6989],[-74.6595,39.7117],[-74.634,39.7347],[-74.5684,39.7594],[-74.4628,39.7857],[-74.39,39.7968],[-74.35,39.7928],[-74.275,39.7978],[-74.165,39.8118],[-74.0803,39.843],[-74.0209,39.8911],[-73.9809,39.9318],[-73.9603,39.9649],[-73.6901,40.0377],[-73.1704,40.15],[-72.8104,40.2184],[-72.6101,40.2431],[-72.4988,40.2621],[-72.4763,40.2757],[-72.463,40.2939],[-72.4588,40.3167],[-72.4461,40.3358],[-72.4249,40.351],[-72.3441,40.3853],[-72.2036,40.4386],[-72.1258,40.4767],[-72.1108,40.4995],[-72.1183,40.5261],[-72.1484,40.5565],[-72.15,40.5886],[-72.1233,40.6222],[-72.09,40.6495],[-72.05,40.6703],[-72.0158,40.6952],[-71.9874,40.7242],[-71.9374,40.7503],[-71.8658,40.7738],[-71.81,40.7832],[-71.77,40.7787],[-71.69,40.7842],[-71.57,40.7998],[-71.5223,40.7903],[-71.5469,40.7559],[-71.553,40.731],[-71.5407,40.7159],[-71.5234,40.706],[-71.5011,40.7015],[-71.405,40.7093],[-71.235,40.7294],[-71.105,40.725],[-71.015,40.696],[-70.945,40.682],[-70.895,40.6827],[-70.85,40.6889],[-70.81,40.7004],[-70.765,40.7019],[-70.715,40.6933],[-70.665,40.6958],[-70.615,40.7095],[-70.54,40.7119],[-70.44,40.703],[-70.34,40.7081],[-70.24,40.7272],[-70.155,40.735],[-70.085,40.7316],[-70.03,40.7373],[-69.99,40.7521],[-69.955,40.7498],[-69.925,40.7304],[-69.865,40.7177],[-69.775,40.7118],[-69.7076,40.7163],[-69.6627,40.7312],[-69.6253,40.7538],[-69.5955,40.7841],[-69.5322,40.8181],[-69.4356,40.856],[-69.3129,40.8932],[-69.1643,40.9297],[-69.0822,40.9448],[-69.0666,40.9385],[-69.0516,40.9074],[-69.0372,40.8515],[-68.985,40.8142],[-68.895,40.7954],[-68.805,40.7841],[-68.715,40.7804],[-68.6649,40.7647],[-68.6546,40.7372],[-68.6343,40.7121],[-68.6038,40.6894],[-68.6041,40.659],[-68.6351,40.6211],[-68.7011,40.5793],[-68.8021,40.5337],[-68.857,40.4995],[-68.8659,40.4767],[-68.8605,40.4501],[-68.841,40.4196],[-68.8509,40.4025],[-68.8903,40.3987],[-68.9296,40.3796],[-68.9689,40.3453],[-68.9968,40.2977],[-69.0133,40.2366],[-69.0299,40.1984],[-69.0465,40.1832],[-69.0836,40.1677],[-69.1412,40.1521],[-69.195,40.1494],[-69.245,40.1596],[-69.295,40.1441],[-69.345,40.1029],[-69.39,40.0757],[-69.43,40.0627],[-69.475,40.0734],[-69.525,40.1075],[-69.57,40.1238],[-69.61,40.1221],[-69.69,40.0931],[-69.81,40.0367],[-69.925,39.9996],[-70.035,39.9818],[-70.14,39.9574],[-70.24,39.9265],[-70.3247,39.8891],[-70.3942,39.8451],[-70.5142,39.7955],[-70.6847,39.7401],[-70.7775,39.7055],[-70.7924,39.6917],[-70.7993,39.6732],[-70.7981,39.6501],[-70.8357,39.621],[-70.9119,39.5861],[-70.9586,39.5552],[-70.9758,39.5285],[-70.9758,39.5067],[-70.9586,39.4898],[-70.905,39.4813],[-70.815,39.481],[-70.7615,39.4779],[-70.7444,39.4719],[-70.7393,39.465],[-70.7464,39.4573],[-70.825,39.4376],[-70.975,39.4058],[-71.085,39.3703],[-71.155,39.3311],[-71.205,39.2931],[-71.235,39.2561],[-71.29,39.2286],[-71.37,39.2104],[-71.43,39.1877],[-71.47,39.1605],[-71.555,39.1365],[-71.685,39.1159],[-71.76,39.0997],[-71.7799,39.0878],[-71.7893,39.0702],[-71.7882,39.0469],[-71.8045,39.0158],[-71.8382,38.9769],[-71.8438,38.951],[-71.8213,38.938],[-71.7909,38.9302],[-71.7527,38.9277],[-71.7277,38.9155],[-71.7159,38.8938],[-71.6964,38.8744],[-71.6692,38.8571],[-71.6842,38.8451],[-71.7414,38.8383],[-71.82,38.8401],[-71.92,38.8505],[-72.115,38.8375],[-72.405,38.801],[-72.575,38.773],[-72.625,38.7535],[-72.665,38.7232],[-72.695,38.6821],[-72.725,38.6518],[-72.755,38.6324],[-72.835,38.6101],[-72.965,38.585],[-73.065,38.5736],[-73.135,38.5759],[-73.25,38.5696],[-73.41,38.5547],[-73.4995,38.5406],[-73.5185,38.5273],[-73.5239,38.5011],[-73.5158,38.4619],[-73.5236,38.4228],[-73.5473,38.3836],[-73.5589,38.3522],[-73.5583,38.3287],[-73.596,38.3035],[-73.672,38.2766],[-73.7242,38.2373],[-73.7526,38.1857],[-73.7826,38.1512],[-73.8142,38.1339],[-73.94,38.1121],[-74.16,38.0858],[-74.36,38.0519],[-74.54,38.0105],[-74.72,37.9759],[-74.9,37.9482],[-75.035,37.9295],[-75.125,37.92],[-75.22,37.9189],[-75.32,37.9264],[-75.47,37.918],[-75.67,37.8937],[-75.79,37.8706],[-75.83,37.8486],[-75.88,37.833],[-75.94,37.8239],[-76.0539,37.8375],[-76.2216,37.8738],[-76.3001,37.8999],[-76.2894,37.9156],[-76.2574,37.9354],[-76.2041,37.959],[-76.1744,37.9866],[-76.1683,38.0181],[-76.1364,38.043],[-76.0788,38.0613],[-76.0413,38.0613],[-76.0239,38.043],[-75.9989,38.0326],[-75.9663,38.0299],[-75.88,38.043],[-75.74,38.0718],[-75.62,38.1041],[-75.52,38.1397],[-75.4353,38.162],[-75.366,38.171],[-75.2504,38.2148],[-75.0885,38.2934],[-75.0182,38.3382],[-75.0394,38.3493],[-75.12,38.3518],[-75.26,38.3457],[-75.35,38.3477],[-75.39,38.3578],[-75.445,38.3655],[-75.515,38.3706],[-75.565,38.37],[-75.595,38.3637],[-75.625,38.3648],[-75.655,38.3732],[-75.705,38.3613],[-75.775,38.3292],[-75.825,38.2939],[-75.855,38.2554],[-75.885,38.2477],[-75.915,38.2708],[-75.94,38.2834],[-75.96,38.2853],[-75.99,38.2837],[-76.03,38.2785],[-76.07,38.2634],[-76.11,38.2382],[-76.18,38.2082],[-76.28,38.1733],[-76.39,38.1572],[-76.51,38.1597],[-76.605,38.1669],[-76.675,38.1787],[-76.73,38.182],[-76.77,38.1767],[-76.87,38.1428],[-77.03,38.0803],[-77.21,38.0232],[-77.41,37.9714],[-77.5307,37.9085],[-77.5721,37.8343],[-77.6044,37.7893],[-77.6278,37.7735],[-77.7821,37.7355],[-78.0674,37.6753],[-78.2952,37.608],[-78.4657,37.5335],[-78.5857,37.494],[-78.6552,37.4893],[-78.725,37.4936],[-78.795,37.5069],[-78.855,37.5099],[-78.905,37.5026],[-78.945,37.509],[-78.975,37.529],[-79.005,37.539],[-79.035,37.539],[-79.1093,37.4966],[-79.2279,37.4117],[-79.3107,37.3414],[-79.3576,37.2857],[-79.4233,37.2314],[-79.5078,37.1785],[-79.685,37.0967],[-79.955,36.9859],[-80.24,36.9121],[-80.54,36.8754],[-80.74,36.8418],[-80.84,36.8112],[-80.91,36.782],[-80.95,36.7543],[-81.065,36.7172],[-81.255,36.6709],[-81.36,36.6404],[-81.38,36.6259],[-81.3977,36.6025],[-81.4132,36.5703],[-81.4382,36.5454],[-81.4727,36.5279],[-81.585,36.494],[-81.775,36.4438],[-82.025,36.3935],[-82.335,36.3433],[-82.575,36.274],[-82.745,36.1855],[-82.855,36.1143],[-82.905,36.0602],[-82.995,36.0009],[-83.125,35.9363],[-83.2206,35.9012],[-83.2817,35.8955],[-83.3605,35.848],[-83.4572,35.7588],[-83.5096,35.6939],[-83.5177,35.6532],[-83.5429,35.6045],[-83.585,35.5475],[-83.5971,35.4971],[-83.579,35.453],[-83.575,35.4203],[-83.585,35.3989],[-83.6074,35.3883],[-83.6422,35.3886],[-83.6448,35.405],[-83.6153,35.4376],[-83.6079,35.4603],[-83.6226,35.4731],[-83.695,35.4654],[-83.825,35.4371],[-83.92,35.3845],[-83.98,35.3077],[-84.0545,35.2543],[-84.1435,35.2242],[-84.2085,35.1915],[-84.2495,35.1562],[-84.305,35.1225],[-84.375,35.0906],[-84.4625,35.0632],[-84.5676,35.0405],[-84.6243,35.0128],[-84.6327,34.98],[-84.6652,34.9525],[-84.7217,34.9301],[-84.7713,34.8973],[-84.8138,34.854],[-84.8688,34.814],[-84.9363,34.7772],[-85.03,34.7503],[-85.15,34.7334],[-85.235,34.7405],[-85.285,34.7714],[-85.3189,34.7818],[-85.3366,34.7717],[-85.3566,34.7414],[-85.3789,34.6907],[-85.4,34.668],[-85.42,34.6734],[-85.4394,34.6947],[-85.4581,34.7317],[-85.4831,34.7551],[-85.5144,34.7648],[-85.5746,34.7525],[-85.6637,34.7181],[-85.8037,34.6822],[-85.9946,34.6447],[-86.0981,34.6283],[-86.1144,34.6328],[-86.1202,34.6393],[-86.1154,34.6475],[-86.0913,34.6722],[-86.0479,34.7133],[-85.9771,34.7543],[-85.879,34.7953],[-85.835,34.8264],[-85.845,34.8477],[-85.8665,34.8601],[-85.8995,34.8635],[-85.9495,34.8582],[-86.0165,34.8442],[-86.095,34.8444],[-86.185,34.8588],[-86.25,34.8647],[-86.29,34.8621],[-86.3192,34.8578],[-86.3377,34.8518],[-86.3527,34.8372],[-86.3642,34.814],[-86.42,34.7818],[-86.52,34.7407],[-86.5797,34.7235],[-86.5992,34.7304],[-86.6042,34.7441],[-86.5947,34.7648],[-86.538,34.7935],[-86.4341,34.8304],[-86.383,34.8529],[-86.3847,34.8611],[-86.4016,34.8661],[-86.4339,34.8679],[-86.49,34.8535],[-86.57,34.8228],[-86.675,34.7944],[-86.805,34.7683],[-86.88,34.7583],[-86.9,34.7644],[-86.9141,34.7796],[-86.9223,34.8039],[-86.9006,34.8283],[-86.8491,34.8529],[-86.8294,34.8775],[-86.8414,34.9021],[-86.8311,34.9226],[-86.7983,34.939],[-86.7788,34.9554],[-86.7725,34.9718],[-86.8245,34.9861],[-86.9348,34.9984],[-87.0338,34.9943],[-87.1214,34.9739],[-87.1707,34.9595],[-87.1816,34.9513],[-87.1877,34.9349],[-87.1889,34.9103],[-87.1997,34.8954],[-87.2199,34.89],[-87.2557,34.89],[-87.3072,34.8954],[-87.3472,34.9104],[-87.3757,34.9351],[-87.445,34.935],[-87.555,34.9101],[-87.74,34.9186],[-88.0,34.9605],[-88.155,34.9746],[-88.205,34.9607],[-88.295,34.9471],[-88.425,34.9337],[-88.515,34.9116],[-88.565,34.8807],[-88.615,34.86],[-88.665,34.8494],[-88.715,34.8312],[-88.765,34.8051],[-88.805,34.7911],[-88.835,34.7889],[-88.8666,34.7949],[-88.8999,34.8089],[-88.9101,34.8365]],[[-88.9004,34.8365],[-88.8848,34.8775],[-88.8653,34.9084],[-88.8418,34.929],[-88.75,34.9535],[-88.59,34.9818],[-88.495,35.0139],[-88.465,35.0496],[-88.415,35.0696],[-88.345,35.0738],[-88.225,35.07],[-88.055,35.0582],[-87.945,35.0593],[-87.895,35.073],[-87.8248,35.0795],[-87.7344,35.0787],[-87.6594,35.0913],[-87.5998,35.1172],[-87.48,35.1233],[-87.3,35.1095],[-87.1861,35.1129],[-87.1382,35.1335],[-87.1116,35.1519],[-87.1063,35.1683],[-87.1152,35.1867],[-87.1384,35.2071],[-87.1735,35.2234],[-87.2205,35.2357],[-87.2545,35.2581],[-87.2754,35.2908],[-87.2824,35.3112],[-87.2755,35.3194],[-87.1915,35.325],[-87.0305,35.3282],[-86.8307,35.3527],[-86.592,35.3984],[-86.452,35.4373],[-86.4107,35.4692],[-86.33,35.5078],[-86.21,35.553],[-86.12,35.6035],[-86.06,35.659],[-85.89,35.7283],[-85.61,35.8114],[-85.4369,35.8831],[-85.3706,35.9434],[-85.2906,36.0045],[-85.1969,36.0663],[-85.0023,36.1673],[-84.7068,36.3073],[-84.4868,36.4058],[-84.3423,36.4628],[-83.92,36.5935],[-83.22,36.7975],[-82.825,36.9391],[-82.735,37.0186],[-82.6323,37.0843],[-82.5169,37.1363],[-82.4319,37.1862],[-82.3773,37.234],[-82.255,37.2867],[-82.065,37.3444],[-81.94,37.3909],[-81.88,37.4262],[-81.8315,37.4649],[-81.7944,37.507],[-81.7753,37.536],[-81.7742,37.5518],[-81.7834,37.5716],[-81.8029,37.5954],[-81.7935,37.6311],[-81.7552,37.6786],[-81.6101,37.7774],[-81.3582,37.9275],[-81.2231,38.0142],[-81.2047,38.0378],[-81.1987,38.0654],[-81.2052,38.0969],[-81.1924,38.1402],[-81.1603,38.1952],[-81.0707,38.255],[-80.9236,38.3195],[-80.775,38.4023],[-80.625,38.5031],[-80.46,38.5785],[-80.28,38.6285],[-80.15,38.6779],[-80.07,38.7265],[-80.005,38.7585],[-79.955,38.7737],[-79.905,38.7811],[-79.855,38.7805],[-79.76,38.7956],[-79.62,38.8263],[-79.48,38.8582],[-79.34,38.8912],[-79.255,38.9186],[-79.225,38.9405],[-79.115,38.9706],[-78.925,39.009],[-78.81,39.0297],[-78.77,39.0329],[-78.735,39.0226],[-78.705,38.9987],[-78.65,38.9889],[-78.57,38.993],[-78.4783,39.0246],[-78.3749,39.0834],[-78.2449,39.1306],[-78.0883,39.166],[-77.925,39.2241],[-77.755,39.305],[-77.61,39.3566],[-77.49,39.379],[-77.3955,39.4098],[-77.3265,39.4492],[-77.2315,39.4837],[-77.1105,39.5134],[-77.025,39.5201],[-76.975,39.5039],[-76.875,39.501],[-76.725,39.5114],[-76.595,39.5284],[-76.485,39.552],[-76.385,39.5614],[-76.295,39.5566],[-76.175,39.5715],[-76.025,39.606],[-75.85,39.6281],[-75.65,39.6378],[-75.515,39.6379],[-75.445,39.6284],[-75.3858,39.6312],[-75.3374,39.6464],[-75.2924,39.6537],[-75.2508,39.6533],[-75.17,39.6655],[-75.05,39.6905],[-74.9526,39.6869],[-74.8779,39.6546],[-74.8277,39.6116],[-74.802,39.5576],[-74.7243,39.5133],[-74.5948,39.4785],[-74.49,39.4702],[-74.41,39.4883],[-74.345,39.4956],[-74.295,39.492],[-74.25,39.5007],[-74.21,39.5218],[-74.16,39.5389],[-74.1,39.5522],[-73.965,39.5732],[-73.755,39.6017],[-73.6193,39.6332],[-73.5579,39.6675],[-73.5317,39.6924],[-73.5409,39.7078],[-73.5616,39.7207],[-73.5939,39.7312],[-73.695,39.7344],[-73.865,39.7304],[-73.975,39.7211],[-74.025,39.7066],[-74.115,39.7146],[-74.245,39.7449],[-74.335,39.749],[-74.385,39.7271],[-74.44,39.7197],[-74.5,39.727],[-74.555,39.7239],[-74.605,39.7106],[-74.6337,39.7068],[-74.6412,39.7126],[-74.636,39.7232],[-74.6184,39.7386],[-74.5596,39.7583],[-74.4599,39.7825],[-74.39,39.7917],[-74.35,39.7858],[-74.275,39.7905],[-74.165,39.8058],[-74.065,39.8502],[-73.975,39.9237],[-73.7849,39.999],[-73.4947,40.0759],[-73.2397,40.1364],[-73.0199,40.1803],[-72.81,40.2146],[-72.61,40.2392],[-72.4956,40.2592],[-72.4669,40.2747],[-72.4405,40.2977],[-72.4165,40.3282],[-72.3359,40.3716],[-72.1986,40.428],[-72.092,40.4851],[-72.016,40.5429],[-71.946,40.5848],[-71.882,40.6109],[-71.815,40.6257],[-71.745,40.629],[-71.67,40.6456],[-71.59,40.6753],[-71.46,40.6962],[-71.28,40.7083],[-71.135,40.7047],[-71.025,40.6856],[-70.945,40.6766],[-70.895,40.6775],[-70.85,40.6838],[-70.81,40.6956],[-70.765,40.696],[-70.715,40.685],[-70.67,40.6869],[-70.63,40.7017],[-70.56,40.7045],[-70.46,40.6954],[-70.355,40.7011],[-70.245,40.7217],[-70.155,40.73],[-70.085,40.726],[-70.03,40.7301],[-69.99,40.742],[-69.96,40.7401],[-69.94,40.7242],[-69.875,40.7127],[-69.765,40.7057],[-69.66,40.7224],[-69.56,40.7628],[-69.485,40.7678],[-69.435,40.7374],[-69.39,40.7351],[-69.35,40.7608],[-69.2998,40.7838],[-69.2393,40.8042],[-69.2348,40.8181],[-69.2862,40.8257],[-69.3365,40.8121],[-69.3855,40.7774],[-69.4216,40.766],[-69.4447,40.7781],[-69.4562,40.7916],[-69.4563,40.8068],[-69.4248,40.8295],[-69.3619,40.8598],[-69.2703,40.8913],[-69.1501,40.924],[-69.0847,40.9392],[-69.0742,40.9366],[-69.0642,40.9077],[-69.0547,40.8525],[-69.0,40.8125],[-68.9,40.7878],[-68.8112,40.7738],[-68.7336,40.7706],[-68.6752,40.7462],[-68.6359,40.7007],[-68.6192,40.6666],[-68.6251,40.6438],[-68.6369,40.6249],[-68.6546,40.6097],[-68.7131,40.5793],[-68.8122,40.5337],[-68.8674,40.5033],[-68.8785,40.4881],[-68.8833,40.4653],[-68.8817,40.4348],[-68.8932,40.4147],[-68.9177,40.4048],[-68.9509,40.3782],[-68.9927,40.3347],[-69.0205,40.2862],[-69.0342,40.2328],[-69.0495,40.1984],[-69.0665,40.1832],[-69.0987,40.1708],[-69.1462,40.1615],[-69.19,40.1637],[-69.23,40.1774],[-69.28,40.1679],[-69.34,40.1351],[-69.385,40.1307],[-69.415,40.1545],[-69.475,40.1579],[-69.565,40.141],[-69.67,40.1048],[-69.79,40.0494],[-69.915,40.0092],[-70.045,39.9841],[-70.16,39.9558],[-70.26,39.9242],[-70.354,39.8832],[-70.4419,39.8329],[-70.5577,39.7847],[-70.7014,39.7386],[-70.7852,39.6963],[-70.8092,39.6578],[-70.8577,39.6193],[-70.9309,39.5807],[-70.9745,39.546],[-70.9884,39.5152],[-70.9841,39.4921],[-70.9614,39.4768],[-70.93,39.4667],[-70.89,39.4617],[-70.845,39.4628],[-70.795,39.4698],[-70.7658,39.4722],[-70.7573,39.47],[-70.756,39.465],[-70.7618,39.4573],[-70.791,39.4517],[-70.8437,39.4481],[-70.915,39.4339],[-71.005,39.4089],[-71.085,39.3782],[-71.155,39.3418],[-71.205,39.3058],[-71.2351,39.2702],[-71.2901,39.242],[-71.37,39.2213],[-71.443,39.1941],[-71.5089,39.1606],[-71.5939,39.1356],[-71.698,39.119],[-71.7626,39.1035],[-71.7878,39.089],[-71.8029,39.0702],[-71.8079,39.0469],[-71.8258,39.0158],[-71.8564,38.9769],[-71.8613,38.9506],[-71.8404,38.9369],[-71.81,38.9277],[-71.77,38.923],[-71.7402,38.9026],[-71.7205,38.8666],[-71.7405,38.8465],[-71.8002,38.8425],[-71.87,38.8454],[-71.95,38.8552],[-72.13,38.8417],[-72.41,38.8048],[-72.575,38.7771],[-72.625,38.7585],[-72.665,38.7288],[-72.695,38.688],[-72.725,38.6574],[-72.755,38.6368],[-72.835,38.6139],[-72.965,38.5887],[-73.145,38.5699],[-73.375,38.5575],[-73.502,38.5436],[-73.5259,38.5283],[-73.5336,38.5011],[-73.5253,38.4619],[-73.5333,38.4122],[-73.5578,38.3519],[-73.6052,38.3088],[-73.6756,38.2828],[-73.7271,38.2423],[-73.7597,38.1873],[-73.7895,38.1523],[-73.8165,38.1374],[-73.94,38.116],[-74.16,38.0882],[-74.36,38.0536],[-74.54,38.0122],[-74.715,37.9783],[-74.885,37.9519],[-75.02,37.9337],[-75.12,37.9238],[-75.22,37.9221],[-75.32,37.9287],[-75.47,37.92],[-75.67,37.8961],[-75.79,37.8735],[-75.83,37.8521],[-75.88,37.8369],[-75.94,37.8278],[-76.0522,37.8405],[-76.2166,37.8748],[-76.2938,37.8999],[-76.2837,37.9156],[-76.2524,37.9354],[-76.2,37.959],[-76.1672,37.9866],[-76.154,38.0181],[-76.1281,38.0419],[-76.0894,38.0579],[-76.055,38.0568],[-76.025,38.0385],[-75.995,38.0287],[-75.965,38.0275],[-75.88,38.0411],[-75.74,38.0696],[-75.62,38.1017],[-75.52,38.1374],[-75.435,38.1598],[-75.365,38.1691],[-75.2472,38.2135],[-75.0817,38.2929],[-75.0117,38.3392],[-75.0372,38.3523],[-75.12,38.3573],[-75.26,38.3542],[-75.38,38.3594],[-75.48,38.373],[-75.55,38.3768],[-75.59,38.3708],[-75.6171,38.3708],[-75.6313,38.3767],[-75.637,38.3836],[-75.6341,38.3914],[-75.6154,38.411],[-75.581,38.4424],[-75.5003,38.4602],[-75.3734,38.4645],[-75.285,38.4738],[-75.235,38.4882],[-75.15,38.4985],[-75.03,38.5049],[-74.95,38.5138],[-74.91,38.5254],[-74.85,38.5299],[-74.77,38.5275],[-74.685,38.547],[-74.595,38.5886],[-74.51,38.6174],[-74.43,38.6336],[-74.3715,38.6505],[-74.3346,38.6681],[-74.3118,38.6887],[-74.3032,38.7121],[-74.3066,38.7293],[-74.3222,38.7403],[-74.425,38.7533],[-74.615,38.7682],[-74.735,38.7842],[-74.785,38.8015],[-74.84,38.8087],[-74.9,38.8057],[-74.9487,38.8114],[-74.986,38.8258],[-74.9788,38.8485],[-74.927,38.8797],[-74.8927,38.9225],[-74.8759,38.9769],[-74.8413,39.0236],[-74.7889,39.0624],[-74.7621,39.0896],[-74.761,39.1051],[-74.7679,39.1191],[-74.7826,39.1317],[-74.81,39.1389],[-74.85,39.1406],[-74.91,39.1193],[-74.99,39.0748],[-75.05,39.0518],[-75.09,39.0505],[-75.125,39.044],[-75.155,39.0321],[-75.24,38.9779],[-75.38,38.8813],[-75.465,38.8434],[-75.495,38.8644],[-75.525,38.8742],[-75.555,38.873],[-75.578,38.8664],[-75.5939,38.8545],[-75.6089,38.8292],[-75.623,38.7906],[-75.66,38.77],[-75.72,38.7673],[-75.8675,38.7086],[-76.1026,38.5938],[-76.2272,38.5206],[-76.2414,38.4893],[-76.2132,38.4619],[-76.1424,38.4384],[-76.0878,38.4042],[-76.0493,38.3593],[-75.98,38.3395],[-75.88,38.3448],[-75.8009,38.3555],[-75.7428,38.3716],[-75.7199,38.3718],[-75.7323,38.3561],[-75.763,38.3365],[-75.8119,38.313],[-75.8422,38.2895],[-75.8538,38.2659],[-75.8772,38.2628],[-75.9124,38.2802],[-75.955,38.2878],[-76.005,38.2858],[-76.105,38.2533],[-76.255,38.1905],[-76.44,38.1652],[-76.66,38.1774],[-76.8583,38.15],[-77.0348,38.0831],[-77.2198,38.0251],[-77.4133,37.9759],[-77.5344,37.9128],[-77.5831,37.8358],[-77.6201,37.7893],[-77.6453,37.7735],[-77.7959,37.7363],[-78.072,37.6776],[-78.2999,37.6103],[-78.4797,37.5343],[-78.6047,37.496],[-78.6749,37.4956],[-78.75,37.5077],[-78.83,37.5326],[-78.915,37.5446],[-79.005,37.5437],[-79.11,37.5011],[-79.23,37.4165],[-79.3143,37.3452],[-79.3629,37.287],[-79.4279,37.2323],[-79.5093,37.1811],[-79.685,37.1],[-79.955,36.9887],[-80.24,36.9145],[-80.54,36.8776],[-80.74,36.8439],[-80.84,36.8133],[-80.91,36.7842],[-80.95,36.7566],[-81.065,36.7197],[-81.255,36.6733],[-81.36,36.6434],[-81.38,36.63],[-81.3983,36.606],[-81.415,36.5714],[-81.44,36.5458],[-81.4733,36.5291],[-81.585,36.4957],[-81.775,36.4455],[-82.025,36.3954],[-82.335,36.3455],[-82.575,36.2764],[-82.745,36.1881],[-82.855,36.1167],[-82.905,36.0621],[-82.995,36.0027],[-83.125,35.9387],[-83.22,35.904],[-83.28,35.8986],[-83.3572,35.8546],[-83.4517,35.7718],[-83.5052,35.706],[-83.5178,35.6573],[-83.5506,35.5964],[-83.6035,35.5233],[-83.695,35.4714],[-83.825,35.4406],[-83.9019,35.416],[-83.9257,35.3978],[-83.9557,35.36],[-83.9919,35.3025],[-84.0562,35.2576],[-84.1485,35.2253],[-84.2135,35.1928],[-84.2512,35.1601],[-84.305,35.1275],[-84.375,35.095],[-84.4648,35.0664],[-84.5745,35.0416],[-84.6335,35.0128],[-84.6418,34.98],[-84.672,34.9533],[-84.724,34.9327],[-84.7722,34.8999],[-84.8166,34.8549],[-84.8716,34.8144],[-84.9372,34.7785],[-85.03,34.7521],[-85.15,34.7351],[-85.235,34.7421],[-85.285,34.7731],[-85.3197,34.7831],[-85.339,34.7722],[-85.359,34.7421],[-85.3797,34.6929],[-85.4011,34.6723],[-85.4233,34.6804],[-85.4419,34.7009],[-85.4568,34.7338],[-85.4807,34.7556],[-85.5136,34.7662],[-85.5764,34.7539],[-85.6692,34.7186],[-85.8092,34.6829],[-85.9964,34.6467],[-86.0962,34.6303],[-86.1087,34.6335],[-86.1133,34.6393],[-86.1099,34.6475],[-86.087,34.6722],[-86.0444,34.7133],[-85.9748,34.7531],[-85.8783,34.7916],[-85.8281,34.8162],[-85.8242,34.827],[-85.8292,34.8394],[-85.8431,34.8533],[-85.87,34.8615],[-85.91,34.864],[-85.96,34.8586],[-86.02,34.8454],[-86.095,34.8458],[-86.185,34.86],[-86.26,34.8635],[-86.32,34.8564],[-86.375,34.8572],[-86.425,34.8659],[-86.49,34.8554],[-86.57,34.8257],[-86.675,34.7975],[-86.805,34.7706],[-86.88,34.7605],[-86.9,34.7673],[-86.9133,34.782],[-86.92,34.8047],[-86.8971,34.8283],[-86.8446,34.8529],[-86.824,34.8775],[-86.8351,34.9021],[-86.8244,34.9226],[-86.7918,34.939],[-86.7728,34.9554],[-86.7673,34.9718],[-86.8209,34.9867],[-86.9336,35.0001],[-87.035,34.996],[-87.125,34.9746],[-87.1768,34.9475],[-87.1904,34.9145],[-87.2054,34.896],[-87.2218,34.892],[-87.255,34.8929],[-87.305,34.8987],[-87.345,34.9141],[-87.375,34.9391],[-87.445,34.9386],[-87.555,34.9124],[-87.74,34.9205],[-88.0,34.9629],[-88.155,34.977],[-88.205,34.9628],[-88.295,34.9491],[-88.425,34.936],[-88.5176,34.9134],[-88.5728,34.8813],[-88.6228,34.8607],[-88.6676,34.8515],[-88.715,34.8338],[-88.765,34.8076],[-88.805,34.7934],[-88.835,34.7913],[-88.8646,34.7967],[-88.8937,34.8095],[-88.9004,34.8365]],[[-83.6365,35.4033],[-83.6055,35.4326],[-83.59,35.4336],[-83.59,35.4064],[-83.6055,35.3918],[-83.6365,35.3897],[-83.6365,35.4033]],[[-86.5584,34.7724],[-86.4595,34.8166],[-86.395,34.839],[-86.365,34.8396],[-86.3507,34.8339],[-86.352,34.8219],[-86.397,34.7944],[-86.4857,34.7512],[-86.545,34.7285],[-86.575,34.7263],[-86.5945,34.7314],[-86.6034,34.744],[-86.5584,34.7724]],[[-71.9354,40.7234],[-71.8651,40.7536],[-71.8068,40.7611],[-71.7604,40.7461],[-71.7417,40.731],[-71.7507,40.7159],[-71.7689,40.7038],[-71.7963,40.6947],[-71.835,40.6946],[-71.885,40.7035],[-71.92,40.7042],[-71.94,40.6966],[-71.9551,40.6967],[-71.9654,40.7044],[-71.9354,40.7234]],[[-75.6031,38.8271],[-75.5944,38.8467],[-75.58,38.8612],[-75.56,38.8705],[-75.5354,38.8724],[-75.5063,38.8669],[-75.4843,38.8563],[-75.4694,38.8407],[-75.4684,38.8213],[-75.4811,38.7979],[-75.4981,38.7823],[-75.5194,38.7746],[-75.545,38.7723],[-75.575,38.7755],[-75.5944,38.7872],[-75.6031,38.8073],[-75.6031,38.8271]],[[-75.6383,38.7311],[-75.6328,38.7457],[-75.6,38.757],[-75.54,38.7649],[-75.495,38.7792],[-75.465,38.8],[-75.4269,38.7888],[-75.3807,38.7455],[-75.3757,38.7117],[-75.4119,38.6874],[-75.465,38.6703],[-75.535,38.6605],[-75.5827,38.6609],[-75.6081,38.6716],[-75.6259,38.6887],[-75.636,38.7121],[-75.6383,38.7311]],[[-76.2224,38.508],[-76.1875,38.5452],[-76.065,38.6134],[-75.855,38.7126],[-75.7307,38.7603],[-75.692,38.7568],[-75.6625,38.7355],[-75.6422,38.6965],[-75.6215,38.6697],[-75.6005,38.6551],[-75.5452,38.6551],[-75.4557,38.6697],[-75.3917,38.6887],[-75.3531,38.7121],[-75.3569,38.7394],[-75.4029,38.7706],[-75.4224,38.8018],[-75.4153,38.8329],[-75.3893,38.8563],[-75.3444,38.8719],[-75.3141,38.8952],[-75.2986,38.9264],[-75.2606,38.9608],[-75.2002,38.9984],[-75.155,39.0239],[-75.125,39.0372],[-75.09,39.0445],[-75.05,39.0457],[-74.985,39.0698],[-74.895,39.1169],[-74.8309,39.1335],[-74.7928,39.1197],[-74.7753,39.1012],[-74.7784,39.0779],[-74.8035,39.0546],[-74.8505,39.0313],[-74.8878,38.9847],[-74.9154,38.9147],[-74.9541,38.868],[-75.0039,38.8446],[-75.0077,38.8252],[-74.9654,38.8096],[-74.9107,38.8029],[-74.8436,38.805],[-74.785,38.7967],[-74.735,38.7778],[-74.63,38.7639],[-74.47,38.7552],[-74.3759,38.7401],[-74.3478,38.7188],[-74.3428,38.6956],[-74.3609,38.6705],[-74.415,38.6475],[-74.505,38.6267],[-74.59,38.5961],[-74.67,38.5558],[-74.735,38.5338],[-74.785,38.5303],[-74.83,38.5329],[-74.87,38.5417],[-74.91,38.5376],[-74.95,38.5205],[-75.0212,38.5102],[-75.1235,38.5067],[-75.2035,38.4978],[-75.2612,38.4833],[-75.35,38.4757],[-75.47,38.4749],[-75.565,38.4515],[-75.635,38.4054],[-75.685,38.3843],[-75.715,38.3882],[-75.755,38.3804],[-75.805,38.3611],[-75.88,38.3491],[-75.98,38.3445],[-76.045,38.363],[-76.075,38.4045],[-76.12,38.4331],[-76.18,38.4487],[-76.2175,38.4647],[-76.2324,38.4811],[-76.2224,38.508]]]}},{"type":"Feature","properties":{"c":"#00fb90","v0":0.04,"v1":0.05},"geometry":{"type":"Polygon","coordinates":[[[-69.154,40.2408],[-69.138,40.2491],[-69.1206,40.2491],[-69.1019,40.2408],[-69.1069,40.2327],[-69.1356,40.225],[-69.153,40.225],[-69.159,40.2327],[-69.154,40.2408]]]}},{"type":"Feature","properties":{"c":"#00fb90","v0":0.04,"v1":0.05},"geometry":{"type":"Polygon","coordinates":[[[-72.8188,39.9654],[-72.7596,40.0044],[-72.715,40.0225],[-72.685,40.0198],[-72.6581,40.0118],[-72.6344,39.9985],[-72.6258,39.9804],[-72.6323,39.9574],[-72.6542,39.9374],[-72.6914,39.9203],[-72.7446,39.9203],[-72.8138,39.9374],[-72.8188,39.9654]],[[-72.799,39.9689],[-72.7899,39.9842],[-72.7715,39.9986],[-72.7438,40.0121],[-72.7135,40.0159],[-72.6805,40.0101],[-72.6577,39.9995],[-72.645,39.9842],[-72.6418,39.9689],[-72.6483,39.9536],[-72.6661,39.9388],[-72.6954,39.9246],[-72.7265,39.9208],[-72.7595,39.9273],[-72.7829,39.9382],[-72.7967,39.9536],[-72.799,39.9689]]]}},{"type":"Feature","properties":{"c":"#00fb90","v0":0.04,"v1":0.05},"geometry":{"type":"Polygon","coordinates":[[[-69.9432,39.8346],[-69.9269,39.8577],[-69.8929,39.8692],[-69.8412,39.8692],[-69.839,39.8573],[-69.8863,39.8334],[-69.9203,39.8219],[-69.941,39.8227],[-69.9432,39.8346]],[[-69.9051,39.8538],[-69.8863,39.8538],[-69.8851,39.8499],[-69.9017,39.8421],[-69.9111,39.8421],[-69.9134,39.8499],[-69.9051,39.8538]]]}},{"type":"Feature","properties":{"c":"#00fb90","v0":0.04,"v1":0.05},"geometry":{"type":"Polygon","coordinates":[[[-74.5269,39.2365],[-74.5156,39.2668],[-74.495,39.2884],[-74.465,39.3013],[-74.3779,39.3017],[-74.2338,39.2895],[-74.1888,39.2603],[-74.2429,39.2143],[-74.29,39.1853],[-74.33,39.1733],[-74.3819,39.1692],[-74.4457,39.173],[-74.4914,39.1865],[-74.5188,39.2098],[-74.5269,39.2365]],[[-74.5153,39.233],[-74.5064,39.2563],[-74.4839,39.2768],[-74.448,39.2946],[-74.4,39.3022],[-74.34,39.2996],[-74.2915,39.2907],[-74.2545,39.2755],[-74.2431,39.2524],[-74.2574,39.2214],[-74.2858,39.1976],[-74.3286,39.1811],[-74.38,39.1742],[-74.44,39.1768],[-74.4824,39.189],[-74.5073,39.2106],[-74.5153,39.233]]]}},{"type":"Feature","properties":{"c":"#00fb90","v0":0.04,"v1":0.05},"geometry":{"type":"Polygon","coordinates":[[[-75.71,39.1981],[-75.7015,39.2136],[-75.6805,39.2282],[-75.6468,39.2417],[-75.615,39.2481],[-75.585,39.2474],[-75.5605,39.2407],[-75.5416,39.2278],[-75.5381,39.2059],[-75.5501,39.1749],[-75.5695,39.1533],[-75.5965,39.141],[-75.625,39.1374],[-75.655,39.1425],[-75.681,39.1564],[-75.7031,39.1791],[-75.71,39.1981]],[[-75.6953,39.1981],[-75.6888,39.2136],[-75.6717,39.2273],[-75.6439,39.2391],[-75.6137,39.243],[-75.5812,39.2389],[-75.5598,39.2291],[-75.5497,39.2136],[-75.5509,39.1943],[-75.5635,39.171],[-75.5799,39.1553],[-75.6,39.147],[-75.625,39.1461],[-75.655,39.1525],[-75.6771,39.1644],[-75.6914,39.1817],[-75.6953,39.1981]]]}},{"type":"Feature","properties":{"c":"#00fb90","v0":0.04,"v1":0.05},"geometry":{"type":"Polygon","coordinates":[[[-74.9061,38.3775],[-74.882,38.4047],[-74.845,38.4157],[-74.795,38.4108],[-74.74,38.4222],[-74.68,38.4497],[-74.615,38.4621],[-74.545,38.4591],[-74.4971,38.4499],[-74.4714,38.4344],[-74.4664,38.4126],[-74.4821,38.3844],[-74.52,38.3626],[-74.58,38.3471],[-74.625,38.339],[-74.655,38.3382],[-74.69,38.3469],[-74.73,38.365],[-74.765,38.3643],[-74.795,38.3446],[-74.82,38.3341],[-74.84,38.3327],[-74.867,38.34],[-74.9011,38.356],[-74.9061,38.3775]],[[-74.7375,38.4062],[-74.7192,38.428],[-74.695,38.4438],[-74.665,38.4537],[-74.615,38.457],[-74.545,38.4537],[-74.4995,38.4418],[-74.4785,38.4213],[-74.4785,38.3994],[-74.4995,38.3761],[-74.54,38.3583],[-74.6,38.3459],[-74.6461,38.3419],[-74.6783,38.3462],[-74.7075,38.3601],[-74.7336,38.3836],[-74.7375,38.4062]],[[-74.9046,38.3718],[-74.8993,38.3875],[-74.885,38.4013],[-74.8617,38.4133],[-74.8307,38.4133],[-74.792,38.4013],[-74.7734,38.3875],[-74.7749,38.3718],[-74.7843,38.3576],[-74.8014,38.3448],[-74.825,38.3385],[-74.855,38.3388],[-74.8793,38.3452],[-74.8979,38.3577],[-74.9046,38.3718]]]}},{"type":"Feature","properties":{"c":"#00fb90","v0":0.04,"v1":0.05},"geometry":{"type":"Polygon","coordinates":[[[-79.2631,35.4594],[-79.241,35.4705],[-79.2187,35.4705],[-79.196,35.4594],[-79.196,35.447],[-79.2187,35.4333],[-79.241,35.4333],[-79.2631,35.447],[-79.2631,35.4594]],[[-79.2601,35.4589],[-79.24,35.469],[-79.2196,35.469],[-79.1987,35.4589],[-79.1987,35.4476],[-79.2196,35.4349],[-79.24,35.4349],[-79.2601,35.4476],[-79.2601,35.4589]]]}},{"type":"Feature","properties":{"c":"#00fb90","v0":0.04,"v1":0.05},"geometry":{"type":"Polygon","coordinates":[[[-80.2921,35.2808],[-80.2774,35.2935],[-80.2623,35.2935],[-80.247,35.2808],[-80.247,35.2678],[-80.2623,35.2545],[-80.2774,35.2545],[-80.2921,35.2678],[-80.2921,35.2808]],[[-80.2899,35.2801],[-80.2766,35.2914],[-80.2631,35.2914],[-80.2492,35.2801],[-80.2492,35.2684],[-80.2631,35.2563],[-80.2766,35.2563],[-80.2899,35.2684],[-80.2899,35.2801]]]}},{"type":"Feature","properties":{"c":"#00fb90","v0":0.04,"v1":0.05},"geometry":{"type":"Polygon","coordinates":[[[-96.2498,35.0865],[-96.2349,35.1028],[-96.2161,35.111],[-96.1935,35.111],[-96.201,35.1028],[-96.2386,35.0865],[-96.2498,35.0865]],[[-96.2281,35.0987],[-96.2052,35.1069],[-96.1978,35.1058],[-96.2059,35.0955],[-96.2174,35.0914],[-96.2322,35.0936],[-96.2281,35.0987]]]}},{"type":"Feature","properties":{"c":"#00fb90","v0":0.04,"v1":0.05},"geometry":{"type":"Polygon","coordinates":[[[-96.3342,35.0497],[-96.3314,35.058],[-96.3215,35.0621],[-96.3045,35.062],[-96.3059,35.0578],[-96.3257,35.0496],[-96.3342,35.0497]]]}},{"type":"Feature","properties":{"c":"#00fb90","v0":0.04,"v1":0.05},"geometry":{"type":"Polygon","coordinates":[[[-103.6779,29.3544],[-103.5827,29.4764],[-103.4634,29.5895],[-103.3201,29.6938],[-103.1038,29.821],[-102.8146,29.9711],[-102.645,30.0667],[-102.595,30.1078],[-102.515,30.1574],[-102.405,30.2154],[-102.305,30.2634],[-102.215,30.3015],[-102.09,30.339],[-101.93,30.3759],[-101.815,30.4074],[-101.745,30.4335],[-101.675,30.4765],[-101.605,30.5362],[-101.535,30.5798],[-101.465,30.6075],[-101.415,30.6199],[-101.385,30.6172],[-101.34,30.6027],[-101.28,30.5764],[-101.21,30.5625],[-101.13,30.5609],[-101.02,30.5936],[-100.88,30.6606],[-100.78,30.6929],[-100.72,30.6904],[-100.655,30.7048],[-100.585,30.7363],[-100.525,30.7553],[-100.475,30.7617],[-100.42,30.7824],[-100.36,30.8174],[-100.3,30.8409],[-100.24,30.8527],[-100.185,30.8754],[-100.135,30.9088],[-100.085,30.9646],[-100.035,31.0428],[-99.985,31.0811],[-99.935,31.0794],[-99.8654,31.0989],[-99.7763,31.1394],[-99.7097,31.1854],[-99.6657,31.2367],[-99.6296,31.3051],[-99.6015,31.3905],[-99.5712,31.4545],[-99.5386,31.4971],[-99.5162,31.5696],[-99.5039,31.6718],[-99.5063,31.7739],[-99.5235,31.8758],[-99.5215,31.9863],[-99.5005,32.1051],[-99.47,32.1816],[-99.43,32.2159],[-99.4041,32.2285],[-99.3923,32.2194],[-99.3823,32.1942],[-99.3741,32.1527],[-99.355,32.1327],[-99.325,32.1343],[-99.3005,32.1466],[-99.2815,32.1696],[-99.277,32.2022],[-99.2868,32.2445],[-99.2863,32.2758],[-99.2754,32.2959],[-99.2636,32.3044],[-99.2508,32.3011],[-99.2454,32.2784],[-99.2473,32.2361],[-99.2387,32.2092],[-99.2196,32.1978],[-99.2,32.1947],[-99.18,32.2],[-99.135,32.2468],[-99.065,32.335],[-99.015,32.3887],[-98.9851,32.4081],[-98.9678,32.46],[-98.963,32.5443],[-98.9419,32.6201],[-98.9044,32.6875],[-98.8854,32.759],[-98.8848,32.8347],[-98.859,32.9355],[-98.8079,33.0613],[-98.7774,33.1576],[-98.7675,33.2246],[-98.7469,33.2789],[-98.7156,33.3207],[-98.6888,33.3875],[-98.6664,33.4794],[-98.6384,33.5419],[-98.6046,33.5752],[-98.5483,33.671],[-98.4693,33.829],[-98.3849,33.9423],[-98.295,34.011],[-98.2106,34.0525],[-98.1319,34.0666],[-98.0619,34.1295],[-98.0006,34.2409],[-97.9269,34.3194],[-97.8408,34.3651],[-97.7958,34.4086],[-97.7919,34.4501],[-97.77,34.4654],[-97.73,34.4546],[-97.7,34.4514],[-97.68,34.4558],[-97.6652,34.4817],[-97.6556,34.5291],[-97.6407,34.5693],[-97.6204,34.6022],[-97.5602,34.6489],[-97.4601,34.7093],[-97.375,34.784],[-97.305,34.873],[-97.23,34.9407],[-97.15,34.9871],[-97.095,34.9977],[-97.065,34.9726],[-97.02,34.9544],[-96.96,34.9431],[-96.915,34.9415],[-96.885,34.9497],[-96.8489,34.9357],[-96.8067,34.8997],[-96.7867,34.8759],[-96.7889,34.8646],[-96.81,34.8518],[-96.85,34.8375],[-96.8773,34.8226],[-96.892,34.8072],[-96.9144,34.7708],[-96.9448,34.7133],[-96.9613,34.6598],[-96.9639,34.6104],[-96.9214,34.5929],[-96.8338,34.6071],[-96.76,34.6111],[-96.7,34.6049],[-96.62,34.6255],[-96.52,34.6729],[-96.45,34.6872],[-96.41,34.6685],[-96.355,34.6684],[-96.285,34.6871],[-96.225,34.6968],[-96.175,34.6974],[-96.115,34.7178],[-96.045,34.7578],[-95.9963,34.7627],[-95.9688,34.7325],[-95.9497,34.6927],[-95.9392,34.6434],[-95.9423,34.5816],[-95.9591,34.5075],[-96.0453,34.392],[-96.201,34.2351],[-96.2916,34.1139],[-96.3172,34.0287],[-96.3484,33.9749],[-96.3852,33.9523],[-96.3997,33.9162],[-96.3918,33.8664],[-96.4033,33.8296],[-96.4344,33.8059],[-96.4703,33.7892],[-96.511,33.7797],[-96.561,33.7342],[-96.6203,33.6526],[-96.695,33.5757],[-96.785,33.5037],[-96.8356,33.4403],[-96.8468,33.3857],[-96.876,33.3249],[-96.9233,33.258],[-96.9512,33.2078],[-96.9598,33.1744],[-97.0235,33.1115],[-97.1424,33.0194],[-97.2052,32.9439],[-97.2119,32.8851],[-97.2035,32.8431],[-97.1797,32.8179],[-97.1484,32.8029],[-97.1095,32.798],[-97.065,32.8052],[-97.015,32.8243],[-96.97,32.8328],[-96.93,32.8307],[-96.88,32.8482],[-96.82,32.8853],[-96.7806,32.8792],[-96.7619,32.8299],[-96.7299,32.7969],[-96.6848,32.78],[-96.6564,32.7506],[-96.6447,32.7085],[-96.6267,32.6709],[-96.6022,32.6377],[-96.54,32.6214],[-96.44,32.6219],[-96.3687,32.6512],[-96.3261,32.7091],[-96.3001,32.7548],[-96.2906,32.7885],[-96.2298,32.8515],[-96.1177,32.9439],[-96.055,33.0194],[-96.0419,33.078],[-96.0482,33.1325],[-96.0742,33.1827],[-96.0829,33.2244],[-96.0743,33.2576],[-96.035,33.2654],[-95.965,33.2479],[-95.89,33.2606],[-95.81,33.3037],[-95.74,33.3135],[-95.68,33.29],[-95.6416,33.269],[-95.6248,33.2505],[-95.6118,33.2287],[-95.6027,33.2036],[-95.6044,33.166],[-95.6167,33.1157],[-95.6147,33.0713],[-95.5982,33.0326],[-95.5718,33.0074],[-95.5354,32.9958],[-95.5154,32.9673],[-95.5118,32.922],[-95.495,32.8948],[-95.465,32.8859],[-95.425,32.8891],[-95.375,32.9043],[-95.33,32.9106],[-95.29,32.9079],[-95.2391,32.9274],[-95.1774,32.9691],[-95.1274,33.0271],[-95.0891,33.1013],[-95.055,33.1312],[-95.025,33.1167],[-94.995,33.1174],[-94.965,33.1333],[-94.937,33.1621],[-94.911,33.2038],[-94.891,33.2503],[-94.877,33.3018],[-94.835,33.3177],[-94.765,33.2978],[-94.69,33.3194],[-94.61,33.3825],[-94.53,33.4129],[-94.45,33.4108],[-94.4,33.4151],[-94.38,33.4257],[-94.3329,33.4671],[-94.2588,33.5392],[-94.2288,33.5831],[-94.2429,33.5987],[-94.275,33.5951],[-94.325,33.5723],[-94.3645,33.5644],[-94.3935,33.5716],[-94.3985,33.597],[-94.3795,33.6405],[-94.345,33.6854],[-94.295,33.7318],[-94.26,33.7477],[-94.24,33.7331],[-94.2282,33.7089],[-94.2247,33.6753],[-94.2147,33.6506],[-94.1982,33.6348],[-94.18,33.6285],[-94.16,33.6317],[-94.135,33.6459],[-94.105,33.6711],[-94.0739,33.6815],[-94.0417,33.6773],[-94.0067,33.6618],[-93.9689,33.635],[-93.93,33.6398],[-93.89,33.6762],[-93.84,33.6948],[-93.78,33.6956],[-93.7293,33.6575],[-93.6879,33.5805],[-93.6479,33.5303],[-93.6093,33.507],[-93.565,33.4924],[-93.515,33.4864],[-93.4784,33.473],[-93.4553,33.4522],[-93.4402,33.4251],[-93.4331,33.3917],[-93.4347,33.3681],[-93.4449,33.3542],[-93.49,33.3633],[-93.57,33.3953],[-93.63,33.4141],[-93.67,33.4198],[-93.7001,33.4191],[-93.7203,33.412],[-93.7285,33.3792],[-93.7246,33.3207],[-93.7085,33.2789],[-93.68,33.2538],[-93.6669,33.2258],[-93.669,33.1949],[-93.6914,33.1698],[-93.7341,33.1505],[-93.7547,33.1199],[-93.7531,33.078],[-93.7775,33.0194],[-93.8281,32.9439],[-93.8915,32.8809],[-93.9679,32.8305],[-94.017,32.7842],[-94.0388,32.7422],[-94.0898,32.6749],[-94.1701,32.5822],[-94.2301,32.4821],[-94.27,32.3744],[-94.31,32.3171],[-94.35,32.3102],[-94.4,32.2817],[-94.46,32.2316],[-94.54,32.2072],[-94.64,32.2086],[-94.725,32.1938],[-94.795,32.1629],[-94.8609,32.1092],[-94.9227,32.0329],[-94.9927,31.9707],[-95.0709,31.9228],[-95.155,31.8517],[-95.245,31.7575],[-95.345,31.6866],[-95.455,31.6392],[-95.575,31.541],[-95.705,31.3921],[-95.7766,31.3251],[-95.7897,31.3402],[-95.7863,31.3649],[-95.7662,31.399],[-95.7546,31.4314],[-95.7515,31.4619],[-95.76,31.4814],[-95.78,31.4896],[-95.815,31.4883],[-95.865,31.4773],[-95.8923,31.4877],[-95.8969,31.5196],[-95.9069,31.5429],[-95.9223,31.5576],[-95.945,31.5656],[-95.975,31.5667],[-96.01,31.5531],[-96.05,31.5247],[-96.1,31.5182],[-96.16,31.5337],[-96.23,31.5295],[-96.31,31.5056],[-96.375,31.5039],[-96.425,31.5244],[-96.4852,31.5264],[-96.5556,31.5097],[-96.6027,31.4886],[-96.6266,31.463],[-96.6372,31.4118],[-96.6345,31.335],[-96.6118,31.2623],[-96.5692,31.1939],[-96.5498,31.1426],[-96.5538,31.1083],[-96.5744,31.0738],[-96.6115,31.0389],[-96.645,31.0347],[-96.675,31.0611],[-96.715,31.0717],[-96.765,31.0666],[-96.7986,31.0837],[-96.8157,31.123],[-96.8319,31.1469],[-96.8474,31.1554],[-96.8839,31.1602],[-96.9413,31.1611],[-96.985,31.1494],[-97.015,31.125],[-97.055,31.1218],[-97.105,31.14],[-97.1377,31.1474],[-97.1532,31.1442],[-97.1652,31.1169],[-97.1738,31.0655],[-97.1738,31.0055],[-97.1652,30.9369],[-97.1682,30.9001],[-97.1827,30.8952],[-97.22,30.9025],[-97.28,30.922],[-97.3322,30.9031],[-97.3767,30.8455],[-97.4001,30.8125],[-97.4025,30.8039],[-97.3925,30.791],[-97.37,30.7738],[-97.3614,30.748],[-97.3664,30.7136],[-97.3579,30.6663],[-97.3357,30.6061],[-97.331,30.5682],[-97.3437,30.5528],[-97.3681,30.5399],[-97.4042,30.5295],[-97.4099,30.5028],[-97.3852,30.4597],[-97.3772,30.4348],[-97.3857,30.4282],[-97.4185,30.4239],[-97.4754,30.4219],[-97.5,30.4597],[-97.4924,30.5372],[-97.4663,30.6147],[-97.4216,30.6921],[-97.4004,30.7437],[-97.4025,30.7695],[-97.419,30.7996],[-97.4499,30.8339],[-97.483,30.9112],[-97.5183,31.0312],[-97.5471,31.1041],[-97.5695,31.1297],[-97.5645,31.1939],[-97.532,31.2965],[-97.5368,31.3691],[-97.5789,31.4118],[-97.6075,31.4487],[-97.6225,31.4797],[-97.643,31.501],[-97.669,31.5126],[-97.679,31.5275],[-97.673,31.5457],[-97.645,31.5639],[-97.595,31.5821],[-97.5663,31.6028],[-97.5588,31.6261],[-97.5688,31.6456],[-97.5963,31.6615],[-97.68,31.6324],[-97.82,31.5583],[-97.9518,31.4566],[-98.0753,31.3271],[-98.1978,31.1811],[-98.3192,31.0184],[-98.3908,30.8983],[-98.4124,30.8211],[-98.4463,30.7566],[-98.4925,30.705],[-98.5366,30.6276],[-98.5786,30.5243],[-98.6283,30.4424],[-98.6856,30.3821],[-98.7115,30.3303],[-98.7061,30.2871],[-98.7125,30.2396],[-98.7309,30.1877],[-98.7594,30.1359],[-98.7981,30.084],[-98.8294,30.0277],[-98.8533,29.9671],[-98.8894,29.9194],[-98.9376,29.8847],[-98.9763,29.811],[-99.0055,29.6981],[-99.0856,29.5808],[-99.2169,29.4589],[-99.2994,29.3648],[-99.3331,29.2986],[-99.38,29.2632],[-99.44,29.2589],[-99.4975,29.2658],[-99.5526,29.2842],[-99.5789,29.3021],[-99.5766,29.3195],[-99.545,29.3587],[-99.4841,29.4197],[-99.4528,29.4648],[-99.4509,29.4939],[-99.46,29.5145],[-99.48,29.5267],[-99.5172,29.5208],[-99.5716,29.497],[-99.6266,29.5157],[-99.6822,29.577],[-99.74,29.5949],[-99.8,29.5693],[-99.8473,29.5343],[-99.882,29.4899],[-99.927,29.4517],[-99.9823,29.4199],[-100.04,29.3914],[-100.1,29.3661],[-100.1467,29.3602],[-100.18,29.3738],[-100.1966,29.4023],[-100.1966,29.4459],[-100.1749,29.4774],[-100.1316,29.4969],[-100.106,29.5186],[-100.098,29.5427],[-100.0978,29.5851],[-100.1055,29.646],[-100.1196,29.6981],[-100.1403,29.7415],[-100.1521,29.8023],[-100.1551,29.8804],[-100.1599,29.9266],[-100.1666,29.9411],[-100.18,29.9502],[-100.2,29.9541],[-100.245,29.9312],[-100.315,29.8815],[-100.43,29.8209],[-100.59,29.7492],[-100.715,29.6798],[-100.805,29.6129],[-100.8754,29.5602],[-100.9261,29.5217],[-100.9761,29.4704],[-101.0254,29.4063],[-101.1154,29.3279],[-101.2461,29.2351],[-101.3261,29.1627],[-101.3554,29.1109],[-101.385,29.0897],[-101.415,29.0991],[-101.445,29.1002],[-101.475,29.093],[-101.5145,29.0574],[-101.5635,28.9934],[-101.5898,28.9439],[-101.5934,28.9089],[-101.5839,28.884],[-101.5613,28.8692],[-101.54,28.8633],[-101.52,28.8663],[-101.47,28.8973],[-101.39,28.9565],[-101.3385,28.9712],[-101.3155,28.9413],[-101.3112,28.9132],[-101.3254,28.887],[-101.3569,28.8546],[-101.4056,28.816],[-101.4582,28.7897],[-101.5145,28.7757],[-101.5695,28.7362],[-101.6232,28.6713],[-101.68,28.6392],[-101.74,28.64],[-101.795,28.612],[-101.845,28.5552],[-101.895,28.5271],[-101.945,28.5276],[-102.0136,28.4651],[-102.1009,28.3395],[-102.2009,28.2449],[-102.3136,28.1814],[-102.3805,28.1814],[-102.4015,28.2449],[-102.4118,28.303],[-102.4113,28.3559],[-102.3958,28.4245],[-102.3653,28.5091],[-102.3221,28.5706],[-102.2662,28.6091],[-102.2289,28.6459],[-102.2101,28.681],[-102.2044,28.7205],[-102.2119,28.7643],[-102.2112,28.8257],[-102.2025,28.9045],[-102.2111,28.9686],[-102.237,29.0181],[-102.27,29.0425],[-102.31,29.0416],[-102.375,29.0082],[-102.465,28.942],[-102.525,28.9068],[-102.555,28.9026],[-102.5924,28.9113],[-102.6371,28.933],[-102.6534,28.9876],[-102.6413,29.0751],[-102.6389,29.1285],[-102.6463,29.148],[-102.665,29.1623],[-102.695,29.1714],[-102.73,29.1722],[-102.77,29.1648],[-102.81,29.1743],[-102.85,29.2005],[-102.885,29.2154],[-102.915,29.219],[-102.985,29.1816],[-103.095,29.1031],[-103.225,29.0306],[-103.375,28.9639],[-103.4625,28.9295],[-103.4874,28.9274],[-103.4824,28.9789],[-103.4477,29.0838],[-103.3986,29.1624],[-103.3353,29.2148],[-103.3002,29.2585],[-103.2933,29.2934],[-103.3099,29.3161],[-103.35,29.3268],[-103.415,29.3152],[-103.505,29.2812],[-103.575,29.2605],[-103.625,29.2528],[-103.665,29.252],[-103.695,29.258],[-103.7139,29.2691],[-103.7217,29.2853],[-103.6779,29.3544]],[[-103.6656,29.3532],[-103.5752,29.4728],[-103.4579,29.5859],[-103.3138,29.6926],[-103.0938,29.8229],[-102.7979,29.9766],[-102.63,30.0712],[-102.59,30.1067],[-102.515,30.1534],[-102.405,30.2113],[-102.3042,30.2595],[-102.2127,30.2981],[-102.0877,30.3357],[-101.9292,30.3725],[-101.815,30.4039],[-101.745,30.43],[-101.675,30.4729],[-101.605,30.5326],[-101.535,30.5766],[-101.465,30.605],[-101.415,30.6176],[-101.385,30.6147],[-101.34,30.5995],[-101.28,30.5722],[-101.21,30.5577],[-101.13,30.556],[-101.025,30.5869],[-100.895,30.6503],[-100.795,30.6827],[-100.725,30.6841],[-100.6544,30.7006],[-100.5831,30.7322],[-100.5231,30.7506],[-100.4744,30.7557],[-100.42,30.7745],[-100.36,30.8068],[-100.315,30.8237],[-100.285,30.825],[-100.25,30.8353],[-100.21,30.8544],[-100.1656,30.8822],[-100.1167,30.9187],[-100.0667,30.9711],[-100.0156,31.0393],[-99.975,31.0726],[-99.945,31.0708],[-99.905,31.0771],[-99.855,31.0916],[-99.8033,31.1141],[-99.75,31.1445],[-99.7004,31.1854],[-99.6544,31.2367],[-99.616,31.3083],[-99.5853,31.4],[-99.5566,31.464],[-99.5299,31.5003],[-99.5109,31.5696],[-99.4997,31.6718],[-99.5028,31.7739],[-99.5202,31.8758],[-99.5191,31.9836],[-99.4997,32.0971],[-99.4832,32.1648],[-99.4697,32.1869],[-99.4497,32.2047],[-99.4232,32.2183],[-99.4,32.1996],[-99.38,32.1486],[-99.355,32.1251],[-99.325,32.1289],[-99.295,32.1479],[-99.265,32.182],[-99.235,32.1962],[-99.205,32.1906],[-99.134,32.2454],[-99.0221,32.3603],[-98.9638,32.46],[-98.9591,32.5443],[-98.9379,32.6201],[-98.9001,32.6875],[-98.8801,32.759],[-98.8779,32.8347],[-98.8518,32.9355],[-98.8017,33.0613],[-98.7719,33.1576],[-98.7623,33.2246],[-98.7421,33.2789],[-98.7114,33.3207],[-98.6845,33.3864],[-98.6615,33.4759],[-98.6335,33.5385],[-98.6005,33.5741],[-98.5439,33.671],[-98.4636,33.829],[-98.3801,33.9411],[-98.2934,34.0075],[-98.22,34.0422],[-98.16,34.0453],[-98.12,34.0519],[-98.1,34.0622],[-98.0596,34.1227],[-97.9988,34.2335],[-97.9254,34.3095],[-97.8393,34.3508],[-97.7897,34.3939],[-97.7766,34.439],[-97.755,34.4569],[-97.725,34.4476],[-97.6993,34.4458],[-97.6778,34.4512],[-97.6528,34.4942],[-97.6243,34.5747],[-97.56,34.6447],[-97.46,34.7042],[-97.375,34.779],[-97.305,34.8691],[-97.235,34.932],[-97.165,34.9678],[-97.085,34.9728],[-96.995,34.9471],[-96.93,34.9379],[-96.89,34.9452],[-96.85,34.9321],[-96.8101,34.8984],[-96.7901,34.8772],[-96.79,34.8685],[-96.81,34.8573],[-96.85,34.8437],[-96.8785,34.8275],[-96.8954,34.8089],[-96.9187,34.7708],[-96.9484,34.7133],[-96.9649,34.6586],[-96.9683,34.6068],[-96.93,34.5878],[-96.85,34.6016],[-96.775,34.6059],[-96.705,34.6009],[-96.62,34.6216],[-96.52,34.6679],[-96.45,34.6821],[-96.41,34.6642],[-96.355,34.6644],[-96.285,34.6827],[-96.22,34.6929],[-96.16,34.6951],[-96.1,34.7147],[-96.04,34.7516],[-95.9978,34.7569],[-95.9734,34.7306],[-95.9556,34.6927],[-95.9444,34.6434],[-95.9466,34.5831],[-95.9622,34.512],[-96.049,34.3966],[-96.2069,34.2366],[-96.2969,34.1183],[-96.319,34.042],[-96.3489,33.9922],[-96.3866,33.9692],[-96.4067,33.9245],[-96.4091,33.8581],[-96.4444,33.8124],[-96.5125,33.7874],[-96.5724,33.7363],[-96.6241,33.659],[-96.6983,33.5799],[-96.7948,33.499],[-96.8465,33.4335],[-96.8535,33.3834],[-96.8802,33.3249],[-96.9268,33.258],[-96.9546,33.2078],[-96.9634,33.1744],[-97.0292,33.1115],[-97.1518,33.0194],[-97.2161,32.9439],[-97.2219,32.8851],[-97.2111,32.8413],[-97.1837,32.8124],[-97.15,32.7962],[-97.11,32.7926],[-97.065,32.7999],[-97.015,32.8181],[-96.97,32.8265],[-96.93,32.8251],[-96.88,32.8408],[-96.82,32.8737],[-96.7853,32.8689],[-96.776,32.8265],[-96.746,32.7957],[-96.6953,32.7766],[-96.6662,32.7514],[-96.6586,32.72],[-96.6386,32.6824],[-96.6062,32.6385],[-96.5378,32.6175],[-96.4334,32.6193],[-96.3552,32.6665],[-96.3032,32.759],[-96.2604,32.8219],[-96.2268,32.8552],[-96.19,32.8816],[-96.15,32.9011],[-96.1124,32.9306],[-96.0773,32.9702],[-96.0528,33.0194],[-96.039,33.078],[-96.0451,33.1325],[-96.0712,33.1827],[-96.0807,33.2232],[-96.0736,33.2538],[-96.035,33.2608],[-95.965,33.2441],[-95.89,33.2574],[-95.81,33.3009],[-95.745,33.3137],[-95.695,33.296],[-95.6571,33.2757],[-95.6312,33.2528],[-95.6138,33.2287],[-95.6049,33.2036],[-95.6066,33.166],[-95.6189,33.1157],[-95.6163,33.0704],[-95.5988,33.03],[-95.573,33.0048],[-95.5391,32.9949],[-95.5243,32.9732],[-95.5285,32.9397],[-95.5255,32.9157],[-95.5152,32.9014],[-95.495,32.8901],[-95.465,32.8818],[-95.425,32.8847],[-95.375,32.8988],[-95.33,32.905],[-95.29,32.9033],[-95.2376,32.9243],[-95.1727,32.9681],[-95.1227,33.0247],[-95.0876,33.0941],[-95.055,33.1225],[-95.025,33.1101],[-94.9943,33.1131],[-94.9628,33.1316],[-94.9341,33.1618],[-94.9081,33.2036],[-94.8889,33.2489],[-94.8763,33.2974],[-94.835,33.3124],[-94.765,33.2938],[-94.69,33.3157],[-94.61,33.378],[-94.525,33.4106],[-94.435,33.4136],[-94.34,33.4634],[-94.24,33.5597],[-94.18,33.609],[-94.16,33.6114],[-94.135,33.6284],[-94.105,33.6598],[-94.075,33.6738],[-94.045,33.6703],[-94.02,33.6576],[-94.0,33.6358],[-93.98,33.6229],[-93.96,33.6189],[-93.925,33.6378],[-93.875,33.6796],[-93.825,33.6989],[-93.775,33.6957],[-93.7301,33.6561],[-93.6904,33.58],[-93.6504,33.5297],[-93.6101,33.5053],[-93.565,33.4902],[-93.515,33.4843],[-93.4791,33.4714],[-93.4572,33.4517],[-93.4427,33.4293],[-93.4355,33.4042],[-93.4364,33.3819],[-93.4455,33.3622],[-93.49,33.3677],[-93.57,33.3984],[-93.63,33.4164],[-93.67,33.4218],[-93.7009,33.4204],[-93.7227,33.4124],[-93.732,33.3792],[-93.7288,33.3207],[-93.713,33.2789],[-93.6847,33.2538],[-93.6704,33.2275],[-93.6701,33.1999],[-93.6929,33.1748],[-93.7387,33.1522],[-93.7601,33.1199],[-93.7572,33.078],[-93.7812,33.0194],[-93.8322,32.9439],[-93.8922,32.8851],[-93.9611,32.8431],[-94.0508,32.7506],[-94.1611,32.6075],[-94.2347,32.4878],[-94.2716,32.3915],[-94.315,32.3331],[-94.365,32.3126],[-94.415,32.2803],[-94.465,32.2363],[-94.54,32.214],[-94.64,32.2133],[-94.725,32.1971],[-94.795,32.1655],[-94.8619,32.1109],[-94.9257,32.0334],[-94.9957,31.9714],[-95.0719,31.9248],[-95.155,31.8545],[-95.245,31.7604],[-95.345,31.6906],[-95.455,31.6452],[-95.575,31.5495],[-95.705,31.4035],[-95.7735,31.3347],[-95.7806,31.3434],[-95.7739,31.3691],[-95.7535,31.4118],[-95.7434,31.446],[-95.7437,31.4716],[-95.7504,31.4882],[-95.7635,31.496],[-95.7986,31.496],[-95.8558,31.4882],[-95.8893,31.5014],[-95.8992,31.5355],[-95.9156,31.5578],[-95.9385,31.5682],[-95.965,31.5703],[-95.995,31.564],[-96.025,31.5491],[-96.055,31.5255],[-96.1,31.5211],[-96.16,31.5358],[-96.23,31.5317],[-96.31,31.5089],[-96.375,31.5084],[-96.425,31.5302],[-96.485,31.5327],[-96.555,31.516],[-96.6046,31.489],[-96.6338,31.4518],[-96.6454,31.399],[-96.6394,31.3307],[-96.6158,31.2623],[-96.5745,31.1939],[-96.5558,31.1426],[-96.5599,31.1083],[-96.5739,31.0795],[-96.598,31.056],[-96.615,31.041],[-96.625,31.0345],[-96.65,31.0436],[-96.69,31.0684],[-96.73,31.0778],[-96.77,31.0718],[-96.7972,31.0873],[-96.8116,31.1242],[-96.8316,31.1485],[-96.8572,31.1603],[-96.895,31.1658],[-96.945,31.1648],[-96.99,31.1522],[-97.03,31.1279],[-97.075,31.1249],[-97.125,31.1431],[-97.1557,31.1455],[-97.167,31.1322],[-97.1746,31.1041],[-97.1784,31.0612],[-97.1738,31.0184],[-97.1607,30.9755],[-97.157,30.9412],[-97.1628,30.9155],[-97.2017,30.9107],[-97.2739,30.9268],[-97.335,30.9026],[-97.385,30.838],[-97.4233,30.817],[-97.45,30.8398],[-97.4808,30.9112],[-97.5157,31.0312],[-97.5446,31.1041],[-97.5672,31.1297],[-97.5635,31.1982],[-97.5333,31.3093],[-97.5348,31.3777],[-97.568,31.4033],[-97.596,31.4368],[-97.6187,31.4782],[-97.6416,31.5038],[-97.6648,31.5136],[-97.6729,31.527],[-97.6658,31.544],[-97.6353,31.5653],[-97.5815,31.5909],[-97.5556,31.6164],[-97.5577,31.642],[-97.5716,31.6602],[-97.5972,31.6711],[-97.68,31.639],[-97.82,31.5638],[-97.9531,31.4603],[-98.0793,31.3284],[-98.2026,31.1811],[-98.323,31.0184],[-98.3941,30.8983],[-98.416,30.8211],[-98.4503,30.7566],[-98.4968,30.705],[-98.5425,30.625],[-98.5875,30.5164],[-98.6365,30.4346],[-98.6895,30.3794],[-98.7134,30.3303],[-98.7084,30.2871],[-98.715,30.2396],[-98.7331,30.1877],[-98.7597,30.1402],[-98.7949,30.0969],[-98.8265,30.0407],[-98.8546,29.9714],[-98.8925,29.9194],[-98.9403,29.8847],[-98.9764,29.8153],[-99.001,29.7112],[-99.0815,29.5938],[-99.2178,29.4633],[-99.2966,29.3718],[-99.3181,29.3195],[-99.3391,29.286],[-99.3597,29.2714],[-99.395,29.2633],[-99.445,29.2617],[-99.4952,29.2691],[-99.5455,29.2853],[-99.5707,29.3021],[-99.5708,29.3195],[-99.5526,29.3413],[-99.5161,29.3675],[-99.4859,29.3977],[-99.462,29.432],[-99.4498,29.4668],[-99.4495,29.5022],[-99.4595,29.5255],[-99.4798,29.5367],[-99.515,29.5291],[-99.565,29.5027],[-99.62,29.5203],[-99.68,29.5822],[-99.74,29.5997],[-99.8,29.5729],[-99.8479,29.5366],[-99.8838,29.4906],[-99.9288,29.4523],[-99.9829,29.4216],[-100.04,29.3942],[-100.1,29.3703],[-100.145,29.364],[-100.175,29.3754],[-100.1909,29.4027],[-100.1926,29.446],[-100.1726,29.4763],[-100.1309,29.4936],[-100.1054,29.5154],[-100.0962,29.5416],[-100.0951,29.5851],[-100.102,29.646],[-100.1156,29.6981],[-100.136,29.7415],[-100.149,29.8067],[-100.1544,29.8934],[-100.1603,29.9439],[-100.1668,29.9582],[-100.18,29.9657],[-100.2,29.9664],[-100.245,29.9413],[-100.315,29.8904],[-100.43,29.8281],[-100.59,29.7545],[-100.74,29.6653],[-100.88,29.5602],[-100.9797,29.4716],[-101.0391,29.3993],[-101.1316,29.3195],[-101.2573,29.2323],[-101.3326,29.1688],[-101.3575,29.1291],[-101.4,29.107],[-101.46,29.1024],[-101.5137,29.0698],[-101.561,29.0092],[-101.5917,28.957],[-101.6058,28.9132],[-101.6022,28.8826],[-101.5807,28.8652],[-101.555,28.8582],[-101.525,28.8616],[-101.47,28.8902],[-101.39,28.944],[-101.3428,28.9554],[-101.3283,28.9244],[-101.3479,28.8826],[-101.4016,28.83],[-101.4588,28.7967],[-101.5196,28.7825],[-101.5749,28.7431],[-101.6248,28.6783],[-101.6798,28.6473],[-101.7399,28.6502],[-101.795,28.6277],[-101.845,28.5798],[-101.8792,28.5608],[-101.8976,28.5707],[-101.9026,28.6158],[-101.8942,28.6962],[-101.895,28.74],[-101.905,28.7475],[-101.9269,28.7381],[-101.9607,28.7117],[-101.9855,28.6766],[-102.0013,28.6327],[-102.0006,28.5976],[-101.9833,28.5713],[-101.9884,28.5311],[-102.0161,28.4771],[-102.0624,28.4068],[-102.1271,28.32],[-102.2071,28.2477],[-102.3024,28.1898],[-102.355,28.1621],[-102.365,28.1646],[-102.3784,28.1936],[-102.3953,28.249],[-102.4048,28.2986],[-102.4071,28.3427],[-102.3889,28.4131],[-102.3503,28.5098],[-102.3046,28.5757],[-102.2518,28.6108],[-102.2174,28.6415],[-102.2015,28.6678],[-102.1978,28.7073],[-102.2062,28.7599],[-102.2056,28.8257],[-102.196,28.9045],[-102.2035,28.9701],[-102.2281,29.0226],[-102.2577,29.0504],[-102.2926,29.0535],[-102.355,29.0227],[-102.445,28.9581],[-102.51,28.9212],[-102.55,28.912],[-102.5905,28.9165],[-102.6314,28.9348],[-102.6467,28.9876],[-102.6363,29.0751],[-102.6359,29.1308],[-102.6453,29.1548],[-102.665,29.1709],[-102.695,29.1792],[-102.725,29.1805],[-102.755,29.1749],[-102.79,29.1841],[-102.83,29.2081],[-102.865,29.2223],[-102.895,29.2267],[-102.93,29.2216],[-102.97,29.2068],[-103.0327,29.1662],[-103.1182,29.0996],[-103.2382,29.0347],[-103.3927,28.9713],[-103.46,28.9834],[-103.44,29.071],[-103.3961,29.1464],[-103.3284,29.2095],[-103.2901,29.2585],[-103.2812,29.2934],[-103.2951,29.3183],[-103.3317,29.3332],[-103.425,29.3193],[-103.575,29.2764],[-103.6649,29.2602],[-103.6947,29.2707],[-103.7099,29.2803],[-103.7105,29.289],[-103.6656,29.3532]],[[-94.3761,33.613],[-94.332,33.6884],[-94.295,33.7309],[-94.265,33.7403],[-94.2444,33.7151],[-94.2331,33.6552],[-94.2581,33.6105],[-94.3194,33.5812],[-94.362,33.5687],[-94.3861,33.5731],[-94.3761,33.613]],[[-97.4977,30.5028],[-97.486,30.5631],[-97.4599,30.6233],[-97.4196,30.6835],[-97.397,30.7315],[-97.3923,30.7673],[-97.3833,30.7802],[-97.3698,30.7702],[-97.3667,30.7523],[-97.3741,30.7265],[-97.3658,30.6772],[-97.3419,30.6044],[-97.3543,30.557],[-97.403,30.5352],[-97.418,30.501],[-97.3993,30.4545],[-97.415,30.4281],[-97.465,30.422],[-97.4934,30.4323],[-97.5002,30.4592],[-97.4977,30.5028]],[[-99.2767,32.2737],[-99.2722,32.2897],[-99.266,32.2939],[-99.2579,32.2864],[-99.2579,32.2723],[-99.266,32.2518],[-99.2722,32.2476],[-99.2767,32.2596],[-99.2767,32.2737]]]}},{"type":"Feature","properties":{"c":"#00fb90","v0":0.04,"v1":0.05},"geometry":{"type":"Polygon","coordinates":[[[-84.5046,34.9472],[-84.4857,34.9472],[-84.4847,34.943],[-84.5016,34.9344],[-84.511,34.9344],[-84.513,34.943],[-84.5046,34.9472]]]}},{"type":"Feature","properties":{"c":"#00fb90","v0":0.04,"v1":0.05},"geometry":{"type":"Polygon","coordinates":[[[-94.9414,34.728],[-94.9205,34.7492],[-94.885,34.7641],[-94.835,34.7727],[-94.7989,34.7744],[-94.7768,34.7693],[-94.7811,34.7461],[-94.8117,34.7051],[-94.8189,34.668],[-94.8026,34.6351],[-94.8204,34.6063],[-94.8724,34.5816],[-94.9063,34.5525],[-94.9221,34.5188],[-94.927,34.5435],[-94.9211,34.6266],[-94.9266,34.6804],[-94.9435,34.7051],[-94.9414,34.728]],[[-94.937,34.7272],[-94.919,34.7468],[-94.8761,34.7592],[-94.8083,34.7642],[-94.7891,34.7461],[-94.8184,34.7051],[-94.8271,34.668],[-94.8149,34.6351],[-94.8342,34.605],[-94.8847,34.5776],[-94.9151,34.5735],[-94.9254,34.5927],[-94.9262,34.6187],[-94.9174,34.6516],[-94.9213,34.6804],[-94.9378,34.7051],[-94.937,34.7272]]]}},{"type":"Feature","properties":{"c":"#00fb90","v0":0.04,"v1":0.05},"geometry":{"type":"Polygon","coordinates":[[[-89.195,34.7421],[-89.1783,34.7588],[-89.145,34.7682],[-89.095,34.7705],[-89.0691,34.7498],[-89.0674,34.7063],[-89.0824,34.6836],[-89.1141,34.6817],[-89.1483,34.6941],[-89.185,34.7206],[-89.195,34.7421]],[[-89.196,34.7389],[-89.192,34.749],[-89.175,34.7589],[-89.145,34.7686],[-89.115,34.772],[-89.085,34.7693],[-89.0677,34.7635],[-89.0632,34.7547],[-89.0682,34.732],[-89.0827,34.6954],[-89.117,34.6913],[-89.171,34.7196],[-89.196,34.7389]]]}},{"type":"Feature","properties":{"c":"#00fb90","v0":0.04,"v1":0.05},"geometry":{"type":"Polygon","coordinates":[[[-84.5703,34.7418],[-84.5568,34.7577],[-84.5415,34.7618],[-84.5245,34.7541],[-84.5245,34.7426],[-84.5415,34.7274],[-84.5568,34.7233],[-84.5703,34.7303],[-84.5703,34.7418]],[[-84.5671,34.7407],[-84.5557,34.7544],[-84.5427,34.7586],[-84.5281,34.753],[-84.5281,34.7438],[-84.5427,34.7307],[-84.5557,34.7266],[-84.5671,34.7314],[-84.5671,34.7407]]]}},{"type":"Feature","properties":{"c":"#00fb90","v0":0.04,"v1":0.05},"geometry":{"type":"Polygon","coordinates":[[[-89.6569,34.6252],[-89.599,34.6711],[-89.52,34.6963],[-89.42,34.7008],[-89.3587,34.6984],[-89.3362,34.6891],[-89.3376,34.6722],[-89.3628,34.6475],[-89.4041,34.6245],[-89.4614,34.6031],[-89.53,34.5899],[-89.61,34.5849],[-89.659,34.5873],[-89.6769,34.5972],[-89.6569,34.6252]],[[-89.6525,34.6248],[-89.5975,34.6698],[-89.52,34.6944],[-89.42,34.6986],[-89.3602,34.6966],[-89.3406,34.6885],[-89.3429,34.6722],[-89.3671,34.6475],[-89.4069,34.6248],[-89.4623,34.6041],[-89.53,34.5915],[-89.61,34.587],[-89.6575,34.5892],[-89.6725,34.5979],[-89.6525,34.6248]]]}},{"type":"Feature","properties":{"c":"#00fb90","v0":0.04,"v1":0.05},"geometry":{"type":"Polygon","coordinates":[[[-95.1509,34.6104],[-95.1407,34.6269],[-95.1256,34.6351],[-95.1056,34.6351],[-95.1004,34.6269],[-95.11,34.6104],[-95.1251,34.6022],[-95.1457,34.6022],[-95.1509,34.6104]],[[-95.1351,34.6228],[-95.1184,34.631],[-95.1145,34.6269],[-95.1235,34.6104],[-95.1319,34.6063],[-95.1396,34.6146],[-95.1351,34.6228]]]}},{"type":"Feature","properties":{"c":"#00fb90","v0":0.04,"v1":0.05},"geometry":{"type":"Polygon","coordinates":[[[-87.5368,34.6372],[-87.5189,34.6412],[-87.4981,34.6371],[-87.4744,34.6248],[-87.4744,34.615],[-87.4981,34.6077],[-87.5189,34.6118],[-87.5368,34.6274],[-87.5368,34.6372]],[[-87.5381,34.6242],[-87.5327,34.6353],[-87.5164,34.6353],[-87.4893,34.6242],[-87.492,34.6187],[-87.5245,34.6187],[-87.5381,34.6242]]]}},{"type":"Feature","properties":{"c":"#00fb90","v0":0.04,"v1":0.05},"geometry":{"type":"Polygon","coordinates":[[[-90.0024,34.4084],[-89.9408,34.4493],[-89.895,34.4693],[-89.865,34.4682],[-89.8425,34.4601],[-89.8274,34.445],[-89.8233,34.4292],[-89.8303,34.4127],[-89.8429,34.4011],[-89.861,34.3944],[-89.9108,34.3902],[-89.9924,34.3887],[-90.0024,34.4084]],[[-89.9982,34.4079],[-89.9394,34.4479],[-89.895,34.4672],[-89.865,34.4659],[-89.8431,34.4583],[-89.8294,34.4444],[-89.8344,34.4263],[-89.8581,34.4041],[-89.9094,34.3917],[-89.9882,34.3892],[-89.9982,34.4079]]]}},{"type":"Feature","properties":{"c":"#00fb90","v0":0.04,"v1":0.05},"geometry":{"type":"Polygon","coordinates":[[[-88.7901,34.4595],[-88.7634,34.4705],[-88.7408,34.4705],[-88.7225,34.4595],[-88.7225,34.4454],[-88.7408,34.4283],[-88.7634,34.4283],[-88.7901,34.4454],[-88.7901,34.4595]],[[-88.7874,34.4589],[-88.7625,34.469],[-88.7417,34.469],[-88.7252,34.4589],[-88.7252,34.446],[-88.7417,34.4301],[-88.7625,34.4301],[-88.7874,34.446],[-88.7874,34.4589]]]}},{"type":"Feature","properties":{"c":"#00fb90","v0":0.04,"v1":0.05},"geometry":{"type":"Polygon","coordinates":[[[-89.8031,34.0932],[-89.741,34.1652],[-89.65,34.2127],[-89.53,34.2359],[-89.445,34.2709],[-89.395,34.3177],[-89.32,34.3591],[-89.22,34.3951],[-89.155,34.4263],[-89.125,34.4528],[-89.0994,34.463],[-89.0783,34.457],[-89.0668,34.4333],[-89.0648,34.392],[-89.0804,34.367],[-89.1135,34.3582],[-89.145,34.3418],[-89.175,34.3178],[-89.2495,34.2892],[-89.3686,34.2559],[-89.4289,34.2186],[-89.4304,34.1772],[-89.4409,34.1453],[-89.4603,34.1227],[-89.51,34.095],[-89.59,34.062],[-89.665,34.0387],[-89.735,34.025],[-89.7804,34.0196],[-89.8011,34.0225],[-89.8171,34.0323],[-89.8284,34.0489],[-89.8031,34.0932]],[[-89.8009,34.0928],[-89.7403,34.1642],[-89.675,34.2096],[-89.605,34.229],[-89.545,34.2396],[-89.495,34.2415],[-89.445,34.2666],[-89.395,34.315],[-89.32,34.3571],[-89.22,34.3928],[-89.155,34.4239],[-89.125,34.4504],[-89.1003,34.4612],[-89.081,34.4563],[-89.071,34.4344],[-89.0703,34.3952],[-89.085,34.3711],[-89.115,34.3619],[-89.145,34.345],[-89.175,34.3204],[-89.25,34.2927],[-89.37,34.2619],[-89.4309,34.224],[-89.4326,34.179],[-89.4426,34.1457],[-89.4609,34.1241],[-89.51,34.0968],[-89.59,34.0638],[-89.665,34.0405],[-89.735,34.0268],[-89.78,34.0215],[-89.8,34.0244],[-89.8153,34.0337],[-89.8259,34.0493],[-89.8009,34.0928]]]}},{"type":"Feature","properties":{"c":"#00fb90","v0":0.04,"v1":0.05},"geometry":{"type":"Polygon","coordinates":[[[-87.9349,34.3663],[-87.8916,34.4222],[-87.84,34.4447],[-87.78,34.4337],[-87.715,34.438],[-87.645,34.4577],[-87.5947,34.4641],[-87.564,34.4573],[-87.564,34.4357],[-87.5947,34.3994],[-87.63,34.377],[-87.67,34.3687],[-87.715,34.3509],[-87.765,34.3235],[-87.815,34.3069],[-87.865,34.3012],[-87.9066,34.3084],[-87.9399,34.3284],[-87.9349,34.3663]],[[-87.9311,34.365],[-87.8904,34.4181],[-87.84,34.4395],[-87.78,34.4291],[-87.715,34.4344],[-87.645,34.4551],[-87.5966,34.4626],[-87.5698,34.4568],[-87.5698,34.4373],[-87.5966,34.404],[-87.63,34.3825],[-87.67,34.373],[-87.715,34.354],[-87.765,34.3256],[-87.815,34.3085],[-87.865,34.3026],[-87.9054,34.3093],[-87.9361,34.3287],[-87.9311,34.365]]]}},{"type":"Feature","properties":{"c":"#00fb90","v0":0.04,"v1":0.05},"geometry":{"type":"Polygon","coordinates":[[[-75.65,34.3537],[-75.6233,34.3844],[-75.565,34.4131],[-75.475,34.4397],[-75.4153,34.4492],[-75.3858,34.4413],[-75.3708,34.4292],[-75.3703,34.4127],[-75.38,34.3952],[-75.4,34.3768],[-75.46,34.355],[-75.56,34.3299],[-75.6233,34.3226],[-75.65,34.3331],[-75.65,34.3537]],[[-75.6484,34.3534],[-75.6228,34.3834],[-75.57,34.4109],[-75.49,34.4359],[-75.4312,34.4457],[-75.3937,34.4402],[-75.3743,34.4292],[-75.3728,34.4127],[-75.3816,34.3956],[-75.4005,34.3779],[-75.46,34.3565],[-75.56,34.3313],[-75.6228,34.3237],[-75.6484,34.3335],[-75.6484,34.3534]]]}},{"type":"Feature","properties":{"c":"#00fb90","v0":0.04,"v1":0.05},"geometry":{"type":"Polygon","coordinates":[[[-83.1648,34.1835],[-83.1149,34.2376],[-83.065,34.2749],[-83.015,34.2954],[-82.9735,34.3015],[-82.9404,34.293],[-82.9303,34.2682],[-82.9432,34.2268],[-82.9747,34.1898],[-83.0249,34.1572],[-83.065,34.1369],[-83.095,34.129],[-83.1299,34.1329],[-83.1698,34.1486],[-83.1648,34.1835]],[[-83.1608,34.1831],[-83.1136,34.2362],[-83.065,34.2731],[-83.015,34.2936],[-82.9744,34.3001],[-82.9432,34.2926],[-82.9308,34.2723],[-82.9371,34.2392],[-82.9577,34.2078],[-82.9926,34.1779],[-83.035,34.154],[-83.085,34.1359],[-83.1286,34.1343],[-83.1658,34.1491],[-83.1608,34.1831]]]}},{"type":"Feature","properties":{"c":"#00fb90","v0":0.04,"v1":0.05},"geometry":{"type":"Polygon","coordinates":[[[-84.0811,33.829],[-84.0734,33.8705],[-84.0346,33.9257],[-83.9649,33.9945],[-83.9271,34.0567],[-83.9212,34.1122],[-83.8962,34.1678],[-83.8521,34.2233],[-83.82,34.2546],[-83.8,34.2615],[-83.775,34.2424],[-83.745,34.1974],[-83.72,34.1734],[-83.7,34.1704],[-83.6832,34.1741],[-83.6697,34.1844],[-83.6635,34.2103],[-83.6646,34.2516],[-83.6464,34.2799],[-83.6088,34.295],[-83.5706,34.2991],[-83.5319,34.2922],[-83.506,34.2764],[-83.4931,34.2516],[-83.5025,34.2125],[-83.5342,34.1591],[-83.595,34.1152],[-83.685,34.0806],[-83.76,34.0195],[-83.82,33.9316],[-83.895,33.8632],[-83.985,33.8143],[-84.04,33.7893],[-84.06,33.7882],[-84.0737,33.7928],[-84.0812,33.8031],[-84.0811,33.829]],[[-84.0761,33.8456],[-84.064,33.8871],[-84.0238,33.9411],[-83.9554,34.0074],[-83.92,34.0654],[-83.9175,34.1151],[-83.8947,34.167],[-83.8516,34.2209],[-83.82,34.2507],[-83.8,34.2562],[-83.7754,34.2375],[-83.7462,34.1945],[-83.7212,34.1714],[-83.7004,34.1681],[-83.6824,34.1722],[-83.6671,34.1838],[-83.6632,34.2062],[-83.6705,34.2392],[-83.6681,34.2618],[-83.656,34.2739],[-83.63,34.2858],[-83.59,34.2974],[-83.5517,34.2954],[-83.5151,34.28],[-83.4961,34.2599],[-83.4946,34.2351],[-83.5029,34.2062],[-83.521,34.1732],[-83.54,34.1481],[-83.56,34.1308],[-83.61,34.1083],[-83.69,34.0805],[-83.7596,34.0228],[-83.8187,33.9351],[-83.8937,33.8665],[-83.9846,33.8169],[-84.0402,33.7919],[-84.0605,33.7917],[-84.0735,33.7999],[-84.0793,33.8165],[-84.0761,33.8456]]]}},{"type":"Feature","properties":{"c":"#00fb90","v0":0.04,"v1":0.05},"geometry":{"type":"Polygon","coordinates":[[[-82.4543,34.2669],[-82.4381,34.2892],[-82.4195,34.2975],[-82.3984,34.2917],[-82.3934,34.2749],[-82.4045,34.2469],[-82.42,34.2302],[-82.44,34.2248],[-82.4531,34.2305],[-82.4593,34.2473],[-82.4543,34.2669]],[[-82.4519,34.2662],[-82.4373,34.2871],[-82.4204,34.2954],[-82.4013,34.291],[-82.3963,34.2755],[-82.4054,34.249],[-82.42,34.2339],[-82.44,34.2303],[-82.4523,34.2353],[-82.4569,34.249],[-82.4519,34.2662]]]}},{"type":"Feature","properties":{"c":"#00fb90","v0":0.04,"v1":0.05},"geometry":{"type":"Polygon","coordinates":[[[-75.1142,34.2478],[-75.0981,34.265],[-75.0724,34.265],[-75.0373,34.2478],[-75.0323,34.2291],[-75.0574,34.2088],[-75.0831,34.2088],[-75.1092,34.2291],[-75.1142,34.2478]],[[-75.1125,34.2473],[-75.0975,34.2634],[-75.0732,34.2634],[-75.0395,34.2473],[-75.0345,34.2295],[-75.0582,34.2102],[-75.0825,34.2102],[-75.1075,34.2295],[-75.1125,34.2473]]]}},{"type":"Feature","properties":{"c":"#00fb90","v0":0.04,"v1":0.05},"geometry":{"type":"Polygon","coordinates":[[[-89.2802,34.231],[-89.2601,34.2477],[-89.2421,34.2519],[-89.2262,34.2434],[-89.2262,34.2285],[-89.2421,34.2071],[-89.2601,34.203],[-89.2802,34.2161],[-89.2802,34.231]],[[-89.2783,34.2303],[-89.2594,34.2456],[-89.2429,34.2498],[-89.2287,34.2427],[-89.2287,34.229],[-89.2429,34.2085],[-89.2594,34.2044],[-89.2783,34.2166],[-89.2783,34.2303]]]}},{"type":"Feature","properties":{"c":"#00fb90","v0":0.04,"v1":0.05},"geometry":{"type":"Polygon","coordinates":[[[-75.5577,34.1845],[-75.5259,34.2073],[-75.495,34.2174],[-75.465,34.2147],[-75.4418,34.2074],[-75.4253,34.1955],[-75.4203,34.1813],[-75.4267,34.1648],[-75.445,34.1516],[-75.475,34.1419],[-75.505,34.1392],[-75.535,34.1436],[-75.5559,34.1526],[-75.5677,34.1662],[-75.5577,34.1845]],[[-75.5544,34.1838],[-75.5248,34.2053],[-75.4879,34.2094],[-75.4436,34.1962],[-75.4248,34.1813],[-75.4314,34.1648],[-75.4485,34.1521],[-75.4762,34.1434],[-75.505,34.1415],[-75.535,34.1466],[-75.5548,34.1551],[-75.5644,34.1671],[-75.5544,34.1838]]]}},{"type":"Feature","properties":{"c":"#00fb90","v0":0.04,"v1":0.05},"geometry":{"type":"Polygon","coordinates":[[[-75.0304,34.0571],[-74.9992,34.1234],[-74.9702,34.1619],[-74.9434,34.1725],[-74.92,34.1735],[-74.9,34.1647],[-74.8865,34.1346],[-74.8794,34.083],[-74.9094,34.0438],[-74.9765,34.0172],[-75.019,34.0089],[-75.037,34.019],[-75.0304,34.0571]],[[-75.0278,34.0571],[-74.9973,34.1234],[-74.969,34.1615],[-74.943,34.1716],[-74.92,34.1721],[-74.9,34.163],[-74.887,34.1332],[-74.8811,34.0825],[-74.9111,34.0443],[-74.977,34.0186],[-75.0183,34.0103],[-75.0348,34.0194],[-75.0278,34.0571]]]}},{"type":"Feature","properties":{"c":"#00fb90","v0":0.04,"v1":0.05},"geometry":{"type":"Polygon","coordinates":[[[-83.4935,33.995],[-83.4573,34.0696],[-83.4218,34.1161],[-83.3873,34.1345],[-83.3587,34.1427],[-83.336,34.1409],[-83.3147,34.111],[-83.2948,34.053],[-83.2904,34.0116],[-83.3014,33.9867],[-83.3477,33.9549],[-83.4292,33.9163],[-83.4772,33.8997],[-83.4916,33.9051],[-83.502,33.9203],[-83.5085,33.9452],[-83.4935,33.995]],[[-83.4914,33.995],[-83.4548,34.0696],[-83.4249,34.1141],[-83.4016,34.1285],[-83.3749,34.1368],[-83.3448,34.1389],[-83.3191,34.111],[-83.2976,34.053],[-83.2927,34.0116],[-83.3041,33.9867],[-83.3499,33.9554],[-83.43,33.9178],[-83.4764,33.9012],[-83.4891,33.9057],[-83.4991,33.9203],[-83.5061,33.9452],[-83.4914,33.995]]]}},{"type":"Feature","properties":{"c":"#00fb90","v0":0.04,"v1":0.05},"geometry":{"type":"Polygon","coordinates":[[[-75.707,34.1168],[-75.6823,34.1368],[-75.655,34.1457],[-75.625,34.1435],[-75.6073,34.1376],[-75.6019,34.1281],[-75.6069,34.1095],[-75.6223,34.0816],[-75.6523,34.0774],[-75.697,34.097],[-75.707,34.1168]],[[-75.7052,34.1164],[-75.6817,34.1356],[-75.66,34.1453],[-75.64,34.1456],[-75.6232,34.1401],[-75.6095,34.129],[-75.6095,34.1105],[-75.6232,34.0847],[-75.6517,34.0805],[-75.6952,34.0981],[-75.7052,34.1164]]]}},{"type":"Feature","properties":{"c":"#00fb90","v0":0.04,"v1":0.05},"geometry":{"type":"Polygon","coordinates":[[[-82.4757,34.0858],[-82.4586,34.1101],[-82.4389,34.1225],[-82.4167,34.1231],[-82.4117,34.1067],[-82.4239,34.0734],[-82.44,34.0547],[-82.46,34.0509],[-82.4736,34.0551],[-82.4807,34.0675],[-82.4757,34.0858]],[[-82.4736,34.085],[-82.4579,34.1075],[-82.44,34.1196],[-82.42,34.1213],[-82.415,34.1064],[-82.425,34.0752],[-82.44,34.0576],[-82.46,34.0536],[-82.4729,34.0571],[-82.4786,34.0682],[-82.4736,34.085]]]}},{"type":"Feature","properties":{"c":"#00fb90","v0":0.04,"v1":0.05},"geometry":{"type":"Polygon","coordinates":[[[-76.0556,33.7692],[-76.0385,33.7908],[-75.985,33.7983],[-75.895,33.7917],[-75.8438,33.8059],[-75.8315,33.8407],[-75.7895,33.8705],[-75.718,33.8954],[-75.6641,33.9267],[-75.628,33.9643],[-75.575,33.9999],[-75.505,34.0334],[-75.4514,34.0436],[-75.4141,34.0305],[-75.3828,34.0074],[-75.3575,33.9742],[-75.3512,33.9476],[-75.3637,33.9274],[-75.4353,33.8942],[-75.5659,33.848],[-75.6366,33.8124],[-75.6472,33.7874],[-75.6469,33.769],[-75.6356,33.757],[-75.605,33.7676],[-75.555,33.8007],[-75.5184,33.815],[-75.4951,33.8105],[-75.4791,33.7999],[-75.4702,33.7833],[-75.4768,33.764],[-75.4989,33.7419],[-75.535,33.7267],[-75.585,33.7184],[-75.63,33.717],[-75.67,33.7227],[-75.6991,33.7213],[-75.7173,33.7127],[-75.7248,33.7001],[-75.7216,33.6835],[-75.7021,33.6668],[-75.6663,33.6502],[-75.6588,33.6326],[-75.6796,33.614],[-75.705,33.6039],[-75.735,33.6023],[-75.7603,33.6074],[-75.7808,33.6193],[-75.8008,33.6501],[-75.8203,33.6997],[-75.87,33.7177],[-75.95,33.7038],[-76.005,33.703],[-76.035,33.7153],[-76.0535,33.7306],[-76.0606,33.7491],[-76.0556,33.7692]],[[-76.0586,33.7667],[-76.051,33.7833],[-76.0379,33.7944],[-76.0193,33.8001],[-75.97,33.7966],[-75.89,33.7837],[-75.8429,33.7975],[-75.8287,33.8379],[-75.7859,33.8705],[-75.7146,33.8954],[-75.6617,33.9261],[-75.6272,33.9626],[-75.58,33.996],[-75.52,34.0263],[-75.47,34.0391],[-75.43,34.0346],[-75.396,34.0179],[-75.3681,33.9888],[-75.3581,33.9606],[-75.366,33.9334],[-75.4359,33.8961],[-75.5676,33.8486],[-75.6376,33.8062],[-75.6459,33.7689],[-75.64,33.7512],[-75.62,33.7532],[-75.59,33.7695],[-75.55,33.8002],[-75.52,33.8144],[-75.5,33.812],[-75.4844,33.8019],[-75.4731,33.7839],[-75.4781,33.7642],[-75.4994,33.7428],[-75.535,33.7284],[-75.585,33.721],[-75.625,33.721],[-75.655,33.7284],[-75.6854,33.7262],[-75.7162,33.7144],[-75.7301,33.7001],[-75.7272,33.6835],[-75.7073,33.6668],[-75.6703,33.6502],[-75.6613,33.633],[-75.6804,33.6153],[-75.705,33.6057],[-75.735,33.6042],[-75.7594,33.6088],[-75.7781,33.6198],[-75.7981,33.6521],[-75.8194,33.7058],[-75.865,33.7235],[-75.935,33.7052],[-75.985,33.6995],[-76.015,33.7063],[-76.0381,33.7218],[-76.0543,33.7462],[-76.0586,33.7667]]]}},{"type":"Feature","properties":{"c":"#00fb90","v0":0.04,"v1":0.05},"geometry":{"type":"Polygon","coordinates":[[[-75.7894,34.0272],[-75.7765,34.0337],[-75.7675,34.0337],[-75.7625,34.0272],[-75.7675,34.0204],[-75.7825,34.0133],[-75.7915,34.0133],[-75.7944,34.0204],[-75.7894,34.0272]]]}},{"type":"Feature","properties":{"c":"#00fb90","v0":0.04,"v1":0.05},"geometry":{"type":"Polygon","coordinates":[[[-75.3563,33.8532],[-75.3388,33.8767],[-75.295,33.9072],[-75.225,33.9446],[-75.1669,33.9619],[-75.1208,33.9591],[-75.1045,33.9411],[-75.1181,33.9079],[-75.1512,33.8732],[-75.2037,33.837],[-75.255,33.8147],[-75.305,33.8065],[-75.3388,33.8122],[-75.3563,33.8317],[-75.3563,33.8532]],[[-75.3549,33.8527],[-75.3383,33.8751],[-75.295,33.9052],[-75.225,33.9428],[-75.168,33.9606],[-75.1239,33.9586],[-75.1081,33.9411],[-75.1208,33.9079],[-75.1528,33.8735],[-75.2043,33.8379],[-75.255,33.8161],[-75.305,33.8081],[-75.3383,33.8134],[-75.3549,33.8321],[-75.3549,33.8527]]]}},{"type":"Feature","properties":{"c":"#00fb90","v0":0.04,"v1":0.05},"geometry":{"type":"Polygon","coordinates":[[[-76.0016,33.9003],[-75.9805,33.9183],[-75.9608,33.9225],[-75.9424,33.9127],[-75.9424,33.8996],[-75.9608,33.883],[-75.9805,33.8788],[-76.0016,33.8871],[-76.0016,33.9003]],[[-75.9991,33.8997],[-75.9797,33.9167],[-75.9619,33.9208],[-75.9457,33.9122],[-75.9457,33.9004],[-75.9619,33.8854],[-75.9797,33.8813],[-75.9991,33.8879],[-75.9991,33.8997]]]}},{"type":"Feature","properties":{"c":"#00fb90","v0":0.04,"v1":0.05},"geometry":{"type":"Polygon","coordinates":[[[-77.2472,33.1367],[-77.2422,33.1618],[-77.2222,33.1925],[-77.1874,33.2287],[-77.1058,33.2788],[-76.9774,33.343],[-76.9024,33.3867],[-76.8808,33.4099],[-76.8456,33.4308],[-76.7967,33.4493],[-76.7722,33.4668],[-76.772,33.4835],[-76.7982,33.5002],[-76.8508,33.5169],[-76.8703,33.5542],[-76.8568,33.6121],[-76.8036,33.6371],[-76.7109,33.6292],[-76.6309,33.6633],[-76.5636,33.7395],[-76.475,33.7878],[-76.365,33.8084],[-76.295,33.8148],[-76.265,33.8071],[-76.24,33.7871],[-76.22,33.7547],[-76.1845,33.7185],[-76.1335,33.6785],[-76.1741,33.621],[-76.3062,33.5461],[-76.3853,33.4835],[-76.4112,33.4335],[-76.4405,33.3959],[-76.4732,33.3708],[-76.4896,33.3514],[-76.4899,33.3375],[-76.475,33.3248],[-76.445,33.3134],[-76.4182,33.2952],[-76.3945,33.2704],[-76.3845,33.2435],[-76.3882,33.2143],[-76.41,33.1981],[-76.45,33.1947],[-76.4983,33.2093],[-76.5548,33.2418],[-76.5998,33.2551],[-76.6333,33.2494],[-76.6731,33.2326],[-76.7193,33.2049],[-76.7436,33.1618],[-76.746,33.1032],[-76.7829,33.0462],[-76.8543,32.9908],[-76.9,32.9617],[-76.92,32.959],[-76.94,32.9681],[-76.96,32.989],[-77.03,33.0197],[-77.15,33.0603],[-77.2199,33.0915],[-77.2398,33.1132],[-77.2472,33.1367]],[[-77.2435,33.1409],[-77.2329,33.1744],[-77.2132,33.2046],[-77.1844,33.2317],[-77.07,33.2986],[-76.87,33.4052],[-76.7697,33.4668],[-76.7692,33.4835],[-76.7952,33.5002],[-76.8479,33.5169],[-76.8682,33.553],[-76.8561,33.6085],[-76.8026,33.6334],[-76.7077,33.628],[-76.6277,33.663],[-76.5626,33.7384],[-76.475,33.7865],[-76.365,33.8073],[-76.295,33.8137],[-76.265,33.8056],[-76.24,33.7849],[-76.22,33.7517],[-76.1855,33.7159],[-76.1364,33.6776],[-76.1775,33.621],[-76.3086,33.5461],[-76.3872,33.4835],[-76.4133,33.4335],[-76.4427,33.3959],[-76.4752,33.3708],[-76.491,33.35],[-76.4899,33.3333],[-76.4661,33.3124],[-76.4197,33.2873],[-76.3948,33.2567],[-76.3916,33.2207],[-76.405,33.1996],[-76.435,33.1933],[-76.48,33.2069],[-76.54,33.2404],[-76.59,33.2549],[-76.63,33.2504],[-76.6741,33.2339],[-76.7222,33.2054],[-76.7479,33.1618],[-76.7512,33.1032],[-76.7721,33.0634],[-76.8107,33.0425],[-76.845,33.0154],[-76.875,32.982],[-76.9,32.9644],[-76.92,32.9627],[-76.94,32.9719],[-76.96,32.9921],[-77.03,33.022],[-77.15,33.0618],[-77.2197,33.0923],[-77.2391,33.1135],[-77.2435,33.1409]]]}},{"type":"Feature","properties":{"c":"#00fb90","v0":0.04,"v1":0.05},"geometry":{"type":"Polygon","coordinates":[[[-84.9433,33.4001],[-84.9258,33.4502],[-84.8928,33.4877],[-84.8444,33.5127],[-84.8076,33.5523],[-84.7825,33.6065],[-84.755,33.6442],[-84.725,33.6653],[-84.7,33.6728],[-84.68,33.6666],[-84.6587,33.6498],[-84.6362,33.6223],[-84.6747,33.5461],[-84.7745,33.4209],[-84.8457,33.3523],[-84.8886,33.3402],[-84.9205,33.3444],[-84.9416,33.3648],[-84.9433,33.4001]],[[-84.9407,33.4001],[-84.9237,33.4502],[-84.8905,33.4877],[-84.8414,33.5127],[-84.8051,33.5519],[-84.7817,33.6051],[-84.755,33.6423],[-84.725,33.6633],[-84.7,33.6706],[-84.68,33.6642],[-84.66,33.6521],[-84.64,33.6342],[-84.6315,33.6169],[-84.6344,33.6002],[-84.6836,33.5336],[-84.7791,33.4168],[-84.8476,33.3528],[-84.8892,33.3418],[-84.9198,33.3459],[-84.9395,33.3653],[-84.9407,33.4001]]]}},{"type":"Feature","properties":{"c":"#00fb90","v0":0.04,"v1":0.05},"geometry":{"type":"Polygon","coordinates":[[[-84.2349,33.5524],[-84.2183,33.5733],[-84.185,33.589],[-84.135,33.5994],[-84.12,33.5856],[-84.14,33.5475],[-84.1733,33.5318],[-84.2199,33.5385],[-84.2349,33.5524]],[[-84.231,33.5516],[-84.217,33.571],[-84.19,33.5866],[-84.15,33.5984],[-84.126,33.6012],[-84.118,33.595],[-84.123,33.577],[-84.141,33.5472],[-84.172,33.5347],[-84.216,33.5395],[-84.231,33.5516]]]}},{"type":"Feature","properties":{"c":"#00fb90","v0":0.04,"v1":0.05},"geometry":{"type":"Polygon","coordinates":[[[-94.8516,33.4794],[-94.8487,33.4877],[-94.828,33.4964],[-94.7893,33.5053],[-94.76,33.5096],[-94.74,33.509],[-94.7287,33.5046],[-94.726,33.4961],[-94.731,33.4813],[-94.7437,33.4602],[-94.77,33.4485],[-94.81,33.446],[-94.8357,33.4524],[-94.8472,33.4676],[-94.8516,33.4794]],[[-94.8267,33.4828],[-94.7889,33.4979],[-94.7599,33.5021],[-94.7397,33.4953],[-94.7347,33.4827],[-94.7449,33.4642],[-94.77,33.4543],[-94.81,33.4528],[-94.8339,33.4578],[-94.8417,33.4694],[-94.8267,33.4828]]]}},{"type":"Feature","properties":{"c":"#00fb90","v0":0.04,"v1":0.05},"geometry":{"type":"Polygon","coordinates":[[[-95.4739,33.4485],[-95.458,33.4619],[-95.45,33.4603],[-95.45,33.4438],[-95.455,33.4318],[-95.465,33.4243],[-95.473,33.4259],[-95.4789,33.4365],[-95.4739,33.4485]],[[-95.4701,33.447],[-95.4567,33.4572],[-95.45,33.4571],[-95.45,33.4465],[-95.455,33.4375],[-95.465,33.43],[-95.4717,33.4301],[-95.4751,33.4379],[-95.4701,33.447]]]}},{"type":"Feature","properties":{"c":"#00fb90","v0":0.04,"v1":0.05},"geometry":{"type":"Polygon","coordinates":[[[-83.5585,33.259],[-83.5395,33.2943],[-83.51,33.3171],[-83.47,33.3275],[-83.395,33.3613],[-83.285,33.4186],[-83.192,33.4375],[-83.1161,33.4181],[-83.0861,33.3962],[-83.102,33.3717],[-83.16,33.3408],[-83.26,33.3034],[-83.345,33.2815],[-83.415,33.275],[-83.47,33.2584],[-83.51,33.2316],[-83.5395,33.224],[-83.5585,33.2355],[-83.5585,33.259]],[[-83.5561,33.2584],[-83.5387,33.2926],[-83.51,33.3148],[-83.47,33.325],[-83.3977,33.358],[-83.293,33.4139],[-83.213,33.4393],[-83.1577,33.4344],[-83.1179,33.426],[-83.0938,33.4143],[-83.0888,33.3969],[-83.1029,33.3737],[-83.16,33.3434],[-83.26,33.306],[-83.345,33.284],[-83.415,33.2775],[-83.47,33.261],[-83.51,33.2345],[-83.5387,33.2263],[-83.5561,33.2363],[-83.5561,33.2584]]]}},{"type":"Feature","properties":{"c":"#00fb90","v0":0.04,"v1":0.05},"geometry":{"type":"Polygon","coordinates":[[[-76.2865,33.4117],[-76.2755,33.4184],[-76.2576,33.4142],[-76.2328,33.3992],[-76.2383,33.3959],[-76.2741,33.4042],[-76.2865,33.4117]]]}},{"type":"Feature","properties":{"c":"#00fb90","v0":0.04,"v1":0.05},"geometry":{"type":"Polygon","coordinates":[[[-76.2219,33.339],[-76.214,33.3673],[-76.1927,33.3757],[-76.158,33.3641],[-76.148,33.342],[-76.1627,33.3094],[-76.18,33.2936],[-76.2,33.2946],[-76.214,33.3025],[-76.2219,33.3174],[-76.2219,33.339]],[[-76.2177,33.3374],[-76.2056,33.3625],[-76.1854,33.3708],[-76.1572,33.3625],[-76.1498,33.3427],[-76.1633,33.3116],[-76.18,33.2966],[-76.2,33.2977],[-76.2134,33.3049],[-76.2203,33.3182],[-76.2177,33.3374]]]}},{"type":"Feature","properties":{"c":"#00fb90","v0":0.04,"v1":0.05},"geometry":{"type":"Polygon","coordinates":[[[-84.4217,33.2693],[-84.4006,33.292],[-84.39,33.2946],[-84.39,33.2772],[-84.4006,33.2659],[-84.4217,33.2606],[-84.4217,33.2693]]]}},{"type":"Feature","properties":{"c":"#00fb90","v0":0.04,"v1":0.05},"geometry":{"type":"Polygon","coordinates":[[[-83.9168,33.1131],[-83.8856,33.158],[-83.84,33.2019],[-83.78,33.2448],[-83.7407,33.2642],[-83.7222,33.2601],[-83.7122,33.2352],[-83.7107,33.1896],[-83.745,33.1464],[-83.815,33.1057],[-83.865,33.0827],[-83.895,33.0772],[-83.9156,33.0785],[-83.9268,33.0866],[-83.9168,33.1131]],[[-83.9143,33.1115],[-83.888,33.1534],[-83.8436,33.1961],[-83.7812,33.2396],[-83.7426,33.2605],[-83.7279,33.2589],[-83.7185,33.2371],[-83.7143,33.1953],[-83.7467,33.1526],[-83.8156,33.1091],[-83.8694,33.0881],[-83.9081,33.0898],[-83.9143,33.1115]]]}},{"type":"Feature","properties":{"c":"#00fb90","v0":0.04,"v1":0.05},"geometry":{"type":"Polygon","coordinates":[[[-79.9015,32.8893],[-79.8925,32.9229],[-79.8553,32.9732],[-79.7899,33.0403],[-79.7415,33.1074],[-79.71,33.1744],[-79.6628,33.2162],[-79.5999,33.2329],[-79.5637,33.2287],[-79.5541,33.2036],[-79.5693,33.1367],[-79.6093,33.0277],[-79.6445,32.9516],[-79.6748,32.9084],[-79.725,32.8554],[-79.795,32.7927],[-79.84,32.7657],[-79.86,32.7743],[-79.879,32.8021],[-79.897,32.849],[-79.9015,32.8893]],[[-79.8986,32.8893],[-79.8899,32.9229],[-79.8521,32.9732],[-79.7851,33.0403],[-79.7362,33.1066],[-79.7054,33.172],[-79.66,33.2119],[-79.6,33.2263],[-79.5667,33.2229],[-79.56,33.2017],[-79.575,33.1398],[-79.6117,33.0371],[-79.6709,32.9364],[-79.7526,32.8378],[-79.8083,32.7842],[-79.8381,32.7758],[-79.8655,32.7969],[-79.8904,32.8473],[-79.8986,32.8893]]]}},{"type":"Feature","properties":{"c":"#00fb90","v0":0.04,"v1":0.05},"geometry":{"type":"Polygon","coordinates":[[[-99.0224,33.1525],[-99.0141,33.2092],[-99.0,33.2235],[-98.98,33.1954],[-98.9692,33.1671],[-98.9675,33.1384],[-98.9725,33.1151],[-98.9842,33.0969],[-98.9991,33.0969],[-99.0174,33.1151],[-99.0224,33.1525]],[[-99.0187,33.1434],[-99.0129,33.1819],[-99.005,33.2038],[-98.995,33.2091],[-98.985,33.1898],[-98.975,33.146],[-98.975,33.1166],[-98.985,33.1015],[-98.9979,33.1015],[-99.0137,33.1166],[-99.0187,33.1434]]]}},{"type":"Feature","properties":{"c":"#00fb90","v0":0.04,"v1":0.05},"geometry":{"type":"Polygon","coordinates":[[[-95.5049,33.1288],[-95.495,33.1382],[-95.4859,33.1382],[-95.4777,33.1288],[-95.4777,33.1195],[-95.4859,33.1103],[-95.495,33.1103],[-95.5049,33.1195],[-95.5049,33.1288]]]}},{"type":"Feature","properties":{"c":"#00fb90","v0":0.04,"v1":0.05},"geometry":{"type":"Polygon","coordinates":[[[-77.9342,32.8305],[-77.9279,32.8473],[-77.8951,32.8809],[-77.8355,32.9313],[-77.7418,32.9944],[-77.6139,33.0703],[-77.525,33.1028],[-77.475,33.0917],[-77.42,33.0945],[-77.36,33.1111],[-77.317,33.1122],[-77.2911,33.0978],[-77.2777,33.0655],[-77.2769,33.0152],[-77.2883,32.9606],[-77.3121,32.9019],[-77.3554,32.851],[-77.4185,32.8081],[-77.465,32.7833],[-77.495,32.7766],[-77.5212,32.7771],[-77.5437,32.7847],[-77.5404,32.8011],[-77.5115,32.8263],[-77.5003,32.8445],[-77.5068,32.8558],[-77.56,32.8632],[-77.66,32.8666],[-77.755,32.8511],[-77.845,32.8165],[-77.9018,32.8049],[-77.9255,32.8164],[-77.9342,32.8305]],[[-77.9315,32.8305],[-77.9253,32.8473],[-77.8925,32.8809],[-77.833,32.9313],[-77.7399,32.9938],[-77.6133,33.0686],[-77.525,33.1006],[-77.475,33.0901],[-77.42,33.0931],[-77.36,33.1098],[-77.3176,33.1112],[-77.2929,33.0975],[-77.2801,33.0655],[-77.2793,33.0152],[-77.2907,32.9606],[-77.3146,32.9019],[-77.3574,32.8516],[-77.4191,32.8097],[-77.4739,32.7887],[-77.5217,32.7885],[-77.5323,32.8011],[-77.5058,32.8263],[-77.497,32.8451],[-77.5057,32.8577],[-77.56,32.8656],[-77.66,32.869],[-77.7502,32.8543],[-77.8306,32.8216],[-77.8806,32.8045],[-77.9002,32.8031],[-77.9161,32.8073],[-77.9284,32.8171],[-77.9315,32.8305]]]}},{"type":"Feature","properties":{"c":"#00fb90","v0":0.04,"v1":0.05},"geometry":{"type":"Polygon","coordinates":[[[-95.2876,33.0666],[-95.2625,33.0857],[-95.25,33.0806],[-95.25,33.0513],[-95.255,33.0335],[-95.265,33.0274],[-95.2775,33.0325],[-95.2926,33.0489],[-95.2876,33.0666]],[[-95.2827,33.0631],[-95.2609,33.0752],[-95.255,33.069],[-95.265,33.0445],[-95.2759,33.0385],[-95.2877,33.0509],[-95.2827,33.0631]]]}},{"type":"Feature","properties":{"c":"#00fb90","v0":0.04,"v1":0.05},"geometry":{"type":"Polygon","coordinates":[[[-83.82,32.9832],[-83.8133,33.0033],[-83.8,33.0135],[-83.78,33.014],[-83.775,32.9967],[-83.785,32.9616],[-83.7951,32.9429],[-83.8052,32.9407],[-83.8135,32.948],[-83.8201,32.9648],[-83.82,32.9832]],[[-83.8113,32.9845],[-83.7971,33.0072],[-83.7859,33.0156],[-83.7777,33.0097],[-83.7777,32.993],[-83.7859,32.9654],[-83.795,32.9508],[-83.805,32.9494],[-83.8121,32.9548],[-83.8163,32.9671],[-83.8113,32.9845]]]}},{"type":"Feature","properties":{"c":"#00fb90","v0":0.04,"v1":0.05},"geometry":{"type":"Polygon","coordinates":[[[-97.5765,32.717],[-97.5533,32.8095],[-97.4962,32.8641],[-97.4051,32.8809],[-97.3657,32.9145],[-97.3781,32.9648],[-97.3757,32.9963],[-97.3586,33.0089],[-97.3367,33.0131],[-97.3102,33.0089],[-97.2886,32.9984],[-97.2718,32.9816],[-97.2766,32.9522],[-97.3028,32.9103],[-97.3052,32.8557],[-97.2837,32.7885],[-97.2879,32.7296],[-97.3177,32.6791],[-97.3369,32.6273],[-97.3456,32.5742],[-97.36,32.5439],[-97.38,32.5363],[-97.41,32.5434],[-97.45,32.5651],[-97.49,32.579],[-97.53,32.5848],[-97.5585,32.5959],[-97.5754,32.6121],[-97.5849,32.6328],[-97.5871,32.658],[-97.5765,32.717]],[[-97.381,32.9816],[-97.3694,32.9984],[-97.3551,33.0086],[-97.3384,33.0122],[-97.316,33.0038],[-97.288,32.9834],[-97.288,32.9591],[-97.316,32.9308],[-97.34,32.9211],[-97.36,32.93],[-97.3742,32.9442],[-97.3826,32.9635],[-97.381,32.9816]],[[-97.5707,32.7043],[-97.5452,32.8053],[-97.4818,32.8612],[-97.3806,32.8722],[-97.3169,32.847],[-97.2907,32.7856],[-97.2924,32.7296],[-97.322,32.6791],[-97.3401,32.6281],[-97.3467,32.5767],[-97.36,32.5471],[-97.38,32.5393],[-97.41,32.5466],[-97.45,32.5688],[-97.49,32.5834],[-97.53,32.5904],[-97.5584,32.6089],[-97.5751,32.6388],[-97.5707,32.7043]]]}},{"type":"Feature","properties":{"c":"#00fb90","v0":0.04,"v1":0.05},"geometry":{"type":"Polygon","coordinates":[[[-84.0561,32.9395],[-84.0387,32.9726],[-84.02,32.9922],[-84.0,32.9983],[-83.9879,32.9901],[-83.9836,32.9677],[-83.9936,32.9406],[-84.0179,32.9088],[-84.035,32.8923],[-84.045,32.8911],[-84.0537,32.8985],[-84.0611,32.9148],[-84.0561,32.9395]],[[-84.0525,32.9383],[-84.0375,32.9691],[-84.02,32.9869],[-84.0,32.9919],[-83.9887,32.9849],[-83.986,32.9659],[-83.996,32.9422],[-84.0187,32.9136],[-84.035,32.8989],[-84.045,32.8981],[-84.0525,32.904],[-84.0575,32.9166],[-84.0525,32.9383]]]}},{"type":"Feature","properties":{"c":"#00fb90","v0":0.04,"v1":0.05},"geometry":{"type":"Polygon","coordinates":[[[-81.1027,28.2326],[-81.091,28.2854],[-81.0663,28.3166],[-81.0288,28.326],[-81.0001,28.3392],[-80.9802,28.3562],[-80.9802,28.398],[-81.0001,28.4646],[-80.98,28.4835],[-80.92,28.4548],[-80.88,28.4431],[-80.86,28.4485],[-80.835,28.4802],[-80.805,28.5381],[-80.7327,28.6175],[-80.6182,28.7183],[-80.576,28.83],[-80.6059,28.9526],[-80.6541,29.0488],[-80.7204,29.1188],[-80.7705,29.1843],[-80.8045,29.2454],[-80.8199,29.3108],[-80.8165,29.3805],[-80.8249,29.4459],[-80.845,29.5068],[-80.8238,29.5533],[-80.7613,29.5853],[-80.7,29.6027],[-80.6399,29.6055],[-80.6207,29.6329],[-80.6425,29.6851],[-80.6552,29.7329],[-80.6589,29.7763],[-80.6796,29.8153],[-80.7173,29.85],[-80.7347,29.8719],[-80.7316,29.8808],[-80.715,29.878],[-80.685,29.8634],[-80.6629,29.8633],[-80.6487,29.8776],[-80.6478,29.9281],[-80.6602,30.0147],[-80.6523,30.0585],[-80.6241,30.0595],[-80.59,30.0476],[-80.55,30.0228],[-80.5234,30.0137],[-80.5103,30.0201],[-80.4905,30.0796],[-80.464,30.1921],[-80.4556,30.2538],[-80.4652,30.2649],[-80.485,30.2657],[-80.515,30.2565],[-80.5444,30.2855],[-80.5732,30.3527],[-80.6368,30.4467],[-80.7352,30.5674],[-80.7894,30.6491],[-80.7995,30.6921],[-80.7864,30.7351],[-80.7502,30.7781],[-80.7456,30.8769],[-80.7727,31.0312],[-80.7771,31.1096],[-80.759,31.1122],[-80.735,31.0988],[-80.705,31.0695],[-80.665,31.0539],[-80.615,31.0521],[-80.575,31.0585],[-80.545,31.0731],[-80.5081,31.1431],[-80.4642,31.2682],[-80.4392,31.3628],[-80.4331,31.4269],[-80.3895,31.4227],[-80.3086,31.35],[-80.2384,31.3008],[-80.179,31.2752],[-80.1501,31.2495],[-80.1518,31.2239],[-80.1703,31.1982],[-80.2054,31.1725],[-80.2211,31.1426],[-80.2174,31.1083],[-80.2247,31.0784],[-80.2428,31.0527],[-80.2507,31.0312],[-80.2483,31.0141],[-80.2278,30.9939],[-80.1893,30.9705],[-80.1456,30.9619],[-80.0968,30.9681],[-80.0785,31.0012],[-80.0908,31.0612],[-80.0775,31.1083],[-80.0386,31.1426],[-80.0023,31.1897],[-79.9686,31.2495],[-79.9738,31.3136],[-80.0179,31.3819],[-80.0158,31.4545],[-79.9677,31.5312],[-79.9338,31.6164],[-79.9141,31.7101],[-79.865,31.7994],[-79.7866,31.8843],[-79.7562,31.9565],[-79.774,32.0159],[-79.7547,32.0552],[-79.6982,32.0744],[-79.645,32.0716],[-79.595,32.0469],[-79.5543,32.0669],[-79.523,32.1317],[-79.458,32.1908],[-79.3593,32.2441],[-79.285,32.2656],[-79.235,32.2554],[-79.1969,32.2414],[-79.1708,32.2238],[-79.1532,32.2065],[-79.1443,32.1895],[-79.1424,32.1659],[-79.1475,32.1357],[-79.14,32.1179],[-79.12,32.1125],[-79.1024,32.1191],[-79.0873,32.1378],[-79.0787,32.1768],[-79.0765,32.2361],[-79.1002,32.2699],[-79.1498,32.2784],[-79.1777,32.3079],[-79.184,32.3586],[-79.2089,32.4051],[-79.2524,32.4473],[-79.2467,32.5359],[-79.1917,32.6707],[-79.1256,32.7608],[-79.0485,32.8064],[-78.985,32.8374],[-78.935,32.8538],[-78.8954,32.8772],[-78.8663,32.9076],[-78.8263,32.934],[-78.7754,32.9562],[-78.72,32.9723],[-78.66,32.9825],[-78.6,32.9861],[-78.54,32.9833],[-78.49,32.9727],[-78.45,32.9545],[-78.41,32.9461],[-78.37,32.9473],[-78.3409,32.9248],[-78.3226,32.8787],[-78.3155,32.8221],[-78.3198,32.7548],[-78.3105,32.6959],[-78.2878,32.6454],[-78.2565,32.6075],[-78.2166,32.5822],[-78.1974,32.5569],[-78.1989,32.5317],[-78.2256,32.5021],[-78.2776,32.4684],[-78.31,32.4346],[-78.3228,32.4009],[-78.3644,32.3725],[-78.4348,32.3495],[-78.4761,32.3115],[-78.4882,32.2584],[-78.5142,32.2065],[-78.554,32.1557],[-78.6079,32.0972],[-78.676,32.0309],[-78.7412,31.9885],[-78.8035,31.97],[-78.8398,31.9522],[-78.85,31.9353],[-78.8507,31.914],[-78.8416,31.8886],[-78.8753,31.8434],[-78.9518,31.7786],[-79.0,31.7448],[-79.02,31.7421],[-79.04,31.7523],[-79.06,31.7753],[-79.0845,31.7921],[-79.1135,31.8026],[-79.1385,31.84],[-79.1595,31.9043],[-79.19,31.9414],[-79.23,31.9516],[-79.285,31.9436],[-79.355,31.9176],[-79.4052,31.8635],[-79.4356,31.7811],[-79.4417,31.7101],[-79.4235,31.6505],[-79.4353,31.5952],[-79.4773,31.544],[-79.4874,31.5014],[-79.4656,31.4673],[-79.4578,31.4417],[-79.4641,31.4246],[-79.5379,31.3719],[-79.6793,31.2834],[-79.7633,31.2236],[-79.79,31.1924],[-79.825,31.1749],[-79.8683,31.171],[-79.9016,31.1539],[-79.9248,31.1235],[-79.9382,31.0955],[-79.9418,31.0698],[-79.9352,31.0477],[-79.9184,31.0291],[-79.875,31.0274],[-79.805,31.0426],[-79.7613,31.0476],[-79.7438,31.0424],[-79.7616,31.0055],[-79.8147,30.9369],[-79.8434,30.8599],[-79.8478,30.7746],[-79.86,30.7277],[-79.88,30.7195],[-79.905,30.7298],[-79.935,30.7587],[-79.9621,30.7583],[-79.9863,30.7285],[-79.9851,30.6749],[-79.9584,30.5975],[-79.948,30.5157],[-79.9537,30.4295],[-79.965,30.3801],[-79.9817,30.3675],[-80.005,30.3869],[-80.035,30.4382],[-80.07,30.4642],[-80.11,30.4649],[-80.1376,30.4499],[-80.1528,30.419],[-80.1618,30.3734],[-80.1647,30.313],[-80.1813,30.2655],[-80.2117,30.231],[-80.2222,30.1748],[-80.2128,30.0969],[-80.1986,30.048],[-80.1795,30.028],[-80.1537,30.015],[-80.1212,30.009],[-80.1113,29.9844],[-80.1238,29.9411],[-80.1135,29.8977],[-80.0802,29.8544],[-80.0603,29.8023],[-80.0539,29.7415],[-80.0618,29.6894],[-80.0838,29.646],[-80.0698,29.5982],[-80.0197,29.546],[-80.0111,29.4938],[-80.0441,29.4415],[-80.0593,29.3805],[-80.0567,29.3108],[-80.017,29.241],[-79.9402,29.1712],[-79.9045,29.1275],[-79.9098,29.11],[-79.9421,29.0969],[-80.0014,29.0882],[-80.037,29.0663],[-80.0488,29.0314],[-80.0382,28.9658],[-80.0052,28.8695],[-79.9355,28.7862],[-79.8293,28.7161],[-79.7811,28.6547],[-79.7911,28.602],[-79.81,28.5581],[-79.8378,28.523],[-79.8466,28.479],[-79.8364,28.4263],[-79.7939,28.3647],[-79.7191,28.2942],[-79.6572,28.2458],[-79.6081,28.2194],[-79.579,28.1973],[-79.5698,28.1797],[-79.5714,28.1626],[-79.5838,28.146],[-79.61,28.1463],[-79.65,28.1637],[-79.7286,28.2205],[-79.8457,28.3166],[-79.9279,28.3647],[-79.9752,28.3647],[-80.0121,28.3471],[-80.0386,28.3119],[-80.0621,28.2414],[-80.0829,28.1356],[-80.1157,28.0562],[-80.1608,28.0033],[-80.1574,27.9326],[-80.1055,27.8442],[-80.0785,27.7734],[-80.0763,27.7203],[-80.0592,27.6716],[-80.0274,27.6273],[-79.9999,27.5564],[-79.9768,27.4588],[-79.9864,27.3982],[-80.0288,27.3745],[-80.065,27.3611],[-80.095,27.3581],[-80.2,27.3983],[-80.38,27.4818],[-80.5494,27.5883],[-80.7082,27.7176],[-80.8107,27.8265],[-80.8568,27.9149],[-80.937,28.0209],[-81.0514,28.1444],[-81.1027,28.2326]],[[-81.0979,28.2326],[-81.0855,28.2854],[-81.0601,28.3163],[-81.0216,28.3251],[-80.9923,28.3383],[-80.9721,28.3559],[-80.974,28.396],[-80.998,28.4585],[-81.0,28.4894],[-80.98,28.4886],[-80.95,28.4755],[-80.91,28.4503],[-80.88,28.4404],[-80.86,28.4459],[-80.835,28.4773],[-80.805,28.5346],[-80.735,28.6071],[-80.625,28.6948],[-80.567,28.7461],[-80.5609,28.7612],[-80.573,28.83],[-80.6033,28.9526],[-80.6518,29.0488],[-80.7183,29.1188],[-80.7685,29.1843],[-80.8023,29.2454],[-80.8171,29.3108],[-80.8127,29.3805],[-80.8206,29.4459],[-80.8405,29.5068],[-80.8304,29.5424],[-80.7901,29.5525],[-80.76,29.5665],[-80.74,29.5842],[-80.6991,29.5965],[-80.6373,29.6034],[-80.6244,29.6634],[-80.6606,29.7763],[-80.6675,29.85],[-80.6453,29.8847],[-80.6421,29.9367],[-80.658,30.006],[-80.657,30.0462],[-80.639,30.0573],[-80.61,30.0495],[-80.57,30.0229],[-80.54,30.0102],[-80.52,30.0115],[-80.4939,30.0712],[-80.4618,30.1893],[-80.4518,30.2553],[-80.4639,30.2694],[-80.485,30.2728],[-80.515,30.2656],[-80.5435,30.2931],[-80.5705,30.3553],[-80.6336,30.4467],[-80.7329,30.5674],[-80.7875,30.6491],[-80.7973,30.6921],[-80.7863,30.7265],[-80.7543,30.7523],[-80.7361,30.7738],[-80.7317,30.791],[-80.738,30.8254],[-80.7548,30.8769],[-80.7605,30.9241],[-80.755,30.967],[-80.7591,31.0184],[-80.7729,31.0784],[-80.7723,31.1087],[-80.7574,31.1095],[-80.735,31.095],[-80.705,31.0653],[-80.665,31.05],[-80.615,31.0493],[-80.575,31.0562],[-80.545,31.0707],[-80.5077,31.1412],[-80.463,31.2676],[-80.4411,31.3563],[-80.442,31.4076],[-80.4343,31.4377],[-80.4181,31.4467],[-80.3935,31.4296],[-80.3606,31.3865],[-80.2956,31.3378],[-80.1985,31.2836],[-80.1514,31.2451],[-80.1543,31.2224],[-80.1714,31.2025],[-80.2028,31.1854],[-80.2183,31.1554],[-80.2178,31.1126],[-80.2269,31.0784],[-80.2456,31.0527],[-80.2541,31.0312],[-80.2525,31.0141],[-80.2313,30.9933],[-80.1904,30.9688],[-80.145,30.9597],[-80.095,30.966],[-80.0762,30.9997],[-80.0886,31.0607],[-80.0752,31.1083],[-80.0359,31.1426],[-79.9989,31.1897],[-79.9641,31.2495],[-79.9691,31.3136],[-80.0139,31.3819],[-80.0124,31.4545],[-79.9645,31.5312],[-79.9308,31.6164],[-79.9113,31.7101],[-79.8618,31.7994],[-79.7823,31.8843],[-79.7518,31.9565],[-79.7706,32.0159],[-79.7524,32.0547],[-79.6975,32.0731],[-79.645,32.0698],[-79.595,32.0448],[-79.5539,32.0653],[-79.5216,32.1312],[-79.4566,32.1904],[-79.3589,32.2428],[-79.29,32.2655],[-79.25,32.2585],[-79.2127,32.245],[-79.1782,32.2249],[-79.1563,32.2065],[-79.1471,32.1895],[-79.1449,32.1641],[-79.1496,32.1303],[-79.1414,32.1114],[-79.1205,32.1075],[-79.1014,32.1159],[-79.0843,32.1368],[-79.0714,32.1768],[-79.0628,32.2361],[-79.0869,32.2699],[-79.1435,32.2784],[-79.1752,32.3079],[-79.1821,32.3586],[-79.207,32.4051],[-79.2498,32.4473],[-79.2439,32.5359],[-79.1895,32.6707],[-79.1242,32.7589],[-79.0481,32.8008],[-78.985,32.8289],[-78.935,32.8433],[-78.895,32.8683],[-78.865,32.904],[-78.825,32.9328],[-78.775,32.9546],[-78.72,32.9708],[-78.66,32.9812],[-78.6,32.9847],[-78.54,32.9815],[-78.49,32.9708],[-78.45,32.9525],[-78.41,32.943],[-78.37,32.9422],[-78.3416,32.9203],[-78.3247,32.8772],[-78.319,32.8221],[-78.3244,32.7548],[-78.3158,32.6959],[-78.293,32.6454],[-78.2619,32.6075],[-78.2226,32.5822],[-78.204,32.5569],[-78.2061,32.5317],[-78.2329,32.5021],[-78.2847,32.4684],[-78.3154,32.4385],[-78.3251,32.4125],[-78.365,32.3867],[-78.435,32.361],[-78.4769,32.3191],[-78.4908,32.2609],[-78.5215,32.2022],[-78.5692,32.143],[-78.6222,32.0849],[-78.6807,32.0281],[-78.7424,31.9899],[-78.8071,31.9705],[-78.8448,31.9522],[-78.8556,31.9353],[-78.8581,31.914],[-78.8523,31.8886],[-78.8846,31.8442],[-78.9549,31.781],[-79.0,31.7486],[-79.02,31.7472],[-79.04,31.7575],[-79.06,31.7796],[-79.0835,31.7949],[-79.1104,31.8035],[-79.1354,31.8414],[-79.1585,31.9083],[-79.19,31.9462],[-79.23,31.955],[-79.285,31.9462],[-79.355,31.9198],[-79.4057,31.865],[-79.437,31.7816],[-79.4437,31.7101],[-79.4257,31.6505],[-79.4382,31.5952],[-79.4811,31.544],[-79.4919,31.5014],[-79.4708,31.4673],[-79.4627,31.4425],[-79.4676,31.4271],[-79.54,31.3752],[-79.68,31.2867],[-79.7645,31.226],[-79.7934,31.1932],[-79.8284,31.1757],[-79.8695,31.1734],[-79.9024,31.1563],[-79.9272,31.1243],[-79.9405,31.0912],[-79.9422,31.057],[-79.9348,31.0337],[-79.9183,31.0214],[-79.875,31.0227],[-79.805,31.0375],[-79.7643,31.0394],[-79.7529,31.0282],[-79.7715,30.9927],[-79.82,30.9326],[-79.8457,30.861],[-79.8486,30.7778],[-79.86,30.7319],[-79.88,30.7232],[-79.905,30.7332],[-79.935,30.7619],[-79.9627,30.7606],[-79.988,30.7293],[-79.9872,30.6749],[-79.9604,30.5975],[-79.9501,30.5157],[-79.9562,30.4295],[-79.9669,30.381],[-79.9823,30.3702],[-80.005,30.3902],[-80.035,30.4408],[-80.07,30.4668],[-80.11,30.4679],[-80.1383,30.4523],[-80.155,30.4199],[-80.1652,30.3777],[-80.1687,30.326],[-80.1861,30.2785],[-80.2173,30.2353],[-80.2276,30.1748],[-80.217,30.0969],[-80.1897,30.0407],[-80.1457,30.006],[-80.1267,29.9714],[-80.1327,29.9367],[-80.1184,29.8977],[-80.0839,29.8544],[-80.0641,29.8023],[-80.059,29.7415],[-80.0669,29.6894],[-80.088,29.646],[-80.073,29.5982],[-80.0222,29.546],[-80.0139,29.4938],[-80.0482,29.4415],[-80.0647,29.3805],[-80.0633,29.3108],[-80.0232,29.241],[-79.9445,29.1712],[-79.9087,29.1275],[-79.9159,29.11],[-79.9481,29.0969],[-80.0054,29.0882],[-80.0402,29.0663],[-80.0525,29.0314],[-80.0414,28.9649],[-80.0071,28.8669],[-79.9381,28.7837],[-79.8343,28.7152],[-79.7872,28.6547],[-79.7968,28.602],[-79.8151,28.5581],[-79.8419,28.523],[-79.8501,28.479],[-79.8396,28.4263],[-79.797,28.3647],[-79.7222,28.2942],[-79.6605,28.2458],[-79.6119,28.2194],[-79.5827,28.1973],[-79.573,28.1797],[-79.5736,28.1636],[-79.5845,28.1489],[-79.61,28.1499],[-79.65,28.1665],[-79.7263,28.2223],[-79.8388,28.3172],[-79.9224,28.3647],[-79.9771,28.3647],[-80.0174,28.3471],[-80.0435,28.3119],[-80.0665,28.2414],[-80.0866,28.1356],[-80.119,28.0562],[-80.1639,28.0033],[-80.1602,27.9326],[-80.1081,27.8442],[-80.0808,27.7734],[-80.0783,27.7203],[-80.0616,27.6716],[-80.0308,27.6273],[-80.0046,27.5564],[-79.9832,27.4588],[-79.9919,27.3988],[-80.0306,27.3762],[-80.065,27.3633],[-80.095,27.3599],[-80.2,27.4],[-80.38,27.4835],[-80.5488,27.5896],[-80.7064,27.7181],[-80.8078,27.8265],[-80.8529,27.9149],[-80.9326,28.0209],[-81.047,28.1444],[-81.0979,28.2326]],[[-80.7174,29.863],[-80.6905,29.8544],[-80.6853,29.8477],[-80.7018,29.8431],[-80.7152,29.8475],[-80.7257,29.8607],[-80.7174,29.863]]]}},{"type":"Feature","properties":{"c":"#00fb90","v0":0.04,"v1":0.05},"geometry":{"type":"Polygon","coordinates":[[[-77.0949,32.9346],[-77.0783,32.9582],[-77.055,32.9701],[-77.025,32.9703],[-76.9974,32.9628],[-76.9721,32.9474],[-76.9504,32.9187],[-76.9321,32.8767],[-76.9398,32.8415],[-76.9733,32.8132],[-77.0032,32.7963],[-77.0296,32.7911],[-77.0579,32.8221],[-77.0881,32.8893],[-77.0949,32.9346]],[[-77.0937,32.9342],[-77.0779,32.9568],[-77.055,32.9683],[-77.025,32.9686],[-76.9985,32.9614],[-76.9755,32.9469],[-76.9543,32.9187],[-76.9349,32.8767],[-76.9514,32.8395],[-77.0038,32.807],[-77.0479,32.8238],[-77.0837,32.8899],[-77.0937,32.9342]]]}},{"type":"Feature","properties":{"c":"#00fb90","v0":0.04,"v1":0.05},"geometry":{"type":"Polygon","coordinates":[[[-81.9021,32.9189],[-81.894,32.9446],[-81.8757,32.9446],[-81.8472,32.9189],[-81.8472,32.9014],[-81.8757,32.892],[-81.894,32.892],[-81.9021,32.9014],[-81.9021,32.9189]],[[-81.8934,32.9113],[-81.8911,32.9218],[-81.8807,32.9218],[-81.862,32.9113],[-81.8631,32.9061],[-81.8841,32.9061],[-81.8934,32.9113]]]}},{"type":"Feature","properties":{"c":"#00fb90","v0":0.04,"v1":0.05},"geometry":{"type":"Polygon","coordinates":[[[-80.6727,32.5476],[-80.6442,32.6048],[-80.575,32.6815],[-80.465,32.7775],[-80.375,32.8345],[-80.305,32.8527],[-80.25,32.8758],[-80.21,32.9041],[-80.19,32.9047],[-80.19,32.8776],[-80.235,32.8149],[-80.325,32.7165],[-80.4,32.6658],[-80.46,32.6629],[-80.5193,32.6343],[-80.5779,32.5799],[-80.6179,32.5323],[-80.6393,32.4913],[-80.6592,32.4829],[-80.6777,32.507],[-80.6727,32.5476]],[[-80.6655,32.546],[-80.6418,32.5999],[-80.595,32.6522],[-80.525,32.703],[-80.47,32.7503],[-80.43,32.7941],[-80.375,32.8262],[-80.305,32.8467],[-80.25,32.8696],[-80.21,32.8947],[-80.1933,32.8944],[-80.2,32.8686],[-80.245,32.8097],[-80.3283,32.7176],[-80.4,32.6707],[-80.46,32.669],[-80.5214,32.6393],[-80.5842,32.5816],[-80.6242,32.5358],[-80.6414,32.5019],[-80.6568,32.4934],[-80.6705,32.5105],[-80.6655,32.546]]]}},{"type":"Feature","properties":{"c":"#00fb90","v0":0.04,"v1":0.05},"geometry":{"type":"Polygon","coordinates":[[[-77.2405,32.7388],[-77.2202,32.7739],[-77.1842,32.7865],[-77.1326,32.7766],[-77.1326,32.7493],[-77.1842,32.7046],[-77.2202,32.692],[-77.2405,32.7114],[-77.2405,32.7388]],[[-77.2388,32.7382],[-77.2196,32.7722],[-77.1862,32.7848],[-77.1386,32.776],[-77.1336,32.7518],[-77.1712,32.7121],[-77.2,32.6911],[-77.22,32.6887],[-77.2346,32.696],[-77.2438,32.7128],[-77.2388,32.7382]]]}},{"type":"Feature","properties":{"c":"#00fb90","v0":0.04,"v1":0.05},"geometry":{"type":"Polygon","coordinates":[[[-80.1331,32.3291],[-80.0999,32.422],[-80.04,32.4813],[-79.9533,32.5072],[-79.8836,32.5198],[-79.8309,32.5193],[-79.7969,32.5021],[-79.7816,32.4684],[-79.808,32.4213],[-79.876,32.3609],[-79.945,32.3223],[-80.015,32.3057],[-80.065,32.2849],[-80.095,32.2601],[-80.1156,32.2479],[-80.1269,32.2485],[-80.1368,32.2572],[-80.1454,32.2741],[-80.1331,32.3291]],[[-80.1267,32.3291],[-80.0867,32.422],[-80.0275,32.4807],[-79.9492,32.5054],[-79.8848,32.5181],[-79.8344,32.5187],[-79.8029,32.5021],[-79.7904,32.4684],[-79.8157,32.4222],[-79.8786,32.3635],[-79.945,32.3256],[-80.015,32.3086],[-80.065,32.2876],[-80.095,32.2628],[-80.1192,32.2584],[-80.1376,32.2745],[-80.1267,32.3291]]]}},{"type":"Feature","properties":{"c":"#00fb90","v0":0.04,"v1":0.05},"geometry":{"type":"Polygon","coordinates":[[[-80.6401,32.0735],[-80.6067,32.1294],[-80.5306,32.1929],[-80.4118,32.264],[-80.3459,32.3206],[-80.3329,32.3629],[-80.2973,32.4122],[-80.2391,32.4686],[-80.2074,32.4897],[-80.2021,32.4755],[-80.2285,32.422],[-80.2866,32.3291],[-80.3292,32.2461],[-80.3564,32.1732],[-80.42,32.1086],[-80.52,32.0523],[-80.5917,32.0295],[-80.6351,32.0402],[-80.6401,32.0735]],[[-80.6325,32.085],[-80.6042,32.1301],[-80.5286,32.1894],[-80.4058,32.2628],[-80.3387,32.3206],[-80.3274,32.3629],[-80.2938,32.4099],[-80.2379,32.4616],[-80.2381,32.4363],[-80.2942,32.3338],[-80.3342,32.2473],[-80.3581,32.1768],[-80.42,32.1128],[-80.52,32.0554],[-80.5879,32.0314],[-80.6238,32.0408],[-80.643,32.0498],[-80.6454,32.0582],[-80.6325,32.085]]]}},{"type":"Feature","properties":{"c":"#00fb90","v0":0.04,"v1":0.05},"geometry":{"type":"Polygon","coordinates":[[[-97.0214,32.3569],[-97.0138,32.4041],[-96.995,32.4408],[-96.965,32.4672],[-96.9327,32.4647],[-96.898,32.4334],[-96.8862,32.3924],[-96.897,32.3417],[-96.9193,32.3053],[-96.9531,32.283],[-96.98,32.2767],[-97.0,32.2862],[-97.0138,32.3016],[-97.0214,32.3227],[-97.0214,32.3569]],[[-97.0154,32.3586],[-97.0039,32.4093],[-96.9912,32.4403],[-96.9771,32.4516],[-96.96,32.4564],[-96.94,32.4547],[-96.9186,32.4406],[-96.8959,32.4141],[-96.8899,32.3798],[-96.9009,32.3375],[-96.9222,32.3064],[-96.9541,32.2865],[-96.98,32.2822],[-96.9999,32.2937],[-97.0127,32.3079],[-97.0183,32.3248],[-97.0154,32.3586]]]}},{"type":"Feature","properties":{"c":"#00fb90","v0":0.04,"v1":0.05},"geometry":{"type":"Polygon","coordinates":[[[-81.1877,32.075],[-81.1359,32.134],[-81.075,32.1853],[-81.005,32.229],[-80.94,32.2824],[-80.88,32.3455],[-80.845,32.3802],[-80.835,32.3867],[-80.82,32.3865],[-80.8,32.3795],[-80.7887,32.3653],[-80.786,32.344],[-80.8056,32.3164],[-80.8476,32.2826],[-80.8806,32.2403],[-80.9047,32.1895],[-80.96,32.1341],[-81.0467,32.0741],[-81.1,32.0509],[-81.12,32.0643],[-81.145,32.0617],[-81.175,32.043],[-81.1959,32.0366],[-81.2077,32.0426],[-81.1877,32.075]],[[-81.1852,32.0738],[-81.1351,32.1303],[-81.074,32.1811],[-81.002,32.2262],[-80.937,32.2789],[-80.879,32.3392],[-80.845,32.3731],[-80.835,32.3807],[-80.82,32.3805],[-80.8,32.3726],[-80.79,32.3603],[-80.79,32.3434],[-80.8112,32.3177],[-80.8537,32.283],[-80.887,32.2403],[-80.9111,32.1895],[-80.9598,32.1376],[-81.0333,32.0845],[-81.075,32.0559],[-81.085,32.0518],[-81.105,32.057],[-81.135,32.0714],[-81.16,32.0686],[-81.18,32.0487],[-81.1951,32.0404],[-81.2052,32.0438],[-81.1852,32.0738]]]}},{"type":"Feature","properties":{"c":"#00fb90","v0":0.04,"v1":0.05},"geometry":{"type":"Polygon","coordinates":[[[-81.9675,31.775],[-81.9425,31.8113],[-81.905,31.8253],[-81.855,31.817],[-81.81,31.8211],[-81.77,31.8377],[-81.71,31.8487],[-81.63,31.854],[-81.565,31.8637],[-81.515,31.8778],[-81.46,31.8784],[-81.3999,31.8654],[-81.3728,31.8461],[-81.3788,31.8206],[-81.3939,31.7958],[-81.418,31.7717],[-81.465,31.743],[-81.535,31.7096],[-81.5829,31.6962],[-81.6088,31.7026],[-81.6388,31.726],[-81.6729,31.7663],[-81.715,31.7752],[-81.765,31.7526],[-81.825,31.7349],[-81.895,31.7221],[-81.94,31.7184],[-81.96,31.7239],[-81.9725,31.7342],[-81.9775,31.7493],[-81.9675,31.775]],[[-81.9654,31.7739],[-81.9418,31.8079],[-81.905,31.8208],[-81.855,31.8128],[-81.81,31.8175],[-81.77,31.8349],[-81.71,31.8461],[-81.63,31.8509],[-81.565,31.8604],[-81.515,31.8746],[-81.465,31.8779],[-81.415,31.8703],[-81.3863,31.8604],[-81.3788,31.848],[-81.391,31.8206],[-81.4229,31.7781],[-81.4716,31.7415],[-81.5372,31.7108],[-81.5821,31.698],[-81.6062,31.7032],[-81.6362,31.7269],[-81.6721,31.7691],[-81.715,31.7788],[-81.765,31.7561],[-81.825,31.7381],[-81.895,31.7248],[-81.94,31.7215],[-81.96,31.7281],[-81.9718,31.7378],[-81.9754,31.7505],[-81.9654,31.7739]]]}},{"type":"Feature","properties":{"c":"#00fb90","v0":0.04,"v1":0.05},"geometry":{"type":"Polygon","coordinates":[[[-102.0053,31.8003],[-101.9418,31.7852],[-101.8864,31.7937],[-101.8391,31.8258],[-101.8041,31.8416],[-101.7814,31.841],[-101.7628,31.8282],[-101.7485,31.8033],[-101.7548,31.7569],[-101.7818,31.6888],[-101.8139,31.6516],[-101.8513,31.6453],[-101.89,31.6491],[-101.93,31.6632],[-101.9664,31.6876],[-101.9992,31.7224],[-102.021,31.7569],[-102.0317,31.7909],[-102.0053,31.8003]],[[-102.0261,31.7947],[-102.0154,31.8024],[-101.985,31.7983],[-101.935,31.7824],[-101.88,31.7914],[-101.82,31.8253],[-101.779,31.8337],[-101.757,31.8165],[-101.7577,31.7739],[-101.781,31.7058],[-101.807,31.6648],[-101.8357,31.6509],[-101.875,31.6511],[-101.925,31.6655],[-101.9704,31.7023],[-102.0111,31.7613],[-102.0261,31.7947]]]}},{"type":"Feature","properties":{"c":"#00fb90","v0":0.04,"v1":0.05},"geometry":{"type":"Polygon","coordinates":[[[-102.248,31.5603],[-102.2093,31.5417],[-102.165,31.4999],[-102.115,31.435],[-102.08,31.4021],[-102.06,31.4013],[-102.035,31.4123],[-102.005,31.435],[-101.9731,31.4217],[-101.9392,31.3724],[-101.9192,31.3303],[-101.9131,31.2953],[-101.955,31.2824],[-102.045,31.2917],[-102.12,31.3281],[-102.18,31.3915],[-102.2243,31.4598],[-102.253,31.533],[-102.248,31.5603]],[[-102.2572,31.5558],[-102.2524,31.5623],[-102.235,31.5564],[-102.205,31.5381],[-102.165,31.496],[-102.115,31.4302],[-102.08,31.3966],[-102.06,31.395],[-102.035,31.4058],[-102.005,31.429],[-101.9708,31.4046],[-101.9323,31.3326],[-101.9373,31.292],[-101.9858,31.2831],[-102.03,31.2846],[-102.07,31.2967],[-102.12,31.334],[-102.18,31.3965],[-102.2224,31.4589],[-102.2472,31.5213],[-102.2572,31.5558]]]}},{"type":"Feature","properties":{"c":"#00fb90","v0":0.04,"v1":0.05},"geometry":{"type":"Polygon","coordinates":[[[-82.8335,31.3948],[-82.8178,31.4204],[-82.775,31.4217],[-82.705,31.3986],[-82.6265,31.4284],[-82.5396,31.5112],[-82.4846,31.5554],[-82.4615,31.5611],[-82.4379,31.5526],[-82.4137,31.5298],[-82.3959,31.5014],[-82.3843,31.4673],[-82.4048,31.4204],[-82.4575,31.3606],[-82.4577,31.3093],[-82.4057,31.2666],[-82.4096,31.2196],[-82.4696,31.1683],[-82.5122,31.1402],[-82.5374,31.1353],[-82.57,31.1396],[-82.61,31.1532],[-82.635,31.1496],[-82.645,31.129],[-82.675,31.1458],[-82.725,31.2],[-82.77,31.2325],[-82.81,31.2433],[-82.8328,31.2821],[-82.8385,31.3487],[-82.8335,31.3948]],[[-82.8321,31.394],[-82.8174,31.4181],[-82.775,31.4187],[-82.705,31.3957],[-82.6258,31.4264],[-82.5374,31.5105],[-82.4824,31.5549],[-82.4608,31.5597],[-82.4384,31.5512],[-82.4153,31.5294],[-82.398,31.5014],[-82.3866,31.4673],[-82.4077,31.4204],[-82.4614,31.3606],[-82.4638,31.3093],[-82.4148,31.2666],[-82.4191,31.2196],[-82.4766,31.1683],[-82.5165,31.1406],[-82.5388,31.1366],[-82.57,31.142],[-82.61,31.1567],[-82.635,31.1544],[-82.645,31.1351],[-82.6745,31.1512],[-82.7236,31.2025],[-82.7686,31.2347],[-82.8095,31.2478],[-82.8324,31.2863],[-82.8371,31.3501],[-82.8321,31.394]]]}},{"type":"Feature","properties":{"c":"#00fb90","v0":0.04,"v1":0.05},"geometry":{"type":"Polygon","coordinates":[[[-96.9418,31.4673],[-96.9366,31.5014],[-96.9281,31.5236],[-96.916,31.5339],[-96.8918,31.5339],[-96.8555,31.5236],[-96.829,31.5099],[-96.8122,31.4929],[-96.8078,31.4673],[-96.8159,31.4332],[-96.8324,31.4],[-96.8575,31.3679],[-96.88,31.3543],[-96.9,31.3593],[-96.9186,31.3839],[-96.9358,31.4281],[-96.9418,31.4673]],[[-96.9346,31.4712],[-96.9182,31.513],[-96.895,31.5306],[-96.865,31.524],[-96.8397,31.5116],[-96.8192,31.4934],[-96.8102,31.4716],[-96.8126,31.446],[-96.8279,31.4139],[-96.856,31.3754],[-96.88,31.3588],[-96.9,31.3642],[-96.9182,31.3878],[-96.9346,31.4294],[-96.9346,31.4712]]]}},{"type":"Feature","properties":{"c":"#00fb90","v0":0.04,"v1":0.05},"geometry":{"type":"Polygon","coordinates":[[[-83.8074,31.1902],[-83.7958,31.217],[-83.7603,31.2341],[-83.701,31.2415],[-83.6686,31.2794],[-83.6631,31.3478],[-83.6478,31.3877],[-83.6226,31.3993],[-83.5979,31.3566],[-83.5736,31.2596],[-83.5536,31.2105],[-83.5379,31.2094],[-83.515,31.2217],[-83.485,31.2473],[-83.455,31.2508],[-83.425,31.2324],[-83.4123,31.1774],[-83.417,31.0857],[-83.427,31.0211],[-83.4423,30.9836],[-83.49,30.9628],[-83.57,30.9588],[-83.65,30.9841],[-83.73,31.0387],[-83.7808,31.0936],[-83.8024,31.1491],[-83.8074,31.1902]],[[-83.8061,31.1897],[-83.7954,31.2153],[-83.7596,31.2324],[-83.6988,31.241],[-83.6658,31.2794],[-83.6606,31.3478],[-83.646,31.387],[-83.622,31.3972],[-83.5993,31.3545],[-83.578,31.2589],[-83.558,31.2093],[-83.5393,31.2059],[-83.51,31.2176],[-83.47,31.2444],[-83.44,31.2472],[-83.42,31.2261],[-83.4127,31.1716],[-83.4182,31.0838],[-83.4282,31.022],[-83.4427,30.9863],[-83.49,30.966],[-83.57,30.9612],[-83.65,30.987],[-83.73,31.0436],[-83.7804,31.0981],[-83.8011,31.1506],[-83.8061,31.1897]]]}},{"type":"Feature","properties":{"c":"#00fb90","v0":0.04,"v1":0.05},"geometry":{"type":"Polygon","coordinates":[[[-97.8736,31.1939],[-97.8526,31.2281],[-97.8141,31.2666],[-97.758,31.3093],[-97.7212,31.288],[-97.7037,31.2025],[-97.6988,31.1525],[-97.7063,31.1381],[-97.72,31.1265],[-97.74,31.118],[-97.775,31.1187],[-97.825,31.1286],[-97.8585,31.1444],[-97.8756,31.166],[-97.8736,31.1939]],[[-97.8685,31.1939],[-97.8477,31.2281],[-97.8105,31.2651],[-97.7568,31.3049],[-97.725,31.2774],[-97.715,31.1825],[-97.72,31.1305],[-97.74,31.1214],[-97.775,31.1219],[-97.825,31.1321],[-97.8572,31.1471],[-97.8717,31.1669],[-97.8685,31.1939]]]}},{"type":"Feature","properties":{"c":"#00fb90","v0":0.04,"v1":0.05},"geometry":{"type":"Polygon","coordinates":[[[-83.0555,31.288],[-83.0489,31.3051],[-83.0317,31.3137],[-83.0039,31.3139],[-82.9699,31.2926],[-82.9298,31.2496],[-82.9198,31.1881],[-82.9399,31.1078],[-82.9586,31.0693],[-82.9757,31.0725],[-83.0001,31.1041],[-83.0319,31.164],[-83.0505,31.2153],[-83.056,31.2581],[-83.0555,31.288]],[[-83.052,31.288],[-83.0436,31.3051],[-83.0289,31.3136],[-83.008,31.3136],[-82.9764,31.2923],[-82.9341,31.2495],[-82.9222,31.1888],[-82.9407,31.11],[-82.9576,31.0715],[-82.9727,31.0732],[-82.9966,31.1041],[-83.0292,31.164],[-83.0482,31.2153],[-83.0535,31.2581],[-83.052,31.288]]]}},{"type":"Feature","properties":{"c":"#00fb90","v0":0.04,"v1":0.05},"geometry":{"type":"Polygon","coordinates":[[[-82.9013,30.9255],[-82.8671,30.9369],[-82.8453,30.9326],[-82.836,30.9126],[-82.846,30.8943],[-82.8753,30.8778],[-82.8971,30.8821],[-82.9113,30.9072],[-82.9013,30.9255]],[[-82.8981,30.9243],[-82.866,30.9334],[-82.8469,30.9291],[-82.8407,30.9115],[-82.8507,30.896],[-82.8769,30.8826],[-82.896,30.8869],[-82.9081,30.9088],[-82.8981,30.9243]]]}},{"type":"Feature","properties":{"c":"#00fb90","v0":0.04,"v1":0.05},"geometry":{"type":"Polygon","coordinates":[[[-81.4405,30.9069],[-81.4278,30.9155],[-81.4235,30.9092],[-81.4278,30.8881],[-81.4342,30.8838],[-81.4426,30.8964],[-81.4405,30.9069]],[[-81.4375,30.9069],[-81.4308,30.9155],[-81.4281,30.9105],[-81.4294,30.8918],[-81.4327,30.8875],[-81.4381,30.8976],[-81.4375,30.9069]]]}},{"type":"Feature","properties":{"c":"#00fb90","v0":0.04,"v1":0.05},"geometry":{"type":"Polygon","coordinates":[[[-97.8598,30.8408],[-97.8533,30.8544],[-97.84,30.8635],[-97.82,30.868],[-97.7967,30.844],[-97.7702,30.7915],[-97.7406,30.7523],[-97.7078,30.7265],[-97.726,30.7138],[-97.7953,30.7142],[-97.8383,30.7443],[-97.8548,30.8041],[-97.8598,30.8408]],[[-97.8566,30.8396],[-97.8522,30.851],[-97.84,30.859],[-97.82,30.8637],[-97.7977,30.8408],[-97.7732,30.7904],[-97.7453,30.7523],[-97.7142,30.7265],[-97.7315,30.7148],[-97.7972,30.717],[-97.8372,30.7471],[-97.8516,30.805],[-97.8566,30.8396]]]}},{"type":"Feature","properties":{"c":"#00fb90","v0":0.04,"v1":0.05},"geometry":{"type":"Polygon","coordinates":[[[-83.743,30.7602],[-83.721,30.7847],[-83.69,30.7932],[-83.65,30.7859],[-83.62,30.7899],[-83.6,30.8051],[-83.585,30.8099],[-83.575,30.8045],[-83.5632,30.7754],[-83.5497,30.7228],[-83.5447,30.6624],[-83.5482,30.5941],[-83.565,30.5633],[-83.595,30.5698],[-83.63,30.5898],[-83.67,30.6232],[-83.706,30.6669],[-83.738,30.721],[-83.743,30.7602]],[[-83.7416,30.7598],[-83.7205,30.7832],[-83.69,30.7908],[-83.65,30.7825],[-83.6177,30.7837],[-83.5932,30.7943],[-83.5722,30.7738],[-83.5547,30.7222],[-83.5469,30.6642],[-83.549,30.5996],[-83.56,30.5666],[-83.58,30.5652],[-83.615,30.5839],[-83.665,30.6226],[-83.7055,30.6684],[-83.7366,30.7215],[-83.7416,30.7598]]]}},{"type":"Feature","properties":{"c":"#00fb90","v0":0.04,"v1":0.05},"geometry":{"type":"Polygon","coordinates":[[[-82.6796,30.7184],[-82.6732,30.728],[-82.6656,30.728],[-82.6569,30.7184],[-82.6569,30.7068],[-82.6656,30.6933],[-82.6732,30.6933],[-82.6796,30.7068],[-82.6796,30.7184]]]}},{"type":"Feature","properties":{"c":"#00fb90","v0":0.04,"v1":0.05},"geometry":{"type":"Polygon","coordinates":[[[-80.9519,30.6448],[-80.9446,30.6792],[-80.9282,30.6928],[-80.9027,30.6855],[-80.8753,30.6554],[-80.8458,30.6025],[-80.8358,30.5606],[-80.8453,30.5298],[-80.855,30.5131],[-80.865,30.5102],[-80.885,30.5234],[-80.915,30.5526],[-80.9364,30.5823],[-80.9492,30.6125],[-80.9519,30.6448]],[[-80.9482,30.6448],[-80.939,30.6792],[-80.928,30.6964],[-80.9151,30.6964],[-80.8913,30.6706],[-80.8565,30.619],[-80.8418,30.5765],[-80.8473,30.5431],[-80.86,30.5276],[-80.88,30.5299],[-80.9057,30.5552],[-80.9371,30.6035],[-80.9482,30.6448]]]}},{"type":"Feature","properties":{"c":"#00fb90","v0":0.04,"v1":0.05},"geometry":{"type":"Polygon","coordinates":[[[-97.8932,30.6355],[-97.8777,30.6512],[-97.855,30.661],[-97.825,30.665],[-97.8012,30.6442],[-97.7837,30.5987],[-97.7937,30.5723],[-97.8312,30.565],[-97.8627,30.5779],[-97.8882,30.6111],[-97.8932,30.6355]],[[-97.8867,30.6362],[-97.8656,30.6534],[-97.8438,30.6622],[-97.8213,30.6624],[-97.802,30.6409],[-97.7861,30.5976],[-97.7961,30.5732],[-97.832,30.5677],[-97.8618,30.5806],[-97.8855,30.612],[-97.8867,30.6362]]]}},{"type":"Feature","properties":{"c":"#00fb90","v0":0.04,"v1":0.05},"geometry":{"type":"Polygon","coordinates":[[[-82.8577,30.5475],[-82.8526,30.5595],[-82.845,30.5627],[-82.835,30.5572],[-82.825,30.5417],[-82.815,30.5164],[-82.8181,30.5046],[-82.8342,30.5062],[-82.8467,30.5157],[-82.8558,30.5329],[-82.8577,30.5475]],[[-82.855,30.5458],[-82.8517,30.5545],[-82.845,30.5565],[-82.835,30.552],[-82.8269,30.5391],[-82.8206,30.5178],[-82.8273,30.5157],[-82.8468,30.5329],[-82.855,30.5458]]]}},{"type":"Feature","properties":{"c":"#00fb90","v0":0.04,"v1":0.05},"geometry":{"type":"Polygon","coordinates":[[[-90.9615,30.2866],[-90.9538,30.2943],[-90.86,30.2918],[-90.68,30.2792],[-90.5594,30.284],[-90.4981,30.3062],[-90.4639,30.326],[-90.4568,30.3432],[-90.4585,30.3605],[-90.4691,30.3777],[-90.5434,30.413],[-90.6811,30.4663],[-90.7558,30.5008],[-90.7674,30.5165],[-90.7674,30.5318],[-90.7558,30.5468],[-90.715,30.5525],[-90.645,30.549],[-90.585,30.535],[-90.535,30.5104],[-90.49,30.4961],[-90.45,30.4921],[-90.4226,30.4771],[-90.4078,30.4511],[-90.3778,30.4215],[-90.3326,30.3884],[-90.25,30.3597],[-90.13,30.3355],[-90.05,30.3135],[-90.01,30.2937],[-89.965,30.2956],[-89.915,30.3194],[-89.835,30.34],[-89.725,30.3574],[-89.65,30.3769],[-89.61,30.3983],[-89.565,30.4084],[-89.515,30.4072],[-89.4775,30.4188],[-89.4524,30.4432],[-89.4024,30.4555],[-89.3275,30.4559],[-89.25,30.4451],[-89.17,30.4233],[-89.115,30.3976],[-89.085,30.3683],[-89.037,30.3402],[-88.971,30.3135],[-88.931,30.2918],[-88.917,30.2753],[-88.9102,30.2537],[-88.9105,30.227],[-88.9155,30.2057],[-88.9252,30.1897],[-88.94,30.1849],[-88.96,30.1914],[-88.9723,30.208],[-88.9768,30.2348],[-88.9968,30.256],[-89.0323,30.2715],[-89.0847,30.2542],[-89.154,30.2041],[-89.219,30.1834],[-89.2797,30.1919],[-89.3236,30.1919],[-89.3509,30.1834],[-89.3675,30.1705],[-89.3734,30.1532],[-89.3697,30.1365],[-89.3566,30.1204],[-89.315,30.1109],[-89.245,30.108],[-89.1828,30.0944],[-89.1283,30.0701],[-89.1033,30.0528],[-89.1078,30.0425],[-89.14,30.036],[-89.2,30.0333],[-89.245,30.0238],[-89.275,30.0075],[-89.33,30.0087],[-89.41,30.0272],[-89.48,30.0345],[-89.54,30.0304],[-89.62,30.0181],[-89.72,29.9975],[-89.7743,29.992],[-89.7828,30.0013],[-89.7735,30.0147],[-89.7464,30.032],[-89.7314,30.0493],[-89.7286,30.0666],[-89.7429,30.0851],[-89.7743,30.1047],[-89.8043,30.1004],[-89.8328,30.0721],[-89.8382,30.045],[-89.8205,30.019],[-89.8312,29.9975],[-89.8704,29.9803],[-89.915,29.9773],[-89.965,29.9884],[-90.04,30.0169],[-90.14,30.0627],[-90.285,30.0913],[-90.475,30.1027],[-90.59,30.1005],[-90.63,30.0846],[-90.665,30.0789],[-90.695,30.0834],[-90.7362,30.1004],[-90.7887,30.1298],[-90.82,30.1618],[-90.8301,30.1964],[-90.8677,30.231],[-90.9328,30.2655],[-90.9615,30.2866]],[[-90.8587,30.2799],[-90.6662,30.2741],[-90.5426,30.2828],[-90.4877,30.3058],[-90.4575,30.326],[-90.4518,30.3432],[-90.4541,30.3605],[-90.4642,30.3777],[-90.5394,30.4142],[-90.6798,30.47],[-90.7548,30.5044],[-90.7643,30.5177],[-90.7643,30.5306],[-90.7548,30.5431],[-90.715,30.5482],[-90.645,30.5461],[-90.585,30.5326],[-90.535,30.5079],[-90.4927,30.4941],[-90.4582,30.4913],[-90.432,30.4769],[-90.4143,30.451],[-90.3816,30.4208],[-90.3339,30.3862],[-90.25,30.3568],[-90.13,30.3327],[-90.05,30.3102],[-90.01,30.2893],[-89.965,30.2911],[-89.915,30.3156],[-89.835,30.3365],[-89.725,30.3538],[-89.65,30.3733],[-89.61,30.3949],[-89.5629,30.4052],[-89.5086,30.4042],[-89.4686,30.4147],[-89.4429,30.4369],[-89.41,30.4506],[-89.37,30.456],[-89.295,30.4464],[-89.185,30.422],[-89.115,30.3948],[-89.085,30.365],[-89.0386,30.3376],[-88.9757,30.3126],[-88.937,30.2914],[-88.9225,30.2742],[-88.919,30.2469],[-88.9263,30.2097],[-88.9371,30.1924],[-88.9514,30.1951],[-88.9618,30.2094],[-88.9684,30.2353],[-88.9913,30.2568],[-89.0304,30.2738],[-89.085,30.2574],[-89.155,30.2076],[-89.22,30.1868],[-89.28,30.1951],[-89.3246,30.1942],[-89.3537,30.1841],[-89.3711,30.1705],[-89.3769,30.1532],[-89.3723,30.1356],[-89.3574,30.1177],[-89.315,30.1074],[-89.245,30.1048],[-89.1845,30.0921],[-89.1334,30.0694],[-89.1086,30.0537],[-89.1098,30.045],[-89.1403,30.0394],[-89.2001,30.0368],[-89.245,30.0273],[-89.275,30.0111],[-89.33,30.012],[-89.41,30.03],[-89.525,30.0291],[-89.675,30.0094],[-89.7414,30.0185],[-89.7243,30.0564],[-89.7343,30.0861],[-89.7714,30.1077],[-89.8053,30.1034],[-89.836,30.0731],[-89.8467,30.045],[-89.8373,30.019],[-89.847,29.9996],[-89.8757,29.9867],[-89.915,29.9848],[-89.965,29.9939],[-90.0262,30.0176],[-90.0987,30.0561],[-90.1537,30.0791],[-90.1912,30.0867],[-90.3,30.0956],[-90.48,30.1058],[-90.59,30.1042],[-90.63,30.0909],[-90.665,30.0859],[-90.695,30.089],[-90.7348,30.1041],[-90.7843,30.131],[-90.8145,30.1618],[-90.8253,30.1964],[-90.8618,30.231],[-90.9239,30.2655],[-90.8587,30.2799]]]}},{"type":"Feature","properties":{"c":"#00fb90","v0":0.04,"v1":0.05},"geometry":{"type":"Polygon","coordinates":[[[-87.0847,30.4663],[-87.0616,30.4882],[-87.015,30.5007],[-86.945,30.5038],[-86.895,30.4687],[-86.865,30.3955],[-86.83,30.3414],[-86.79,30.3067],[-86.745,30.2782],[-86.695,30.2559],[-86.66,30.224],[-86.64,30.1826],[-86.6117,30.1445],[-86.5752,30.1099],[-86.5602,30.0731],[-86.5667,30.0341],[-86.615,30.0239],[-86.705,30.0426],[-86.7809,30.1011],[-86.8428,30.1992],[-86.9112,30.2612],[-86.9861,30.2871],[-87.0232,30.3173],[-87.0225,30.3519],[-87.0407,30.3907],[-87.0777,30.4338],[-87.0847,30.4663]],[[-87.0827,30.4657],[-87.0609,30.4864],[-87.015,30.4974],[-86.945,30.4988],[-86.906,30.4798],[-86.8981,30.4405],[-86.8831,30.4041],[-86.861,30.3706],[-86.83,30.3368],[-86.79,30.3028],[-86.745,30.2741],[-86.695,30.251],[-86.6607,30.22],[-86.6422,30.1812],[-86.6157,30.1445],[-86.5812,30.1099],[-86.5661,30.0753],[-86.5706,30.0407],[-86.5821,30.0213],[-86.6007,30.0172],[-86.645,30.0256],[-86.715,30.0467],[-86.78,30.1056],[-86.84,30.2025],[-86.9063,30.2632],[-86.9789,30.2878],[-87.0162,30.3173],[-87.0183,30.3519],[-87.0379,30.3907],[-87.075,30.4338],[-87.0827,30.4657]]]}},{"type":"Feature","properties":{"c":"#00fb90","v0":0.04,"v1":0.05},"geometry":{"type":"Polygon","coordinates":[[[-91.0516,30.4568],[-90.9972,30.4598],[-90.9592,30.4512],[-90.9377,30.431],[-90.9477,30.421],[-90.9892,30.4213],[-91.0262,30.4257],[-91.0587,30.434],[-91.0759,30.4424],[-91.0779,30.451],[-91.0516,30.4568]],[[-91.0464,30.4571],[-91.0088,30.4605],[-90.9761,30.4562],[-90.9482,30.4442],[-90.9367,30.4338],[-90.9416,30.4252],[-90.9555,30.4209],[-90.9785,30.4211],[-91.0082,30.4254],[-91.0447,30.4339],[-91.0635,30.4424],[-91.0646,30.451],[-91.0464,30.4571]]]}},{"type":"Feature","properties":{"c":"#00fb90","v0":0.04,"v1":0.05},"geometry":{"type":"Polygon","coordinates":[[[-98.0171,30.3803],[-97.999,30.4025],[-97.975,30.4077],[-97.945,30.3958],[-97.914,30.3674],[-97.882,30.3225],[-97.867,30.285],[-97.869,30.255],[-97.9001,30.2507],[-97.9603,30.2721],[-97.9993,30.3044],[-98.0172,30.3475],[-98.0171,30.3803]],[[-98.0204,30.3777],[-98.013,30.395],[-97.9945,30.4036],[-97.9648,30.4036],[-97.9307,30.3777],[-97.8921,30.3259],[-97.8721,30.2868],[-97.8707,30.2603],[-97.9,30.2569],[-97.96,30.2767],[-97.9985,30.3072],[-98.0156,30.3485],[-98.0204,30.3777]]]}},{"type":"Feature","properties":{"c":"#00fb90","v0":0.04,"v1":0.05},"geometry":{"type":"Polygon","coordinates":[[[-80.7872,30.2716],[-80.7757,30.2839],[-80.7622,30.2709],[-80.7467,30.2328],[-80.7467,30.2156],[-80.7622,30.2193],[-80.7757,30.2323],[-80.7872,30.2544],[-80.7872,30.2716]],[[-80.7837,30.2697],[-80.7746,30.2779],[-80.765,30.2665],[-80.755,30.2352],[-80.7596,30.231],[-80.7787,30.254],[-80.7837,30.2697]]]}},{"type":"Feature","properties":{"c":"#00fb90","v0":0.04,"v1":0.05},"geometry":{"type":"Polygon","coordinates":[[[-88.7322,30.1712],[-88.7174,30.1901],[-88.685,30.1998],[-88.635,30.2002],[-88.57,30.1648],[-88.49,30.0935],[-88.455,30.0532],[-88.465,30.0439],[-88.48,30.0401],[-88.5,30.0418],[-88.56,30.0633],[-88.66,30.1046],[-88.7174,30.1343],[-88.7322,30.1527],[-88.7322,30.1712]],[[-88.7301,30.1707],[-88.7167,30.1884],[-88.685,30.1974],[-88.635,30.1976],[-88.5715,30.1628],[-88.4946,30.093],[-88.4696,30.055],[-88.4965,30.0492],[-88.5599,30.0665],[-88.6597,30.107],[-88.7164,30.1359],[-88.73,30.1532],[-88.7301,30.1707]]]}},{"type":"Feature","properties":{"c":"#00fb90","v0":0.04,"v1":0.05},"geometry":{"type":"Polygon","coordinates":[[[-79.9707,30.0457],[-79.9569,30.0557],[-79.935,30.0585],[-79.905,30.0541],[-79.8652,30.0318],[-79.8156,29.9915],[-79.7819,29.9584],[-79.764,29.9324],[-79.7538,29.8974],[-79.7513,29.8535],[-79.755,29.8284],[-79.765,29.8221],[-79.7741,29.8311],[-79.7823,29.8553],[-79.8108,29.8804],[-79.8597,29.9064],[-79.9075,29.9497],[-79.9543,30.0104],[-79.9707,30.0457]],[[-79.968,30.045],[-79.956,30.0538],[-79.935,30.056],[-79.905,30.0518],[-79.8658,30.0302],[-79.8173,29.991],[-79.7843,29.9584],[-79.7669,29.9324],[-79.7596,29.8977],[-79.7623,29.8544],[-79.7659,29.8414],[-79.7706,29.8587],[-79.7971,29.8778],[-79.8457,29.8986],[-79.8819,29.9203],[-79.9057,29.9428],[-79.9317,29.9757],[-79.9599,30.019],[-79.968,30.045]]]}},{"type":"Feature","properties":{"c":"#00fb90","v0":0.04,"v1":0.05},"geometry":{"type":"Polygon","coordinates":[[[-90.9859,30.0104],[-90.9804,30.019],[-90.9658,30.0234],[-90.9419,30.0236],[-90.9087,30.0149],[-90.8662,29.9974],[-90.8612,29.9866],[-90.8937,29.9825],[-90.9296,29.9868],[-90.9689,29.9996],[-90.9859,30.0104]],[[-90.9652,30.0091],[-90.9417,30.0152],[-90.9119,30.0109],[-90.8758,29.9961],[-90.8875,29.993],[-90.9471,30.0017],[-90.9652,30.0091]]]}},{"type":"Feature","properties":{"c":"#00fb90","v0":0.04,"v1":0.05},"geometry":{"type":"Polygon","coordinates":[[[-85.1764,29.9071],[-85.1721,29.9171],[-85.158,29.9171],[-85.1339,29.9071],[-85.1189,29.8905],[-85.113,29.8673],[-85.1228,29.8587],[-85.1483,29.8645],[-85.1655,29.876],[-85.1742,29.8934],[-85.1764,29.9071]],[[-85.1625,29.9023],[-85.1408,29.9027],[-85.1255,29.8941],[-85.1166,29.8763],[-85.1216,29.8668],[-85.1405,29.8657],[-85.1558,29.8744],[-85.1675,29.8928],[-85.1625,29.9023]]]}},{"type":"Feature","properties":{"c":"#00fb90","v0":0.04,"v1":0.05},"geometry":{"type":"Polygon","coordinates":[[[-86.7457,27.0447],[-86.7219,27.0968],[-86.69,27.1168],[-86.65,27.1047],[-86.6159,27.1098],[-86.5876,27.1322],[-86.5829,27.2145],[-86.6017,27.3567],[-86.6027,27.4855],[-86.5857,27.6007],[-86.5654,27.6716],[-86.5418,27.698],[-86.47,27.653],[-86.35,27.5365],[-86.2795,27.4523],[-86.2584,27.4004],[-86.2184,27.3337],[-86.1595,27.252],[-86.085,27.1905],[-85.995,27.1492],[-85.9201,27.0967],[-85.8602,27.0328],[-85.8102,26.9924],[-85.7701,26.9754],[-85.7228,26.9888],[-85.6684,27.0325],[-85.6484,27.0947],[-85.6628,27.1755],[-85.635,27.2108],[-85.565,27.2009],[-85.5038,27.205],[-85.4513,27.2232],[-85.3985,27.3479],[-85.3454,27.5786],[-85.3338,27.7557],[-85.3637,27.8796],[-85.4353,28.0297],[-85.5486,28.2061],[-85.6073,28.3251],[-85.6113,28.3867],[-85.6058,28.4526],[-85.5909,28.523],[-85.6227,28.6108],[-85.701,28.7161],[-85.7339,28.8388],[-85.7214,28.9789],[-85.6826,29.0838],[-85.6176,29.1537],[-85.5563,29.1984],[-85.4988,29.218],[-85.4646,29.2529],[-85.4538,29.3031],[-85.4788,29.3556],[-85.5396,29.4103],[-85.61,29.4385],[-85.69,29.4403],[-85.7725,29.4565],[-85.8574,29.4871],[-85.9474,29.535],[-86.0425,29.5999],[-86.1165,29.6434],[-86.1695,29.6654],[-86.2135,29.6981],[-86.2486,29.7415],[-86.2621,29.7755],[-86.254,29.8],[-86.22,29.8288],[-86.16,29.8618],[-86.105,29.8688],[-86.055,29.8498],[-86.015,29.8437],[-85.985,29.8505],[-85.935,29.8499],[-85.865,29.8419],[-85.79,29.8437],[-85.71,29.8554],[-85.6522,29.8541],[-85.6165,29.8398],[-85.5665,29.8005],[-85.5022,29.736],[-85.43,29.6794],[-85.35,29.6308],[-85.29,29.6068],[-85.25,29.6077],[-85.21,29.624],[-85.17,29.6557],[-85.12,29.6607],[-85.06,29.6391],[-85.005,29.628],[-84.955,29.6275],[-84.845,29.5816],[-84.675,29.4904],[-84.5671,29.3982],[-84.5214,29.3051],[-84.4983,29.2105],[-84.498,29.1144],[-84.4922,29.0576],[-84.4811,29.0401],[-84.4442,29.0068],[-84.3814,28.9578],[-84.2828,28.9096],[-84.1483,28.8624],[-84.0583,28.8172],[-84.0128,28.7741],[-83.9424,28.739],[-83.8473,28.712],[-83.8114,28.6415],[-83.8347,28.5273],[-83.8744,28.4438],[-83.9304,28.3911],[-83.9605,28.3163],[-83.9645,28.2194],[-83.9799,28.14],[-84.0066,28.0783],[-83.9524,27.9893],[-83.8175,27.873],[-83.7469,27.7978],[-83.7407,27.7639],[-83.7208,27.7247],[-83.6871,27.6805],[-83.6397,27.5963],[-83.5785,27.4722],[-83.5508,27.3701],[-83.5565,27.2901],[-83.5716,27.2056],[-83.596,27.1167],[-83.6027,27.0588],[-83.5917,27.0321],[-83.5621,27.0007],[-83.514,26.9645],[-83.46,26.9126],[-83.4,26.8449],[-83.315,26.7903],[-83.205,26.749],[-83.13,26.7073],[-83.09,26.665],[-83.08,26.6399],[-83.1,26.6319],[-83.135,26.6382],[-83.185,26.6588],[-83.235,26.666],[-83.285,26.6599],[-83.34,26.6662],[-83.4,26.685],[-83.4351,26.6907],[-83.4452,26.6833],[-83.4422,26.6618],[-83.4261,26.626],[-83.348,26.5232],[-83.208,26.353],[-83.141,26.2593],[-83.147,26.2423],[-83.16,26.2325],[-83.18,26.23],[-83.23,26.2519],[-83.31,26.2984],[-83.3585,26.3216],[-83.3756,26.3216],[-83.3633,26.2768],[-83.3216,26.1871],[-83.3004,26.1018],[-83.2997,26.021],[-83.312,25.9844],[-83.3373,25.9921],[-83.39,26.0511],[-83.47,26.161],[-83.535,26.2357],[-83.585,26.275],[-83.617,26.2925],[-83.631,26.288],[-83.6378,26.2723],[-83.6373,26.2454],[-83.6155,26.1961],[-83.5722,26.1243],[-83.5654,26.0827],[-83.5951,26.0713],[-83.635,26.0751],[-83.685,26.094],[-83.7134,26.0952],[-83.7203,26.0787],[-83.7131,26.0344],[-83.6918,25.9625],[-83.661,25.8996],[-83.6205,25.8456],[-83.591,25.7781],[-83.5726,25.697],[-83.5507,25.6474],[-83.5255,25.6294],[-83.4821,25.6187],[-83.4207,25.6153],[-83.376,25.5882],[-83.3481,25.5375],[-83.3531,25.502],[-83.391,25.4818],[-83.4127,25.4637],[-83.4182,25.4478],[-83.4032,25.395],[-83.3677,25.3052],[-83.3,25.227],[-83.2,25.1604],[-83.095,25.0752],[-82.985,24.9714],[-82.895,24.9114],[-82.825,24.8955],[-82.7752,24.8717],[-82.7455,24.84],[-82.731,24.806],[-82.7315,24.7697],[-82.7443,24.7379],[-82.7695,24.7107],[-82.7721,24.6698],[-82.752,24.6153],[-82.7557,24.5789],[-82.7829,24.5607],[-82.7979,24.538],[-82.8005,24.5107],[-82.8233,24.4879],[-82.8663,24.4697],[-82.9197,24.456],[-82.9836,24.4469],[-83.014,24.4196],[-83.011,24.3741],[-82.9943,24.324],[-82.9642,24.2693],[-82.9532,24.2374],[-82.9615,24.2283],[-82.9817,24.2272],[-83.0139,24.2343],[-83.0335,24.2343],[-83.0406,24.2272],[-83.0403,24.1872],[-83.0325,24.1142],[-83.049,24.0802],[-83.0897,24.0852],[-83.135,24.0809],[-83.185,24.0674],[-83.26,24.0938],[-83.36,24.1602],[-83.435,24.2022],[-83.485,24.2197],[-83.52,24.2139],[-83.54,24.1847],[-83.565,24.17],[-83.595,24.1696],[-83.625,24.195],[-83.655,24.2462],[-83.695,24.2805],[-83.745,24.298],[-83.81,24.2867],[-83.89,24.2464],[-83.973,24.2211],[-84.059,24.2107],[-84.129,24.1666],[-84.183,24.0887],[-84.225,24.0394],[-84.255,24.0185],[-84.2758,23.989],[-84.2875,23.9507],[-84.3175,23.9286],[-84.3658,23.9228],[-84.3994,23.9136],[-84.4183,23.9012],[-84.4378,23.8538],[-84.4578,23.7714],[-84.5034,23.7154],[-84.5745,23.6858],[-84.6146,23.6858],[-84.6239,23.7154],[-84.6184,23.7577],[-84.5982,23.8126],[-84.5898,23.8538],[-84.5932,23.8812],[-84.6087,23.9125],[-84.6362,23.9477],[-84.665,23.9733],[-84.695,23.9894],[-84.72,24.0275],[-84.74,24.0878],[-84.78,24.1416],[-84.84,24.189],[-84.9,24.2237],[-84.96,24.2457],[-85.0,24.2553],[-85.02,24.2524],[-85.0373,24.2395],[-85.052,24.2168],[-85.0604,24.1735],[-85.0626,24.1096],[-85.0903,24.0791],[-85.1434,24.0819],[-85.185,24.0596],[-85.215,24.0122],[-85.26,23.9868],[-85.32,23.9836],[-85.365,24.0032],[-85.395,24.0457],[-85.44,24.0657],[-85.5,24.0633],[-85.545,24.056],[-85.575,24.0438],[-85.6,24.0666],[-85.62,24.1243],[-85.6301,24.1936],[-85.6303,24.2744],[-85.6159,24.3468],[-85.5869,24.4105],[-85.5568,24.4541],[-85.5256,24.4775],[-85.4979,24.5094],[-85.4738,24.5497],[-85.4769,24.6425],[-85.5072,24.7879],[-85.5065,24.9376],[-85.4748,25.0917],[-85.4788,25.241],[-85.5186,25.3857],[-85.5304,25.4805],[-85.5142,25.5256],[-85.5122,25.5753],[-85.5244,25.6294],[-85.5249,25.6745],[-85.5138,25.7105],[-85.5488,25.7736],[-85.63,25.8636],[-85.6963,25.9715],[-85.7478,26.0973],[-85.8126,26.1885],[-85.8909,26.2451],[-85.9452,26.3034],[-85.9755,26.3634],[-86.0043,26.4068],[-86.0316,26.4336],[-86.0615,26.451],[-86.0938,26.459],[-86.135,26.4566],[-86.185,26.4439],[-86.2163,26.431],[-86.2288,26.4178],[-86.2388,26.3897],[-86.2463,26.3466],[-86.255,26.3278],[-86.265,26.3332],[-86.2806,26.3503],[-86.3018,26.379],[-86.3013,26.4157],[-86.2791,26.4605],[-86.2823,26.5276],[-86.3109,26.6171],[-86.3468,26.6752],[-86.3899,26.702],[-86.4311,26.7541],[-86.4704,26.8316],[-86.5,26.8693],[-86.52,26.8671],[-86.55,26.8506],[-86.59,26.8197],[-86.63,26.8126],[-86.67,26.8292],[-86.7069,26.8828],[-86.7407,26.9734],[-86.7457,27.0447]],[[-86.7434,27.0427],[-86.7211,27.0907],[-86.685,27.1107],[-86.635,27.1028],[-86.5998,27.1099],[-86.5793,27.1322],[-86.5791,27.2101],[-86.5992,27.3434],[-86.5999,27.4722],[-86.5812,27.5963],[-86.5614,27.6695],[-86.5405,27.6918],[-86.47,27.6457],[-86.35,27.531],[-86.28,27.4482],[-86.26,27.3973],[-86.22,27.3297],[-86.16,27.2455],[-86.085,27.1836],[-85.995,27.1441],[-85.921,27.0935],[-85.863,27.0318],[-85.813,26.9917],[-85.771,26.9733],[-85.7223,26.9822],[-85.6668,27.0184],[-85.6475,27.0721],[-85.6641,27.1434],[-85.6683,27.1879],[-85.66,27.2056],[-85.6244,27.2084],[-85.5615,27.1962],[-85.5027,27.2006],[-85.4481,27.2218],[-85.3947,27.3479],[-85.3426,27.5786],[-85.3286,27.7513],[-85.3528,27.8663],[-85.4238,28.0165],[-85.5418,28.2017],[-85.6031,28.3251],[-85.6078,28.3867],[-85.6027,28.4526],[-85.5877,28.523],[-85.6187,28.6152],[-85.6956,28.7292],[-85.7282,28.8519],[-85.7167,28.9833],[-85.6757,29.0843],[-85.6052,29.1552],[-85.545,29.1977],[-85.495,29.2119],[-85.4631,29.2463],[-85.4493,29.3009],[-85.4743,29.3581],[-85.5381,29.4177],[-85.61,29.4475],[-85.69,29.4475],[-85.7788,29.4656],[-85.8765,29.5018],[-85.9615,29.5462],[-86.0338,29.5988],[-86.1057,29.6423],[-86.177,29.6766],[-86.2246,29.7112],[-86.2485,29.7459],[-86.2579,29.7737],[-86.2526,29.7946],[-86.22,29.8222],[-86.16,29.8564],[-86.105,29.8641],[-86.055,29.8453],[-86.01,29.8392],[-85.97,29.8459],[-85.92,29.8453],[-85.86,29.8373],[-85.79,29.839],[-85.71,29.8504],[-85.654,29.8503],[-85.6219,29.8385],[-85.5719,29.7987],[-85.504,29.7308],[-85.43,29.6709],[-85.35,29.6193],[-85.28,29.5899],[-85.22,29.5827],[-85.175,29.5954],[-85.145,29.628],[-85.08,29.6388],[-84.98,29.6278],[-84.845,29.5771],[-84.675,29.4867],[-84.5677,29.3958],[-84.5231,29.3043],[-84.4972,29.241],[-84.49,29.2061],[-84.4915,29.1581],[-84.5018,29.0969],[-84.5015,29.0576],[-84.4907,29.0401],[-84.4515,29.0063],[-84.3838,28.9562],[-84.285,28.9086],[-84.155,28.8635],[-84.0658,28.8185],[-84.0175,28.7736],[-83.9443,28.7336],[-83.8462,28.6985],[-83.8104,28.6333],[-83.8368,28.5377],[-83.8791,28.4586],[-83.9374,28.396],[-83.9674,28.3163],[-83.9692,28.2194],[-83.9837,28.14],[-84.0111,28.0783],[-83.956,27.9867],[-83.8187,27.8652],[-83.7484,27.79],[-83.7453,27.7613],[-83.7291,27.7292],[-83.6999,27.6938],[-83.6549,27.614],[-83.594,27.4899],[-83.5637,27.3834],[-83.5639,27.2946],[-83.5728,27.2323],[-83.5904,27.1967],[-83.6025,27.1523],[-83.6091,27.0989],[-83.6069,27.0588],[-83.596,27.0321],[-83.5654,26.9998],[-83.5151,26.9621],[-83.46,26.9096],[-83.4,26.8423],[-83.315,26.7881],[-83.205,26.7468],[-83.1312,26.7056],[-83.0937,26.6645],[-83.0887,26.6413],[-83.1162,26.636],[-83.155,26.6434],[-83.205,26.6635],[-83.26,26.671],[-83.32,26.666],[-83.37,26.672],[-83.41,26.6891],[-83.4359,26.6932],[-83.4476,26.6841],[-83.4453,26.6618],[-83.429,26.626],[-83.3509,26.5232],[-83.2108,26.353],[-83.143,26.2602],[-83.1477,26.245],[-83.16,26.2358],[-83.18,26.2324],[-83.23,26.2543],[-83.31,26.3014],[-83.36,26.3246],[-83.38,26.324],[-83.3681,26.2783],[-83.3244,26.1876],[-83.3039,26.1018],[-83.3065,26.021],[-83.3184,25.9858],[-83.3395,25.9963],[-83.395,26.0609],[-83.485,26.1794],[-83.555,26.2547],[-83.605,26.2868],[-83.6322,26.2851],[-83.6366,26.2497],[-83.6184,26.1961],[-83.5775,26.1243],[-83.5703,26.0834],[-83.5968,26.0735],[-83.635,26.0785],[-83.685,26.0984],[-83.7145,26.0989],[-83.7235,26.0799],[-83.7178,26.0344],[-83.6975,25.9625],[-83.6661,25.8996],[-83.6237,25.8456],[-83.5939,25.7781],[-83.5768,25.697],[-83.5566,25.6474],[-83.5334,25.6294],[-83.4889,25.6173],[-83.423,25.6112],[-83.3795,25.5886],[-83.3586,25.5496],[-83.3486,25.5222],[-83.3495,25.5062],[-83.365,25.4924],[-83.395,25.4809],[-83.4131,25.4663],[-83.4194,25.4487],[-83.4047,25.3947],[-83.3689,25.3043],[-83.3008,25.2256],[-83.2003,25.1585],[-83.095,25.0726],[-82.985,24.968],[-82.895,24.9076],[-82.825,24.8915],[-82.7765,24.8686],[-82.7496,24.839],[-82.7364,24.806],[-82.7368,24.7697],[-82.7491,24.7379],[-82.7732,24.7107],[-82.7764,24.6694],[-82.7588,24.6142],[-82.7636,24.5778],[-82.7909,24.5603],[-82.809,24.538],[-82.8178,24.5107],[-82.8714,24.4834],[-82.9696,24.456],[-83.0174,24.4196],[-83.015,24.3741],[-82.9993,24.324],[-82.9704,24.2693],[-82.9744,24.2423],[-83.0115,24.243],[-83.0348,24.2384],[-83.0444,24.2286],[-83.0444,24.1889],[-83.0348,24.1192],[-83.05,24.0857],[-83.09,24.0882],[-83.135,24.0833],[-83.185,24.0709],[-83.26,24.0985],[-83.36,24.166],[-83.435,24.2085],[-83.485,24.2261],[-83.52,24.2213],[-83.54,24.194],[-83.565,24.1792],[-83.595,24.1766],[-83.6261,24.2012],[-83.6584,24.2527],[-83.7034,24.2851],[-83.7611,24.2986],[-83.825,24.2877],[-83.895,24.2525],[-83.9746,24.2275],[-84.0639,24.2128],[-84.1339,24.1695],[-84.1846,24.0974],[-84.225,24.0503],[-84.255,24.0281],[-84.2783,23.9956],[-84.2948,23.9529],[-84.3248,23.9293],[-84.3683,23.925],[-84.4,23.9163],[-84.42,23.9031],[-84.4411,23.855],[-84.4632,23.7719],[-84.5082,23.7173],[-84.5761,23.6915],[-84.6126,23.6961],[-84.6179,23.7311],[-84.611,23.776],[-84.5921,23.8309],[-84.5879,23.8721],[-84.5984,23.8995],[-84.6302,23.9357],[-84.6834,23.9807],[-84.72,24.0331],[-84.74,24.093],[-84.775,24.1437],[-84.825,24.1851],[-84.885,24.2204],[-84.955,24.2496],[-85.0,24.2626],[-85.02,24.2595],[-85.0373,24.2494],[-85.0519,24.2322],[-85.0619,24.1896],[-85.0673,24.1214],[-85.095,24.0878],[-85.145,24.0888],[-85.185,24.0659],[-85.215,24.019],[-85.26,23.9968],[-85.32,23.9993],[-85.365,24.0183],[-85.395,24.0537],[-85.455,24.068],[-85.545,24.0613],[-85.5991,24.0857],[-85.6173,24.1412],[-85.6273,24.2017],[-85.6291,24.2673],[-85.615,24.3326],[-85.585,24.3978],[-85.555,24.4427],[-85.525,24.4674],[-85.497,24.5023],[-85.471,24.5473],[-85.4727,24.6425],[-85.502,24.7879],[-85.5007,24.9376],[-85.4686,25.0917],[-85.4726,25.241],[-85.5126,25.3857],[-85.5247,25.4805],[-85.509,25.5256],[-85.507,25.5753],[-85.5187,25.6294],[-85.5194,25.6745],[-85.5089,25.7105],[-85.5452,25.7753],[-85.6284,25.8689],[-85.6948,25.9768],[-85.7443,26.0991],[-85.8093,26.1901],[-85.8898,26.25],[-85.9442,26.3083],[-85.9725,26.365],[-86.0001,26.4068],[-86.0271,26.4336],[-86.058,26.4519],[-86.0927,26.4616],[-86.14,26.4598],[-86.2,26.4464],[-86.2348,26.4147],[-86.2445,26.3646],[-86.2545,26.3411],[-86.2648,26.3441],[-86.2779,26.3576],[-86.2937,26.3814],[-86.2901,26.4157],[-86.2673,26.4605],[-86.2722,26.5276],[-86.3049,26.6171],[-86.3435,26.6762],[-86.3878,26.705],[-86.43,26.7581],[-86.47,26.8355],[-86.5,26.8731],[-86.52,26.8707],[-86.55,26.8548],[-86.59,26.8254],[-86.63,26.8185],[-86.67,26.8341],[-86.7061,26.8862],[-86.7384,26.9745],[-86.7434,27.0427]]]}},{"type":"Feature","properties":{"c":"#00fb90","v0":0.04,"v1":0.05},"geometry":{"type":"Polygon","coordinates":[[[-89.2769,29.811],[-89.2418,29.8023],[-89.2357,29.7966],[-89.2586,29.794],[-89.2761,29.7983],[-89.2884,29.8097],[-89.2769,29.811]],[[-89.2681,29.811],[-89.2437,29.8023],[-89.2427,29.798],[-89.2651,29.798],[-89.2773,29.8023],[-89.2793,29.811],[-89.2681,29.811]]]}},{"type":"Feature","properties":{"c":"#00fb90","v0":0.04,"v1":0.05},"geometry":{"type":"Polygon","coordinates":[[[-99.3508,29.7445],[-99.3369,29.7764],[-99.32,29.7981],[-99.3,29.8096],[-99.2856,29.7979],[-99.2768,29.7632],[-99.2868,29.7381],[-99.3156,29.7226],[-99.3369,29.7183],[-99.3508,29.7251],[-99.3508,29.7445]]]}},{"type":"Feature","properties":{"c":"#00fb90","v0":0.04,"v1":0.05},"geometry":{"type":"Polygon","coordinates":[[[-80.8925,29.7506],[-80.8908,29.7601],[-80.885,29.7638],[-80.875,29.7616],[-80.8665,29.7525],[-80.8596,29.7365],[-80.8655,29.7329],[-80.884,29.7415],[-80.8925,29.7506]]]}},{"type":"Feature","properties":{"c":"#00fb90","v0":0.04,"v1":0.05},"geometry":{"type":"Polygon","coordinates":[[[-84.4589,29.5434],[-84.4396,29.5556],[-84.4181,29.5512],[-84.3944,29.5303],[-84.3941,29.5155],[-84.4171,29.5068],[-84.4386,29.5112],[-84.4586,29.5286],[-84.4589,29.5434]],[[-84.4576,29.5422],[-84.4525,29.552],[-84.4424,29.5564],[-84.4271,29.5552],[-84.4114,29.546],[-84.3952,29.5286],[-84.3928,29.5158],[-84.4043,29.5075],[-84.4225,29.5119],[-84.4476,29.5288],[-84.4576,29.5422]]]}},{"type":"Feature","properties":{"c":"#00fb90","v0":0.04,"v1":0.05},"geometry":{"type":"Polygon","coordinates":[[[-96.7332,27.0811],[-96.7279,27.1701],[-96.6964,27.2493],[-96.6388,27.3189],[-96.5871,27.3678],[-96.5412,27.3959],[-96.53,27.45],[-96.5533,27.5298],[-96.5557,27.5963],[-96.5372,27.6495],[-96.4633,27.7469],[-96.3341,27.8884],[-96.2401,27.9812],[-96.1813,28.0253],[-96.1406,28.065],[-96.118,28.1003],[-96.1117,28.1444],[-96.1216,28.1973],[-96.1094,28.2458],[-96.0751,28.2898],[-96.0605,28.3295],[-96.0656,28.3647],[-96.1081,28.3955],[-96.1878,28.4219],[-96.2493,28.4526],[-96.2924,28.4878],[-96.3225,28.523],[-96.3395,28.5581],[-96.3335,28.5971],[-96.3045,28.6401],[-96.2277,28.6752],[-96.103,28.7025],[-96.0457,28.7336],[-96.0557,28.7687],[-96.0751,28.7994],[-96.1037,28.8257],[-96.1276,28.8607],[-96.1469,28.9045],[-96.1199,28.93],[-96.0466,28.9372],[-95.9642,28.9284],[-95.8727,28.9037],[-95.8152,28.8826],[-95.7918,28.8651],[-95.7826,28.8526],[-95.7875,28.8451],[-95.815,28.8366],[-95.865,28.827],[-95.8995,28.8088],[-95.9186,28.7821],[-95.9186,28.7571],[-95.8995,28.7338],[-95.87,28.7244],[-95.83,28.7289],[-95.7938,28.7449],[-95.7615,28.7724],[-95.7532,28.7994],[-95.769,28.8257],[-95.7202,28.8446],[-95.6067,28.8561],[-95.5454,28.8693],[-95.5362,28.884],[-95.5346,28.9089],[-95.5407,28.9439],[-95.5203,28.9724],[-95.4734,28.9944],[-95.435,29.0272],[-95.405,29.0707],[-95.315,29.1088],[-95.165,29.1414],[-95.045,29.1772],[-94.955,29.216],[-94.87,29.2368],[-94.79,29.2395],[-94.7062,29.2583],[-94.6186,29.2933],[-94.5718,29.3195],[-94.5659,29.337],[-94.5847,29.3598],[-94.6282,29.3879],[-94.695,29.4119],[-94.785,29.4316],[-94.8275,29.448],[-94.8225,29.4611],[-94.8025,29.4767],[-94.7675,29.4949],[-94.7,29.5117],[-94.6,29.5273],[-94.475,29.5329],[-94.325,29.5284],[-94.155,29.5323],[-93.965,29.5445],[-93.845,29.5446],[-93.795,29.5327],[-93.74,29.5315],[-93.68,29.5409],[-93.585,29.5412],[-93.455,29.5325],[-93.34,29.5183],[-93.24,29.4986],[-93.135,29.4878],[-93.025,29.4859],[-92.93,29.4753],[-92.85,29.4558],[-92.75,29.4511],[-92.63,29.4611],[-92.53,29.4568],[-92.45,29.4383],[-92.385,29.413],[-92.335,29.3809],[-92.205,29.3366],[-91.995,29.28],[-91.825,29.2432],[-91.695,29.2262],[-91.59,29.2296],[-91.51,29.2533],[-91.445,29.2809],[-91.3951,29.3125],[-91.2451,29.3372],[-90.995,29.355],[-90.86,29.3694],[-90.84,29.3804],[-90.8223,29.402],[-90.8068,29.4342],[-90.7518,29.4694],[-90.6573,29.5078],[-90.58,29.5178],[-90.52,29.4994],[-90.46,29.4714],[-90.4,29.4337],[-90.325,29.4038],[-90.235,29.3817],[-90.16,29.367],[-90.1,29.3595],[-90.04,29.3595],[-89.98,29.3668],[-89.905,29.3513],[-89.815,29.3129],[-89.745,29.2657],[-89.695,29.2096],[-89.6496,29.1746],[-89.6087,29.1607],[-89.6137,29.1503],[-89.6646,29.1435],[-89.73,29.1507],[-89.81,29.1718],[-89.8586,29.1752],[-89.8759,29.1609],[-89.8714,29.1362],[-89.8451,29.1013],[-89.8815,29.079],[-89.9805,29.0693],[-90.115,29.073],[-90.285,29.0902],[-90.39,29.0958],[-90.43,29.0898],[-90.48,29.0967],[-90.54,29.1165],[-90.595,29.123],[-90.645,29.116],[-90.6771,29.101],[-90.6914,29.0779],[-90.6814,29.0509],[-90.6471,29.0201],[-90.6,29.0],[-90.54,28.9905],[-90.495,28.9983],[-90.465,29.0233],[-90.445,29.0345],[-90.435,29.0318],[-90.3228,28.9782],[-90.1084,28.8736],[-89.9943,28.7994],[-89.9807,28.7556],[-89.9784,28.7292],[-89.9876,28.7205],[-90.0167,28.7139],[-90.0656,28.7095],[-90.11,28.7174],[-90.15,28.7377],[-90.215,28.7572],[-90.305,28.7758],[-90.3618,28.7811],[-90.3853,28.7728],[-90.3956,28.7512],[-90.3926,28.7161],[-90.4008,28.696],[-90.4203,28.691],[-90.478,28.7085],[-90.5741,28.7487],[-90.6441,28.7858],[-90.688,28.82],[-90.7772,28.8594],[-90.9117,28.9041],[-90.9509,28.9439],[-90.8948,28.9789],[-90.8826,29.0085],[-90.9142,29.0328],[-91.015,29.0637],[-91.185,29.1012],[-91.325,29.121],[-91.435,29.1232],[-91.53,29.1349],[-91.61,29.1562],[-91.675,29.1628],[-91.725,29.1545],[-91.805,29.1524],[-91.915,29.1566],[-92.015,29.1663],[-92.105,29.1815],[-92.1506,29.1847],[-92.1518,29.1757],[-92.1318,29.1551],[-92.0906,29.1231],[-92.015,29.106],[-91.905,29.104],[-91.8095,29.0807],[-91.7285,29.0361],[-91.6985,29.009],[-91.7195,28.9993],[-91.75,29.0012],[-91.79,29.0146],[-91.85,29.0219],[-91.93,29.0233],[-92.01,29.0353],[-92.09,29.0578],[-92.1518,29.0596],[-92.1953,29.0408],[-92.1888,29.0008],[-92.1322,28.9395],[-92.0405,28.8918],[-91.9135,28.8577],[-91.82,28.8165],[-91.76,28.7682],[-91.715,28.7456],[-91.685,28.7485],[-91.6604,28.7327],[-91.6413,28.6982],[-91.6105,28.6678],[-91.5681,28.6415],[-91.5877,28.615],[-91.6692,28.5884],[-91.7626,28.5928],[-91.8679,28.6282],[-91.925,28.6547],[-91.9339,28.6722],[-91.9356,28.6985],[-91.93,28.7336],[-91.9479,28.7632],[-91.9893,28.7872],[-92.045,28.8017],[-92.115,28.8066],[-92.2,28.8249],[-92.3,28.8565],[-92.4475,28.8683],[-92.6424,28.8603],[-92.7474,28.8599],[-92.7625,28.8671],[-92.7719,28.8847],[-92.7757,28.9125],[-92.7857,28.9331],[-92.8019,28.9466],[-92.86,28.9562],[-92.96,28.962],[-93.0237,28.9553],[-93.051,28.936],[-93.0526,28.9089],[-93.0286,28.8738],[-93.031,28.8432],[-93.0599,28.8169],[-93.0682,28.7947],[-93.0561,28.7767],[-93.03,28.7607],[-92.99,28.7467],[-92.845,28.7218],[-92.595,28.6859],[-92.4419,28.658],[-92.3856,28.6382],[-92.3511,28.6196],[-92.3383,28.602],[-92.3464,28.5821],[-92.3755,28.5599],[-92.4838,28.5423],[-92.6715,28.5294],[-92.7644,28.5186],[-92.7626,28.5098],[-92.6955,28.479],[-92.5633,28.4263],[-92.5004,28.3926],[-92.5068,28.378],[-92.52,28.3686],[-92.54,28.3644],[-92.685,28.3928],[-92.955,28.4538],[-93.1072,28.5027],[-93.1416,28.5396],[-93.1584,28.5801],[-93.1578,28.624],[-93.2106,28.6674],[-93.3169,28.7103],[-93.4252,28.7191],[-93.5357,28.6937],[-93.5807,28.6666],[-93.5602,28.6379],[-93.505,28.6167],[-93.415,28.603],[-93.3455,28.5867],[-93.2964,28.5676],[-93.2864,28.5471],[-93.3155,28.5252],[-93.3781,28.5077],[-93.4742,28.4944],[-93.5255,28.479],[-93.532,28.4614],[-93.5228,28.4263],[-93.4979,28.3735],[-93.4377,28.3207],[-93.3421,28.2678],[-93.3032,28.2299],[-93.3211,28.207],[-93.35,28.2008],[-93.39,28.2114],[-93.43,28.2137],[-93.47,28.2076],[-93.4983,28.1873],[-93.515,28.1529],[-93.505,28.1249],[-93.4683,28.1033],[-93.425,28.0872],[-93.375,28.0765],[-93.31,28.0476],[-93.23,28.0003],[-93.135,27.9777],[-93.025,27.9798],[-92.955,27.9754],[-92.9251,27.9645],[-92.9343,27.9458],[-92.9826,27.9193],[-93.0132,27.8751],[-93.0263,27.8132],[-93.0297,27.7734],[-93.0235,27.7557],[-93.0718,27.7425],[-93.1744,27.7336],[-93.2135,27.738],[-93.1889,27.7557],[-93.1754,27.7734],[-93.1729,27.7911],[-93.212,27.8221],[-93.2925,27.8663],[-93.3187,27.8972],[-93.2904,27.9149],[-93.2764,27.9326],[-93.2765,27.9503],[-93.285,27.9657],[-93.3017,27.9789],[-93.3443,27.9921],[-93.4128,28.0054],[-93.4705,28.0386],[-93.5173,28.0915],[-93.5581,28.1232],[-93.5927,28.1337],[-93.69,28.1419],[-93.85,28.1476],[-94.015,28.144],[-94.185,28.1309],[-94.276,28.1183],[-94.2879,28.1063],[-94.2754,28.0827],[-94.2386,28.0474],[-94.2427,28.0205],[-94.2876,28.0022],[-94.325,28.0085],[-94.355,28.0396],[-94.46,28.0672],[-94.64,28.0914],[-94.765,28.0985],[-94.835,28.0885],[-94.905,28.0863],[-94.975,28.0917],[-95.05,28.0762],[-95.13,28.0395],[-95.285,28.0118],[-95.515,27.993],[-95.65,27.9733],[-95.69,27.9525],[-95.715,27.9243],[-95.725,27.8886],[-95.7466,27.8486],[-95.7797,27.8044],[-95.7963,27.7734],[-95.7963,27.7557],[-95.7839,27.7292],[-95.7591,27.6938],[-95.7575,27.6598],[-95.7792,27.6273],[-95.8437,27.614],[-95.9511,27.6199],[-96.0033,27.6406],[-96.0003,27.676],[-96.0116,27.6988],[-96.0372,27.709],[-96.082,27.6913],[-96.146,27.6457],[-96.1723,27.6007],[-96.1607,27.5564],[-96.1784,27.5076],[-96.2251,27.4544],[-96.3039,27.3978],[-96.4146,27.3378],[-96.4752,27.2934],[-96.4855,27.2645],[-96.4799,27.2279],[-96.4584,27.1834],[-96.4487,27.1256],[-96.4507,27.0543],[-96.4712,27.0173],[-96.5104,27.0146],[-96.55,27.0217],[-96.59,27.0386],[-96.635,27.0328],[-96.685,27.0043],[-96.7165,27.0016],[-96.7294,27.0249],[-96.7332,27.0811]],[[-96.7304,27.0811],[-96.7252,27.1701],[-96.6944,27.2473],[-96.6381,27.3127],[-96.5863,27.3615],[-96.5388,27.3939],[-96.5271,27.4544],[-96.551,27.5431],[-96.5537,27.6096],[-96.5351,27.6539],[-96.4608,27.7469],[-96.3309,27.8884],[-96.2369,27.9808],[-96.179,28.0242],[-96.1382,28.064],[-96.1146,28.1],[-96.107,28.1444],[-96.1154,28.1973],[-96.1048,28.2414],[-96.0752,28.2766],[-96.0613,28.3163],[-96.0631,28.3603],[-96.1031,28.3955],[-96.1813,28.4219],[-96.2427,28.4537],[-96.2876,28.491],[-96.3181,28.5261],[-96.3342,28.5592],[-96.3292,28.5962],[-96.3031,28.6372],[-96.2255,28.6723],[-96.0964,28.7015],[-96.0614,28.7687],[-96.1206,28.8738],[-96.1151,28.9293],[-96.045,28.9353],[-95.965,28.9256],[-95.875,28.9003],[-95.8216,28.8798],[-95.8049,28.8642],[-95.8226,28.8476],[-95.8747,28.83],[-95.9103,28.8038],[-95.9293,28.7687],[-95.9266,28.7424],[-95.9022,28.7248],[-95.87,28.719],[-95.83,28.7251],[-95.7835,28.7514],[-95.7304,28.798],[-95.6652,28.83],[-95.5878,28.8476],[-95.5427,28.8651],[-95.5299,28.8826],[-95.526,28.9089],[-95.5309,28.9439],[-95.5126,28.9706],[-95.4709,28.9891],[-95.435,29.0211],[-95.405,29.0667],[-95.31,29.1074],[-95.15,29.1434],[-95.03,29.1795],[-94.95,29.2157],[-94.87,29.235],[-94.79,29.2375],[-94.7053,29.2567],[-94.6158,29.2928],[-94.5678,29.3195],[-94.5614,29.337],[-94.5811,29.3606],[-94.627,29.3904],[-94.695,29.4162],[-94.785,29.4378],[-94.81,29.4617],[-94.77,29.4878],[-94.7,29.5089],[-94.6,29.525],[-94.475,29.5309],[-94.325,29.5265],[-94.155,29.5302],[-93.965,29.5419],[-93.845,29.5419],[-93.795,29.5303],[-93.74,29.5292],[-93.68,29.5387],[-93.585,29.5393],[-93.455,29.5309],[-93.34,29.5168],[-93.24,29.4968],[-93.135,29.486],[-93.025,29.4844],[-92.93,29.4735],[-92.85,29.4533],[-92.75,29.4487],[-92.63,29.4596],[-92.53,29.4556],[-92.45,29.4368],[-92.385,29.4112],[-92.335,29.3789],[-92.185,29.3293],[-91.935,29.2624],[-91.77,29.2251],[-91.69,29.2176],[-91.625,29.2174],[-91.575,29.2248],[-91.5008,29.2534],[-91.4025,29.3033],[-91.2325,29.3358],[-90.9908,29.3509],[-90.8595,29.364],[-90.8386,29.375],[-90.819,29.398],[-90.8007,29.4328],[-90.7462,29.4688],[-90.6554,29.5058],[-90.585,29.517],[-90.535,29.5024],[-90.475,29.4744],[-90.405,29.4328],[-90.325,29.4011],[-90.235,29.3791],[-90.1276,29.3669],[-90.0029,29.3644],[-89.8988,29.3457],[-89.8153,29.3108],[-89.7426,29.2596],[-89.6809,29.192],[-89.6398,29.157],[-89.6193,29.1548],[-89.6293,29.1516],[-89.6698,29.1473],[-89.735,29.1561],[-89.825,29.1781],[-89.8765,29.1803],[-89.8895,29.1626],[-89.8865,29.1362],[-89.8675,29.1013],[-89.901,29.0795],[-89.987,29.0709],[-90.135,29.0731],[-90.345,29.0862],[-90.48,29.1017],[-90.54,29.1199],[-90.595,29.1258],[-90.645,29.1195],[-90.6783,29.1039],[-90.695,29.0788],[-90.69,29.0517],[-90.6633,29.0226],[-90.62,29.0008],[-90.56,28.9866],[-90.505,28.9878],[-90.455,29.0045],[-90.415,29.0094],[-90.385,29.0025],[-90.2796,28.9546],[-90.0988,28.8658],[-90.0021,28.7994],[-89.9895,28.7556],[-89.9899,28.73],[-90.0033,28.7227],[-90.03,28.7174],[-90.07,28.7141],[-90.11,28.7227],[-90.15,28.7432],[-90.215,28.7628],[-90.305,28.7815],[-90.3641,28.7853],[-90.3923,28.7743],[-90.4027,28.7556],[-90.3953,28.7292],[-90.4012,28.7099],[-90.4204,28.6974],[-90.4762,28.7106],[-90.5685,28.7493],[-90.6385,28.7865],[-90.6862,28.822],[-90.7679,28.8571],[-90.8838,28.8916],[-90.9477,28.9132],[-90.9597,28.922],[-90.9629,28.9308],[-90.9571,28.9395],[-90.9382,28.949],[-90.9061,28.9593],[-90.8828,28.9724],[-90.8683,28.9884],[-90.8783,29.0092],[-90.9128,29.0347],[-91.015,29.0663],[-91.185,29.1037],[-91.325,29.1235],[-91.435,29.1257],[-91.53,29.1376],[-91.61,29.1593],[-91.675,29.166],[-91.725,29.1575],[-91.805,29.1549],[-91.915,29.1583],[-92.015,29.1681],[-92.105,29.1845],[-92.1519,29.1873],[-92.1558,29.1765],[-92.1358,29.1543],[-92.0919,29.1205],[-92.0156,29.103],[-91.9068,29.1019],[-91.8141,29.0794],[-91.7375,29.0357],[-91.7069,29.0104],[-91.7223,29.0034],[-91.75,29.0061],[-91.79,29.0183],[-91.85,29.0248],[-91.93,29.0257],[-92.01,29.0376],[-92.09,29.0607],[-92.1531,29.062],[-92.1994,29.0416],[-92.2022,29.0051],[-92.1614,28.9526],[-92.0692,28.9045],[-91.9254,28.8607],[-91.8277,28.8144],[-91.7759,28.7654],[-91.735,28.7385],[-91.705,28.7335],[-91.6577,28.7053],[-91.5931,28.654],[-91.5981,28.6157],[-91.6727,28.5905],[-91.7613,28.5949],[-91.8639,28.6289],[-91.9199,28.6547],[-91.9292,28.6722],[-91.9291,28.6985],[-91.9196,28.7336],[-91.9386,28.7638],[-91.9862,28.7889],[-92.045,28.804],[-92.115,28.8088],[-92.2,28.8287],[-92.3,28.8636],[-92.44,28.875],[-92.62,28.863],[-92.7226,28.8612],[-92.7479,28.8696],[-92.7627,28.887],[-92.7671,28.9132],[-92.7795,28.9346],[-92.7998,28.9511],[-92.86,28.9616],[-92.96,28.966],[-93.0252,28.9578],[-93.0555,28.9368],[-93.0588,28.9089],[-93.0351,28.8738],[-93.0373,28.8432],[-93.0653,28.8169],[-93.072,28.7939],[-93.0573,28.7742],[-93.035,28.758],[-93.005,28.7454],[-92.86,28.7209],[-92.6,28.6845],[-92.4385,28.6525],[-92.3755,28.6247],[-92.344,28.602],[-92.3439,28.5844],[-92.3554,28.5697],[-92.3785,28.5579],[-92.4878,28.5447],[-92.6834,28.5302],[-92.7134,28.4927],[-92.5778,28.432],[-92.51,28.3957],[-92.51,28.3837],[-92.52,28.3753],[-92.54,28.3703],[-92.6825,28.3979],[-92.9474,28.4578],[-93.0963,28.5098],[-93.1291,28.5537],[-93.1455,28.5932],[-93.1454,28.6283],[-93.2015,28.6692],[-93.3138,28.7159],[-93.42,28.7298],[-93.52,28.7107],[-93.5766,28.6918],[-93.5898,28.6729],[-93.5848,28.6529],[-93.5616,28.6318],[-93.505,28.6146],[-93.415,28.6011],[-93.3475,28.5853],[-93.3025,28.5672],[-93.2875,28.5493],[-93.3023,28.5317],[-93.3548,28.5182],[-93.4449,28.5088],[-93.5021,28.4956],[-93.5263,28.4787],[-93.5273,28.4394],[-93.505,28.3779],[-93.4479,28.3238],[-93.356,28.2772],[-93.315,28.2415],[-93.325,28.2166],[-93.35,28.2084],[-93.39,28.2168],[-93.43,28.2182],[-93.47,28.2124],[-93.505,28.1902],[-93.535,28.1515],[-93.645,28.1372],[-93.835,28.1473],[-94.015,28.146],[-94.185,28.1334],[-94.2775,28.1204],[-94.2925,28.107],[-94.2837,28.0827],[-94.2511,28.0474],[-94.2486,28.0238],[-94.2762,28.0119],[-94.31,28.0194],[-94.35,28.0463],[-94.46,28.0718],[-94.64,28.0961],[-94.76,28.1035],[-94.82,28.094],[-94.89,28.0913],[-94.97,28.0951],[-95.05,28.0787],[-95.13,28.0419],[-95.2945,28.0118],[-95.5434,27.9884],[-95.6796,27.9679],[-95.7031,27.9503],[-95.7198,27.9238],[-95.7296,27.8884],[-95.7509,27.8486],[-95.7836,27.8044],[-95.8002,27.7734],[-95.8006,27.7557],[-95.7882,27.7292],[-95.7628,27.6938],[-95.7601,27.6613],[-95.78,27.6317],[-95.84,27.6196],[-95.94,27.6248],[-95.991,27.644],[-95.9931,27.6772],[-96.0081,27.7001],[-96.036,27.7129],[-96.0836,27.6952],[-96.1507,27.647],[-96.1786,27.6007],[-96.1673,27.5564],[-96.1837,27.5084],[-96.2279,27.4567],[-96.3,27.4067],[-96.4,27.3585],[-96.4595,27.3222],[-96.4785,27.2978],[-96.4885,27.2723],[-96.4894,27.2457],[-96.4807,27.2145],[-96.4625,27.179],[-96.4569,27.1256],[-96.4641,27.0543],[-96.4832,27.0179],[-96.5144,27.0163],[-96.55,27.0241],[-96.59,27.0412],[-96.635,27.0365],[-96.685,27.0101],[-96.7158,27.0068],[-96.7273,27.0266],[-96.7304,27.0811]],[[-93.4726,28.0921],[-93.3909,28.0756],[-93.31,28.0421],[-93.23,27.9914],[-93.14,27.9691],[-93.04,27.9752],[-92.973,27.9735],[-92.9391,27.9639],[-92.9463,27.9458],[-92.9946,27.9193],[-93.0265,27.8664],[-93.0422,27.787],[-93.0857,27.7428],[-93.1572,27.7337],[-93.1854,27.7469],[-93.1703,27.7823],[-93.1984,27.8221],[-93.2697,27.8663],[-93.2946,27.8972],[-93.2731,27.9149],[-93.2624,27.9326],[-93.2625,27.9503],[-93.2744,27.9672],[-93.2981,27.9835],[-93.345,27.9986],[-93.415,28.0124],[-93.4659,28.0396],[-93.4976,28.0801],[-93.4726,28.0921]]]}},{"type":"Feature","properties":{"c":"#00fb90","v0":0.04,"v1":0.05},"geometry":{"type":"Polygon","coordinates":[[[-84.1764,29.5246],[-84.1721,29.5341],[-84.16,29.5395],[-84.14,29.5407],[-84.118,29.5359],[-84.094,29.5252],[-84.079,29.5102],[-84.073,29.4909],[-84.09,29.4811],[-84.13,29.4806],[-84.1571,29.4902],[-84.1714,29.51],[-84.1764,29.5246]],[[-84.1635,29.5245],[-84.1412,29.5338],[-84.1196,29.5338],[-84.0987,29.5245],[-84.085,29.5112],[-84.0787,29.4938],[-84.0941,29.4846],[-84.1314,29.4838],[-84.1562,29.4925],[-84.1685,29.5107],[-84.1635,29.5245]]]}},{"type":"Feature","properties":{"c":"#00fb90","v0":0.04,"v1":0.05},"geometry":{"type":"Polygon","coordinates":[[[-81.8142,29.4038],[-81.7714,29.4155],[-81.7293,29.4111],[-81.6878,29.3907],[-81.6378,29.3533],[-81.5793,29.2987],[-81.5445,29.2551],[-81.5336,29.2224],[-81.5386,29.2085],[-81.5595,29.2132],[-81.595,29.2372],[-81.645,29.2803],[-81.695,29.312],[-81.745,29.3324],[-81.7864,29.3564],[-81.8192,29.3841],[-81.8142,29.4038]],[[-81.7995,29.4021],[-81.7665,29.4102],[-81.73,29.4051],[-81.69,29.3868],[-81.64,29.3497],[-81.58,29.2938],[-81.545,29.2539],[-81.535,29.23],[-81.54,29.2183],[-81.56,29.2188],[-81.6315,29.2638],[-81.7545,29.3533],[-81.7995,29.4021]]]}},{"type":"Feature","properties":{"c":"#00fb90","v0":0.04,"v1":0.05},"geometry":{"type":"Polygon","coordinates":[[[-83.486,28.8651],[-83.446,28.9176],[-83.3753,28.9658],[-83.274,29.0095],[-83.2171,29.0401],[-83.2046,29.0576],[-83.1997,29.0794],[-83.2024,29.1057],[-83.1927,29.1319],[-83.1707,29.1581],[-83.1223,29.1837],[-83.0474,29.2087],[-82.99,29.2414],[-82.95,29.2819],[-82.915,29.3028],[-82.885,29.3042],[-82.84,29.3184],[-82.78,29.3454],[-82.66,29.3718],[-82.48,29.3975],[-82.38,29.41],[-82.36,29.4093],[-82.3414,29.4019],[-82.3243,29.3876],[-82.3193,29.3678],[-82.3264,29.3423],[-82.355,29.3182],[-82.405,29.2954],[-82.48,29.2745],[-82.58,29.2556],[-82.66,29.2481],[-82.72,29.2521],[-82.785,29.232],[-82.855,29.1878],[-82.8982,29.1496],[-82.9145,29.1174],[-82.8849,29.0882],[-82.8095,29.062],[-82.7657,29.027],[-82.7536,28.9833],[-82.7832,28.9434],[-82.8544,28.9075],[-82.94,28.8844],[-83.04,28.874],[-83.1126,28.8394],[-83.1578,28.7806],[-83.1978,28.739],[-83.2326,28.7147],[-83.27,28.7013],[-83.31,28.6989],[-83.36,28.7107],[-83.42,28.7367],[-83.4608,28.7589],[-83.4824,28.7771],[-83.4964,28.7994],[-83.5028,28.8257],[-83.486,28.8651]],[[-83.4839,28.8651],[-83.4434,28.9176],[-83.3721,28.9658],[-83.2702,29.0095],[-83.2129,29.0401],[-83.2003,29.0576],[-83.1943,29.0794],[-83.1949,29.1057],[-83.1846,29.1319],[-83.1632,29.1581],[-83.1169,29.1823],[-83.0456,29.2046],[-82.99,29.2363],[-82.95,29.2772],[-82.915,29.2989],[-82.885,29.3012],[-82.84,29.3162],[-82.78,29.3436],[-82.66,29.3701],[-82.48,29.3956],[-82.3721,29.4014],[-82.3362,29.3875],[-82.3212,29.3687],[-82.3271,29.3449],[-82.355,29.3211],[-82.405,29.2974],[-82.48,29.2762],[-82.58,29.2574],[-82.66,29.2501],[-82.72,29.2544],[-82.785,29.2348],[-82.855,29.1911],[-82.8994,29.1523],[-82.9182,29.1183],[-82.8904,29.0882],[-82.8161,29.062],[-82.7731,29.027],[-82.7613,28.9833],[-82.794,28.9428],[-82.8713,28.9055],[-82.955,28.8829],[-83.045,28.875],[-83.113,28.841],[-83.159,28.7811],[-83.199,28.7393],[-83.233,28.7156],[-83.27,28.7025],[-83.31,28.7002],[-83.355,28.7095],[-83.405,28.7303],[-83.4452,28.7521],[-83.4757,28.7749],[-83.4942,28.7994],[-83.5008,28.8257],[-83.4839,28.8651]]]}},{"type":"Feature","properties":{"c":"#00fb90","v0":0.04,"v1":0.05},"geometry":{"type":"Polygon","coordinates":[[[-81.1863,29.398],[-81.1716,29.398],[-81.1607,29.391],[-81.1536,29.3771],[-81.1609,29.3771],[-81.1827,29.391],[-81.1863,29.398]]]}},{"type":"Feature","properties":{"c":"#00fb90","v0":0.04,"v1":0.05},"geometry":{"type":"Polygon","coordinates":[[[-79.6659,29.3871],[-79.6553,29.4002],[-79.6318,29.3958],[-79.5953,29.374],[-79.5619,29.3413],[-79.5316,29.2977],[-79.5198,29.2662],[-79.5266,29.2467],[-79.5585,29.2598],[-79.6154,29.3054],[-79.6507,29.3413],[-79.6643,29.3675],[-79.6659,29.3871]],[[-79.6634,29.3863],[-79.6545,29.3978],[-79.6324,29.3935],[-79.5971,29.3732],[-79.5644,29.3413],[-79.5343,29.2977],[-79.522,29.2678],[-79.5273,29.2515],[-79.5577,29.2646],[-79.6132,29.307],[-79.6477,29.3413],[-79.6612,29.3675],[-79.6634,29.3863]]]}},{"type":"Feature","properties":{"c":"#00fb90","v0":0.04,"v1":0.05},"geometry":{"type":"Polygon","coordinates":[[[-84.8161,29.1916],[-84.732,29.1976],[-84.6773,29.1933],[-84.6519,29.1785],[-84.6377,29.1581],[-84.6346,29.1319],[-84.6423,29.1133],[-84.6608,29.1024],[-84.685,29.0983],[-84.715,29.1009],[-84.762,29.1238],[-84.8261,29.167],[-84.8161,29.1916]],[[-84.7797,29.1785],[-84.7599,29.1932],[-84.735,29.1997],[-84.705,29.198],[-84.6789,29.1906],[-84.6566,29.1777],[-84.6425,29.1624],[-84.6367,29.145],[-84.6429,29.1276],[-84.661,29.1102],[-84.68,29.101],[-84.7,29.1],[-84.7212,29.1043],[-84.7437,29.114],[-84.7636,29.1319],[-84.781,29.1581],[-84.7797,29.1785]]]}},{"type":"Feature","properties":{"c":"#00fb90","v0":0.04,"v1":0.05},"geometry":{"type":"Polygon","coordinates":[[[-101.7908,28.125],[-101.7369,28.2096],[-101.665,28.2801],[-101.575,28.3366],[-101.5317,28.3428],[-101.5352,28.2987],[-101.5183,28.2326],[-101.4808,28.1444],[-101.444,28.0947],[-101.408,28.0834],[-101.3708,28.0834],[-101.3324,28.0947],[-101.2965,28.1312],[-101.2628,28.1929],[-101.252,28.2671],[-101.264,28.3536],[-101.3,28.4049],[-101.36,28.4212],[-101.42,28.4139],[-101.48,28.3832],[-101.5118,28.3714],[-101.5154,28.3787],[-101.5111,28.3911],[-101.499,28.4087],[-101.4672,28.424],[-101.4157,28.4372],[-101.365,28.4828],[-101.315,28.561],[-101.28,28.6053],[-101.26,28.6159],[-101.24,28.5993],[-101.22,28.5555],[-101.19,28.5248],[-101.15,28.5074],[-101.115,28.5033],[-101.085,28.5125],[-101.055,28.5297],[-101.025,28.555],[-100.9678,28.574],[-100.8834,28.5868],[-100.849,28.5581],[-100.8647,28.4878],[-100.8569,28.4447],[-100.8256,28.429],[-100.785,28.4212],[-100.735,28.4214],[-100.7032,28.4029],[-100.6895,28.3657],[-100.6945,28.3333],[-100.7182,28.3058],[-100.76,28.2832],[-100.82,28.2656],[-100.8593,28.2353],[-100.8778,28.1924],[-100.8778,28.1592],[-100.8593,28.1358],[-100.82,28.1114],[-100.76,28.0858],[-100.71,28.0717],[-100.67,28.0692],[-100.626,28.0849],[-100.578,28.1187],[-100.533,28.1351],[-100.491,28.134],[-100.45,28.145],[-100.41,28.1682],[-100.38,28.1697],[-100.36,28.1494],[-100.34,28.1383],[-100.32,28.1362],[-100.285,28.1624],[-100.235,28.2168],[-100.195,28.2498],[-100.165,28.2614],[-100.13,28.2593],[-100.09,28.2434],[-100.06,28.2376],[-100.04,28.2418],[-100.005,28.2755],[-99.955,28.3386],[-99.91,28.3644],[-99.87,28.3528],[-99.835,28.3494],[-99.805,28.3542],[-99.7407,28.4026],[-99.6422,28.4946],[-99.5954,28.5537],[-99.6004,28.5801],[-99.6146,28.5998],[-99.6382,28.6129],[-99.705,28.5947],[-99.815,28.545],[-99.88,28.5241],[-99.9,28.5319],[-99.906,28.5458],[-99.898,28.5657],[-99.863,28.5888],[-99.8009,28.6152],[-99.7099,28.6403],[-99.59,28.6641],[-99.5177,28.6905],[-99.493,28.7192],[-99.4847,28.7643],[-99.4928,28.8257],[-99.4801,28.8888],[-99.4467,28.9538],[-99.3998,29.0063],[-99.3393,29.0463],[-99.2943,29.0886],[-99.2648,29.133],[-99.225,29.1646],[-99.175,29.1835],[-99.14,29.1919],[-99.12,29.1898],[-99.1098,29.1757],[-99.1094,29.1494],[-99.1303,29.1231],[-99.1724,29.0969],[-99.2023,29.0576],[-99.2198,29.0051],[-99.2266,28.9526],[-99.2226,28.9001],[-99.2329,28.8627],[-99.2576,28.8403],[-99.279,28.8096],[-99.2969,28.7707],[-99.2989,28.738],[-99.2848,28.7117],[-99.2747,28.6678],[-99.2687,28.6064],[-99.2867,28.5681],[-99.3289,28.5529],[-99.3673,28.5266],[-99.4019,28.489],[-99.4057,28.457],[-99.3788,28.4306],[-99.3681,28.3911],[-99.3735,28.3383],[-99.353,28.2898],[-99.3064,28.2458],[-99.2809,28.2061],[-99.2764,28.1709],[-99.2941,28.1224],[-99.334,28.0606],[-99.3445,27.9768],[-99.3256,27.8707],[-99.3199,27.7779],[-99.3274,27.6982],[-99.3659,27.638],[-99.4353,27.5973],[-99.4797,27.5486],[-99.4991,27.4917],[-99.5041,27.4542],[-99.4947,27.4362],[-99.46,27.4193],[-99.4,27.4035],[-99.3662,27.3904],[-99.3585,27.3798],[-99.3853,27.3257],[-99.4468,27.2279],[-99.4822,27.1612],[-99.4915,27.1256],[-99.4817,27.0721],[-99.4529,27.0009],[-99.4264,26.9566],[-99.4021,26.9392],[-99.375,26.9307],[-99.345,26.9309],[-99.3197,26.9173],[-99.299,26.8898],[-99.2815,26.8493],[-99.2672,26.7958],[-99.244,26.7466],[-99.212,26.702],[-99.1771,26.6305],[-99.1391,26.5321],[-99.0711,26.4426],[-98.973,26.362],[-98.9455,26.3145],[-98.9885,26.3003],[-99.0228,26.2779],[-99.0483,26.2473],[-99.0639,26.214],[-99.0697,26.1781],[-99.082,26.1524],[-99.1007,26.1368],[-99.18,26.1592],[-99.32,26.2198],[-99.4013,26.25],[-99.4238,26.2499],[-99.4418,26.2409],[-99.4553,26.223],[-99.444,26.1979],[-99.408,26.1657],[-99.345,26.1406],[-99.255,26.1225],[-99.18,26.0721],[-99.12,25.9892],[-99.075,25.94],[-99.045,25.9246],[-99.0,25.9496],[-98.94,26.015],[-98.885,26.0337],[-98.835,26.0058],[-98.715,26.0226],[-98.525,26.0841],[-98.39,26.1106],[-98.31,26.1021],[-98.23,26.1121],[-98.15,26.1405],[-98.09,26.15],[-98.05,26.1407],[-98.0241,26.1241],[-98.0122,26.1003],[-98.0088,26.0614],[-98.014,26.0075],[-98.045,25.9669],[-98.1017,25.9397],[-98.1342,25.9307],[-98.1425,25.9399],[-98.1404,25.958],[-98.1278,25.985],[-98.1286,26.0078],[-98.1429,26.0263],[-98.175,26.0267],[-98.225,26.0091],[-98.2728,25.9863],[-98.3184,25.9585],[-98.3227,25.9221],[-98.2856,25.8771],[-98.2703,25.8456],[-98.2767,25.8276],[-98.2924,25.8091],[-98.3175,25.7902],[-98.3688,25.7721],[-98.4464,25.7551],[-98.4814,25.7369],[-98.4738,25.7176],[-98.405,25.7096],[-98.275,25.7129],[-98.202,25.7045],[-98.1859,25.6845],[-98.1809,25.6635],[-98.187,25.6415],[-98.22,25.6202],[-98.28,25.5997],[-98.3415,25.5431],[-98.4045,25.4502],[-98.4334,25.3947],[-98.4282,25.3766],[-98.3979,25.345],[-98.3425,25.2998],[-98.3169,25.241],[-98.3209,25.1686],[-98.3697,25.1107],[-98.4632,25.0673],[-98.53,25.05],[-98.57,25.0588],[-98.615,25.0782],[-98.665,25.1083],[-98.73,25.1105],[-98.81,25.085],[-98.865,25.083],[-98.895,25.1045],[-98.935,25.1228],[-98.985,25.138],[-99.0186,25.1332],[-99.0358,25.1085],[-99.0383,25.0826],[-99.0261,25.0554],[-99.0223,25.0283],[-99.0268,25.0011],[-99.0543,24.9524],[-99.1048,24.8822],[-99.145,24.8414],[-99.175,24.8299],[-99.2018,24.8288],[-99.2254,24.8378],[-99.2306,24.8832],[-99.2174,24.9648],[-99.1923,25.0237],[-99.1554,25.06],[-99.15,25.0962],[-99.1761,25.1324],[-99.1896,25.1732],[-99.1903,25.2184],[-99.2205,25.2701],[-99.2802,25.3281],[-99.34,25.3627],[-99.4,25.3739],[-99.4389,25.3946],[-99.4568,25.4248],[-99.4891,25.4579],[-99.5357,25.494],[-99.5569,25.5211],[-99.5524,25.5392],[-99.5402,25.5489],[-99.5201,25.5503],[-99.49,25.5368],[-99.45,25.5083],[-99.415,25.4729],[-99.385,25.4305],[-99.3586,25.4125],[-99.3358,25.4187],[-99.3196,25.4354],[-99.3099,25.4624],[-99.3088,25.494],[-99.3161,25.5301],[-99.342,25.5843],[-99.3864,25.6564],[-99.464,25.7266],[-99.5747,25.7947],[-99.64,25.8302],[-99.66,25.833],[-99.6789,25.8214],[-99.6966,25.7955],[-99.7016,25.7599],[-99.6939,25.7146],[-99.74,25.6741],[-99.84,25.6385],[-99.905,25.6048],[-99.935,25.573],[-99.97,25.5602],[-100.01,25.5665],[-100.0633,25.6455],[-100.1298,25.7969],[-100.1598,25.8897],[-100.1533,25.9238],[-100.1369,25.9553],[-100.1106,25.9841],[-100.0994,26.0075],[-100.1033,26.0255],[-100.1164,26.0436],[-100.1388,26.0618],[-100.177,26.0708],[-100.231,26.0705],[-100.2725,26.0569],[-100.3017,26.0299],[-100.3154,25.9985],[-100.3139,25.9625],[-100.3323,25.9455],[-100.3708,25.9475],[-100.3942,25.9699],[-100.4026,26.0129],[-100.4276,26.0604],[-100.4692,26.1122],[-100.4973,26.1571],[-100.512,26.195],[-100.505,26.2544],[-100.4765,26.3351],[-100.4638,26.3978],[-100.467,26.4426],[-100.5468,26.5232],[-100.7033,26.6394],[-100.79,26.7466],[-100.807,26.8448],[-100.8078,26.9474],[-100.7924,27.0543],[-100.7961,27.1119],[-100.8187,27.1203],[-100.875,27.1169],[-100.965,27.1018],[-101.035,27.0955],[-101.085,27.0979],[-101.1161,27.1236],[-101.1283,27.1724],[-101.1307,27.2234],[-101.1232,27.2768],[-101.1327,27.3523],[-101.1591,27.45],[-101.1567,27.534],[-101.1256,27.6045],[-101.091,27.6621],[-101.0529,27.7068],[-101.035,27.7513],[-101.0372,27.7955],[-101.0613,27.8389],[-101.1071,27.8814],[-101.145,27.9026],[-101.175,27.9025],[-101.225,27.8758],[-101.295,27.8224],[-101.35,27.8021],[-101.39,27.8148],[-101.425,27.8189],[-101.455,27.8142],[-101.485,27.7904],[-101.515,27.7475],[-101.545,27.7157],[-101.575,27.6949],[-101.5967,27.6912],[-101.61,27.7047],[-101.6195,27.7469],[-101.625,27.8177],[-101.609,27.8663],[-101.5714,27.8928],[-101.5519,27.9173],[-101.5506,27.9397],[-101.56,27.9564],[-101.58,27.9674],[-101.63,27.9692],[-101.71,27.9618],[-101.7669,27.9893],[-101.8008,28.0516],[-101.7908,28.125]],[[-101.7845,28.1228],[-101.7348,28.203],[-101.675,28.2602],[-101.605,28.2942],[-101.545,28.2557],[-101.495,28.1446],[-101.415,28.0821],[-101.305,28.0683],[-101.235,28.0653],[-101.205,28.0732],[-101.185,28.0859],[-101.175,28.1034],[-101.1914,28.118],[-101.2341,28.1297],[-101.2506,28.2106],[-101.2407,28.3603],[-101.2243,28.4459],[-101.2014,28.4675],[-101.16,28.4852],[-101.1,28.4989],[-101.0548,28.5188],[-101.0243,28.545],[-100.9743,28.5636],[-100.9048,28.5745],[-100.8724,28.5481],[-100.8771,28.4845],[-100.8621,28.4434],[-100.8274,28.4249],[-100.79,28.4175],[-100.75,28.4212],[-100.7209,28.4085],[-100.7026,28.3793],[-100.7026,28.3518],[-100.7209,28.326],[-100.755,28.3052],[-100.805,28.2894],[-100.8431,28.267],[-100.8693,28.2382],[-100.8844,28.2061],[-100.8883,28.1709],[-100.8802,28.141],[-100.8601,28.1166],[-100.805,28.0916],[-100.715,28.0659],[-100.6,28.0803],[-100.46,28.1348],[-100.38,28.154],[-100.36,28.138],[-100.34,28.1297],[-100.32,28.1291],[-100.275,28.1604],[-100.205,28.2237],[-100.16,28.2564],[-100.14,28.2584],[-100.115,28.2509],[-100.085,28.234],[-100.06,28.2281],[-100.04,28.2332],[-100.005,28.2638],[-99.955,28.3199],[-99.895,28.3487],[-99.825,28.3501],[-99.7453,28.3895],[-99.6558,28.4668],[-99.6045,28.5186],[-99.5914,28.5449],[-99.5937,28.5757],[-99.6113,28.6108],[-99.5976,28.6394],[-99.5525,28.6614],[-99.517,28.6877],[-99.4909,28.7183],[-99.4829,28.7599],[-99.4929,28.8125],[-99.4809,28.8746],[-99.447,28.9461],[-99.3985,29.0029],[-99.3356,29.0452],[-99.2906,29.0869],[-99.2635,29.128],[-99.2179,29.1585],[-99.1537,29.1786],[-99.1196,29.1755],[-99.1154,29.1493],[-99.1347,29.1231],[-99.1773,29.0969],[-99.2059,29.062],[-99.2205,29.0182],[-99.2267,28.9658],[-99.2248,28.9045],[-99.2353,28.8639],[-99.2584,28.8439],[-99.2798,28.8132],[-99.2993,28.7718],[-99.3021,28.738],[-99.288,28.7117],[-99.2786,28.6678],[-99.2741,28.6064],[-99.2914,28.5686],[-99.3305,28.5545],[-99.3689,28.5238],[-99.4067,28.4764],[-99.4112,28.4438],[-99.3826,28.4263],[-99.371,28.3911],[-99.3764,28.3383],[-99.3566,28.2898],[-99.3116,28.2458],[-99.2861,28.2061],[-99.2801,28.1709],[-99.297,28.1224],[-99.3366,28.0606],[-99.347,27.9768],[-99.3279,27.8707],[-99.3227,27.7779],[-99.3311,27.6982],[-99.369,27.6391],[-99.4363,27.6007],[-99.48,27.5541],[-99.5,27.4993],[-99.505,27.4596],[-99.495,27.435],[-99.4581,27.4106],[-99.3943,27.3866],[-99.3767,27.3434],[-99.4053,27.2812],[-99.4349,27.2323],[-99.4653,27.1967],[-99.4856,27.1612],[-99.4956,27.1256],[-99.4868,27.0721],[-99.4591,27.0009],[-99.4315,26.9535],[-99.4038,26.9301],[-99.375,26.9166],[-99.345,26.9129],[-99.32,26.8961],[-99.3,26.8662],[-99.2485,26.7592],[-99.1656,26.5751],[-99.081,26.4426],[-98.9948,26.362],[-98.9663,26.3154],[-98.9954,26.3028],[-99.0235,26.2804],[-99.0504,26.2481],[-99.0666,26.214],[-99.072,26.1781],[-99.0835,26.1529],[-99.1012,26.1383],[-99.18,26.1613],[-99.32,26.2219],[-99.4035,26.2516],[-99.4305,26.2505],[-99.4494,26.2409],[-99.4602,26.223],[-99.4467,26.1972],[-99.4089,26.1635],[-99.345,26.1373],[-99.255,26.1185],[-99.1801,26.068],[-99.1202,25.9857],[-99.0752,25.937],[-99.0451,25.9219],[-99.0222,25.9174],[-99.0067,25.9235],[-98.9767,25.9562],[-98.9322,26.0155],[-98.885,26.0315],[-98.835,26.0042],[-98.715,26.0212],[-98.525,26.0824],[-98.39,26.1088],[-98.31,26.1005],[-98.23,26.1103],[-98.15,26.138],[-98.09,26.1471],[-98.05,26.1377],[-98.0237,26.1038],[-98.0112,26.0456],[-98.009,26.0075],[-98.0172,25.9895],[-98.0485,25.9681],[-98.1028,25.9432],[-98.1268,25.9477],[-98.1205,25.9815],[-98.1255,26.0088],[-98.1418,26.0294],[-98.175,26.0301],[-98.225,26.0111],[-98.2738,25.9873],[-98.3215,25.9588],[-98.3263,25.9221],[-98.2885,25.8771],[-98.2728,25.8456],[-98.2792,25.8276],[-98.2943,25.8096],[-98.3181,25.7917],[-98.355,25.7806],[-98.405,25.7764],[-98.4449,25.7673],[-98.4747,25.7535],[-98.4847,25.7365],[-98.4749,25.7163],[-98.405,25.7072],[-98.275,25.7091],[-98.2025,25.7011],[-98.1875,25.6833],[-98.1825,25.6641],[-98.1875,25.6433],[-98.22,25.6228],[-98.28,25.6027],[-98.3419,25.5454],[-98.4058,25.451],[-98.4352,25.3947],[-98.4301,25.3766],[-98.3999,25.345],[-98.3448,25.2998],[-98.3204,25.2413],[-98.3268,25.1694],[-98.375,25.1121],[-98.465,25.0694],[-98.53,25.0524],[-98.57,25.0611],[-98.615,25.0804],[-98.665,25.1103],[-98.73,25.1144],[-98.81,25.0926],[-98.89,25.0988],[-98.97,25.1328],[-99.0192,25.141],[-99.0376,25.1232],[-99.0404,25.0917],[-99.0277,25.0464],[-99.0269,25.0101],[-99.038,24.9829],[-99.0684,24.9376],[-99.1182,24.8741],[-99.1646,24.8424],[-99.2076,24.8424],[-99.2235,24.8832],[-99.2124,24.9648],[-99.1881,25.0237],[-99.1507,25.06],[-99.1427,25.0962],[-99.164,25.1324],[-99.1777,25.1732],[-99.1837,25.2184],[-99.2176,25.2713],[-99.2792,25.3318],[-99.34,25.3679],[-99.4,25.3796],[-99.4368,25.3991],[-99.4505,25.4263],[-99.482,25.4579],[-99.5311,25.494],[-99.5543,25.5198],[-99.5514,25.5351],[-99.54,25.5442],[-99.52,25.5468],[-99.4917,25.5346],[-99.455,25.5076],[-99.425,25.4742],[-99.4017,25.4346],[-99.38,25.4109],[-99.36,25.4032],[-99.3417,25.4049],[-99.3252,25.4162],[-99.313,25.4354],[-99.305,25.4624],[-99.305,25.494],[-99.3131,25.5301],[-99.3386,25.5843],[-99.3816,25.6564],[-99.4598,25.7277],[-99.5733,25.798],[-99.64,25.8347],[-99.66,25.8377],[-99.679,25.8296],[-99.6969,25.8102],[-99.7034,25.7736],[-99.6987,25.7195],[-99.7447,25.6756],[-99.8416,25.6419],[-99.905,25.6091],[-99.935,25.5771],[-99.97,25.5647],[-100.01,25.5719],[-100.0623,25.6499],[-100.1269,25.7984],[-100.1569,25.8875],[-100.1523,25.9173],[-100.1371,25.9443],[-100.1113,25.9685],[-100.099,25.994],[-100.1001,26.021],[-100.113,26.045],[-100.1377,26.066],[-100.175,26.0762],[-100.225,26.0755],[-100.2659,26.065],[-100.2976,26.0446],[-100.3158,26.012],[-100.3205,25.967],[-100.3396,25.9479],[-100.3732,25.9545],[-100.3922,25.977],[-100.3967,26.0153],[-100.4184,26.0569],[-100.4575,26.1018],[-100.4869,26.1467],[-100.5067,26.1916],[-100.5022,26.2544],[-100.4735,26.3351],[-100.4602,26.3978],[-100.4624,26.4426],[-100.4951,26.4914],[-100.5584,26.5443],[-100.61,26.5797],[-100.65,26.5977],[-100.6973,26.6339],[-100.7519,26.6882],[-100.7796,26.7913],[-100.7804,26.9429],[-100.7731,27.0447],[-100.7577,27.0966],[-100.735,27.1236],[-100.705,27.1257],[-100.6854,27.1443],[-100.6762,27.1793],[-100.6878,27.2012],[-100.7202,27.2101],[-100.7448,27.1966],[-100.7616,27.1607],[-100.8254,27.134],[-100.9363,27.1165],[-101.0163,27.1087],[-101.0654,27.1106],[-101.095,27.1171],[-101.105,27.1283],[-101.1145,27.1496],[-101.1235,27.181],[-101.1249,27.2234],[-101.1187,27.2768],[-101.1283,27.3523],[-101.1538,27.45],[-101.1522,27.5298],[-101.1233,27.5919],[-101.0882,27.6495],[-101.0469,27.7026],[-101.0294,27.7557],[-101.0358,27.8088],[-101.0592,27.853],[-101.0994,27.8884],[-101.1372,27.9073],[-101.1724,27.9097],[-101.225,27.8859],[-101.295,27.8358],[-101.35,27.8182],[-101.39,27.8332],[-101.425,27.8362],[-101.455,27.827],[-101.49,27.7953],[-101.53,27.7409],[-101.56,27.7089],[-101.58,27.6991],[-101.5957,27.7029],[-101.6071,27.7204],[-101.6135,27.7602],[-101.6149,27.8221],[-101.5971,27.8663],[-101.56,27.8928],[-101.5413,27.9193],[-101.5411,27.9458],[-101.5533,27.9643],[-101.5778,27.9746],[-101.63,27.9779],[-101.71,27.9741],[-101.7648,27.9999],[-101.7945,28.0551],[-101.7845,28.1228]],[[-101.3367,28.4872],[-101.3056,28.5562],[-101.2787,28.5957],[-101.2561,28.6058],[-101.2438,28.5844],[-101.2416,28.5317],[-101.2557,28.4922],[-101.2861,28.4658],[-101.314,28.4526],[-101.3395,28.4526],[-101.3367,28.4872]],[[-99.8883,28.5493],[-99.8784,28.5669],[-99.8562,28.5844],[-99.8215,28.602],[-99.7807,28.6171],[-99.7336,28.6296],[-99.6979,28.634],[-99.6737,28.6302],[-99.7195,28.6064],[-99.8353,28.5625],[-99.8883,28.5493]]]}},{"type":"Feature","properties":{"c":"#00fb90","v0":0.04,"v1":0.05},"geometry":{"type":"Polygon","coordinates":[[[-93.9495,28.9554],[-93.9365,28.9785],[-93.915,28.9923],[-93.885,28.9968],[-93.8446,28.9897],[-93.7938,28.9708],[-93.7609,28.9483],[-93.7461,28.922],[-93.7505,28.9001],[-93.774,28.8826],[-93.8068,28.8731],[-93.8489,28.8717],[-93.885,28.8767],[-93.915,28.8881],[-93.9365,28.9063],[-93.9495,28.9314],[-93.9495,28.9554]],[[-93.9463,28.9541],[-93.9354,28.9746],[-93.915,28.9873],[-93.885,28.9922],[-93.845,28.9832],[-93.795,28.9603],[-93.765,28.9389],[-93.755,28.9189],[-93.7612,28.9001],[-93.7835,28.8826],[-93.8135,28.8737],[-93.8512,28.8736],[-93.885,28.8797],[-93.915,28.8921],[-93.9354,28.9097],[-93.9463,28.9325],[-93.9463,28.9541]]]}},{"type":"Feature","properties":{"c":"#00fb90","v0":0.04,"v1":0.05},"geometry":{"type":"Polygon","coordinates":[[[-81.0715,28.9003],[-81.0572,28.9183],[-81.035,28.9272],[-81.005,28.9269],[-80.98,28.9188],[-80.96,28.9027],[-80.95,28.8853],[-80.95,28.8665],[-80.975,28.8562],[-81.025,28.8544],[-81.0572,28.863],[-81.0715,28.8819],[-81.0715,28.9003]],[[-81.0698,28.8998],[-81.0566,28.9167],[-81.04,28.9263],[-81.02,28.9286],[-80.9986,28.9246],[-80.9759,28.9141],[-80.9622,28.9001],[-80.9575,28.8826],[-80.9739,28.8685],[-81.0113,28.858],[-81.0416,28.8623],[-81.0648,28.8817],[-81.0698,28.8998]]]}},{"type":"Feature","properties":{"c":"#00fb90","v0":0.04,"v1":0.05},"geometry":{"type":"Polygon","coordinates":[[[-90.3445,28.5654],[-90.3082,28.5799],[-90.2818,28.5843],[-90.2654,28.5785],[-90.2704,28.5664],[-90.2968,28.5479],[-90.3232,28.5435],[-90.3495,28.5532],[-90.3445,28.5654]],[[-90.322,28.5625],[-90.2865,28.5713],[-90.2791,28.5692],[-90.2997,28.5564],[-90.3174,28.552],[-90.3323,28.5561],[-90.322,28.5625]]]}},{"type":"Feature","properties":{"c":"#00fb90","v0":0.04,"v1":0.05},"geometry":{"type":"Polygon","coordinates":[[[-79.7354,28.5443],[-79.7318,28.5519],[-79.725,28.5521],[-79.715,28.545],[-79.705,28.5267],[-79.695,28.4971],[-79.7018,28.4969],[-79.7254,28.526],[-79.7354,28.5443]],[[-79.72,28.5255],[-79.7133,28.5305],[-79.7061,28.5261],[-79.6982,28.5123],[-79.6982,28.5022],[-79.7061,28.4958],[-79.7133,28.5002],[-79.72,28.5154],[-79.72,28.5255]]]}},{"type":"Feature","properties":{"c":"#00fb90","v0":0.04,"v1":0.05},"geometry":{"type":"Polygon","coordinates":[[[-90.8666,27.9414],[-90.8411,27.9768],[-90.8295,28.0253],[-90.832,28.0871],[-90.8274,28.1372],[-90.8158,28.1757],[-90.77,28.1919],[-90.69,28.1859],[-90.61,28.1512],[-90.53,28.088],[-90.475,28.0532],[-90.445,28.0468],[-90.345,28.0701],[-90.175,28.123],[-90.05,28.1534],[-89.97,28.1613],[-89.9211,28.1843],[-89.9033,28.2224],[-89.9063,28.259],[-89.9302,28.2942],[-89.9241,28.321],[-89.888,28.3394],[-89.825,28.3322],[-89.735,28.2994],[-89.67,28.2811],[-89.63,28.2774],[-89.5911,28.2802],[-89.5533,28.2895],[-89.5298,28.3119],[-89.5207,28.3471],[-89.4446,28.3569],[-89.3015,28.3415],[-89.2138,28.3371],[-89.1813,28.3437],[-89.1563,28.3602],[-89.1388,28.3864],[-89.1111,28.3776],[-89.0734,28.3338],[-89.0184,28.2988],[-88.9461,28.2726],[-88.879,28.233],[-88.817,28.1798],[-88.792,28.1372],[-88.804,28.105],[-88.83,28.0747],[-88.87,28.0462],[-88.9452,28.0094],[-89.0555,27.9641],[-89.1089,27.9238],[-89.1054,27.8884],[-89.0814,27.8486],[-89.0368,27.8044],[-89.0484,27.7529],[-89.1161,27.6941],[-89.155,27.644],[-89.165,27.6024],[-89.215,27.5809],[-89.305,27.5793],[-89.3682,27.5586],[-89.4047,27.5187],[-89.4547,27.487],[-89.5182,27.4635],[-89.5558,27.4413],[-89.5674,27.4205],[-89.5672,27.3923],[-89.5552,27.3567],[-89.5544,27.3341],[-89.5648,27.3242],[-89.675,27.3481],[-89.885,27.4056],[-90.03,27.4558],[-90.11,27.4988],[-90.175,27.5194],[-90.225,27.5176],[-90.2595,27.5388],[-90.2784,27.5831],[-90.3034,27.612],[-90.3345,27.6258],[-90.42,27.6307],[-90.56,27.627],[-90.6473,27.629],[-90.6819,27.6367],[-90.7269,27.6938],[-90.7824,27.8],[-90.8275,27.8707],[-90.8621,27.9061],[-90.8666,27.9414]],[[-90.86,27.9414],[-90.834,27.9768],[-90.8183,28.0434],[-90.8128,28.1412],[-90.77,28.1865],[-90.69,28.1794],[-90.61,28.1445],[-90.53,28.0818],[-90.475,28.0473],[-90.445,28.0408],[-90.35,28.0624],[-90.19,28.1122],[-90.065,28.1423],[-89.975,28.1526],[-89.9192,28.1787],[-89.8975,28.2205],[-89.8975,28.259],[-89.9189,28.2942],[-89.9147,28.3194],[-89.8849,28.3344],[-89.81,28.3237],[-89.69,28.2873],[-89.605,28.2735],[-89.555,28.2824],[-89.515,28.3024],[-89.485,28.3336],[-89.425,28.3436],[-89.335,28.3325],[-89.245,28.33],[-89.155,28.3361],[-89.0638,28.3192],[-88.9715,28.2791],[-88.8955,28.2326],[-88.8359,28.1797],[-88.8097,28.14],[-88.8168,28.1136],[-88.8377,28.0871],[-88.8726,28.0605],[-88.9497,28.0208],[-89.069,27.9679],[-89.1216,27.9193],[-89.1074,27.8751],[-89.0813,27.8354],[-89.0431,27.8],[-89.0555,27.7552],[-89.1185,27.7009],[-89.16,27.6499],[-89.18,27.6021],[-89.23,27.5839],[-89.31,27.5955],[-89.3641,27.6155],[-89.3924,27.6441],[-89.4224,27.6648],[-89.4541,27.6777],[-89.505,27.6861],[-89.575,27.6901],[-89.6107,27.6836],[-89.6122,27.6668],[-89.5772,27.6436],[-89.5057,27.6142],[-89.4569,27.5876],[-89.4308,27.5639],[-89.4208,27.5421],[-89.4269,27.5224],[-89.4658,27.4958],[-89.5374,27.4623],[-89.5774,27.4181],[-89.5858,27.3632],[-89.685,27.3603],[-89.875,27.4094],[-90.01,27.4556],[-90.09,27.4987],[-90.155,27.524],[-90.205,27.5314],[-90.2419,27.5526],[-90.2656,27.5877],[-90.2906,27.6119],[-90.3169,27.6254],[-90.405,27.6335],[-90.555,27.6363],[-90.645,27.6419],[-90.675,27.6505],[-90.7177,27.7044],[-90.7731,27.8035],[-90.8188,27.8707],[-90.8549,27.9061],[-90.86,27.9414]]]}},{"type":"Feature","properties":{"c":"#00fb90","v0":0.04,"v1":0.05},"geometry":{"type":"Polygon","coordinates":[[[-81.3968,28.3207],[-81.3658,28.303],[-81.3546,28.2854],[-81.3631,28.2678],[-81.3746,28.2634],[-81.3888,28.2722],[-81.4001,28.2898],[-81.4083,28.3163],[-81.3968,28.3207]],[[-81.3967,28.312],[-81.3789,28.3122],[-81.365,28.3032],[-81.355,28.2852],[-81.36,28.2753],[-81.38,28.2736],[-81.3939,28.2825],[-81.4017,28.3021],[-81.3967,28.312]]]}},{"type":"Feature","properties":{"c":"#00fb90","v0":0.04,"v1":0.05},"geometry":{"type":"Polygon","coordinates":[[[-92.5429,28.2705],[-92.4676,28.2936],[-92.397,28.3024],[-92.3311,28.297],[-92.2906,28.2854],[-92.2755,28.2678],[-92.2834,28.2512],[-92.3145,28.2356],[-92.3926,28.2356],[-92.5179,28.2512],[-92.5429,28.2705]],[[-92.5274,28.2699],[-92.4625,28.2918],[-92.3994,28.3006],[-92.3383,28.2964],[-92.2989,28.2854],[-92.2814,28.2678],[-92.2869,28.2519],[-92.3156,28.2377],[-92.3875,28.2377],[-92.5024,28.2519],[-92.5274,28.2699]]]}},{"type":"Feature","properties":{"c":"#00fb90","v0":0.04,"v1":0.05},"geometry":{"type":"Polygon","coordinates":[[[-79.0672,28.1841],[-79.0454,28.1753],[-79.0384,28.1669],[-79.0461,28.1588],[-79.057,28.1632],[-79.071,28.1801],[-79.0672,28.1841]],[[-79.0667,28.1876],[-79.0556,28.1856],[-79.05,28.1788],[-79.05,28.1672],[-79.0556,28.1682],[-79.0667,28.1817],[-79.0667,28.1876]]]}},{"type":"Feature","properties":{"c":"#00fb90","v0":0.04,"v1":0.05},"geometry":{"type":"Polygon","coordinates":[[[-79.5227,28.086],[-79.5142,28.0925],[-79.485,28.0865],[-79.435,28.068],[-79.3983,28.0427],[-79.3749,28.0105],[-79.3899,28.0019],[-79.4433,28.0169],[-79.4842,28.0389],[-79.5127,28.0681],[-79.5227,28.086]],[[-79.4929,28.0762],[-79.4376,28.0631],[-79.4,28.0422],[-79.38,28.0133],[-79.3965,28.0066],[-79.4494,28.022],[-79.487,28.043],[-79.5094,28.0695],[-79.4929,28.0762]]]}},{"type":"Feature","properties":{"c":"#00fb90","v0":0.04,"v1":0.05},"geometry":{"type":"Polygon","coordinates":[[[-81.4893,28.0305],[-81.4631,28.0321],[-81.4349,28.0233],[-81.4048,28.0041],[-81.3648,27.9634],[-81.3149,27.9013],[-81.31,27.8738],[-81.35,27.881],[-81.3999,27.912],[-81.4598,27.967],[-81.4929,28.0033],[-81.4993,28.0209],[-81.4893,28.0305]],[[-81.4911,28.018],[-81.477,28.0297],[-81.4574,28.0297],[-81.4321,28.018],[-81.3913,27.9856],[-81.3349,27.9326],[-81.3042,27.8972],[-81.2989,27.8796],[-81.3147,27.8748],[-81.3516,27.8828],[-81.402,27.9182],[-81.4661,27.9808],[-81.4911,28.018]]]}},{"type":"Feature","properties":{"c":"#00fb90","v0":0.04,"v1":0.05},"geometry":{"type":"Polygon","coordinates":[[[-95.0292,27.9836],[-95.0164,27.9974],[-94.995,28.0053],[-94.965,28.0074],[-94.92,28.0022],[-94.86,27.9895],[-94.8255,27.9772],[-94.8164,27.9651],[-94.8214,27.9536],[-94.8405,27.9426],[-94.875,27.937],[-94.925,27.937],[-94.965,27.9396],[-94.995,27.9451],[-95.0164,27.9551],[-95.0292,27.9695],[-95.0292,27.9836]],[[-95.0262,27.9829],[-95.0154,27.9951],[-94.995,28.0025],[-94.965,28.0051],[-94.925,28.0016],[-94.875,27.992],[-94.8423,27.9802],[-94.8268,27.9661],[-94.8518,27.954],[-94.9173,27.9438],[-94.965,27.9417],[-94.995,27.9475],[-95.0154,27.957],[-95.0262,27.9702],[-95.0262,27.9829]]]}},{"type":"Feature","properties":{"c":"#00fb90","v0":0.04,"v1":0.05},"geometry":{"type":"Polygon","coordinates":[[[-99.132,27.9282],[-99.1157,27.937],[-99.1081,27.9232],[-99.1094,27.8866],[-99.1175,27.8822],[-99.1326,27.9099],[-99.132,27.9282]]]}},{"type":"Feature","properties":{"c":"#00fb90","v0":0.04,"v1":0.05},"geometry":{"type":"Polygon","coordinates":[[[-94.8227,27.8637],[-94.8009,27.8849],[-94.7795,27.8893],[-94.7585,27.8769],[-94.7535,27.8661],[-94.7645,27.8568],[-94.7859,27.8523],[-94.8177,27.8528],[-94.8227,27.8637]],[[-94.806,27.8748],[-94.7953,27.8829],[-94.7825,27.8829],[-94.7676,27.8748],[-94.7676,27.8665],[-94.7825,27.8581],[-94.7953,27.8581],[-94.806,27.8665],[-94.806,27.8748]]]}},{"type":"Feature","properties":{"c":"#00fb90","v0":0.04,"v1":0.05},"geometry":{"type":"Polygon","coordinates":[[[-95.0553,27.8279],[-95.0118,27.8484],[-94.9565,27.8572],[-94.8895,27.8544],[-94.8695,27.8378],[-94.8965,27.8074],[-94.945,27.7901],[-95.015,27.7857],[-95.0568,27.7921],[-95.0703,27.8091],[-95.0553,27.8279]],[[-95.0461,27.8278],[-94.9954,27.8482],[-94.9471,27.8571],[-94.9012,27.8544],[-94.8756,27.8486],[-94.8703,27.8398],[-94.8833,27.825],[-94.9144,27.8042],[-94.96,27.7928],[-95.02,27.791],[-95.0554,27.797],[-95.0661,27.8108],[-95.0461,27.8278]]]}},{"type":"Feature","properties":{"c":"#00fb90","v0":0.04,"v1":0.05},"geometry":{"type":"Polygon","coordinates":[[[-94.0667,27.8215],[-94.0556,27.8292],[-94.035,27.8291],[-94.005,27.8211],[-93.9846,27.7995],[-93.9737,27.7644],[-93.9728,27.7425],[-93.9817,27.7336],[-93.9973,27.7292],[-94.0197,27.7292],[-94.0413,27.7513],[-94.062,27.7955],[-94.0667,27.8215]],[[-94.0396,27.8147],[-94.0065,27.8089],[-93.99,27.79],[-93.99,27.7581],[-93.9988,27.7434],[-94.0163,27.7457],[-94.0328,27.7646],[-94.0484,27.8],[-94.0396,27.8147]]]}},{"type":"Feature","properties":{"c":"#00fb90","v0":0.04,"v1":0.05},"geometry":{"type":"Polygon","coordinates":[[[-95.4496,27.4677],[-95.4368,27.5476],[-95.4103,27.5946],[-95.3701,27.6089],[-95.32,27.618],[-95.26,27.6219],[-95.222,27.6325],[-95.2059,27.6497],[-95.1946,27.676],[-95.1881,27.7115],[-95.1761,27.7353],[-95.1587,27.7476],[-95.09,27.756],[-94.97,27.7603],[-94.89,27.7509],[-94.85,27.7278],[-94.7671,27.7062],[-94.6413,27.6861],[-94.5863,27.6679],[-94.6021,27.6515],[-94.63,27.6494],[-94.67,27.6616],[-94.7,27.6649],[-94.72,27.6594],[-94.7393,27.6482],[-94.7579,27.6313],[-94.7684,27.6096],[-94.7708,27.583],[-94.7815,27.5666],[-94.8005,27.5604],[-94.87,27.5783],[-94.99,27.6202],[-95.0633,27.6322],[-95.09,27.6142],[-95.11,27.5899],[-95.1233,27.5593],[-95.165,27.5382],[-95.235,27.5267],[-95.2919,27.5109],[-95.3357,27.491],[-95.3628,27.4722],[-95.3733,27.4544],[-95.3702,27.4367],[-95.3537,27.4189],[-95.3486,27.4056],[-95.355,27.3967],[-95.3738,27.3923],[-95.4048,27.3923],[-95.4293,27.4012],[-95.4471,27.4189],[-95.4496,27.4677]],[[-95.4445,27.4677],[-95.4316,27.5476],[-95.4064,27.5942],[-95.3688,27.6078],[-95.3189,27.6167],[-95.2567,27.6208],[-95.2067,27.6549],[-95.1689,27.7188],[-95.09,27.7527],[-94.97,27.7566],[-94.89,27.7472],[-94.85,27.7247],[-94.795,27.7046],[-94.725,27.6869],[-94.6637,27.6775],[-94.611,27.6765],[-94.591,27.6688],[-94.6037,27.6542],[-94.63,27.6538],[-94.67,27.6676],[-94.7,27.6712],[-94.72,27.6646],[-94.75,27.637],[-94.79,27.5882],[-94.87,27.5842],[-94.99,27.6251],[-95.0609,27.6398],[-95.0827,27.6285],[-95.1027,27.6049],[-95.1209,27.5689],[-95.1887,27.5334],[-95.306,27.4985],[-95.3698,27.4766],[-95.38,27.4677],[-95.3768,27.45],[-95.3601,27.4233],[-95.3564,27.4058],[-95.3655,27.3973],[-95.385,27.3951],[-95.415,27.3992],[-95.4352,27.4079],[-95.4457,27.4211],[-95.4445,27.4677]]]}},{"type":"Feature","properties":{"c":"#00fb90","v0":0.04,"v1":0.05},"geometry":{"type":"Polygon","coordinates":[[[-93.8333,27.7337],[-93.8044,27.7429],[-93.7816,27.7429],[-93.7647,27.7337],[-93.7791,27.7292],[-93.8248,27.7292],[-93.8333,27.7337]]]}},{"type":"Feature","properties":{"c":"#00fb90","v0":0.04,"v1":0.05},"geometry":{"type":"Polygon","coordinates":[[[-94.3882,27.6142],[-94.3627,27.6323],[-94.333,27.6323],[-94.2991,27.6142],[-94.2941,27.5995],[-94.318,27.5882],[-94.346,27.5837],[-94.3781,27.5862],[-94.3958,27.5919],[-94.3993,27.6007],[-94.3882,27.6142]],[[-94.3733,27.6126],[-94.3444,27.6274],[-94.3203,27.6274],[-94.3008,27.6126],[-94.3008,27.6003],[-94.3203,27.5906],[-94.3444,27.5906],[-94.3733,27.6003],[-94.3733,27.6126]]]}},{"type":"Feature","properties":{"c":"#00fb90","v0":0.04,"v1":0.05},"geometry":{"type":"Polygon","coordinates":[[[-94.1646,27.5961],[-94.1149,27.6134],[-94.0704,27.6178],[-94.0311,27.6094],[-94.0114,27.6007],[-94.0112,27.5919],[-94.0408,27.5804],[-94.1003,27.5662],[-94.1449,27.5662],[-94.1746,27.5804],[-94.1646,27.5961]],[[-94.1537,27.5954],[-94.1112,27.6114],[-94.072,27.6159],[-94.036,27.6087],[-94.0183,27.6007],[-94.0191,27.5919],[-94.0421,27.5815],[-94.0874,27.5697],[-94.1262,27.5697],[-94.1587,27.5815],[-94.1537,27.5954]]]}},{"type":"Feature","properties":{"c":"#00fb90","v0":0.04,"v1":0.05},"geometry":{"type":"Polygon","coordinates":[[[-96.8101,27.5564],[-96.7925,27.5653],[-96.7902,27.5605],[-96.8034,27.5419],[-96.8122,27.5375],[-96.8167,27.5472],[-96.8101,27.5564]]]}},{"type":"Feature","properties":{"c":"#00fb90","v0":0.04,"v1":0.05},"geometry":{"type":"Polygon","coordinates":[[[-93.4384,27.5037],[-93.4195,27.5134],[-93.389,27.5134],[-93.3471,27.5037],[-93.3421,27.4935],[-93.374,27.4829],[-93.4045,27.4829],[-93.4334,27.4935],[-93.4384,27.5037]],[[-93.4307,27.5022],[-93.4169,27.5089],[-93.3957,27.5089],[-93.3671,27.5022],[-93.3621,27.4945],[-93.3807,27.486],[-93.4019,27.486],[-93.4257,27.4945],[-93.4307,27.5022]]]}},{"type":"Feature","properties":{"c":"#00fb90","v0":0.04,"v1":0.05},"geometry":{"type":"Polygon","coordinates":[[[-96.0946,27.2901],[-96.0674,27.3701],[-96.0378,27.4154],[-96.0059,27.4262],[-95.9897,27.4173],[-95.9892,27.3888],[-96.0041,27.3434],[-96.0344,27.2812],[-96.0597,27.2449],[-96.0799,27.2345],[-96.0945,27.2345],[-96.1036,27.2449],[-96.0946,27.2901]],[[-96.088,27.2901],[-96.0632,27.3701],[-96.0359,27.4145],[-96.0059,27.4233],[-95.9907,27.4156],[-95.9902,27.3913],[-96.005,27.3481],[-96.035,27.2861],[-96.055,27.2511],[-96.065,27.2432],[-96.0776,27.2419],[-96.0927,27.2474],[-96.088,27.2901]]]}},{"type":"Feature","properties":{"c":"#00fb90","v0":0.04,"v1":0.05},"geometry":{"type":"Polygon","coordinates":[[[-98.8442,23.3635],[-98.8239,23.4002],[-98.7893,23.437],[-98.7406,23.4737],[-98.6797,23.5018],[-98.6066,23.5215],[-98.55,23.5138],[-98.51,23.4787],[-98.475,23.4643],[-98.445,23.4704],[-98.4217,23.4827],[-98.4051,23.5011],[-98.3901,23.534],[-98.3767,23.5814],[-98.3524,23.6226],[-98.3171,23.6578],[-98.2857,23.7028],[-98.2582,23.7577],[-98.2108,23.7949],[-98.1436,23.8142],[-98.0927,23.8371],[-98.0582,23.8635],[-98.0389,23.8858],[-98.0348,23.9041],[-98.0421,23.9231],[-98.0607,23.9429],[-98.13,23.9611],[-98.25,23.9778],[-98.3145,23.9908],[-98.3234,24.0],[-98.3245,24.0275],[-98.3179,24.0731],[-98.325,24.1188],[-98.346,24.1644],[-98.345,24.21],[-98.3221,24.2556],[-98.3239,24.3012],[-98.3504,24.3468],[-98.3624,24.3832],[-98.3599,24.4105],[-98.3494,24.4424],[-98.3308,24.4788],[-98.2709,24.538],[-98.1698,24.6198],[-98.1119,24.6864],[-98.0973,24.7376],[-98.06,24.7769],[-98.0,24.8042],[-97.95,24.8153],[-97.91,24.8101],[-97.8828,24.8117],[-97.8683,24.82],[-97.8632,24.8605],[-97.8676,24.9331],[-97.8234,24.9965],[-97.7307,25.0509],[-97.679,25.1143],[-97.6683,25.1867],[-97.6847,25.223],[-97.7282,25.2231],[-97.7594,25.2321],[-97.7781,25.2501],[-97.7581,25.2666],[-97.6994,25.2815],[-97.655,25.2758],[-97.625,25.2494],[-97.595,25.2349],[-97.565,25.2322],[-97.495,25.2571],[-97.385,25.3094],[-97.295,25.3367],[-97.225,25.3389],[-97.178,25.3515],[-97.154,25.3743],[-97.1419,25.4037],[-97.1415,25.4399],[-97.1536,25.4715],[-97.1783,25.4986],[-97.19,25.5301],[-97.1888,25.5662],[-97.1535,25.6113],[-97.0841,25.6654],[-97.0523,25.715],[-97.0581,25.76],[-97.0823,25.8051],[-97.1249,25.8501],[-97.1389,25.94],[-97.1241,26.0749],[-97.1451,26.1717],[-97.2017,26.2307],[-97.2419,26.2621],[-97.2657,26.2659],[-97.269,26.2768],[-97.2519,26.2947],[-97.2394,26.3261],[-97.2314,26.3709],[-97.2306,26.4292],[-97.2369,26.5008],[-97.2634,26.5634],[-97.3101,26.6171],[-97.3348,26.6707],[-97.3376,26.7243],[-97.3621,26.8181],[-97.4083,26.9519],[-97.4316,27.0543],[-97.432,27.1256],[-97.4217,27.1854],[-97.4006,27.234],[-97.35,27.2856],[-97.27,27.3402],[-97.205,27.3644],[-97.155,27.3583],[-97.105,27.3605],[-97.055,27.371],[-97.0268,27.3669],[-97.0204,27.3483],[-97.0238,27.3168],[-97.0369,27.2723],[-97.0251,27.2454],[-96.9884,27.236],[-96.9611,27.2227],[-96.9434,27.2054],[-96.9554,27.1745],[-96.9972,27.13],[-97.0159,27.0944],[-97.0115,27.0677],[-97.0197,27.0232],[-97.0403,26.9608],[-97.0326,26.8894],[-96.9964,26.8091],[-96.9822,26.7332],[-96.9899,26.6618],[-96.9878,26.6121],[-96.9759,26.5844],[-96.955,26.5689],[-96.925,26.5657],[-96.865,26.5962],[-96.775,26.6603],[-96.705,26.6977],[-96.655,26.7081],[-96.6,26.7382],[-96.54,26.7879],[-96.4944,26.8107],[-96.4631,26.8067],[-96.4488,26.7913],[-96.4513,26.7645],[-96.4719,26.7217],[-96.5106,26.6629],[-96.54,26.6281],[-96.56,26.6174],[-96.585,26.6207],[-96.615,26.6379],[-96.635,26.6422],[-96.645,26.6336],[-96.661,26.5882],[-96.6829,26.5061],[-96.6779,26.4458],[-96.646,26.4073],[-96.6274,26.376],[-96.6223,26.3517],[-96.6582,26.2903],[-96.7351,26.1916],[-96.7703,26.1332],[-96.764,26.1153],[-96.7231,26.1177],[-96.6477,26.1406],[-96.575,26.2068],[-96.505,26.3164],[-96.43,26.3693],[-96.35,26.3658],[-96.2739,26.4028],[-96.2016,26.4801],[-96.1666,26.5234],[-96.1689,26.5329],[-96.1875,26.5418],[-96.2224,26.5503],[-96.2439,26.5634],[-96.252,26.5813],[-96.2524,26.5992],[-96.2452,26.6171],[-96.223,26.6394],[-96.1861,26.6662],[-96.1809,26.7154],[-96.2074,26.7868],[-96.213,26.8373],[-96.1977,26.8668],[-96.18,26.8712],[-96.16,26.8505],[-96.1293,26.8357],[-96.0878,26.8269],[-96.0528,26.8022],[-96.0243,26.7614],[-95.98,26.7556],[-95.92,26.7848],[-95.885,26.7966],[-95.875,26.791],[-95.875,26.7632],[-95.885,26.7131],[-95.9045,26.6681],[-95.9335,26.6281],[-95.9446,26.5813],[-95.9378,26.5276],[-95.9733,26.4757],[-96.0511,26.4255],[-96.1075,26.3672],[-96.1424,26.301],[-96.1631,26.2454],[-96.1696,26.2006],[-96.1672,26.1696],[-96.1557,26.1524],[-96.1353,26.1524],[-96.1059,26.1696],[-96.0809,26.2008],[-96.0603,26.2462],[-96.045,26.2716],[-96.035,26.2768],[-96.0239,26.2721],[-96.0116,26.2573],[-96.0066,26.2226],[-96.0089,26.1679],[-96.0305,26.0915],[-96.0715,25.9936],[-96.0865,25.9372],[-96.0755,25.9226],[-96.0498,25.9136],[-96.0095,25.9102],[-95.9989,25.8726],[-96.0182,25.8006],[-96.0444,25.751],[-96.0776,25.724],[-96.0926,25.6835],[-96.0894,25.6294],[-96.0934,25.5953],[-96.1045,25.5814],[-96.135,25.5685],[-96.185,25.5568],[-96.2278,25.5547],[-96.2633,25.5624],[-96.2933,25.5792],[-96.3178,25.6053],[-96.347,25.6053],[-96.3811,25.5792],[-96.4071,25.5482],[-96.4251,25.5121],[-96.4347,25.4805],[-96.4359,25.4534],[-96.4299,25.4353],[-96.4166,25.4263],[-96.36,25.4318],[-96.26,25.452],[-96.205,25.4587],[-96.195,25.4519],[-96.1907,25.4373],[-96.192,25.4149],[-96.216,25.3812],[-96.2626,25.336],[-96.2835,25.2998],[-96.2786,25.2727],[-96.2411,25.2636],[-96.1712,25.2727],[-96.1296,25.2999],[-96.1165,25.3452],[-96.0864,25.3814],[-96.0392,25.4083],[-96.0064,25.4399],[-95.9881,25.476],[-95.9667,25.5036],[-95.9422,25.5226],[-95.91,25.5382],[-95.87,25.5502],[-95.83,25.5434],[-95.79,25.5178],[-95.755,25.5102],[-95.725,25.5207],[-95.685,25.5248],[-95.635,25.5227],[-95.595,25.5591],[-95.565,25.6342],[-95.504,25.6904],[-95.412,25.7278],[-95.357,25.7715],[-95.339,25.8214],[-95.324,25.8439],[-95.3119,25.839],[-95.3097,25.8231],[-95.3172,25.7961],[-95.3132,25.7776],[-95.2977,25.7678],[-95.27,25.7611],[-95.23,25.7576],[-95.175,25.7629],[-95.105,25.7772],[-95.0298,25.7974],[-94.9493,25.8235],[-94.8843,25.8714],[-94.8348,25.941],[-94.8015,25.95],[-94.7844,25.8984],[-94.7444,25.8665],[-94.6815,25.8542],[-94.635,25.839],[-94.605,25.821],[-94.5883,25.8001],[-94.585,25.7764],[-94.59,25.7528],[-94.6033,25.7293],[-94.63,25.7029],[-94.67,25.6735],[-94.7157,25.6492],[-94.7671,25.63],[-94.8203,25.5978],[-94.8753,25.5527],[-94.9146,25.5054],[-94.9382,25.4557],[-94.98,25.4193],[-95.04,25.3959],[-95.1,25.38],[-95.16,25.3716],[-95.2088,25.3177],[-95.2464,25.2183],[-95.2558,25.1505],[-95.2368,25.1143],[-95.233,25.0885],[-95.2443,25.0732],[-95.265,25.0668],[-95.295,25.0695],[-95.35,25.0959],[-95.43,25.1461],[-95.48,25.171],[-95.5,25.1706],[-95.525,25.1576],[-95.555,25.132],[-95.5959,25.1089],[-95.6477,25.0883],[-95.6877,25.0595],[-95.7159,25.0224],[-95.7494,24.9906],[-95.7881,24.9644],[-95.8131,24.9345],[-95.8244,24.9012],[-95.84,24.8792],[-95.86,24.8687],[-95.89,24.8719],[-95.93,24.8889],[-95.99,24.8723],[-96.07,24.8221],[-96.14,24.8001],[-96.2,24.8064],[-96.265,24.7883],[-96.335,24.7457],[-96.385,24.7214],[-96.415,24.7152],[-96.46,24.7176],[-96.52,24.7285],[-96.58,24.7256],[-96.64,24.7087],[-96.69,24.6873],[-96.73,24.6614],[-96.785,24.6484],[-96.855,24.6481],[-96.9058,24.6376],[-96.9375,24.6166],[-96.9546,24.5971],[-96.9572,24.5789],[-96.9463,24.5629],[-96.9221,24.5491],[-96.87,24.5451],[-96.79,24.5508],[-96.725,24.5479],[-96.675,24.5364],[-96.6248,24.5404],[-96.5743,24.56],[-96.5448,24.5652],[-96.5363,24.5561],[-96.5358,24.5334],[-96.5433,24.497],[-96.5328,24.4653],[-96.5043,24.4384],[-96.46,24.4369],[-96.4,24.4609],[-96.3547,24.4698],[-96.3242,24.4637],[-96.3035,24.4469],[-96.2928,24.4196],[-96.2982,24.3786],[-96.3196,24.324],[-96.3074,24.2738],[-96.2613,24.2283],[-96.247,24.1781],[-96.2644,24.1233],[-96.2557,24.0823],[-96.2209,24.0549],[-96.2034,24.0183],[-96.2033,23.9726],[-96.1936,23.9361],[-96.1741,23.9087],[-96.1712,23.8812],[-96.1847,23.8538],[-96.1866,23.8309],[-96.1766,23.8126],[-96.0813,23.8251],[-95.9004,23.8684],[-95.77,23.8861],[-95.69,23.8781],[-95.575,23.8976],[-95.425,23.9448],[-95.3354,23.9637],[-95.3061,23.9544],[-95.2908,23.9361],[-95.2896,23.9087],[-95.2992,23.8873],[-95.3197,23.8721],[-95.415,23.8458],[-95.585,23.8086],[-95.7299,23.7659],[-95.8496,23.7177],[-95.9161,23.6845],[-95.9295,23.6661],[-95.9349,23.6478],[-95.9324,23.6295],[-95.9209,23.6143],[-95.9003,23.6021],[-95.8626,23.593],[-95.8078,23.5868],[-95.7743,23.5791],[-95.762,23.5699],[-95.7594,23.559],[-95.7665,23.5463],[-95.875,23.5052],[-96.085,23.4357],[-96.205,23.4016],[-96.235,23.4029],[-96.2764,23.4256],[-96.3292,23.4699],[-96.3861,23.5058],[-96.4472,23.5333],[-96.4174,23.5929],[-96.2969,23.6845],[-96.2356,23.7394],[-96.2335,23.7577],[-96.2468,23.7721],[-96.2756,23.7826],[-96.335,23.7726],[-96.425,23.7419],[-96.51,23.6777],[-96.59,23.5798],[-96.655,23.5365],[-96.705,23.548],[-96.765,23.527],[-96.835,23.4737],[-96.895,23.4563],[-96.945,23.4747],[-96.9888,23.4951],[-97.0265,23.5175],[-97.0442,23.5333],[-97.0421,23.5424],[-97.0233,23.5765],[-96.9878,23.6356],[-96.9444,23.6905],[-96.8932,23.7414],[-96.8565,23.7989],[-96.8345,23.8629],[-96.8316,23.9087],[-96.8478,23.9361],[-96.8845,23.9566],[-96.9415,23.9702],[-96.985,23.9908],[-97.015,24.0186],[-97.04,24.034],[-97.06,24.0372],[-97.1,24.0095],[-97.16,23.9511],[-97.23,23.9098],[-97.31,23.8857],[-97.3661,23.856],[-97.3984,23.821],[-97.4219,23.7852],[-97.4367,23.7486],[-97.4391,23.7074],[-97.4293,23.6616],[-97.4058,23.6236],[-97.3686,23.5935],[-97.34,23.5575],[-97.32,23.5157],[-97.2739,23.4895],[-97.2016,23.4789],[-97.1624,23.4691],[-97.1562,23.4599],[-97.1805,23.437],[-97.2352,23.4002],[-97.2766,23.3589],[-97.3046,23.313],[-97.4065,23.2658],[-97.5822,23.2172],[-97.705,23.1745],[-97.775,23.1377],[-97.845,23.0739],[-97.915,22.9831],[-97.985,22.9265],[-98.055,22.9042],[-98.1013,22.8957],[-98.1238,22.901],[-98.1511,22.9498],[-98.1832,23.0418],[-98.2016,23.12],[-98.2061,23.1844],[-98.2187,23.2224],[-98.2396,23.2341],[-98.295,23.2317],[-98.385,23.2153],[-98.4293,23.2462],[-98.4278,23.3244],[-98.4428,23.3857],[-98.4743,23.4299],[-98.51,23.4454],[-98.55,23.432],[-98.5813,23.4099],[-98.6038,23.379],[-98.6538,23.3428],[-98.7313,23.3014],[-98.7849,23.283],[-98.8147,23.2877],[-98.8357,23.3038],[-98.8482,23.3314],[-98.8442,23.3635]],[[-98.4459,23.4507],[-98.4152,23.4782],[-98.3924,23.5189],[-98.3775,23.5726],[-98.3513,23.6185],[-98.314,23.6564],[-98.2814,23.7028],[-98.2538,23.7577],[-98.2024,23.7947],[-98.1275,23.8138],[-98.0739,23.8413],[-98.0416,23.8771],[-98.0269,23.9041],[-98.0296,23.9224],[-98.0408,23.9386],[-98.0603,23.9528],[-98.1,23.9616],[-98.16,23.965],[-98.223,23.9762],[-98.289,23.9951],[-98.3192,24.0275],[-98.3136,24.0731],[-98.321,24.1188],[-98.3417,24.1644],[-98.3407,24.21],[-98.318,24.2556],[-98.3201,24.3057],[-98.3469,24.3604],[-98.3535,24.4105],[-98.34,24.456],[-98.2826,24.5198],[-98.1814,24.6016],[-98.1206,24.6715],[-98.1002,24.7294],[-98.06,24.7723],[-98.0,24.8004],[-97.95,24.8117],[-97.91,24.8062],[-97.8815,24.8087],[-97.8644,24.819],[-97.8594,24.8582],[-97.8665,24.9262],[-97.8265,24.9851],[-97.7394,25.035],[-97.6844,25.0962],[-97.6613,25.1686],[-97.6548,25.211],[-97.6649,25.2234],[-97.695,25.2308],[-97.745,25.2331],[-97.7733,25.2404],[-97.7798,25.2529],[-97.7548,25.2659],[-97.6983,25.2795],[-97.655,25.2727],[-97.625,25.2455],[-97.6,25.2301],[-97.58,25.2268],[-97.51,25.2521],[-97.39,25.3062],[-97.295,25.3345],[-97.225,25.3369],[-97.1774,25.35],[-97.1523,25.3738],[-97.1381,25.3992],[-97.1349,25.4263],[-97.1452,25.4534],[-97.1692,25.4805],[-97.1822,25.5166],[-97.1843,25.5617],[-97.173,25.5978],[-97.1483,25.6249],[-97.1144,25.6474],[-97.0712,25.6654],[-97.0497,25.6977],[-97.0499,25.7441],[-97.0731,25.7937],[-97.1194,25.8463],[-97.1354,25.94],[-97.121,26.0749],[-97.1428,26.1727],[-97.2009,26.2337],[-97.2401,26.2651],[-97.2603,26.2669],[-97.2626,26.2768],[-97.247,26.2947],[-97.2352,26.3306],[-97.2271,26.3844],[-97.2277,26.4471],[-97.237,26.5187],[-97.2638,26.5768],[-97.308,26.6215],[-97.3319,26.6707],[-97.3353,26.7243],[-97.3595,26.8136],[-97.4044,26.9385],[-97.4276,27.041],[-97.4291,27.1211],[-97.413,27.1923],[-97.3793,27.2546],[-97.3243,27.307],[-97.2481,27.3495],[-97.19,27.3662],[-97.15,27.3571],[-97.11,27.3587],[-97.07,27.371],[-97.0421,27.372],[-97.0264,27.3618],[-97.026,27.3301],[-97.041,27.2768],[-97.0289,27.2447],[-96.9896,27.2337],[-96.9622,27.2204],[-96.9467,27.2046],[-96.9596,27.1745],[-97.0011,27.13],[-97.0196,27.0944],[-97.0151,27.0677],[-97.0227,27.0232],[-97.0424,26.9608],[-97.0345,26.8894],[-96.9991,26.8091],[-96.9848,26.7332],[-96.9916,26.6618],[-96.9888,26.6113],[-96.9763,26.5819],[-96.955,26.5658],[-96.925,26.563],[-96.865,26.5937],[-96.775,26.658],[-96.71,26.6921],[-96.67,26.6959],[-96.615,26.7257],[-96.545,26.7814],[-96.495,26.8073],[-96.465,26.8032],[-96.4578,26.7753],[-96.4734,26.7234],[-96.4934,26.6825],[-96.5178,26.6523],[-96.54,26.6323],[-96.56,26.6222],[-96.585,26.6259],[-96.615,26.6433],[-96.635,26.6481],[-96.645,26.6403],[-96.6614,26.5936],[-96.6841,26.5079],[-96.6791,26.4441],[-96.6464,26.4025],[-96.6282,26.3711],[-96.6245,26.3501],[-96.6613,26.2903],[-96.7386,26.1916],[-96.7752,26.1332],[-96.7713,26.1153],[-96.7295,26.1164],[-96.6498,26.1365],[-96.5778,26.1993],[-96.5135,26.3048],[-96.4735,26.3613],[-96.4578,26.369],[-96.43,26.3675],[-96.39,26.3569],[-96.355,26.3537],[-96.325,26.3579],[-96.2728,26.3997],[-96.1984,26.479],[-96.1634,26.5244],[-96.1678,26.5357],[-96.1861,26.5447],[-96.2182,26.5512],[-96.239,26.5634],[-96.2483,26.5813],[-96.249,26.5992],[-96.2409,26.6171],[-96.2178,26.6394],[-96.1797,26.6662],[-96.1739,26.7109],[-96.2005,26.7734],[-96.2079,26.8202],[-96.196,26.8512],[-96.18,26.8588],[-96.16,26.8431],[-96.13,26.8319],[-96.09,26.8253],[-96.055,26.8007],[-96.025,26.758],[-95.9778,26.7493],[-95.9133,26.7743],[-95.8834,26.7645],[-95.8881,26.7198],[-95.9057,26.6752],[-95.9362,26.6305],[-95.9482,26.5813],[-95.9419,26.5276],[-95.9765,26.4766],[-96.0522,26.4283],[-96.108,26.3701],[-96.1441,26.3019],[-96.1651,26.2409],[-96.171,26.1871],[-96.168,26.1551],[-96.156,26.145],[-96.135,26.1486],[-96.105,26.1659],[-96.08,26.1973],[-96.06,26.2429],[-96.045,26.2682],[-96.035,26.2734],[-96.0244,26.2695],[-96.0133,26.2564],[-96.0103,26.2185],[-96.0153,26.1557],[-96.037,26.0794],[-96.0753,25.9895],[-96.0883,25.9362],[-96.0761,25.9195],[-96.0528,25.906],[-96.0184,25.8957],[-96.0084,25.8598],[-96.0228,25.7983],[-96.0468,25.7532],[-96.0805,25.7247],[-96.0957,25.6835],[-96.0924,25.6294],[-96.1156,25.5903],[-96.1652,25.5664],[-96.21,25.5573],[-96.25,25.5631],[-96.2808,25.5796],[-96.3025,25.6068],[-96.3069,25.6339],[-96.294,25.6609],[-96.2924,25.6835],[-96.3023,25.7015],[-96.3179,25.7147],[-96.3393,25.7231],[-96.3592,25.7186],[-96.3776,25.7012],[-96.378,25.6745],[-96.3605,25.6384],[-96.3713,25.5933],[-96.4105,25.5392],[-96.4301,25.4903],[-96.43,25.4468],[-96.395,25.4261],[-96.325,25.4284],[-96.27,25.437],[-96.23,25.4521],[-96.2047,25.4547],[-96.1941,25.4448],[-96.1903,25.4308],[-96.1933,25.4128],[-96.2193,25.3812],[-96.2683,25.336],[-96.2904,25.2998],[-96.2855,25.2727],[-96.2698,25.2567],[-96.2433,25.252],[-96.205,25.2564],[-96.155,25.2701],[-96.1237,25.2996],[-96.1112,25.3449],[-96.0813,25.3812],[-96.0342,25.4083],[-96.0021,25.4399],[-95.9851,25.476],[-95.965,25.503],[-95.9417,25.521],[-95.91,25.5357],[-95.87,25.5471],[-95.83,25.5386],[-95.79,25.5103],[-95.755,25.5016],[-95.725,25.5126],[-95.69,25.5138],[-95.65,25.5052],[-95.6178,25.5127],[-95.5933,25.5364],[-95.5748,25.5753],[-95.5624,25.6294],[-95.5496,25.6624],[-95.5365,25.6743],[-95.48,25.7023],[-95.38,25.7463],[-95.295,25.7651],[-95.225,25.7587],[-95.125,25.7715],[-94.995,25.8036],[-94.9171,25.8284],[-94.8913,25.8458],[-94.8663,25.8775],[-94.8421,25.9234],[-94.82,25.9269],[-94.8,25.8881],[-94.755,25.8626],[-94.685,25.8503],[-94.635,25.8345],[-94.605,25.8152],[-94.595,25.7844],[-94.605,25.742],[-94.63,25.7058],[-94.67,25.676],[-94.7167,25.6509],[-94.7702,25.6305],[-94.8328,25.5933],[-94.9044,25.5392],[-94.9426,25.4938],[-94.9475,25.4571],[-94.985,25.4271],[-95.055,25.4038],[-95.0988,25.3951],[-95.1163,25.4009],[-95.1251,25.4128],[-95.1253,25.4308],[-95.1415,25.4517],[-95.1738,25.4755],[-95.2,25.4903],[-95.22,25.4961],[-95.24,25.4951],[-95.26,25.4873],[-95.2721,25.468],[-95.2763,25.4372],[-95.2538,25.4128],[-95.2045,25.3947],[-95.2026,25.3314],[-95.2481,25.2229],[-95.262,25.1505],[-95.2445,25.1143],[-95.2393,25.0903],[-95.2464,25.0784],[-95.265,25.0735],[-95.295,25.0756],[-95.35,25.1019],[-95.43,25.1524],[-95.48,25.1778],[-95.5,25.1782],[-95.525,25.165],[-95.555,25.1381],[-95.595,25.1149],[-95.645,25.0952],[-95.6872,25.0654],[-95.7215,25.0255],[-95.7561,24.9965],[-95.7909,24.9784],[-95.8198,24.9467],[-95.8427,24.9013],[-95.8781,24.8843],[-95.926,24.8956],[-95.99,24.8759],[-96.07,24.825],[-96.14,24.8038],[-96.2,24.8124],[-96.265,24.7947],[-96.335,24.7505],[-96.385,24.7255],[-96.415,24.7196],[-96.46,24.7217],[-96.52,24.7317],[-96.58,24.7282],[-96.64,24.7113],[-96.69,24.6897],[-96.73,24.6636],[-96.785,24.6516],[-96.855,24.6538],[-96.9072,24.6427],[-96.9416,24.6183],[-96.96,24.5971],[-96.9625,24.5789],[-96.9503,24.5621],[-96.9234,24.5467],[-96.87,24.5418],[-96.79,24.5474],[-96.725,24.5432],[-96.675,24.5291],[-96.63,24.5318],[-96.59,24.5514],[-96.5628,24.5588],[-96.5485,24.554],[-96.5454,24.5334],[-96.5537,24.497],[-96.5469,24.4651],[-96.5252,24.4378],[-96.5889,24.3832],[-96.738,24.3012],[-96.8343,24.2419],[-96.878,24.2055],[-96.8974,24.1751],[-96.8925,24.151],[-96.875,24.1309],[-96.845,24.1148],[-96.82,24.1069],[-96.8,24.107],[-96.7197,24.1407],[-96.5792,24.2082],[-96.5024,24.2556],[-96.4893,24.283],[-96.4892,24.324],[-96.5021,24.3786],[-96.4739,24.4223],[-96.4046,24.4549],[-96.355,24.4683],[-96.325,24.4624],[-96.3048,24.4461],[-96.2943,24.4193],[-96.3001,24.3786],[-96.3221,24.324],[-96.31,24.2738],[-96.2637,24.2283],[-96.2503,24.1781],[-96.2698,24.1233],[-96.2602,24.0777],[-96.2215,24.0412],[-96.2036,24.0046],[-96.2065,23.9681],[-96.1984,23.9361],[-96.1793,23.9087],[-96.1792,23.8767],[-96.1982,23.8401],[-96.2032,23.814],[-96.1944,23.7986],[-96.1,23.8145],[-95.92,23.8617],[-95.785,23.8818],[-95.695,23.8748],[-95.575,23.8948],[-95.425,23.9419],[-95.3367,23.9615],[-95.3102,23.9537],[-95.2962,23.9361],[-95.2946,23.9087],[-95.3029,23.8881],[-95.321,23.8744],[-95.415,23.8488],[-95.585,23.8112],[-95.7325,23.7678],[-95.8574,23.7183],[-95.9262,23.6845],[-95.9388,23.6661],[-95.9434,23.6478],[-95.9402,23.6295],[-95.9264,23.6136],[-95.9021,23.6],[-95.865,23.5903],[-95.815,23.5846],[-95.7834,23.5776],[-95.7701,23.5694],[-95.7651,23.5603],[-95.7684,23.5502],[-95.875,23.5098],[-96.085,23.4392],[-96.21,23.4072],[-96.25,23.4137],[-96.2882,23.4358],[-96.3245,23.4733],[-96.3743,23.5058],[-96.4374,23.5333],[-96.4093,23.5929],[-96.2898,23.6845],[-96.226,23.744],[-96.2178,23.7714],[-96.2328,23.7876],[-96.2709,23.7924],[-96.335,23.7799],[-96.425,23.7501],[-96.51,23.6856],[-96.59,23.5866],[-96.655,23.5423],[-96.705,23.5529],[-96.765,23.532],[-96.835,23.4797],[-96.895,23.4627],[-96.945,23.4809],[-96.9842,23.4997],[-97.0126,23.519],[-97.0264,23.5378],[-97.0255,23.5562],[-97.0114,23.5887],[-96.9838,23.6352],[-96.9432,23.6856],[-96.8895,23.7398],[-96.851,23.7989],[-96.8277,23.8629],[-96.8237,23.9087],[-96.8391,23.9361],[-96.8815,23.9589],[-96.9509,23.9772],[-97.0017,24.0004],[-97.0339,24.0286],[-97.065,24.0361],[-97.095,24.023],[-97.13,23.9932],[-97.17,23.947],[-97.2298,23.9121],[-97.3094,23.8885],[-97.3769,23.8446],[-97.4324,23.7806],[-97.4548,23.7257],[-97.4439,23.6799],[-97.4164,23.6361],[-97.3721,23.5942],[-97.3448,23.5575],[-97.3344,23.5261],[-97.3194,23.5026],[-97.2998,23.4872],[-97.2628,23.4735],[-97.2084,23.4614],[-97.1842,23.4507],[-97.1902,23.4415],[-97.2118,23.4232],[-97.2491,23.3957],[-97.2828,23.3589],[-97.313,23.313],[-97.4086,23.2688],[-97.5695,23.2263],[-97.69,23.1866],[-97.77,23.1497],[-97.85,23.0849],[-97.93,22.9923],[-98.0,22.9356],[-98.06,22.9148],[-98.1,22.907],[-98.12,22.9122],[-98.1454,22.9581],[-98.1763,23.0446],[-98.1904,23.1108],[-98.1877,23.1568],[-98.1916,23.1936],[-98.2021,23.2211],[-98.218,23.24],[-98.2393,23.2501],[-98.2901,23.2455],[-98.3703,23.2262],[-98.4127,23.2533],[-98.4173,23.3268],[-98.43,23.3819],[-98.4508,23.4186],[-98.4459,23.4507]],[[-98.84,23.3589],[-98.8293,23.3865],[-98.8005,23.4212],[-98.7535,23.463],[-98.69,23.4947],[-98.61,23.5162],[-98.554,23.5136],[-98.522,23.487],[-98.537,23.4444],[-98.599,23.3858],[-98.6632,23.3399],[-98.7296,23.3067],[-98.7761,23.2901],[-98.8027,23.2901],[-98.8234,23.3038],[-98.8381,23.3314],[-98.84,23.3589]],[[-96.8888,24.1854],[-96.8629,24.2182],[-96.8086,24.2547],[-96.7258,24.2948],[-96.6608,24.3342],[-96.6136,24.3728],[-96.57,24.3932],[-96.53,24.3955],[-96.5044,24.3671],[-96.4933,24.308],[-96.4983,24.2668],[-96.5194,24.2435],[-96.6,24.2006],[-96.74,24.1381],[-96.825,24.1115],[-96.855,24.1208],[-96.8779,24.1363],[-96.8938,24.1581],[-96.8888,24.1854]],[[-95.2811,25.4497],[-95.2737,25.4693],[-95.26,25.483],[-95.24,25.4909],[-95.2183,25.4902],[-95.1948,25.4807],[-95.1786,25.467],[-95.1697,25.4489],[-95.1764,25.4316],[-95.1988,25.415],[-95.2287,25.415],[-95.2661,25.4316],[-95.2811,25.4497]],[[-96.3758,25.6868],[-96.3586,25.7115],[-96.3361,25.7115],[-96.3084,25.6868],[-96.3034,25.6613],[-96.3211,25.6351],[-96.3436,25.6351],[-96.3708,25.6613],[-96.3758,25.6868]]]}},{"type":"Feature","properties":{"c":"#00fb90","v0":0.04,"v1":0.05},"geometry":{"type":"Polygon","coordinates":[[[-80.6898,27.2323],[-80.6795,27.2679],[-80.6482,27.2874],[-80.5961,27.2909],[-80.5568,27.3086],[-80.5305,27.3407],[-80.5055,27.3591],[-80.4818,27.3637],[-80.4631,27.3415],[-80.4493,27.2924],[-80.4043,27.2644],[-80.3281,27.2573],[-80.2896,27.2306],[-80.2889,27.1843],[-80.2247,27.1256],[-80.0972,27.0543],[-80.0233,27.0053],[-80.0031,26.9786],[-79.9923,26.9428],[-79.9908,26.8979],[-79.96,26.8434],[-79.9,26.7792],[-79.845,26.7367],[-79.795,26.7161],[-79.7539,26.7171],[-79.7217,26.7398],[-79.7012,26.7824],[-79.6925,26.8448],[-79.726,26.934],[-79.8018,27.0499],[-79.8509,27.1478],[-79.8734,27.2279],[-79.8759,27.2785],[-79.8586,27.2999],[-79.8,27.3183],[-79.7,27.334],[-79.6432,27.3322],[-79.6297,27.313],[-79.6195,27.2723],[-79.6126,27.2101],[-79.5749,27.1523],[-79.5064,27.0989],[-79.4516,27.0365],[-79.4104,26.9652],[-79.3906,26.9251],[-79.3923,26.9162],[-79.4124,26.9124],[-79.4508,26.9137],[-79.4799,26.9092],[-79.4998,26.899],[-79.5133,26.885],[-79.5204,26.8671],[-79.5199,26.8493],[-79.512,26.8315],[-79.4085,26.7563],[-79.2095,26.6238],[-79.085,26.5504],[-79.035,26.5364],[-79.0072,26.5222],[-79.0017,26.5079],[-79.0167,26.4937],[-79.0522,26.4796],[-79.0721,26.4662],[-79.0764,26.4534],[-79.0694,26.4202],[-79.0512,26.3665],[-79.0191,26.3273],[-78.973,26.3028],[-78.92,26.2873],[-78.86,26.281],[-78.8189,26.2619],[-78.7966,26.23],[-78.7966,26.2069],[-78.8189,26.1925],[-78.885,26.1767],[-78.995,26.1595],[-79.055,26.1442],[-79.065,26.1309],[-79.0649,26.1018],[-79.0545,26.0569],[-79.0595,26.0366],[-79.0798,26.0408],[-79.115,26.0578],[-79.165,26.0874],[-79.1975,26.1257],[-79.2126,26.1726],[-79.2354,26.214],[-79.2658,26.2499],[-79.3682,26.3022],[-79.5427,26.3708],[-79.6575,26.4245],[-79.7124,26.4634],[-79.7574,26.4799],[-79.7925,26.4739],[-79.89,26.5008],[-80.05,26.5606],[-80.1636,26.586],[-80.2308,26.5769],[-80.2265,26.5142],[-80.1509,26.3978],[-80.1109,26.3127],[-80.1067,26.2589],[-80.126,26.1994],[-80.1687,26.1343],[-80.215,26.1067],[-80.265,26.1166],[-80.33,26.1531],[-80.41,26.2162],[-80.49,26.2596],[-80.57,26.2832],[-80.62,26.3037],[-80.64,26.3211],[-80.6493,26.3412],[-80.6478,26.364],[-80.6326,26.3889],[-80.6035,26.4157],[-80.6042,26.4471],[-80.6345,26.4829],[-80.6488,26.5097],[-80.6471,26.5276],[-80.6172,26.5551],[-80.5591,26.5922],[-80.52,26.628],[-80.4999,26.6624],[-80.5017,26.7064],[-80.5255,26.76],[-80.5677,26.8181],[-80.6285,26.8805],[-80.6566,26.9232],[-80.6522,26.946],[-80.6254,26.9593],[-80.5761,26.9633],[-80.5508,26.9697],[-80.5494,26.9786],[-80.5853,27.041],[-80.6584,27.1567],[-80.6898,27.2323]],[[-80.6874,27.2322],[-80.6758,27.2674],[-80.645,27.286],[-80.595,27.2881],[-80.5558,27.3061],[-80.5273,27.3399],[-80.5023,27.3581],[-80.4808,27.3608],[-80.465,27.3383],[-80.455,27.2907],[-80.4108,27.2627],[-80.3323,27.2543],[-80.2963,27.2368],[-80.3029,27.2101],[-80.2979,27.1834],[-80.2815,27.1567],[-80.2142,27.1122],[-80.096,27.0499],[-80.0274,27.0053],[-80.0085,26.9786],[-79.9997,26.9474],[-80.0009,26.9117],[-79.9837,26.8721],[-79.9479,26.8284],[-79.91,26.7879],[-79.87,26.7507],[-79.825,26.7246],[-79.775,26.7094],[-79.7379,26.7142],[-79.7137,26.7388],[-79.6972,26.7824],[-79.6887,26.8448],[-79.7227,26.934],[-79.7993,27.0499],[-79.8488,27.1478],[-79.871,27.2279],[-79.8741,27.2779],[-79.858,27.298],[-79.8,27.3155],[-79.7,27.3304],[-79.6439,27.3292],[-79.6318,27.312],[-79.6223,27.2723],[-79.6155,27.2101],[-79.5777,27.1523],[-79.5089,27.0989],[-79.4546,27.0365],[-79.4146,26.9652],[-79.3985,26.9251],[-79.4062,26.9162],[-79.4308,26.9117],[-79.4723,26.9117],[-79.5012,26.8939],[-79.5173,26.8582],[-79.4216,26.7686],[-79.2139,26.625],[-79.085,26.5462],[-79.035,26.5322],[-79.0085,26.5191],[-79.0054,26.5069],[-79.0224,26.4918],[-79.0596,26.4739],[-79.0703,26.4336],[-79.0545,26.3709],[-79.0274,26.3281],[-78.9891,26.3052],[-78.935,26.289],[-78.865,26.2795],[-78.8197,26.2595],[-78.7991,26.2292],[-78.7991,26.2075],[-78.8197,26.1945],[-78.885,26.1803],[-78.995,26.1648],[-79.0587,26.1489],[-79.0761,26.1325],[-79.0861,26.1113],[-79.0887,26.0852],[-79.095,26.0726],[-79.105,26.0733],[-79.1272,26.0818],[-79.1617,26.0981],[-79.183,26.1243],[-79.1911,26.1602],[-79.2188,26.2029],[-79.2663,26.2524],[-79.375,26.3095],[-79.545,26.3742],[-79.6559,26.4257],[-79.7077,26.4638],[-79.7577,26.4827],[-79.8059,26.4825],[-79.905,26.5102],[-80.055,26.566],[-80.1653,26.5884],[-80.2358,26.5777],[-80.2327,26.5142],[-80.1561,26.3978],[-80.1153,26.3127],[-80.1104,26.2589],[-80.1284,26.2005],[-80.1695,26.1374],[-80.2147,26.1105],[-80.264,26.1197],[-80.324,26.153],[-80.3947,26.2105],[-80.475,26.2537],[-80.565,26.2828],[-80.62,26.3078],[-80.64,26.3288],[-80.6341,26.3617],[-80.6023,26.4067],[-80.6012,26.4471],[-80.6308,26.4829],[-80.6447,26.5097],[-80.6429,26.5276],[-80.6136,26.5545],[-80.557,26.5902],[-80.5184,26.626],[-80.4978,26.6618],[-80.4994,26.7064],[-80.5234,26.76],[-80.5656,26.8181],[-80.6263,26.8805],[-80.6549,26.9221],[-80.6516,26.9429],[-80.625,26.9553],[-80.575,26.9593],[-80.5488,26.9667],[-80.5463,26.9776],[-80.5821,27.041],[-80.6562,27.1567],[-80.6874,27.2322]]]}},{"type":"Feature","properties":{"c":"#00fb90","v0":0.04,"v1":0.05},"geometry":{"type":"Polygon","coordinates":[[[-96.8415,27.3128],[-96.8205,27.3315],[-96.7993,27.3315],[-96.778,27.3128],[-96.778,27.2913],[-96.7993,27.267],[-96.8205,27.267],[-96.8415,27.2913],[-96.8415,27.3128]],[[-96.8385,27.312],[-96.8195,27.3291],[-96.8004,27.3291],[-96.7812,27.312],[-96.7812,27.2926],[-96.8004,27.271],[-96.8195,27.271],[-96.8385,27.2926],[-96.8385,27.312]]]}},{"type":"Feature","properties":{"c":"#00fb90","v0":0.04,"v1":0.05},"geometry":{"type":"Polygon","coordinates":[[[-94.7074,27.3244],[-94.6958,27.3309],[-94.6856,27.3264],[-94.6768,27.3111],[-94.6818,27.3031],[-94.7006,27.3023],[-94.7108,27.3067],[-94.7124,27.3164],[-94.7074,27.3244]]]}},{"type":"Feature","properties":{"c":"#00fb90","v0":0.04,"v1":0.05},"geometry":{"type":"Polygon","coordinates":[[[-95.7292,26.963],[-95.7164,26.9943],[-95.695,27.0187],[-95.665,27.0361],[-95.635,27.0648],[-95.605,27.1047],[-95.5608,27.1427],[-95.5025,27.1787],[-95.4597,27.1967],[-95.4325,27.1967],[-95.4181,27.179],[-95.4165,27.1434],[-95.4443,27.0918],[-95.5014,27.0244],[-95.555,26.9787],[-95.605,26.9548],[-95.6564,26.944],[-95.7092,26.9463],[-95.7292,26.963]],[[-95.691,27.0042],[-95.6237,27.082],[-95.56,27.1391],[-95.5,27.1755],[-95.46,27.1944],[-95.44,27.1958],[-95.4281,27.1788],[-95.4243,27.1433],[-95.4493,27.094],[-95.5031,27.0307],[-95.555,26.9862],[-95.605,26.9604],[-95.6537,26.9519],[-95.701,26.9608],[-95.691,27.0042]]]}},{"type":"Feature","properties":{"c":"#00fb90","v0":0.04,"v1":0.05},"geometry":{"type":"Polygon","coordinates":[[[-96.3313,27.0009],[-96.3131,27.0365],[-96.2805,27.0752],[-96.2335,27.1168],[-96.2,27.1385],[-96.18,27.1402],[-96.1649,27.1238],[-96.1546,27.0894],[-96.156,27.0588],[-96.1688,27.0321],[-96.209,26.9994],[-96.2763,26.9608],[-96.3176,26.9519],[-96.3328,26.9727],[-96.3313,27.0009]],[[-96.3319,26.9964],[-96.3218,27.0232],[-96.295,27.0572],[-96.2517,27.0985],[-96.215,27.1229],[-96.185,27.1305],[-96.1656,27.1187],[-96.1567,27.0877],[-96.159,27.0588],[-96.1724,27.0321],[-96.2118,27.0007],[-96.2773,26.9648],[-96.3168,26.9558],[-96.3303,26.974],[-96.3319,26.9964]]]}},{"type":"Feature","properties":{"c":"#00fb90","v0":0.04,"v1":0.05},"geometry":{"type":"Polygon","coordinates":[[[-95.1565,26.9207],[-95.1383,26.9385],[-95.1044,26.9546],[-95.0548,26.9689],[-95.0175,26.9689],[-94.9924,26.9546],[-94.9787,26.9207],[-94.9762,26.8671],[-94.984,26.8181],[-95.0022,26.7734],[-95.0251,26.7377],[-95.0528,26.7109],[-95.0813,26.702],[-95.1104,26.7109],[-95.1021,26.7332],[-95.0566,26.769],[-95.0325,26.7958],[-95.03,26.8136],[-95.063,26.8448],[-95.1314,26.8894],[-95.1565,26.9207]],[[-95.1488,26.9207],[-95.1308,26.9385],[-95.0989,26.9539],[-95.053,26.9668],[-95.0182,26.9668],[-94.9946,26.9539],[-94.9826,26.9207],[-94.9822,26.8671],[-94.994,26.8136],[-95.018,26.7599],[-95.04,26.7261],[-95.06,26.7121],[-95.0808,26.7076],[-95.1023,26.7128],[-95.0889,26.7332],[-95.0406,26.769],[-95.0169,26.7958],[-95.0178,26.8136],[-95.0531,26.8448],[-95.1229,26.8894],[-95.1488,26.9207]]]}},{"type":"Feature","properties":{"c":"#00fb90","v0":0.04,"v1":0.05},"geometry":{"type":"Polygon","coordinates":[[[-93.547,26.9343],[-93.5357,26.9437],[-93.5189,26.9437],[-93.4967,26.9343],[-93.4967,26.9254],[-93.5189,26.917],[-93.5357,26.917],[-93.547,26.9254],[-93.547,26.9343]]]}},{"type":"Feature","properties":{"c":"#00fb90","v0":0.04,"v1":0.05},"geometry":{"type":"Polygon","coordinates":[[[-96.8763,26.7466],[-96.8252,26.8091],[-96.7941,26.8582],[-96.7829,26.8939],[-96.7654,26.9188],[-96.7418,26.9329],[-96.7266,26.9329],[-96.7199,26.9188],[-96.7285,26.8805],[-96.7526,26.8181],[-96.7859,26.7627],[-96.8286,26.7145],[-96.86,26.6894],[-96.88,26.6875],[-96.893,26.6938],[-96.8989,26.7082],[-96.8763,26.7466]],[[-96.8727,26.7466],[-96.8212,26.8091],[-96.79,26.8582],[-96.7792,26.8939],[-96.7628,26.9169],[-96.7409,26.9271],[-96.7395,26.8959],[-96.7586,26.8232],[-96.7886,26.7638],[-96.8295,26.7176],[-96.86,26.6938],[-96.88,26.6924],[-96.8921,26.6976],[-96.8964,26.7095],[-96.8727,26.7466]]]}},{"type":"Feature","properties":{"c":"#00fb90","v0":0.04,"v1":0.05},"geometry":{"type":"Polygon","coordinates":[[[-80.4765,26.9008],[-80.4588,26.9146],[-80.4376,26.9101],[-80.4127,26.8874],[-80.4109,26.8716],[-80.4322,26.8627],[-80.4535,26.8671],[-80.4747,26.885],[-80.4765,26.9008]],[[-80.4742,26.9002],[-80.4581,26.9129],[-80.4382,26.9084],[-80.4147,26.8869],[-80.4105,26.8716],[-80.4255,26.8627],[-80.4453,26.8671],[-80.4699,26.885],[-80.4742,26.9002]]]}},{"type":"Feature","properties":{"c":"#00fb90","v0":0.04,"v1":0.05},"geometry":{"type":"Polygon","coordinates":[[[-95.4096,26.8424],[-95.3832,26.8822],[-95.37,26.8857],[-95.37,26.8529],[-95.3832,26.833],[-95.4096,26.826],[-95.4096,26.8424]],[[-95.4081,26.8505],[-95.396,26.8707],[-95.3859,26.8796],[-95.3776,26.8773],[-95.3776,26.8638],[-95.3859,26.8392],[-95.396,26.8303],[-95.4081,26.837],[-95.4081,26.8505]]]}},{"type":"Feature","properties":{"c":"#00fb90","v0":0.04,"v1":0.05},"geometry":{"type":"Polygon","coordinates":[[[-86.8592,26.7422],[-86.8513,26.76],[-86.828,26.7702],[-86.7893,26.7727],[-86.745,26.7392],[-86.695,26.6697],[-86.6501,26.5746],[-86.6104,26.4538],[-86.6097,26.3799],[-86.6479,26.353],[-86.6842,26.3396],[-86.7185,26.3396],[-86.7593,26.3817],[-86.8064,26.4658],[-86.8383,26.5642],[-86.8549,26.6769],[-86.8592,26.7422]],[[-86.8507,26.7422],[-86.8371,26.76],[-86.8153,26.7682],[-86.7851,26.7667],[-86.745,26.7312],[-86.695,26.6616],[-86.6525,26.5685],[-86.6174,26.4517],[-86.62,26.3799],[-86.6601,26.353],[-86.6926,26.3396],[-86.7175,26.3396],[-86.755,26.3835],[-86.805,26.4712],[-86.8369,26.5696],[-86.8506,26.6787],[-86.8507,26.7422]]]}},{"type":"Feature","properties":{"c":"#00fb90","v0":0.04,"v1":0.05},"geometry":{"type":"Polygon","coordinates":[[[-83.031,26.5912],[-83.017,26.5931],[-82.9865,26.5752],[-82.9394,26.5375],[-82.9194,26.5072],[-82.9265,26.4842],[-82.9468,26.4797],[-82.9804,26.4938],[-83.0074,26.5232],[-83.0278,26.5679],[-83.031,26.5912]],[[-83.0032,26.5724],[-82.9487,26.5366],[-82.9236,26.5088],[-82.9279,26.489],[-82.9459,26.4845],[-82.9776,26.4953],[-83.0027,26.5232],[-83.0212,26.5679],[-83.0032,26.5724]]]}},{"type":"Feature","properties":{"c":"#00fb90","v0":0.04,"v1":0.05},"geometry":{"type":"Polygon","coordinates":[[[-96.9878,26.3261],[-96.9681,26.3709],[-96.9412,26.4002],[-96.9071,26.414],[-96.875,26.4173],[-96.845,26.4102],[-96.818,26.3899],[-96.7939,26.3563],[-96.7857,26.3261],[-96.7934,26.2992],[-96.8304,26.2521],[-96.8968,26.1848],[-96.944,26.1624],[-96.9721,26.1848],[-96.989,26.223],[-96.9948,26.2768],[-96.9878,26.3261]],[[-96.9896,26.3217],[-96.9765,26.3576],[-96.955,26.3857],[-96.925,26.4058],[-96.8928,26.4147],[-96.8583,26.4124],[-96.8278,26.3933],[-96.8012,26.3575],[-96.7891,26.3306],[-96.7914,26.3127],[-96.8269,26.2667],[-96.8956,26.1926],[-96.9435,26.1657],[-96.9704,26.186],[-96.9869,26.223],[-96.9931,26.2768],[-96.9896,26.3217]]]}},{"type":"Feature","properties":{"c":"#00fb90","v0":0.04,"v1":0.05},"geometry":{"type":"Polygon","coordinates":[[[-95.9016,26.3799],[-95.8861,26.3889],[-95.8812,26.3863],[-95.8871,26.3724],[-95.8948,26.3679],[-95.9045,26.3729],[-95.9016,26.3799]]]}},{"type":"Feature","properties":{"c":"#00fb90","v0":0.04,"v1":0.05},"geometry":{"type":"Polygon","coordinates":[[[-82.9508,26.3037],[-82.907,26.2678],[-82.8856,26.2409],[-82.8865,26.223],[-82.8977,26.2178],[-82.9192,26.2254],[-82.9407,26.2523],[-82.962,26.2985],[-82.9508,26.3037]],[[-82.9356,26.2725],[-82.9319,26.2818],[-82.9197,26.2773],[-82.899,26.259],[-82.889,26.2416],[-82.8897,26.2249],[-82.8996,26.2204],[-82.9188,26.2281],[-82.9307,26.2409],[-82.9352,26.2589],[-82.9356,26.2725]]]}},{"type":"Feature","properties":{"c":"#00fb90","v0":0.04,"v1":0.05},"geometry":{"type":"Polygon","coordinates":[[[-98.0472,26.2365],[-98.0198,26.2454],[-98.0121,26.2424],[-98.024,26.2275],[-98.0377,26.223],[-98.0532,26.229],[-98.0472,26.2365]],[[-98.0488,26.2365],[-98.0363,26.2456],[-98.0248,26.2456],[-98.0143,26.2365],[-98.0206,26.232],[-98.0436,26.232],[-98.0488,26.2365]]]}},{"type":"Feature","properties":{"c":"#00fb90","v0":0.04,"v1":0.05},"geometry":{"type":"Polygon","coordinates":[[[-95.512,26.2203],[-95.4973,26.2327],[-95.4639,26.2372],[-95.4117,26.2337],[-95.4067,26.2015],[-95.4489,26.1405],[-95.4823,26.136],[-95.507,26.188],[-95.512,26.2203]],[[-95.5032,26.2201],[-95.4811,26.2324],[-95.4499,26.2369],[-95.4097,26.2336],[-95.4097,26.2072],[-95.4499,26.1577],[-95.4811,26.1532],[-95.5032,26.1938],[-95.5032,26.2201]]]}},{"type":"Feature","properties":{"c":"#00fb90","v0":0.04,"v1":0.05},"geometry":{"type":"Polygon","coordinates":[[[-95.0786,26.1385],[-95.0595,26.1669],[-95.03,26.1884],[-94.99,26.203],[-94.945,26.205],[-94.895,26.1942],[-94.8651,26.1817],[-94.8554,26.1673],[-94.8531,26.1512],[-94.8582,26.1332],[-94.873,26.1188],[-94.8977,26.108],[-94.945,26.0995],[-95.015,26.0936],[-95.0595,26.099],[-95.0786,26.1158],[-95.0786,26.1385]],[[-95.0765,26.1379],[-95.0588,26.1652],[-95.03,26.1862],[-94.99,26.201],[-94.9511,26.2052],[-94.9132,26.1991],[-94.8841,26.1871],[-94.8636,26.1692],[-94.856,26.1512],[-94.8611,26.1332],[-94.8752,26.1193],[-94.8984,26.1093],[-94.945,26.1014],[-95.015,26.0957],[-95.0588,26.1006],[-95.0765,26.1164],[-95.0765,26.1379]]]}},{"type":"Feature","properties":{"c":"#00fb90","v0":0.04,"v1":0.05},"geometry":{"type":"Polygon","coordinates":[[[-97.6853,26.0389],[-97.5951,26.1197],[-97.53,26.1595],[-97.49,26.1582],[-97.4946,26.1224],[-97.5437,26.0518],[-97.5987,26.0089],[-97.6596,25.9938],[-97.7001,25.9893],[-97.7203,25.9954],[-97.6853,26.0389]],[[-97.6822,26.0382],[-97.5941,26.1176],[-97.53,26.1556],[-97.49,26.1521],[-97.495,26.1171],[-97.545,26.0507],[-97.6,26.0102],[-97.66,25.9956],[-97.6991,25.9909],[-97.7172,25.996],[-97.6822,26.0382]]]}},{"type":"Feature","properties":{"c":"#00fb90","v0":0.04,"v1":0.05},"geometry":{"type":"Polygon","coordinates":[[[-97.8783,26.0802],[-97.8461,26.0997],[-97.822,26.1042],[-97.8059,26.0936],[-97.8059,26.0786],[-97.822,26.059],[-97.84,26.0488],[-97.86,26.0481],[-97.8761,26.0534],[-97.8883,26.0647],[-97.8783,26.0802]],[[-97.8761,26.0795],[-97.8454,26.0978],[-97.8227,26.1023],[-97.8081,26.093],[-97.8081,26.0791],[-97.8227,26.0605],[-97.8454,26.056],[-97.8761,26.0656],[-97.8761,26.0795]]]}},{"type":"Feature","properties":{"c":"#00fb90","v0":0.04,"v1":0.05},"geometry":{"type":"Polygon","coordinates":[[[-100.5762,26.0637],[-100.5587,26.0863],[-100.5442,26.0908],[-100.5325,26.0772],[-100.5325,26.0345],[-100.5442,25.9627],[-100.5566,25.9357],[-100.5698,25.9536],[-100.5785,25.985],[-100.5828,26.0299],[-100.5762,26.0637]],[[-100.5777,26.0462],[-100.5726,26.0696],[-100.565,26.0838],[-100.555,26.0888],[-100.545,26.0846],[-100.535,26.0714],[-100.535,26.0323],[-100.545,25.9674],[-100.5576,25.9598],[-100.5727,26.0096],[-100.5777,26.0462]]]}},{"type":"Feature","properties":{"c":"#00fb90","v0":0.04,"v1":0.05},"geometry":{"type":"Polygon","coordinates":[[[-95.3937,26.0783],[-95.3379,26.0942],[-95.2907,26.0942],[-95.252,26.0783],[-95.252,26.0607],[-95.2907,26.0412],[-95.3379,26.0412],[-95.3937,26.0607],[-95.3937,26.0783]],[[-95.3631,26.0769],[-95.3277,26.09],[-95.2943,26.09],[-95.263,26.0769],[-95.263,26.0616],[-95.2943,26.0441],[-95.3276,26.0396],[-95.3627,26.0482],[-95.3804,26.0569],[-95.3807,26.0659],[-95.3631,26.0769]]]}},{"type":"Feature","properties":{"c":"#00fb90","v0":0.04,"v1":0.05},"geometry":{"type":"Polygon","coordinates":[[[-96.5239,25.9126],[-96.5013,25.9566],[-96.47,25.9804],[-96.43,25.9839],[-96.395,25.9976],[-96.365,26.0215],[-96.34,26.033],[-96.32,26.032],[-96.31,26.0208],[-96.31,25.9995],[-96.33,25.9781],[-96.37,25.9565],[-96.41,25.9187],[-96.45,25.8647],[-96.48,25.8392],[-96.5,25.8423],[-96.5163,25.8556],[-96.5289,25.8789],[-96.5239,25.9126]],[[-96.5136,25.9278],[-96.4845,25.9663],[-96.455,25.9837],[-96.425,25.9801],[-96.395,25.9912],[-96.365,26.0171],[-96.3384,26.0267],[-96.3151,26.0199],[-96.3076,26.0075],[-96.3157,25.9895],[-96.3374,25.974],[-96.3725,25.961],[-96.405,25.9303],[-96.435,25.8818],[-96.465,25.8588],[-96.495,25.8613],[-96.5145,25.874],[-96.5236,25.8971],[-96.5136,25.9278]]]}},{"type":"Feature","properties":{"c":"#00fb90","v0":0.04,"v1":0.05},"geometry":{"type":"Polygon","coordinates":[[[-95.1222,25.888],[-95.1007,25.9189],[-95.085,25.9361],[-95.075,25.9394],[-95.0626,25.933],[-95.0477,25.9167],[-95.0427,25.9],[-95.0476,25.8828],[-95.06,25.8695],[-95.08,25.8602],[-95.1007,25.8598],[-95.1222,25.8683],[-95.1222,25.888]],[[-95.1156,25.8853],[-95.0985,25.9108],[-95.0793,25.9198],[-95.0578,25.9123],[-95.0528,25.8987],[-95.0643,25.8789],[-95.0835,25.8699],[-95.1106,25.8717],[-95.1156,25.8853]]]}},{"type":"Feature","properties":{"c":"#00fb90","v0":0.04,"v1":0.05},"geometry":{"type":"Polygon","coordinates":[[[-98.6122,25.8826],[-98.5841,25.9025],[-98.5512,25.907],[-98.5137,25.8961],[-98.4983,25.8816],[-98.5051,25.8636],[-98.5188,25.8496],[-98.5396,25.8397],[-98.5687,25.8397],[-98.6061,25.8496],[-98.6252,25.8591],[-98.6259,25.8681],[-98.6122,25.8826]],[[-98.6081,25.8822],[-98.5827,25.9014],[-98.5527,25.9059],[-98.5181,25.8957],[-98.5041,25.8816],[-98.5107,25.8636],[-98.523,25.8503],[-98.541,25.8418],[-98.5665,25.8418],[-98.5996,25.8503],[-98.6173,25.8591],[-98.6196,25.8681],[-98.6081,25.8822]]]}},{"type":"Feature","properties":{"c":"#00fb90","v0":0.04,"v1":0.05},"geometry":{"type":"Polygon","coordinates":[[[-83.2214,25.8947],[-83.2005,25.9029],[-83.1809,25.8939],[-83.1626,25.8677],[-83.1676,25.8543],[-83.1959,25.8536],[-83.2155,25.8626],[-83.2264,25.8813],[-83.2214,25.8947]],[[-83.2172,25.8936],[-83.1991,25.8996],[-83.181,25.8951],[-83.1629,25.8801],[-83.1657,25.8681],[-83.1894,25.8591],[-83.2076,25.8636],[-83.22,25.8816],[-83.2172,25.8936]]]}},{"type":"Feature","properties":{"c":"#00fb90","v0":0.04,"v1":0.05},"geometry":{"type":"Polygon","coordinates":[[[-82.4062,25.9079],[-82.3554,25.9065],[-82.3,25.8898],[-82.24,25.8578],[-82.195,25.8463],[-82.165,25.8553],[-82.135,25.8569],[-82.105,25.8512],[-82.06,25.8194],[-82.0,25.7615],[-81.94,25.7169],[-81.88,25.6857],[-81.83,25.6372],[-81.79,25.5712],[-81.8,25.5383],[-81.86,25.5388],[-81.9201,25.5503],[-81.9802,25.573],[-82.0402,25.6105],[-82.1001,25.6628],[-82.18,25.698],[-82.28,25.716],[-82.3554,25.771],[-82.4062,25.8627],[-82.4062,25.9079]],[[-82.4247,25.8951],[-82.4225,25.9041],[-82.4086,25.9095],[-82.3829,25.9115],[-82.33,25.894],[-82.25,25.8571],[-82.19,25.8435],[-82.15,25.8531],[-82.12,25.8548],[-82.1,25.8485],[-82.06,25.8165],[-82.0,25.7588],[-81.94,25.7144],[-81.88,25.6834],[-81.8301,25.6379],[-81.7904,25.5781],[-81.7754,25.5445],[-81.7851,25.537],[-81.815,25.5357],[-81.865,25.5406],[-81.92,25.5549],[-81.98,25.5786],[-82.045,25.618],[-82.115,25.6728],[-82.195,25.7072],[-82.285,25.7212],[-82.3539,25.7688],[-82.4018,25.85],[-82.4247,25.8951]]]}},{"type":"Feature","properties":{"c":"#00fb90","v0":0.04,"v1":0.05},"geometry":{"type":"Polygon","coordinates":[[[-94.2246,25.8069],[-94.1482,25.8196],[-94.095,25.8382],[-94.065,25.8626],[-94.0473,25.8697],[-94.0418,25.8596],[-94.0568,25.8363],[-94.0923,25.7998],[-94.1482,25.7862],[-94.2246,25.7958],[-94.2246,25.8069]]]}},{"type":"Feature","properties":{"c":"#00fb90","v0":0.04,"v1":0.05},"geometry":{"type":"Polygon","coordinates":[[[-97.2531,25.8412],[-97.251,25.8504],[-97.2428,25.8549],[-97.2285,25.8547],[-97.2295,25.8501],[-97.2459,25.8411],[-97.2531,25.8412]]]}},{"type":"Feature","properties":{"c":"#00fb90","v0":0.04,"v1":0.05},"geometry":{"type":"Polygon","coordinates":[[[-95.9347,25.8096],[-95.9298,25.8276],[-95.9174,25.8411],[-95.8975,25.8501],[-95.8833,25.8501],[-95.8748,25.8411],[-95.8746,25.8276],[-95.8828,25.8096],[-95.8994,25.8006],[-95.9246,25.8006],[-95.9347,25.8096]],[[-95.9272,25.8258],[-95.9157,25.8403],[-95.9012,25.8448],[-95.8835,25.8393],[-95.8835,25.8254],[-95.9012,25.8029],[-95.9157,25.7984],[-95.9272,25.8119],[-95.9272,25.8258]]]}},{"type":"Feature","properties":{"c":"#00fb90","v0":0.04,"v1":0.05},"geometry":{"type":"Polygon","coordinates":[[[-97.454,25.826],[-97.438,25.8407],[-97.425,25.8407],[-97.415,25.826],[-97.415,25.8122],[-97.425,25.7993],[-97.438,25.7993],[-97.454,25.8122],[-97.454,25.826]],[[-97.4503,25.8246],[-97.4368,25.8368],[-97.4264,25.8368],[-97.4193,25.8246],[-97.4193,25.8132],[-97.4264,25.8025],[-97.4368,25.8025],[-97.4503,25.8132],[-97.4503,25.8246]]]}},{"type":"Feature","properties":{"c":"#00fb90","v0":0.04,"v1":0.05},"geometry":{"type":"Polygon","coordinates":[[[-98.1774,25.76],[-98.1438,25.7871],[-98.1077,25.8073],[-98.0692,25.8208],[-98.0383,25.8253],[-98.015,25.8208],[-98.003,25.8096],[-98.0024,25.7916],[-98.0091,25.778],[-98.023,25.7689],[-98.065,25.7554],[-98.135,25.7374],[-98.1761,25.733],[-98.1882,25.742],[-98.1774,25.76]],[[-98.1834,25.7555],[-98.1702,25.7736],[-98.1352,25.7933],[-98.0784,25.8146],[-98.0374,25.8191],[-98.0121,25.8068],[-98.0087,25.7916],[-98.0269,25.7736],[-98.0696,25.7568],[-98.1365,25.7411],[-98.175,25.7366],[-98.185,25.7432],[-98.1834,25.7555]]]}},{"type":"Feature","properties":{"c":"#00fb90","v0":0.04,"v1":0.05},"geometry":{"type":"Polygon","coordinates":[[[-97.6381,25.7899],[-97.606,25.8045],[-97.579,25.809],[-97.5571,25.8034],[-97.5571,25.7908],[-97.579,25.7712],[-97.6052,25.7621],[-97.6357,25.7637],[-97.6517,25.7691],[-97.6533,25.7781],[-97.6381,25.7899]],[[-97.6345,25.7894],[-97.6048,25.803],[-97.5802,25.8075],[-97.5605,25.8029],[-97.5605,25.7913],[-97.5802,25.7727],[-97.602,25.7637],[-97.6261,25.7643],[-97.6409,25.7691],[-97.6465,25.7781],[-97.6345,25.7894]]]}},{"type":"Feature","properties":{"c":"#00fb90","v0":0.04,"v1":0.05},"geometry":{"type":"Polygon","coordinates":[[[-82.6087,25.7856],[-82.5962,25.7918],[-82.564,25.7873],[-82.512,25.7721],[-82.502,25.7592],[-82.534,25.7485],[-82.5662,25.753],[-82.5987,25.7727],[-82.6087,25.7856]],[[-82.5778,25.7781],[-82.5228,25.7691],[-82.5089,25.7599],[-82.5363,25.7507],[-82.5638,25.7552],[-82.5915,25.7734],[-82.5778,25.7781]]]}},{"type":"Feature","properties":{"c":"#00fb90","v0":0.04,"v1":0.05},"geometry":{"type":"Polygon","coordinates":[[[-97.7421,25.6813],[-97.734,25.6951],[-97.715,25.6941],[-97.685,25.6783],[-97.6283,25.6804],[-97.5449,25.7005],[-97.5218,25.688],[-97.5591,25.6429],[-97.5958,25.6099],[-97.6319,25.589],[-97.674,25.6025],[-97.7221,25.6505],[-97.7421,25.6813]],[[-97.7348,25.6788],[-97.7316,25.6875],[-97.715,25.6856],[-97.685,25.6731],[-97.6294,25.6777],[-97.5483,25.6996],[-97.5261,25.688],[-97.5628,25.6429],[-97.5984,25.6107],[-97.6328,25.5912],[-97.6716,25.6048],[-97.7148,25.6512],[-97.7348,25.6788]]]}},{"type":"Feature","properties":{"c":"#00fb90","v0":0.04,"v1":0.05},"geometry":{"type":"Polygon","coordinates":[[[-95.104,25.4673],[-95.0813,25.4859],[-95.0563,25.495],[-95.0288,25.4944],[-95.0295,25.485],[-95.0583,25.467],[-95.0834,25.4579],[-95.1047,25.4579],[-95.104,25.4673]]]}},{"type":"Feature","properties":{"c":"#00fb90","v0":0.04,"v1":0.05},"geometry":{"type":"Polygon","coordinates":[[[-98.1956,25.4794],[-98.1785,25.4861],[-98.1627,25.4816],[-98.148,25.4658],[-98.1489,25.4534],[-98.1653,25.4444],[-98.1812,25.4489],[-98.1965,25.467],[-98.1956,25.4794]],[[-98.1835,25.4763],[-98.1612,25.4771],[-98.1492,25.4725],[-98.1475,25.4628],[-98.1525,25.4549],[-98.1642,25.4488],[-98.1762,25.4533],[-98.1885,25.4684],[-98.1835,25.4763]]]}},{"type":"Feature","properties":{"c":"#00fb90","v0":0.04,"v1":0.05},"geometry":{"type":"Polygon","coordinates":[[[-100.1811,25.0962],[-100.1534,25.1324],[-100.1375,25.1777],[-100.1336,25.232],[-100.1189,25.2727],[-100.0934,25.2998],[-100.068,25.3157],[-100.0427,25.3202],[-100.005,25.3149],[-99.955,25.2995],[-99.915,25.2971],[-99.885,25.3077],[-99.8438,25.2724],[-99.7913,25.1912],[-99.7875,25.1234],[-99.8322,25.069],[-99.8552,25.0283],[-99.8566,25.0011],[-99.8105,24.9882],[-99.7168,24.9897],[-99.65,24.9676],[-99.61,24.9218],[-99.5481,24.8848],[-99.4644,24.8565],[-99.4444,24.8233],[-99.4881,24.7852],[-99.5491,24.7443],[-99.6273,24.7007],[-99.6973,24.6709],[-99.7591,24.655],[-99.8,24.6619],[-99.82,24.6916],[-99.8517,24.7222],[-99.895,24.7539],[-99.9277,24.7924],[-99.9498,24.8378],[-99.9612,24.8832],[-99.9621,24.9285],[-99.9744,24.9597],[-99.9981,24.9766],[-100.0464,24.9947],[-100.1191,25.014],[-100.1653,25.0373],[-100.1851,25.0645],[-100.1811,25.0962]],[[-100.1734,25.0962],[-100.1472,25.1324],[-100.1319,25.1777],[-100.1275,25.232],[-100.1125,25.2727],[-100.0867,25.2998],[-100.0379,25.3071],[-99.966,25.2946],[-99.915,25.293],[-99.885,25.3023],[-99.8454,25.2679],[-99.7963,25.1897],[-99.7936,25.1234],[-99.8372,25.069],[-99.8604,25.0283],[-99.8631,25.0011],[-99.8559,24.984],[-99.8386,24.9771],[-99.79,24.977],[-99.71,24.9839],[-99.65,24.9643],[-99.61,24.9185],[-99.5496,24.8823],[-99.4687,24.8557],[-99.4487,24.824],[-99.4896,24.7874],[-99.55,24.7468],[-99.63,24.7023],[-99.7,24.6746],[-99.76,24.6637],[-99.8202,24.6862],[-99.8805,24.7419],[-99.9222,24.7924],[-99.9451,24.8378],[-99.9567,24.8832],[-99.957,24.9285],[-99.9703,24.9606],[-99.9968,24.9795],[-100.0439,24.9976],[-100.1116,25.015],[-100.1557,25.0373],[-100.1763,25.0645],[-100.1734,25.0962]]]}},{"type":"Feature","properties":{"c":"#00fb90","v0":0.04,"v1":0.05},"geometry":{"type":"Polygon","coordinates":[[[-99.5407,25.2364],[-99.5202,25.2632],[-99.4987,25.2723],[-99.4762,25.2635],[-99.4662,25.2492],[-99.4687,25.2295],[-99.4902,25.2204],[-99.5307,25.2221],[-99.5407,25.2364]],[[-99.5241,25.2488],[-99.5014,25.2643],[-99.4839,25.2643],[-99.4718,25.2488],[-99.4768,25.2349],[-99.4989,25.2225],[-99.5164,25.2225],[-99.5291,25.2349],[-99.5241,25.2488]]]}},{"type":"Feature","properties":{"c":"#00fb90","v0":0.04,"v1":0.05},"geometry":{"type":"Polygon","coordinates":[[[-80.9746,24.9965],[-80.9657,25.0147],[-80.9435,25.0192],[-80.908,25.0101],[-80.8652,24.9826],[-80.8151,24.9366],[-80.755,24.8943],[-80.685,24.8557],[-80.63,24.8274],[-80.59,24.8092],[-80.54,24.7958],[-80.48,24.7872],[-80.4415,24.766],[-80.4245,24.7321],[-80.4345,24.7049],[-80.4715,24.6841],[-80.5297,24.6887],[-80.6091,24.7185],[-80.6819,24.7606],[-80.748,24.8151],[-80.7883,24.8577],[-80.8028,24.8884],[-80.84,24.9083],[-80.9,24.9175],[-80.9423,24.9384],[-80.9669,24.9711],[-80.9746,24.9965]],[[-80.7369,24.8718],[-80.6256,24.8218],[-80.545,24.7945],[-80.495,24.79],[-80.4592,24.7787],[-80.4375,24.7606],[-80.4264,24.7425],[-80.4258,24.7243],[-80.4416,24.7059],[-80.4739,24.6872],[-80.5283,24.6917],[-80.6049,24.7195],[-80.6763,24.7606],[-80.7426,24.8151],[-80.7799,24.856],[-80.7883,24.8832],[-80.7369,24.8718]],[[-80.9688,24.9958],[-80.9563,25.0126],[-80.94,25.0186],[-80.92,25.014],[-80.885,24.9875],[-80.8349,24.9391],[-80.8349,24.9153],[-80.885,24.9159],[-80.9263,24.9341],[-80.9588,24.9697],[-80.9688,24.9958]]]}},{"type":"Feature","properties":{"c":"#00fb90","v0":0.04,"v1":0.05},"geometry":{"type":"Polygon","coordinates":[[[-81.374,24.9372],[-81.3713,24.9455],[-81.3515,24.941],[-81.3145,24.9236],[-81.2777,24.8968],[-81.241,24.8605],[-81.2482,24.8514],[-81.2995,24.8696],[-81.3376,24.8923],[-81.3628,24.9195],[-81.374,24.9372]],[[-81.3463,24.924],[-81.2983,24.9059],[-81.2683,24.8855],[-81.2561,24.8628],[-81.2672,24.8583],[-81.3017,24.8719],[-81.3318,24.8923],[-81.3575,24.9195],[-81.3463,24.924]]]}},{"type":"Feature","properties":{"c":"#00fb90","v0":0.04,"v1":0.05},"geometry":{"type":"Polygon","coordinates":[[[-98.7312,24.8422],[-98.6637,24.8781],[-98.595,24.9017],[-98.525,24.913],[-98.482,24.9132],[-98.4659,24.9023],[-98.4472,24.8696],[-98.4259,24.8151],[-98.4289,24.7807],[-98.4563,24.7663],[-98.53,24.7622],[-98.65,24.7685],[-98.7237,24.7847],[-98.7512,24.811],[-98.7312,24.8422]],[[-98.7252,24.8416],[-98.6617,24.8763],[-98.595,24.8993],[-98.525,24.9107],[-98.4828,24.9115],[-98.4684,24.9017],[-98.4515,24.8696],[-98.4322,24.8151],[-98.4394,24.7812],[-98.4731,24.7679],[-98.545,24.765],[-98.655,24.7725],[-98.7217,24.7882],[-98.7452,24.8122],[-98.7252,24.8416]]]}},{"type":"Feature","properties":{"c":"#00fb90","v0":0.04,"v1":0.05},"geometry":{"type":"Polygon","coordinates":[[[-82.5844,24.8245],[-82.5615,24.825],[-82.525,24.8142],[-82.475,24.7921],[-82.4374,24.7692],[-82.4122,24.7453],[-82.4018,24.7289],[-82.406,24.7198],[-82.4386,24.7242],[-82.4995,24.7422],[-82.5465,24.7694],[-82.5794,24.8059],[-82.5844,24.8245]],[[-82.5732,24.8106],[-82.5698,24.8197],[-82.5386,24.8123],[-82.4795,24.7885],[-82.44,24.7644],[-82.42,24.7398],[-82.438,24.7336],[-82.4941,24.7456],[-82.5353,24.7652],[-82.5617,24.7924],[-82.5732,24.8106]]]}},{"type":"Feature","properties":{"c":"#00fb90","v0":0.04,"v1":0.05},"geometry":{"type":"Polygon","coordinates":[[[-98.9764,24.6839],[-98.9721,24.6938],[-98.9617,24.6984],[-98.9451,24.6975],[-98.9369,24.6925],[-98.9372,24.6834],[-98.9477,24.6789],[-98.9683,24.6789],[-98.9764,24.6839]]]}},{"type":"Feature","properties":{"c":"#00fb90","v0":0.04,"v1":0.05},"geometry":{"type":"Polygon","coordinates":[[[-81.9175,24.0452],[-81.9125,24.0533],[-81.875,24.0479],[-81.805,24.0291],[-81.7577,24.0387],[-81.733,24.0769],[-81.7616,24.1507],[-81.8433,24.2602],[-81.8557,24.306],[-81.7986,24.2882],[-81.7602,24.2836],[-81.7405,24.2923],[-81.7296,24.3057],[-81.7277,24.324],[-81.7475,24.3641],[-81.7892,24.4261],[-81.8339,24.4716],[-81.8817,24.5007],[-81.9043,24.5198],[-81.9017,24.5289],[-81.8928,24.5454],[-81.8776,24.5693],[-81.85,24.5662],[-81.81,24.5362],[-81.765,24.5175],[-81.715,24.5104],[-81.6699,24.4861],[-81.6296,24.4448],[-81.611,24.406],[-81.6141,24.3695],[-81.6249,24.3422],[-81.6435,24.324],[-81.6489,24.3057],[-81.6412,24.2875],[-81.5486,24.21],[-81.3709,24.0731],[-81.2684,23.9863],[-81.2412,23.9498],[-81.1487,23.8858],[-80.9911,23.7943],[-80.8979,23.7303],[-80.8691,23.6936],[-80.8608,23.6524],[-80.8732,23.6066],[-80.9133,23.5929],[-80.981,23.6112],[-81.0537,23.642],[-81.1312,23.6853],[-81.19,23.7272],[-81.23,23.7677],[-81.28,23.7675],[-81.34,23.7265],[-81.41,23.7136],[-81.49,23.7288],[-81.59,23.7773],[-81.71,23.8591],[-81.8075,23.9353],[-81.8825,24.0059],[-81.9175,24.0452]],[[-81.8787,24.0349],[-81.8062,24.0224],[-81.76,24.0259],[-81.74,24.0455],[-81.71,24.0432],[-81.67,24.0189],[-81.6329,24.0107],[-81.5988,24.0188],[-81.5907,24.0412],[-81.6085,24.0777],[-81.6405,24.0969],[-81.6868,24.0987],[-81.7518,24.1489],[-81.8353,24.2474],[-81.8753,24.301],[-81.8718,24.3097],[-81.845,24.3044],[-81.795,24.2853],[-81.7571,24.2855],[-81.7313,24.3051],[-81.7413,24.3519],[-81.7871,24.426],[-81.8312,24.476],[-81.8735,24.5022],[-81.8885,24.5295],[-81.8762,24.5581],[-81.85,24.5584],[-81.81,24.5306],[-81.765,24.5131],[-81.715,24.5058],[-81.6712,24.4827],[-81.6335,24.4437],[-81.6171,24.406],[-81.6221,24.3695],[-81.633,24.3422],[-81.6499,24.324],[-81.6541,24.3057],[-81.6456,24.2875],[-81.5527,24.21],[-81.3752,24.0731],[-81.2724,23.986],[-81.2441,23.9488],[-81.1513,23.8848],[-80.994,23.794],[-80.9019,23.7303],[-80.8749,23.6936],[-80.8686,23.6528],[-80.8829,23.6079],[-80.91,23.5893],[-80.95,23.5971],[-81.015,23.6253],[-81.105,23.6738],[-81.175,23.7221],[-81.225,23.7701],[-81.28,23.775],[-81.34,23.7366],[-81.41,23.7227],[-81.49,23.7333],[-81.59,23.7795],[-81.71,23.8612],[-81.8062,23.9368],[-81.8787,24.0064],[-81.8787,24.0349]],[[-81.6968,24.0848],[-81.6789,24.0991],[-81.66,24.105],[-81.64,24.1025],[-81.6196,24.0909],[-81.5988,24.0699],[-81.5888,24.0522],[-81.5896,24.0379],[-81.6,24.0255],[-81.62,24.015],[-81.64,24.0119],[-81.66,24.0163],[-81.6789,24.0333],[-81.6968,24.0629],[-81.6968,24.0848]]]}},{"type":"Feature","properties":{"c":"#00fb90","v0":0.04,"v1":0.05},"geometry":{"type":"Polygon","coordinates":[[[-82.1848,24.5322],[-82.1616,24.5298],[-82.1331,24.5162],[-82.0994,24.4913],[-82.0894,24.4769],[-82.1031,24.4732],[-82.1316,24.4868],[-82.1748,24.5179],[-82.1848,24.5322]],[[-82.1677,24.5152],[-82.147,24.5152],[-82.127,24.5061],[-82.1075,24.4879],[-82.1178,24.4879],[-82.1579,24.5061],[-82.1677,24.5152]]]}},{"type":"Feature","properties":{"c":"#00fb90","v0":0.04,"v1":0.05},"geometry":{"type":"Polygon","coordinates":[[[-80.1396,24.4608],[-80.1199,24.4611],[-80.1099,24.4565],[-80.1096,24.4471],[-80.1195,24.4469],[-80.1395,24.456],[-80.1396,24.4608]]]}},{"type":"Feature","properties":{"c":"#00fb90","v0":0.04,"v1":0.05},"geometry":{"type":"Polygon","coordinates":[[[-82.7235,24.4159],[-82.7012,24.3993],[-82.6887,24.3811],[-82.6862,24.3612],[-82.6973,24.3695],[-82.7222,24.406],[-82.7235,24.4159]]]}},{"type":"Feature","properties":{"c":"#00fb90","v0":0.04,"v1":0.05},"geometry":{"type":"Polygon","coordinates":[[[-82.4622,24.3559],[-82.4319,24.365],[-82.4151,24.3874],[-82.4117,24.4232],[-82.3897,24.4369],[-82.3491,24.4284],[-82.2911,24.3969],[-82.2156,24.3422],[-82.1753,24.3057],[-82.1702,24.2875],[-82.1883,24.2798],[-82.2294,24.2826],[-82.27,24.3006],[-82.31,24.3337],[-82.34,24.3518],[-82.36,24.3548],[-82.358,24.3277],[-82.3339,24.2705],[-82.3289,24.2388],[-82.343,24.2325],[-82.3818,24.2599],[-82.4455,24.3208],[-82.4622,24.3559]],[[-82.4515,24.3559],[-82.4142,24.365],[-82.3992,24.3849],[-82.4064,24.4156],[-82.39,24.4278],[-82.35,24.4215],[-82.2902,24.3879],[-82.2106,24.3271],[-82.1906,24.2947],[-82.2302,24.2909],[-82.27,24.3061],[-82.31,24.3405],[-82.34,24.3597],[-82.36,24.3638],[-82.3745,24.3622],[-82.3834,24.3549],[-82.3732,24.3285],[-82.3439,24.283],[-82.3344,24.2534],[-82.3448,24.2399],[-82.38,24.2627],[-82.4401,24.3218],[-82.4515,24.3559]]]}},{"type":"Feature","properties":{"c":"#00fb90","v0":0.04,"v1":0.05},"geometry":{"type":"Polygon","coordinates":[[[-79.8879,24.3188],[-79.876,24.3268],[-79.85,24.3265],[-79.81,24.3181],[-79.7715,24.2913],[-79.7346,24.2462],[-79.7246,24.2208],[-79.7415,24.2152],[-79.77,24.2183],[-79.81,24.2303],[-79.846,24.256],[-79.8779,24.2952],[-79.8879,24.3188]],[[-79.8617,24.3139],[-79.8139,24.3119],[-79.773,24.2891],[-79.7389,24.2455],[-79.7489,24.2275],[-79.803,24.2352],[-79.8439,24.258],[-79.8717,24.2959],[-79.8617,24.3139]]]}},{"type":"Feature","properties":{"c":"#00fb90","v0":0.04,"v1":0.05},"geometry":{"type":"Polygon","coordinates":[[[-82.6663,24.1872],[-82.6548,24.1872],[-82.6443,24.1759],[-82.6348,24.1534],[-82.6405,24.1534],[-82.6615,24.1759],[-82.6663,24.1872]],[[-82.6608,24.172],[-82.6536,24.178],[-82.645,24.1734],[-82.635,24.1581],[-82.6386,24.1551],[-82.6558,24.1644],[-82.6608,24.172]]]}},{"type":"Feature","properties":{"c":"#00fb90","v0":0.04,"v1":0.05},"geometry":{"type":"Polygon","coordinates":[[[-80.1117,24.0183],[-80.0746,24.0092],[-80.0486,23.9863],[-80.0337,23.9498],[-80.0426,23.9361],[-80.0754,23.9452],[-80.1014,23.9681],[-80.1206,24.0046],[-80.1117,24.0183]],[[-80.1166,24.0099],[-80.1122,24.0204],[-80.1,24.0219],[-80.08,24.0145],[-80.06,23.9925],[-80.04,23.9559],[-80.0439,23.9406],[-80.0718,23.9467],[-80.094,23.9635],[-80.1105,23.9909],[-80.1166,24.0099]]]}},{"type":"Feature","properties":{"c":"#00fb90","v0":0.04,"v1":0.05},"geometry":{"type":"Polygon","coordinates":[[[-81.5661,23.9934],[-81.5554,24.0076],[-81.5305,24.0122],[-81.4915,24.0071],[-81.4465,23.9863],[-81.3956,23.9498],[-81.3659,23.9178],[-81.3575,23.8904],[-81.3625,23.8717],[-81.3808,23.8618],[-81.4,23.8587],[-81.42,23.8625],[-81.4562,23.8812],[-81.5086,23.9147],[-81.544,23.9452],[-81.5623,23.9726],[-81.5661,23.9934]],[[-81.5562,23.9933],[-81.5387,24.0073],[-81.515,24.011],[-81.485,24.0044],[-81.4458,23.9837],[-81.3975,23.9489],[-81.3703,23.9178],[-81.3641,23.8904],[-81.3683,23.8727],[-81.3828,23.8649],[-81.405,23.8651],[-81.435,23.8732],[-81.4703,23.8909],[-81.511,23.918],[-81.5397,23.9452],[-81.5565,23.9726],[-81.5562,23.9933]]]}},{"type":"Feature","properties":{"c":"#00fb90","v0":0.04,"v1":0.05},"geometry":{"type":"Polygon","coordinates":[[[-99.089,23.7257],[-99.0804,23.7531],[-99.0096,23.8175],[-98.8765,23.9186],[-98.7831,23.9643],[-98.7293,23.9546],[-98.701,23.9178],[-98.6982,23.8538],[-98.6721,23.808],[-98.6227,23.7806],[-98.602,23.7577],[-98.61,23.7394],[-98.633,23.7198],[-98.671,23.699],[-98.697,23.6898],[-98.711,23.6924],[-98.721,23.7198],[-98.727,23.772],[-98.805,23.7662],[-98.955,23.7022],[-99.0419,23.6714],[-99.0656,23.674],[-99.0814,23.6845],[-99.0893,23.7028],[-99.089,23.7257]],[[-99.0831,23.7257],[-99.0736,23.7531],[-99.0041,23.8167],[-98.8747,23.9164],[-98.785,23.9619],[-98.735,23.9534],[-98.7087,23.9173],[-98.706,23.8536],[-98.6792,23.808],[-98.6281,23.7806],[-98.6069,23.7577],[-98.6156,23.7394],[-98.6374,23.7213],[-98.6725,23.7035],[-98.6961,23.6989],[-98.7083,23.7076],[-98.7133,23.7347],[-98.7111,23.7801],[-98.715,23.8034],[-98.725,23.8044],[-98.805,23.7724],[-98.955,23.7072],[-99.04,23.6754],[-99.06,23.677],[-99.0745,23.6863],[-99.0834,23.7034],[-99.0831,23.7257]]]}},{"type":"Feature","properties":{"c":"#00fb90","v0":0.04,"v1":0.05},"geometry":{"type":"Polygon","coordinates":[[[-85.4672,23.6432],[-85.4293,23.689],[-85.4103,23.7234],[-85.4101,23.7462],[-85.4052,23.7187],[-85.3956,23.6409],[-85.3941,23.5883],[-85.4009,23.5608],[-85.4158,23.5481],[-85.4386,23.5503],[-85.459,23.5687],[-85.4771,23.6031],[-85.4672,23.6432]],[[-85.4764,23.6295],[-85.4683,23.6478],[-85.4557,23.6629],[-85.4386,23.6748],[-85.425,23.6784],[-85.415,23.6738],[-85.41,23.6413],[-85.41,23.5811],[-85.42,23.5529],[-85.44,23.5569],[-85.4576,23.5742],[-85.4729,23.605],[-85.4764,23.6295]]]}},{"type":"Feature","properties":{"c":"#00fb90","v0":0.04,"v1":0.05},"geometry":{"type":"Polygon","coordinates":[[[-96.4678,23.189],[-96.4278,23.2074],[-96.4158,23.2074],[-96.4318,23.189],[-96.4519,23.1798],[-96.4759,23.1798],[-96.4678,23.189]]]}},{"type":"Feature","properties":{"c":"#00fb90","v0":0.04,"v1":0.05},"geometry":{"type":"Polygon","coordinates":[[[-97.397,22.7322],[-97.3257,22.7949],[-97.25,22.841],[-97.1701,22.8705],[-97.1151,22.9146],[-97.085,22.9731],[-97.0312,23.0238],[-96.9535,23.0665],[-96.9029,23.0878],[-96.8793,23.0878],[-96.8928,23.051],[-96.9434,22.9774],[-96.974,22.9015],[-96.9847,22.8233],[-97.045,22.7539],[-97.155,22.6932],[-97.26,22.6674],[-97.36,22.6765],[-97.4157,22.686],[-97.427,22.6959],[-97.397,22.7322]],[[-97.3914,22.7263],[-97.3505,22.7402],[-97.3143,22.7632],[-97.283,22.7954],[-97.233,22.828],[-97.1643,22.8608],[-97.11,22.9043],[-97.07,22.9584],[-97.0232,23.0064],[-96.9697,23.0484],[-96.9297,23.0739],[-96.9032,23.0829],[-96.8851,23.0829],[-96.8754,23.0739],[-96.8914,23.051],[-96.9333,23.0142],[-96.9648,22.9451],[-96.9857,22.8438],[-97.0497,22.7646],[-97.1566,22.7074],[-97.235,22.687],[-97.285,22.7032],[-97.335,22.7085],[-97.385,22.7028],[-97.4105,22.7048],[-97.4114,22.7145],[-97.3914,22.7263]]]}},{"type":"Feature","properties":{"c":"#00fb90","v0":0.04,"v1":0.05},"geometry":{"type":"Polygon","coordinates":[[[-97.6371,22.9452],[-97.539,23.0281],[-97.47,23.0704],[-97.43,23.0721],[-97.3775,23.0583],[-97.3124,23.0289],[-97.2974,22.9945],[-97.3325,22.9552],[-97.3995,22.9137],[-97.4984,22.8702],[-97.5765,22.853],[-97.6336,22.8622],[-97.6681,22.8761],[-97.6801,22.8945],[-97.6371,22.9452]],[[-97.6203,22.9451],[-97.5252,23.028],[-97.4603,23.0694],[-97.4257,23.0694],[-97.3781,23.0556],[-97.3175,23.028],[-97.3029,22.9955],[-97.3343,22.9582],[-97.395,22.9208],[-97.485,22.8833],[-97.56,22.8682],[-97.62,22.8756],[-97.6545,22.8854],[-97.6634,22.8976],[-97.6203,22.9451]]]}},{"type":"Feature","properties":{"c":"#00fb90","v0":0.04,"v1":0.05},"geometry":{"type":"Polygon","coordinates":[[[-84.1685,22.5993],[-84.1265,22.7285],[-84.0966,22.798],[-84.0789,22.8079],[-83.965,22.7332],[-83.755,22.5738],[-83.615,22.486],[-83.545,22.4702],[-83.495,22.4728],[-83.465,22.494],[-83.435,22.5033],[-83.405,22.5007],[-83.3728,22.4806],[-83.3385,22.4427],[-83.3398,22.4053],[-83.3765,22.3683],[-83.3887,22.3333],[-83.3762,22.3001],[-83.325,22.2514],[-83.235,22.187],[-83.11,22.1203],[-82.95,22.0514],[-82.855,21.999],[-82.825,21.9632],[-82.7888,21.9353],[-82.7465,21.9152],[-82.7215,21.8866],[-82.7138,21.8495],[-82.715,21.8249],[-82.725,21.813],[-82.76,21.799],[-82.82,21.7828],[-82.935,21.8133],[-83.105,21.8902],[-83.22,21.932],[-83.28,21.9385],[-83.33,21.9584],[-83.37,21.9918],[-83.415,22.0117],[-83.465,22.0184],[-83.525,22.0355],[-83.595,22.0629],[-83.6355,22.0662],[-83.6464,22.0454],[-83.6388,22.0118],[-83.6127,21.9655],[-83.5744,21.9283],[-83.5238,21.9005],[-83.5016,21.8634],[-83.5078,21.817],[-83.5034,21.7659],[-83.4884,21.7102],[-83.4882,21.6775],[-83.5027,21.668],[-83.5268,21.6958],[-83.5603,21.7611],[-83.6153,21.8422],[-83.6918,21.939],[-83.775,22.0254],[-83.865,22.1014],[-83.9458,22.1596],[-84.0173,22.2001],[-84.0649,22.2434],[-84.0884,22.2897],[-84.0927,22.3216],[-84.0776,22.339],[-84.0702,22.3575],[-84.0707,22.3771],[-84.0957,22.4085],[-84.1452,22.4519],[-84.1749,22.4888],[-84.1847,22.5194],[-84.1685,22.5993]],[[-84.1617,22.5855],[-84.1191,22.7239],[-84.0908,22.7964],[-84.0769,22.8031],[-83.965,22.7275],[-83.755,22.5693],[-83.615,22.4824],[-83.545,22.4669],[-83.495,22.4699],[-83.465,22.4913],[-83.435,22.5008],[-83.405,22.4983],[-83.3742,22.4788],[-83.3427,22.4421],[-83.3448,22.4053],[-83.3804,22.3683],[-83.3911,22.3322],[-83.377,22.297],[-83.325,22.2473],[-83.235,22.1832],[-83.1107,22.1175],[-82.952,22.0501],[-82.857,21.997],[-82.8257,21.9582],[-82.79,21.9301],[-82.75,21.913],[-82.726,21.886],[-82.7181,21.8493],[-82.7231,21.8243],[-82.741,21.8112],[-82.775,21.8018],[-82.825,21.796],[-82.935,21.8279],[-83.105,21.8973],[-83.2155,21.9346],[-83.2664,21.9397],[-83.3164,21.96],[-83.3655,21.9953],[-83.415,22.0163],[-83.465,22.0229],[-83.525,22.0404],[-83.595,22.0688],[-83.637,22.0757],[-83.651,22.0609],[-83.6539,22.0396],[-83.646,22.0118],[-83.629,21.9798],[-83.603,21.9434],[-83.5695,21.9156],[-83.5286,21.8963],[-83.5115,21.8634],[-83.5182,21.817],[-83.5143,21.7659],[-83.4997,21.7102],[-83.4968,21.6816],[-83.5056,21.6802],[-83.5279,21.7127],[-83.5637,21.7791],[-83.6237,21.8635],[-83.7079,21.9658],[-83.79,22.0492],[-83.87,22.1139],[-83.943,22.1647],[-84.009,22.2018],[-84.0524,22.2388],[-84.0732,22.2758],[-84.0791,22.3175],[-84.07,22.3637],[-84.0873,22.4053],[-84.1311,22.4423],[-84.1605,22.4746],[-84.1755,22.5024],[-84.1617,22.5855]]]}},{"type":"Feature","properties":{"c":"#00fb90","v0":0.04,"v1":0.05},"geometry":{"type":"Polygon","coordinates":[[[-82.2056,22.2697],[-82.1952,22.2946],[-82.185,22.3064],[-82.175,22.305],[-82.07,22.2509],[-81.87,22.144],[-81.7538,22.0766],[-81.7215,22.0489],[-81.7171,22.0118],[-81.7406,21.9655],[-81.7499,21.933],[-81.7452,21.9144],[-81.7296,21.8965],[-81.7032,21.8791],[-81.67,21.8741],[-81.63,21.8815],[-81.5932,21.8809],[-81.5597,21.8723],[-81.5151,21.8309],[-81.4596,21.7566],[-81.4514,21.7138],[-81.4905,21.7024],[-81.56,21.7084],[-81.66,21.7317],[-81.717,21.7374],[-81.7309,21.7254],[-81.7359,21.6992],[-81.732,21.6588],[-81.7501,21.6355],[-81.7904,21.6295],[-81.8191,21.6405],[-81.8364,21.6683],[-81.8285,21.7055],[-81.7955,21.752],[-81.7813,21.8077],[-81.7859,21.8727],[-81.8855,21.9701],[-82.0802,22.0999],[-82.1858,22.1879],[-82.2025,22.2342],[-82.2056,22.2697]],[[-82.2023,22.2527],[-82.1954,22.2804],[-82.1865,22.2953],[-82.1755,22.2971],[-82.07,22.2451],[-81.87,22.1391],[-81.7555,22.0733],[-81.7264,22.0478],[-81.723,22.0118],[-81.7452,21.9655],[-81.7542,21.933],[-81.7501,21.9144],[-81.7336,21.8958],[-81.7045,21.877],[-81.67,21.8714],[-81.63,21.8789],[-81.5945,21.879],[-81.5635,21.8717],[-81.5371,21.8588],[-81.5155,21.8402],[-81.4904,21.803],[-81.4618,21.7473],[-81.4632,21.7151],[-81.4944,21.7065],[-81.56,21.7136],[-81.66,21.7365],[-81.7187,21.7408],[-81.736,21.7266],[-81.741,21.7007],[-81.7337,21.6632],[-81.735,21.6398],[-81.745,21.6306],[-81.765,21.627],[-81.795,21.6292],[-81.8175,21.6432],[-81.8324,21.6693],[-81.8234,21.7055],[-81.7904,21.752],[-81.7755,21.8077],[-81.7786,21.8727],[-81.8776,21.9698],[-82.0725,22.0989],[-82.1789,22.1822],[-82.1968,22.2199],[-82.2023,22.2527]]]}},{"type":"Feature","properties":{"c":"#00fb90","v0":0.04,"v1":0.05},"geometry":{"type":"Polygon","coordinates":[[[-82.8468,21.6958],[-82.8356,21.7229],[-82.8051,21.7183],[-82.7552,21.6819],[-82.722,21.6498],[-82.7056,21.6219],[-82.7188,21.6126],[-82.7617,21.6219],[-82.8005,21.6405],[-82.8351,21.6683],[-82.8468,21.6958]],[[-82.8397,21.6907],[-82.8332,21.7075],[-82.825,21.7142],[-82.815,21.7109],[-82.7917,21.6978],[-82.7552,21.6751],[-82.7302,21.6521],[-82.7167,21.629],[-82.7261,21.6197],[-82.7584,21.6242],[-82.7916,21.6405],[-82.8258,21.6683],[-82.8397,21.6907]]]}},{"type":"Feature","properties":{"c":"#00fb90","v0":0.05,"v1":0.25},"geometry":{"type":"Polygon","coordinates":[[[-98.6463,50.884],[-98.6221,50.9015],[-98.555,50.917],[-98.445,50.9304],[-98.34,50.9346],[-98.24,50.9295],[-98.17,50.9308],[-98.13,50.9384],[-98.06,50.9382],[-97.96,50.9301],[-97.885,50.9301],[-97.835,50.9383],[-97.77,50.9423],[-97.69,50.9421],[-97.6271,50.9474],[-97.5813,50.9582],[-97.545,50.9699],[-97.5182,50.9825],[-97.5031,50.995],[-97.4996,51.0076],[-97.5063,51.0296],[-97.5231,51.0611],[-97.5499,51.0831],[-97.5866,51.0956],[-97.6512,51.0998],[-97.7437,51.0957],[-97.875,51.0755],[-98.045,51.0393],[-98.16,51.0234],[-98.22,51.0279],[-98.2789,51.0387],[-98.3366,51.0557],[-98.3055,51.0799],[-98.1854,51.1113],[-97.9865,51.1427],[-97.7088,51.174],[-97.555,51.1973],[-97.525,51.2125],[-97.4748,51.2282],[-97.4043,51.2443],[-97.3643,51.2619],[-97.3548,51.281],[-97.335,51.2956],[-97.305,51.3056],[-97.205,51.3008],[-97.035,51.2812],[-96.915,51.2825],[-96.845,51.3046],[-96.7653,51.3124],[-96.6759,51.3058],[-96.6287,51.2993],[-96.6235,51.2931],[-96.6349,51.2743],[-96.663,51.243],[-96.6602,51.2164],[-96.6267,51.1945],[-96.58,51.1816],[-96.52,51.1777],[-96.445,51.1902],[-96.355,51.2189],[-96.295,51.2326],[-96.265,51.2312],[-96.23,51.221],[-96.19,51.2019],[-96.1372,51.1949],[-96.0715,51.1998],[-96.0139,51.1772],[-95.9644,51.127],[-95.9422,51.0768],[-95.9472,51.0265],[-95.9986,50.9919],[-96.0963,50.973],[-96.1619,50.9321],[-96.1956,50.869],[-96.2818,50.8236],[-96.4206,50.7959],[-96.51,50.7921],[-96.55,50.8121],[-96.68,50.8292],[-96.9,50.8434],[-97.045,50.8579],[-97.115,50.8728],[-97.215,50.8737],[-97.345,50.8607],[-97.45,50.845],[-97.53,50.8268],[-97.5837,50.8068],[-97.6112,50.7851],[-97.6562,50.7722],[-97.7187,50.7682],[-97.7575,50.7587],[-97.7726,50.7437],[-97.7796,50.7204],[-97.7786,50.6888],[-97.7889,50.6666],[-97.8107,50.6539],[-97.8987,50.6308],[-98.0529,50.5973],[-98.1696,50.5814],[-98.2487,50.5832],[-98.3037,50.5936],[-98.3346,50.6126],[-98.375,50.6271],[-98.425,50.637],[-98.4551,50.6561],[-98.4653,50.6842],[-98.5075,50.7046],[-98.5816,50.7173],[-98.6073,50.7331],[-98.5845,50.7521],[-98.5701,50.7711],[-98.564,50.79],[-98.5853,50.8185],[-98.6341,50.8564],[-98.6463,50.884]],[[-97.3885,51.0265],[-97.3571,51.0265],[-97.3536,51.023],[-97.3779,51.016],[-97.3935,51.016],[-97.4006,51.023],[-97.3885,51.0265]]]}},{"type":"Feature","properties":{"c":"#00fb90","v0":0.05,"v1":0.25},"geometry":{"type":"Polygon","coordinates":[[[-96.3718,50.4492],[-96.2639,50.4847],[-96.165,50.5091],[-96.075,50.5224],[-95.995,50.5243],[-95.925,50.5146],[-95.855,50.5198],[-95.785,50.5398],[-95.72,50.5498],[-95.66,50.55],[-95.6231,50.5459],[-95.6093,50.5375],[-95.6293,50.5098],[-95.6831,50.4629],[-95.725,50.4365],[-95.755,50.4305],[-95.795,50.4312],[-95.845,50.4384],[-95.885,50.4376],[-95.915,50.4287],[-95.9469,50.4101],[-95.9807,50.3818],[-95.9918,50.3549],[-95.9804,50.3294],[-95.9935,50.3096],[-96.0312,50.2954],[-96.0625,50.2922],[-96.0874,50.3],[-96.1024,50.3153],[-96.1075,50.3382],[-96.145,50.3475],[-96.215,50.3433],[-96.2939,50.3638],[-96.3818,50.4089],[-96.3718,50.4492]]]}},{"type":"Feature","properties":{"c":"#00fb90","v0":0.05,"v1":0.25},"geometry":{"type":"Polygon","coordinates":[[[-98.0675,50.3441],[-98.0292,50.3733],[-97.995,50.3872],[-97.965,50.3856],[-97.943,50.3805],[-97.929,50.372],[-97.929,50.3579],[-97.943,50.3382],[-97.98,50.3253],[-98.04,50.3192],[-98.0742,50.3195],[-98.0825,50.3261],[-98.0675,50.3441]]]}},{"type":"Feature","properties":{"c":"#00fb90","v0":0.05,"v1":0.25},"geometry":{"type":"Polygon","coordinates":[[[-95.9586,50.3207],[-95.9395,50.3288],[-95.91,50.3296],[-95.87,50.3229],[-95.825,50.3266],[-95.775,50.3407],[-95.7358,50.3431],[-95.7075,50.334],[-95.7125,50.3192],[-95.7508,50.2989],[-95.79,50.295],[-95.83,50.3075],[-95.8795,50.3145],[-95.9386,50.3159],[-95.9586,50.3207]]]}},{"type":"Feature","properties":{"c":"#00fb90","v0":0.05,"v1":0.25},"geometry":{"type":"Polygon","coordinates":[[[-98.2784,49.7036],[-98.1928,49.7374],[-98.1157,49.76],[-98.047,49.7715],[-97.872,49.7837],[-97.5907,49.7968],[-97.355,49.8164],[-97.165,49.8426],[-96.995,49.8591],[-96.845,49.866],[-96.715,49.8677],[-96.605,49.8644],[-96.5,49.8689],[-96.4,49.8815],[-96.29,49.9032],[-96.17,49.9342],[-96.085,49.9502],[-96.035,49.9512],[-95.955,49.961],[-95.845,49.9795],[-95.7757,49.9875],[-95.7471,49.9848],[-95.7221,49.9763],[-95.7007,49.962],[-95.655,49.9463],[-95.585,49.9293],[-95.5,49.9211],[-95.4,49.9217],[-95.28,49.9312],[-95.14,49.9494],[-95.03,49.9666],[-94.95,49.9825],[-94.875,50.0048],[-94.8051,50.0334],[-94.7051,50.0563],[-94.575,50.0736],[-94.475,50.0786],[-94.405,50.0715],[-94.355,50.0725],[-94.325,50.0817],[-94.26,50.0856],[-94.16,50.0841],[-94.0469,50.0745],[-93.9208,50.0566],[-93.7458,50.0213],[-93.5219,49.9685],[-93.365,49.9421],[-93.275,49.9423],[-93.2227,49.9366],[-93.208,49.9249],[-93.2036,49.903],[-93.2096,49.8707],[-93.2019,49.8452],[-93.1806,49.8263],[-93.11,49.8135],[-92.99,49.8068],[-92.9,49.8081],[-92.84,49.8174],[-92.77,49.7975],[-92.69,49.7481],[-92.605,49.7087],[-92.515,49.6791],[-92.4265,49.6376],[-92.3395,49.5839],[-92.2521,49.5377],[-92.1641,49.4987],[-92.1148,49.4727],[-92.1041,49.4597],[-92.105,49.4435],[-92.1176,49.4239],[-92.1054,49.4025],[-92.0685,49.3791],[-92.0247,49.3595],[-91.974,49.3439],[-91.925,49.323],[-91.8777,49.2969],[-91.823,49.2769],[-91.761,49.2628],[-91.6908,49.2367],[-91.6124,49.1985],[-91.5714,49.1434],[-91.5677,49.0714],[-91.5772,49.0223],[-91.6,48.996],[-91.686,48.9736],[-91.8353,48.955],[-92.06,48.9462],[-92.36,48.9473],[-92.57,48.9381],[-92.69,48.9185],[-92.795,48.9092],[-92.885,48.9104],[-92.96,48.9041],[-93.02,48.8904],[-93.075,48.8837],[-93.125,48.8842],[-93.22,48.8744],[-93.36,48.8543],[-93.4748,48.8296],[-93.5645,48.8003],[-93.6595,48.7769],[-93.7598,48.7595],[-93.9,48.7441],[-94.08,48.7307],[-94.19,48.7271],[-94.23,48.7333],[-94.265,48.7463],[-94.295,48.766],[-94.335,48.7831],[-94.385,48.7975],[-94.445,48.8024],[-94.515,48.7978],[-94.57,48.7996],[-94.61,48.8078],[-94.6363,48.8284],[-94.6488,48.8613],[-94.6838,48.8898],[-94.7413,48.9138],[-94.7758,48.9368],[-94.7875,48.9588],[-94.7275,49.0047],[-94.5958,49.0744],[-94.505,49.1167],[-94.455,49.1315],[-94.37,49.1399],[-94.25,49.1417],[-94.055,49.1634],[-93.785,49.205],[-93.5996,49.2403],[-93.4988,49.2694],[-93.4588,49.2897],[-93.4796,49.3014],[-93.545,49.316],[-93.655,49.3335],[-93.735,49.3364],[-93.785,49.3246],[-93.8764,49.3198],[-94.0093,49.3219],[-94.108,49.3328],[-94.1726,49.3523],[-94.1975,49.3784],[-94.1828,49.4109],[-94.1891,49.4357],[-94.2164,49.4527],[-94.29,49.4687],[-94.41,49.4835],[-94.525,49.4899],[-94.635,49.4881],[-94.8,49.5001],[-95.02,49.5259],[-95.295,49.5258],[-95.625,49.4998],[-95.81,49.4723],[-95.85,49.4431],[-95.91,49.4291],[-95.99,49.4302],[-96.06,49.4363],[-96.12,49.4476],[-96.235,49.4347],[-96.405,49.3976],[-96.55,49.3873],[-96.67,49.4037],[-96.78,49.3947],[-96.88,49.3602],[-96.955,49.3455],[-97.005,49.3506],[-97.055,49.3497],[-97.105,49.343],[-97.155,49.3309],[-97.205,49.3135],[-97.35,49.2989],[-97.59,49.2873],[-97.75,49.296],[-97.83,49.325],[-97.8893,49.3614],[-97.9278,49.4053],[-97.9028,49.4414],[-97.8143,49.4698],[-97.7482,49.499],[-97.7047,49.5291],[-97.6855,49.5506],[-97.6906,49.5636],[-97.7124,49.5778],[-97.7508,49.5931],[-97.8482,49.6061],[-98.0046,49.6167],[-98.1425,49.6381],[-98.2616,49.6705],[-98.2784,49.7036]],[[-93.0094,49.1794],[-92.9875,49.1794],[-92.9849,49.1769],[-93.0016,49.172],[-93.0126,49.172],[-93.0177,49.1769],[-93.0094,49.1794]],[[-97.4399,49.6643],[-97.42,49.6713],[-97.3499,49.6778],[-97.2296,49.6837],[-97.1796,49.6807],[-97.1999,49.6688],[-97.26,49.659],[-97.36,49.6513],[-97.42,49.6508],[-97.4399,49.6575],[-97.4399,49.6643]],[[-96.9125,49.7225],[-96.8842,49.7423],[-96.8497,49.7487],[-96.809,49.7419],[-96.7887,49.732],[-96.7887,49.719],[-96.7991,49.7067],[-96.8197,49.6949],[-96.8473,49.6884],[-96.8819,49.6873],[-96.906,49.6932],[-96.9198,49.7061],[-96.9125,49.7225]],[[-96.2572,49.7869],[-96.2375,49.8062],[-96.2033,49.8228],[-96.1544,49.8366],[-96.03,49.8501],[-95.83,49.8632],[-95.68,49.867],[-95.58,49.8615],[-95.52,49.8541],[-95.5,49.8448],[-95.4841,49.8309],[-95.4724,49.8123],[-95.4847,49.7933],[-95.5211,49.774],[-95.5465,49.7514],[-95.561,49.7255],[-95.6137,49.6951],[-95.7046,49.6601],[-95.78,49.6398],[-95.84,49.6344],[-95.925,49.6371],[-96.035,49.6479],[-96.125,49.6472],[-96.195,49.6351],[-96.2361,49.6337],[-96.2483,49.6431],[-96.2499,49.6705],[-96.2411,49.7158],[-96.2443,49.7481],[-96.2594,49.7675],[-96.2572,49.7869]],[[-94.9731,49.6399],[-94.8377,49.6757],[-94.67,49.7131],[-94.47,49.7521],[-94.355,49.7803],[-94.325,49.7978],[-94.3004,49.8057],[-94.2813,49.8039],[-94.2663,49.7959],[-94.2554,49.7818],[-94.225,49.7691],[-94.175,49.758],[-93.995,49.7322],[-93.685,49.6918],[-93.52,49.6667],[-93.5,49.6571],[-93.4837,49.6415],[-93.4712,49.6198],[-93.4762,49.6025],[-93.4987,49.5894],[-93.605,49.5848],[-93.795,49.5886],[-93.97,49.5863],[-94.13,49.5778],[-94.37,49.5767],[-94.69,49.5832],[-94.89,49.5894],[-94.97,49.5955],[-95.0177,49.6044],[-95.0331,49.6161],[-94.9731,49.6399]]]}},{"type":"Feature","properties":{"c":"#00fb90","v0":0.05,"v1":0.25},"geometry":{"type":"Polygon","coordinates":[[[-67.3637,49.7677],[-67.3412,49.7744],[-67.3197,49.7712],[-67.2992,49.758],[-67.2992,49.7466],[-67.3197,49.7371],[-67.3412,49.7404],[-67.3637,49.7563],[-67.3637,49.7677]]]}},{"type":"Feature","properties":{"c":"#00fb90","v0":0.05,"v1":0.25},"geometry":{"type":"Polygon","coordinates":[[[-97.893,49.1173],[-97.8837,49.15],[-97.8669,49.1732],[-97.8423,49.187],[-97.805,49.197],[-97.755,49.2033],[-97.6952,49.203],[-97.6255,49.196],[-97.6405,49.1683],[-97.7402,49.1198],[-97.805,49.0923],[-97.835,49.0859],[-97.8619,49.0872],[-97.8857,49.0963],[-97.893,49.1173]]]}},{"type":"Feature","properties":{"c":"#00fb90","v0":0.05,"v1":0.25},"geometry":{"type":"Polygon","coordinates":[[[-107.8018,49.1348],[-107.7673,49.1503],[-107.725,49.1605],[-107.675,49.1656],[-107.55,49.1568],[-107.35,49.134],[-107.225,49.1235],[-107.175,49.1252],[-107.06,49.1099],[-106.88,49.0775],[-106.745,49.0617],[-106.655,49.0625],[-106.5565,49.0527],[-106.4496,49.0324],[-106.388,49.0157],[-106.3715,49.0026],[-106.375,48.9921],[-106.3983,48.9843],[-106.45,48.9809],[-106.53,48.9819],[-106.64,48.9923],[-106.78,49.0122],[-106.88,49.0302],[-106.94,49.0464],[-107.0365,49.0563],[-107.1694,49.0598],[-107.2544,49.0687],[-107.2915,49.0829],[-107.355,49.0901],[-107.445,49.0902],[-107.51,49.0956],[-107.55,49.1065],[-107.605,49.1065],[-107.675,49.0957],[-107.7283,49.093],[-107.7648,49.0982],[-107.792,49.1074],[-107.81,49.1205],[-107.8018,49.1348]]]}},{"type":"Feature","properties":{"c":"#00fb90","v0":0.05,"v1":0.25},"geometry":{"type":"Polygon","coordinates":[[[-121.869,48.7794],[-121.8563,48.7933],[-121.84,48.8018],[-121.82,48.805],[-121.7974,48.798],[-121.7723,48.781],[-121.7723,48.7628],[-121.7974,48.7437],[-121.82,48.7358],[-121.84,48.7393],[-121.8563,48.7488],[-121.869,48.7646],[-121.869,48.7794]],[[-121.8481,48.7785],[-121.8227,48.7906],[-121.8013,48.7906],[-121.7839,48.7785],[-121.7839,48.7651],[-121.8013,48.7505],[-121.8227,48.7505],[-121.8481,48.7651],[-121.8481,48.7785]]]}},{"type":"Feature","properties":{"c":"#00fb90","v0":0.05,"v1":0.25},"geometry":{"type":"Polygon","coordinates":[[[-103.0838,48.1724],[-103.0686,48.1924],[-103.0616,48.2157],[-103.0627,48.2424],[-103.0525,48.259],[-103.0309,48.2657],[-102.9576,48.2796],[-102.8325,48.3009],[-102.715,48.3093],[-102.605,48.3046],[-102.5091,48.3073],[-102.4272,48.3172],[-102.3805,48.3289],[-102.3691,48.3422],[-102.3707,48.3555],[-102.3853,48.3687],[-102.4469,48.3833],[-102.5556,48.3992],[-102.6376,48.4158],[-102.6928,48.4331],[-102.7048,48.4617],[-102.6736,48.5015],[-102.616,48.5395],[-102.532,48.5757],[-102.467,48.5956],[-102.421,48.599],[-102.403,48.6107],[-102.4129,48.6305],[-102.4129,48.647],[-102.403,48.6602],[-102.3561,48.6623],[-102.272,48.6532],[-102.2396,48.6333],[-102.2587,48.6028],[-102.2651,48.5809],[-102.2585,48.5677],[-102.2439,48.5552],[-102.2213,48.5435],[-102.185,48.5343],[-102.135,48.5274],[-102.015,48.519],[-101.825,48.509],[-101.7064,48.5083],[-101.6593,48.517],[-101.6243,48.5356],[-101.6014,48.564],[-101.55,48.576],[-101.47,48.5715],[-101.41,48.5742],[-101.37,48.5838],[-101.3447,48.5851],[-101.334,48.5779],[-101.3517,48.5611],[-101.3979,48.5346],[-101.4177,48.5147],[-101.4111,48.5015],[-101.3883,48.4852],[-101.3494,48.466],[-101.2809,48.4527],[-101.1827,48.4454],[-101.1334,48.4351],[-101.133,48.4219],[-101.1171,48.4082],[-101.0857,48.3943],[-101.05,48.3847],[-101.01,48.3795],[-100.975,48.3883],[-100.945,48.4109],[-100.915,48.4119],[-100.885,48.3912],[-100.84,48.3867],[-100.78,48.3986],[-100.675,48.3888],[-100.525,48.3572],[-100.43,48.343],[-100.39,48.3463],[-100.305,48.3381],[-100.175,48.3183],[-100.08,48.2928],[-100.02,48.2615],[-99.96,48.2457],[-99.9,48.2454],[-99.8121,48.2245],[-99.6963,48.1831],[-99.6263,48.1534],[-99.6021,48.1354],[-99.5594,48.1221],[-99.4982,48.1133],[-99.439,48.099],[-99.3817,48.0789],[-99.4173,48.0679],[-99.5458,48.066],[-99.6378,48.0559],[-99.6933,48.0378],[-99.7114,48.0188],[-99.692,47.9987],[-99.6592,47.9786],[-99.6133,47.9585],[-99.5952,47.9422],[-99.6051,47.9297],[-99.64,47.9276],[-99.7,47.9358],[-99.74,47.9368],[-99.76,47.9305],[-99.775,47.9199],[-99.785,47.9051],[-99.855,47.9045],[-99.985,47.9183],[-100.08,47.9188],[-100.14,47.906],[-100.1792,47.895],[-100.1976,47.886],[-100.2085,47.8747],[-100.2119,47.8613],[-100.1977,47.845],[-100.1659,47.8258],[-100.075,47.8048],[-99.925,47.7821],[-99.69,47.7603],[-99.37,47.7395],[-99.1785,47.7201],[-99.1155,47.7022],[-99.1705,47.686],[-99.3435,47.6713],[-99.48,47.6646],[-99.58,47.6658],[-99.65,47.6592],[-99.69,47.6449],[-99.76,47.6496],[-99.86,47.6734],[-99.975,47.6852],[-100.105,47.6849],[-100.25,47.6936],[-100.41,47.7111],[-100.507,47.7133],[-100.5411,47.6999],[-100.5498,47.6798],[-100.5332,47.6529],[-100.4711,47.6312],[-100.3637,47.6148],[-100.2822,47.598],[-100.2267,47.5807],[-100.198,47.5686],[-100.1962,47.5619],[-100.219,47.5498],[-100.2663,47.5324],[-100.325,47.5313],[-100.395,47.5463],[-100.495,47.5513],[-100.625,47.5461],[-100.73,47.5617],[-100.81,47.5983],[-100.93,47.6241],[-101.09,47.6391],[-101.22,47.6455],[-101.32,47.6433],[-101.425,47.6559],[-101.535,47.6835],[-101.69,47.7087],[-101.89,47.7317],[-102.025,47.7535],[-102.095,47.7743],[-102.1774,47.7888],[-102.2722,47.7969],[-102.335,47.811],[-102.3658,47.8311],[-102.3276,47.8445],[-102.2205,47.8512],[-102.1612,47.8647],[-102.1498,47.8848],[-102.1506,47.9024],[-102.1635,47.9174],[-102.195,47.9343],[-102.245,47.9533],[-102.34,47.9787],[-102.48,48.0106],[-102.67,48.0473],[-102.91,48.089],[-103.04,48.1142],[-103.06,48.1231],[-103.0753,48.1363],[-103.086,48.1537],[-103.0838,48.1724]],[[-102.0559,48.0875],[-102.0253,48.0979],[-101.9993,48.0979],[-101.9778,48.0875],[-101.9778,48.0746],[-101.9993,48.0592],[-102.0253,48.0592],[-102.0559,48.0746],[-102.0559,48.0875]],[[-101.5286,48.0079],[-101.5162,48.0197],[-101.45,48.0169],[-101.33,47.9994],[-101.2588,47.9802],[-101.2363,47.959],[-101.225,47.9418],[-101.2248,47.9284],[-101.2661,47.9246],[-101.3487,47.9304],[-101.4191,47.9438],[-101.4772,47.9648],[-101.5134,47.9819],[-101.5277,47.9953],[-101.5286,48.0079]],[[-101.0453,48.2775],[-101.0218,48.2944],[-100.995,48.3047],[-100.965,48.3085],[-100.9374,48.3034],[-100.9123,48.2893],[-100.8873,48.2657],[-100.8625,48.2324],[-100.8801,48.2136],[-100.94,48.2094],[-100.9876,48.2161],[-101.0228,48.2336],[-101.0445,48.249],[-101.0529,48.2623],[-101.0453,48.2775]],[[-100.7221,48.119],[-100.6774,48.139],[-100.6388,48.1513],[-100.6063,48.1559],[-100.5719,48.1525],[-100.5357,48.1413],[-100.5118,48.1257],[-100.5003,48.1056],[-100.5019,48.0889],[-100.5167,48.0756],[-100.5406,48.0658],[-100.5735,48.0596],[-100.6286,48.0696],[-100.7058,48.0959],[-100.7221,48.119]],[[-100.1109,48.0716],[-100.097,48.0769],[-100.0786,48.0769],[-100.0557,48.0716],[-100.0457,48.0581],[-100.0486,48.0365],[-100.055,48.0233],[-100.065,48.0185],[-100.0773,48.0193],[-100.0918,48.0256],[-100.1038,48.0388],[-100.1132,48.0589],[-100.1109,48.0716]],[[-99.8655,48.0601],[-99.8285,48.0692],[-99.798,48.0658],[-99.774,48.05],[-99.774,48.0403],[-99.798,48.0366],[-99.8285,48.04],[-99.8655,48.0503],[-99.8655,48.0601]],[[-102.5998,48.1236],[-102.5799,48.126],[-102.567,48.1227],[-102.561,48.1136],[-102.566,48.1064],[-102.582,48.1011],[-102.5949,48.1045],[-102.6048,48.1164],[-102.5998,48.1236]],[[-100.9998,47.8881],[-100.9962,47.9016],[-100.9833,47.9129],[-100.9611,47.9221],[-100.925,47.9161],[-100.875,47.8948],[-100.8477,47.8768],[-100.8432,47.862],[-100.8482,47.8495],[-100.8627,47.8393],[-100.89,47.8315],[-100.93,47.826],[-100.9629,47.8379],[-100.9887,47.8669],[-100.9998,47.8881]]]}},{"type":"Feature","properties":{"c":"#00fb90","v0":0.05,"v1":0.25},"geometry":{"type":"Polygon","coordinates":[[[-102.5965,47.8838],[-102.5788,47.8885],[-102.5663,47.8851],[-102.5589,47.8737],[-102.5639,47.8668],[-102.5813,47.8644],[-102.5938,47.8677],[-102.6015,47.8769],[-102.5965,47.8838]]]}},{"type":"Feature","properties":{"c":"#00fb90","v0":0.05,"v1":0.25},"geometry":{"type":"Polygon","coordinates":[[[-68.4725,47.5585],[-68.4549,47.5855],[-68.4321,47.6006],[-68.404,47.6038],[-68.3811,47.6005],[-68.3633,47.5905],[-68.3661,47.5686],[-68.3895,47.5349],[-68.4134,47.518],[-68.4378,47.5182],[-68.4578,47.5249],[-68.4735,47.5383],[-68.4725,47.5585]]]}},{"type":"Feature","properties":{"c":"#00fb90","v0":0.05,"v1":0.25},"geometry":{"type":"Polygon","coordinates":[[[-100.2825,47.3878],[-100.2208,47.3979],[-100.1787,47.4013],[-100.1561,47.3979],[-100.1561,47.3899],[-100.1787,47.3773],[-100.2208,47.3739],[-100.2825,47.3798],[-100.2825,47.3878]]]}},{"type":"Feature","properties":{"c":"#00fb90","v0":0.05,"v1":0.25},"geometry":{"type":"Polygon","coordinates":[[[-101.4282,47.3599],[-101.4027,47.3685],[-101.35,47.3745],[-101.27,47.3778],[-101.185,47.3724],[-101.095,47.3581],[-101.01,47.3543],[-100.93,47.3608],[-100.865,47.3588],[-100.815,47.3484],[-100.7836,47.326],[-100.7709,47.2915],[-100.7509,47.2634],[-100.7236,47.2416],[-100.695,47.2263],[-100.665,47.2172],[-100.608,47.2111],[-100.5239,47.208],[-100.4772,47.203],[-100.4681,47.1962],[-100.4724,47.1826],[-100.49,47.1622],[-100.4917,47.1454],[-100.4772,47.1321],[-100.3867,47.1049],[-100.22,47.0637],[-100.135,47.037],[-100.1317,47.0248],[-100.145,47.0173],[-100.175,47.0145],[-100.205,47.0198],[-100.235,47.033],[-100.3,47.0459],[-100.4,47.0585],[-100.4629,47.0559],[-100.4886,47.0383],[-100.4945,47.0124],[-100.4804,46.9783],[-100.5025,46.9611],[-100.5608,46.9609],[-100.625,46.9766],[-100.695,47.0084],[-100.795,47.0341],[-100.925,47.0538],[-101.065,47.082],[-101.215,47.1185],[-101.3157,47.1372],[-101.3671,47.138],[-101.3974,47.1418],[-101.4067,47.1486],[-101.396,47.1567],[-101.3653,47.1662],[-101.295,47.1637],[-101.185,47.1493],[-101.075,47.144],[-100.965,47.1478],[-100.9019,47.1537],[-100.8858,47.1616],[-100.9508,47.1851],[-101.0969,47.2242],[-101.1828,47.2615],[-101.2085,47.2972],[-101.2685,47.3179],[-101.3628,47.3239],[-101.4177,47.3341],[-101.4332,47.3484],[-101.4282,47.3599]],[[-100.9905,47.2379],[-100.9768,47.2466],[-100.945,47.2522],[-100.895,47.2546],[-100.8482,47.2469],[-100.8046,47.2289],[-100.7896,47.2149],[-100.8032,47.2047],[-100.82,47.1992],[-100.84,47.1984],[-100.8868,47.2069],[-100.9605,47.2246],[-100.9905,47.2379]],[[-100.6467,47.1145],[-100.6089,47.1212],[-100.5812,47.1178],[-100.5637,47.1043],[-100.5687,47.0924],[-100.5962,47.082],[-100.6239,47.0854],[-100.6517,47.1026],[-100.6467,47.1145]]]}},{"type":"Feature","properties":{"c":"#00fb90","v0":0.05,"v1":0.25},"geometry":{"type":"Polygon","coordinates":[[[-101.3658,47.2627],[-101.3419,47.2667],[-101.3178,47.2633],[-101.2933,47.2525],[-101.2933,47.2436],[-101.3178,47.2366],[-101.3419,47.24],[-101.3658,47.2538],[-101.3658,47.2627]]]}},{"type":"Feature","properties":{"c":"#00fb90","v0":0.05,"v1":0.25},"geometry":{"type":"Polygon","coordinates":[[[-103.5497,47.1858],[-103.5366,47.199],[-103.5038,47.2058],[-103.4513,47.2062],[-103.4313,47.199],[-103.4438,47.1843],[-103.4766,47.1775],[-103.5297,47.1786],[-103.5497,47.1858]]]}},{"type":"Feature","properties":{"c":"#00fb90","v0":0.05,"v1":0.25},"geometry":{"type":"Polygon","coordinates":[[[-103.227,47.1668],[-103.1757,47.1692],[-103.1404,47.1658],[-103.1211,47.1566],[-103.1125,47.1486],[-103.1145,47.1418],[-103.1337,47.1384],[-103.17,47.1384],[-103.2043,47.1452],[-103.2366,47.1588],[-103.227,47.1668]]]}},{"type":"Feature","properties":{"c":"#00fb90","v0":0.05,"v1":0.25},"geometry":{"type":"Polygon","coordinates":[[[-101.1949,47.0705],[-101.1783,47.0708],[-101.165,47.0661],[-101.155,47.0566],[-101.1633,47.0565],[-101.1899,47.0657],[-101.1949,47.0705]]]}},{"type":"Feature","properties":{"c":"#00fb90","v0":0.05,"v1":0.25},"geometry":{"type":"Polygon","coordinates":[[[-101.1024,47.0362],[-101.0275,47.0226],[-100.9816,47.009],[-100.9647,46.9953],[-100.9847,46.9874],[-101.0416,46.9852],[-101.0875,46.9989],[-101.1224,47.0283],[-101.1024,47.0362]]]}},{"type":"Feature","properties":{"c":"#00fb90","v0":0.05,"v1":0.25},"geometry":{"type":"Polygon","coordinates":[[[-100.8875,46.9785],[-100.8758,46.9859],[-100.86,46.9872],[-100.84,46.9826],[-100.82,46.974],[-100.8,46.9612],[-100.79,46.9497],[-100.79,46.9394],[-100.8158,46.9444],[-100.8675,46.9647],[-100.8875,46.9785]]]}},{"type":"Feature","properties":{"c":"#00fb90","v0":0.05,"v1":0.25},"geometry":{"type":"Polygon","coordinates":[[[-101.9848,46.9774],[-101.9616,46.9826],[-101.895,46.9778],[-101.785,46.9631],[-101.7135,46.9468],[-101.6805,46.9291],[-101.6648,46.9168],[-101.6666,46.91],[-101.7389,46.9168],[-101.8818,46.9373],[-101.964,46.9544],[-101.9856,46.968],[-101.9848,46.9774]]]}},{"type":"Feature","properties":{"c":"#00fb90","v0":0.05,"v1":0.25},"geometry":{"type":"Polygon","coordinates":[[[-102.4609,46.9086],[-102.4403,46.9126],[-102.4227,46.9092],[-102.408,46.8983],[-102.413,46.8918],[-102.4377,46.8895],[-102.4553,46.8929],[-102.4659,46.902],[-102.4609,46.9086]]]}},{"type":"Feature","properties":{"c":"#00fb90","v0":0.05,"v1":0.25},"geometry":{"type":"Polygon","coordinates":[[[-100.2462,46.9033],[-100.1821,46.8967],[-100.13,46.8849],[-100.09,46.868],[-100.0662,46.8508],[-100.0585,46.8333],[-100.0635,46.8217],[-100.0812,46.8159],[-100.13,46.8204],[-100.21,46.835],[-100.2571,46.8584],[-100.2712,46.8905],[-100.2462,46.9033]]]}},{"type":"Feature","properties":{"c":"#00fb90","v0":0.05,"v1":0.25},"geometry":{"type":"Polygon","coordinates":[[[-102.1191,46.7972],[-102.0817,46.7972],[-102.0563,46.7903],[-102.0428,46.7766],[-102.0553,46.7698],[-102.0937,46.7698],[-102.1192,46.7766],[-102.1316,46.7903],[-102.1191,46.7972]]]}},{"type":"Feature","properties":{"c":"#00fb90","v0":0.05,"v1":0.25},"geometry":{"type":"Polygon","coordinates":[[[-101.7752,46.693],[-101.7584,46.7042],[-101.74,46.7088],[-101.72,46.7069],[-101.6842,46.6945],[-101.6326,46.6715],[-101.6016,46.6532],[-101.5911,46.6395],[-101.6019,46.6335],[-101.634,46.6354],[-101.6834,46.6491],[-101.7502,46.6747],[-101.7752,46.693]]]}},{"type":"Feature","properties":{"c":"#00fb90","v0":0.05,"v1":0.25},"geometry":{"type":"Polygon","coordinates":[[[-102.0236,46.4465],[-101.9212,46.4595],[-101.82,46.453],[-101.72,46.427],[-101.63,46.422],[-101.55,46.438],[-101.48,46.4434],[-101.42,46.4384],[-101.3773,46.4472],[-101.3519,46.4699],[-101.3069,46.486],[-101.2423,46.4955],[-101.16,46.4941],[-101.06,46.4821],[-101.0003,46.4808],[-100.981,46.4903],[-100.976,46.5139],[-100.9853,46.5516],[-100.975,46.5736],[-100.945,46.5799],[-100.89,46.5584],[-100.81,46.5091],[-100.745,46.4821],[-100.695,46.4776],[-100.655,46.4639],[-100.625,46.441],[-100.54,46.4254],[-100.4,46.417],[-100.3121,46.4024],[-100.2763,46.3815],[-100.2847,46.3606],[-100.3374,46.3399],[-100.3641,46.3261],[-100.3647,46.3192],[-100.3265,46.2985],[-100.2494,46.2639],[-100.2256,46.2411],[-100.2552,46.2301],[-100.31,46.221],[-100.39,46.2138],[-100.4472,46.202],[-100.4816,46.1856],[-100.5018,46.1636],[-100.5079,46.1359],[-100.5206,46.1116],[-100.5402,46.0908],[-100.565,46.076],[-100.595,46.0672],[-100.6171,46.0533],[-100.6312,46.0344],[-100.6292,46.0006],[-100.611,45.9519],[-100.584,45.9188],[-100.548,45.9011],[-100.505,45.889],[-100.455,45.8825],[-100.395,45.8837],[-100.325,45.8927],[-100.2296,45.8944],[-100.1088,45.8887],[-100.0738,45.8849],[-100.1246,45.883],[-100.185,45.8694],[-100.255,45.844],[-100.325,45.8333],[-100.395,45.8371],[-100.465,45.8341],[-100.535,45.8243],[-100.615,45.8226],[-100.705,45.829],[-100.825,45.8277],[-100.975,45.8186],[-101.155,45.8215],[-101.365,45.8363],[-101.525,45.8431],[-101.635,45.8418],[-101.7105,45.8454],[-101.7516,45.8538],[-101.8001,45.8684],[-101.8559,45.8893],[-101.8883,45.9032],[-101.8973,45.9102],[-101.8939,45.9169],[-101.878,45.9233],[-101.825,45.9273],[-101.735,45.9288],[-101.65,45.9229],[-101.57,45.9097],[-101.505,45.9096],[-101.455,45.9227],[-101.39,45.9273],[-101.31,45.9232],[-101.2636,45.9297],[-101.2509,45.9468],[-101.2659,45.9722],[-101.3086,46.0056],[-101.39,46.0263],[-101.51,46.0342],[-101.595,46.052],[-101.645,46.0798],[-101.695,46.0982],[-101.745,46.1073],[-101.7735,46.1178],[-101.7806,46.1299],[-101.7524,46.1463],[-101.6889,46.1671],[-101.6562,46.1844],[-101.6544,46.1982],[-101.6927,46.2213],[-101.7709,46.2537],[-101.8647,46.2745],[-101.9741,46.2836],[-102.0342,46.2916],[-102.045,46.2985],[-102.0381,46.3123],[-102.0134,46.333],[-102.0002,46.3503],[-101.9986,46.3641],[-102.0171,46.3882],[-102.0555,46.4227],[-102.0236,46.4465]],[[-101.1955,46.3616],[-101.1785,46.3705],[-101.1519,46.3705],[-101.1157,46.3616],[-101.1107,46.3522],[-101.1369,46.3423],[-101.1635,46.3423],[-101.1905,46.3522],[-101.1955,46.3616]]]}},{"type":"Feature","properties":{"c":"#00fb90","v0":0.05,"v1":0.25},"geometry":{"type":"Polygon","coordinates":[[[-108.5353,46.0286],[-108.5184,46.036],[-108.48,46.0361],[-108.42,46.0288],[-108.388,46.0216],[-108.3841,46.0145],[-108.3991,46.0052],[-108.433,45.9935],[-108.47,45.9925],[-108.51,46.0022],[-108.5334,46.0115],[-108.5403,46.0204],[-108.5353,46.0286]]]}},{"type":"Feature","properties":{"c":"#00fb90","v0":0.05,"v1":0.25},"geometry":{"type":"Polygon","coordinates":[[[-64.957,45.7813],[-64.9456,45.7953],[-64.9303,45.8022],[-64.911,45.8022],[-64.9085,45.7939],[-64.9228,45.7771],[-64.9382,45.7702],[-64.9545,45.7729],[-64.957,45.7813]]]}},{"type":"Feature","properties":{"c":"#00fb90","v0":0.05,"v1":0.25},"geometry":{"type":"Polygon","coordinates":[[[-100.6273,45.5683],[-100.6158,45.5757],[-100.59,45.5749],[-100.55,45.5661],[-100.49,45.5637],[-100.41,45.5678],[-100.3278,45.5895],[-100.2434,45.6289],[-100.1947,45.6556],[-100.1817,45.6696],[-100.1789,45.6853],[-100.1863,45.7028],[-100.145,45.7187],[-100.055,45.7328],[-99.975,45.7525],[-99.905,45.7776],[-99.85,45.7924],[-99.81,45.797],[-99.782,45.7966],[-99.766,45.791],[-99.7592,45.7778],[-99.7616,45.7569],[-99.7384,45.736],[-99.6897,45.715],[-99.6865,45.7003],[-99.7288,45.6917],[-99.7591,45.6777],[-99.7774,45.6583],[-99.7724,45.6387],[-99.7441,45.6189],[-99.7186,45.5909],[-99.6958,45.5548],[-99.6458,45.5278],[-99.5686,45.51],[-99.5287,45.496],[-99.526,45.4857],[-99.546,45.4609],[-99.5887,45.4213],[-99.65,45.3996],[-99.73,45.3956],[-99.7844,45.3768],[-99.8132,45.343],[-99.8482,45.3196],[-99.8894,45.3067],[-99.91,45.3113],[-99.91,45.3336],[-99.8991,45.3541],[-99.8773,45.3729],[-99.8773,45.3834],[-99.8991,45.3855],[-99.93,45.4022],[-99.97,45.4335],[-100.07,45.4525],[-100.23,45.459],[-100.37,45.4572],[-100.49,45.4471],[-100.5708,45.4728],[-100.6123,45.5341],[-100.6273,45.5683]]]}},{"type":"Feature","properties":{"c":"#00fb90","v0":0.05,"v1":0.25},"geometry":{"type":"Polygon","coordinates":[[[-99.5833,45.7222],[-99.5478,45.7295],[-99.5211,45.7295],[-99.5034,45.7222],[-99.5134,45.7146],[-99.5511,45.7068],[-99.5778,45.7068],[-99.5933,45.7146],[-99.5833,45.7222]]]}},{"type":"Feature","properties":{"c":"#00fb90","v0":0.05,"v1":0.25},"geometry":{"type":"Polygon","coordinates":[[[-103.2385,45.6258],[-103.1662,45.636],[-103.11,45.6522],[-103.07,45.6743],[-103.0346,45.6832],[-103.0037,45.6788],[-102.9817,45.6696],[-102.9684,45.6556],[-102.9786,45.6416],[-103.0123,45.6277],[-103.0494,45.6229],[-103.0898,45.6272],[-103.13,45.6202],[-103.17,45.6018],[-103.201,45.5927],[-103.2229,45.5927],[-103.2441,45.5997],[-103.2644,45.6137],[-103.2385,45.6258]]]}},{"type":"Feature","properties":{"c":"#00fb90","v0":0.05,"v1":0.25},"geometry":{"type":"Polygon","coordinates":[[[-101.4279,45.5397],[-101.4026,45.5738],[-101.345,45.5927],[-101.255,45.5963],[-101.2,45.6043],[-101.18,45.6167],[-101.1546,45.6224],[-101.1238,45.6212],[-101.1138,45.5917],[-101.1246,45.5337],[-101.155,45.5048],[-101.205,45.5051],[-101.255,45.4992],[-101.305,45.4872],[-101.3576,45.4915],[-101.4129,45.5123],[-101.4279,45.5397]]]}},{"type":"Feature","properties":{"c":"#00fb90","v0":0.05,"v1":0.25},"geometry":{"type":"Polygon","coordinates":[[[-103.997,44.9558],[-103.9886,44.977],[-103.9558,45.0024],[-103.8986,45.0319],[-103.8637,45.0566],[-103.8511,45.0766],[-103.8511,45.0955],[-103.8637,45.1135],[-103.892,45.1311],[-103.936,45.1485],[-103.9612,45.1642],[-103.9674,45.1783],[-103.9554,45.1981],[-103.9251,45.2236],[-103.89,45.2428],[-103.85,45.2556],[-103.8201,45.2815],[-103.8003,45.3206],[-103.8337,45.3613],[-103.9204,45.4034],[-103.9703,45.4354],[-103.9834,45.4573],[-103.94,45.4587],[-103.84,45.4396],[-103.735,45.4311],[-103.625,45.4333],[-103.555,45.4295],[-103.525,45.42],[-103.425,45.4222],[-103.255,45.4362],[-103.15,45.4414],[-103.11,45.4379],[-103.0,45.4487],[-102.82,45.4736],[-102.67,45.4828],[-102.55,45.4765],[-102.395,45.4814],[-102.205,45.4976],[-102.04,45.488],[-101.9,45.4526],[-101.805,45.4342],[-101.755,45.4329],[-101.7174,45.4128],[-101.6921,45.3738],[-101.7141,45.3261],[-101.7833,45.2698],[-101.8995,45.2311],[-102.0629,45.21],[-102.1505,45.1959],[-102.1624,45.1888],[-102.1668,45.1712],[-102.1638,45.143],[-102.1692,45.1242],[-102.1831,45.1148],[-102.215,45.1044],[-102.265,45.093],[-102.32,45.0911],[-102.38,45.0988],[-102.465,45.0854],[-102.575,45.0508],[-102.69,45.0371],[-102.81,45.0441],[-102.925,45.0722],[-103.035,45.1213],[-103.155,45.1356],[-103.285,45.1151],[-103.38,45.1085],[-103.44,45.116],[-103.4821,45.1079],[-103.5063,45.0842],[-103.5113,45.0602],[-103.4971,45.0356],[-103.405,45.0175],[-103.235,45.0058],[-103.13,44.992],[-103.09,44.9761],[-103.0701,44.9483],[-103.0704,44.9084],[-103.1054,44.8687],[-103.1751,44.829],[-103.29,44.8157],[-103.45,44.8287],[-103.625,44.8298],[-103.815,44.8192],[-103.9176,44.8183],[-103.9328,44.8273],[-103.9556,44.8602],[-103.986,44.9168],[-103.997,44.9558]]]}},{"type":"Feature","properties":{"c":"#00fb90","v0":0.05,"v1":0.25},"geometry":{"type":"Polygon","coordinates":[[[-101.7214,45.0933],[-101.6871,45.1067],[-101.6594,45.1067],[-101.6381,45.0933],[-101.6381,45.0797],[-101.6594,45.0658],[-101.6871,45.0658],[-101.7214,45.0797],[-101.7214,45.0933]]]}},{"type":"Feature","properties":{"c":"#00fb90","v0":0.05,"v1":0.25},"geometry":{"type":"Polygon","coordinates":[[[-104.1761,44.9924],[-104.1587,45.0019],[-104.155,44.999],[-104.165,44.9837],[-104.1737,44.979],[-104.1811,44.9847],[-104.1761,44.9924]]]}},{"type":"Feature","properties":{"c":"#00fb90","v0":0.05,"v1":0.25},"geometry":{"type":"Polygon","coordinates":[[[-98.9446,44.3518],[-98.9215,44.3604],[-98.904,44.3604],[-98.892,44.3518],[-98.897,44.3447],[-98.919,44.339],[-98.9365,44.339],[-98.9496,44.3447],[-98.9446,44.3518]]]}},{"type":"Feature","properties":{"c":"#00fb90","v0":0.05,"v1":0.25},"geometry":{"type":"Polygon","coordinates":[[[-69.283,41.8685],[-69.2477,41.9043],[-69.2142,41.9155],[-69.1827,41.902],[-69.1877,41.8847],[-69.2292,41.8634],[-69.2627,41.8522],[-69.288,41.8512],[-69.283,41.8685]]]}},{"type":"Feature","properties":{"c":"#00fb90","v0":0.05,"v1":0.25},"geometry":{"type":"Polygon","coordinates":[[[-69.0762,41.899],[-69.0587,41.9065],[-69.0418,41.9065],[-69.0255,41.899],[-69.0342,41.8953],[-69.068,41.8953],[-69.0762,41.899]]]}},{"type":"Feature","properties":{"c":"#00fb90","v0":0.05,"v1":0.25},"geometry":{"type":"Polygon","coordinates":[[[-69.7009,41.1745],[-69.6003,41.2304],[-69.515,41.267],[-69.445,41.2842],[-69.3722,41.3089],[-69.2967,41.341],[-69.1617,41.3765],[-68.9672,41.4153],[-68.84,41.4305],[-68.78,41.422],[-68.7332,41.4214],[-68.6996,41.4285],[-68.6811,41.4246],[-68.6778,41.4096],[-68.6996,41.3889],[-68.7465,41.3625],[-68.7755,41.34],[-68.7865,41.3214],[-68.7615,41.307],[-68.7005,41.2968],[-68.6615,41.278],[-68.6445,41.2506],[-68.6079,41.2181],[-68.5514,41.1804],[-68.5399,41.1458],[-68.5733,41.1141],[-68.63,41.0843],[-68.71,41.0565],[-68.795,41.0479],[-68.885,41.0586],[-69.045,41.0517],[-69.275,41.0272],[-69.44,41.0254],[-69.54,41.0462],[-69.6195,41.0678],[-69.6785,41.0902],[-69.7188,41.1127],[-69.7404,41.1353],[-69.7009,41.1745]]]}},{"type":"Feature","properties":{"c":"#00fb90","v0":0.05,"v1":0.25},"geometry":{"type":"Polygon","coordinates":[[[-88.9004,34.8365],[-88.8848,34.8775],[-88.8653,34.9084],[-88.8418,34.929],[-88.75,34.9535],[-88.59,34.9818],[-88.495,35.0139],[-88.465,35.0496],[-88.415,35.0696],[-88.345,35.0738],[-88.225,35.07],[-88.055,35.0582],[-87.945,35.0593],[-87.895,35.073],[-87.8248,35.0795],[-87.7344,35.0787],[-87.6594,35.0913],[-87.5998,35.1172],[-87.48,35.1233],[-87.3,35.1095],[-87.1861,35.1129],[-87.1382,35.1335],[-87.1116,35.1519],[-87.1063,35.1683],[-87.1152,35.1867],[-87.1384,35.2071],[-87.1735,35.2234],[-87.2205,35.2357],[-87.2545,35.2581],[-87.2754,35.2908],[-87.2824,35.3112],[-87.2755,35.3194],[-87.1915,35.325],[-87.0305,35.3282],[-86.8307,35.3527],[-86.592,35.3984],[-86.452,35.4373],[-86.4107,35.4692],[-86.33,35.5078],[-86.21,35.553],[-86.12,35.6035],[-86.06,35.659],[-85.89,35.7283],[-85.61,35.8114],[-85.4369,35.8831],[-85.3706,35.9434],[-85.2906,36.0045],[-85.1969,36.0663],[-85.0023,36.1673],[-84.7068,36.3073],[-84.4868,36.4058],[-84.3423,36.4628],[-83.92,36.5935],[-83.22,36.7975],[-82.825,36.9391],[-82.735,37.0186],[-82.6323,37.0843],[-82.5169,37.1363],[-82.4319,37.1862],[-82.3773,37.234],[-82.255,37.2867],[-82.065,37.3444],[-81.94,37.3909],[-81.88,37.4262],[-81.8315,37.4649],[-81.7944,37.507],[-81.7753,37.536],[-81.7742,37.5518],[-81.7834,37.5716],[-81.8029,37.5954],[-81.7935,37.6311],[-81.7552,37.6786],[-81.6101,37.7774],[-81.3582,37.9275],[-81.2231,38.0142],[-81.2047,38.0378],[-81.1987,38.0654],[-81.2052,38.0969],[-81.1924,38.1402],[-81.1603,38.1952],[-81.0707,38.255],[-80.9236,38.3195],[-80.775,38.4023],[-80.625,38.5031],[-80.46,38.5785],[-80.28,38.6285],[-80.15,38.6779],[-80.07,38.7265],[-80.005,38.7585],[-79.955,38.7737],[-79.905,38.7811],[-79.855,38.7805],[-79.76,38.7956],[-79.62,38.8263],[-79.48,38.8582],[-79.34,38.8912],[-79.255,38.9186],[-79.225,38.9405],[-79.115,38.9706],[-78.925,39.009],[-78.81,39.0297],[-78.77,39.0329],[-78.735,39.0226],[-78.705,38.9987],[-78.65,38.9889],[-78.57,38.993],[-78.4783,39.0246],[-78.3749,39.0834],[-78.2449,39.1306],[-78.0883,39.166],[-77.925,39.2241],[-77.755,39.305],[-77.61,39.3566],[-77.49,39.379],[-77.3955,39.4098],[-77.3265,39.4492],[-77.2315,39.4837],[-77.1105,39.5134],[-77.025,39.5201],[-76.975,39.5039],[-76.875,39.501],[-76.725,39.5114],[-76.595,39.5284],[-76.485,39.552],[-76.385,39.5614],[-76.295,39.5566],[-76.175,39.5715],[-76.025,39.606],[-75.85,39.6281],[-75.65,39.6378],[-75.515,39.6379],[-75.445,39.6284],[-75.3858,39.6312],[-75.3374,39.6464],[-75.2924,39.6537],[-75.2508,39.6533],[-75.17,39.6655],[-75.05,39.6905],[-74.9526,39.6869],[-74.8779,39.6546],[-74.8277,39.6116],[-74.802,39.5576],[-74.7243,39.5133],[-74.5948,39.4785],[-74.49,39.4702],[-74.41,39.4883],[-74.345,39.4956],[-74.295,39.492],[-74.25,39.5007],[-74.21,39.5218],[-74.16,39.5389],[-74.1,39.5522],[-73.965,39.5732],[-73.755,39.6017],[-73.6193,39.6332],[-73.5579,39.6675],[-73.5317,39.6924],[-73.5409,39.7078],[-73.5616,39.7207],[-73.5939,39.7312],[-73.695,39.7344],[-73.865,39.7304],[-73.975,39.7211],[-74.025,39.7066],[-74.115,39.7146],[-74.245,39.7449],[-74.335,39.749],[-74.385,39.7271],[-74.44,39.7197],[-74.5,39.727],[-74.555,39.7239],[-74.605,39.7106],[-74.6337,39.7068],[-74.6412,39.7126],[-74.636,39.7232],[-74.6184,39.7386],[-74.5596,39.7583],[-74.4599,39.7825],[-74.39,39.7917],[-74.35,39.7858],[-74.275,39.7905],[-74.165,39.8058],[-74.065,39.8502],[-73.975,39.9237],[-73.7849,39.999],[-73.4947,40.0759],[-73.2397,40.1364],[-73.0199,40.1803],[-72.81,40.2146],[-72.61,40.2392],[-72.4956,40.2592],[-72.4669,40.2747],[-72.4405,40.2977],[-72.4165,40.3282],[-72.3359,40.3716],[-72.1986,40.428],[-72.092,40.4851],[-72.016,40.5429],[-71.946,40.5848],[-71.882,40.6109],[-71.815,40.6257],[-71.745,40.629],[-71.67,40.6456],[-71.59,40.6753],[-71.46,40.6962],[-71.28,40.7083],[-71.135,40.7047],[-71.025,40.6856],[-70.945,40.6766],[-70.895,40.6775],[-70.85,40.6838],[-70.81,40.6956],[-70.765,40.696],[-70.715,40.685],[-70.67,40.6869],[-70.63,40.7017],[-70.56,40.7045],[-70.46,40.6954],[-70.355,40.7011],[-70.245,40.7217],[-70.155,40.73],[-70.085,40.726],[-70.03,40.7301],[-69.99,40.742],[-69.96,40.7401],[-69.94,40.7242],[-69.875,40.7127],[-69.765,40.7057],[-69.66,40.7224],[-69.56,40.7628],[-69.485,40.7678],[-69.435,40.7374],[-69.39,40.7351],[-69.35,40.7608],[-69.2998,40.7838],[-69.2393,40.8042],[-69.2348,40.8181],[-69.2862,40.8257],[-69.3365,40.8121],[-69.3855,40.7774],[-69.4216,40.766],[-69.4447,40.7781],[-69.4562,40.7916],[-69.4563,40.8068],[-69.4248,40.8295],[-69.3619,40.8598],[-69.2703,40.8913],[-69.1501,40.924],[-69.0847,40.9392],[-69.0742,40.9366],[-69.0642,40.9077],[-69.0547,40.8525],[-69.0,40.8125],[-68.9,40.7878],[-68.8112,40.7738],[-68.7336,40.7706],[-68.6752,40.7462],[-68.6359,40.7007],[-68.6192,40.6666],[-68.6251,40.6438],[-68.6369,40.6249],[-68.6546,40.6097],[-68.7131,40.5793],[-68.8122,40.5337],[-68.8674,40.5033],[-68.8785,40.4881],[-68.8833,40.4653],[-68.8817,40.4348],[-68.8932,40.4147],[-68.9177,40.4048],[-68.9509,40.3782],[-68.9927,40.3347],[-69.0205,40.2862],[-69.0342,40.2328],[-69.0495,40.1984],[-69.0665,40.1832],[-69.0987,40.1708],[-69.1462,40.1615],[-69.19,40.1637],[-69.23,40.1774],[-69.28,40.1679],[-69.34,40.1351],[-69.385,40.1307],[-69.415,40.1545],[-69.475,40.1579],[-69.565,40.141],[-69.67,40.1048],[-69.79,40.0494],[-69.915,40.0092],[-70.045,39.9841],[-70.16,39.9558],[-70.26,39.9242],[-70.354,39.8832],[-70.4419,39.8329],[-70.5577,39.7847],[-70.7014,39.7386],[-70.7852,39.6963],[-70.8092,39.6578],[-70.8577,39.6193],[-70.9309,39.5807],[-70.9745,39.546],[-70.9884,39.5152],[-70.9841,39.4921],[-70.9614,39.4768],[-70.93,39.4667],[-70.89,39.4617],[-70.845,39.4628],[-70.795,39.4698],[-70.7658,39.4722],[-70.7573,39.47],[-70.756,39.465],[-70.7618,39.4573],[-70.791,39.4517],[-70.8437,39.4481],[-70.915,39.4339],[-71.005,39.4089],[-71.085,39.3782],[-71.155,39.3418],[-71.205,39.3058],[-71.2351,39.2702],[-71.2901,39.242],[-71.37,39.2213],[-71.443,39.1941],[-71.5089,39.1606],[-71.5939,39.1356],[-71.698,39.119],[-71.7626,39.1035],[-71.7878,39.089],[-71.8029,39.0702],[-71.8079,39.0469],[-71.8258,39.0158],[-71.8564,38.9769],[-71.8613,38.9506],[-71.8404,38.9369],[-71.81,38.9277],[-71.77,38.923],[-71.7402,38.9026],[-71.7205,38.8666],[-71.7405,38.8465],[-71.8002,38.8425],[-71.87,38.8454],[-71.95,38.8552],[-72.13,38.8417],[-72.41,38.8048],[-72.575,38.7771],[-72.625,38.7585],[-72.665,38.7288],[-72.695,38.688],[-72.725,38.6574],[-72.755,38.6368],[-72.835,38.6139],[-72.965,38.5887],[-73.145,38.5699],[-73.375,38.5575],[-73.502,38.5436],[-73.5259,38.5283],[-73.5336,38.5011],[-73.5253,38.4619],[-73.5333,38.4122],[-73.5578,38.3519],[-73.6052,38.3088],[-73.6756,38.2828],[-73.7271,38.2423],[-73.7597,38.1873],[-73.7895,38.1523],[-73.8165,38.1374],[-73.94,38.116],[-74.16,38.0882],[-74.36,38.0536],[-74.54,38.0122],[-74.715,37.9783],[-74.885,37.9519],[-75.02,37.9337],[-75.12,37.9238],[-75.22,37.9221],[-75.32,37.9287],[-75.47,37.92],[-75.67,37.8961],[-75.79,37.8735],[-75.83,37.8521],[-75.88,37.8369],[-75.94,37.8278],[-76.0522,37.8405],[-76.2166,37.8748],[-76.2938,37.8999],[-76.2837,37.9156],[-76.2524,37.9354],[-76.2,37.959],[-76.1672,37.9866],[-76.154,38.0181],[-76.1281,38.0419],[-76.0894,38.0579],[-76.055,38.0568],[-76.025,38.0385],[-75.995,38.0287],[-75.965,38.0275],[-75.88,38.0411],[-75.74,38.0696],[-75.62,38.1017],[-75.52,38.1374],[-75.435,38.1598],[-75.365,38.1691],[-75.2472,38.2135],[-75.0817,38.2929],[-75.0117,38.3392],[-75.0372,38.3523],[-75.12,38.3573],[-75.26,38.3542],[-75.38,38.3594],[-75.48,38.373],[-75.55,38.3768],[-75.59,38.3708],[-75.6171,38.3708],[-75.6313,38.3767],[-75.637,38.3836],[-75.6341,38.3914],[-75.6154,38.411],[-75.581,38.4424],[-75.5003,38.4602],[-75.3734,38.4645],[-75.285,38.4738],[-75.235,38.4882],[-75.15,38.4985],[-75.03,38.5049],[-74.95,38.5138],[-74.91,38.5254],[-74.85,38.5299],[-74.77,38.5275],[-74.685,38.547],[-74.595,38.5886],[-74.51,38.6174],[-74.43,38.6336],[-74.3715,38.6505],[-74.3346,38.6681],[-74.3118,38.6887],[-74.3032,38.7121],[-74.3066,38.7293],[-74.3222,38.7403],[-74.425,38.7533],[-74.615,38.7682],[-74.735,38.7842],[-74.785,38.8015],[-74.84,38.8087],[-74.9,38.8057],[-74.9487,38.8114],[-74.986,38.8258],[-74.9788,38.8485],[-74.927,38.8797],[-74.8927,38.9225],[-74.8759,38.9769],[-74.8413,39.0236],[-74.7889,39.0624],[-74.7621,39.0896],[-74.761,39.1051],[-74.7679,39.1191],[-74.7826,39.1317],[-74.81,39.1389],[-74.85,39.1406],[-74.91,39.1193],[-74.99,39.0748],[-75.05,39.0518],[-75.09,39.0505],[-75.125,39.044],[-75.155,39.0321],[-75.24,38.9779],[-75.38,38.8813],[-75.465,38.8434],[-75.495,38.8644],[-75.525,38.8742],[-75.555,38.873],[-75.578,38.8664],[-75.5939,38.8545],[-75.6089,38.8292],[-75.623,38.7906],[-75.66,38.77],[-75.72,38.7673],[-75.8675,38.7086],[-76.1026,38.5938],[-76.2272,38.5206],[-76.2414,38.4893],[-76.2132,38.4619],[-76.1424,38.4384],[-76.0878,38.4042],[-76.0493,38.3593],[-75.98,38.3395],[-75.88,38.3448],[-75.8009,38.3555],[-75.7428,38.3716],[-75.7199,38.3718],[-75.7323,38.3561],[-75.763,38.3365],[-75.8119,38.313],[-75.8422,38.2895],[-75.8538,38.2659],[-75.8772,38.2628],[-75.9124,38.2802],[-75.955,38.2878],[-76.005,38.2858],[-76.105,38.2533],[-76.255,38.1905],[-76.44,38.1652],[-76.66,38.1774],[-76.8583,38.15],[-77.0348,38.0831],[-77.2198,38.0251],[-77.4133,37.9759],[-77.5344,37.9128],[-77.5831,37.8358],[-77.6201,37.7893],[-77.6453,37.7735],[-77.7959,37.7363],[-78.072,37.6776],[-78.2999,37.6103],[-78.4797,37.5343],[-78.6047,37.496],[-78.6749,37.4956],[-78.75,37.5077],[-78.83,37.5326],[-78.915,37.5446],[-79.005,37.5437],[-79.11,37.5011],[-79.23,37.4165],[-79.3143,37.3452],[-79.3629,37.287],[-79.4279,37.2323],[-79.5093,37.1811],[-79.685,37.1],[-79.955,36.9887],[-80.24,36.9145],[-80.54,36.8776],[-80.74,36.8439],[-80.84,36.8133],[-80.91,36.7842],[-80.95,36.7566],[-81.065,36.7197],[-81.255,36.6733],[-81.36,36.6434],[-81.38,36.63],[-81.3983,36.606],[-81.415,36.5714],[-81.44,36.5458],[-81.4733,36.5291],[-81.585,36.4957],[-81.775,36.4455],[-82.025,36.3954],[-82.335,36.3455],[-82.575,36.2764],[-82.745,36.1881],[-82.855,36.1167],[-82.905,36.0621],[-82.995,36.0027],[-83.125,35.9387],[-83.22,35.904],[-83.28,35.8986],[-83.3572,35.8546],[-83.4517,35.7718],[-83.5052,35.706],[-83.5178,35.6573],[-83.5506,35.5964],[-83.6035,35.5233],[-83.695,35.4714],[-83.825,35.4406],[-83.9019,35.416],[-83.9257,35.3978],[-83.9557,35.36],[-83.9919,35.3025],[-84.0562,35.2576],[-84.1485,35.2253],[-84.2135,35.1928],[-84.2512,35.1601],[-84.305,35.1275],[-84.375,35.095],[-84.4648,35.0664],[-84.5745,35.0416],[-84.6335,35.0128],[-84.6418,34.98],[-84.672,34.9533],[-84.724,34.9327],[-84.7722,34.8999],[-84.8166,34.8549],[-84.8716,34.8144],[-84.9372,34.7785],[-85.03,34.7521],[-85.15,34.7351],[-85.235,34.7421],[-85.285,34.7731],[-85.3197,34.7831],[-85.339,34.7722],[-85.359,34.7421],[-85.3797,34.6929],[-85.4011,34.6723],[-85.4233,34.6804],[-85.4419,34.7009],[-85.4568,34.7338],[-85.4807,34.7556],[-85.5136,34.7662],[-85.5764,34.7539],[-85.6692,34.7186],[-85.8092,34.6829],[-85.9964,34.6467],[-86.0962,34.6303],[-86.1087,34.6335],[-86.1133,34.6393],[-86.1099,34.6475],[-86.087,34.6722],[-86.0444,34.7133],[-85.9748,34.7531],[-85.8783,34.7916],[-85.8281,34.8162],[-85.8242,34.827],[-85.8292,34.8394],[-85.8431,34.8533],[-85.87,34.8615],[-85.91,34.864],[-85.96,34.8586],[-86.02,34.8454],[-86.095,34.8458],[-86.185,34.86],[-86.26,34.8635],[-86.32,34.8564],[-86.375,34.8572],[-86.425,34.8659],[-86.49,34.8554],[-86.57,34.8257],[-86.675,34.7975],[-86.805,34.7706],[-86.88,34.7605],[-86.9,34.7673],[-86.9133,34.782],[-86.92,34.8047],[-86.8971,34.8283],[-86.8446,34.8529],[-86.824,34.8775],[-86.8351,34.9021],[-86.8244,34.9226],[-86.7918,34.939],[-86.7728,34.9554],[-86.7673,34.9718],[-86.8209,34.9867],[-86.9336,35.0001],[-87.035,34.996],[-87.125,34.9746],[-87.1768,34.9475],[-87.1904,34.9145],[-87.2054,34.896],[-87.2218,34.892],[-87.255,34.8929],[-87.305,34.8987],[-87.345,34.9141],[-87.375,34.9391],[-87.445,34.9386],[-87.555,34.9124],[-87.74,34.9205],[-88.0,34.9629],[-88.155,34.977],[-88.205,34.9628],[-88.295,34.9491],[-88.425,34.936],[-88.5176,34.9134],[-88.5728,34.8813],[-88.6228,34.8607],[-88.6676,34.8515],[-88.715,34.8338],[-88.765,34.8076],[-88.805,34.7934],[-88.835,34.7913],[-88.8646,34.7967],[-88.8937,34.8095],[-88.9004,34.8365]],[[-69.154,40.2408],[-69.138,40.2491],[-69.1206,40.2491],[-69.1019,40.2408],[-69.1069,40.2327],[-69.1356,40.225],[-69.153,40.225],[-69.159,40.2327],[-69.154,40.2408]],[[-74.9061,38.3775],[-74.882,38.4047],[-74.845,38.4157],[-74.795,38.4108],[-74.74,38.4222],[-74.68,38.4497],[-74.615,38.4621],[-74.545,38.4591],[-74.4971,38.4499],[-74.4714,38.4344],[-74.4664,38.4126],[-74.4821,38.3844],[-74.52,38.3626],[-74.58,38.3471],[-74.625,38.339],[-74.655,38.3382],[-74.69,38.3469],[-74.73,38.365],[-74.765,38.3643],[-74.795,38.3446],[-74.82,38.3341],[-74.84,38.3327],[-74.867,38.34],[-74.9011,38.356],[-74.9061,38.3775]],[[-87.9398,35.0055],[-87.8933,35.0236],[-87.81,35.038],[-87.69,35.0487],[-87.6188,35.0519],[-87.5964,35.0477],[-87.5817,35.0374],[-87.5745,35.021],[-87.5744,35.0005],[-87.5813,34.9759],[-87.596,34.9575],[-87.6187,34.9452],[-87.68,34.9426],[-87.78,34.9497],[-87.8633,34.9641],[-87.9298,34.9856],[-87.9398,35.0055]],[[-82.3554,37.0697],[-82.3251,37.076],[-82.2973,37.072],[-82.2718,37.0578],[-82.2768,37.0477],[-82.3123,37.0419],[-82.3401,37.0459],[-82.3604,37.0597],[-82.3554,37.0697]],[[-87.0085,35.0925],[-86.9695,35.1208],[-86.928,35.1413],[-86.884,35.1538],[-86.8837,35.1764],[-86.9272,35.2091],[-86.9442,35.2351],[-86.9347,35.2543],[-86.855,35.2907],[-86.705,35.3441],[-86.59,35.3783],[-86.51,35.3932],[-86.44,35.4167],[-86.38,35.4487],[-86.305,35.4789],[-86.215,35.5071],[-86.1189,35.5614],[-86.0168,35.6416],[-85.8418,35.712],[-85.5939,35.7727],[-85.425,35.8262],[-85.335,35.8727],[-85.2799,35.9154],[-85.2597,35.9542],[-85.2097,35.9952],[-85.1299,36.0385],[-85.025,36.0694],[-84.895,36.0881],[-84.69,36.1595],[-84.41,36.2837],[-84.235,36.3535],[-84.165,36.3691],[-84.1,36.3937],[-84.04,36.4273],[-83.94,36.4589],[-83.8,36.4886],[-83.71,36.513],[-83.67,36.5321],[-83.5508,36.5689],[-83.3523,36.6233],[-83.1673,36.6976],[-82.9958,36.7918],[-82.86,36.8511],[-82.76,36.8757],[-82.675,36.8832],[-82.605,36.8735],[-82.5534,36.8542],[-82.5201,36.8253],[-82.5106,36.7908],[-82.5249,36.7507],[-82.5216,36.728],[-82.5005,36.7226],[-82.46,36.7233],[-82.4,36.7302],[-82.3195,36.753],[-82.2185,36.7915],[-82.0985,36.8459],[-81.9595,36.9159],[-81.8719,36.9679],[-81.8356,37.0018],[-81.8406,37.0377],[-81.8869,37.0757],[-81.93,37.0824],[-81.97,37.0578],[-82.0178,37.0468],[-82.0735,37.0494],[-82.0906,37.0666],[-82.0693,37.0985],[-81.8915,37.182],[-81.5572,37.317],[-81.36,37.3797],[-81.3,37.3705],[-81.215,37.3702],[-81.105,37.3787],[-80.9937,37.4074],[-80.881,37.4561],[-80.821,37.5041],[-80.8137,37.5516],[-80.7852,37.5833],[-80.7355,37.5993],[-80.6605,37.6449],[-80.5602,37.72],[-80.4575,37.7833],[-80.3526,37.8347],[-80.294,37.8683],[-80.2819,37.8841],[-80.2842,37.8999],[-80.3009,37.9156],[-80.3066,37.9314],[-80.3013,37.9472],[-80.2671,37.9708],[-80.2038,38.0024],[-80.1613,38.03],[-80.1396,38.0536],[-80.164,38.0706],[-80.2347,38.0812],[-80.295,38.104],[-80.345,38.1392],[-80.415,38.1541],[-80.505,38.1487],[-80.56,38.1494],[-80.58,38.156],[-80.5887,38.1633],[-80.5862,38.1715],[-80.557,38.1913],[-80.5009,38.2227],[-80.4272,38.2476],[-80.3357,38.266],[-80.225,38.3148],[-80.095,38.3941],[-79.95,38.4677],[-79.79,38.5356],[-79.6835,38.5964],[-79.6306,38.6501],[-79.5856,38.6869],[-79.5485,38.7068],[-79.47,38.7331],[-79.35,38.7658],[-79.255,38.7852],[-79.185,38.7914],[-79.1429,38.7925],[-79.1287,38.7883],[-79.1214,38.7706],[-79.121,38.7394],[-79.1131,38.7182],[-79.0977,38.7071],[-79.045,38.707],[-78.955,38.7179],[-78.8965,38.7196],[-78.8694,38.712],[-78.8528,38.7004],[-78.8465,38.6848],[-78.8501,38.6563],[-78.8634,38.6151],[-78.85,38.5973],[-78.81,38.6031],[-78.76,38.6204],[-78.7,38.6491],[-78.615,38.6668],[-78.5049,38.6736],[-78.4099,38.6689],[-78.33,38.6526],[-78.26,38.6117],[-78.2,38.546],[-78.155,38.5105],[-78.125,38.5054],[-78.09,38.5182],[-78.05,38.549],[-77.99,38.5678],[-77.91,38.5747],[-77.81,38.5929],[-77.69,38.6224],[-77.5985,38.6549],[-77.5356,38.6904],[-77.5156,38.7345],[-77.5385,38.787],[-77.575,38.818],[-77.625,38.8275],[-77.6686,38.8636],[-77.7059,38.9262],[-77.7246,38.9769],[-77.7247,39.0158],[-77.7111,39.0424],[-77.6837,39.0567],[-77.6358,39.0489],[-77.5674,39.0191],[-77.5309,38.9886],[-77.5263,38.9575],[-77.5105,38.9306],[-77.4835,38.9081],[-77.44,38.9115],[-77.38,38.941],[-77.26,38.9595],[-77.08,38.9671],[-76.9704,38.9598],[-76.9312,38.9375],[-76.9012,38.9258],[-76.8804,38.9246],[-76.805,38.9381],[-76.675,38.9662],[-76.56,38.9707],[-76.46,38.9515],[-76.4085,38.9341],[-76.4055,38.9186],[-76.4259,38.8875],[-76.4696,38.8407],[-76.4807,38.8096],[-76.4593,38.794],[-76.4139,38.781],[-76.3446,38.7708],[-76.2545,38.7708],[-76.1434,38.781],[-76.0884,38.7735],[-76.0895,38.7482],[-76.11,38.7379],[-76.15,38.7427],[-76.1793,38.7319],[-76.198,38.7057],[-76.218,38.688],[-76.2393,38.679],[-76.335,38.6629],[-76.505,38.6399],[-76.64,38.6324],[-76.74,38.6403],[-76.87,38.6325],[-77.03,38.6091],[-77.155,38.605],[-77.245,38.6204],[-77.375,38.6033],[-77.545,38.5538],[-77.675,38.5218],[-77.765,38.5073],[-77.87,38.4805],[-77.99,38.4412],[-78.0556,38.415],[-78.0667,38.4019],[-78.0672,38.3875],[-78.0571,38.3718],[-78.0315,38.363],[-77.9905,38.3611],[-77.885,38.3907],[-77.715,38.4517],[-77.585,38.4876],[-77.495,38.4986],[-77.3594,38.473],[-77.1783,38.4108],[-77.0877,38.3679],[-77.0878,38.3444],[-77.099,38.3248],[-77.1213,38.3091],[-77.205,38.2816],[-77.35,38.2423],[-77.4493,38.2013],[-77.5031,38.1584],[-77.57,38.1166],[-77.65,38.0759],[-77.8036,38.0344],[-78.0309,37.992],[-78.1721,37.9511],[-78.2273,37.9117],[-78.2837,37.8891],[-78.3412,37.8834],[-78.39,37.8943],[-78.43,37.9219],[-78.465,37.9359],[-78.495,37.9362],[-78.575,37.9216],[-78.705,37.8921],[-78.8843,37.8415],[-79.113,37.7698],[-79.2499,37.7142],[-79.2951,37.6746],[-79.3153,37.639],[-79.3104,37.6073],[-79.3141,37.5796],[-79.3263,37.5558],[-79.4002,37.4844],[-79.5359,37.3653],[-79.5931,37.2937],[-79.5719,37.2698],[-79.5668,37.2499],[-79.578,37.234],[-79.6513,37.1862],[-79.7865,37.1065],[-79.9131,37.0414],[-80.031,36.9911],[-80.16,36.9567],[-80.3,36.9384],[-80.425,36.9321],[-80.535,36.9379],[-80.62,36.9266],[-80.68,36.8983],[-80.765,36.8696],[-80.875,36.8405],[-80.98,36.803],[-81.08,36.7571],[-81.215,36.721],[-81.385,36.6947],[-81.5646,36.6257],[-81.7538,36.5137],[-81.9138,36.4462],[-82.0446,36.4231],[-82.1549,36.4111],[-82.2448,36.41],[-82.3498,36.3935],[-82.4699,36.3618],[-82.57,36.3201],[-82.65,36.2686],[-82.7367,36.224],[-82.8301,36.1864],[-82.8951,36.1382],[-82.9317,36.0795],[-83.01,36.0237],[-83.13,35.9711],[-83.225,35.9358],[-83.2949,35.9178],[-83.3924,35.8602],[-83.5177,35.7629],[-83.5766,35.702],[-83.5692,35.6776],[-83.5716,35.6549],[-83.5839,35.6339],[-83.605,35.6157],[-83.635,35.6003],[-83.675,35.5955],[-83.725,35.6012],[-83.7779,35.5869],[-83.8336,35.5525],[-83.8719,35.5231],[-83.8927,35.4987],[-83.9256,35.4743],[-83.9704,35.4498],[-84.0027,35.4132],[-84.0225,35.3642],[-84.0467,35.3283],[-84.0756,35.3053],[-84.1788,35.2686],[-84.3563,35.2181],[-84.5399,35.1478],[-84.7296,35.0578],[-84.8298,34.9923],[-84.8405,34.9513],[-84.8664,34.9185],[-84.9077,34.8939],[-84.9265,34.8693],[-84.9228,34.8447],[-84.9332,34.8241],[-84.9577,34.8076],[-85.025,34.7888],[-85.135,34.7676],[-85.197,34.7718],[-85.2109,34.8012],[-85.2709,34.8134],[-85.377,34.8083],[-85.44,34.8121],[-85.46,34.8248],[-85.505,34.8287],[-85.575,34.824],[-85.645,34.8279],[-85.715,34.8404],[-85.77,34.8554],[-85.81,34.873],[-85.86,34.8842],[-85.92,34.889],[-85.975,34.8872],[-86.025,34.879],[-86.06,34.8819],[-86.08,34.8961],[-86.11,34.899],[-86.15,34.8906],[-86.275,34.8858],[-86.485,34.8848],[-86.5973,34.8877],[-86.6118,34.8946],[-86.608,34.9103],[-86.5858,34.9349],[-86.5785,34.9542],[-86.5862,34.968],[-86.675,34.9902],[-86.845,35.0209],[-86.9545,35.0467],[-87.0035,35.0678],[-87.0085,35.0925]],[[-77.5424,39.2064],[-77.4275,39.2695],[-77.235,39.328],[-76.965,39.3819],[-76.8,39.4093],[-76.74,39.4102],[-76.655,39.3999],[-76.545,39.3783],[-76.44,39.3799],[-76.34,39.4046],[-76.27,39.4106],[-76.23,39.3979],[-76.19,39.3927],[-76.15,39.3949],[-76.1245,39.391],[-76.1134,39.3811],[-76.1784,39.3562],[-76.3195,39.3164],[-76.42,39.2772],[-76.48,39.2388],[-76.55,39.2175],[-76.63,39.2134],[-76.7,39.2036],[-76.76,39.1881],[-76.82,39.1844],[-76.88,39.1925],[-76.94,39.1954],[-77.0,39.1934],[-77.06,39.1844],[-77.12,39.1685],[-77.175,39.1641],[-77.225,39.1712],[-77.2624,39.1631],[-77.2871,39.1399],[-77.2921,39.1237],[-77.2774,39.1144],[-77.24,39.1208],[-77.18,39.1429],[-77.1129,39.1475],[-77.0387,39.1347],[-77.0057,39.1167],[-77.0139,39.0934],[-77.0561,39.0725],[-77.132,39.054],[-77.23,39.039],[-77.35,39.0275],[-77.4173,39.029],[-77.4319,39.0435],[-77.4222,39.0624],[-77.388,39.0857],[-77.3739,39.1051],[-77.3799,39.1206],[-77.4296,39.1337],[-77.5232,39.1444],[-77.5775,39.156],[-77.5924,39.1686],[-77.5424,39.2064]],[[-75.71,39.1981],[-75.7015,39.2136],[-75.6805,39.2282],[-75.6468,39.2417],[-75.615,39.2481],[-75.585,39.2474],[-75.5605,39.2407],[-75.5416,39.2278],[-75.5381,39.2059],[-75.5501,39.1749],[-75.5695,39.1533],[-75.5965,39.141],[-75.625,39.1374],[-75.655,39.1425],[-75.681,39.1564],[-75.7031,39.1791],[-75.71,39.1981]],[[-74.5269,39.2365],[-74.5156,39.2668],[-74.495,39.2884],[-74.465,39.3013],[-74.3779,39.3017],[-74.2338,39.2895],[-74.1888,39.2603],[-74.2429,39.2143],[-74.29,39.1853],[-74.33,39.1733],[-74.3819,39.1692],[-74.4457,39.173],[-74.4914,39.1865],[-74.5188,39.2098],[-74.5269,39.2365]],[[-72.8188,39.9654],[-72.7596,40.0044],[-72.715,40.0225],[-72.685,40.0198],[-72.6581,40.0118],[-72.6344,39.9985],[-72.6258,39.9804],[-72.6323,39.9574],[-72.6542,39.9374],[-72.6914,39.9203],[-72.7446,39.9203],[-72.8138,39.9374],[-72.8188,39.9654]],[[-72.8182,39.2446],[-72.7635,39.2911],[-72.7563,39.3298],[-72.7967,39.3607],[-72.7952,39.3867],[-72.7517,39.4078],[-72.66,39.4253],[-72.52,39.4394],[-72.335,39.4833],[-72.105,39.5571],[-71.98,39.5914],[-71.96,39.5863],[-71.941,39.5666],[-71.9231,39.5323],[-71.8987,39.5036],[-71.8677,39.4805],[-71.8879,39.4496],[-71.9593,39.411],[-72.0387,39.3819],[-72.1262,39.3624],[-72.195,39.3336],[-72.245,39.2955],[-72.395,39.2532],[-72.645,39.2068],[-72.785,39.1853],[-72.815,39.1886],[-72.8339,39.198],[-72.8417,39.2136],[-72.8182,39.2446]],[[-70.6023,40.0302],[-70.5956,40.0455],[-70.5567,40.0787],[-70.4856,40.1297],[-70.4388,40.1565],[-70.4165,40.159],[-70.4022,40.1526],[-70.3961,40.1373],[-70.4022,40.1188],[-70.4207,40.0972],[-70.45,40.0811],[-70.49,40.0707],[-70.52,40.0545],[-70.54,40.0323],[-70.5639,40.0216],[-70.5917,40.0222],[-70.6023,40.0302]],[[-76.1114,37.9392],[-76.0305,37.9704],[-75.915,37.9974],[-75.765,38.0202],[-75.6225,38.0518],[-75.4876,38.0924],[-75.3376,38.1267],[-75.1725,38.155],[-75.055,38.1682],[-74.985,38.1664],[-74.8978,38.1759],[-74.7933,38.1966],[-74.6833,38.2083],[-74.5678,38.211],[-74.48,38.2023],[-74.42,38.1824],[-74.355,38.1706],[-74.285,38.1671],[-74.2425,38.16],[-74.2276,38.1494],[-74.2523,38.1323],[-74.3167,38.1087],[-74.4341,38.0776],[-74.6047,38.039],[-74.74,38.0202],[-74.84,38.0214],[-75.045,38.0015],[-75.355,37.9606],[-75.565,37.9375],[-75.675,37.9322],[-75.775,37.9193],[-75.865,37.8987],[-75.965,37.8924],[-76.075,37.9003],[-76.1355,37.9091],[-76.1464,37.9187],[-76.1114,37.9392]],[[-83.7892,35.5353],[-83.7648,35.5353],[-83.762,35.531],[-83.7807,35.5224],[-83.7928,35.5224],[-83.7985,35.531],[-83.7892,35.5353]],[[-81.5505,36.5663],[-81.5235,36.5906],[-81.4983,36.5986],[-81.4749,36.5904],[-81.4699,36.578],[-81.4833,36.5614],[-81.5085,36.5533],[-81.5455,36.5539],[-81.5505,36.5663]]]}},{"type":"Feature","properties":{"c":"#00fb90","v0":0.05,"v1":0.25},"geometry":{"type":"Polygon","coordinates":[[[-71.9354,40.7234],[-71.8651,40.7536],[-71.8068,40.7611],[-71.7604,40.7461],[-71.7417,40.731],[-71.7507,40.7159],[-71.7689,40.7038],[-71.7963,40.6947],[-71.835,40.6946],[-71.885,40.7035],[-71.92,40.7042],[-71.94,40.6966],[-71.9551,40.6967],[-71.9654,40.7044],[-71.9354,40.7234]]]}},{"type":"Feature","properties":{"c":"#00fb90","v0":0.05,"v1":0.25},"geometry":{"type":"Polygon","coordinates":[[[-69.9051,39.8538],[-69.8863,39.8538],[-69.8851,39.8499],[-69.9017,39.8421],[-69.9111,39.8421],[-69.9134,39.8499],[-69.9051,39.8538]]]}},{"type":"Feature","properties":{"c":"#00fb90","v0":0.05,"v1":0.25},"geometry":{"type":"Polygon","coordinates":[[[-75.6383,38.7311],[-75.6328,38.7457],[-75.6,38.757],[-75.54,38.7649],[-75.495,38.7792],[-75.465,38.8],[-75.4269,38.7888],[-75.3807,38.7455],[-75.3757,38.7117],[-75.4119,38.6874],[-75.465,38.6703],[-75.535,38.6605],[-75.5827,38.6609],[-75.6081,38.6716],[-75.6259,38.6887],[-75.636,38.7121],[-75.6383,38.7311]]]}},{"type":"Feature","properties":{"c":"#00fb90","v0":0.05,"v1":0.25},"geometry":{"type":"Polygon","coordinates":[[[-79.4394,38.2835],[-79.4198,38.3107],[-79.38,38.3423],[-79.32,38.3781],[-79.2803,38.4076],[-79.261,38.4308],[-79.2472,38.4619],[-79.2388,38.5011],[-79.256,38.5402],[-79.2987,38.5793],[-79.3171,38.6106],[-79.3112,38.634],[-79.2836,38.6544],[-79.2345,38.6717],[-79.1935,38.6678],[-79.1605,38.6427],[-79.1405,38.6078],[-79.1335,38.5633],[-79.0846,38.5437],[-78.9939,38.5492],[-78.992,38.5089],[-79.0788,38.4228],[-79.1841,38.3464],[-79.308,38.2797],[-79.385,38.2448],[-79.415,38.2415],[-79.4348,38.2474],[-79.4444,38.2623],[-79.4394,38.2835]]]}},{"type":"Feature","properties":{"c":"#00fb90","v0":0.05,"v1":0.25},"geometry":{"type":"Polygon","coordinates":[[[-79.2601,35.4589],[-79.24,35.469],[-79.2196,35.469],[-79.1987,35.4589],[-79.1987,35.4476],[-79.2196,35.4349],[-79.24,35.4349],[-79.2601,35.4476],[-79.2601,35.4589]]]}},{"type":"Feature","properties":{"c":"#00fb90","v0":0.05,"v1":0.25},"geometry":{"type":"Polygon","coordinates":[[[-83.6365,35.4033],[-83.6055,35.4326],[-83.59,35.4336],[-83.59,35.4064],[-83.6055,35.3918],[-83.6365,35.3897],[-83.6365,35.4033]]]}},{"type":"Feature","properties":{"c":"#00fb90","v0":0.05,"v1":0.25},"geometry":{"type":"Polygon","coordinates":[[[-80.2899,35.2801],[-80.2766,35.2914],[-80.2631,35.2914],[-80.2492,35.2801],[-80.2492,35.2684],[-80.2631,35.2563],[-80.2766,35.2563],[-80.2899,35.2684],[-80.2899,35.2801]]]}},{"type":"Feature","properties":{"c":"#00fb90","v0":0.05,"v1":0.25},"geometry":{"type":"Polygon","coordinates":[[[-96.2281,35.0987],[-96.2052,35.1069],[-96.1978,35.1058],[-96.2059,35.0955],[-96.2174,35.0914],[-96.2322,35.0936],[-96.2281,35.0987]]]}},{"type":"Feature","properties":{"c":"#00fb90","v0":0.05,"v1":0.25},"geometry":{"type":"Polygon","coordinates":[[[-103.6656,29.3532],[-103.5752,29.4728],[-103.4579,29.5859],[-103.3138,29.6926],[-103.0938,29.8229],[-102.7979,29.9766],[-102.63,30.0712],[-102.59,30.1067],[-102.515,30.1534],[-102.405,30.2113],[-102.3042,30.2595],[-102.2127,30.2981],[-102.0877,30.3357],[-101.9292,30.3725],[-101.815,30.4039],[-101.745,30.43],[-101.675,30.4729],[-101.605,30.5326],[-101.535,30.5766],[-101.465,30.605],[-101.415,30.6176],[-101.385,30.6147],[-101.34,30.5995],[-101.28,30.5722],[-101.21,30.5577],[-101.13,30.556],[-101.025,30.5869],[-100.895,30.6503],[-100.795,30.6827],[-100.725,30.6841],[-100.6544,30.7006],[-100.5831,30.7322],[-100.5231,30.7506],[-100.4744,30.7557],[-100.42,30.7745],[-100.36,30.8068],[-100.315,30.8237],[-100.285,30.825],[-100.25,30.8353],[-100.21,30.8544],[-100.1656,30.8822],[-100.1167,30.9187],[-100.0667,30.9711],[-100.0156,31.0393],[-99.975,31.0726],[-99.945,31.0708],[-99.905,31.0771],[-99.855,31.0916],[-99.8033,31.1141],[-99.75,31.1445],[-99.7004,31.1854],[-99.6544,31.2367],[-99.616,31.3083],[-99.5853,31.4],[-99.5566,31.464],[-99.5299,31.5003],[-99.5109,31.5696],[-99.4997,31.6718],[-99.5028,31.7739],[-99.5202,31.8758],[-99.5191,31.9836],[-99.4997,32.0971],[-99.4832,32.1648],[-99.4697,32.1869],[-99.4497,32.2047],[-99.4232,32.2183],[-99.4,32.1996],[-99.38,32.1486],[-99.355,32.1251],[-99.325,32.1289],[-99.295,32.1479],[-99.265,32.182],[-99.235,32.1962],[-99.205,32.1906],[-99.134,32.2454],[-99.0221,32.3603],[-98.9638,32.46],[-98.9591,32.5443],[-98.9379,32.6201],[-98.9001,32.6875],[-98.8801,32.759],[-98.8779,32.8347],[-98.8518,32.9355],[-98.8017,33.0613],[-98.7719,33.1576],[-98.7623,33.2246],[-98.7421,33.2789],[-98.7114,33.3207],[-98.6845,33.3864],[-98.6615,33.4759],[-98.6335,33.5385],[-98.6005,33.5741],[-98.5439,33.671],[-98.4636,33.829],[-98.3801,33.9411],[-98.2934,34.0075],[-98.22,34.0422],[-98.16,34.0453],[-98.12,34.0519],[-98.1,34.0622],[-98.0596,34.1227],[-97.9988,34.2335],[-97.9254,34.3095],[-97.8393,34.3508],[-97.7897,34.3939],[-97.7766,34.439],[-97.755,34.4569],[-97.725,34.4476],[-97.6993,34.4458],[-97.6778,34.4512],[-97.6528,34.4942],[-97.6243,34.5747],[-97.56,34.6447],[-97.46,34.7042],[-97.375,34.779],[-97.305,34.8691],[-97.235,34.932],[-97.165,34.9678],[-97.085,34.9728],[-96.995,34.9471],[-96.93,34.9379],[-96.89,34.9452],[-96.85,34.9321],[-96.8101,34.8984],[-96.7901,34.8772],[-96.79,34.8685],[-96.81,34.8573],[-96.85,34.8437],[-96.8785,34.8275],[-96.8954,34.8089],[-96.9187,34.7708],[-96.9484,34.7133],[-96.9649,34.6586],[-96.9683,34.6068],[-96.93,34.5878],[-96.85,34.6016],[-96.775,34.6059],[-96.705,34.6009],[-96.62,34.6216],[-96.52,34.6679],[-96.45,34.6821],[-96.41,34.6642],[-96.355,34.6644],[-96.285,34.6827],[-96.22,34.6929],[-96.16,34.6951],[-96.1,34.7147],[-96.04,34.7516],[-95.9978,34.7569],[-95.9734,34.7306],[-95.9556,34.6927],[-95.9444,34.6434],[-95.9466,34.5831],[-95.9622,34.512],[-96.049,34.3966],[-96.2069,34.2366],[-96.2969,34.1183],[-96.319,34.042],[-96.3489,33.9922],[-96.3866,33.9692],[-96.4067,33.9245],[-96.4091,33.8581],[-96.4444,33.8124],[-96.5125,33.7874],[-96.5724,33.7363],[-96.6241,33.659],[-96.6983,33.5799],[-96.7948,33.499],[-96.8465,33.4335],[-96.8535,33.3834],[-96.8802,33.3249],[-96.9268,33.258],[-96.9546,33.2078],[-96.9634,33.1744],[-97.0292,33.1115],[-97.1518,33.0194],[-97.2161,32.9439],[-97.2219,32.8851],[-97.2111,32.8413],[-97.1837,32.8124],[-97.15,32.7962],[-97.11,32.7926],[-97.065,32.7999],[-97.015,32.8181],[-96.97,32.8265],[-96.93,32.8251],[-96.88,32.8408],[-96.82,32.8737],[-96.7853,32.8689],[-96.776,32.8265],[-96.746,32.7957],[-96.6953,32.7766],[-96.6662,32.7514],[-96.6586,32.72],[-96.6386,32.6824],[-96.6062,32.6385],[-96.5378,32.6175],[-96.4334,32.6193],[-96.3552,32.6665],[-96.3032,32.759],[-96.2604,32.8219],[-96.2268,32.8552],[-96.19,32.8816],[-96.15,32.9011],[-96.1124,32.9306],[-96.0773,32.9702],[-96.0528,33.0194],[-96.039,33.078],[-96.0451,33.1325],[-96.0712,33.1827],[-96.0807,33.2232],[-96.0736,33.2538],[-96.035,33.2608],[-95.965,33.2441],[-95.89,33.2574],[-95.81,33.3009],[-95.745,33.3137],[-95.695,33.296],[-95.6571,33.2757],[-95.6312,33.2528],[-95.6138,33.2287],[-95.6049,33.2036],[-95.6066,33.166],[-95.6189,33.1157],[-95.6163,33.0704],[-95.5988,33.03],[-95.573,33.0048],[-95.5391,32.9949],[-95.5243,32.9732],[-95.5285,32.9397],[-95.5255,32.9157],[-95.5152,32.9014],[-95.495,32.8901],[-95.465,32.8818],[-95.425,32.8847],[-95.375,32.8988],[-95.33,32.905],[-95.29,32.9033],[-95.2376,32.9243],[-95.1727,32.9681],[-95.1227,33.0247],[-95.0876,33.0941],[-95.055,33.1225],[-95.025,33.1101],[-94.9943,33.1131],[-94.9628,33.1316],[-94.9341,33.1618],[-94.9081,33.2036],[-94.8889,33.2489],[-94.8763,33.2974],[-94.835,33.3124],[-94.765,33.2938],[-94.69,33.3157],[-94.61,33.378],[-94.525,33.4106],[-94.435,33.4136],[-94.34,33.4634],[-94.24,33.5597],[-94.18,33.609],[-94.16,33.6114],[-94.135,33.6284],[-94.105,33.6598],[-94.075,33.6738],[-94.045,33.6703],[-94.02,33.6576],[-94.0,33.6358],[-93.98,33.6229],[-93.96,33.6189],[-93.925,33.6378],[-93.875,33.6796],[-93.825,33.6989],[-93.775,33.6957],[-93.7301,33.6561],[-93.6904,33.58],[-93.6504,33.5297],[-93.6101,33.5053],[-93.565,33.4902],[-93.515,33.4843],[-93.4791,33.4714],[-93.4572,33.4517],[-93.4427,33.4293],[-93.4355,33.4042],[-93.4364,33.3819],[-93.4455,33.3622],[-93.49,33.3677],[-93.57,33.3984],[-93.63,33.4164],[-93.67,33.4218],[-93.7009,33.4204],[-93.7227,33.4124],[-93.732,33.3792],[-93.7288,33.3207],[-93.713,33.2789],[-93.6847,33.2538],[-93.6704,33.2275],[-93.6701,33.1999],[-93.6929,33.1748],[-93.7387,33.1522],[-93.7601,33.1199],[-93.7572,33.078],[-93.7812,33.0194],[-93.8322,32.9439],[-93.8922,32.8851],[-93.9611,32.8431],[-94.0508,32.7506],[-94.1611,32.6075],[-94.2347,32.4878],[-94.2716,32.3915],[-94.315,32.3331],[-94.365,32.3126],[-94.415,32.2803],[-94.465,32.2363],[-94.54,32.214],[-94.64,32.2133],[-94.725,32.1971],[-94.795,32.1655],[-94.8619,32.1109],[-94.9257,32.0334],[-94.9957,31.9714],[-95.0719,31.9248],[-95.155,31.8545],[-95.245,31.7604],[-95.345,31.6906],[-95.455,31.6452],[-95.575,31.5495],[-95.705,31.4035],[-95.7735,31.3347],[-95.7806,31.3434],[-95.7739,31.3691],[-95.7535,31.4118],[-95.7434,31.446],[-95.7437,31.4716],[-95.7504,31.4882],[-95.7635,31.496],[-95.7986,31.496],[-95.8558,31.4882],[-95.8893,31.5014],[-95.8992,31.5355],[-95.9156,31.5578],[-95.9385,31.5682],[-95.965,31.5703],[-95.995,31.564],[-96.025,31.5491],[-96.055,31.5255],[-96.1,31.5211],[-96.16,31.5358],[-96.23,31.5317],[-96.31,31.5089],[-96.375,31.5084],[-96.425,31.5302],[-96.485,31.5327],[-96.555,31.516],[-96.6046,31.489],[-96.6338,31.4518],[-96.6454,31.399],[-96.6394,31.3307],[-96.6158,31.2623],[-96.5745,31.1939],[-96.5558,31.1426],[-96.5599,31.1083],[-96.5739,31.0795],[-96.598,31.056],[-96.615,31.041],[-96.625,31.0345],[-96.65,31.0436],[-96.69,31.0684],[-96.73,31.0778],[-96.77,31.0718],[-96.7972,31.0873],[-96.8116,31.1242],[-96.8316,31.1485],[-96.8572,31.1603],[-96.895,31.1658],[-96.945,31.1648],[-96.99,31.1522],[-97.03,31.1279],[-97.075,31.1249],[-97.125,31.1431],[-97.1557,31.1455],[-97.167,31.1322],[-97.1746,31.1041],[-97.1784,31.0612],[-97.1738,31.0184],[-97.1607,30.9755],[-97.157,30.9412],[-97.1628,30.9155],[-97.2017,30.9107],[-97.2739,30.9268],[-97.335,30.9026],[-97.385,30.838],[-97.4233,30.817],[-97.45,30.8398],[-97.4808,30.9112],[-97.5157,31.0312],[-97.5446,31.1041],[-97.5672,31.1297],[-97.5635,31.1982],[-97.5333,31.3093],[-97.5348,31.3777],[-97.568,31.4033],[-97.596,31.4368],[-97.6187,31.4782],[-97.6416,31.5038],[-97.6648,31.5136],[-97.6729,31.527],[-97.6658,31.544],[-97.6353,31.5653],[-97.5815,31.5909],[-97.5556,31.6164],[-97.5577,31.642],[-97.5716,31.6602],[-97.5972,31.6711],[-97.68,31.639],[-97.82,31.5638],[-97.9531,31.4603],[-98.0793,31.3284],[-98.2026,31.1811],[-98.323,31.0184],[-98.3941,30.8983],[-98.416,30.8211],[-98.4503,30.7566],[-98.4968,30.705],[-98.5425,30.625],[-98.5875,30.5164],[-98.6365,30.4346],[-98.6895,30.3794],[-98.7134,30.3303],[-98.7084,30.2871],[-98.715,30.2396],[-98.7331,30.1877],[-98.7597,30.1402],[-98.7949,30.0969],[-98.8265,30.0407],[-98.8546,29.9714],[-98.8925,29.9194],[-98.9403,29.8847],[-98.9764,29.8153],[-99.001,29.7112],[-99.0815,29.5938],[-99.2178,29.4633],[-99.2966,29.3718],[-99.3181,29.3195],[-99.3391,29.286],[-99.3597,29.2714],[-99.395,29.2633],[-99.445,29.2617],[-99.4952,29.2691],[-99.5455,29.2853],[-99.5707,29.3021],[-99.5708,29.3195],[-99.5526,29.3413],[-99.5161,29.3675],[-99.4859,29.3977],[-99.462,29.432],[-99.4498,29.4668],[-99.4495,29.5022],[-99.4595,29.5255],[-99.4798,29.5367],[-99.515,29.5291],[-99.565,29.5027],[-99.62,29.5203],[-99.68,29.5822],[-99.74,29.5997],[-99.8,29.5729],[-99.8479,29.5366],[-99.8838,29.4906],[-99.9288,29.4523],[-99.9829,29.4216],[-100.04,29.3942],[-100.1,29.3703],[-100.145,29.364],[-100.175,29.3754],[-100.1909,29.4027],[-100.1926,29.446],[-100.1726,29.4763],[-100.1309,29.4936],[-100.1054,29.5154],[-100.0962,29.5416],[-100.0951,29.5851],[-100.102,29.646],[-100.1156,29.6981],[-100.136,29.7415],[-100.149,29.8067],[-100.1544,29.8934],[-100.1603,29.9439],[-100.1668,29.9582],[-100.18,29.9657],[-100.2,29.9664],[-100.245,29.9413],[-100.315,29.8904],[-100.43,29.8281],[-100.59,29.7545],[-100.74,29.6653],[-100.88,29.5602],[-100.9797,29.4716],[-101.0391,29.3993],[-101.1316,29.3195],[-101.2573,29.2323],[-101.3326,29.1688],[-101.3575,29.1291],[-101.4,29.107],[-101.46,29.1024],[-101.5137,29.0698],[-101.561,29.0092],[-101.5917,28.957],[-101.6058,28.9132],[-101.6022,28.8826],[-101.5807,28.8652],[-101.555,28.8582],[-101.525,28.8616],[-101.47,28.8902],[-101.39,28.944],[-101.3428,28.9554],[-101.3283,28.9244],[-101.3479,28.8826],[-101.4016,28.83],[-101.4588,28.7967],[-101.5196,28.7825],[-101.5749,28.7431],[-101.6248,28.6783],[-101.6798,28.6473],[-101.7399,28.6502],[-101.795,28.6277],[-101.845,28.5798],[-101.8792,28.5608],[-101.8976,28.5707],[-101.9026,28.6158],[-101.8942,28.6962],[-101.895,28.74],[-101.905,28.7475],[-101.9269,28.7381],[-101.9607,28.7117],[-101.9855,28.6766],[-102.0013,28.6327],[-102.0006,28.5976],[-101.9833,28.5713],[-101.9884,28.5311],[-102.0161,28.4771],[-102.0624,28.4068],[-102.1271,28.32],[-102.2071,28.2477],[-102.3024,28.1898],[-102.355,28.1621],[-102.365,28.1646],[-102.3784,28.1936],[-102.3953,28.249],[-102.4048,28.2986],[-102.4071,28.3427],[-102.3889,28.4131],[-102.3503,28.5098],[-102.3046,28.5757],[-102.2518,28.6108],[-102.2174,28.6415],[-102.2015,28.6678],[-102.1978,28.7073],[-102.2062,28.7599],[-102.2056,28.8257],[-102.196,28.9045],[-102.2035,28.9701],[-102.2281,29.0226],[-102.2577,29.0504],[-102.2926,29.0535],[-102.355,29.0227],[-102.445,28.9581],[-102.51,28.9212],[-102.55,28.912],[-102.5905,28.9165],[-102.6314,28.9348],[-102.6467,28.9876],[-102.6363,29.0751],[-102.6359,29.1308],[-102.6453,29.1548],[-102.665,29.1709],[-102.695,29.1792],[-102.725,29.1805],[-102.755,29.1749],[-102.79,29.1841],[-102.83,29.2081],[-102.865,29.2223],[-102.895,29.2267],[-102.93,29.2216],[-102.97,29.2068],[-103.0327,29.1662],[-103.1182,29.0996],[-103.2382,29.0347],[-103.3927,28.9713],[-103.46,28.9834],[-103.44,29.071],[-103.3961,29.1464],[-103.3284,29.2095],[-103.2901,29.2585],[-103.2812,29.2934],[-103.2951,29.3183],[-103.3317,29.3332],[-103.425,29.3193],[-103.575,29.2764],[-103.6649,29.2602],[-103.6947,29.2707],[-103.7099,29.2803],[-103.7105,29.289],[-103.6656,29.3532]],[[-99.6397,30.2871],[-99.6199,30.3303],[-99.585,30.3551],[-99.535,30.3616],[-99.5039,30.3703],[-99.4917,30.381],[-99.468,30.4252],[-99.4329,30.5028],[-99.4217,30.5631],[-99.4345,30.6061],[-99.4262,30.6749],[-99.3967,30.7695],[-99.354,30.8534],[-99.298,30.9265],[-99.2404,30.9737],[-99.1812,30.9949],[-99.1273,31.0698],[-99.0788,31.1982],[-99.061,31.2794],[-99.0741,31.3136],[-99.0749,31.3649],[-99.0634,31.4332],[-99.0846,31.4801],[-99.1384,31.5057],[-99.1814,31.5994],[-99.2134,31.7611],[-99.2269,31.8546],[-99.2219,31.8801],[-99.2079,31.9056],[-99.1848,31.931],[-99.1374,31.9592],[-99.0658,31.9901],[-99.0203,32.0283],[-99.001,32.0737],[-98.9815,32.1049],[-98.9618,32.1218],[-98.9365,32.1349],[-98.9055,32.1441],[-98.865,32.1348],[-98.815,32.1071],[-98.773,32.1025],[-98.7391,32.121],[-98.7229,32.143],[-98.7243,32.1684],[-98.7404,32.2065],[-98.771,32.2572],[-98.7823,32.296],[-98.7741,32.323],[-98.755,32.3381],[-98.725,32.3414],[-98.7039,32.3744],[-98.6918,32.4371],[-98.687,32.4853],[-98.6896,32.519],[-98.7073,32.5696],[-98.74,32.637],[-98.7557,32.7085],[-98.7543,32.7842],[-98.7427,32.8408],[-98.7209,32.8783],[-98.685,32.9005],[-98.635,32.9075],[-98.5916,32.9475],[-98.5547,33.0206],[-98.5191,33.1241],[-98.4847,33.258],[-98.4732,33.3359],[-98.4844,33.3578],[-98.5008,33.3703],[-98.5223,33.3735],[-98.5273,33.3942],[-98.5158,33.4327],[-98.495,33.4556],[-98.465,33.4629],[-98.41,33.5255],[-98.33,33.6433],[-98.28,33.706],[-98.26,33.7138],[-98.2418,33.6904],[-98.2255,33.6358],[-98.2034,33.5961],[-98.1758,33.5711],[-98.1898,33.5002],[-98.2456,33.3834],[-98.2686,33.2998],[-98.2589,33.2497],[-98.243,33.2291],[-98.221,33.2382],[-98.1621,33.3134],[-98.0662,33.4547],[-98.0125,33.5502],[-98.0008,33.6002],[-97.9705,33.6585],[-97.9217,33.7251],[-97.8704,33.8134],[-97.8168,33.9235],[-97.78,33.9827],[-97.76,33.9912],[-97.74,33.9877],[-97.72,33.9724],[-97.685,33.9763],[-97.635,33.9995],[-97.575,34.044],[-97.505,34.1098],[-97.4197,34.1669],[-97.319,34.2151],[-97.2658,34.2475],[-97.26,34.264],[-97.2693,34.3095],[-97.2937,34.3838],[-97.331,34.4457],[-97.3811,34.4951],[-97.4079,34.5322],[-97.4115,34.5569],[-97.398,34.594],[-97.3675,34.6434],[-97.2967,34.716],[-97.1856,34.8119],[-97.11,34.8596],[-97.07,34.8592],[-97.0352,34.8482],[-97.0057,34.8267],[-97.0057,34.7701],[-97.0352,34.6784],[-97.0702,34.6208],[-97.1106,34.5974],[-97.1516,34.5569],[-97.1932,34.4993],[-97.198,34.4516],[-97.166,34.4139],[-97.135,34.3966],[-97.105,34.3998],[-97.05,34.426],[-96.97,34.4751],[-96.875,34.5061],[-96.765,34.5192],[-96.67,34.542],[-96.59,34.5745],[-96.5,34.575],[-96.4,34.5434],[-96.325,34.5321],[-96.275,34.5413],[-96.225,34.5381],[-96.175,34.5225],[-96.148,34.4953],[-96.144,34.4567],[-96.154,34.4168],[-96.178,34.3757],[-96.205,34.3435],[-96.235,34.3202],[-96.2733,34.3243],[-96.32,34.3557],[-96.35,34.3889],[-96.3633,34.4239],[-96.38,34.4401],[-96.4,34.4375],[-96.43,34.4197],[-96.47,34.3866],[-96.52,34.355],[-96.58,34.3248],[-96.6328,34.2715],[-96.6783,34.1949],[-96.7333,34.1267],[-96.7978,34.0671],[-96.845,34.0433],[-96.875,34.0554],[-96.9046,34.0563],[-96.9338,34.0458],[-96.9507,34.0364],[-96.9553,34.0281],[-96.9423,34.0157],[-96.9118,33.9991],[-96.8899,33.9802],[-96.8766,33.9588],[-96.8528,33.9423],[-96.8185,33.9304],[-96.7924,33.9037],[-96.7745,33.8622],[-96.7876,33.8165],[-96.8315,33.7667],[-96.8676,33.709],[-96.8959,33.6434],[-96.9237,33.5351],[-96.9511,33.3839],[-96.9761,33.2868],[-96.9987,33.2439],[-97.02,33.2154],[-97.04,33.2012],[-97.075,33.1916],[-97.125,33.1866],[-97.165,33.2066],[-97.195,33.2515],[-97.22,33.2726],[-97.24,33.2699],[-97.2476,33.2408],[-97.2428,33.1853],[-97.2328,33.1525],[-97.2176,33.1423],[-97.2,33.1472],[-97.18,33.1672],[-97.16,33.1618],[-97.14,33.1312],[-97.1325,33.1054],[-97.1374,33.0844],[-97.1524,33.0673],[-97.1775,33.0542],[-97.21,33.0541],[-97.25,33.0671],[-97.32,33.0644],[-97.42,33.046],[-97.495,33.0561],[-97.545,33.0949],[-97.595,33.1049],[-97.645,33.0864],[-97.6954,33.0511],[-97.7462,32.9992],[-97.7793,32.9355],[-97.7948,32.8599],[-97.8193,32.7969],[-97.8528,32.7464],[-97.8646,32.7121],[-97.8549,32.694],[-97.83,32.6825],[-97.79,32.6776],[-97.76,32.663],[-97.74,32.6386],[-97.7348,32.5912],[-97.7444,32.5206],[-97.7302,32.4768],[-97.6924,32.46],[-97.6682,32.4431],[-97.6578,32.4262],[-97.6631,32.3882],[-97.6842,32.3291],[-97.6786,32.3055],[-97.6462,32.3176],[-97.6195,32.3218],[-97.5986,32.3182],[-97.5962,32.2868],[-97.6124,32.2276],[-97.6408,32.1811],[-97.6815,32.1472],[-97.7016,32.1049],[-97.701,32.054],[-97.7089,32.0074],[-97.7253,31.965],[-97.7026,31.9475],[-97.6409,31.955],[-97.6024,31.9422],[-97.5871,31.9093],[-97.6922,31.8079],[-97.9179,31.6377],[-98.1285,31.4246],[-98.3243,31.1683],[-98.4422,30.9798],[-98.4822,30.8597],[-98.5241,30.7731],[-98.568,30.7201],[-98.6075,30.647],[-98.6425,30.5537],[-98.6802,30.4726],[-98.7207,30.4036],[-98.745,30.326],[-98.7531,30.2396],[-98.7704,30.1857],[-98.7968,30.1643],[-98.8352,30.1557],[-98.8857,30.1598],[-98.9193,30.1229],[-98.9359,30.045],[-98.9579,29.9887],[-98.9852,29.9541],[-99.0116,29.8702],[-99.0372,29.7371],[-99.065,29.6617],[-99.095,29.6441],[-99.1238,29.6456],[-99.1515,29.6661],[-99.1699,29.7242],[-99.1789,29.8197],[-99.1965,29.9107],[-99.2228,29.9974],[-99.2022,30.071],[-99.1347,30.1315],[-99.0916,30.231],[-99.0728,30.3691],[-99.0651,30.4684],[-99.0684,30.5288],[-99.097,30.5116],[-99.1511,30.4166],[-99.1911,30.3613],[-99.217,30.3457],[-99.285,30.3296],[-99.395,30.3128],[-99.4581,30.2947],[-99.4742,30.2752],[-99.4842,30.2495],[-99.4881,30.2174],[-99.5205,30.2044],[-99.5814,30.2106],[-99.6213,30.2266],[-99.6402,30.2526],[-99.6397,30.2871]],[[-97.0214,32.3569],[-97.0138,32.4041],[-96.995,32.4408],[-96.965,32.4672],[-96.9327,32.4647],[-96.898,32.4334],[-96.8862,32.3924],[-96.897,32.3417],[-96.9193,32.3053],[-96.9531,32.283],[-96.98,32.2767],[-97.0,32.2862],[-97.0138,32.3016],[-97.0214,32.3227],[-97.0214,32.3569]],[[-97.5835,31.4971],[-97.5755,31.5227],[-97.5561,31.5503],[-97.5254,31.5798],[-97.47,31.6817],[-97.39,31.8558],[-97.3259,31.9515],[-97.2778,31.9689],[-97.2428,31.9912],[-97.2209,32.0182],[-97.195,32.0276],[-97.165,32.0194],[-97.125,32.0241],[-97.075,32.0417],[-97.03,32.047],[-96.99,32.04],[-96.9544,32.0557],[-96.9231,32.0941],[-96.9059,32.1303],[-96.903,32.1641],[-96.8887,32.2046],[-96.8629,32.2518],[-96.815,32.3099],[-96.745,32.3789],[-96.68,32.4307],[-96.62,32.4653],[-96.52,32.4888],[-96.38,32.5011],[-96.2892,32.5313],[-96.2475,32.5793],[-96.2146,32.6286],[-96.1905,32.6791],[-96.1841,32.7296],[-96.1953,32.78],[-96.1932,32.8101],[-96.1777,32.8198],[-96.16,32.8202],[-96.14,32.8112],[-96.1196,32.8106],[-96.0988,32.8182],[-96.0629,32.8809],[-96.012,32.9984],[-95.9824,33.0856],[-95.9741,33.1427],[-95.95,33.1746],[-95.91,33.1815],[-95.86,33.2067],[-95.8,33.2501],[-95.75,33.2703],[-95.71,33.2671],[-95.6812,33.2595],[-95.6635,33.2474],[-95.6519,33.2329],[-95.6464,33.2162],[-95.6521,33.1869],[-95.6689,33.145],[-95.6529,33.0613],[-95.6042,32.9355],[-95.585,32.8095],[-95.5953,32.6833],[-95.5829,32.6143],[-95.5476,32.6026],[-95.518,32.6026],[-95.494,32.6143],[-95.469,32.6406],[-95.443,32.6816],[-95.4,32.7057],[-95.34,32.7128],[-95.285,32.7501],[-95.235,32.8174],[-95.195,32.8539],[-95.165,32.8596],[-95.115,32.8529],[-95.045,32.8336],[-94.99,32.8298],[-94.95,32.8413],[-94.9149,32.8871],[-94.8846,32.9669],[-94.8782,33.0319],[-94.8957,33.0822],[-94.8858,33.1361],[-94.8486,33.1935],[-94.8138,33.2228],[-94.7814,33.224],[-94.7327,33.2078],[-94.6679,33.1744],[-94.6332,33.1492],[-94.6289,33.1325],[-94.6431,33.1074],[-94.6759,33.0738],[-94.6868,33.0487],[-94.6758,33.0319],[-94.6452,33.0355],[-94.5951,33.0594],[-94.55,33.0658],[-94.51,33.0547],[-94.4837,33.0637],[-94.4711,33.0928],[-94.4722,33.1241],[-94.487,33.1576],[-94.4924,33.2078],[-94.4883,33.2747],[-94.4372,33.3441],[-94.3391,33.4159],[-94.27,33.4586],[-94.23,33.4722],[-94.195,33.4696],[-94.165,33.4508],[-94.105,33.4582],[-94.015,33.4918],[-93.9395,33.5503],[-93.8784,33.6335],[-93.8334,33.6756],[-93.8045,33.6766],[-93.7824,33.6724],[-93.7672,33.6632],[-93.7472,33.6258],[-93.7224,33.5603],[-93.695,33.5145],[-93.665,33.4883],[-93.68,33.4632],[-93.74,33.4392],[-93.78,33.4003],[-93.8,33.3466],[-93.835,33.3007],[-93.885,33.2626],[-93.9084,33.2096],[-93.9052,33.1414],[-93.9307,33.0613],[-93.9848,32.969],[-94.0352,32.9061],[-94.0818,32.8725],[-94.1294,32.8179],[-94.178,32.7422],[-94.2592,32.6383],[-94.3731,32.5059],[-94.465,32.4247],[-94.535,32.3948],[-94.61,32.3872],[-94.69,32.402],[-94.7851,32.3735],[-94.8952,32.3016],[-94.9782,32.2361],[-95.0342,32.1768],[-95.0684,32.1133],[-95.0807,32.0455],[-95.1427,31.9489],[-95.2542,31.8235],[-95.32,31.7588],[-95.34,31.755],[-95.37,31.7638],[-95.41,31.7851],[-95.455,31.7817],[-95.505,31.7536],[-95.555,31.7383],[-95.605,31.7359],[-95.67,31.7178],[-95.75,31.6841],[-95.8005,31.6812],[-95.8215,31.709],[-95.8415,31.7256],[-95.8605,31.731],[-95.93,31.7115],[-96.05,31.6671],[-96.1089,31.6303],[-96.1066,31.6012],[-96.1216,31.583],[-96.1539,31.5758],[-96.24,31.5809],[-96.38,31.5983],[-96.49,31.6278],[-96.57,31.6693],[-96.6152,31.6727],[-96.6256,31.638],[-96.6456,31.6191],[-96.6752,31.616],[-96.72,31.6323],[-96.78,31.6681],[-96.845,31.6663],[-96.915,31.6271],[-96.9567,31.598],[-96.97,31.5791],[-96.9754,31.5227],[-96.9729,31.4289],[-96.9829,31.3435],[-97.0053,31.2666],[-97.0299,31.221],[-97.0566,31.2067],[-97.1089,31.2024],[-97.1868,31.2082],[-97.2247,31.1683],[-97.2226,31.0826],[-97.2147,31.0184],[-97.2009,30.9755],[-97.198,30.9508],[-97.206,30.9444],[-97.245,30.9506],[-97.315,30.9695],[-97.3527,30.9642],[-97.358,30.9346],[-97.373,30.9111],[-97.3977,30.8938],[-97.415,30.8855],[-97.425,30.8863],[-97.4443,30.9121],[-97.4729,30.963],[-97.4833,31.0098],[-97.4757,31.0527],[-97.4881,31.0998],[-97.5204,31.1511],[-97.5149,31.2255],[-97.4716,31.3228],[-97.4754,31.3825],[-97.5261,31.4049],[-97.5605,31.4332],[-97.5785,31.4673],[-97.5835,31.4971]],[[-103.0198,29.6894],[-103.0014,29.7502],[-102.9667,29.803],[-102.9156,29.8477],[-102.8303,29.8911],[-102.7108,29.9331],[-102.6058,29.986],[-102.5153,30.0498],[-102.425,30.1022],[-102.335,30.1434],[-102.2076,30.1851],[-102.0428,30.2272],[-101.8178,30.3011],[-101.5326,30.4067],[-101.375,30.4558],[-101.345,30.4484],[-101.325,30.4282],[-101.315,30.3953],[-101.26,30.3912],[-101.16,30.4159],[-101.0686,30.4178],[-100.9858,30.3968],[-100.9443,30.3734],[-100.9438,30.3475],[-100.9752,30.2968],[-101.0384,30.2212],[-101.12,30.1434],[-101.22,30.0632],[-101.335,29.9902],[-101.465,29.9243],[-101.5677,29.8463],[-101.6431,29.7562],[-101.7281,29.684],[-101.8227,29.6298],[-101.94,29.541],[-102.08,29.4175],[-102.185,29.3319],[-102.255,29.2841],[-102.3099,29.2642],[-102.3496,29.272],[-102.372,29.289],[-102.3772,29.3152],[-102.3723,29.3511],[-102.3574,29.3968],[-102.3128,29.4708],[-102.2383,29.5731],[-102.1733,29.6521],[-102.1178,29.7076],[-102.035,29.7765],[-101.925,29.8587],[-101.82,29.9287],[-101.72,29.9867],[-101.6411,30.0263],[-101.5832,30.0474],[-101.5382,30.0866],[-101.5061,30.1439],[-101.51,30.1703],[-101.55,30.1659],[-101.6523,30.1243],[-101.817,30.0455],[-102.087,29.9078],[-102.4623,29.7109],[-102.69,29.5843],[-102.77,29.5281],[-102.825,29.4978],[-102.855,29.4934],[-102.895,29.5004],[-102.945,29.5188],[-102.9848,29.5607],[-103.0143,29.6263],[-103.0198,29.6894]],[[-101.1056,29.7936],[-101.081,29.8544],[-101.0396,29.9237],[-100.9815,30.0017],[-100.9484,30.0623],[-100.9404,30.1056],[-100.9215,30.1445],[-100.892,30.1791],[-100.758,30.2742],[-100.5196,30.4295],[-100.2828,30.6075],[-100.0476,30.808],[-99.91,30.9193],[-99.87,30.9416],[-99.8314,30.9488],[-99.7943,30.9409],[-99.778,30.9155],[-99.7825,30.8726],[-99.7992,30.8296],[-99.828,30.7867],[-99.8239,30.7523],[-99.7866,30.7265],[-99.7849,30.6749],[-99.8187,30.5975],[-99.9592,30.4378],[-100.2064,30.1955],[-100.4,30.0274],[-100.54,29.934],[-100.665,29.8394],[-100.775,29.7435],[-100.86,29.6922],[-100.92,29.6853],[-100.96,29.7007],[-100.98,29.7384],[-101.02,29.7528],[-101.08,29.7441],[-101.112,29.7456],[-101.116,29.7574],[-101.1056,29.7936]],[[-100.0818,29.9107],[-100.0661,29.9627],[-100.0379,30.0017],[-99.9972,30.0277],[-99.9601,30.0683],[-99.9267,30.1236],[-99.885,30.1602],[-99.835,30.1781],[-99.79,30.1758],[-99.75,30.1533],[-99.7248,30.1556],[-99.7145,30.1828],[-99.6969,30.1964],[-99.6722,30.1964],[-99.6595,30.1877],[-99.6588,30.1705],[-99.67,30.1532],[-99.6932,30.1359],[-99.6908,30.1099],[-99.6629,30.0753],[-99.6492,30.0428],[-99.6497,30.0125],[-99.66,29.982],[-99.68,29.9513],[-99.7201,29.9275],[-99.7803,29.9105],[-99.8204,29.8891],[-99.8403,29.863],[-99.8549,29.8283],[-99.8643,29.785],[-99.8937,29.7415],[-99.943,29.6981],[-99.9499,29.646],[-99.9145,29.5851],[-99.9051,29.5353],[-99.9217,29.4966],[-99.95,29.4706],[-99.99,29.4573],[-100.0199,29.4592],[-100.0396,29.4764],[-100.0476,29.5068],[-100.0439,29.5503],[-100.0478,29.5851],[-100.0593,29.6112],[-100.05,29.6373],[-100.0197,29.6634],[-100.0191,29.6981],[-100.0481,29.7415],[-100.0694,29.7936],[-100.0829,29.8544],[-100.0818,29.9107]],[[-98.8689,32.4563],[-98.8563,32.4658],[-98.8444,32.4616],[-98.8333,32.4436],[-98.8396,32.4389],[-98.8633,32.4473],[-98.8689,32.4563]],[[-99.3508,29.7445],[-99.3369,29.7764],[-99.32,29.7981],[-99.3,29.8096],[-99.2856,29.7979],[-99.2768,29.7632],[-99.2868,29.7381],[-99.3156,29.7226],[-99.3369,29.7183],[-99.3508,29.7251],[-99.3508,29.7445]],[[-97.5765,32.717],[-97.5533,32.8095],[-97.4962,32.8641],[-97.4051,32.8809],[-97.3657,32.9145],[-97.3781,32.9648],[-97.3757,32.9963],[-97.3586,33.0089],[-97.3367,33.0131],[-97.3102,33.0089],[-97.2886,32.9984],[-97.2718,32.9816],[-97.2766,32.9522],[-97.3028,32.9103],[-97.3052,32.8557],[-97.2837,32.7885],[-97.2879,32.7296],[-97.3177,32.6791],[-97.3369,32.6273],[-97.3456,32.5742],[-97.36,32.5439],[-97.38,32.5363],[-97.41,32.5434],[-97.45,32.5651],[-97.49,32.579],[-97.53,32.5848],[-97.5585,32.5959],[-97.5754,32.6121],[-97.5849,32.6328],[-97.5871,32.658],[-97.5765,32.717]],[[-96.9418,31.4673],[-96.9366,31.5014],[-96.9281,31.5236],[-96.916,31.5339],[-96.8918,31.5339],[-96.8555,31.5236],[-96.829,31.5099],[-96.8122,31.4929],[-96.8078,31.4673],[-96.8159,31.4332],[-96.8324,31.4],[-96.8575,31.3679],[-96.88,31.3543],[-96.9,31.3593],[-96.9186,31.3839],[-96.9358,31.4281],[-96.9418,31.4673]],[[-96.779,31.241],[-96.757,31.2666],[-96.737,31.2817],[-96.719,31.2862],[-96.6982,31.2777],[-96.6746,31.2561],[-96.6613,31.2367],[-96.6584,31.2196],[-96.6652,31.2041],[-96.6817,31.1902],[-96.7,31.183],[-96.72,31.1823],[-96.7406,31.1849],[-96.7619,31.1909],[-96.7769,31.2025],[-96.7856,31.2196],[-96.779,31.241]],[[-99.3724,29.4802],[-99.3575,29.5054],[-99.3354,29.5141],[-99.3062,29.5063],[-99.2911,29.4938],[-99.2902,29.4764],[-99.2998,29.4604],[-99.3199,29.4459],[-99.34,29.4401],[-99.36,29.443],[-99.3725,29.4503],[-99.3774,29.4619],[-99.3724,29.4802]],[[-97.5196,32.3842],[-97.4732,32.4184],[-97.438,32.4311],[-97.414,32.4222],[-97.429,32.4008],[-97.483,32.367],[-97.5174,32.3501],[-97.5322,32.3502],[-97.5404,32.3544],[-97.542,32.3629],[-97.5196,32.3842]],[[-97.2927,32.4958],[-97.2776,32.5169],[-97.2556,32.5211],[-97.2269,32.5085],[-97.2102,32.4937],[-97.2058,32.4768],[-97.2102,32.456],[-97.2234,32.4312],[-97.2458,32.4227],[-97.2774,32.4307],[-97.2949,32.4473],[-97.2985,32.4726],[-97.2927,32.4958]]]}},{"type":"Feature","properties":{"c":"#00fb90","v0":0.05,"v1":0.25},"geometry":{"type":"Polygon","coordinates":[[[-86.5584,34.7724],[-86.4595,34.8166],[-86.395,34.839],[-86.365,34.8396],[-86.3507,34.8339],[-86.352,34.8219],[-86.397,34.7944],[-86.4857,34.7512],[-86.545,34.7285],[-86.575,34.7263],[-86.5945,34.7314],[-86.6034,34.744],[-86.5584,34.7724]]]}},{"type":"Feature","properties":{"c":"#00fb90","v0":0.05,"v1":0.25},"geometry":{"type":"Polygon","coordinates":[[[-94.937,34.7272],[-94.919,34.7468],[-94.8761,34.7592],[-94.8083,34.7642],[-94.7891,34.7461],[-94.8184,34.7051],[-94.8271,34.668],[-94.8149,34.6351],[-94.8342,34.605],[-94.8847,34.5776],[-94.9151,34.5735],[-94.9254,34.5927],[-94.9262,34.6187],[-94.9174,34.6516],[-94.9213,34.6804],[-94.9378,34.7051],[-94.937,34.7272]]]}},{"type":"Feature","properties":{"c":"#00fb90","v0":0.05,"v1":0.25},"geometry":{"type":"Polygon","coordinates":[[[-89.196,34.7389],[-89.192,34.749],[-89.175,34.7589],[-89.145,34.7686],[-89.115,34.772],[-89.085,34.7693],[-89.0677,34.7635],[-89.0632,34.7547],[-89.0682,34.732],[-89.0827,34.6954],[-89.117,34.6913],[-89.171,34.7196],[-89.196,34.7389]]]}},{"type":"Feature","properties":{"c":"#00fb90","v0":0.05,"v1":0.25},"geometry":{"type":"Polygon","coordinates":[[[-84.5671,34.7407],[-84.5557,34.7544],[-84.5427,34.7586],[-84.5281,34.753],[-84.5281,34.7438],[-84.5427,34.7307],[-84.5557,34.7266],[-84.5671,34.7314],[-84.5671,34.7407]]]}},{"type":"Feature","properties":{"c":"#00fb90","v0":0.05,"v1":0.25},"geometry":{"type":"Polygon","coordinates":[[[-89.6525,34.6248],[-89.5975,34.6698],[-89.52,34.6944],[-89.42,34.6986],[-89.3602,34.6966],[-89.3406,34.6885],[-89.3429,34.6722],[-89.3671,34.6475],[-89.4069,34.6248],[-89.4623,34.6041],[-89.53,34.5915],[-89.61,34.587],[-89.6575,34.5892],[-89.6725,34.5979],[-89.6525,34.6248]],[[-89.5637,34.6404],[-89.5412,34.651],[-89.5179,34.651],[-89.4938,34.6404],[-89.4938,34.6303],[-89.5179,34.6206],[-89.5412,34.6206],[-89.5637,34.6303],[-89.5637,34.6404]]]}},{"type":"Feature","properties":{"c":"#00fb90","v0":0.05,"v1":0.25},"geometry":{"type":"Polygon","coordinates":[[[-87.5381,34.6242],[-87.5327,34.6353],[-87.5164,34.6353],[-87.4893,34.6242],[-87.492,34.6187],[-87.5245,34.6187],[-87.5381,34.6242]]]}},{"type":"Feature","properties":{"c":"#00fb90","v0":0.05,"v1":0.25},"geometry":{"type":"Polygon","coordinates":[[[-95.1351,34.6228],[-95.1184,34.631],[-95.1145,34.6269],[-95.1235,34.6104],[-95.1319,34.6063],[-95.1396,34.6146],[-95.1351,34.6228]]]}},{"type":"Feature","properties":{"c":"#00fb90","v0":0.05,"v1":0.25},"geometry":{"type":"Polygon","coordinates":[[[-89.9982,34.4079],[-89.9394,34.4479],[-89.895,34.4672],[-89.865,34.4659],[-89.8431,34.4583],[-89.8294,34.4444],[-89.8344,34.4263],[-89.8581,34.4041],[-89.9094,34.3917],[-89.9882,34.3892],[-89.9982,34.4079]]]}},{"type":"Feature","properties":{"c":"#00fb90","v0":0.05,"v1":0.25},"geometry":{"type":"Polygon","coordinates":[[[-88.7874,34.4589],[-88.7625,34.469],[-88.7417,34.469],[-88.7252,34.4589],[-88.7252,34.446],[-88.7417,34.4301],[-88.7625,34.4301],[-88.7874,34.446],[-88.7874,34.4589]]]}},{"type":"Feature","properties":{"c":"#00fb90","v0":0.05,"v1":0.25},"geometry":{"type":"Polygon","coordinates":[[[-89.8009,34.0928],[-89.7403,34.1642],[-89.675,34.2096],[-89.605,34.229],[-89.545,34.2396],[-89.495,34.2415],[-89.445,34.2666],[-89.395,34.315],[-89.32,34.3571],[-89.22,34.3928],[-89.155,34.4239],[-89.125,34.4504],[-89.1003,34.4612],[-89.081,34.4563],[-89.071,34.4344],[-89.0703,34.3952],[-89.085,34.3711],[-89.115,34.3619],[-89.145,34.345],[-89.175,34.3204],[-89.25,34.2927],[-89.37,34.2619],[-89.4309,34.224],[-89.4326,34.179],[-89.4426,34.1457],[-89.4609,34.1241],[-89.51,34.0968],[-89.59,34.0638],[-89.665,34.0405],[-89.735,34.0268],[-89.78,34.0215],[-89.8,34.0244],[-89.8153,34.0337],[-89.8259,34.0493],[-89.8009,34.0928]],[[-89.7288,34.111],[-89.7166,34.1524],[-89.7004,34.1796],[-89.6801,34.1927],[-89.645,34.2007],[-89.595,34.2035],[-89.5594,34.1969],[-89.5382,34.181],[-89.53,34.1648],[-89.535,34.1482],[-89.5606,34.126],[-89.6069,34.098],[-89.65,34.0815],[-89.69,34.0765],[-89.7162,34.0781],[-89.7287,34.0862],[-89.7288,34.111]]]}},{"type":"Feature","properties":{"c":"#00fb90","v0":0.05,"v1":0.25},"geometry":{"type":"Polygon","coordinates":[[[-87.9311,34.365],[-87.8904,34.4181],[-87.84,34.4395],[-87.78,34.4291],[-87.715,34.4344],[-87.645,34.4551],[-87.5966,34.4626],[-87.5698,34.4568],[-87.5698,34.4373],[-87.5966,34.404],[-87.63,34.3825],[-87.67,34.373],[-87.715,34.354],[-87.765,34.3256],[-87.815,34.3085],[-87.865,34.3026],[-87.9054,34.3093],[-87.9361,34.3287],[-87.9311,34.365]],[[-87.8839,34.3431],[-87.8613,34.3527],[-87.8432,34.3527],[-87.8297,34.3431],[-87.8347,34.3343],[-87.8582,34.326],[-87.8763,34.326],[-87.8889,34.3343],[-87.8839,34.3431]]]}},{"type":"Feature","properties":{"c":"#00fb90","v0":0.05,"v1":0.25},"geometry":{"type":"Polygon","coordinates":[[[-75.6484,34.3534],[-75.6228,34.3834],[-75.57,34.4109],[-75.49,34.4359],[-75.4312,34.4457],[-75.3937,34.4402],[-75.3743,34.4292],[-75.3728,34.4127],[-75.3816,34.3956],[-75.4005,34.3779],[-75.46,34.3565],[-75.56,34.3313],[-75.6228,34.3237],[-75.6484,34.3335],[-75.6484,34.3534]],[[-75.4649,34.409],[-75.4416,34.4181],[-75.4262,34.4181],[-75.4185,34.409],[-75.4235,34.3998],[-75.4412,34.3906],[-75.4566,34.3906],[-75.4699,34.3998],[-75.4649,34.409]]]}},{"type":"Feature","properties":{"c":"#00fb90","v0":0.05,"v1":0.25},"geometry":{"type":"Polygon","coordinates":[[[-84.0761,33.8456],[-84.064,33.8871],[-84.0238,33.9411],[-83.9554,34.0074],[-83.92,34.0654],[-83.9175,34.1151],[-83.8947,34.167],[-83.8516,34.2209],[-83.82,34.2507],[-83.8,34.2562],[-83.7754,34.2375],[-83.7462,34.1945],[-83.7212,34.1714],[-83.7004,34.1681],[-83.6824,34.1722],[-83.6671,34.1838],[-83.6632,34.2062],[-83.6705,34.2392],[-83.6681,34.2618],[-83.656,34.2739],[-83.63,34.2858],[-83.59,34.2974],[-83.5517,34.2954],[-83.5151,34.28],[-83.4961,34.2599],[-83.4946,34.2351],[-83.5029,34.2062],[-83.521,34.1732],[-83.54,34.1481],[-83.56,34.1308],[-83.61,34.1083],[-83.69,34.0805],[-83.7596,34.0228],[-83.8187,33.9351],[-83.8937,33.8665],[-83.9846,33.8169],[-84.0402,33.7919],[-84.0605,33.7917],[-84.0735,33.7999],[-84.0793,33.8165],[-84.0761,33.8456]],[[-83.6181,34.2468],[-83.5994,34.262],[-83.5797,34.2661],[-83.5592,34.2592],[-83.5542,34.2429],[-83.5647,34.2172],[-83.5844,34.2131],[-83.6131,34.2305],[-83.6181,34.2468]],[[-84.0435,33.8705],[-84.0342,33.8954],[-83.9962,33.9411],[-83.9298,34.0074],[-83.8926,34.0654],[-83.8847,34.1151],[-83.863,34.1506],[-83.8277,34.1719],[-83.7986,34.1678],[-83.7759,34.1382],[-83.7786,34.0861],[-83.8065,34.0116],[-83.8628,33.9422],[-83.9476,33.8782],[-84.0,33.8434],[-84.02,33.8379],[-84.0346,33.8408],[-84.0437,33.8523],[-84.0435,33.8705]]]}},{"type":"Feature","properties":{"c":"#00fb90","v0":0.05,"v1":0.25},"geometry":{"type":"Polygon","coordinates":[[[-83.1608,34.1831],[-83.1136,34.2362],[-83.065,34.2731],[-83.015,34.2936],[-82.9744,34.3001],[-82.9432,34.2926],[-82.9308,34.2723],[-82.9371,34.2392],[-82.9577,34.2078],[-82.9926,34.1779],[-83.035,34.154],[-83.085,34.1359],[-83.1286,34.1343],[-83.1658,34.1491],[-83.1608,34.1831]],[[-83.0935,34.2022],[-83.0778,34.2274],[-83.05,34.2429],[-83.01,34.2489],[-82.9886,34.2446],[-82.9857,34.23],[-82.9911,34.2144],[-83.0048,34.1979],[-83.0262,34.1847],[-83.0554,34.1747],[-83.0778,34.1747],[-83.0935,34.1847],[-83.0935,34.2022]]]}},{"type":"Feature","properties":{"c":"#00fb90","v0":0.05,"v1":0.25},"geometry":{"type":"Polygon","coordinates":[[[-82.4519,34.2662],[-82.4373,34.2871],[-82.4204,34.2954],[-82.4013,34.291],[-82.3963,34.2755],[-82.4054,34.249],[-82.42,34.2339],[-82.44,34.2303],[-82.4523,34.2353],[-82.4569,34.249],[-82.4519,34.2662]]]}},{"type":"Feature","properties":{"c":"#00fb90","v0":0.05,"v1":0.25},"geometry":{"type":"Polygon","coordinates":[[[-75.1125,34.2473],[-75.0975,34.2634],[-75.0732,34.2634],[-75.0395,34.2473],[-75.0345,34.2295],[-75.0582,34.2102],[-75.0825,34.2102],[-75.1075,34.2295],[-75.1125,34.2473]]]}},{"type":"Feature","properties":{"c":"#00fb90","v0":0.05,"v1":0.25},"geometry":{"type":"Polygon","coordinates":[[[-89.2783,34.2303],[-89.2594,34.2456],[-89.2429,34.2498],[-89.2287,34.2427],[-89.2287,34.229],[-89.2429,34.2085],[-89.2594,34.2044],[-89.2783,34.2166],[-89.2783,34.2303]]]}},{"type":"Feature","properties":{"c":"#00fb90","v0":0.05,"v1":0.25},"geometry":{"type":"Polygon","coordinates":[[[-75.5544,34.1838],[-75.5248,34.2053],[-75.4879,34.2094],[-75.4436,34.1962],[-75.4248,34.1813],[-75.4314,34.1648],[-75.4485,34.1521],[-75.4762,34.1434],[-75.505,34.1415],[-75.535,34.1466],[-75.5548,34.1551],[-75.5644,34.1671],[-75.5544,34.1838]]]}},{"type":"Feature","properties":{"c":"#00fb90","v0":0.05,"v1":0.25},"geometry":{"type":"Polygon","coordinates":[[[-75.0278,34.0571],[-74.9973,34.1234],[-74.969,34.1615],[-74.943,34.1716],[-74.92,34.1721],[-74.9,34.163],[-74.887,34.1332],[-74.8811,34.0825],[-74.9111,34.0443],[-74.977,34.0186],[-75.0183,34.0103],[-75.0348,34.0194],[-75.0278,34.0571]],[[-74.9895,34.0912],[-74.9765,34.126],[-74.955,34.1448],[-74.925,34.1474],[-74.906,34.1383],[-74.898,34.1173],[-74.898,34.0966],[-74.906,34.0762],[-74.925,34.0612],[-74.955,34.0517],[-74.9765,34.0537],[-74.9895,34.067],[-74.9895,34.0912]]]}},{"type":"Feature","properties":{"c":"#00fb90","v0":0.05,"v1":0.25},"geometry":{"type":"Polygon","coordinates":[[[-83.4914,33.995],[-83.4548,34.0696],[-83.4249,34.1141],[-83.4016,34.1285],[-83.3749,34.1368],[-83.3448,34.1389],[-83.3191,34.111],[-83.2976,34.053],[-83.2927,34.0116],[-83.3041,33.9867],[-83.3499,33.9554],[-83.43,33.9178],[-83.4764,33.9012],[-83.4891,33.9057],[-83.4991,33.9203],[-83.5061,33.9452],[-83.4914,33.995]],[[-83.4409,33.9958],[-83.4336,34.039],[-83.415,34.0687],[-83.385,34.0851],[-83.3605,34.0718],[-83.3416,34.0289],[-83.3602,33.9991],[-83.4164,33.9825],[-83.4409,33.9958]]]}},{"type":"Feature","properties":{"c":"#00fb90","v0":0.05,"v1":0.25},"geometry":{"type":"Polygon","coordinates":[[[-75.7052,34.1164],[-75.6817,34.1356],[-75.66,34.1453],[-75.64,34.1456],[-75.6232,34.1401],[-75.6095,34.129],[-75.6095,34.1105],[-75.6232,34.0847],[-75.6517,34.0805],[-75.6952,34.0981],[-75.7052,34.1164]]]}},{"type":"Feature","properties":{"c":"#00fb90","v0":0.05,"v1":0.25},"geometry":{"type":"Polygon","coordinates":[[[-82.4736,34.085],[-82.4579,34.1075],[-82.44,34.1196],[-82.42,34.1213],[-82.415,34.1064],[-82.425,34.0752],[-82.44,34.0576],[-82.46,34.0536],[-82.4729,34.0571],[-82.4786,34.0682],[-82.4736,34.085]]]}},{"type":"Feature","properties":{"c":"#00fb90","v0":0.05,"v1":0.25},"geometry":{"type":"Polygon","coordinates":[[[-76.0586,33.7667],[-76.051,33.7833],[-76.0379,33.7944],[-76.0193,33.8001],[-75.97,33.7966],[-75.89,33.7837],[-75.8429,33.7975],[-75.8287,33.8379],[-75.7859,33.8705],[-75.7146,33.8954],[-75.6617,33.9261],[-75.6272,33.9626],[-75.58,33.996],[-75.52,34.0263],[-75.47,34.0391],[-75.43,34.0346],[-75.396,34.0179],[-75.3681,33.9888],[-75.3581,33.9606],[-75.366,33.9334],[-75.4359,33.8961],[-75.5676,33.8486],[-75.6376,33.8062],[-75.6459,33.7689],[-75.64,33.7512],[-75.62,33.7532],[-75.59,33.7695],[-75.55,33.8002],[-75.52,33.8144],[-75.5,33.812],[-75.4844,33.8019],[-75.4731,33.7839],[-75.4781,33.7642],[-75.4994,33.7428],[-75.535,33.7284],[-75.585,33.721],[-75.625,33.721],[-75.655,33.7284],[-75.6854,33.7262],[-75.7162,33.7144],[-75.7301,33.7001],[-75.7272,33.6835],[-75.7073,33.6668],[-75.6703,33.6502],[-75.6613,33.633],[-75.6804,33.6153],[-75.705,33.6057],[-75.735,33.6042],[-75.7594,33.6088],[-75.7781,33.6198],[-75.7981,33.6521],[-75.8194,33.7058],[-75.865,33.7235],[-75.935,33.7052],[-75.985,33.6995],[-76.015,33.7063],[-76.0381,33.7218],[-76.0543,33.7462],[-76.0586,33.7667]],[[-75.5496,33.7662],[-75.5365,33.782],[-75.5215,33.7862],[-75.5044,33.7787],[-75.4994,33.77],[-75.5065,33.76],[-75.5215,33.7558],[-75.5446,33.7575],[-75.5496,33.7662]],[[-76.0126,33.7641],[-75.9842,33.7756],[-75.9589,33.7714],[-75.9368,33.7516],[-75.9418,33.7373],[-75.9739,33.7285],[-75.9992,33.7327],[-76.0176,33.7498],[-76.0126,33.7641]],[[-75.7773,33.8317],[-75.7591,33.8453],[-75.73,33.8557],[-75.69,33.8628],[-75.65,33.8891],[-75.61,33.9345],[-75.58,33.9596],[-75.56,33.9642],[-75.5364,33.9601],[-75.5093,33.9474],[-75.5043,33.9245],[-75.5214,33.8913],[-75.5599,33.8716],[-75.62,33.8653],[-75.66,33.8451],[-75.68,33.8108],[-75.7,33.7873],[-75.72,33.7746],[-75.74,33.7725],[-75.76,33.781],[-75.7741,33.7952],[-75.7823,33.815],[-75.7773,33.8317]]]}},{"type":"Feature","properties":{"c":"#00fb90","v0":0.05,"v1":0.25},"geometry":{"type":"Polygon","coordinates":[[[-97.0655,33.9991],[-97.0397,34.0157],[-97.0244,34.0199],[-97.0194,34.0116],[-97.0252,33.9977],[-97.0417,33.9781],[-97.055,33.9677],[-97.065,33.9664],[-97.0721,33.972],[-97.0763,33.9846],[-97.0655,33.9991]]]}},{"type":"Feature","properties":{"c":"#00fb90","v0":0.05,"v1":0.25},"geometry":{"type":"Polygon","coordinates":[[[-75.3549,33.8527],[-75.3383,33.8751],[-75.295,33.9052],[-75.225,33.9428],[-75.168,33.9606],[-75.1239,33.9586],[-75.1081,33.9411],[-75.1208,33.9079],[-75.1528,33.8735],[-75.2043,33.8379],[-75.255,33.8161],[-75.305,33.8081],[-75.3383,33.8134],[-75.3549,33.8321],[-75.3549,33.8527]],[[-75.3008,33.8539],[-75.2756,33.8788],[-75.2347,33.9],[-75.1782,33.9175],[-75.17,33.9051],[-75.21,33.8627],[-75.2509,33.8414],[-75.2926,33.8414],[-75.3008,33.8539]]]}},{"type":"Feature","properties":{"c":"#00fb90","v0":0.05,"v1":0.25},"geometry":{"type":"Polygon","coordinates":[[[-75.9991,33.8997],[-75.9797,33.9167],[-75.9619,33.9208],[-75.9457,33.9122],[-75.9457,33.9004],[-75.9619,33.8854],[-75.9797,33.8813],[-75.9991,33.8879],[-75.9991,33.8997]]]}},{"type":"Feature","properties":{"c":"#00fb90","v0":0.05,"v1":0.25},"geometry":{"type":"Polygon","coordinates":[[[-97.3263,33.8498],[-97.2991,33.8664],[-97.2836,33.8705],[-97.2798,33.8622],[-97.286,33.8514],[-97.302,33.838],[-97.315,33.8294],[-97.325,33.8257],[-97.3325,33.8283],[-97.3374,33.8371],[-97.3263,33.8498]]]}},{"type":"Feature","properties":{"c":"#00fb90","v0":0.05,"v1":0.25},"geometry":{"type":"Polygon","coordinates":[[[-77.2435,33.1409],[-77.2329,33.1744],[-77.2132,33.2046],[-77.1844,33.2317],[-77.07,33.2986],[-76.87,33.4052],[-76.7697,33.4668],[-76.7692,33.4835],[-76.7952,33.5002],[-76.8479,33.5169],[-76.8682,33.553],[-76.8561,33.6085],[-76.8026,33.6334],[-76.7077,33.628],[-76.6277,33.663],[-76.5626,33.7384],[-76.475,33.7865],[-76.365,33.8073],[-76.295,33.8137],[-76.265,33.8056],[-76.24,33.7849],[-76.22,33.7517],[-76.1855,33.7159],[-76.1364,33.6776],[-76.1775,33.621],[-76.3086,33.5461],[-76.3872,33.4835],[-76.4133,33.4335],[-76.4427,33.3959],[-76.4752,33.3708],[-76.491,33.35],[-76.4899,33.3333],[-76.4661,33.3124],[-76.4197,33.2873],[-76.3948,33.2567],[-76.3916,33.2207],[-76.405,33.1996],[-76.435,33.1933],[-76.48,33.2069],[-76.54,33.2404],[-76.59,33.2549],[-76.63,33.2504],[-76.6741,33.2339],[-76.7222,33.2054],[-76.7479,33.1618],[-76.7512,33.1032],[-76.7721,33.0634],[-76.8107,33.0425],[-76.845,33.0154],[-76.875,32.982],[-76.9,32.9644],[-76.92,32.9627],[-76.94,32.9719],[-76.96,32.9921],[-77.03,33.022],[-77.15,33.0618],[-77.2197,33.0923],[-77.2391,33.1135],[-77.2435,33.1409]],[[-77.2157,33.1615],[-77.1852,33.2029],[-77.145,33.2307],[-77.095,33.2451],[-77.055,33.2672],[-77.025,33.2971],[-76.97,33.332],[-76.89,33.3718],[-76.8414,33.3876],[-76.8243,33.3792],[-76.8243,33.347],[-76.8414,33.2908],[-76.829,33.2783],[-76.7869,33.3094],[-76.7557,33.3667],[-76.7352,33.4502],[-76.7511,33.5044],[-76.8033,33.5294],[-76.8211,33.5544],[-76.8043,33.5794],[-76.7595,33.5944],[-76.6865,33.5995],[-76.6284,33.6203],[-76.5853,33.6569],[-76.5584,33.6918],[-76.5476,33.7251],[-76.5291,33.7504],[-76.503,33.7677],[-76.4349,33.7802],[-76.3247,33.7878],[-76.2697,33.778],[-76.2699,33.7509],[-76.2864,33.7301],[-76.3191,33.7157],[-76.3291,33.7024],[-76.3164,33.6902],[-76.285,33.6812],[-76.235,33.6755],[-76.2054,33.6649],[-76.1961,33.6496],[-76.2453,33.6085],[-76.3529,33.5419],[-76.4172,33.4877],[-76.4383,33.446],[-76.4648,33.4126],[-76.4967,33.3875],[-76.5264,33.3541],[-76.5541,33.3124],[-76.5815,33.2956],[-76.6086,33.304],[-76.6292,33.323],[-76.6431,33.3526],[-76.6492,33.3484],[-76.6476,33.3104],[-76.6623,33.2789],[-76.6933,33.2538],[-76.7291,33.2346],[-76.7697,33.2212],[-76.805,33.2248],[-76.835,33.2452],[-76.8577,33.2435],[-76.8731,33.2197],[-76.8686,33.1911],[-76.8441,33.1576],[-76.8364,33.1267],[-76.8455,33.0984],[-76.875,33.0712],[-76.925,33.0449],[-76.965,33.0351],[-76.995,33.0419],[-77.0174,33.0608],[-77.0321,33.0918],[-77.0293,33.1241],[-77.0089,33.1576],[-77.0015,33.1789],[-77.0072,33.1881],[-77.025,33.19],[-77.055,33.1847],[-77.09,33.1595],[-77.13,33.1146],[-77.165,33.0941],[-77.195,33.0981],[-77.2152,33.1103],[-77.2257,33.1307],[-77.2157,33.1615]],[[-76.4902,33.2775],[-76.4767,33.2829],[-76.4644,33.2788],[-76.4533,33.2649],[-76.4533,33.2555],[-76.4644,33.2505],[-76.4767,33.2546],[-76.4902,33.268],[-76.4902,33.2775]]]}},{"type":"Feature","properties":{"c":"#00fb90","v0":0.05,"v1":0.25},"geometry":{"type":"Polygon","coordinates":[[[-94.3761,33.613],[-94.332,33.6884],[-94.295,33.7309],[-94.265,33.7403],[-94.2444,33.7151],[-94.2331,33.6552],[-94.2581,33.6105],[-94.3194,33.5812],[-94.362,33.5687],[-94.3861,33.5731],[-94.3761,33.613]]]}},{"type":"Feature","properties":{"c":"#00fb90","v0":0.05,"v1":0.25},"geometry":{"type":"Polygon","coordinates":[[[-84.9407,33.4001],[-84.9237,33.4502],[-84.8905,33.4877],[-84.8414,33.5127],[-84.8051,33.5519],[-84.7817,33.6051],[-84.755,33.6423],[-84.725,33.6633],[-84.7,33.6706],[-84.68,33.6642],[-84.66,33.6521],[-84.64,33.6342],[-84.6315,33.6169],[-84.6344,33.6002],[-84.6836,33.5336],[-84.7791,33.4168],[-84.8476,33.3528],[-84.8892,33.3418],[-84.9198,33.3459],[-84.9395,33.3653],[-84.9407,33.4001]],[[-84.7701,33.574],[-84.7567,33.6049],[-84.734,33.6215],[-84.7019,33.624],[-84.6834,33.6169],[-84.6785,33.6002],[-84.6845,33.5773],[-84.7015,33.5482],[-84.72,33.5297],[-84.74,33.5219],[-84.7567,33.5281],[-84.7701,33.5484],[-84.7701,33.574]],[[-84.8941,33.4378],[-84.878,33.463],[-84.8584,33.4714],[-84.8353,33.4628],[-84.8303,33.4412],[-84.8434,33.4066],[-84.86,33.3883],[-84.88,33.3863],[-84.893,33.3952],[-84.8991,33.4151],[-84.8941,33.4378]]]}},{"type":"Feature","properties":{"c":"#00fb90","v0":0.05,"v1":0.25},"geometry":{"type":"Polygon","coordinates":[[[-84.231,33.5516],[-84.217,33.571],[-84.19,33.5866],[-84.15,33.5984],[-84.126,33.6012],[-84.118,33.595],[-84.123,33.577],[-84.141,33.5472],[-84.172,33.5347],[-84.216,33.5395],[-84.231,33.5516]]]}},{"type":"Feature","properties":{"c":"#00fb90","v0":0.05,"v1":0.25},"geometry":{"type":"Polygon","coordinates":[[[-94.8267,33.4828],[-94.7889,33.4979],[-94.7599,33.5021],[-94.7397,33.4953],[-94.7347,33.4827],[-94.7449,33.4642],[-94.77,33.4543],[-94.81,33.4528],[-94.8339,33.4578],[-94.8417,33.4694],[-94.8267,33.4828]]]}},{"type":"Feature","properties":{"c":"#00fb90","v0":0.05,"v1":0.25},"geometry":{"type":"Polygon","coordinates":[[[-95.4701,33.447],[-95.4567,33.4572],[-95.45,33.4571],[-95.45,33.4465],[-95.455,33.4375],[-95.465,33.43],[-95.4717,33.4301],[-95.4751,33.4379],[-95.4701,33.447]]]}},{"type":"Feature","properties":{"c":"#00fb90","v0":0.05,"v1":0.25},"geometry":{"type":"Polygon","coordinates":[[[-83.5561,33.2584],[-83.5387,33.2926],[-83.51,33.3148],[-83.47,33.325],[-83.3977,33.358],[-83.293,33.4139],[-83.213,33.4393],[-83.1577,33.4344],[-83.1179,33.426],[-83.0938,33.4143],[-83.0888,33.3969],[-83.1029,33.3737],[-83.16,33.3434],[-83.26,33.306],[-83.345,33.284],[-83.415,33.2775],[-83.47,33.261],[-83.51,33.2345],[-83.5387,33.2263],[-83.5561,33.2363],[-83.5561,33.2584]],[[-83.258,33.3821],[-83.2393,33.3964],[-83.2238,33.4006],[-83.2115,33.3947],[-83.2115,33.3855],[-83.2238,33.3729],[-83.2393,33.3688],[-83.258,33.3729],[-83.258,33.3821]]]}},{"type":"Feature","properties":{"c":"#00fb90","v0":0.05,"v1":0.25},"geometry":{"type":"Polygon","coordinates":[[[-76.2177,33.3374],[-76.2056,33.3625],[-76.1854,33.3708],[-76.1572,33.3625],[-76.1498,33.3427],[-76.1633,33.3116],[-76.18,33.2966],[-76.2,33.2977],[-76.2134,33.3049],[-76.2203,33.3182],[-76.2177,33.3374]]]}},{"type":"Feature","properties":{"c":"#00fb90","v0":0.05,"v1":0.25},"geometry":{"type":"Polygon","coordinates":[[[-83.9143,33.1115],[-83.888,33.1534],[-83.8436,33.1961],[-83.7812,33.2396],[-83.7426,33.2605],[-83.7279,33.2589],[-83.7185,33.2371],[-83.7143,33.1953],[-83.7467,33.1526],[-83.8156,33.1091],[-83.8694,33.0881],[-83.9081,33.0898],[-83.9143,33.1115]]]}},{"type":"Feature","properties":{"c":"#00fb90","v0":0.05,"v1":0.25},"geometry":{"type":"Polygon","coordinates":[[[-79.8986,32.8893],[-79.8899,32.9229],[-79.8521,32.9732],[-79.7851,33.0403],[-79.7362,33.1066],[-79.7054,33.172],[-79.66,33.2119],[-79.6,33.2263],[-79.5667,33.2229],[-79.56,33.2017],[-79.575,33.1398],[-79.6117,33.0371],[-79.6709,32.9364],[-79.7526,32.8378],[-79.8083,32.7842],[-79.8381,32.7758],[-79.8655,32.7969],[-79.8904,32.8473],[-79.8986,32.8893]]]}},{"type":"Feature","properties":{"c":"#00fb90","v0":0.05,"v1":0.25},"geometry":{"type":"Polygon","coordinates":[[[-99.0187,33.1434],[-99.0129,33.1819],[-99.005,33.2038],[-98.995,33.2091],[-98.985,33.1898],[-98.975,33.146],[-98.975,33.1166],[-98.985,33.1015],[-98.9979,33.1015],[-99.0137,33.1166],[-99.0187,33.1434]]]}},{"type":"Feature","properties":{"c":"#00fb90","v0":0.05,"v1":0.25},"geometry":{"type":"Polygon","coordinates":[[[-77.9315,32.8305],[-77.9253,32.8473],[-77.8925,32.8809],[-77.833,32.9313],[-77.7399,32.9938],[-77.6133,33.0686],[-77.525,33.1006],[-77.475,33.0901],[-77.42,33.0931],[-77.36,33.1098],[-77.3176,33.1112],[-77.2929,33.0975],[-77.2801,33.0655],[-77.2793,33.0152],[-77.2907,32.9606],[-77.3146,32.9019],[-77.3574,32.8516],[-77.4191,32.8097],[-77.4739,32.7887],[-77.5217,32.7885],[-77.5323,32.8011],[-77.5058,32.8263],[-77.497,32.8451],[-77.5057,32.8577],[-77.56,32.8656],[-77.66,32.869],[-77.7502,32.8543],[-77.8306,32.8216],[-77.8806,32.8045],[-77.9002,32.8031],[-77.9161,32.8073],[-77.9284,32.8171],[-77.9315,32.8305]],[[-77.7313,32.9596],[-77.6638,32.9993],[-77.6171,33.0203],[-77.5913,33.0225],[-77.5763,33.0131],[-77.5721,32.9921],[-77.5546,32.9963],[-77.5238,33.0256],[-77.4738,33.0528],[-77.4046,33.0777],[-77.36,33.0914],[-77.34,33.094],[-77.324,33.0899],[-77.312,33.0792],[-77.3192,33.0319],[-77.3454,32.948],[-77.3714,32.8945],[-77.3971,32.8712],[-77.42,32.8683],[-77.44,32.8857],[-77.49,32.8967],[-77.57,32.9015],[-77.61,32.921],[-77.61,32.9552],[-77.64,32.9608],[-77.7,32.9376],[-77.7388,32.9295],[-77.7563,32.9363],[-77.7313,32.9596]]]}},{"type":"Feature","properties":{"c":"#00fb90","v0":0.05,"v1":0.25},"geometry":{"type":"Polygon","coordinates":[[[-95.2827,33.0631],[-95.2609,33.0752],[-95.255,33.069],[-95.265,33.0445],[-95.2759,33.0385],[-95.2877,33.0509],[-95.2827,33.0631]]]}},{"type":"Feature","properties":{"c":"#00fb90","v0":0.05,"v1":0.25},"geometry":{"type":"Polygon","coordinates":[[[-83.8113,32.9845],[-83.7971,33.0072],[-83.7859,33.0156],[-83.7777,33.0097],[-83.7777,32.993],[-83.7859,32.9654],[-83.795,32.9508],[-83.805,32.9494],[-83.8121,32.9548],[-83.8163,32.9671],[-83.8113,32.9845]]]}},{"type":"Feature","properties":{"c":"#00fb90","v0":0.05,"v1":0.25},"geometry":{"type":"Polygon","coordinates":[[[-84.0525,32.9383],[-84.0375,32.9691],[-84.02,32.9869],[-84.0,32.9919],[-83.9887,32.9849],[-83.986,32.9659],[-83.996,32.9422],[-84.0187,32.9136],[-84.035,32.8989],[-84.045,32.8981],[-84.0525,32.904],[-84.0575,32.9166],[-84.0525,32.9383]]]}},{"type":"Feature","properties":{"c":"#00fb90","v0":0.05,"v1":0.25},"geometry":{"type":"Polygon","coordinates":[[[-81.0979,28.2326],[-81.0855,28.2854],[-81.0601,28.3163],[-81.0216,28.3251],[-80.9923,28.3383],[-80.9721,28.3559],[-80.974,28.396],[-80.998,28.4585],[-81.0,28.4894],[-80.98,28.4886],[-80.95,28.4755],[-80.91,28.4503],[-80.88,28.4404],[-80.86,28.4459],[-80.835,28.4773],[-80.805,28.5346],[-80.735,28.6071],[-80.625,28.6948],[-80.567,28.7461],[-80.5609,28.7612],[-80.573,28.83],[-80.6033,28.9526],[-80.6518,29.0488],[-80.7183,29.1188],[-80.7685,29.1843],[-80.8023,29.2454],[-80.8171,29.3108],[-80.8127,29.3805],[-80.8206,29.4459],[-80.8405,29.5068],[-80.8304,29.5424],[-80.7901,29.5525],[-80.76,29.5665],[-80.74,29.5842],[-80.6991,29.5965],[-80.6373,29.6034],[-80.6244,29.6634],[-80.6606,29.7763],[-80.6675,29.85],[-80.6453,29.8847],[-80.6421,29.9367],[-80.658,30.006],[-80.657,30.0462],[-80.639,30.0573],[-80.61,30.0495],[-80.57,30.0229],[-80.54,30.0102],[-80.52,30.0115],[-80.4939,30.0712],[-80.4618,30.1893],[-80.4518,30.2553],[-80.4639,30.2694],[-80.485,30.2728],[-80.515,30.2656],[-80.5435,30.2931],[-80.5705,30.3553],[-80.6336,30.4467],[-80.7329,30.5674],[-80.7875,30.6491],[-80.7973,30.6921],[-80.7863,30.7265],[-80.7543,30.7523],[-80.7361,30.7738],[-80.7317,30.791],[-80.738,30.8254],[-80.7548,30.8769],[-80.7605,30.9241],[-80.755,30.967],[-80.7591,31.0184],[-80.7729,31.0784],[-80.7723,31.1087],[-80.7574,31.1095],[-80.735,31.095],[-80.705,31.0653],[-80.665,31.05],[-80.615,31.0493],[-80.575,31.0562],[-80.545,31.0707],[-80.5077,31.1412],[-80.463,31.2676],[-80.4411,31.3563],[-80.442,31.4076],[-80.4343,31.4377],[-80.4181,31.4467],[-80.3935,31.4296],[-80.3606,31.3865],[-80.2956,31.3378],[-80.1985,31.2836],[-80.1514,31.2451],[-80.1543,31.2224],[-80.1714,31.2025],[-80.2028,31.1854],[-80.2183,31.1554],[-80.2178,31.1126],[-80.2269,31.0784],[-80.2456,31.0527],[-80.2541,31.0312],[-80.2525,31.0141],[-80.2313,30.9933],[-80.1904,30.9688],[-80.145,30.9597],[-80.095,30.966],[-80.0762,30.9997],[-80.0886,31.0607],[-80.0752,31.1083],[-80.0359,31.1426],[-79.9989,31.1897],[-79.9641,31.2495],[-79.9691,31.3136],[-80.0139,31.3819],[-80.0124,31.4545],[-79.9645,31.5312],[-79.9308,31.6164],[-79.9113,31.7101],[-79.8618,31.7994],[-79.7823,31.8843],[-79.7518,31.9565],[-79.7706,32.0159],[-79.7524,32.0547],[-79.6975,32.0731],[-79.645,32.0698],[-79.595,32.0448],[-79.5539,32.0653],[-79.5216,32.1312],[-79.4566,32.1904],[-79.3589,32.2428],[-79.29,32.2655],[-79.25,32.2585],[-79.2127,32.245],[-79.1782,32.2249],[-79.1563,32.2065],[-79.1471,32.1895],[-79.1449,32.1641],[-79.1496,32.1303],[-79.1414,32.1114],[-79.1205,32.1075],[-79.1014,32.1159],[-79.0843,32.1368],[-79.0714,32.1768],[-79.0628,32.2361],[-79.0869,32.2699],[-79.1435,32.2784],[-79.1752,32.3079],[-79.1821,32.3586],[-79.207,32.4051],[-79.2498,32.4473],[-79.2439,32.5359],[-79.1895,32.6707],[-79.1242,32.7589],[-79.0481,32.8008],[-78.985,32.8289],[-78.935,32.8433],[-78.895,32.8683],[-78.865,32.904],[-78.825,32.9328],[-78.775,32.9546],[-78.72,32.9708],[-78.66,32.9812],[-78.6,32.9847],[-78.54,32.9815],[-78.49,32.9708],[-78.45,32.9525],[-78.41,32.943],[-78.37,32.9422],[-78.3416,32.9203],[-78.3247,32.8772],[-78.319,32.8221],[-78.3244,32.7548],[-78.3158,32.6959],[-78.293,32.6454],[-78.2619,32.6075],[-78.2226,32.5822],[-78.204,32.5569],[-78.2061,32.5317],[-78.2329,32.5021],[-78.2847,32.4684],[-78.3154,32.4385],[-78.3251,32.4125],[-78.365,32.3867],[-78.435,32.361],[-78.4769,32.3191],[-78.4908,32.2609],[-78.5215,32.2022],[-78.5692,32.143],[-78.6222,32.0849],[-78.6807,32.0281],[-78.7424,31.9899],[-78.8071,31.9705],[-78.8448,31.9522],[-78.8556,31.9353],[-78.8581,31.914],[-78.8523,31.8886],[-78.8846,31.8442],[-78.9549,31.781],[-79.0,31.7486],[-79.02,31.7472],[-79.04,31.7575],[-79.06,31.7796],[-79.0835,31.7949],[-79.1104,31.8035],[-79.1354,31.8414],[-79.1585,31.9083],[-79.19,31.9462],[-79.23,31.955],[-79.285,31.9462],[-79.355,31.9198],[-79.4057,31.865],[-79.437,31.7816],[-79.4437,31.7101],[-79.4257,31.6505],[-79.4382,31.5952],[-79.4811,31.544],[-79.4919,31.5014],[-79.4708,31.4673],[-79.4627,31.4425],[-79.4676,31.4271],[-79.54,31.3752],[-79.68,31.2867],[-79.7645,31.226],[-79.7934,31.1932],[-79.8284,31.1757],[-79.8695,31.1734],[-79.9024,31.1563],[-79.9272,31.1243],[-79.9405,31.0912],[-79.9422,31.057],[-79.9348,31.0337],[-79.9183,31.0214],[-79.875,31.0227],[-79.805,31.0375],[-79.7643,31.0394],[-79.7529,31.0282],[-79.7715,30.9927],[-79.82,30.9326],[-79.8457,30.861],[-79.8486,30.7778],[-79.86,30.7319],[-79.88,30.7232],[-79.905,30.7332],[-79.935,30.7619],[-79.9627,30.7606],[-79.988,30.7293],[-79.9872,30.6749],[-79.9604,30.5975],[-79.9501,30.5157],[-79.9562,30.4295],[-79.9669,30.381],[-79.9823,30.3702],[-80.005,30.3902],[-80.035,30.4408],[-80.07,30.4668],[-80.11,30.4679],[-80.1383,30.4523],[-80.155,30.4199],[-80.1652,30.3777],[-80.1687,30.326],[-80.1861,30.2785],[-80.2173,30.2353],[-80.2276,30.1748],[-80.217,30.0969],[-80.1897,30.0407],[-80.1457,30.006],[-80.1267,29.9714],[-80.1327,29.9367],[-80.1184,29.8977],[-80.0839,29.8544],[-80.0641,29.8023],[-80.059,29.7415],[-80.0669,29.6894],[-80.088,29.646],[-80.073,29.5982],[-80.0222,29.546],[-80.0139,29.4938],[-80.0482,29.4415],[-80.0647,29.3805],[-80.0633,29.3108],[-80.0232,29.241],[-79.9445,29.1712],[-79.9087,29.1275],[-79.9159,29.11],[-79.9481,29.0969],[-80.0054,29.0882],[-80.0402,29.0663],[-80.0525,29.0314],[-80.0414,28.9649],[-80.0071,28.8669],[-79.9381,28.7837],[-79.8343,28.7152],[-79.7872,28.6547],[-79.7968,28.602],[-79.8151,28.5581],[-79.8419,28.523],[-79.8501,28.479],[-79.8396,28.4263],[-79.797,28.3647],[-79.7222,28.2942],[-79.6605,28.2458],[-79.6119,28.2194],[-79.5827,28.1973],[-79.573,28.1797],[-79.5736,28.1636],[-79.5845,28.1489],[-79.61,28.1499],[-79.65,28.1665],[-79.7263,28.2223],[-79.8388,28.3172],[-79.9224,28.3647],[-79.9771,28.3647],[-80.0174,28.3471],[-80.0435,28.3119],[-80.0665,28.2414],[-80.0866,28.1356],[-80.119,28.0562],[-80.1639,28.0033],[-80.1602,27.9326],[-80.1081,27.8442],[-80.0808,27.7734],[-80.0783,27.7203],[-80.0616,27.6716],[-80.0308,27.6273],[-80.0046,27.5564],[-79.9832,27.4588],[-79.9919,27.3988],[-80.0306,27.3762],[-80.065,27.3633],[-80.095,27.3599],[-80.2,27.4],[-80.38,27.4835],[-80.5488,27.5896],[-80.7064,27.7181],[-80.8078,27.8265],[-80.8529,27.9149],[-80.9326,28.0209],[-81.047,28.1444],[-81.0979,28.2326]],[[-78.833,32.8818],[-78.8177,32.9003],[-78.765,32.9225],[-78.675,32.9483],[-78.6,32.9548],[-78.54,32.942],[-78.495,32.9268],[-78.465,32.9093],[-78.435,32.9002],[-78.405,32.8995],[-78.3843,32.8756],[-78.3728,32.8287],[-78.3828,32.7908],[-78.4143,32.7618],[-78.465,32.7459],[-78.535,32.7433],[-78.63,32.7644],[-78.75,32.8094],[-78.8177,32.842],[-78.833,32.8623],[-78.833,32.8818]],[[-79.9352,30.9084],[-79.9184,30.92],[-79.91,30.9136],[-79.91,30.889],[-79.9184,30.8832],[-79.9352,30.8961],[-79.9352,30.9084]],[[-79.896,30.8057],[-79.892,30.8178],[-79.8857,30.8178],[-79.8771,30.8057],[-79.8771,30.7958],[-79.8857,30.7882],[-79.892,30.7882],[-79.896,30.7958],[-79.896,30.8057]],[[-80.7445,29.289],[-80.69,29.3152],[-80.6674,29.3544],[-80.6768,29.4067],[-80.6701,29.4589],[-80.6472,29.5112],[-80.6184,29.5503],[-80.5835,29.5764],[-80.5721,29.6649],[-80.584,29.8155],[-80.55,29.9131],[-80.47,29.9577],[-80.4086,29.9648],[-80.3658,29.9345],[-80.3333,29.8934],[-80.3111,29.8414],[-80.2655,29.7893],[-80.1964,29.7372],[-80.1611,29.7025],[-80.1597,29.6851],[-80.1697,29.659],[-80.1909,29.6243],[-80.1913,29.5851],[-80.1711,29.5416],[-80.1721,29.5025],[-80.1942,29.4676],[-80.2063,29.4372],[-80.2084,29.411],[-80.1728,29.3282],[-80.0995,29.1886],[-80.0696,29.11],[-80.0832,29.0926],[-80.1,29.0854],[-80.12,29.0884],[-80.155,29.1166],[-80.205,29.1699],[-80.24,29.1803],[-80.26,29.1479],[-80.275,29.133],[-80.285,29.1356],[-80.305,29.1561],[-80.335,29.1944],[-80.36,29.2174],[-80.38,29.225],[-80.3955,29.2232],[-80.4065,29.2118],[-80.4015,29.1825],[-80.3805,29.1353],[-80.385,29.1122],[-80.415,29.1132],[-80.455,29.1318],[-80.505,29.168],[-80.545,29.1581],[-80.575,29.1021],[-80.625,29.0966],[-80.695,29.1418],[-80.7404,29.1922],[-80.7613,29.248],[-80.7445,29.289]],[[-80.7588,30.6834],[-80.7529,30.6918],[-80.7414,30.6918],[-80.7242,30.6834],[-80.703,30.6534],[-80.6775,30.6018],[-80.6861,30.591],[-80.7287,30.621],[-80.7529,30.6468],[-80.7588,30.6684],[-80.7588,30.6834]],[[-80.6906,30.9549],[-80.6502,30.9907],[-80.61,31.0084],[-80.57,31.0079],[-80.535,31.0231],[-80.505,31.0542],[-80.47,31.1334],[-80.43,31.2607],[-80.4,31.3257],[-80.38,31.3287],[-80.3292,31.3089],[-80.2477,31.2665],[-80.2194,31.2281],[-80.2444,31.1939],[-80.2571,31.1554],[-80.2576,31.1126],[-80.2761,31.0741],[-80.3125,31.0398],[-80.3358,31.0012],[-80.3459,30.9584],[-80.3643,30.9155],[-80.3911,30.8726],[-80.4247,30.8382],[-80.4651,30.8125],[-80.4785,30.7738],[-80.4651,30.7222],[-80.4626,30.6878],[-80.4708,30.6706],[-80.4887,30.6628],[-80.5162,30.6644],[-80.56,30.7265],[-80.62,30.849],[-80.6652,30.9169],[-80.6956,30.9302],[-80.6906,30.9549]],[[-79.9637,31.4405],[-79.9412,31.4894],[-79.92,31.5185],[-79.9,31.5278],[-79.8805,31.5289],[-79.8615,31.5219],[-79.8538,31.4886],[-79.8574,31.4289],[-79.8647,31.3905],[-79.8757,31.3734],[-79.8934,31.3606],[-79.9178,31.352],[-79.9412,31.3648],[-79.9637,31.399],[-79.9637,31.4405]],[[-79.8668,31.6975],[-79.8423,31.749],[-79.8,31.7831],[-79.74,31.7999],[-79.683,31.8294],[-79.6291,31.8717],[-79.5998,31.914],[-79.5951,31.9565],[-79.5733,31.9947],[-79.5345,32.0286],[-79.5038,32.0743],[-79.4813,32.1319],[-79.455,32.1636],[-79.425,32.1694],[-79.39,32.1875],[-79.35,32.2176],[-79.295,32.2236],[-79.225,32.2053],[-79.19,32.181],[-79.19,32.1505],[-79.205,32.1266],[-79.235,32.1091],[-79.265,32.0723],[-79.295,32.0162],[-79.343,31.96],[-79.409,31.9039],[-79.4581,31.8291],[-79.4902,31.7356],[-79.4975,31.6718],[-79.4799,31.6377],[-79.5128,31.5909],[-79.5963,31.5312],[-79.6259,31.4801],[-79.6017,31.4374],[-79.5947,31.4018],[-79.6049,31.3733],[-79.64,31.3432],[-79.7,31.3116],[-79.7423,31.296],[-79.7669,31.2964],[-79.7848,31.3093],[-79.7959,31.335],[-79.789,31.3734],[-79.7642,31.4246],[-79.7761,31.4673],[-79.8246,31.5014],[-79.8445,31.527],[-79.8358,31.544],[-79.8092,31.5611],[-79.7649,31.5781],[-79.7161,31.6079],[-79.663,31.6505],[-79.6348,31.7004],[-79.6316,31.7576],[-79.645,31.7872],[-79.675,31.7893],[-79.71,31.7583],[-79.75,31.694],[-79.79,31.6569],[-79.83,31.6469],[-79.8573,31.6494],[-79.8718,31.6643],[-79.8668,31.6975]],[[-79.1904,32.4684],[-79.1702,32.5021],[-79.164,32.5359],[-79.172,32.5696],[-79.1645,32.6216],[-79.1415,32.6917],[-79.1207,32.7212],[-79.1022,32.7099],[-79.0972,32.6847],[-79.1057,32.6455],[-79.095,32.6268],[-79.065,32.6286],[-79.03,32.6454],[-78.99,32.6771],[-78.9613,32.6874],[-78.9439,32.6763],[-78.9335,32.6538],[-78.9301,32.6201],[-78.9138,32.5913],[-78.8846,32.5673],[-78.81,32.5721],[-78.69,32.6055],[-78.6,32.6187],[-78.54,32.6117],[-78.5026,32.6027],[-78.4878,32.5919],[-78.4877,32.5654],[-78.5022,32.5232],[-78.5572,32.4431],[-78.6528,32.3248],[-78.7037,32.2488],[-78.7098,32.2149],[-78.6971,32.1938],[-78.6657,32.1853],[-78.6482,32.1684],[-78.6445,32.143],[-78.6513,32.1133],[-78.6687,32.0794],[-78.6906,32.0516],[-78.7169,32.0299],[-78.76,32.0253],[-78.82,32.0378],[-78.87,32.0329],[-78.91,32.0107],[-78.96,32.0027],[-79.02,32.0089],[-79.0521,32.0204],[-79.0562,32.0372],[-79.0351,32.0794],[-78.9886,32.1472],[-78.9593,32.2065],[-78.9472,32.2572],[-78.9534,32.3026],[-78.9778,32.3425],[-79.005,32.3587],[-79.035,32.3511],[-79.0661,32.3353],[-79.0983,32.3114],[-79.1248,32.2995],[-79.1457,32.2995],[-79.1604,32.3079],[-79.1692,32.3248],[-79.1702,32.3502],[-79.1635,32.384],[-79.1702,32.4135],[-79.1904,32.4389],[-79.1904,32.4684]],[[-80.5512,28.9485],[-80.5504,28.9579],[-80.545,28.9616],[-80.535,28.9596],[-80.525,28.945],[-80.515,28.9178],[-80.5204,28.9141],[-80.5412,28.934],[-80.5512,28.9485]],[[-80.4574,28.6635],[-80.4463,28.6635],[-80.4431,28.6585],[-80.4477,28.6485],[-80.4532,28.6485],[-80.4597,28.6585],[-80.4574,28.6635]],[[-81.0047,28.2134],[-80.9949,28.2278],[-80.975,28.2345],[-80.945,28.2334],[-80.915,28.2415],[-80.885,28.2587],[-80.8639,28.2476],[-80.8516,28.2082],[-80.8279,28.1929],[-80.7928,28.2017],[-80.7739,28.215],[-80.7712,28.2326],[-80.7832,28.2546],[-80.8099,28.281],[-80.8314,28.3163],[-80.8477,28.3603],[-80.8335,28.3999],[-80.7888,28.435],[-80.7591,28.4702],[-80.7446,28.5054],[-80.7105,28.5383],[-80.6568,28.5691],[-80.605,28.5796],[-80.555,28.5696],[-80.505,28.5507],[-80.455,28.5226],[-80.4,28.5106],[-80.34,28.5145],[-80.295,28.5363],[-80.265,28.5758],[-80.225,28.5801],[-80.175,28.5491],[-80.12,28.5283],[-80.06,28.5175],[-80.0127,28.5017],[-79.9781,28.4807],[-79.9581,28.4564],[-79.9527,28.4287],[-79.995,28.4089],[-80.085,28.397],[-80.17,28.4099],[-80.25,28.4475],[-80.2963,28.4585],[-80.3089,28.4429],[-80.3045,28.4087],[-80.2828,28.3559],[-80.2602,28.3163],[-80.2366,28.2898],[-80.2261,28.2524],[-80.2287,28.2038],[-80.2123,28.1642],[-80.1768,28.1334],[-80.1818,28.1128],[-80.2273,28.1025],[-80.2608,28.0848],[-80.2824,28.0599],[-80.2821,28.0342],[-80.2599,28.0077],[-80.2352,27.9591],[-80.2081,27.8884],[-80.1797,27.8354],[-80.1499,27.8],[-80.1232,27.7469],[-80.0995,27.676],[-80.0933,27.6315],[-80.1044,27.6133],[-80.1368,27.6089],[-80.1905,27.6182],[-80.1955,27.5963],[-80.1519,27.5431],[-80.1351,27.4949],[-80.145,27.4518],[-80.225,27.4591],[-80.375,27.5169],[-80.49,27.5843],[-80.57,27.6612],[-80.645,27.723],[-80.715,27.7697],[-80.7591,27.8125],[-80.7772,27.8513],[-80.7776,27.8884],[-80.7602,27.9238],[-80.7557,27.9547],[-80.7641,27.9812],[-80.7837,28.011],[-80.8146,28.0442],[-80.8616,28.0706],[-80.9248,28.0904],[-80.9697,28.1268],[-80.9963,28.1797],[-81.0047,28.2134]],[[-80.2015,28.7336],[-80.1893,28.7687],[-80.1499,28.7868],[-80.0833,28.7878],[-80.0086,28.7527],[-79.9258,28.6815],[-79.8863,28.624],[-79.8902,28.5801],[-79.9016,28.5527],[-79.9205,28.542],[-79.95,28.5409],[-79.99,28.5494],[-80.0496,28.5811],[-80.1288,28.636],[-80.1782,28.6766],[-80.1978,28.7029],[-80.2015,28.7336]],[[-80.1609,28.9838],[-80.1536,28.9935],[-80.135,28.9897],[-80.105,28.9723],[-80.0813,28.95],[-80.0638,28.9226],[-80.0682,28.9089],[-80.0944,28.9089],[-80.1218,28.9264],[-80.1503,28.9614],[-80.1609,28.9838]],[[-80.6936,30.8718],[-80.6912,30.8788],[-80.6846,30.8745],[-80.6738,30.8589],[-80.675,30.8554],[-80.6882,30.864],[-80.6936,30.8718]],[[-80.5659,30.4978],[-80.5553,30.5139],[-80.52,30.517],[-80.46,30.5071],[-80.4199,30.5078],[-80.3998,30.5188],[-80.3805,30.5544],[-80.362,30.6147],[-80.3538,30.662],[-80.3558,30.6964],[-80.3395,30.7394],[-80.3049,30.791],[-80.2885,30.8382],[-80.2903,30.8812],[-80.2859,30.9101],[-80.2753,30.9252],[-80.202,30.9295],[-80.066,30.923],[-79.993,30.894],[-79.9831,30.8425],[-79.9861,30.801],[-80.002,30.7696],[-80.02,30.748],[-80.04,30.7362],[-80.07,30.7439],[-80.11,30.7712],[-80.136,30.78],[-80.1481,30.7701],[-80.1431,30.7359],[-80.121,30.6772],[-80.1,30.6575],[-80.08,30.677],[-80.0534,30.6719],[-80.0202,30.6424],[-79.9961,30.6061],[-79.9812,30.5631],[-79.9778,30.5289],[-79.9859,30.5035],[-80.03,30.5014],[-80.11,30.5225],[-80.165,30.5063],[-80.195,30.4527],[-80.2237,30.4203],[-80.2511,30.4092],[-80.2711,30.3923],[-80.2837,30.3696],[-80.3,30.3532],[-80.32,30.3431],[-80.355,30.3452],[-80.405,30.3594],[-80.44,30.3819],[-80.46,30.4127],[-80.49,30.4337],[-80.53,30.4447],[-80.5553,30.4602],[-80.5659,30.4799],[-80.5659,30.4978]],[[-80.4242,30.1445],[-80.417,30.1791],[-80.4025,30.2041],[-80.3808,30.2195],[-80.3437,30.2065],[-80.2912,30.1652],[-80.2712,30.1283],[-80.2837,30.0959],[-80.31,30.0766],[-80.35,30.0702],[-80.3814,30.0691],[-80.4042,30.0732],[-80.4186,30.0883],[-80.4247,30.1142],[-80.4242,30.1445]]]}},{"type":"Feature","properties":{"c":"#00fb90","v0":0.05,"v1":0.25},"geometry":{"type":"Polygon","coordinates":[[[-77.0937,32.9342],[-77.0779,32.9568],[-77.055,32.9683],[-77.025,32.9686],[-76.9985,32.9614],[-76.9755,32.9469],[-76.9543,32.9187],[-76.9349,32.8767],[-76.9514,32.8395],[-77.0038,32.807],[-77.0479,32.8238],[-77.0837,32.8899],[-77.0937,32.9342]],[[-77.0678,32.929],[-77.0559,32.9411],[-77.04,32.9451],[-77.02,32.941],[-77.0006,32.9182],[-76.9817,32.8765],[-76.9817,32.855],[-77.0006,32.8537],[-77.0259,32.8705],[-77.0578,32.9054],[-77.0678,32.929]]]}},{"type":"Feature","properties":{"c":"#00fb90","v0":0.05,"v1":0.25},"geometry":{"type":"Polygon","coordinates":[[[-81.8934,32.9113],[-81.8911,32.9218],[-81.8807,32.9218],[-81.862,32.9113],[-81.8631,32.9061],[-81.8841,32.9061],[-81.8934,32.9113]]]}},{"type":"Feature","properties":{"c":"#00fb90","v0":0.05,"v1":0.25},"geometry":{"type":"Polygon","coordinates":[[[-80.6655,32.546],[-80.6418,32.5999],[-80.595,32.6522],[-80.525,32.703],[-80.47,32.7503],[-80.43,32.7941],[-80.375,32.8262],[-80.305,32.8467],[-80.25,32.8696],[-80.21,32.8947],[-80.1933,32.8944],[-80.2,32.8686],[-80.245,32.8097],[-80.3283,32.7176],[-80.4,32.6707],[-80.46,32.669],[-80.5214,32.6393],[-80.5842,32.5816],[-80.6242,32.5358],[-80.6414,32.5019],[-80.6568,32.4934],[-80.6705,32.5105],[-80.6655,32.546]]]}},{"type":"Feature","properties":{"c":"#00fb90","v0":0.05,"v1":0.25},"geometry":{"type":"Polygon","coordinates":[[[-95.1922,32.5359],[-95.1649,32.6033],[-95.0888,32.6791],[-94.9639,32.7632],[-94.8836,32.8036],[-94.8479,32.8003],[-94.8198,32.7793],[-94.7994,32.7405],[-94.7881,32.7043],[-94.7858,32.6707],[-94.791,32.6434],[-94.8037,32.6226],[-94.8348,32.5974],[-94.8845,32.5676],[-94.9243,32.5232],[-94.9541,32.4642],[-95.0043,32.417],[-95.0748,32.3817],[-95.1084,32.3817],[-95.1051,32.417],[-95.1251,32.4409],[-95.1684,32.4533],[-95.194,32.4702],[-95.2019,32.4915],[-95.1922,32.5359]]]}},{"type":"Feature","properties":{"c":"#00fb90","v0":0.05,"v1":0.25},"geometry":{"type":"Polygon","coordinates":[[[-77.2388,32.7382],[-77.2196,32.7722],[-77.1862,32.7848],[-77.1386,32.776],[-77.1336,32.7518],[-77.1712,32.7121],[-77.2,32.6911],[-77.22,32.6887],[-77.2346,32.696],[-77.2438,32.7128],[-77.2388,32.7382]]]}},{"type":"Feature","properties":{"c":"#00fb90","v0":0.05,"v1":0.25},"geometry":{"type":"Polygon","coordinates":[[[-98.0138,32.6627],[-98.0113,32.6806],[-98.0,32.6937],[-97.98,32.7022],[-97.961,32.6849],[-97.943,32.6417],[-97.9543,32.6286],[-97.9948,32.6454],[-98.0138,32.6627]]]}},{"type":"Feature","properties":{"c":"#00fb90","v0":0.05,"v1":0.25},"geometry":{"type":"Polygon","coordinates":[[[-95.8081,32.5613],[-95.796,32.5784],[-95.775,32.5917],[-95.745,32.6012],[-95.7133,32.5969],[-95.6798,32.5787],[-95.6648,32.562],[-95.6683,32.5468],[-95.68,32.5338],[-95.7,32.5229],[-95.735,32.5215],[-95.785,32.5298],[-95.811,32.5386],[-95.8131,32.548],[-95.8081,32.5613]]]}},{"type":"Feature","properties":{"c":"#00fb90","v0":0.05,"v1":0.25},"geometry":{"type":"Polygon","coordinates":[[[-80.1267,32.3291],[-80.0867,32.422],[-80.0275,32.4807],[-79.9492,32.5054],[-79.8848,32.5181],[-79.8344,32.5187],[-79.8029,32.5021],[-79.7904,32.4684],[-79.8157,32.4222],[-79.8786,32.3635],[-79.945,32.3256],[-80.015,32.3086],[-80.065,32.2876],[-80.095,32.2628],[-80.1192,32.2584],[-80.1376,32.2745],[-80.1267,32.3291]],[[-79.968,32.4286],[-79.9427,32.4504],[-79.9183,32.4588],[-79.8949,32.454],[-79.8949,32.4376],[-79.9183,32.4097],[-79.94,32.3963],[-79.96,32.3976],[-79.9727,32.4031],[-79.978,32.4129],[-79.968,32.4286]]]}},{"type":"Feature","properties":{"c":"#00fb90","v0":0.05,"v1":0.25},"geometry":{"type":"Polygon","coordinates":[[[-80.6325,32.085],[-80.6042,32.1301],[-80.5286,32.1894],[-80.4058,32.2628],[-80.3387,32.3206],[-80.3274,32.3629],[-80.2938,32.4099],[-80.2379,32.4616],[-80.2381,32.4363],[-80.2942,32.3338],[-80.3342,32.2473],[-80.3581,32.1768],[-80.42,32.1128],[-80.52,32.0554],[-80.5879,32.0314],[-80.6238,32.0408],[-80.643,32.0498],[-80.6454,32.0582],[-80.6325,32.085]]]}},{"type":"Feature","properties":{"c":"#00fb90","v0":0.05,"v1":0.25},"geometry":{"type":"Polygon","coordinates":[[[-98.4653,32.3248],[-98.423,32.3755],[-98.3989,32.4157],[-98.393,32.4453],[-98.3604,32.4495],[-98.3012,32.4283],[-98.2702,32.4051],[-98.2676,32.3798],[-98.2722,32.3564],[-98.2841,32.335],[-98.32,32.3016],[-98.38,32.2561],[-98.42,32.2325],[-98.44,32.2309],[-98.4591,32.2474],[-98.4773,32.2821],[-98.4653,32.3248]]]}},{"type":"Feature","properties":{"c":"#00fb90","v0":0.05,"v1":0.25},"geometry":{"type":"Polygon","coordinates":[[[-81.1852,32.0738],[-81.1351,32.1303],[-81.074,32.1811],[-81.002,32.2262],[-80.937,32.2789],[-80.879,32.3392],[-80.845,32.3731],[-80.835,32.3807],[-80.82,32.3805],[-80.8,32.3726],[-80.79,32.3603],[-80.79,32.3434],[-80.8112,32.3177],[-80.8537,32.283],[-80.887,32.2403],[-80.9111,32.1895],[-80.9598,32.1376],[-81.0333,32.0845],[-81.075,32.0559],[-81.085,32.0518],[-81.105,32.057],[-81.135,32.0714],[-81.16,32.0686],[-81.18,32.0487],[-81.1951,32.0404],[-81.2052,32.0438],[-81.1852,32.0738]]]}},{"type":"Feature","properties":{"c":"#00fb90","v0":0.05,"v1":0.25},"geometry":{"type":"Polygon","coordinates":[[[-99.2767,32.2737],[-99.2722,32.2897],[-99.266,32.2939],[-99.2579,32.2864],[-99.2579,32.2723],[-99.266,32.2518],[-99.2722,32.2476],[-99.2767,32.2596],[-99.2767,32.2737]]]}},{"type":"Feature","properties":{"c":"#00fb90","v0":0.05,"v1":0.25},"geometry":{"type":"Polygon","coordinates":[[[-95.7819,31.9694],[-95.774,31.9867],[-95.7565,31.9951],[-95.7295,31.9948],[-95.7195,31.985],[-95.7265,31.9657],[-95.74,31.9534],[-95.76,31.948],[-95.774,31.9491],[-95.7819,31.9569],[-95.7819,31.9694]]]}},{"type":"Feature","properties":{"c":"#00fb90","v0":0.05,"v1":0.25},"geometry":{"type":"Polygon","coordinates":[[[-81.9654,31.7739],[-81.9418,31.8079],[-81.905,31.8208],[-81.855,31.8128],[-81.81,31.8175],[-81.77,31.8349],[-81.71,31.8461],[-81.63,31.8509],[-81.565,31.8604],[-81.515,31.8746],[-81.465,31.8779],[-81.415,31.8703],[-81.3863,31.8604],[-81.3788,31.848],[-81.391,31.8206],[-81.4229,31.7781],[-81.4716,31.7415],[-81.5372,31.7108],[-81.5821,31.698],[-81.6062,31.7032],[-81.6362,31.7269],[-81.6721,31.7691],[-81.715,31.7788],[-81.765,31.7561],[-81.825,31.7381],[-81.895,31.7248],[-81.94,31.7215],[-81.96,31.7281],[-81.9718,31.7378],[-81.9754,31.7505],[-81.9654,31.7739]]]}},{"type":"Feature","properties":{"c":"#00fb90","v0":0.05,"v1":0.25},"geometry":{"type":"Polygon","coordinates":[[[-102.0261,31.7947],[-102.0154,31.8024],[-101.985,31.7983],[-101.935,31.7824],[-101.88,31.7914],[-101.82,31.8253],[-101.779,31.8337],[-101.757,31.8165],[-101.7577,31.7739],[-101.781,31.7058],[-101.807,31.6648],[-101.8357,31.6509],[-101.875,31.6511],[-101.925,31.6655],[-101.9704,31.7023],[-102.0111,31.7613],[-102.0261,31.7947]]]}},{"type":"Feature","properties":{"c":"#00fb90","v0":0.05,"v1":0.25},"geometry":{"type":"Polygon","coordinates":[[[-102.2572,31.5558],[-102.2524,31.5623],[-102.235,31.5564],[-102.205,31.5381],[-102.165,31.496],[-102.115,31.4302],[-102.08,31.3966],[-102.06,31.395],[-102.035,31.4058],[-102.005,31.429],[-101.9708,31.4046],[-101.9323,31.3326],[-101.9373,31.292],[-101.9858,31.2831],[-102.03,31.2846],[-102.07,31.2967],[-102.12,31.334],[-102.18,31.3965],[-102.2224,31.4589],[-102.2472,31.5213],[-102.2572,31.5558]]]}},{"type":"Feature","properties":{"c":"#00fb90","v0":0.05,"v1":0.25},"geometry":{"type":"Polygon","coordinates":[[[-82.8321,31.394],[-82.8174,31.4181],[-82.775,31.4187],[-82.705,31.3957],[-82.6258,31.4264],[-82.5374,31.5105],[-82.4824,31.5549],[-82.4608,31.5597],[-82.4384,31.5512],[-82.4153,31.5294],[-82.398,31.5014],[-82.3866,31.4673],[-82.4077,31.4204],[-82.4614,31.3606],[-82.4638,31.3093],[-82.4148,31.2666],[-82.4191,31.2196],[-82.4766,31.1683],[-82.5165,31.1406],[-82.5388,31.1366],[-82.57,31.142],[-82.61,31.1567],[-82.635,31.1544],[-82.645,31.1351],[-82.6745,31.1512],[-82.7236,31.2025],[-82.7686,31.2347],[-82.8095,31.2478],[-82.8324,31.2863],[-82.8371,31.3501],[-82.8321,31.394]],[[-82.4965,31.4502],[-82.4835,31.4843],[-82.4702,31.503],[-82.4567,31.5063],[-82.445,31.4915],[-82.435,31.4586],[-82.44,31.4354],[-82.46,31.422],[-82.4783,31.4197],[-82.4948,31.4287],[-82.4965,31.4502]],[[-82.8032,31.3278],[-82.7944,31.3562],[-82.77,31.3675],[-82.73,31.3616],[-82.695,31.3475],[-82.665,31.3251],[-82.6233,31.3053],[-82.5699,31.2881],[-82.5366,31.2709],[-82.5232,31.2538],[-82.5186,31.2324],[-82.5229,31.2068],[-82.5363,31.1904],[-82.5588,31.1833],[-82.595,31.1949],[-82.645,31.2252],[-82.7,31.2491],[-82.76,31.2667],[-82.7944,31.285],[-82.8032,31.3041],[-82.8032,31.3278]]]}},{"type":"Feature","properties":{"c":"#00fb90","v0":0.05,"v1":0.25},"geometry":{"type":"Polygon","coordinates":[[[-83.8061,31.1897],[-83.7954,31.2153],[-83.7596,31.2324],[-83.6988,31.241],[-83.6658,31.2794],[-83.6606,31.3478],[-83.646,31.387],[-83.622,31.3972],[-83.5993,31.3545],[-83.578,31.2589],[-83.558,31.2093],[-83.5393,31.2059],[-83.51,31.2176],[-83.47,31.2444],[-83.44,31.2472],[-83.42,31.2261],[-83.4127,31.1716],[-83.4182,31.0838],[-83.4282,31.022],[-83.4427,30.9863],[-83.49,30.966],[-83.57,30.9612],[-83.65,30.987],[-83.73,31.0436],[-83.7804,31.0981],[-83.8011,31.1506],[-83.8061,31.1897]],[[-83.7818,31.1848],[-83.7739,31.2006],[-83.755,31.21],[-83.725,31.2127],[-83.69,31.2099],[-83.65,31.2015],[-83.605,31.1811],[-83.555,31.1485],[-83.515,31.1338],[-83.485,31.137],[-83.4643,31.1224],[-83.4529,31.0902],[-83.4529,31.0573],[-83.4643,31.0238],[-83.5,31.0028],[-83.56,30.9943],[-83.6,30.9934],[-83.62,31.0002],[-83.6689,31.0469],[-83.7468,31.1335],[-83.7818,31.1848]]]}},{"type":"Feature","properties":{"c":"#00fb90","v0":0.05,"v1":0.25},"geometry":{"type":"Polygon","coordinates":[[[-97.8685,31.1939],[-97.8477,31.2281],[-97.8105,31.2651],[-97.7568,31.3049],[-97.725,31.2774],[-97.715,31.1825],[-97.72,31.1305],[-97.74,31.1214],[-97.775,31.1219],[-97.825,31.1321],[-97.8572,31.1471],[-97.8717,31.1669],[-97.8685,31.1939]]]}},{"type":"Feature","properties":{"c":"#00fb90","v0":0.05,"v1":0.25},"geometry":{"type":"Polygon","coordinates":[[[-83.052,31.288],[-83.0436,31.3051],[-83.0289,31.3136],[-83.008,31.3136],[-82.9764,31.2923],[-82.9341,31.2495],[-82.9222,31.1888],[-82.9407,31.11],[-82.9576,31.0715],[-82.9727,31.0732],[-82.9966,31.1041],[-83.0292,31.164],[-83.0482,31.2153],[-83.0535,31.2581],[-83.052,31.288]]]}},{"type":"Feature","properties":{"c":"#00fb90","v0":0.05,"v1":0.25},"geometry":{"type":"Polygon","coordinates":[[[-82.8981,30.9243],[-82.866,30.9334],[-82.8469,30.9291],[-82.8407,30.9115],[-82.8507,30.896],[-82.8769,30.8826],[-82.896,30.8869],[-82.9081,30.9088],[-82.8981,30.9243]]]}},{"type":"Feature","properties":{"c":"#00fb90","v0":0.05,"v1":0.25},"geometry":{"type":"Polygon","coordinates":[[[-81.4375,30.9069],[-81.4308,30.9155],[-81.4281,30.9105],[-81.4294,30.8918],[-81.4327,30.8875],[-81.4381,30.8976],[-81.4375,30.9069]]]}},{"type":"Feature","properties":{"c":"#00fb90","v0":0.05,"v1":0.25},"geometry":{"type":"Polygon","coordinates":[[[-97.8566,30.8396],[-97.8522,30.851],[-97.84,30.859],[-97.82,30.8637],[-97.7977,30.8408],[-97.7732,30.7904],[-97.7453,30.7523],[-97.7142,30.7265],[-97.7315,30.7148],[-97.7972,30.717],[-97.8372,30.7471],[-97.8516,30.805],[-97.8566,30.8396]]]}},{"type":"Feature","properties":{"c":"#00fb90","v0":0.05,"v1":0.25},"geometry":{"type":"Polygon","coordinates":[[[-83.7416,30.7598],[-83.7205,30.7832],[-83.69,30.7908],[-83.65,30.7825],[-83.6177,30.7837],[-83.5932,30.7943],[-83.5722,30.7738],[-83.5547,30.7222],[-83.5469,30.6642],[-83.549,30.5996],[-83.56,30.5666],[-83.58,30.5652],[-83.615,30.5839],[-83.665,30.6226],[-83.7055,30.6684],[-83.7366,30.7215],[-83.7416,30.7598]],[[-83.709,30.7376],[-83.6963,30.751],[-83.6774,30.751],[-83.6523,30.7376],[-83.6344,30.7222],[-83.6239,30.705],[-83.6214,30.6853],[-83.6271,30.663],[-83.64,30.6535],[-83.66,30.6568],[-83.6813,30.6765],[-83.704,30.7127],[-83.709,30.7376]]]}},{"type":"Feature","properties":{"c":"#00fb90","v0":0.05,"v1":0.25},"geometry":{"type":"Polygon","coordinates":[[[-97.4977,30.5028],[-97.486,30.5631],[-97.4599,30.6233],[-97.4196,30.6835],[-97.397,30.7315],[-97.3923,30.7673],[-97.3833,30.7802],[-97.3698,30.7702],[-97.3667,30.7523],[-97.3741,30.7265],[-97.3658,30.6772],[-97.3419,30.6044],[-97.3543,30.557],[-97.403,30.5352],[-97.418,30.501],[-97.3993,30.4545],[-97.415,30.4281],[-97.465,30.422],[-97.4934,30.4323],[-97.5002,30.4592],[-97.4977,30.5028]]]}},{"type":"Feature","properties":{"c":"#00fb90","v0":0.05,"v1":0.25},"geometry":{"type":"Polygon","coordinates":[[[-80.9482,30.6448],[-80.939,30.6792],[-80.928,30.6964],[-80.9151,30.6964],[-80.8913,30.6706],[-80.8565,30.619],[-80.8418,30.5765],[-80.8473,30.5431],[-80.86,30.5276],[-80.88,30.5299],[-80.9057,30.5552],[-80.9371,30.6035],[-80.9482,30.6448]]]}},{"type":"Feature","properties":{"c":"#00fb90","v0":0.05,"v1":0.25},"geometry":{"type":"Polygon","coordinates":[[[-97.8867,30.6362],[-97.8656,30.6534],[-97.8438,30.6622],[-97.8213,30.6624],[-97.802,30.6409],[-97.7861,30.5976],[-97.7961,30.5732],[-97.832,30.5677],[-97.8618,30.5806],[-97.8855,30.612],[-97.8867,30.6362]]]}},{"type":"Feature","properties":{"c":"#00fb90","v0":0.05,"v1":0.25},"geometry":{"type":"Polygon","coordinates":[[[-82.855,30.5458],[-82.8517,30.5545],[-82.845,30.5565],[-82.835,30.552],[-82.8269,30.5391],[-82.8206,30.5178],[-82.8273,30.5157],[-82.8468,30.5329],[-82.855,30.5458]]]}},{"type":"Feature","properties":{"c":"#00fb90","v0":0.05,"v1":0.25},"geometry":{"type":"Polygon","coordinates":[[[-90.8587,30.2799],[-90.6662,30.2741],[-90.5426,30.2828],[-90.4877,30.3058],[-90.4575,30.326],[-90.4518,30.3432],[-90.4541,30.3605],[-90.4642,30.3777],[-90.5394,30.4142],[-90.6798,30.47],[-90.7548,30.5044],[-90.7643,30.5177],[-90.7643,30.5306],[-90.7548,30.5431],[-90.715,30.5482],[-90.645,30.5461],[-90.585,30.5326],[-90.535,30.5079],[-90.4927,30.4941],[-90.4582,30.4913],[-90.432,30.4769],[-90.4143,30.451],[-90.3816,30.4208],[-90.3339,30.3862],[-90.25,30.3568],[-90.13,30.3327],[-90.05,30.3102],[-90.01,30.2893],[-89.965,30.2911],[-89.915,30.3156],[-89.835,30.3365],[-89.725,30.3538],[-89.65,30.3733],[-89.61,30.3949],[-89.5629,30.4052],[-89.5086,30.4042],[-89.4686,30.4147],[-89.4429,30.4369],[-89.41,30.4506],[-89.37,30.456],[-89.295,30.4464],[-89.185,30.422],[-89.115,30.3948],[-89.085,30.365],[-89.0386,30.3376],[-88.9757,30.3126],[-88.937,30.2914],[-88.9225,30.2742],[-88.919,30.2469],[-88.9263,30.2097],[-88.9371,30.1924],[-88.9514,30.1951],[-88.9618,30.2094],[-88.9684,30.2353],[-88.9913,30.2568],[-89.0304,30.2738],[-89.085,30.2574],[-89.155,30.2076],[-89.22,30.1868],[-89.28,30.1951],[-89.3246,30.1942],[-89.3537,30.1841],[-89.3711,30.1705],[-89.3769,30.1532],[-89.3723,30.1356],[-89.3574,30.1177],[-89.315,30.1074],[-89.245,30.1048],[-89.1845,30.0921],[-89.1334,30.0694],[-89.1086,30.0537],[-89.1098,30.045],[-89.1403,30.0394],[-89.2001,30.0368],[-89.245,30.0273],[-89.275,30.0111],[-89.33,30.012],[-89.41,30.03],[-89.525,30.0291],[-89.675,30.0094],[-89.7414,30.0185],[-89.7243,30.0564],[-89.7343,30.0861],[-89.7714,30.1077],[-89.8053,30.1034],[-89.836,30.0731],[-89.8467,30.045],[-89.8373,30.019],[-89.847,29.9996],[-89.8757,29.9867],[-89.915,29.9848],[-89.965,29.9939],[-90.0262,30.0176],[-90.0987,30.0561],[-90.1537,30.0791],[-90.1912,30.0867],[-90.3,30.0956],[-90.48,30.1058],[-90.59,30.1042],[-90.63,30.0909],[-90.665,30.0859],[-90.695,30.089],[-90.7348,30.1041],[-90.7843,30.131],[-90.8145,30.1618],[-90.8253,30.1964],[-90.8618,30.231],[-90.9239,30.2655],[-90.8587,30.2799]],[[-90.0817,30.1272],[-90.0634,30.1272],[-90.0525,30.1229],[-90.049,30.1142],[-90.0582,30.1142],[-90.08,30.1229],[-90.0817,30.1272]],[[-89.8292,30.2612],[-89.8026,30.2871],[-89.7495,30.2969],[-89.6698,30.2907],[-89.61,30.2938],[-89.57,30.3062],[-89.5229,30.305],[-89.4688,30.2902],[-89.4392,30.2612],[-89.4342,30.218],[-89.4613,30.1841],[-89.5204,30.1594],[-89.58,30.147],[-89.64,30.1469],[-89.69,30.1525],[-89.73,30.1637],[-89.7731,30.1891],[-89.8193,30.2285],[-89.8292,30.2612]],[[-90.669,30.2018],[-90.6563,30.2127],[-90.63,30.2187],[-90.59,30.2196],[-90.5347,30.2099],[-90.4641,30.1894],[-90.4187,30.1705],[-90.3988,30.1532],[-90.3991,30.1413],[-90.4197,30.1348],[-90.46,30.1356],[-90.52,30.1436],[-90.5813,30.1598],[-90.644,30.1842],[-90.669,30.2018]]]}},{"type":"Feature","properties":{"c":"#00fb90","v0":0.05,"v1":0.25},"geometry":{"type":"Polygon","coordinates":[[[-87.0827,30.4657],[-87.0609,30.4864],[-87.015,30.4974],[-86.945,30.4988],[-86.906,30.4798],[-86.8981,30.4405],[-86.8831,30.4041],[-86.861,30.3706],[-86.83,30.3368],[-86.79,30.3028],[-86.745,30.2741],[-86.695,30.251],[-86.6607,30.22],[-86.6422,30.1812],[-86.6157,30.1445],[-86.5812,30.1099],[-86.5661,30.0753],[-86.5706,30.0407],[-86.5821,30.0213],[-86.6007,30.0172],[-86.645,30.0256],[-86.715,30.0467],[-86.78,30.1056],[-86.84,30.2025],[-86.9063,30.2632],[-86.9789,30.2878],[-87.0162,30.3173],[-87.0183,30.3519],[-87.0379,30.3907],[-87.075,30.4338],[-87.0827,30.4657]],[[-86.7578,30.1703],[-86.7526,30.1873],[-86.745,30.1946],[-86.735,30.1921],[-86.715,30.1694],[-86.685,30.1265],[-86.6823,30.1063],[-86.7069,30.1087],[-86.7295,30.1229],[-86.7501,30.1488],[-86.7578,30.1703]]]}},{"type":"Feature","properties":{"c":"#00fb90","v0":0.05,"v1":0.25},"geometry":{"type":"Polygon","coordinates":[[[-91.0464,30.4571],[-91.0088,30.4605],[-90.9761,30.4562],[-90.9482,30.4442],[-90.9367,30.4338],[-90.9416,30.4252],[-90.9555,30.4209],[-90.9785,30.4211],[-91.0082,30.4254],[-91.0447,30.4339],[-91.0635,30.4424],[-91.0646,30.451],[-91.0464,30.4571]]]}},{"type":"Feature","properties":{"c":"#00fb90","v0":0.05,"v1":0.25},"geometry":{"type":"Polygon","coordinates":[[[-98.0204,30.3777],[-98.013,30.395],[-97.9945,30.4036],[-97.9648,30.4036],[-97.9307,30.3777],[-97.8921,30.3259],[-97.8721,30.2868],[-97.8707,30.2603],[-97.9,30.2569],[-97.96,30.2767],[-97.9985,30.3072],[-98.0156,30.3485],[-98.0204,30.3777]]]}},{"type":"Feature","properties":{"c":"#00fb90","v0":0.05,"v1":0.25},"geometry":{"type":"Polygon","coordinates":[[[-80.7837,30.2697],[-80.7746,30.2779],[-80.765,30.2665],[-80.755,30.2352],[-80.7596,30.231],[-80.7787,30.254],[-80.7837,30.2697]]]}},{"type":"Feature","properties":{"c":"#00fb90","v0":0.05,"v1":0.25},"geometry":{"type":"Polygon","coordinates":[[[-88.7301,30.1707],[-88.7167,30.1884],[-88.685,30.1974],[-88.635,30.1976],[-88.5715,30.1628],[-88.4946,30.093],[-88.4696,30.055],[-88.4965,30.0492],[-88.5599,30.0665],[-88.6597,30.107],[-88.7164,30.1359],[-88.73,30.1532],[-88.7301,30.1707]]]}},{"type":"Feature","properties":{"c":"#00fb90","v0":0.05,"v1":0.25},"geometry":{"type":"Polygon","coordinates":[[[-79.968,30.045],[-79.956,30.0538],[-79.935,30.056],[-79.905,30.0518],[-79.8658,30.0302],[-79.8173,29.991],[-79.7843,29.9584],[-79.7669,29.9324],[-79.7596,29.8977],[-79.7623,29.8544],[-79.7659,29.8414],[-79.7706,29.8587],[-79.7971,29.8778],[-79.8457,29.8986],[-79.8819,29.9203],[-79.9057,29.9428],[-79.9317,29.9757],[-79.9599,30.019],[-79.968,30.045]],[[-79.8805,29.986],[-79.8602,29.9805],[-79.845,29.9684],[-79.835,29.9498],[-79.84,29.9439],[-79.8599,29.9507],[-79.8751,29.9627],[-79.8855,29.9801],[-79.8805,29.986]]]}},{"type":"Feature","properties":{"c":"#00fb90","v0":0.05,"v1":0.25},"geometry":{"type":"Polygon","coordinates":[[[-90.9652,30.0091],[-90.9417,30.0152],[-90.9119,30.0109],[-90.8758,29.9961],[-90.8875,29.993],[-90.9471,30.0017],[-90.9652,30.0091]]]}},{"type":"Feature","properties":{"c":"#00fb90","v0":0.05,"v1":0.25},"geometry":{"type":"Polygon","coordinates":[[[-85.1625,29.9023],[-85.1408,29.9027],[-85.1255,29.8941],[-85.1166,29.8763],[-85.1216,29.8668],[-85.1405,29.8657],[-85.1558,29.8744],[-85.1675,29.8928],[-85.1625,29.9023]]]}},{"type":"Feature","properties":{"c":"#00fb90","v0":0.05,"v1":0.25},"geometry":{"type":"Polygon","coordinates":[[[-86.7434,27.0427],[-86.7211,27.0907],[-86.685,27.1107],[-86.635,27.1028],[-86.5998,27.1099],[-86.5793,27.1322],[-86.5791,27.2101],[-86.5992,27.3434],[-86.5999,27.4722],[-86.5812,27.5963],[-86.5614,27.6695],[-86.5405,27.6918],[-86.47,27.6457],[-86.35,27.531],[-86.28,27.4482],[-86.26,27.3973],[-86.22,27.3297],[-86.16,27.2455],[-86.085,27.1836],[-85.995,27.1441],[-85.921,27.0935],[-85.863,27.0318],[-85.813,26.9917],[-85.771,26.9733],[-85.7223,26.9822],[-85.6668,27.0184],[-85.6475,27.0721],[-85.6641,27.1434],[-85.6683,27.1879],[-85.66,27.2056],[-85.6244,27.2084],[-85.5615,27.1962],[-85.5027,27.2006],[-85.4481,27.2218],[-85.3947,27.3479],[-85.3426,27.5786],[-85.3286,27.7513],[-85.3528,27.8663],[-85.4238,28.0165],[-85.5418,28.2017],[-85.6031,28.3251],[-85.6078,28.3867],[-85.6027,28.4526],[-85.5877,28.523],[-85.6187,28.6152],[-85.6956,28.7292],[-85.7282,28.8519],[-85.7167,28.9833],[-85.6757,29.0843],[-85.6052,29.1552],[-85.545,29.1977],[-85.495,29.2119],[-85.4631,29.2463],[-85.4493,29.3009],[-85.4743,29.3581],[-85.5381,29.4177],[-85.61,29.4475],[-85.69,29.4475],[-85.7788,29.4656],[-85.8765,29.5018],[-85.9615,29.5462],[-86.0338,29.5988],[-86.1057,29.6423],[-86.177,29.6766],[-86.2246,29.7112],[-86.2485,29.7459],[-86.2579,29.7737],[-86.2526,29.7946],[-86.22,29.8222],[-86.16,29.8564],[-86.105,29.8641],[-86.055,29.8453],[-86.01,29.8392],[-85.97,29.8459],[-85.92,29.8453],[-85.86,29.8373],[-85.79,29.839],[-85.71,29.8504],[-85.654,29.8503],[-85.6219,29.8385],[-85.5719,29.7987],[-85.504,29.7308],[-85.43,29.6709],[-85.35,29.6193],[-85.28,29.5899],[-85.22,29.5827],[-85.175,29.5954],[-85.145,29.628],[-85.08,29.6388],[-84.98,29.6278],[-84.845,29.5771],[-84.675,29.4867],[-84.5677,29.3958],[-84.5231,29.3043],[-84.4972,29.241],[-84.49,29.2061],[-84.4915,29.1581],[-84.5018,29.0969],[-84.5015,29.0576],[-84.4907,29.0401],[-84.4515,29.0063],[-84.3838,28.9562],[-84.285,28.9086],[-84.155,28.8635],[-84.0658,28.8185],[-84.0175,28.7736],[-83.9443,28.7336],[-83.8462,28.6985],[-83.8104,28.6333],[-83.8368,28.5377],[-83.8791,28.4586],[-83.9374,28.396],[-83.9674,28.3163],[-83.9692,28.2194],[-83.9837,28.14],[-84.0111,28.0783],[-83.956,27.9867],[-83.8187,27.8652],[-83.7484,27.79],[-83.7453,27.7613],[-83.7291,27.7292],[-83.6999,27.6938],[-83.6549,27.614],[-83.594,27.4899],[-83.5637,27.3834],[-83.5639,27.2946],[-83.5728,27.2323],[-83.5904,27.1967],[-83.6025,27.1523],[-83.6091,27.0989],[-83.6069,27.0588],[-83.596,27.0321],[-83.5654,26.9998],[-83.5151,26.9621],[-83.46,26.9096],[-83.4,26.8423],[-83.315,26.7881],[-83.205,26.7468],[-83.1312,26.7056],[-83.0937,26.6645],[-83.0887,26.6413],[-83.1162,26.636],[-83.155,26.6434],[-83.205,26.6635],[-83.26,26.671],[-83.32,26.666],[-83.37,26.672],[-83.41,26.6891],[-83.4359,26.6932],[-83.4476,26.6841],[-83.4453,26.6618],[-83.429,26.626],[-83.3509,26.5232],[-83.2108,26.353],[-83.143,26.2602],[-83.1477,26.245],[-83.16,26.2358],[-83.18,26.2324],[-83.23,26.2543],[-83.31,26.3014],[-83.36,26.3246],[-83.38,26.324],[-83.3681,26.2783],[-83.3244,26.1876],[-83.3039,26.1018],[-83.3065,26.021],[-83.3184,25.9858],[-83.3395,25.9963],[-83.395,26.0609],[-83.485,26.1794],[-83.555,26.2547],[-83.605,26.2868],[-83.6322,26.2851],[-83.6366,26.2497],[-83.6184,26.1961],[-83.5775,26.1243],[-83.5703,26.0834],[-83.5968,26.0735],[-83.635,26.0785],[-83.685,26.0984],[-83.7145,26.0989],[-83.7235,26.0799],[-83.7178,26.0344],[-83.6975,25.9625],[-83.6661,25.8996],[-83.6237,25.8456],[-83.5939,25.7781],[-83.5768,25.697],[-83.5566,25.6474],[-83.5334,25.6294],[-83.4889,25.6173],[-83.423,25.6112],[-83.3795,25.5886],[-83.3586,25.5496],[-83.3486,25.5222],[-83.3495,25.5062],[-83.365,25.4924],[-83.395,25.4809],[-83.4131,25.4663],[-83.4194,25.4487],[-83.4047,25.3947],[-83.3689,25.3043],[-83.3008,25.2256],[-83.2003,25.1585],[-83.095,25.0726],[-82.985,24.968],[-82.895,24.9076],[-82.825,24.8915],[-82.7765,24.8686],[-82.7496,24.839],[-82.7364,24.806],[-82.7368,24.7697],[-82.7491,24.7379],[-82.7732,24.7107],[-82.7764,24.6694],[-82.7588,24.6142],[-82.7636,24.5778],[-82.7909,24.5603],[-82.809,24.538],[-82.8178,24.5107],[-82.8714,24.4834],[-82.9696,24.456],[-83.0174,24.4196],[-83.015,24.3741],[-82.9993,24.324],[-82.9704,24.2693],[-82.9744,24.2423],[-83.0115,24.243],[-83.0348,24.2384],[-83.0444,24.2286],[-83.0444,24.1889],[-83.0348,24.1192],[-83.05,24.0857],[-83.09,24.0882],[-83.135,24.0833],[-83.185,24.0709],[-83.26,24.0985],[-83.36,24.166],[-83.435,24.2085],[-83.485,24.2261],[-83.52,24.2213],[-83.54,24.194],[-83.565,24.1792],[-83.595,24.1766],[-83.6261,24.2012],[-83.6584,24.2527],[-83.7034,24.2851],[-83.7611,24.2986],[-83.825,24.2877],[-83.895,24.2525],[-83.9746,24.2275],[-84.0639,24.2128],[-84.1339,24.1695],[-84.1846,24.0974],[-84.225,24.0503],[-84.255,24.0281],[-84.2783,23.9956],[-84.2948,23.9529],[-84.3248,23.9293],[-84.3683,23.925],[-84.4,23.9163],[-84.42,23.9031],[-84.4411,23.855],[-84.4632,23.7719],[-84.5082,23.7173],[-84.5761,23.6915],[-84.6126,23.6961],[-84.6179,23.7311],[-84.611,23.776],[-84.5921,23.8309],[-84.5879,23.8721],[-84.5984,23.8995],[-84.6302,23.9357],[-84.6834,23.9807],[-84.72,24.0331],[-84.74,24.093],[-84.775,24.1437],[-84.825,24.1851],[-84.885,24.2204],[-84.955,24.2496],[-85.0,24.2626],[-85.02,24.2595],[-85.0373,24.2494],[-85.0519,24.2322],[-85.0619,24.1896],[-85.0673,24.1214],[-85.095,24.0878],[-85.145,24.0888],[-85.185,24.0659],[-85.215,24.019],[-85.26,23.9968],[-85.32,23.9993],[-85.365,24.0183],[-85.395,24.0537],[-85.455,24.068],[-85.545,24.0613],[-85.5991,24.0857],[-85.6173,24.1412],[-85.6273,24.2017],[-85.6291,24.2673],[-85.615,24.3326],[-85.585,24.3978],[-85.555,24.4427],[-85.525,24.4674],[-85.497,24.5023],[-85.471,24.5473],[-85.4727,24.6425],[-85.502,24.7879],[-85.5007,24.9376],[-85.4686,25.0917],[-85.4726,25.241],[-85.5126,25.3857],[-85.5247,25.4805],[-85.509,25.5256],[-85.507,25.5753],[-85.5187,25.6294],[-85.5194,25.6745],[-85.5089,25.7105],[-85.5452,25.7753],[-85.6284,25.8689],[-85.6948,25.9768],[-85.7443,26.0991],[-85.8093,26.1901],[-85.8898,26.25],[-85.9442,26.3083],[-85.9725,26.365],[-86.0001,26.4068],[-86.0271,26.4336],[-86.058,26.4519],[-86.0927,26.4616],[-86.14,26.4598],[-86.2,26.4464],[-86.2348,26.4147],[-86.2445,26.3646],[-86.2545,26.3411],[-86.2648,26.3441],[-86.2779,26.3576],[-86.2937,26.3814],[-86.2901,26.4157],[-86.2673,26.4605],[-86.2722,26.5276],[-86.3049,26.6171],[-86.3435,26.6762],[-86.3878,26.705],[-86.43,26.7581],[-86.47,26.8355],[-86.5,26.8731],[-86.52,26.8707],[-86.55,26.8548],[-86.59,26.8254],[-86.63,26.8185],[-86.67,26.8341],[-86.7061,26.8862],[-86.7384,26.9745],[-86.7434,27.0427]],[[-85.8061,29.6311],[-85.782,29.6448],[-85.7557,29.6492],[-85.7271,29.6441],[-85.7271,29.6337],[-85.7557,29.6178],[-85.782,29.6135],[-85.8061,29.6207],[-85.8061,29.6311]],[[-85.3259,29.2697],[-85.3153,29.2921],[-85.3,29.3023],[-85.28,29.3003],[-85.269,29.2891],[-85.267,29.2687],[-85.272,29.2517],[-85.284,29.2381],[-85.2951,29.2294],[-85.3052,29.2255],[-85.3155,29.2323],[-85.3259,29.2497],[-85.3259,29.2697]],[[-85.9339,26.8012],[-85.9046,26.9013],[-85.855,26.9353],[-85.785,26.9031],[-85.73,26.8839],[-85.69,26.8775],[-85.655,26.8619],[-85.625,26.8369],[-85.6024,26.7883],[-85.5872,26.7159],[-85.5822,26.6733],[-85.5874,26.6607],[-85.6095,26.6517],[-85.6486,26.6465],[-85.6586,26.6314],[-85.6395,26.6063],[-85.61,26.6041],[-85.57,26.6249],[-85.5,26.6174],[-85.4,26.5816],[-85.34,26.5693],[-85.32,26.5803],[-85.2944,26.6138],[-85.2632,26.6696],[-85.2594,26.7154],[-85.2833,26.7511],[-85.3386,26.8002],[-85.4254,26.8627],[-85.4754,26.9073],[-85.4887,26.934],[-85.489,26.9729],[-85.4763,27.024],[-85.4319,27.0863],[-85.3557,27.16],[-85.317,27.2145],[-85.3157,27.2501],[-85.2938,27.27],[-85.2513,27.2743],[-85.2213,27.2832],[-85.2039,27.2967],[-85.2068,27.3345],[-85.2302,27.3967],[-85.235,27.45],[-85.2212,27.4943],[-85.2266,27.5431],[-85.2512,27.5963],[-85.2481,27.676],[-85.2174,27.7823],[-85.234,27.8998],[-85.298,28.0287],[-85.3686,28.1478],[-85.4459,28.2572],[-85.4861,28.3295],[-85.4894,28.3647],[-85.4811,28.4131],[-85.4612,28.4746],[-85.4594,28.5273],[-85.4759,28.5713],[-85.4829,28.6108],[-85.4805,28.6459],[-85.4726,28.681],[-85.4591,28.7161],[-85.4703,28.7512],[-85.5063,28.7862],[-85.5307,28.8527],[-85.5436,28.9504],[-85.54,29.0057],[-85.52,29.0188],[-85.485,29.0246],[-85.435,29.0232],[-85.365,29.0381],[-85.275,29.0691],[-85.195,29.0862],[-85.125,29.0894],[-85.05,29.0707],[-84.97,29.0301],[-84.89,29.0105],[-84.81,29.0121],[-84.75,29.0005],[-84.71,28.9756],[-84.65,28.9594],[-84.57,28.9518],[-84.475,28.9334],[-84.365,28.9042],[-84.2749,28.8725],[-84.2048,28.8384],[-84.1643,28.8125],[-84.1532,28.795],[-84.1526,28.7818],[-84.1626,28.7731],[-84.1946,28.7643],[-84.2486,28.7556],[-84.2393,28.7191],[-84.1664,28.6549],[-84.12,28.5914],[-84.1,28.5287],[-84.105,28.4946],[-84.135,28.4892],[-84.16,28.5143],[-84.18,28.5698],[-84.205,28.608],[-84.235,28.629],[-84.265,28.6317],[-84.295,28.6159],[-84.33,28.6088],[-84.37,28.6101],[-84.335,28.5306],[-84.225,28.3701],[-84.165,28.2856],[-84.155,28.2773],[-84.135,28.2757],[-84.105,28.2809],[-84.0832,28.2774],[-84.0695,28.2651],[-84.0633,28.2282],[-84.0647,28.1665],[-84.0965,28.1421],[-84.1588,28.1552],[-84.1962,28.1508],[-84.2087,28.1289],[-84.2144,28.1003],[-84.2133,28.065],[-84.1687,27.9988],[-84.0805,27.9017],[-84.0298,27.8278],[-84.0166,27.7774],[-83.99,27.7356],[-83.95,27.7024],[-83.9118,27.6479],[-83.8753,27.5721],[-83.8392,27.5121],[-83.8035,27.4677],[-83.7801,27.4056],[-83.7689,27.3257],[-83.7537,27.2634],[-83.7345,27.219],[-83.7308,27.1656],[-83.7427,27.1033],[-83.7318,27.0543],[-83.6981,27.0187],[-83.6236,26.9608],[-83.5083,26.8805],[-83.4287,26.8136],[-83.3848,26.76],[-83.3646,26.7295],[-83.3682,26.7221],[-83.4,26.7282],[-83.46,26.7478],[-83.5003,26.7382],[-83.521,26.6992],[-83.5251,26.6618],[-83.5126,26.626],[-83.4639,26.5634],[-83.3789,26.4739],[-83.3398,26.4221],[-83.3466,26.408],[-83.37,26.3997],[-83.41,26.3972],[-83.4331,26.3864],[-83.4394,26.3671],[-83.4145,26.3082],[-83.3583,26.2095],[-83.3352,26.1486],[-83.3451,26.1256],[-83.37,26.1216],[-83.41,26.1368],[-83.465,26.1888],[-83.5349,26.2774],[-83.5749,26.3453],[-83.585,26.3925],[-83.635,26.4419],[-83.725,26.4933],[-83.7805,26.5189],[-83.8014,26.5188],[-83.8181,26.5008],[-83.8306,26.465],[-83.8301,26.4372],[-83.8167,26.4175],[-83.79,26.4013],[-83.75,26.3886],[-83.72,26.3718],[-83.7,26.3509],[-83.6866,26.3134],[-83.6798,26.2591],[-83.6671,26.214],[-83.6482,26.1781],[-83.6416,26.1537],[-83.6472,26.1407],[-83.6812,26.1586],[-83.7435,26.2075],[-83.7785,26.2418],[-83.7862,26.2614],[-83.825,26.2771],[-83.895,26.289],[-83.975,26.3164],[-84.065,26.3592],[-84.14,26.3761],[-84.2,26.3671],[-84.2398,26.3478],[-84.2593,26.3184],[-84.2643,26.2678],[-84.2546,26.1961],[-84.1867,26.0434],[-84.0606,25.8096],[-84.0057,25.6847],[-84.0219,25.6692],[-84.04,25.6609],[-84.06,25.6598],[-84.0912,25.6766],[-84.1335,25.7112],[-84.1697,25.733],[-84.1998,25.742],[-84.2186,25.742],[-84.2261,25.733],[-84.2251,25.6925],[-84.2157,25.6204],[-84.2007,25.5679],[-84.1802,25.535],[-84.14,25.506],[-84.08,25.4807],[-84.035,25.4523],[-84.005,25.4209],[-83.96,25.4006],[-83.9,25.3914],[-83.82,25.3926],[-83.72,25.4041],[-83.6648,25.4219],[-83.6543,25.4459],[-83.652,25.4805],[-83.6581,25.5256],[-83.6553,25.5572],[-83.6435,25.5753],[-83.5958,25.5848],[-83.5119,25.5858],[-83.4618,25.5813],[-83.4455,25.5713],[-83.4399,25.5347],[-83.445,25.4715],[-83.4332,25.3963],[-83.4044,25.309],[-83.355,25.2299],[-83.285,25.159],[-83.23,25.1158],[-83.19,25.1003],[-83.1323,25.0527],[-83.0569,24.973],[-83.0119,24.9015],[-82.9973,24.8383],[-82.965,24.8102],[-82.915,24.8171],[-82.8798,24.8033],[-82.8593,24.7688],[-82.8493,24.7414],[-82.8498,24.7211],[-82.8697,24.703],[-82.9091,24.6869],[-82.9291,24.6607],[-82.9296,24.6243],[-82.935,24.6028],[-82.945,24.5961],[-82.985,24.606],[-83.055,24.6327],[-83.095,24.6418],[-83.105,24.6333],[-83.0975,24.587],[-83.0725,24.5027],[-83.0744,24.4242],[-83.1031,24.3513],[-83.1111,24.2693],[-83.0982,24.1781],[-83.1114,24.1292],[-83.1505,24.1226],[-83.18,24.1238],[-83.2,24.1328],[-83.2545,24.1954],[-83.3435,24.3115],[-83.4235,24.405],[-83.4945,24.4758],[-83.5373,24.4758],[-83.552,24.405],[-83.577,24.358],[-83.6123,24.3348],[-83.65,24.325],[-83.69,24.3284],[-83.76,24.3481],[-83.86,24.3842],[-83.97,24.4018],[-84.09,24.4009],[-84.16,24.3853],[-84.18,24.355],[-84.205,24.3315],[-84.235,24.3148],[-84.2569,24.2858],[-84.2706,24.2444],[-84.298,24.2146],[-84.339,24.1963],[-84.3652,24.1461],[-84.3766,24.064],[-84.4092,23.9928],[-84.4631,23.9327],[-84.5,23.902],[-84.52,23.9009],[-84.5671,23.9492],[-84.6413,24.0471],[-84.6951,24.1598],[-84.7286,24.2875],[-84.751,24.4151],[-84.7622,24.5425],[-84.7916,24.6198],[-84.8393,24.6471],[-84.8799,24.6916],[-84.9133,24.7532],[-84.9406,24.785],[-84.9618,24.7869],[-84.9701,24.7561],[-84.9656,24.6925],[-84.97,24.6465],[-84.9833,24.6182],[-85.01,24.5929],[-85.05,24.5707],[-85.085,24.542],[-85.115,24.5069],[-85.1412,24.4958],[-85.1636,24.5087],[-85.1725,24.5925],[-85.1681,24.747],[-85.1519,24.8437],[-85.124,24.8826],[-85.1081,24.9189],[-85.1043,24.9525],[-85.1143,24.9921],[-85.1381,25.0376],[-85.17,25.0755],[-85.21,25.1057],[-85.2426,25.1418],[-85.2678,25.1838],[-85.2821,25.2275],[-85.2855,25.2727],[-85.2686,25.3405],[-85.2316,25.4308],[-85.2334,25.5482],[-85.2741,25.6925],[-85.3333,25.8358],[-85.4111,25.9781],[-85.46,26.0559],[-85.48,26.0693],[-85.515,26.077],[-85.565,26.0791],[-85.605,26.0919],[-85.635,26.1155],[-85.6819,26.1804],[-85.7458,26.2865],[-85.8129,26.3844],[-85.8833,26.4739],[-85.926,26.5768],[-85.941,26.693],[-85.9339,26.8012]],[[-84.8467,29.4023],[-84.8374,29.4459],[-84.817,29.4705],[-84.7857,29.4762],[-84.755,29.4557],[-84.725,29.4089],[-84.69,29.3911],[-84.65,29.4026],[-84.62,29.4022],[-84.6,29.39],[-84.58,29.3479],[-84.56,29.2757],[-84.555,29.2358],[-84.565,29.2283],[-84.58,29.2272],[-84.6,29.2323],[-84.64,29.2624],[-84.7,29.3174],[-84.75,29.3383],[-84.79,29.325],[-84.8204,29.3339],[-84.8411,29.365],[-84.8467,29.4023]],[[-84.0021,27.9454],[-83.994,27.9535],[-83.985,27.954],[-83.975,27.947],[-83.965,27.9292],[-83.955,27.9007],[-83.964,27.9001],[-83.9921,27.9277],[-84.0021,27.9454]],[[-86.4518,27.362],[-86.4506,27.3724],[-86.4427,27.3768],[-86.428,27.3753],[-86.423,27.3649],[-86.4277,27.3458],[-86.4356,27.3414],[-86.4468,27.3516],[-86.4518,27.362]],[[-86.3213,26.8292],[-86.3138,26.8425],[-86.3,26.8488],[-86.28,26.8482],[-86.255,26.8204],[-86.225,26.7654],[-86.23,26.7423],[-86.27,26.7512],[-86.2988,26.7724],[-86.3163,26.8058],[-86.3213,26.8292]],[[-84.9312,24.525],[-84.9171,24.5446],[-84.8967,24.5492],[-84.8702,24.5387],[-84.8652,24.5203],[-84.8817,24.494],[-84.8958,24.4803],[-84.9073,24.4793],[-84.9193,24.4879],[-84.9319,24.5061],[-84.9312,24.525]],[[-84.8161,29.1916],[-84.732,29.1976],[-84.6773,29.1933],[-84.6519,29.1785],[-84.6377,29.1581],[-84.6346,29.1319],[-84.6423,29.1133],[-84.6608,29.1024],[-84.685,29.0983],[-84.715,29.1009],[-84.762,29.1238],[-84.8261,29.167],[-84.8161,29.1916]]]}},{"type":"Feature","properties":{"c":"#00fb90","v0":0.05,"v1":0.25},"geometry":{"type":"Polygon","coordinates":[[[-80.7174,29.863],[-80.6905,29.8544],[-80.6853,29.8477],[-80.7018,29.8431],[-80.7152,29.8475],[-80.7257,29.8607],[-80.7174,29.863]]]}},{"type":"Feature","properties":{"c":"#00fb90","v0":0.05,"v1":0.25},"geometry":{"type":"Polygon","coordinates":[[[-89.2681,29.811],[-89.2437,29.8023],[-89.2427,29.798],[-89.2651,29.798],[-89.2773,29.8023],[-89.2793,29.811],[-89.2681,29.811]]]}},{"type":"Feature","properties":{"c":"#00fb90","v0":0.05,"v1":0.25},"geometry":{"type":"Polygon","coordinates":[[[-84.4576,29.5422],[-84.4525,29.552],[-84.4424,29.5564],[-84.4271,29.5552],[-84.4114,29.546],[-84.3952,29.5286],[-84.3928,29.5158],[-84.4043,29.5075],[-84.4225,29.5119],[-84.4476,29.5288],[-84.4576,29.5422]]]}},{"type":"Feature","properties":{"c":"#00fb90","v0":0.05,"v1":0.25},"geometry":{"type":"Polygon","coordinates":[[[-96.7304,27.0811],[-96.7252,27.1701],[-96.6944,27.2473],[-96.6381,27.3127],[-96.5863,27.3615],[-96.5388,27.3939],[-96.5271,27.4544],[-96.551,27.5431],[-96.5537,27.6096],[-96.5351,27.6539],[-96.4608,27.7469],[-96.3309,27.8884],[-96.2369,27.9808],[-96.179,28.0242],[-96.1382,28.064],[-96.1146,28.1],[-96.107,28.1444],[-96.1154,28.1973],[-96.1048,28.2414],[-96.0752,28.2766],[-96.0613,28.3163],[-96.0631,28.3603],[-96.1031,28.3955],[-96.1813,28.4219],[-96.2427,28.4537],[-96.2876,28.491],[-96.3181,28.5261],[-96.3342,28.5592],[-96.3292,28.5962],[-96.3031,28.6372],[-96.2255,28.6723],[-96.0964,28.7015],[-96.0614,28.7687],[-96.1206,28.8738],[-96.1151,28.9293],[-96.045,28.9353],[-95.965,28.9256],[-95.875,28.9003],[-95.8216,28.8798],[-95.8049,28.8642],[-95.8226,28.8476],[-95.8747,28.83],[-95.9103,28.8038],[-95.9293,28.7687],[-95.9266,28.7424],[-95.9022,28.7248],[-95.87,28.719],[-95.83,28.7251],[-95.7835,28.7514],[-95.7304,28.798],[-95.6652,28.83],[-95.5878,28.8476],[-95.5427,28.8651],[-95.5299,28.8826],[-95.526,28.9089],[-95.5309,28.9439],[-95.5126,28.9706],[-95.4709,28.9891],[-95.435,29.0211],[-95.405,29.0667],[-95.31,29.1074],[-95.15,29.1434],[-95.03,29.1795],[-94.95,29.2157],[-94.87,29.235],[-94.79,29.2375],[-94.7053,29.2567],[-94.6158,29.2928],[-94.5678,29.3195],[-94.5614,29.337],[-94.5811,29.3606],[-94.627,29.3904],[-94.695,29.4162],[-94.785,29.4378],[-94.81,29.4617],[-94.77,29.4878],[-94.7,29.5089],[-94.6,29.525],[-94.475,29.5309],[-94.325,29.5265],[-94.155,29.5302],[-93.965,29.5419],[-93.845,29.5419],[-93.795,29.5303],[-93.74,29.5292],[-93.68,29.5387],[-93.585,29.5393],[-93.455,29.5309],[-93.34,29.5168],[-93.24,29.4968],[-93.135,29.486],[-93.025,29.4844],[-92.93,29.4735],[-92.85,29.4533],[-92.75,29.4487],[-92.63,29.4596],[-92.53,29.4556],[-92.45,29.4368],[-92.385,29.4112],[-92.335,29.3789],[-92.185,29.3293],[-91.935,29.2624],[-91.77,29.2251],[-91.69,29.2176],[-91.625,29.2174],[-91.575,29.2248],[-91.5008,29.2534],[-91.4025,29.3033],[-91.2325,29.3358],[-90.9908,29.3509],[-90.8595,29.364],[-90.8386,29.375],[-90.819,29.398],[-90.8007,29.4328],[-90.7462,29.4688],[-90.6554,29.5058],[-90.585,29.517],[-90.535,29.5024],[-90.475,29.4744],[-90.405,29.4328],[-90.325,29.4011],[-90.235,29.3791],[-90.1276,29.3669],[-90.0029,29.3644],[-89.8988,29.3457],[-89.8153,29.3108],[-89.7426,29.2596],[-89.6809,29.192],[-89.6398,29.157],[-89.6193,29.1548],[-89.6293,29.1516],[-89.6698,29.1473],[-89.735,29.1561],[-89.825,29.1781],[-89.8765,29.1803],[-89.8895,29.1626],[-89.8865,29.1362],[-89.8675,29.1013],[-89.901,29.0795],[-89.987,29.0709],[-90.135,29.0731],[-90.345,29.0862],[-90.48,29.1017],[-90.54,29.1199],[-90.595,29.1258],[-90.645,29.1195],[-90.6783,29.1039],[-90.695,29.0788],[-90.69,29.0517],[-90.6633,29.0226],[-90.62,29.0008],[-90.56,28.9866],[-90.505,28.9878],[-90.455,29.0045],[-90.415,29.0094],[-90.385,29.0025],[-90.2796,28.9546],[-90.0988,28.8658],[-90.0021,28.7994],[-89.9895,28.7556],[-89.9899,28.73],[-90.0033,28.7227],[-90.03,28.7174],[-90.07,28.7141],[-90.11,28.7227],[-90.15,28.7432],[-90.215,28.7628],[-90.305,28.7815],[-90.3641,28.7853],[-90.3923,28.7743],[-90.4027,28.7556],[-90.3953,28.7292],[-90.4012,28.7099],[-90.4204,28.6974],[-90.4762,28.7106],[-90.5685,28.7493],[-90.6385,28.7865],[-90.6862,28.822],[-90.7679,28.8571],[-90.8838,28.8916],[-90.9477,28.9132],[-90.9597,28.922],[-90.9629,28.9308],[-90.9571,28.9395],[-90.9382,28.949],[-90.9061,28.9593],[-90.8828,28.9724],[-90.8683,28.9884],[-90.8783,29.0092],[-90.9128,29.0347],[-91.015,29.0663],[-91.185,29.1037],[-91.325,29.1235],[-91.435,29.1257],[-91.53,29.1376],[-91.61,29.1593],[-91.675,29.166],[-91.725,29.1575],[-91.805,29.1549],[-91.915,29.1583],[-92.015,29.1681],[-92.105,29.1845],[-92.1519,29.1873],[-92.1558,29.1765],[-92.1358,29.1543],[-92.0919,29.1205],[-92.0156,29.103],[-91.9068,29.1019],[-91.8141,29.0794],[-91.7375,29.0357],[-91.7069,29.0104],[-91.7223,29.0034],[-91.75,29.0061],[-91.79,29.0183],[-91.85,29.0248],[-91.93,29.0257],[-92.01,29.0376],[-92.09,29.0607],[-92.1531,29.062],[-92.1994,29.0416],[-92.2022,29.0051],[-92.1614,28.9526],[-92.0692,28.9045],[-91.9254,28.8607],[-91.8277,28.8144],[-91.7759,28.7654],[-91.735,28.7385],[-91.705,28.7335],[-91.6577,28.7053],[-91.5931,28.654],[-91.5981,28.6157],[-91.6727,28.5905],[-91.7613,28.5949],[-91.8639,28.6289],[-91.9199,28.6547],[-91.9292,28.6722],[-91.9291,28.6985],[-91.9196,28.7336],[-91.9386,28.7638],[-91.9862,28.7889],[-92.045,28.804],[-92.115,28.8088],[-92.2,28.8287],[-92.3,28.8636],[-92.44,28.875],[-92.62,28.863],[-92.7226,28.8612],[-92.7479,28.8696],[-92.7627,28.887],[-92.7671,28.9132],[-92.7795,28.9346],[-92.7998,28.9511],[-92.86,28.9616],[-92.96,28.966],[-93.0252,28.9578],[-93.0555,28.9368],[-93.0588,28.9089],[-93.0351,28.8738],[-93.0373,28.8432],[-93.0653,28.8169],[-93.072,28.7939],[-93.0573,28.7742],[-93.035,28.758],[-93.005,28.7454],[-92.86,28.7209],[-92.6,28.6845],[-92.4385,28.6525],[-92.3755,28.6247],[-92.344,28.602],[-92.3439,28.5844],[-92.3554,28.5697],[-92.3785,28.5579],[-92.4878,28.5447],[-92.6834,28.5302],[-92.7134,28.4927],[-92.5778,28.432],[-92.51,28.3957],[-92.51,28.3837],[-92.52,28.3753],[-92.54,28.3703],[-92.6825,28.3979],[-92.9474,28.4578],[-93.0963,28.5098],[-93.1291,28.5537],[-93.1455,28.5932],[-93.1454,28.6283],[-93.2015,28.6692],[-93.3138,28.7159],[-93.42,28.7298],[-93.52,28.7107],[-93.5766,28.6918],[-93.5898,28.6729],[-93.5848,28.6529],[-93.5616,28.6318],[-93.505,28.6146],[-93.415,28.6011],[-93.3475,28.5853],[-93.3025,28.5672],[-93.2875,28.5493],[-93.3023,28.5317],[-93.3548,28.5182],[-93.4449,28.5088],[-93.5021,28.4956],[-93.5263,28.4787],[-93.5273,28.4394],[-93.505,28.3779],[-93.4479,28.3238],[-93.356,28.2772],[-93.315,28.2415],[-93.325,28.2166],[-93.35,28.2084],[-93.39,28.2168],[-93.43,28.2182],[-93.47,28.2124],[-93.505,28.1902],[-93.535,28.1515],[-93.645,28.1372],[-93.835,28.1473],[-94.015,28.146],[-94.185,28.1334],[-94.2775,28.1204],[-94.2925,28.107],[-94.2837,28.0827],[-94.2511,28.0474],[-94.2486,28.0238],[-94.2762,28.0119],[-94.31,28.0194],[-94.35,28.0463],[-94.46,28.0718],[-94.64,28.0961],[-94.76,28.1035],[-94.82,28.094],[-94.89,28.0913],[-94.97,28.0951],[-95.05,28.0787],[-95.13,28.0419],[-95.2945,28.0118],[-95.5434,27.9884],[-95.6796,27.9679],[-95.7031,27.9503],[-95.7198,27.9238],[-95.7296,27.8884],[-95.7509,27.8486],[-95.7836,27.8044],[-95.8002,27.7734],[-95.8006,27.7557],[-95.7882,27.7292],[-95.7628,27.6938],[-95.7601,27.6613],[-95.78,27.6317],[-95.84,27.6196],[-95.94,27.6248],[-95.991,27.644],[-95.9931,27.6772],[-96.0081,27.7001],[-96.036,27.7129],[-96.0836,27.6952],[-96.1507,27.647],[-96.1786,27.6007],[-96.1673,27.5564],[-96.1837,27.5084],[-96.2279,27.4567],[-96.3,27.4067],[-96.4,27.3585],[-96.4595,27.3222],[-96.4785,27.2978],[-96.4885,27.2723],[-96.4894,27.2457],[-96.4807,27.2145],[-96.4625,27.179],[-96.4569,27.1256],[-96.4641,27.0543],[-96.4832,27.0179],[-96.5144,27.0163],[-96.55,27.0241],[-96.59,27.0412],[-96.635,27.0365],[-96.685,27.0101],[-96.7158,27.0068],[-96.7273,27.0266],[-96.7304,27.0811]],[[-93.0716,29.4383],[-93.0439,29.4494],[-93.0051,29.4494],[-92.9554,29.4383],[-92.9354,29.4276],[-92.9451,29.4171],[-92.965,29.4106],[-92.995,29.4081],[-93.0289,29.4133],[-93.0666,29.4263],[-93.0716,29.4383]],[[-92.6696,29.4222],[-92.6432,29.4359],[-92.61,29.4428],[-92.57,29.4429],[-92.5283,29.436],[-92.4848,29.4223],[-92.4578,29.4067],[-92.4472,29.3893],[-92.4789,29.3686],[-92.553,29.3447],[-92.6053,29.3403],[-92.636,29.3555],[-92.6592,29.3762],[-92.675,29.4023],[-92.6696,29.4222]],[[-92.1593,29.2851],[-92.0464,29.2687],[-91.9667,29.2469],[-91.9202,29.2197],[-91.9152,29.2005],[-91.9517,29.1893],[-91.99,29.1869],[-92.03,29.1933],[-92.0837,29.212],[-92.1512,29.243],[-92.1926,29.2672],[-92.208,29.2846],[-92.1593,29.2851]],[[-91.4016,29.2148],[-91.3937,29.2323],[-91.3748,29.2494],[-91.3449,29.2663],[-91.285,29.2857],[-91.195,29.3077],[-91.085,29.3106],[-90.955,29.2944],[-90.8628,29.275],[-90.8084,29.2523],[-90.7984,29.2306],[-90.8328,29.2097],[-90.9,29.1894],[-91.0,29.1699],[-91.09,29.1595],[-91.17,29.1584],[-91.25,29.1642],[-91.33,29.1769],[-91.3789,29.189],[-91.3967,29.2004],[-91.4016,29.2148]],[[-90.5001,29.1975],[-90.4934,29.2152],[-90.46,29.2344],[-90.4,29.2553],[-90.3206,29.2334],[-90.2219,29.1686],[-90.1819,29.1304],[-90.2006,29.1188],[-90.2573,29.1188],[-90.3518,29.1304],[-90.4168,29.1406],[-90.4524,29.1493],[-90.4785,29.1624],[-90.4951,29.1799],[-90.5001,29.1975]],[[-92.8041,28.6007],[-92.7547,28.6155],[-92.72,28.6339],[-92.7,28.6558],[-92.6394,28.6572],[-92.5383,28.638],[-92.5533,28.6143],[-92.6844,28.5861],[-92.7697,28.5773],[-92.8091,28.5879],[-92.8041,28.6007]],[[-93.47,28.5613],[-93.4433,28.5676],[-93.4189,28.5676],[-93.3966,28.5613],[-93.3852,28.5537],[-93.3848,28.5449],[-93.4009,28.5395],[-93.4336,28.5375],[-93.4583,28.5419],[-93.475,28.5527],[-93.47,28.5613]],[[-96.6581,27.1683],[-96.6527,27.1826],[-96.64,27.1929],[-96.62,27.1993],[-96.615,27.189],[-96.625,27.1619],[-96.635,27.1462],[-96.645,27.1421],[-96.6527,27.1453],[-96.6581,27.1559],[-96.6581,27.1683]],[[-96.4908,27.6362],[-96.4827,27.6628],[-96.4446,27.7159],[-96.3765,27.7955],[-96.3123,27.8619],[-96.2521,27.9149],[-96.1989,27.9489],[-96.153,27.9639],[-96.0995,28.0125],[-96.0386,28.0946],[-96.0032,28.1533],[-95.9933,28.1885],[-95.9671,28.2238],[-95.9245,28.259],[-95.9254,28.2854],[-95.9696,28.303],[-95.9919,28.3339],[-95.9922,28.3779],[-96.0067,28.4275],[-96.0356,28.4827],[-96.0802,28.5223],[-96.1407,28.5462],[-96.1745,28.5669],[-96.1817,28.5844],[-96.1803,28.6064],[-96.1704,28.6327],[-96.0816,28.6486],[-95.9139,28.6539],[-95.795,28.6769],[-95.725,28.7176],[-95.6481,28.75],[-95.5642,28.7742],[-95.4892,28.8125],[-95.4231,28.8651],[-95.365,28.895],[-95.315,28.9021],[-95.27,28.9155],[-95.23,28.9352],[-95.18,28.9411],[-95.12,28.9331],[-95.0418,28.9372],[-94.9453,28.9533],[-94.8933,28.9701],[-94.8859,28.9876],[-94.8892,29.0001],[-94.9031,29.0074],[-94.98,29.0058],[-95.12,28.9953],[-95.206,29.0047],[-95.238,29.0342],[-95.213,29.0626],[-95.131,29.0902],[-95.07,29.1019],[-95.03,29.0976],[-95.004,29.1101],[-94.992,29.1392],[-94.967,29.1659],[-94.929,29.1902],[-94.8623,29.2033],[-94.7669,29.2052],[-94.6719,29.2299],[-94.5773,29.2776],[-94.4912,29.3125],[-94.4137,29.3346],[-94.3741,29.35],[-94.3726,29.3587],[-94.3812,29.3675],[-94.3999,29.3762],[-94.4529,29.3893],[-94.54,29.4067],[-94.59,29.4285],[-94.603,29.4546],[-94.5946,29.4756],[-94.5649,29.4914],[-94.4,29.5036],[-94.1,29.5121],[-93.9234,29.5085],[-93.8703,29.4929],[-93.8376,29.472],[-93.8252,29.4459],[-93.8017,29.4306],[-93.7672,29.4262],[-93.7321,29.4262],[-93.6963,29.4306],[-93.6663,29.4488],[-93.6421,29.4808],[-93.565,29.4945],[-93.435,29.4899],[-93.3676,29.4826],[-93.3629,29.4726],[-93.3713,29.4633],[-93.393,29.4546],[-93.4034,29.4459],[-93.4023,29.4372],[-93.388,29.4241],[-93.3603,29.4067],[-93.3682,29.3849],[-93.4115,29.3587],[-93.4324,29.34],[-93.4308,29.3286],[-93.34,29.3154],[-93.16,29.3002],[-93.04,29.2765],[-92.98,29.2443],[-92.92,29.2207],[-92.86,29.2058],[-92.75,29.19],[-92.59,29.1732],[-92.47,29.171],[-92.39,29.1832],[-92.3226,29.1804],[-92.2679,29.1626],[-92.2312,29.145],[-92.2124,29.1275],[-92.2298,29.1022],[-92.2833,29.0691],[-92.38,29.0455],[-92.52,29.0313],[-92.71,29.0463],[-92.95,29.0904],[-93.115,29.1138],[-93.205,29.1165],[-93.31,29.1362],[-93.43,29.1729],[-93.5054,29.2036],[-93.5362,29.2286],[-93.5762,29.2474],[-93.6254,29.2602],[-93.6612,29.2646],[-93.6837,29.2605],[-93.6937,29.2549],[-93.6912,29.2476],[-93.6604,29.2215],[-93.6011,29.1763],[-93.5761,29.152],[-93.5854,29.1484],[-93.615,29.1458],[-93.665,29.1441],[-93.715,29.1546],[-93.765,29.1772],[-93.82,29.1813],[-93.88,29.1667],[-93.94,29.1628],[-94.0,29.1696],[-94.0187,29.1638],[-93.996,29.1454],[-93.951,29.1291],[-93.8837,29.1148],[-93.8423,29.1017],[-93.8268,29.0898],[-93.8418,29.0787],[-93.8873,29.0686],[-93.99,29.0614],[-94.15,29.0571],[-94.237,29.0491],[-94.251,29.0373],[-94.2563,29.0182],[-94.2528,28.992],[-94.2625,28.9614],[-94.2853,28.9264],[-94.2951,28.9033],[-94.2917,28.8921],[-94.275,28.8884],[-94.245,28.8923],[-94.2285,28.8891],[-94.2254,28.8789],[-94.2554,28.873],[-94.3185,28.8714],[-94.4038,28.8539],[-94.5113,28.8205],[-94.5631,28.7994],[-94.5591,28.7906],[-94.5203,28.7817],[-94.4468,28.7726],[-94.38,28.7826],[-94.32,28.8119],[-94.25,28.8207],[-94.17,28.8091],[-94.1,28.8055],[-94.04,28.81],[-93.965,28.7953],[-93.875,28.7614],[-93.8074,28.7242],[-93.7622,28.6837],[-93.7822,28.6518],[-93.8674,28.6285],[-93.955,28.6213],[-94.045,28.6303],[-94.13,28.6476],[-94.21,28.6732],[-94.2564,28.6847],[-94.2691,28.6822],[-94.2733,28.6635],[-94.269,28.6283],[-94.2726,28.6044],[-94.2842,28.5916],[-94.3176,28.6004],[-94.3727,28.6307],[-94.4127,28.6471],[-94.4376,28.6496],[-94.495,28.644],[-94.585,28.6303],[-94.6524,28.6159],[-94.6972,28.6008],[-94.7205,28.5888],[-94.7223,28.5801],[-94.7099,28.565],[-94.6833,28.5437],[-94.6448,28.5262],[-94.5943,28.5123],[-94.5639,28.4834],[-94.5537,28.4394],[-94.534,28.4114],[-94.5047,28.3994],[-94.4685,28.395],[-94.4256,28.3983],[-94.3725,28.4131],[-94.3094,28.4394],[-94.2856,28.4658],[-94.301,28.4922],[-94.2991,28.5121],[-94.2797,28.5256],[-94.22,28.5322],[-94.12,28.532],[-93.9903,28.5209],[-93.8309,28.4988],[-93.7489,28.479],[-93.7442,28.4614],[-93.7797,28.435],[-93.8552,28.3999],[-93.8942,28.3691],[-93.8965,28.3427],[-93.9135,28.3163],[-93.9449,28.2898],[-93.943,28.2574],[-93.9077,28.2189],[-93.915,28.1986],[-93.965,28.1965],[-94.025,28.2096],[-94.095,28.2379],[-94.15,28.243],[-94.19,28.2251],[-94.297,28.2312],[-94.4709,28.2615],[-94.5642,28.281],[-94.5768,28.2898],[-94.5803,28.3163],[-94.5748,28.3603],[-94.5766,28.3854],[-94.5855,28.3917],[-94.63,28.3902],[-94.71,28.381],[-94.79,28.3828],[-94.87,28.3957],[-94.925,28.3918],[-94.955,28.371],[-95.005,28.3721],[-95.075,28.395],[-95.155,28.4009],[-95.245,28.3897],[-95.325,28.4041],[-95.395,28.4441],[-95.46,28.4661],[-95.52,28.4703],[-95.6117,28.4455],[-95.7352,28.3916],[-95.8209,28.3471],[-95.8687,28.3119],[-95.877,28.2936],[-95.8457,28.2923],[-95.81,28.2988],[-95.77,28.3129],[-95.7382,28.3135],[-95.7147,28.3007],[-95.7097,28.2749],[-95.7232,28.2361],[-95.7594,28.1965],[-95.8183,28.1559],[-95.8435,28.1224],[-95.8351,28.0959],[-95.8064,28.0695],[-95.7575,28.043],[-95.7419,28.0165],[-95.7597,27.99],[-95.8089,27.9572],[-95.8896,27.9182],[-95.9733,27.9005],[-96.06,27.9042],[-96.13,27.8697],[-96.1833,27.7968],[-96.22,27.7361],[-96.24,27.6874],[-96.275,27.6466],[-96.325,27.6137],[-96.3862,27.6036],[-96.4587,27.6165],[-96.4908,27.6362]],[[-92.5828,29.2649],[-92.5476,29.2777],[-92.5137,29.2733],[-92.4812,29.2518],[-92.4862,29.2367],[-92.5287,29.2282],[-92.5626,29.2325],[-92.5878,29.2498],[-92.5828,29.2649]],[[-95.5491,28.0297],[-95.4941,28.0297],[-95.4825,28.0245],[-95.5142,28.014],[-95.5417,28.014],[-95.565,28.0245],[-95.5491,28.0297]],[[-95.3576,28.1224],[-95.3248,28.1312],[-95.2909,28.1268],[-95.2559,28.1092],[-95.2613,28.0954],[-95.3071,28.0856],[-95.341,28.09],[-95.363,28.1087],[-95.3576,28.1224]],[[-94.9573,28.1753],[-94.9561,28.1841],[-94.9485,28.1885],[-94.9343,28.1885],[-94.9274,28.1841],[-94.9276,28.1753],[-94.9353,28.1709],[-94.9503,28.1709],[-94.9573,28.1753]],[[-94.637,28.1959],[-94.6057,28.2106],[-94.5772,28.2106],[-94.5515,28.1959],[-94.5515,28.1817],[-94.5772,28.1682],[-94.6057,28.1682],[-94.637,28.1817],[-94.637,28.1959]],[[-93.9495,28.9554],[-93.9365,28.9785],[-93.915,28.9923],[-93.885,28.9968],[-93.8446,28.9897],[-93.7938,28.9708],[-93.7609,28.9483],[-93.7461,28.922],[-93.7505,28.9001],[-93.774,28.8826],[-93.8068,28.8731],[-93.8489,28.8717],[-93.885,28.8767],[-93.915,28.8881],[-93.9365,28.9063],[-93.9495,28.9314],[-93.9495,28.9554]]]}},{"type":"Feature","properties":{"c":"#00fb90","v0":0.05,"v1":0.25},"geometry":{"type":"Polygon","coordinates":[[[-84.1635,29.5245],[-84.1412,29.5338],[-84.1196,29.5338],[-84.0987,29.5245],[-84.085,29.5112],[-84.0787,29.4938],[-84.0941,29.4846],[-84.1314,29.4838],[-84.1562,29.4925],[-84.1685,29.5107],[-84.1635,29.5245]]]}},{"type":"Feature","properties":{"c":"#00fb90","v0":0.05,"v1":0.25},"geometry":{"type":"Polygon","coordinates":[[[-81.7995,29.4021],[-81.7665,29.4102],[-81.73,29.4051],[-81.69,29.3868],[-81.64,29.3497],[-81.58,29.2938],[-81.545,29.2539],[-81.535,29.23],[-81.54,29.2183],[-81.56,29.2188],[-81.6315,29.2638],[-81.7545,29.3533],[-81.7995,29.4021]]]}},{"type":"Feature","properties":{"c":"#00fb90","v0":0.05,"v1":0.25},"geometry":{"type":"Polygon","coordinates":[[[-83.4839,28.8651],[-83.4434,28.9176],[-83.3721,28.9658],[-83.2702,29.0095],[-83.2129,29.0401],[-83.2003,29.0576],[-83.1943,29.0794],[-83.1949,29.1057],[-83.1846,29.1319],[-83.1632,29.1581],[-83.1169,29.1823],[-83.0456,29.2046],[-82.99,29.2363],[-82.95,29.2772],[-82.915,29.2989],[-82.885,29.3012],[-82.84,29.3162],[-82.78,29.3436],[-82.66,29.3701],[-82.48,29.3956],[-82.3721,29.4014],[-82.3362,29.3875],[-82.3212,29.3687],[-82.3271,29.3449],[-82.355,29.3211],[-82.405,29.2974],[-82.48,29.2762],[-82.58,29.2574],[-82.66,29.2501],[-82.72,29.2544],[-82.785,29.2348],[-82.855,29.1911],[-82.8994,29.1523],[-82.9182,29.1183],[-82.8904,29.0882],[-82.8161,29.062],[-82.7731,29.027],[-82.7613,28.9833],[-82.794,28.9428],[-82.8713,28.9055],[-82.955,28.8829],[-83.045,28.875],[-83.113,28.841],[-83.159,28.7811],[-83.199,28.7393],[-83.233,28.7156],[-83.27,28.7025],[-83.31,28.7002],[-83.355,28.7095],[-83.405,28.7303],[-83.4452,28.7521],[-83.4757,28.7749],[-83.4942,28.7994],[-83.5008,28.8257],[-83.4839,28.8651]],[[-83.4511,28.8475],[-83.4104,28.9],[-83.35,28.932],[-83.27,28.9436],[-83.205,28.9713],[-83.155,29.0152],[-83.085,29.0357],[-82.995,29.0328],[-82.9642,29.0051],[-82.9928,28.9526],[-83.0428,28.9158],[-83.1143,28.8946],[-83.1607,28.8552],[-83.182,28.7975],[-83.207,28.7574],[-83.2357,28.7349],[-83.275,28.7242],[-83.325,28.7255],[-83.3711,28.7368],[-83.4134,28.7581],[-83.4437,28.7818],[-83.4623,28.8081],[-83.4511,28.8475]],[[-82.7491,29.317],[-82.723,29.3294],[-82.655,29.3416],[-82.545,29.3535],[-82.48,29.3583],[-82.46,29.3561],[-82.4459,29.3483],[-82.4376,29.3349],[-82.4526,29.3179],[-82.4909,29.2973],[-82.555,29.2855],[-82.645,29.2824],[-82.708,29.2884],[-82.7441,29.3033],[-82.7491,29.317]]]}},{"type":"Feature","properties":{"c":"#00fb90","v0":0.05,"v1":0.25},"geometry":{"type":"Polygon","coordinates":[[[-79.6634,29.3863],[-79.6545,29.3978],[-79.6324,29.3935],[-79.5971,29.3732],[-79.5644,29.3413],[-79.5343,29.2977],[-79.522,29.2678],[-79.5273,29.2515],[-79.5577,29.2646],[-79.6132,29.307],[-79.6477,29.3413],[-79.6612,29.3675],[-79.6634,29.3863]]]}},{"type":"Feature","properties":{"c":"#00fb90","v0":0.05,"v1":0.25},"geometry":{"type":"Polygon","coordinates":[[[-80.2821,29.2804],[-80.274,29.2893],[-80.2648,29.2893],[-80.2543,29.2804],[-80.2493,29.2628],[-80.2498,29.2366],[-80.259,29.2366],[-80.2771,29.2628],[-80.2821,29.2804]]]}},{"type":"Feature","properties":{"c":"#00fb90","v0":0.05,"v1":0.25},"geometry":{"type":"Polygon","coordinates":[[[-101.7845,28.1228],[-101.7348,28.203],[-101.675,28.2602],[-101.605,28.2942],[-101.545,28.2557],[-101.495,28.1446],[-101.415,28.0821],[-101.305,28.0683],[-101.235,28.0653],[-101.205,28.0732],[-101.185,28.0859],[-101.175,28.1034],[-101.1914,28.118],[-101.2341,28.1297],[-101.2506,28.2106],[-101.2407,28.3603],[-101.2243,28.4459],[-101.2014,28.4675],[-101.16,28.4852],[-101.1,28.4989],[-101.0548,28.5188],[-101.0243,28.545],[-100.9743,28.5636],[-100.9048,28.5745],[-100.8724,28.5481],[-100.8771,28.4845],[-100.8621,28.4434],[-100.8274,28.4249],[-100.79,28.4175],[-100.75,28.4212],[-100.7209,28.4085],[-100.7026,28.3793],[-100.7026,28.3518],[-100.7209,28.326],[-100.755,28.3052],[-100.805,28.2894],[-100.8431,28.267],[-100.8693,28.2382],[-100.8844,28.2061],[-100.8883,28.1709],[-100.8802,28.141],[-100.8601,28.1166],[-100.805,28.0916],[-100.715,28.0659],[-100.6,28.0803],[-100.46,28.1348],[-100.38,28.154],[-100.36,28.138],[-100.34,28.1297],[-100.32,28.1291],[-100.275,28.1604],[-100.205,28.2237],[-100.16,28.2564],[-100.14,28.2584],[-100.115,28.2509],[-100.085,28.234],[-100.06,28.2281],[-100.04,28.2332],[-100.005,28.2638],[-99.955,28.3199],[-99.895,28.3487],[-99.825,28.3501],[-99.7453,28.3895],[-99.6558,28.4668],[-99.6045,28.5186],[-99.5914,28.5449],[-99.5937,28.5757],[-99.6113,28.6108],[-99.5976,28.6394],[-99.5525,28.6614],[-99.517,28.6877],[-99.4909,28.7183],[-99.4829,28.7599],[-99.4929,28.8125],[-99.4809,28.8746],[-99.447,28.9461],[-99.3985,29.0029],[-99.3356,29.0452],[-99.2906,29.0869],[-99.2635,29.128],[-99.2179,29.1585],[-99.1537,29.1786],[-99.1196,29.1755],[-99.1154,29.1493],[-99.1347,29.1231],[-99.1773,29.0969],[-99.2059,29.062],[-99.2205,29.0182],[-99.2267,28.9658],[-99.2248,28.9045],[-99.2353,28.8639],[-99.2584,28.8439],[-99.2798,28.8132],[-99.2993,28.7718],[-99.3021,28.738],[-99.288,28.7117],[-99.2786,28.6678],[-99.2741,28.6064],[-99.2914,28.5686],[-99.3305,28.5545],[-99.3689,28.5238],[-99.4067,28.4764],[-99.4112,28.4438],[-99.3826,28.4263],[-99.371,28.3911],[-99.3764,28.3383],[-99.3566,28.2898],[-99.3116,28.2458],[-99.2861,28.2061],[-99.2801,28.1709],[-99.297,28.1224],[-99.3366,28.0606],[-99.347,27.9768],[-99.3279,27.8707],[-99.3227,27.7779],[-99.3311,27.6982],[-99.369,27.6391],[-99.4363,27.6007],[-99.48,27.5541],[-99.5,27.4993],[-99.505,27.4596],[-99.495,27.435],[-99.4581,27.4106],[-99.3943,27.3866],[-99.3767,27.3434],[-99.4053,27.2812],[-99.4349,27.2323],[-99.4653,27.1967],[-99.4856,27.1612],[-99.4956,27.1256],[-99.4868,27.0721],[-99.4591,27.0009],[-99.4315,26.9535],[-99.4038,26.9301],[-99.375,26.9166],[-99.345,26.9129],[-99.32,26.8961],[-99.3,26.8662],[-99.2485,26.7592],[-99.1656,26.5751],[-99.081,26.4426],[-98.9948,26.362],[-98.9663,26.3154],[-98.9954,26.3028],[-99.0235,26.2804],[-99.0504,26.2481],[-99.0666,26.214],[-99.072,26.1781],[-99.0835,26.1529],[-99.1012,26.1383],[-99.18,26.1613],[-99.32,26.2219],[-99.4035,26.2516],[-99.4305,26.2505],[-99.4494,26.2409],[-99.4602,26.223],[-99.4467,26.1972],[-99.4089,26.1635],[-99.345,26.1373],[-99.255,26.1185],[-99.1801,26.068],[-99.1202,25.9857],[-99.0752,25.937],[-99.0451,25.9219],[-99.0222,25.9174],[-99.0067,25.9235],[-98.9767,25.9562],[-98.9322,26.0155],[-98.885,26.0315],[-98.835,26.0042],[-98.715,26.0212],[-98.525,26.0824],[-98.39,26.1088],[-98.31,26.1005],[-98.23,26.1103],[-98.15,26.138],[-98.09,26.1471],[-98.05,26.1377],[-98.0237,26.1038],[-98.0112,26.0456],[-98.009,26.0075],[-98.0172,25.9895],[-98.0485,25.9681],[-98.1028,25.9432],[-98.1268,25.9477],[-98.1205,25.9815],[-98.1255,26.0088],[-98.1418,26.0294],[-98.175,26.0301],[-98.225,26.0111],[-98.2738,25.9873],[-98.3215,25.9588],[-98.3263,25.9221],[-98.2885,25.8771],[-98.2728,25.8456],[-98.2792,25.8276],[-98.2943,25.8096],[-98.3181,25.7917],[-98.355,25.7806],[-98.405,25.7764],[-98.4449,25.7673],[-98.4747,25.7535],[-98.4847,25.7365],[-98.4749,25.7163],[-98.405,25.7072],[-98.275,25.7091],[-98.2025,25.7011],[-98.1875,25.6833],[-98.1825,25.6641],[-98.1875,25.6433],[-98.22,25.6228],[-98.28,25.6027],[-98.3419,25.5454],[-98.4058,25.451],[-98.4352,25.3947],[-98.4301,25.3766],[-98.3999,25.345],[-98.3448,25.2998],[-98.3204,25.2413],[-98.3268,25.1694],[-98.375,25.1121],[-98.465,25.0694],[-98.53,25.0524],[-98.57,25.0611],[-98.615,25.0804],[-98.665,25.1103],[-98.73,25.1144],[-98.81,25.0926],[-98.89,25.0988],[-98.97,25.1328],[-99.0192,25.141],[-99.0376,25.1232],[-99.0404,25.0917],[-99.0277,25.0464],[-99.0269,25.0101],[-99.038,24.9829],[-99.0684,24.9376],[-99.1182,24.8741],[-99.1646,24.8424],[-99.2076,24.8424],[-99.2235,24.8832],[-99.2124,24.9648],[-99.1881,25.0237],[-99.1507,25.06],[-99.1427,25.0962],[-99.164,25.1324],[-99.1777,25.1732],[-99.1837,25.2184],[-99.2176,25.2713],[-99.2792,25.3318],[-99.34,25.3679],[-99.4,25.3796],[-99.4368,25.3991],[-99.4505,25.4263],[-99.482,25.4579],[-99.5311,25.494],[-99.5543,25.5198],[-99.5514,25.5351],[-99.54,25.5442],[-99.52,25.5468],[-99.4917,25.5346],[-99.455,25.5076],[-99.425,25.4742],[-99.4017,25.4346],[-99.38,25.4109],[-99.36,25.4032],[-99.3417,25.4049],[-99.3252,25.4162],[-99.313,25.4354],[-99.305,25.4624],[-99.305,25.494],[-99.3131,25.5301],[-99.3386,25.5843],[-99.3816,25.6564],[-99.4598,25.7277],[-99.5733,25.798],[-99.64,25.8347],[-99.66,25.8377],[-99.679,25.8296],[-99.6969,25.8102],[-99.7034,25.7736],[-99.6987,25.7195],[-99.7447,25.6756],[-99.8416,25.6419],[-99.905,25.6091],[-99.935,25.5771],[-99.97,25.5647],[-100.01,25.5719],[-100.0623,25.6499],[-100.1269,25.7984],[-100.1569,25.8875],[-100.1523,25.9173],[-100.1371,25.9443],[-100.1113,25.9685],[-100.099,25.994],[-100.1001,26.021],[-100.113,26.045],[-100.1377,26.066],[-100.175,26.0762],[-100.225,26.0755],[-100.2659,26.065],[-100.2976,26.0446],[-100.3158,26.012],[-100.3205,25.967],[-100.3396,25.9479],[-100.3732,25.9545],[-100.3922,25.977],[-100.3967,26.0153],[-100.4184,26.0569],[-100.4575,26.1018],[-100.4869,26.1467],[-100.5067,26.1916],[-100.5022,26.2544],[-100.4735,26.3351],[-100.4602,26.3978],[-100.4624,26.4426],[-100.4951,26.4914],[-100.5584,26.5443],[-100.61,26.5797],[-100.65,26.5977],[-100.6973,26.6339],[-100.7519,26.6882],[-100.7796,26.7913],[-100.7804,26.9429],[-100.7731,27.0447],[-100.7577,27.0966],[-100.735,27.1236],[-100.705,27.1257],[-100.6854,27.1443],[-100.6762,27.1793],[-100.6878,27.2012],[-100.7202,27.2101],[-100.7448,27.1966],[-100.7616,27.1607],[-100.8254,27.134],[-100.9363,27.1165],[-101.0163,27.1087],[-101.0654,27.1106],[-101.095,27.1171],[-101.105,27.1283],[-101.1145,27.1496],[-101.1235,27.181],[-101.1249,27.2234],[-101.1187,27.2768],[-101.1283,27.3523],[-101.1538,27.45],[-101.1522,27.5298],[-101.1233,27.5919],[-101.0882,27.6495],[-101.0469,27.7026],[-101.0294,27.7557],[-101.0358,27.8088],[-101.0592,27.853],[-101.0994,27.8884],[-101.1372,27.9073],[-101.1724,27.9097],[-101.225,27.8859],[-101.295,27.8358],[-101.35,27.8182],[-101.39,27.8332],[-101.425,27.8362],[-101.455,27.827],[-101.49,27.7953],[-101.53,27.7409],[-101.56,27.7089],[-101.58,27.6991],[-101.5957,27.7029],[-101.6071,27.7204],[-101.6135,27.7602],[-101.6149,27.8221],[-101.5971,27.8663],[-101.56,27.8928],[-101.5413,27.9193],[-101.5411,27.9458],[-101.5533,27.9643],[-101.5778,27.9746],[-101.63,27.9779],[-101.71,27.9741],[-101.7648,27.9999],[-101.7945,28.0551],[-101.7845,28.1228]],[[-99.5113,28.5713],[-99.491,28.6327],[-99.4655,28.681],[-99.4347,28.7161],[-99.4287,28.7556],[-99.4476,28.7994],[-99.4488,28.8432],[-99.4324,28.887],[-99.4107,28.9233],[-99.3836,28.9522],[-99.35,28.9688],[-99.31,28.973],[-99.2875,28.9586],[-99.2825,28.9254],[-99.3012,28.8651],[-99.3435,28.7775],[-99.3539,28.7205],[-99.3324,28.6942],[-99.3243,28.6635],[-99.3297,28.6283],[-99.3667,28.5775],[-99.4356,28.511],[-99.4775,28.4803],[-99.4926,28.4853],[-99.5055,28.501],[-99.5161,28.5273],[-99.5113,28.5713]],[[-100.4044,27.5076],[-100.3843,27.5609],[-100.3531,27.5998],[-100.311,27.6244],[-100.255,27.685],[-100.185,27.7815],[-100.115,27.8421],[-100.045,27.8669],[-99.985,27.8982],[-99.935,27.9359],[-99.8656,27.9956],[-99.7768,28.0772],[-99.7271,28.1444],[-99.7165,28.1973],[-99.6609,28.2476],[-99.5603,28.2954],[-99.5041,28.335],[-99.4924,28.3665],[-99.4724,28.3825],[-99.4441,28.383],[-99.4349,28.3434],[-99.4448,28.2637],[-99.426,28.2061],[-99.3785,28.1709],[-99.3736,28.118],[-99.4114,28.0474],[-99.4144,27.9458],[-99.3824,27.8132],[-99.3724,27.7344],[-99.3841,27.7093],[-99.4347,27.6651],[-99.524,27.6015],[-99.5668,27.5476],[-99.5631,27.5032],[-99.5689,27.45],[-99.5842,27.3878],[-99.5702,27.3434],[-99.5268,27.3168],[-99.5003,27.2946],[-99.4905,27.2768],[-99.5167,27.2287],[-99.5789,27.1503],[-99.67,27.0904],[-99.79,27.0492],[-99.895,27.035],[-99.985,27.0479],[-100.0337,27.0632],[-100.041,27.0811],[-100.0373,27.1033],[-100.0223,27.13],[-100.02,27.1523],[-100.0303,27.1701],[-100.0996,27.2012],[-100.2277,27.2457],[-100.286,27.2857],[-100.2744,27.3212],[-100.274,27.3737],[-100.2847,27.4431],[-100.295,27.4819],[-100.305,27.4901],[-100.33,27.4835],[-100.37,27.462],[-100.3961,27.4587],[-100.4084,27.4736],[-100.4044,27.5076]],[[-100.3397,26.874],[-100.3199,26.9056],[-100.2925,26.9101],[-100.2575,26.8874],[-100.2575,26.8611],[-100.2925,26.8311],[-100.3167,26.8177],[-100.33,26.8209],[-100.3399,26.8315],[-100.3464,26.8493],[-100.3397,26.874]],[[-100.1193,26.3709],[-100.0906,26.4336],[-100.0397,26.4845],[-99.9666,26.5234],[-99.91,26.5663],[-99.87,26.613],[-99.8273,26.6516],[-99.782,26.6822],[-99.7348,26.7377],[-99.6858,26.8181],[-99.6435,26.8639],[-99.6078,26.8753],[-99.5566,26.8575],[-99.4897,26.8104],[-99.4397,26.7513],[-99.4066,26.6802],[-99.3657,26.6399],[-99.317,26.6307],[-99.257,26.5741],[-99.1857,26.4701],[-99.1236,26.3985],[-99.0709,26.3592],[-99.0659,26.3028],[-99.1086,26.2293],[-99.175,26.214],[-99.265,26.257],[-99.35,26.2904],[-99.43,26.3145],[-99.4927,26.3118],[-99.5382,26.2825],[-99.5436,26.2365],[-99.5088,26.1736],[-99.4711,26.1305],[-99.4304,26.1071],[-99.3843,26.0891],[-99.3329,26.0766],[-99.2904,26.0479],[-99.2568,26.003],[-99.2019,25.958],[-99.1258,25.9131],[-99.0684,25.8856],[-99.0295,25.8756],[-98.9879,25.8756],[-98.9437,25.8856],[-98.9137,25.9096],[-98.8979,25.9475],[-98.835,25.9694],[-98.725,25.9751],[-98.63,25.9992],[-98.55,26.0416],[-98.465,26.0658],[-98.375,26.0718],[-98.305,26.0701],[-98.255,26.0608],[-98.245,26.0429],[-98.275,26.0162],[-98.325,25.9887],[-98.395,25.9602],[-98.49,25.9428],[-98.61,25.9363],[-98.7018,25.8955],[-98.7653,25.8202],[-98.7956,25.7691],[-98.7926,25.742],[-98.7759,25.7097],[-98.7453,25.672],[-98.7125,25.6585],[-98.6774,25.6691],[-98.6621,25.697],[-98.6664,25.742],[-98.6489,25.7747],[-98.6096,25.7949],[-98.5806,25.7994],[-98.5619,25.7882],[-98.5451,25.76],[-98.5304,25.715],[-98.4503,25.688],[-98.305,25.679],[-98.2317,25.6695],[-98.2306,25.6595],[-98.255,25.6539],[-98.305,25.6528],[-98.335,25.6474],[-98.345,25.6376],[-98.3646,25.6116],[-98.3937,25.5693],[-98.4112,25.5301],[-98.4169,25.494],[-98.4322,25.4624],[-98.4571,25.4354],[-98.4657,25.4083],[-98.4579,25.3812],[-98.43,25.345],[-98.3821,25.2998],[-98.3734,25.2455],[-98.404,25.1822],[-98.442,25.1372],[-98.4873,25.1106],[-98.53,25.1008],[-98.57,25.1079],[-98.605,25.1245],[-98.635,25.1503],[-98.69,25.1558],[-98.77,25.1408],[-98.8219,25.1376],[-98.8457,25.1462],[-98.8723,25.1686],[-98.9018,25.2048],[-98.9499,25.2227],[-99.0166,25.2223],[-99.0593,25.2269],[-99.078,25.2363],[-99.113,25.2682],[-99.1644,25.3224],[-99.1859,25.3721],[-99.1775,25.4173],[-99.1944,25.467],[-99.2367,25.5211],[-99.2549,25.5798],[-99.2492,25.6429],[-99.2623,25.6921],[-99.2941,25.7274],[-99.33,25.7459],[-99.37,25.7475],[-99.4273,25.7659],[-99.502,25.801],[-99.5459,25.8321],[-99.5591,25.8591],[-99.5666,25.9041],[-99.5684,25.967],[-99.5795,26.0125],[-99.5998,26.0404],[-99.6347,26.0539],[-99.6842,26.0529],[-99.7266,25.9985],[-99.7621,25.8906],[-99.7974,25.8233],[-99.8325,25.7968],[-99.86,25.7845],[-99.88,25.7866],[-99.9091,25.8134],[-99.9472,25.8648],[-99.9635,25.9131],[-99.9582,25.958],[-99.9441,25.9928],[-99.9214,26.0174],[-99.89,26.0289],[-99.85,26.0272],[-99.8,26.0339],[-99.74,26.0491],[-99.7109,26.0646],[-99.7126,26.0804],[-99.7276,26.0953],[-99.7559,26.1091],[-99.805,26.1181],[-99.875,26.1223],[-99.95,26.1481],[-100.03,26.1954],[-100.0824,26.2313],[-100.1072,26.2557],[-100.1231,26.2858],[-100.1302,26.3216],[-100.1193,26.3709]],[[-100.3626,26.1946],[-100.3275,26.2274],[-100.3,26.237],[-100.28,26.2234],[-100.2655,26.2024],[-100.2566,26.1743],[-100.2666,26.1538],[-100.2955,26.1411],[-100.3275,26.1456],[-100.3626,26.1673],[-100.3626,26.1946]],[[-98.6122,25.8826],[-98.5841,25.9025],[-98.5512,25.907],[-98.5137,25.8961],[-98.4983,25.8816],[-98.5051,25.8636],[-98.5188,25.8496],[-98.5396,25.8397],[-98.5687,25.8397],[-98.6061,25.8496],[-98.6252,25.8591],[-98.6259,25.8681],[-98.6122,25.8826]]]}},{"type":"Feature","properties":{"c":"#00fb90","v0":0.05,"v1":0.25},"geometry":{"type":"Polygon","coordinates":[[[-85.0153,28.9025],[-84.9984,28.9249],[-84.985,28.9341],[-84.975,28.9302],[-84.9727,28.919],[-84.9782,28.9006],[-84.9916,28.8914],[-85.013,28.8914],[-85.0153,28.9025]]]}},{"type":"Feature","properties":{"c":"#00fb90","v0":0.05,"v1":0.25},"geometry":{"type":"Polygon","coordinates":[[[-81.0698,28.8998],[-81.0566,28.9167],[-81.04,28.9263],[-81.02,28.9286],[-80.9986,28.9246],[-80.9759,28.9141],[-80.9622,28.9001],[-80.9575,28.8826],[-80.9739,28.8685],[-81.0113,28.858],[-81.0416,28.8623],[-81.0648,28.8817],[-81.0698,28.8998]]]}},{"type":"Feature","properties":{"c":"#00fb90","v0":0.05,"v1":0.25},"geometry":{"type":"Polygon","coordinates":[[[-84.6701,28.8133],[-84.6567,28.8324],[-84.6407,28.8324],[-84.6221,28.8133],[-84.6221,28.7981],[-84.6407,28.7867],[-84.6567,28.7867],[-84.6701,28.7981],[-84.6701,28.8133]]]}},{"type":"Feature","properties":{"c":"#00fb90","v0":0.05,"v1":0.25},"geometry":{"type":"Polygon","coordinates":[[[-95.1417,28.6556],[-95.1206,28.6751],[-95.065,28.6913],[-94.975,28.7044],[-94.9185,28.7079],[-94.8955,28.7016],[-94.8881,28.6898],[-94.8963,28.6722],[-94.9328,28.6385],[-94.9976,28.5885],[-95.038,28.5666],[-95.0541,28.5726],[-95.0641,28.5849],[-95.068,28.6034],[-95.0906,28.621],[-95.1317,28.6376],[-95.1417,28.6556]]]}},{"type":"Feature","properties":{"c":"#00fb90","v0":0.05,"v1":0.25},"geometry":{"type":"Polygon","coordinates":[[[-99.8883,28.5493],[-99.8784,28.5669],[-99.8562,28.5844],[-99.8215,28.602],[-99.7807,28.6171],[-99.7336,28.6296],[-99.6979,28.634],[-99.6737,28.6302],[-99.7195,28.6064],[-99.8353,28.5625],[-99.8883,28.5493]]]}},{"type":"Feature","properties":{"c":"#00fb90","v0":0.05,"v1":0.25},"geometry":{"type":"Polygon","coordinates":[[[-101.3367,28.4872],[-101.3056,28.5562],[-101.2787,28.5957],[-101.2561,28.6058],[-101.2438,28.5844],[-101.2416,28.5317],[-101.2557,28.4922],[-101.2861,28.4658],[-101.314,28.4526],[-101.3395,28.4526],[-101.3367,28.4872]]]}},{"type":"Feature","properties":{"c":"#00fb90","v0":0.05,"v1":0.25},"geometry":{"type":"Polygon","coordinates":[[[-90.322,28.5625],[-90.2865,28.5713],[-90.2791,28.5692],[-90.2997,28.5564],[-90.3174,28.552],[-90.3323,28.5561],[-90.322,28.5625]]]}},{"type":"Feature","properties":{"c":"#00fb90","v0":0.05,"v1":0.25},"geometry":{"type":"Polygon","coordinates":[[[-95.3968,28.5018],[-95.3523,28.5298],[-95.32,28.5446],[-95.3,28.5463],[-95.2828,28.5411],[-95.2685,28.529],[-95.2665,28.5142],[-95.2769,28.4966],[-95.2941,28.4828],[-95.318,28.4729],[-95.34,28.4667],[-95.36,28.4641],[-95.3823,28.469],[-95.4068,28.4815],[-95.3968,28.5018]]]}},{"type":"Feature","properties":{"c":"#00fb90","v0":0.05,"v1":0.25},"geometry":{"type":"Polygon","coordinates":[[[-94.863,28.5268],[-94.841,28.5346],[-94.8264,28.5346],[-94.8193,28.5268],[-94.8243,28.5179],[-94.8414,28.5077],[-94.856,28.5077],[-94.868,28.5179],[-94.863,28.5268]]]}},{"type":"Feature","properties":{"c":"#00fb90","v0":0.05,"v1":0.25},"geometry":{"type":"Polygon","coordinates":[[[-79.72,28.5255],[-79.7133,28.5305],[-79.7061,28.5261],[-79.6982,28.5123],[-79.6982,28.5022],[-79.7061,28.4958],[-79.7133,28.5002],[-79.72,28.5154],[-79.72,28.5255]]]}},{"type":"Feature","properties":{"c":"#00fb90","v0":0.05,"v1":0.25},"geometry":{"type":"Polygon","coordinates":[[[-90.86,27.9414],[-90.834,27.9768],[-90.8183,28.0434],[-90.8128,28.1412],[-90.77,28.1865],[-90.69,28.1794],[-90.61,28.1445],[-90.53,28.0818],[-90.475,28.0473],[-90.445,28.0408],[-90.35,28.0624],[-90.19,28.1122],[-90.065,28.1423],[-89.975,28.1526],[-89.9192,28.1787],[-89.8975,28.2205],[-89.8975,28.259],[-89.9189,28.2942],[-89.9147,28.3194],[-89.8849,28.3344],[-89.81,28.3237],[-89.69,28.2873],[-89.605,28.2735],[-89.555,28.2824],[-89.515,28.3024],[-89.485,28.3336],[-89.425,28.3436],[-89.335,28.3325],[-89.245,28.33],[-89.155,28.3361],[-89.0638,28.3192],[-88.9715,28.2791],[-88.8955,28.2326],[-88.8359,28.1797],[-88.8097,28.14],[-88.8168,28.1136],[-88.8377,28.0871],[-88.8726,28.0605],[-88.9497,28.0208],[-89.069,27.9679],[-89.1216,27.9193],[-89.1074,27.8751],[-89.0813,27.8354],[-89.0431,27.8],[-89.0555,27.7552],[-89.1185,27.7009],[-89.16,27.6499],[-89.18,27.6021],[-89.23,27.5839],[-89.31,27.5955],[-89.3641,27.6155],[-89.3924,27.6441],[-89.4224,27.6648],[-89.4541,27.6777],[-89.505,27.6861],[-89.575,27.6901],[-89.6107,27.6836],[-89.6122,27.6668],[-89.5772,27.6436],[-89.5057,27.6142],[-89.4569,27.5876],[-89.4308,27.5639],[-89.4208,27.5421],[-89.4269,27.5224],[-89.4658,27.4958],[-89.5374,27.4623],[-89.5774,27.4181],[-89.5858,27.3632],[-89.685,27.3603],[-89.875,27.4094],[-90.01,27.4556],[-90.09,27.4987],[-90.155,27.524],[-90.205,27.5314],[-90.2419,27.5526],[-90.2656,27.5877],[-90.2906,27.6119],[-90.3169,27.6254],[-90.405,27.6335],[-90.555,27.6363],[-90.645,27.6419],[-90.675,27.6505],[-90.7177,27.7044],[-90.7731,27.8035],[-90.8188,27.8707],[-90.8549,27.9061],[-90.86,27.9414]]]}},{"type":"Feature","properties":{"c":"#00fb90","v0":0.05,"v1":0.25},"geometry":{"type":"Polygon","coordinates":[[[-81.3967,28.312],[-81.3789,28.3122],[-81.365,28.3032],[-81.355,28.2852],[-81.36,28.2753],[-81.38,28.2736],[-81.3939,28.2825],[-81.4017,28.3021],[-81.3967,28.312]]]}},{"type":"Feature","properties":{"c":"#00fb90","v0":0.05,"v1":0.25},"geometry":{"type":"Polygon","coordinates":[[[-92.5274,28.2699],[-92.4625,28.2918],[-92.3994,28.3006],[-92.3383,28.2964],[-92.2989,28.2854],[-92.2814,28.2678],[-92.2869,28.2519],[-92.3156,28.2377],[-92.3875,28.2377],[-92.5024,28.2519],[-92.5274,28.2699]]]}},{"type":"Feature","properties":{"c":"#00fb90","v0":0.05,"v1":0.25},"geometry":{"type":"Polygon","coordinates":[[[-79.0667,28.1876],[-79.0556,28.1856],[-79.05,28.1788],[-79.05,28.1672],[-79.0556,28.1682],[-79.0667,28.1817],[-79.0667,28.1876]]]}},{"type":"Feature","properties":{"c":"#00fb90","v0":0.05,"v1":0.25},"geometry":{"type":"Polygon","coordinates":[[[-93.4726,28.0921],[-93.3909,28.0756],[-93.31,28.0421],[-93.23,27.9914],[-93.14,27.9691],[-93.04,27.9752],[-92.973,27.9735],[-92.9391,27.9639],[-92.9463,27.9458],[-92.9946,27.9193],[-93.0265,27.8664],[-93.0422,27.787],[-93.0857,27.7428],[-93.1572,27.7337],[-93.1854,27.7469],[-93.1703,27.7823],[-93.1984,27.8221],[-93.2697,27.8663],[-93.2946,27.8972],[-93.2731,27.9149],[-93.2624,27.9326],[-93.2625,27.9503],[-93.2744,27.9672],[-93.2981,27.9835],[-93.345,27.9986],[-93.415,28.0124],[-93.4659,28.0396],[-93.4976,28.0801],[-93.4726,28.0921]]]}},{"type":"Feature","properties":{"c":"#00fb90","v0":0.05,"v1":0.25},"geometry":{"type":"Polygon","coordinates":[[[-79.4929,28.0762],[-79.4376,28.0631],[-79.4,28.0422],[-79.38,28.0133],[-79.3965,28.0066],[-79.4494,28.022],[-79.487,28.043],[-79.5094,28.0695],[-79.4929,28.0762]]]}},{"type":"Feature","properties":{"c":"#00fb90","v0":0.05,"v1":0.25},"geometry":{"type":"Polygon","coordinates":[[[-81.4911,28.018],[-81.477,28.0297],[-81.4574,28.0297],[-81.4321,28.018],[-81.3913,27.9856],[-81.3349,27.9326],[-81.3042,27.8972],[-81.2989,27.8796],[-81.3147,27.8748],[-81.3516,27.8828],[-81.402,27.9182],[-81.4661,27.9808],[-81.4911,28.018]]]}},{"type":"Feature","properties":{"c":"#00fb90","v0":0.05,"v1":0.25},"geometry":{"type":"Polygon","coordinates":[[[-78.9675,28.0128],[-78.9558,28.0141],[-78.9492,28.0097],[-78.9476,27.9995],[-78.9534,27.9988],[-78.9667,28.0077],[-78.9675,28.0128]]]}},{"type":"Feature","properties":{"c":"#00fb90","v0":0.05,"v1":0.25},"geometry":{"type":"Polygon","coordinates":[[[-95.0262,27.9829],[-95.0154,27.9951],[-94.995,28.0025],[-94.965,28.0051],[-94.925,28.0016],[-94.875,27.992],[-94.8423,27.9802],[-94.8268,27.9661],[-94.8518,27.954],[-94.9173,27.9438],[-94.965,27.9417],[-94.995,27.9475],[-95.0154,27.957],[-95.0262,27.9702],[-95.0262,27.9829]]]}},{"type":"Feature","properties":{"c":"#00fb90","v0":0.05,"v1":0.25},"geometry":{"type":"Polygon","coordinates":[[[-94.806,27.8748],[-94.7953,27.8829],[-94.7825,27.8829],[-94.7676,27.8748],[-94.7676,27.8665],[-94.7825,27.8581],[-94.7953,27.8581],[-94.806,27.8665],[-94.806,27.8748]]]}},{"type":"Feature","properties":{"c":"#00fb90","v0":0.05,"v1":0.25},"geometry":{"type":"Polygon","coordinates":[[[-95.0461,27.8278],[-94.9954,27.8482],[-94.9471,27.8571],[-94.9012,27.8544],[-94.8756,27.8486],[-94.8703,27.8398],[-94.8833,27.825],[-94.9144,27.8042],[-94.96,27.7928],[-95.02,27.791],[-95.0554,27.797],[-95.0661,27.8108],[-95.0461,27.8278]]]}},{"type":"Feature","properties":{"c":"#00fb90","v0":0.05,"v1":0.25},"geometry":{"type":"Polygon","coordinates":[[[-94.0396,27.8147],[-94.0065,27.8089],[-93.99,27.79],[-93.99,27.7581],[-93.9988,27.7434],[-94.0163,27.7457],[-94.0328,27.7646],[-94.0484,27.8],[-94.0396,27.8147]]]}},{"type":"Feature","properties":{"c":"#00fb90","v0":0.05,"v1":0.25},"geometry":{"type":"Polygon","coordinates":[[[-95.4445,27.4677],[-95.4316,27.5476],[-95.4064,27.5942],[-95.3688,27.6078],[-95.3189,27.6167],[-95.2567,27.6208],[-95.2067,27.6549],[-95.1689,27.7188],[-95.09,27.7527],[-94.97,27.7566],[-94.89,27.7472],[-94.85,27.7247],[-94.795,27.7046],[-94.725,27.6869],[-94.6637,27.6775],[-94.611,27.6765],[-94.591,27.6688],[-94.6037,27.6542],[-94.63,27.6538],[-94.67,27.6676],[-94.7,27.6712],[-94.72,27.6646],[-94.75,27.637],[-94.79,27.5882],[-94.87,27.5842],[-94.99,27.6251],[-95.0609,27.6398],[-95.0827,27.6285],[-95.1027,27.6049],[-95.1209,27.5689],[-95.1887,27.5334],[-95.306,27.4985],[-95.3698,27.4766],[-95.38,27.4677],[-95.3768,27.45],[-95.3601,27.4233],[-95.3564,27.4058],[-95.3655,27.3973],[-95.385,27.3951],[-95.415,27.3992],[-95.4352,27.4079],[-95.4457,27.4211],[-95.4445,27.4677]],[[-95.3777,27.561],[-95.3592,27.5791],[-95.3301,27.5835],[-95.2904,27.5743],[-95.2854,27.56],[-95.3151,27.5407],[-95.3442,27.5363],[-95.3727,27.5467],[-95.3777,27.561]]]}},{"type":"Feature","properties":{"c":"#00fb90","v0":0.05,"v1":0.25},"geometry":{"type":"Polygon","coordinates":[[[-94.3733,27.6126],[-94.3444,27.6274],[-94.3203,27.6274],[-94.3008,27.6126],[-94.3008,27.6003],[-94.3203,27.5906],[-94.3444,27.5906],[-94.3733,27.6003],[-94.3733,27.6126]]]}},{"type":"Feature","properties":{"c":"#00fb90","v0":0.05,"v1":0.25},"geometry":{"type":"Polygon","coordinates":[[[-94.1537,27.5954],[-94.1112,27.6114],[-94.072,27.6159],[-94.036,27.6087],[-94.0183,27.6007],[-94.0191,27.5919],[-94.0421,27.5815],[-94.0874,27.5697],[-94.1262,27.5697],[-94.1587,27.5815],[-94.1537,27.5954]]]}},{"type":"Feature","properties":{"c":"#00fb90","v0":0.05,"v1":0.25},"geometry":{"type":"Polygon","coordinates":[[[-93.4307,27.5022],[-93.4169,27.5089],[-93.3957,27.5089],[-93.3671,27.5022],[-93.3621,27.4945],[-93.3807,27.486],[-93.4019,27.486],[-93.4257,27.4945],[-93.4307,27.5022]]]}},{"type":"Feature","properties":{"c":"#00fb90","v0":0.05,"v1":0.25},"geometry":{"type":"Polygon","coordinates":[[[-96.088,27.2901],[-96.0632,27.3701],[-96.0359,27.4145],[-96.0059,27.4233],[-95.9907,27.4156],[-95.9902,27.3913],[-96.005,27.3481],[-96.035,27.2861],[-96.055,27.2511],[-96.065,27.2432],[-96.0776,27.2419],[-96.0927,27.2474],[-96.088,27.2901]]]}},{"type":"Feature","properties":{"c":"#00fb90","v0":0.05,"v1":0.25},"geometry":{"type":"Polygon","coordinates":[[[-98.4459,23.4507],[-98.4152,23.4782],[-98.3924,23.5189],[-98.3775,23.5726],[-98.3513,23.6185],[-98.314,23.6564],[-98.2814,23.7028],[-98.2538,23.7577],[-98.2024,23.7947],[-98.1275,23.8138],[-98.0739,23.8413],[-98.0416,23.8771],[-98.0269,23.9041],[-98.0296,23.9224],[-98.0408,23.9386],[-98.0603,23.9528],[-98.1,23.9616],[-98.16,23.965],[-98.223,23.9762],[-98.289,23.9951],[-98.3192,24.0275],[-98.3136,24.0731],[-98.321,24.1188],[-98.3417,24.1644],[-98.3407,24.21],[-98.318,24.2556],[-98.3201,24.3057],[-98.3469,24.3604],[-98.3535,24.4105],[-98.34,24.456],[-98.2826,24.5198],[-98.1814,24.6016],[-98.1206,24.6715],[-98.1002,24.7294],[-98.06,24.7723],[-98.0,24.8004],[-97.95,24.8117],[-97.91,24.8062],[-97.8815,24.8087],[-97.8644,24.819],[-97.8594,24.8582],[-97.8665,24.9262],[-97.8265,24.9851],[-97.7394,25.035],[-97.6844,25.0962],[-97.6613,25.1686],[-97.6548,25.211],[-97.6649,25.2234],[-97.695,25.2308],[-97.745,25.2331],[-97.7733,25.2404],[-97.7798,25.2529],[-97.7548,25.2659],[-97.6983,25.2795],[-97.655,25.2727],[-97.625,25.2455],[-97.6,25.2301],[-97.58,25.2268],[-97.51,25.2521],[-97.39,25.3062],[-97.295,25.3345],[-97.225,25.3369],[-97.1774,25.35],[-97.1523,25.3738],[-97.1381,25.3992],[-97.1349,25.4263],[-97.1452,25.4534],[-97.1692,25.4805],[-97.1822,25.5166],[-97.1843,25.5617],[-97.173,25.5978],[-97.1483,25.6249],[-97.1144,25.6474],[-97.0712,25.6654],[-97.0497,25.6977],[-97.0499,25.7441],[-97.0731,25.7937],[-97.1194,25.8463],[-97.1354,25.94],[-97.121,26.0749],[-97.1428,26.1727],[-97.2009,26.2337],[-97.2401,26.2651],[-97.2603,26.2669],[-97.2626,26.2768],[-97.247,26.2947],[-97.2352,26.3306],[-97.2271,26.3844],[-97.2277,26.4471],[-97.237,26.5187],[-97.2638,26.5768],[-97.308,26.6215],[-97.3319,26.6707],[-97.3353,26.7243],[-97.3595,26.8136],[-97.4044,26.9385],[-97.4276,27.041],[-97.4291,27.1211],[-97.413,27.1923],[-97.3793,27.2546],[-97.3243,27.307],[-97.2481,27.3495],[-97.19,27.3662],[-97.15,27.3571],[-97.11,27.3587],[-97.07,27.371],[-97.0421,27.372],[-97.0264,27.3618],[-97.026,27.3301],[-97.041,27.2768],[-97.0289,27.2447],[-96.9896,27.2337],[-96.9622,27.2204],[-96.9467,27.2046],[-96.9596,27.1745],[-97.0011,27.13],[-97.0196,27.0944],[-97.0151,27.0677],[-97.0227,27.0232],[-97.0424,26.9608],[-97.0345,26.8894],[-96.9991,26.8091],[-96.9848,26.7332],[-96.9916,26.6618],[-96.9888,26.6113],[-96.9763,26.5819],[-96.955,26.5658],[-96.925,26.563],[-96.865,26.5937],[-96.775,26.658],[-96.71,26.6921],[-96.67,26.6959],[-96.615,26.7257],[-96.545,26.7814],[-96.495,26.8073],[-96.465,26.8032],[-96.4578,26.7753],[-96.4734,26.7234],[-96.4934,26.6825],[-96.5178,26.6523],[-96.54,26.6323],[-96.56,26.6222],[-96.585,26.6259],[-96.615,26.6433],[-96.635,26.6481],[-96.645,26.6403],[-96.6614,26.5936],[-96.6841,26.5079],[-96.6791,26.4441],[-96.6464,26.4025],[-96.6282,26.3711],[-96.6245,26.3501],[-96.6613,26.2903],[-96.7386,26.1916],[-96.7752,26.1332],[-96.7713,26.1153],[-96.7295,26.1164],[-96.6498,26.1365],[-96.5778,26.1993],[-96.5135,26.3048],[-96.4735,26.3613],[-96.4578,26.369],[-96.43,26.3675],[-96.39,26.3569],[-96.355,26.3537],[-96.325,26.3579],[-96.2728,26.3997],[-96.1984,26.479],[-96.1634,26.5244],[-96.1678,26.5357],[-96.1861,26.5447],[-96.2182,26.5512],[-96.239,26.5634],[-96.2483,26.5813],[-96.249,26.5992],[-96.2409,26.6171],[-96.2178,26.6394],[-96.1797,26.6662],[-96.1739,26.7109],[-96.2005,26.7734],[-96.2079,26.8202],[-96.196,26.8512],[-96.18,26.8588],[-96.16,26.8431],[-96.13,26.8319],[-96.09,26.8253],[-96.055,26.8007],[-96.025,26.758],[-95.9778,26.7493],[-95.9133,26.7743],[-95.8834,26.7645],[-95.8881,26.7198],[-95.9057,26.6752],[-95.9362,26.6305],[-95.9482,26.5813],[-95.9419,26.5276],[-95.9765,26.4766],[-96.0522,26.4283],[-96.108,26.3701],[-96.1441,26.3019],[-96.1651,26.2409],[-96.171,26.1871],[-96.168,26.1551],[-96.156,26.145],[-96.135,26.1486],[-96.105,26.1659],[-96.08,26.1973],[-96.06,26.2429],[-96.045,26.2682],[-96.035,26.2734],[-96.0244,26.2695],[-96.0133,26.2564],[-96.0103,26.2185],[-96.0153,26.1557],[-96.037,26.0794],[-96.0753,25.9895],[-96.0883,25.9362],[-96.0761,25.9195],[-96.0528,25.906],[-96.0184,25.8957],[-96.0084,25.8598],[-96.0228,25.7983],[-96.0468,25.7532],[-96.0805,25.7247],[-96.0957,25.6835],[-96.0924,25.6294],[-96.1156,25.5903],[-96.1652,25.5664],[-96.21,25.5573],[-96.25,25.5631],[-96.2808,25.5796],[-96.3025,25.6068],[-96.3069,25.6339],[-96.294,25.6609],[-96.2924,25.6835],[-96.3023,25.7015],[-96.3179,25.7147],[-96.3393,25.7231],[-96.3592,25.7186],[-96.3776,25.7012],[-96.378,25.6745],[-96.3605,25.6384],[-96.3713,25.5933],[-96.4105,25.5392],[-96.4301,25.4903],[-96.43,25.4468],[-96.395,25.4261],[-96.325,25.4284],[-96.27,25.437],[-96.23,25.4521],[-96.2047,25.4547],[-96.1941,25.4448],[-96.1903,25.4308],[-96.1933,25.4128],[-96.2193,25.3812],[-96.2683,25.336],[-96.2904,25.2998],[-96.2855,25.2727],[-96.2698,25.2567],[-96.2433,25.252],[-96.205,25.2564],[-96.155,25.2701],[-96.1237,25.2996],[-96.1112,25.3449],[-96.0813,25.3812],[-96.0342,25.4083],[-96.0021,25.4399],[-95.9851,25.476],[-95.965,25.503],[-95.9417,25.521],[-95.91,25.5357],[-95.87,25.5471],[-95.83,25.5386],[-95.79,25.5103],[-95.755,25.5016],[-95.725,25.5126],[-95.69,25.5138],[-95.65,25.5052],[-95.6178,25.5127],[-95.5933,25.5364],[-95.5748,25.5753],[-95.5624,25.6294],[-95.5496,25.6624],[-95.5365,25.6743],[-95.48,25.7023],[-95.38,25.7463],[-95.295,25.7651],[-95.225,25.7587],[-95.125,25.7715],[-94.995,25.8036],[-94.9171,25.8284],[-94.8913,25.8458],[-94.8663,25.8775],[-94.8421,25.9234],[-94.82,25.9269],[-94.8,25.8881],[-94.755,25.8626],[-94.685,25.8503],[-94.635,25.8345],[-94.605,25.8152],[-94.595,25.7844],[-94.605,25.742],[-94.63,25.7058],[-94.67,25.676],[-94.7167,25.6509],[-94.7702,25.6305],[-94.8328,25.5933],[-94.9044,25.5392],[-94.9426,25.4938],[-94.9475,25.4571],[-94.985,25.4271],[-95.055,25.4038],[-95.0988,25.3951],[-95.1163,25.4009],[-95.1251,25.4128],[-95.1253,25.4308],[-95.1415,25.4517],[-95.1738,25.4755],[-95.2,25.4903],[-95.22,25.4961],[-95.24,25.4951],[-95.26,25.4873],[-95.2721,25.468],[-95.2763,25.4372],[-95.2538,25.4128],[-95.2045,25.3947],[-95.2026,25.3314],[-95.2481,25.2229],[-95.262,25.1505],[-95.2445,25.1143],[-95.2393,25.0903],[-95.2464,25.0784],[-95.265,25.0735],[-95.295,25.0756],[-95.35,25.1019],[-95.43,25.1524],[-95.48,25.1778],[-95.5,25.1782],[-95.525,25.165],[-95.555,25.1381],[-95.595,25.1149],[-95.645,25.0952],[-95.6872,25.0654],[-95.7215,25.0255],[-95.7561,24.9965],[-95.7909,24.9784],[-95.8198,24.9467],[-95.8427,24.9013],[-95.8781,24.8843],[-95.926,24.8956],[-95.99,24.8759],[-96.07,24.825],[-96.14,24.8038],[-96.2,24.8124],[-96.265,24.7947],[-96.335,24.7505],[-96.385,24.7255],[-96.415,24.7196],[-96.46,24.7217],[-96.52,24.7317],[-96.58,24.7282],[-96.64,24.7113],[-96.69,24.6897],[-96.73,24.6636],[-96.785,24.6516],[-96.855,24.6538],[-96.9072,24.6427],[-96.9416,24.6183],[-96.96,24.5971],[-96.9625,24.5789],[-96.9503,24.5621],[-96.9234,24.5467],[-96.87,24.5418],[-96.79,24.5474],[-96.725,24.5432],[-96.675,24.5291],[-96.63,24.5318],[-96.59,24.5514],[-96.5628,24.5588],[-96.5485,24.554],[-96.5454,24.5334],[-96.5537,24.497],[-96.5469,24.4651],[-96.5252,24.4378],[-96.5889,24.3832],[-96.738,24.3012],[-96.8343,24.2419],[-96.878,24.2055],[-96.8974,24.1751],[-96.8925,24.151],[-96.875,24.1309],[-96.845,24.1148],[-96.82,24.1069],[-96.8,24.107],[-96.7197,24.1407],[-96.5792,24.2082],[-96.5024,24.2556],[-96.4893,24.283],[-96.4892,24.324],[-96.5021,24.3786],[-96.4739,24.4223],[-96.4046,24.4549],[-96.355,24.4683],[-96.325,24.4624],[-96.3048,24.4461],[-96.2943,24.4193],[-96.3001,24.3786],[-96.3221,24.324],[-96.31,24.2738],[-96.2637,24.2283],[-96.2503,24.1781],[-96.2698,24.1233],[-96.2602,24.0777],[-96.2215,24.0412],[-96.2036,24.0046],[-96.2065,23.9681],[-96.1984,23.9361],[-96.1793,23.9087],[-96.1792,23.8767],[-96.1982,23.8401],[-96.2032,23.814],[-96.1944,23.7986],[-96.1,23.8145],[-95.92,23.8617],[-95.785,23.8818],[-95.695,23.8748],[-95.575,23.8948],[-95.425,23.9419],[-95.3367,23.9615],[-95.3102,23.9537],[-95.2962,23.9361],[-95.2946,23.9087],[-95.3029,23.8881],[-95.321,23.8744],[-95.415,23.8488],[-95.585,23.8112],[-95.7325,23.7678],[-95.8574,23.7183],[-95.9262,23.6845],[-95.9388,23.6661],[-95.9434,23.6478],[-95.9402,23.6295],[-95.9264,23.6136],[-95.9021,23.6],[-95.865,23.5903],[-95.815,23.5846],[-95.7834,23.5776],[-95.7701,23.5694],[-95.7651,23.5603],[-95.7684,23.5502],[-95.875,23.5098],[-96.085,23.4392],[-96.21,23.4072],[-96.25,23.4137],[-96.2882,23.4358],[-96.3245,23.4733],[-96.3743,23.5058],[-96.4374,23.5333],[-96.4093,23.5929],[-96.2898,23.6845],[-96.226,23.744],[-96.2178,23.7714],[-96.2328,23.7876],[-96.2709,23.7924],[-96.335,23.7799],[-96.425,23.7501],[-96.51,23.6856],[-96.59,23.5866],[-96.655,23.5423],[-96.705,23.5529],[-96.765,23.532],[-96.835,23.4797],[-96.895,23.4627],[-96.945,23.4809],[-96.9842,23.4997],[-97.0126,23.519],[-97.0264,23.5378],[-97.0255,23.5562],[-97.0114,23.5887],[-96.9838,23.6352],[-96.9432,23.6856],[-96.8895,23.7398],[-96.851,23.7989],[-96.8277,23.8629],[-96.8237,23.9087],[-96.8391,23.9361],[-96.8815,23.9589],[-96.9509,23.9772],[-97.0017,24.0004],[-97.0339,24.0286],[-97.065,24.0361],[-97.095,24.023],[-97.13,23.9932],[-97.17,23.947],[-97.2298,23.9121],[-97.3094,23.8885],[-97.3769,23.8446],[-97.4324,23.7806],[-97.4548,23.7257],[-97.4439,23.6799],[-97.4164,23.6361],[-97.3721,23.5942],[-97.3448,23.5575],[-97.3344,23.5261],[-97.3194,23.5026],[-97.2998,23.4872],[-97.2628,23.4735],[-97.2084,23.4614],[-97.1842,23.4507],[-97.1902,23.4415],[-97.2118,23.4232],[-97.2491,23.3957],[-97.2828,23.3589],[-97.313,23.313],[-97.4086,23.2688],[-97.5695,23.2263],[-97.69,23.1866],[-97.77,23.1497],[-97.85,23.0849],[-97.93,22.9923],[-98.0,22.9356],[-98.06,22.9148],[-98.1,22.907],[-98.12,22.9122],[-98.1454,22.9581],[-98.1763,23.0446],[-98.1904,23.1108],[-98.1877,23.1568],[-98.1916,23.1936],[-98.2021,23.2211],[-98.218,23.24],[-98.2393,23.2501],[-98.2901,23.2455],[-98.3703,23.2262],[-98.4127,23.2533],[-98.4173,23.3268],[-98.43,23.3819],[-98.4508,23.4186],[-98.4459,23.4507]],[[-96.5239,25.9126],[-96.5013,25.9566],[-96.47,25.9804],[-96.43,25.9839],[-96.395,25.9976],[-96.365,26.0215],[-96.34,26.033],[-96.32,26.032],[-96.31,26.0208],[-96.31,25.9995],[-96.33,25.9781],[-96.37,25.9565],[-96.41,25.9187],[-96.45,25.8647],[-96.48,25.8392],[-96.5,25.8423],[-96.5163,25.8556],[-96.5289,25.8789],[-96.5239,25.9126]],[[-96.2811,26.2947],[-96.2138,26.3485],[-96.1927,26.3432],[-96.2176,26.2786],[-96.245,26.2444],[-96.275,26.2404],[-96.2962,26.2458],[-96.3085,26.2605],[-96.2811,26.2947]],[[-96.3698,25.8726],[-96.3558,25.9086],[-96.3191,25.9521],[-96.2597,26.0033],[-96.21,26.0374],[-96.17,26.0546],[-96.1428,26.0604],[-96.1283,26.0551],[-96.1252,26.0255],[-96.1334,25.9715],[-96.1607,25.9212],[-96.2069,25.8744],[-96.2667,25.8519],[-96.34,25.8537],[-96.3698,25.8726]],[[-95.8027,25.232],[-95.7847,25.2501],[-95.7342,25.2756],[-95.6514,25.3085],[-95.5807,25.3221],[-95.522,25.3163],[-95.4937,25.3088],[-95.496,25.2998],[-95.5503,25.2725],[-95.6568,25.227],[-95.7354,25.2089],[-95.7863,25.2183],[-95.8027,25.232]],[[-95.4025,25.6469],[-95.3808,25.6638],[-95.358,25.6683],[-95.3341,25.6604],[-95.3391,25.6477],[-95.373,25.6302],[-95.3958,25.6257],[-95.4075,25.6342],[-95.4025,25.6469]],[[-95.1159,25.7019],[-95.072,25.7207],[-95.04,25.7227],[-95.02,25.7078],[-94.99,25.7045],[-94.95,25.7128],[-94.9226,25.7109],[-94.9077,25.6986],[-94.9127,25.6824],[-94.9376,25.6623],[-94.965,25.6606],[-94.995,25.6772],[-95.025,25.6811],[-95.055,25.6722],[-95.087,25.674],[-95.1209,25.6863],[-95.1159,25.7019]],[[-94.8231,25.7219],[-94.7877,25.7446],[-94.7577,25.7446],[-94.7331,25.7219],[-94.7381,25.6992],[-94.7727,25.6766],[-94.7988,25.6676],[-94.8165,25.6722],[-94.8293,25.6835],[-94.837,25.7015],[-94.8231,25.7219]],[[-96.8129,23.6466],[-96.7976,23.6626],[-96.7853,23.6672],[-96.7759,23.6604],[-96.7835,23.6524],[-96.8082,23.6432],[-96.8129,23.6466]],[[-96.403,24.4006],[-96.381,24.4264],[-96.357,24.4355],[-96.3311,24.428],[-96.3211,24.4109],[-96.327,24.3844],[-96.34,24.3644],[-96.36,24.351],[-96.381,24.3551],[-96.403,24.3769],[-96.403,24.4006]],[[-95.9172,23.7943],[-95.9085,23.8126],[-95.8906,23.8283],[-95.8635,23.8414],[-95.8278,23.846],[-95.7835,23.8421],[-95.7634,23.8309],[-95.7673,23.8126],[-95.7845,23.7957],[-95.8148,23.7802],[-95.8529,23.7756],[-95.8987,23.782],[-95.9172,23.7943]],[[-98.1402,23.5931],[-98.1201,23.612],[-98.105,23.6186],[-98.095,23.613],[-98.095,23.602],[-98.105,23.5857],[-98.1201,23.579],[-98.1402,23.5821],[-98.1402,23.5931]],[[-97.3883,27.1793],[-97.3761,27.2155],[-97.35,27.2425],[-97.31,27.2602],[-97.28,27.2675],[-97.26,27.2643],[-97.2434,27.2551],[-97.2302,27.2399],[-97.2252,27.2042],[-97.2284,27.1478],[-97.205,27.1286],[-97.155,27.1466],[-97.12,27.1519],[-97.1,27.1445],[-97.0838,27.1148],[-97.0714,27.0626],[-97.0693,27.0009],[-97.0774,26.9296],[-97.0671,26.8627],[-97.0383,26.8002],[-97.0209,26.7109],[-97.015,26.5947],[-97.0016,26.5238],[-96.9805,26.4983],[-96.915,26.5233],[-96.805,26.599],[-96.7379,26.6341],[-96.7136,26.6287],[-96.7006,26.6037],[-96.6989,26.5589],[-96.711,26.5058],[-96.737,26.4441],[-96.78,26.4222],[-96.84,26.44],[-96.895,26.4494],[-96.945,26.4502],[-96.99,26.4434],[-97.03,26.4289],[-97.06,26.4243],[-97.08,26.4296],[-97.0764,26.4136],[-97.0493,26.3762],[-97.0307,26.3306],[-97.0206,26.2768],[-97.0241,26.234],[-97.0414,26.202],[-97.07,26.1924],[-97.11,26.205],[-97.142,26.2255],[-97.1661,26.2537],[-97.1819,26.3396],[-97.1895,26.4829],[-97.2185,26.5813],[-97.2689,26.635],[-97.2956,26.6886],[-97.2985,26.7422],[-97.318,26.8136],[-97.3541,26.9028],[-97.3777,27.0009],[-97.3888,27.1078],[-97.3883,27.1793]],[[-96.1668,25.6366],[-96.1556,25.6329],[-96.155,25.628],[-96.165,25.6219],[-96.1706,25.6237],[-96.1718,25.6335],[-96.1668,25.6366]],[[-95.3906,25.3281],[-95.3502,25.3575],[-95.32,25.3732],[-95.3,25.375],[-95.2803,25.3693],[-95.261,25.3561],[-95.256,25.3311],[-95.2653,25.2943],[-95.285,25.2654],[-95.315,25.2446],[-95.3463,25.2404],[-95.379,25.2529],[-95.3992,25.2727],[-95.407,25.2998],[-95.3906,25.3281]],[[-95.104,25.4673],[-95.0813,25.4859],[-95.0563,25.495],[-95.0288,25.4944],[-95.0295,25.485],[-95.0583,25.467],[-95.0834,25.4579],[-95.1047,25.4579],[-95.104,25.4673]],[[-96.6941,24.0394],[-96.6647,24.0723],[-96.605,24.1182],[-96.515,24.1771],[-96.45,24.2117],[-96.41,24.2222],[-96.3704,24.2219],[-96.3311,24.2109],[-96.3133,24.1963],[-96.317,24.1781],[-96.3717,24.1274],[-96.4772,24.0441],[-96.56,23.9983],[-96.62,23.99],[-96.6647,23.9951],[-96.6941,24.0136],[-96.6941,24.0394]],[[-98.2332,24.4469],[-98.1801,24.5289],[-98.1277,24.5855],[-98.0759,24.6169],[-98.035,24.6373],[-98.005,24.6468],[-97.97,24.6395],[-97.93,24.6153],[-97.895,24.6026],[-97.865,24.6014],[-97.8148,24.6203],[-97.7443,24.6594],[-97.7033,24.688],[-97.6918,24.7061],[-97.6883,24.7289],[-97.6927,24.7561],[-97.6803,24.7924],[-97.6509,24.8378],[-97.6488,24.8832],[-97.674,24.9285],[-97.6675,24.9793],[-97.6292,25.0354],[-97.595,25.0743],[-97.565,25.0961],[-97.52,25.113],[-97.46,25.1249],[-97.428,25.1494],[-97.424,25.1864],[-97.409,25.2161],[-97.383,25.2385],[-97.36,25.2512],[-97.34,25.2541],[-97.32,25.2449],[-97.3,25.2235],[-97.28,25.2152],[-97.26,25.2198],[-97.205,25.2715],[-97.115,25.3703],[-97.0362,25.4337],[-96.9686,25.4619],[-96.931,25.494],[-96.9234,25.5301],[-96.9321,25.5617],[-96.957,25.5888],[-96.978,25.6294],[-96.9953,25.6835],[-96.9987,25.733],[-96.9884,25.7781],[-97.0089,25.8276],[-97.06,25.8816],[-97.0841,25.9445],[-97.081,26.0165],[-97.0671,26.0722],[-97.0424,26.1116],[-96.995,26.116],[-96.925,26.0854],[-96.875,26.0777],[-96.845,26.093],[-96.8234,26.0976],[-96.8101,26.0914],[-96.7969,26.0749],[-96.7837,26.0479],[-96.7858,26.021],[-96.8034,25.994],[-96.8116,25.9643],[-96.8105,25.9319],[-96.76,25.924],[-96.66,25.9406],[-96.6108,25.9298],[-96.6124,25.8917],[-96.6379,25.8276],[-96.6873,25.7375],[-96.7065,25.6826],[-96.6955,25.6629],[-96.6738,25.6494],[-96.6414,25.6421],[-96.6264,25.6323],[-96.6288,25.6201],[-96.64,25.614],[-96.66,25.614],[-96.67,25.6057],[-96.67,25.5889],[-96.64,25.5907],[-96.58,25.6112],[-96.53,25.6406],[-96.49,25.6788],[-96.4588,25.6966],[-96.4365,25.6939],[-96.4228,25.6745],[-96.4177,25.6384],[-96.4338,25.5798],[-96.4711,25.4986],[-96.5149,25.4399],[-96.5654,25.4037],[-96.5769,25.3721],[-96.5494,25.345],[-96.5077,25.3314],[-96.4519,25.3314],[-96.4167,25.3179],[-96.4022,25.2908],[-96.3955,25.2591],[-96.3966,25.2229],[-96.3504,25.206],[-96.2568,25.2085],[-96.2108,25.1904],[-96.2125,25.1517],[-96.2025,25.1251],[-96.1808,25.1104],[-96.15,25.1194],[-96.1099,25.1522],[-96.0831,25.1867],[-96.0698,25.2229],[-96.0448,25.2613],[-96.0083,25.3017],[-95.975,25.3129],[-95.945,25.2947],[-95.9176,25.2654],[-95.8929,25.225],[-95.8803,25.1913],[-95.8798,25.1641],[-95.8872,25.1388],[-95.9024,25.1152],[-95.9375,25.0926],[-95.9925,25.0708],[-96.0225,25.0474],[-96.0275,25.0221],[-96.0156,25.004],[-95.9867,24.993],[-95.971,24.9784],[-95.9685,24.9603],[-95.993,24.9289],[-96.0443,24.8844],[-96.08,24.8631],[-96.1,24.8649],[-96.12,24.8809],[-96.14,24.911],[-96.1927,24.9369],[-96.2782,24.9585],[-96.3303,24.9648],[-96.3492,24.9557],[-96.3704,24.9285],[-96.3939,24.8832],[-96.4468,24.8396],[-96.5289,24.7978],[-96.605,24.7708],[-96.675,24.7585],[-96.74,24.7693],[-96.8,24.8032],[-96.8502,24.8121],[-96.8907,24.7959],[-96.9357,24.7651],[-96.9852,24.7197],[-97.05,24.7055],[-97.13,24.7226],[-97.215,24.722],[-97.305,24.7037],[-97.3565,24.6679],[-97.3695,24.6146],[-97.3545,24.5736],[-97.3115,24.5448],[-97.258,24.5221],[-97.1941,24.5054],[-97.1601,24.4834],[-97.1561,24.456],[-97.1131,24.4104],[-97.031,24.3465],[-96.96,24.3152],[-96.9,24.3166],[-96.83,24.3348],[-96.75,24.3698],[-96.7034,24.3829],[-96.6903,24.374],[-96.6903,24.3604],[-96.7035,24.3422],[-96.7501,24.3144],[-96.83,24.277],[-96.895,24.2245],[-96.945,24.1567],[-97.005,24.1138],[-97.075,24.0958],[-97.135,24.0512],[-97.185,23.98],[-97.245,23.9407],[-97.315,23.9334],[-97.37,23.9121],[-97.41,23.8766],[-97.4386,23.8634],[-97.4558,23.8722],[-97.4608,23.8889],[-97.4536,23.9134],[-97.4176,23.9591],[-97.3529,24.026],[-97.3429,24.0841],[-97.3876,24.1333],[-97.44,24.165],[-97.5,24.179],[-97.615,24.1652],[-97.785,24.1233],[-97.884,24.1099],[-97.9119,24.125],[-97.9212,24.1461],[-97.9118,24.1735],[-97.8858,24.21],[-97.8433,24.2556],[-97.7504,24.3194],[-97.6073,24.4014],[-97.5274,24.4515],[-97.5108,24.4697],[-97.5044,24.4857],[-97.5081,24.4995],[-97.5412,24.5041],[-97.6037,24.4994],[-97.6987,24.4591],[-97.8262,24.3832],[-97.9334,24.3285],[-98.0201,24.2951],[-98.068,24.2693],[-98.0769,24.2511],[-98.0718,24.2191],[-98.0526,24.1735],[-98.0497,24.145],[-98.0632,24.1335],[-98.085,24.1325],[-98.115,24.142],[-98.1425,24.1614],[-98.1675,24.1908],[-98.1759,24.2237],[-98.1675,24.2602],[-98.1874,24.3103],[-98.2356,24.3741],[-98.2332,24.4469]],[[-96.9878,26.3261],[-96.9681,26.3709],[-96.9412,26.4002],[-96.9071,26.414],[-96.875,26.4173],[-96.845,26.4102],[-96.818,26.3899],[-96.7939,26.3563],[-96.7857,26.3261],[-96.7934,26.2992],[-96.8304,26.2521],[-96.8968,26.1848],[-96.944,26.1624],[-96.9721,26.1848],[-96.989,26.223],[-96.9948,26.2768],[-96.9878,26.3261]],[[-97.8509,23.8189],[-97.837,23.8499],[-97.8122,23.8682],[-97.7766,23.8738],[-97.7666,23.8573],[-97.7822,23.8187],[-97.8,23.7953],[-97.82,23.7872],[-97.837,23.7882],[-97.8509,23.7984],[-97.8509,23.8189]],[[-96.9625,24.0662],[-96.9542,24.0797],[-96.94,24.087],[-96.92,24.088],[-96.9,24.0847],[-96.88,24.077],[-96.8663,24.0652],[-96.8589,24.0492],[-96.8639,24.0333],[-96.8813,24.0177],[-96.9,24.0099],[-96.92,24.0099],[-96.9392,24.0223],[-96.9575,24.047],[-96.9625,24.0662]],[[-96.3798,24.8496],[-96.3599,24.8641],[-96.3422,24.8686],[-96.3265,24.8632],[-96.3265,24.8486],[-96.3422,24.8248],[-96.3599,24.8202],[-96.3798,24.835],[-96.3798,24.8496]],[[-97.8886,23.6203],[-97.87,23.657],[-97.8453,23.6753],[-97.8143,23.6753],[-97.8066,23.6533],[-97.8222,23.6092],[-97.84,23.5857],[-97.86,23.583],[-97.877,23.5867],[-97.8909,23.5969],[-97.8886,23.6203]]]}},{"type":"Feature","properties":{"c":"#00fb90","v0":0.05,"v1":0.25},"geometry":{"type":"Polygon","coordinates":[[[-80.6874,27.2322],[-80.6758,27.2674],[-80.645,27.286],[-80.595,27.2881],[-80.5558,27.3061],[-80.5273,27.3399],[-80.5023,27.3581],[-80.4808,27.3608],[-80.465,27.3383],[-80.455,27.2907],[-80.4108,27.2627],[-80.3323,27.2543],[-80.2963,27.2368],[-80.3029,27.2101],[-80.2979,27.1834],[-80.2815,27.1567],[-80.2142,27.1122],[-80.096,27.0499],[-80.0274,27.0053],[-80.0085,26.9786],[-79.9997,26.9474],[-80.0009,26.9117],[-79.9837,26.8721],[-79.9479,26.8284],[-79.91,26.7879],[-79.87,26.7507],[-79.825,26.7246],[-79.775,26.7094],[-79.7379,26.7142],[-79.7137,26.7388],[-79.6972,26.7824],[-79.6887,26.8448],[-79.7227,26.934],[-79.7993,27.0499],[-79.8488,27.1478],[-79.871,27.2279],[-79.8741,27.2779],[-79.858,27.298],[-79.8,27.3155],[-79.7,27.3304],[-79.6439,27.3292],[-79.6318,27.312],[-79.6223,27.2723],[-79.6155,27.2101],[-79.5777,27.1523],[-79.5089,27.0989],[-79.4546,27.0365],[-79.4146,26.9652],[-79.3985,26.9251],[-79.4062,26.9162],[-79.4308,26.9117],[-79.4723,26.9117],[-79.5012,26.8939],[-79.5173,26.8582],[-79.4216,26.7686],[-79.2139,26.625],[-79.085,26.5462],[-79.035,26.5322],[-79.0085,26.5191],[-79.0054,26.5069],[-79.0224,26.4918],[-79.0596,26.4739],[-79.0703,26.4336],[-79.0545,26.3709],[-79.0274,26.3281],[-78.9891,26.3052],[-78.935,26.289],[-78.865,26.2795],[-78.8197,26.2595],[-78.7991,26.2292],[-78.7991,26.2075],[-78.8197,26.1945],[-78.885,26.1803],[-78.995,26.1648],[-79.0587,26.1489],[-79.0761,26.1325],[-79.0861,26.1113],[-79.0887,26.0852],[-79.095,26.0726],[-79.105,26.0733],[-79.1272,26.0818],[-79.1617,26.0981],[-79.183,26.1243],[-79.1911,26.1602],[-79.2188,26.2029],[-79.2663,26.2524],[-79.375,26.3095],[-79.545,26.3742],[-79.6559,26.4257],[-79.7077,26.4638],[-79.7577,26.4827],[-79.8059,26.4825],[-79.905,26.5102],[-80.055,26.566],[-80.1653,26.5884],[-80.2358,26.5777],[-80.2327,26.5142],[-80.1561,26.3978],[-80.1153,26.3127],[-80.1104,26.2589],[-80.1284,26.2005],[-80.1695,26.1374],[-80.2147,26.1105],[-80.264,26.1197],[-80.324,26.153],[-80.3947,26.2105],[-80.475,26.2537],[-80.565,26.2828],[-80.62,26.3078],[-80.64,26.3288],[-80.6341,26.3617],[-80.6023,26.4067],[-80.6012,26.4471],[-80.6308,26.4829],[-80.6447,26.5097],[-80.6429,26.5276],[-80.6136,26.5545],[-80.557,26.5902],[-80.5184,26.626],[-80.4978,26.6618],[-80.4994,26.7064],[-80.5234,26.76],[-80.5656,26.8181],[-80.6263,26.8805],[-80.6549,26.9221],[-80.6516,26.9429],[-80.625,26.9553],[-80.575,26.9593],[-80.5488,26.9667],[-80.5463,26.9776],[-80.5821,27.041],[-80.6562,27.1567],[-80.6874,27.2322]],[[-79.9599,26.6399],[-79.9266,26.6677],[-79.895,26.6684],[-79.865,26.642],[-79.8312,26.6236],[-79.7937,26.6133],[-79.7627,26.5902],[-79.7383,26.5545],[-79.7821,26.5519],[-79.894,26.5824],[-79.9566,26.6048],[-79.9699,26.6189],[-79.9599,26.6399]],[[-79.8337,27.226],[-79.8179,27.2489],[-79.7898,27.2578],[-79.7494,27.2527],[-79.711,27.2234],[-79.6745,27.1701],[-79.6225,27.1211],[-79.5549,27.0766],[-79.5213,27.041],[-79.5217,27.0142],[-79.5389,26.9811],[-79.573,26.9416],[-79.6,26.9191],[-79.62,26.9138],[-79.6363,26.9157],[-79.649,26.925],[-79.6649,26.9474],[-79.6839,26.9831],[-79.7225,27.0314],[-79.7808,27.0924],[-79.8179,27.1458],[-79.8337,27.1916],[-79.8337,27.226]],[[-80.5891,26.9103],[-80.563,26.9074],[-80.5419,26.894],[-80.5258,26.8702],[-80.4917,26.8404],[-80.4397,26.8047],[-80.4228,26.7815],[-80.4409,26.7708],[-80.46,26.7691],[-80.48,26.7763],[-80.518,26.8129],[-80.5741,26.8788],[-80.5891,26.9103]],[[-80.6534,27.2088],[-80.6378,27.2328],[-80.61,27.2411],[-80.57,27.2336],[-80.53,27.2152],[-80.49,27.1858],[-80.455,27.1777],[-80.425,27.1911],[-80.395,27.1965],[-80.365,27.1941],[-80.33,27.1722],[-80.29,27.1307],[-80.2263,27.0871],[-80.1389,27.0415],[-80.0619,26.9652],[-79.9953,26.8582],[-79.957,26.7868],[-79.9469,26.7511],[-79.9838,26.7473],[-80.0679,26.7753],[-80.13,26.7905],[-80.17,26.7929],[-80.2137,26.7879],[-80.2611,26.7753],[-80.2849,26.7645],[-80.2849,26.7556],[-80.2612,26.7374],[-80.2137,26.7099],[-80.1875,26.6831],[-80.1826,26.657],[-80.2076,26.6499],[-80.2625,26.6618],[-80.3127,26.6886],[-80.3582,26.7303],[-80.3823,26.7556],[-80.3849,26.7645],[-80.3747,26.7734],[-80.3518,26.7824],[-80.3453,26.8091],[-80.3551,26.8538],[-80.3675,26.8913],[-80.3825,26.9216],[-80.408,26.9484],[-80.4441,26.9715],[-80.4691,27.0138],[-80.483,27.0751],[-80.52,27.1133],[-80.58,27.1284],[-80.6228,27.1511],[-80.6484,27.1815],[-80.6534,27.2088]],[[-79.6512,26.482],[-79.6104,26.4803],[-79.5766,26.4669],[-79.5497,26.4417],[-79.5547,26.4281],[-79.5916,26.4259],[-79.6254,26.4393],[-79.6562,26.4684],[-79.6512,26.482]],[[-79.5916,26.704],[-79.5639,26.7528],[-79.53,26.7736],[-79.49,26.7666],[-79.4533,26.7467],[-79.4198,26.7139],[-79.3745,26.6841],[-79.3174,26.6573],[-79.2792,26.626],[-79.26,26.5902],[-79.223,26.55],[-79.1681,26.5053],[-79.1399,26.4695],[-79.1385,26.4426],[-79.1558,26.4241],[-79.1919,26.414],[-79.27,26.4303],[-79.39,26.4731],[-79.4714,26.514],[-79.5141,26.5529],[-79.5529,26.5992],[-79.588,26.6528],[-79.5916,26.704]],[[-80.4765,26.9008],[-80.4588,26.9146],[-80.4376,26.9101],[-80.4127,26.8874],[-80.4109,26.8716],[-80.4322,26.8627],[-80.4535,26.8671],[-80.4747,26.885],[-80.4765,26.9008]],[[-80.5598,26.5274],[-80.5399,26.5447],[-80.51,26.5511],[-80.47,26.5466],[-80.435,26.5595],[-80.405,26.59],[-80.376,26.6015],[-80.3479,26.594],[-80.306,26.5589],[-80.2502,26.4963],[-80.2214,26.4471],[-80.2194,26.4112],[-80.2049,26.362],[-80.1778,26.2992],[-80.1707,26.2445],[-80.1836,26.1978],[-80.225,26.1844],[-80.295,26.2043],[-80.375,26.2531],[-80.465,26.3308],[-80.5249,26.4069],[-80.5548,26.4814],[-80.5598,26.5274]]]}},{"type":"Feature","properties":{"c":"#00fb90","v0":0.05,"v1":0.25},"geometry":{"type":"Polygon","coordinates":[[[-85.1781,27.1923],[-85.1612,27.219],[-85.1552,27.2501],[-85.1602,27.2857],[-85.1496,27.3129],[-85.1232,27.3317],[-85.095,27.3185],[-85.065,27.2732],[-85.0327,27.246],[-84.9982,27.2369],[-84.9982,27.208],[-85.0327,27.1593],[-85.0841,27.146],[-85.1524,27.168],[-85.1781,27.1923]]]}},{"type":"Feature","properties":{"c":"#00fb90","v0":0.05,"v1":0.25},"geometry":{"type":"Polygon","coordinates":[[[-96.8385,27.312],[-96.8195,27.3291],[-96.8004,27.3291],[-96.7812,27.312],[-96.7812,27.2926],[-96.8004,27.271],[-96.8195,27.271],[-96.8385,27.2926],[-96.8385,27.312]]]}},{"type":"Feature","properties":{"c":"#00fb90","v0":0.05,"v1":0.25},"geometry":{"type":"Polygon","coordinates":[[[-95.691,27.0042],[-95.6237,27.082],[-95.56,27.1391],[-95.5,27.1755],[-95.46,27.1944],[-95.44,27.1958],[-95.4281,27.1788],[-95.4243,27.1433],[-95.4493,27.094],[-95.5031,27.0307],[-95.555,26.9862],[-95.605,26.9604],[-95.6537,26.9519],[-95.701,26.9608],[-95.691,27.0042]]]}},{"type":"Feature","properties":{"c":"#00fb90","v0":0.05,"v1":0.25},"geometry":{"type":"Polygon","coordinates":[[[-96.3319,26.9964],[-96.3218,27.0232],[-96.295,27.0572],[-96.2517,27.0985],[-96.215,27.1229],[-96.185,27.1305],[-96.1656,27.1187],[-96.1567,27.0877],[-96.159,27.0588],[-96.1724,27.0321],[-96.2118,27.0007],[-96.2773,26.9648],[-96.3168,26.9558],[-96.3303,26.974],[-96.3319,26.9964]]]}},{"type":"Feature","properties":{"c":"#00fb90","v0":0.05,"v1":0.25},"geometry":{"type":"Polygon","coordinates":[[[-95.1488,26.9207],[-95.1308,26.9385],[-95.0989,26.9539],[-95.053,26.9668],[-95.0182,26.9668],[-94.9946,26.9539],[-94.9826,26.9207],[-94.9822,26.8671],[-94.994,26.8136],[-95.018,26.7599],[-95.04,26.7261],[-95.06,26.7121],[-95.0808,26.7076],[-95.1023,26.7128],[-95.0889,26.7332],[-95.0406,26.769],[-95.0169,26.7958],[-95.0178,26.8136],[-95.0531,26.8448],[-95.1229,26.8894],[-95.1488,26.9207]]]}},{"type":"Feature","properties":{"c":"#00fb90","v0":0.05,"v1":0.25},"geometry":{"type":"Polygon","coordinates":[[[-96.8727,26.7466],[-96.8212,26.8091],[-96.79,26.8582],[-96.7792,26.8939],[-96.7628,26.9169],[-96.7409,26.9271],[-96.7395,26.8959],[-96.7586,26.8232],[-96.7886,26.7638],[-96.8295,26.7176],[-96.86,26.6938],[-96.88,26.6924],[-96.8921,26.6976],[-96.8964,26.7095],[-96.8727,26.7466]]]}},{"type":"Feature","properties":{"c":"#00fb90","v0":0.05,"v1":0.25},"geometry":{"type":"Polygon","coordinates":[[[-95.4081,26.8505],[-95.396,26.8707],[-95.3859,26.8796],[-95.3776,26.8773],[-95.3776,26.8638],[-95.3859,26.8392],[-95.396,26.8303],[-95.4081,26.837],[-95.4081,26.8505]]]}},{"type":"Feature","properties":{"c":"#00fb90","v0":0.05,"v1":0.25},"geometry":{"type":"Polygon","coordinates":[[[-86.8507,26.7422],[-86.8371,26.76],[-86.8153,26.7682],[-86.7851,26.7667],[-86.745,26.7312],[-86.695,26.6616],[-86.6525,26.5685],[-86.6174,26.4517],[-86.62,26.3799],[-86.6601,26.353],[-86.6926,26.3396],[-86.7175,26.3396],[-86.755,26.3835],[-86.805,26.4712],[-86.8369,26.5696],[-86.8506,26.6787],[-86.8507,26.7422]]]}},{"type":"Feature","properties":{"c":"#00fb90","v0":0.05,"v1":0.25},"geometry":{"type":"Polygon","coordinates":[[[-83.7372,26.6863],[-83.7324,26.6995],[-83.7266,26.6995],[-83.7199,26.6863],[-83.7223,26.6796],[-83.7338,26.6796],[-83.7372,26.6863]]]}},{"type":"Feature","properties":{"c":"#00fb90","v0":0.05,"v1":0.25},"geometry":{"type":"Polygon","coordinates":[[[-83.0032,26.5724],[-82.9487,26.5366],[-82.9236,26.5088],[-82.9279,26.489],[-82.9459,26.4845],[-82.9776,26.4953],[-83.0027,26.5232],[-83.0212,26.5679],[-83.0032,26.5724]]]}},{"type":"Feature","properties":{"c":"#00fb90","v0":0.05,"v1":0.25},"geometry":{"type":"Polygon","coordinates":[[[-82.9356,26.2725],[-82.9319,26.2818],[-82.9197,26.2773],[-82.899,26.259],[-82.889,26.2416],[-82.8897,26.2249],[-82.8996,26.2204],[-82.9188,26.2281],[-82.9307,26.2409],[-82.9352,26.2589],[-82.9356,26.2725]]]}},{"type":"Feature","properties":{"c":"#00fb90","v0":0.05,"v1":0.25},"geometry":{"type":"Polygon","coordinates":[[[-98.0488,26.2365],[-98.0363,26.2456],[-98.0248,26.2456],[-98.0143,26.2365],[-98.0206,26.232],[-98.0436,26.232],[-98.0488,26.2365]]]}},{"type":"Feature","properties":{"c":"#00fb90","v0":0.05,"v1":0.25},"geometry":{"type":"Polygon","coordinates":[[[-95.5032,26.2201],[-95.4811,26.2324],[-95.4499,26.2369],[-95.4097,26.2336],[-95.4097,26.2072],[-95.4499,26.1577],[-95.4811,26.1532],[-95.5032,26.1938],[-95.5032,26.2201]]]}},{"type":"Feature","properties":{"c":"#00fb90","v0":0.05,"v1":0.25},"geometry":{"type":"Polygon","coordinates":[[[-95.0765,26.1379],[-95.0588,26.1652],[-95.03,26.1862],[-94.99,26.201],[-94.9511,26.2052],[-94.9132,26.1991],[-94.8841,26.1871],[-94.8636,26.1692],[-94.856,26.1512],[-94.8611,26.1332],[-94.8752,26.1193],[-94.8984,26.1093],[-94.945,26.1014],[-95.015,26.0957],[-95.0588,26.1006],[-95.0765,26.1164],[-95.0765,26.1379]]]}},{"type":"Feature","properties":{"c":"#00fb90","v0":0.05,"v1":0.25},"geometry":{"type":"Polygon","coordinates":[[[-97.6822,26.0382],[-97.5941,26.1176],[-97.53,26.1556],[-97.49,26.1521],[-97.495,26.1171],[-97.545,26.0507],[-97.6,26.0102],[-97.66,25.9956],[-97.6991,25.9909],[-97.7172,25.996],[-97.6822,26.0382]]]}},{"type":"Feature","properties":{"c":"#00fb90","v0":0.05,"v1":0.25},"geometry":{"type":"Polygon","coordinates":[[[-97.8761,26.0795],[-97.8454,26.0978],[-97.8227,26.1023],[-97.8081,26.093],[-97.8081,26.0791],[-97.8227,26.0605],[-97.8454,26.056],[-97.8761,26.0656],[-97.8761,26.0795]]]}},{"type":"Feature","properties":{"c":"#00fb90","v0":0.05,"v1":0.25},"geometry":{"type":"Polygon","coordinates":[[[-100.5777,26.0462],[-100.5726,26.0696],[-100.565,26.0838],[-100.555,26.0888],[-100.545,26.0846],[-100.535,26.0714],[-100.535,26.0323],[-100.545,25.9674],[-100.5576,25.9598],[-100.5727,26.0096],[-100.5777,26.0462]]]}},{"type":"Feature","properties":{"c":"#00fb90","v0":0.05,"v1":0.25},"geometry":{"type":"Polygon","coordinates":[[[-95.3631,26.0769],[-95.3277,26.09],[-95.2943,26.09],[-95.263,26.0769],[-95.263,26.0616],[-95.2943,26.0441],[-95.3276,26.0396],[-95.3627,26.0482],[-95.3804,26.0569],[-95.3807,26.0659],[-95.3631,26.0769]]]}},{"type":"Feature","properties":{"c":"#00fb90","v0":0.05,"v1":0.25},"geometry":{"type":"Polygon","coordinates":[[[-95.1156,25.8853],[-95.0985,25.9108],[-95.0793,25.9198],[-95.0578,25.9123],[-95.0528,25.8987],[-95.0643,25.8789],[-95.0835,25.8699],[-95.1106,25.8717],[-95.1156,25.8853]]]}},{"type":"Feature","properties":{"c":"#00fb90","v0":0.05,"v1":0.25},"geometry":{"type":"Polygon","coordinates":[[[-82.4247,25.8951],[-82.4225,25.9041],[-82.4086,25.9095],[-82.3829,25.9115],[-82.33,25.894],[-82.25,25.8571],[-82.19,25.8435],[-82.15,25.8531],[-82.12,25.8548],[-82.1,25.8485],[-82.06,25.8165],[-82.0,25.7588],[-81.94,25.7144],[-81.88,25.6834],[-81.8301,25.6379],[-81.7904,25.5781],[-81.7754,25.5445],[-81.7851,25.537],[-81.815,25.5357],[-81.865,25.5406],[-81.92,25.5549],[-81.98,25.5786],[-82.045,25.618],[-82.115,25.6728],[-82.195,25.7072],[-82.285,25.7212],[-82.3539,25.7688],[-82.4018,25.85],[-82.4247,25.8951]]]}},{"type":"Feature","properties":{"c":"#00fb90","v0":0.05,"v1":0.25},"geometry":{"type":"Polygon","coordinates":[[[-83.2172,25.8936],[-83.1991,25.8996],[-83.181,25.8951],[-83.1629,25.8801],[-83.1657,25.8681],[-83.1894,25.8591],[-83.2076,25.8636],[-83.22,25.8816],[-83.2172,25.8936]]]}},{"type":"Feature","properties":{"c":"#00fb90","v0":0.05,"v1":0.25},"geometry":{"type":"Polygon","coordinates":[[[-96.8781,25.845],[-96.846,25.8617],[-96.83,25.8471],[-96.83,25.801],[-96.835,25.7772],[-96.845,25.7758],[-96.861,25.7905],[-96.8831,25.8212],[-96.8781,25.845]]]}},{"type":"Feature","properties":{"c":"#00fb90","v0":0.05,"v1":0.25},"geometry":{"type":"Polygon","coordinates":[[[-97.4503,25.8246],[-97.4368,25.8368],[-97.4264,25.8368],[-97.4193,25.8246],[-97.4193,25.8132],[-97.4264,25.8025],[-97.4368,25.8025],[-97.4503,25.8132],[-97.4503,25.8246]]]}},{"type":"Feature","properties":{"c":"#00fb90","v0":0.05,"v1":0.25},"geometry":{"type":"Polygon","coordinates":[[[-95.9272,25.8258],[-95.9157,25.8403],[-95.9012,25.8448],[-95.8835,25.8393],[-95.8835,25.8254],[-95.9012,25.8029],[-95.9157,25.7984],[-95.9272,25.8119],[-95.9272,25.8258]]]}},{"type":"Feature","properties":{"c":"#00fb90","v0":0.05,"v1":0.25},"geometry":{"type":"Polygon","coordinates":[[[-98.1834,25.7555],[-98.1702,25.7736],[-98.1352,25.7933],[-98.0784,25.8146],[-98.0374,25.8191],[-98.0121,25.8068],[-98.0087,25.7916],[-98.0269,25.7736],[-98.0696,25.7568],[-98.1365,25.7411],[-98.175,25.7366],[-98.185,25.7432],[-98.1834,25.7555]]]}},{"type":"Feature","properties":{"c":"#00fb90","v0":0.05,"v1":0.25},"geometry":{"type":"Polygon","coordinates":[[[-97.6345,25.7894],[-97.6048,25.803],[-97.5802,25.8075],[-97.5605,25.8029],[-97.5605,25.7913],[-97.5802,25.7727],[-97.602,25.7637],[-97.6261,25.7643],[-97.6409,25.7691],[-97.6465,25.7781],[-97.6345,25.7894]]]}},{"type":"Feature","properties":{"c":"#00fb90","v0":0.05,"v1":0.25},"geometry":{"type":"Polygon","coordinates":[[[-82.5778,25.7781],[-82.5228,25.7691],[-82.5089,25.7599],[-82.5363,25.7507],[-82.5638,25.7552],[-82.5915,25.7734],[-82.5778,25.7781]]]}},{"type":"Feature","properties":{"c":"#00fb90","v0":0.05,"v1":0.25},"geometry":{"type":"Polygon","coordinates":[[[-97.7348,25.6788],[-97.7316,25.6875],[-97.715,25.6856],[-97.685,25.6731],[-97.6294,25.6777],[-97.5483,25.6996],[-97.5261,25.688],[-97.5628,25.6429],[-97.5984,25.6107],[-97.6328,25.5912],[-97.6716,25.6048],[-97.7148,25.6512],[-97.7348,25.6788]]]}},{"type":"Feature","properties":{"c":"#00fb90","v0":0.05,"v1":0.25},"geometry":{"type":"Polygon","coordinates":[[[-96.8358,25.5646],[-96.8186,25.5974],[-96.8019,25.6155],[-96.7857,25.6187],[-96.7818,25.5978],[-96.7903,25.5527],[-96.8034,25.529],[-96.8211,25.5268],[-96.8336,25.5313],[-96.8408,25.5426],[-96.8358,25.5646]]]}},{"type":"Feature","properties":{"c":"#00fb90","v0":0.05,"v1":0.25},"geometry":{"type":"Polygon","coordinates":[[[-98.1835,25.4763],[-98.1612,25.4771],[-98.1492,25.4725],[-98.1475,25.4628],[-98.1525,25.4549],[-98.1642,25.4488],[-98.1762,25.4533],[-98.1885,25.4684],[-98.1835,25.4763]]]}},{"type":"Feature","properties":{"c":"#00fb90","v0":0.05,"v1":0.25},"geometry":{"type":"Polygon","coordinates":[[[-98.9353,25.3889],[-98.9051,25.3954],[-98.8736,25.3908],[-98.8409,25.3753],[-98.8359,25.3626],[-98.8586,25.3527],[-98.8901,25.3572],[-98.9303,25.3762],[-98.9353,25.3889]]]}},{"type":"Feature","properties":{"c":"#00fb90","v0":0.05,"v1":0.25},"geometry":{"type":"Polygon","coordinates":[[[-100.1734,25.0962],[-100.1472,25.1324],[-100.1319,25.1777],[-100.1275,25.232],[-100.1125,25.2727],[-100.0867,25.2998],[-100.0379,25.3071],[-99.966,25.2946],[-99.915,25.293],[-99.885,25.3023],[-99.8454,25.2679],[-99.7963,25.1897],[-99.7936,25.1234],[-99.8372,25.069],[-99.8604,25.0283],[-99.8631,25.0011],[-99.8559,24.984],[-99.8386,24.9771],[-99.79,24.977],[-99.71,24.9839],[-99.65,24.9643],[-99.61,24.9185],[-99.5496,24.8823],[-99.4687,24.8557],[-99.4487,24.824],[-99.4896,24.7874],[-99.55,24.7468],[-99.63,24.7023],[-99.7,24.6746],[-99.76,24.6637],[-99.8202,24.6862],[-99.8805,24.7419],[-99.9222,24.7924],[-99.9451,24.8378],[-99.9567,24.8832],[-99.957,24.9285],[-99.9703,24.9606],[-99.9968,24.9795],[-100.0439,24.9976],[-100.1116,25.015],[-100.1557,25.0373],[-100.1763,25.0645],[-100.1734,25.0962]],[[-100.0244,25.1936],[-100.0148,25.2072],[-99.995,25.2162],[-99.965,25.2206],[-99.9348,25.2183],[-99.9043,25.2093],[-99.8855,25.1958],[-99.8783,25.1777],[-99.8829,25.1551],[-99.8991,25.1279],[-99.9179,25.1118],[-99.9393,25.1067],[-99.9644,25.1113],[-99.9931,25.1254],[-100.0129,25.146],[-100.0238,25.1732],[-100.0244,25.1936]],[[-99.8057,24.8696],[-99.7972,24.8877],[-99.7822,24.8982],[-99.7607,24.9012],[-99.7368,24.8875],[-99.7104,24.8574],[-99.7154,24.8325],[-99.7518,24.8127],[-99.78,24.8172],[-99.8,24.8461],[-99.8057,24.8696]]]}},{"type":"Feature","properties":{"c":"#00fb90","v0":0.05,"v1":0.25},"geometry":{"type":"Polygon","coordinates":[[[-84.0005,25.2541],[-83.9935,25.2801],[-83.985,25.2934],[-83.975,25.2939],[-83.945,25.2771],[-83.895,25.243],[-83.8691,25.2116],[-83.8673,25.183],[-83.8773,25.1565],[-83.8991,25.1324],[-83.92,25.1223],[-83.94,25.1263],[-83.9635,25.1565],[-83.9905,25.2129],[-84.0005,25.2541]]]}},{"type":"Feature","properties":{"c":"#00fb90","v0":0.05,"v1":0.25},"geometry":{"type":"Polygon","coordinates":[[[-99.5241,25.2488],[-99.5014,25.2643],[-99.4839,25.2643],[-99.4718,25.2488],[-99.4768,25.2349],[-99.4989,25.2225],[-99.5164,25.2225],[-99.5291,25.2349],[-99.5241,25.2488]]]}},{"type":"Feature","properties":{"c":"#00fb90","v0":0.05,"v1":0.25},"geometry":{"type":"Polygon","coordinates":[[[-96.6643,25.1428],[-96.6414,25.1636],[-96.6179,25.1726],[-96.5937,25.17],[-96.6051,25.1596],[-96.6522,25.1415],[-96.6643,25.1428]]]}},{"type":"Feature","properties":{"c":"#00fb90","v0":0.05,"v1":0.25},"geometry":{"type":"Polygon","coordinates":[[[-80.9688,24.9958],[-80.9563,25.0126],[-80.94,25.0186],[-80.92,25.014],[-80.885,24.9875],[-80.8349,24.9391],[-80.8349,24.9153],[-80.885,24.9159],[-80.9263,24.9341],[-80.9588,24.9697],[-80.9688,24.9958]]]}},{"type":"Feature","properties":{"c":"#00fb90","v0":0.05,"v1":0.25},"geometry":{"type":"Polygon","coordinates":[[[-83.9639,24.856],[-83.945,24.9195],[-83.9291,24.9529],[-83.9164,24.9563],[-83.8927,24.9382],[-83.858,24.8985],[-83.848,24.8499],[-83.8627,24.7923],[-83.8958,24.7787],[-83.9475,24.809],[-83.9639,24.856]]]}},{"type":"Feature","properties":{"c":"#00fb90","v0":0.05,"v1":0.25},"geometry":{"type":"Polygon","coordinates":[[[-81.3463,24.924],[-81.2983,24.9059],[-81.2683,24.8855],[-81.2561,24.8628],[-81.2672,24.8583],[-81.3017,24.8719],[-81.3318,24.8923],[-81.3575,24.9195],[-81.3463,24.924]]]}},{"type":"Feature","properties":{"c":"#00fb90","v0":0.05,"v1":0.25},"geometry":{"type":"Polygon","coordinates":[[[-98.7252,24.8416],[-98.6617,24.8763],[-98.595,24.8993],[-98.525,24.9107],[-98.4828,24.9115],[-98.4684,24.9017],[-98.4515,24.8696],[-98.4322,24.8151],[-98.4394,24.7812],[-98.4731,24.7679],[-98.545,24.765],[-98.655,24.7725],[-98.7217,24.7882],[-98.7452,24.8122],[-98.7252,24.8416]]]}},{"type":"Feature","properties":{"c":"#00fb90","v0":0.05,"v1":0.25},"geometry":{"type":"Polygon","coordinates":[[[-80.7369,24.8718],[-80.6256,24.8218],[-80.545,24.7945],[-80.495,24.79],[-80.4592,24.7787],[-80.4375,24.7606],[-80.4264,24.7425],[-80.4258,24.7243],[-80.4416,24.7059],[-80.4739,24.6872],[-80.5283,24.6917],[-80.6049,24.7195],[-80.6763,24.7606],[-80.7426,24.8151],[-80.7799,24.856],[-80.7883,24.8832],[-80.7369,24.8718]]]}},{"type":"Feature","properties":{"c":"#00fb90","v0":0.05,"v1":0.25},"geometry":{"type":"Polygon","coordinates":[[[-82.5732,24.8106],[-82.5698,24.8197],[-82.5386,24.8123],[-82.4795,24.7885],[-82.44,24.7644],[-82.42,24.7398],[-82.438,24.7336],[-82.4941,24.7456],[-82.5353,24.7652],[-82.5617,24.7924],[-82.5732,24.8106]]]}},{"type":"Feature","properties":{"c":"#00fb90","v0":0.05,"v1":0.25},"geometry":{"type":"Polygon","coordinates":[[[-81.8787,24.0349],[-81.8062,24.0224],[-81.76,24.0259],[-81.74,24.0455],[-81.71,24.0432],[-81.67,24.0189],[-81.6329,24.0107],[-81.5988,24.0188],[-81.5907,24.0412],[-81.6085,24.0777],[-81.6405,24.0969],[-81.6868,24.0987],[-81.7518,24.1489],[-81.8353,24.2474],[-81.8753,24.301],[-81.8718,24.3097],[-81.845,24.3044],[-81.795,24.2853],[-81.7571,24.2855],[-81.7313,24.3051],[-81.7413,24.3519],[-81.7871,24.426],[-81.8312,24.476],[-81.8735,24.5022],[-81.8885,24.5295],[-81.8762,24.5581],[-81.85,24.5584],[-81.81,24.5306],[-81.765,24.5131],[-81.715,24.5058],[-81.6712,24.4827],[-81.6335,24.4437],[-81.6171,24.406],[-81.6221,24.3695],[-81.633,24.3422],[-81.6499,24.324],[-81.6541,24.3057],[-81.6456,24.2875],[-81.5527,24.21],[-81.3752,24.0731],[-81.2724,23.986],[-81.2441,23.9488],[-81.1513,23.8848],[-80.994,23.794],[-80.9019,23.7303],[-80.8749,23.6936],[-80.8686,23.6528],[-80.8829,23.6079],[-80.91,23.5893],[-80.95,23.5971],[-81.015,23.6253],[-81.105,23.6738],[-81.175,23.7221],[-81.225,23.7701],[-81.28,23.775],[-81.34,23.7366],[-81.41,23.7227],[-81.49,23.7333],[-81.59,23.7795],[-81.71,23.8612],[-81.8062,23.9368],[-81.8787,24.0064],[-81.8787,24.0349]],[[-81.6717,24.2086],[-81.6572,24.2148],[-81.615,24.2014],[-81.545,24.1684],[-81.4896,24.1333],[-81.4489,24.0962],[-81.4282,24.0686],[-81.4275,24.0503],[-81.4529,24.0486],[-81.5043,24.0636],[-81.5639,24.0955],[-81.6316,24.1445],[-81.6689,24.1781],[-81.6756,24.1963],[-81.6717,24.2086]],[[-81.0521,23.7852],[-81.037,23.7852],[-81.0205,23.776],[-81.0026,23.7577],[-81.0027,23.7473],[-81.0209,23.7446],[-81.0374,23.7538],[-81.0522,23.7747],[-81.0521,23.7852]],[[-81.7169,23.9315],[-81.6815,23.9315],[-81.6483,23.9224],[-81.6171,23.9041],[-81.6137,23.8892],[-81.6379,23.8778],[-81.6711,23.8869],[-81.7134,23.9166],[-81.7169,23.9315]],[[-81.5661,23.9934],[-81.5554,24.0076],[-81.5305,24.0122],[-81.4915,24.0071],[-81.4465,23.9863],[-81.3956,23.9498],[-81.3659,23.9178],[-81.3575,23.8904],[-81.3625,23.8717],[-81.3808,23.8618],[-81.4,23.8587],[-81.42,23.8625],[-81.4562,23.8812],[-81.5086,23.9147],[-81.544,23.9452],[-81.5623,23.9726],[-81.5661,23.9934]]]}},{"type":"Feature","properties":{"c":"#00fb90","v0":0.05,"v1":0.25},"geometry":{"type":"Polygon","coordinates":[[[-82.1677,24.5152],[-82.147,24.5152],[-82.127,24.5061],[-82.1075,24.4879],[-82.1178,24.4879],[-82.1579,24.5061],[-82.1677,24.5152]]]}},{"type":"Feature","properties":{"c":"#00fb90","v0":0.05,"v1":0.25},"geometry":{"type":"Polygon","coordinates":[[[-82.4515,24.3559],[-82.4142,24.365],[-82.3992,24.3849],[-82.4064,24.4156],[-82.39,24.4278],[-82.35,24.4215],[-82.2902,24.3879],[-82.2106,24.3271],[-82.1906,24.2947],[-82.2302,24.2909],[-82.27,24.3061],[-82.31,24.3405],[-82.34,24.3597],[-82.36,24.3638],[-82.3745,24.3622],[-82.3834,24.3549],[-82.3732,24.3285],[-82.3439,24.283],[-82.3344,24.2534],[-82.3448,24.2399],[-82.38,24.2627],[-82.4401,24.3218],[-82.4515,24.3559]]]}},{"type":"Feature","properties":{"c":"#00fb90","v0":0.05,"v1":0.25},"geometry":{"type":"Polygon","coordinates":[[[-79.8617,24.3139],[-79.8139,24.3119],[-79.773,24.2891],[-79.7389,24.2455],[-79.7489,24.2275],[-79.803,24.2352],[-79.8439,24.258],[-79.8717,24.2959],[-79.8617,24.3139]]]}},{"type":"Feature","properties":{"c":"#00fb90","v0":0.05,"v1":0.25},"geometry":{"type":"Polygon","coordinates":[[[-82.6608,24.172],[-82.6536,24.178],[-82.645,24.1734],[-82.635,24.1581],[-82.6386,24.1551],[-82.6558,24.1644],[-82.6608,24.172]]]}},{"type":"Feature","properties":{"c":"#00fb90","v0":0.05,"v1":0.25},"geometry":{"type":"Polygon","coordinates":[[[-80.1166,24.0099],[-80.1122,24.0204],[-80.1,24.0219],[-80.08,24.0145],[-80.06,23.9925],[-80.04,23.9559],[-80.0439,23.9406],[-80.0718,23.9467],[-80.094,23.9635],[-80.1105,23.9909],[-80.1166,24.0099]]]}},{"type":"Feature","properties":{"c":"#00fb90","v0":0.05,"v1":0.25},"geometry":{"type":"Polygon","coordinates":[[[-99.0831,23.7257],[-99.0736,23.7531],[-99.0041,23.8167],[-98.8747,23.9164],[-98.785,23.9619],[-98.735,23.9534],[-98.7087,23.9173],[-98.706,23.8536],[-98.6792,23.808],[-98.6281,23.7806],[-98.6069,23.7577],[-98.6156,23.7394],[-98.6374,23.7213],[-98.6725,23.7035],[-98.6961,23.6989],[-98.7083,23.7076],[-98.7133,23.7347],[-98.7111,23.7801],[-98.715,23.8034],[-98.725,23.8044],[-98.805,23.7724],[-98.955,23.7072],[-99.04,23.6754],[-99.06,23.677],[-99.0745,23.6863],[-99.0834,23.7034],[-99.0831,23.7257]]]}},{"type":"Feature","properties":{"c":"#00fb90","v0":0.05,"v1":0.25},"geometry":{"type":"Polygon","coordinates":[[[-85.4764,23.6295],[-85.4683,23.6478],[-85.4557,23.6629],[-85.4386,23.6748],[-85.425,23.6784],[-85.415,23.6738],[-85.41,23.6413],[-85.41,23.5811],[-85.42,23.5529],[-85.44,23.5569],[-85.4576,23.5742],[-85.4729,23.605],[-85.4764,23.6295]]]}},{"type":"Feature","properties":{"c":"#00fb90","v0":0.05,"v1":0.25},"geometry":{"type":"Polygon","coordinates":[[[-98.84,23.3589],[-98.8293,23.3865],[-98.8005,23.4212],[-98.7535,23.463],[-98.69,23.4947],[-98.61,23.5162],[-98.554,23.5136],[-98.522,23.487],[-98.537,23.4444],[-98.599,23.3858],[-98.6632,23.3399],[-98.7296,23.3067],[-98.7761,23.2901],[-98.8027,23.2901],[-98.8234,23.3038],[-98.8381,23.3314],[-98.84,23.3589]]]}},{"type":"Feature","properties":{"c":"#00fb90","v0":0.05,"v1":0.25},"geometry":{"type":"Polygon","coordinates":[[[-97.6203,22.9451],[-97.5252,23.028],[-97.4603,23.0694],[-97.4257,23.0694],[-97.3781,23.0556],[-97.3175,23.028],[-97.3029,22.9955],[-97.3343,22.9582],[-97.395,22.9208],[-97.485,22.8833],[-97.56,22.8682],[-97.62,22.8756],[-97.6545,22.8854],[-97.6634,22.8976],[-97.6203,22.9451]]]}},{"type":"Feature","properties":{"c":"#00fb90","v0":0.05,"v1":0.25},"geometry":{"type":"Polygon","coordinates":[[[-97.3914,22.7263],[-97.3505,22.7402],[-97.3143,22.7632],[-97.283,22.7954],[-97.233,22.828],[-97.1643,22.8608],[-97.11,22.9043],[-97.07,22.9584],[-97.0232,23.0064],[-96.9697,23.0484],[-96.9297,23.0739],[-96.9032,23.0829],[-96.8851,23.0829],[-96.8754,23.0739],[-96.8914,23.051],[-96.9333,23.0142],[-96.9648,22.9451],[-96.9857,22.8438],[-97.0497,22.7646],[-97.1566,22.7074],[-97.235,22.687],[-97.285,22.7032],[-97.335,22.7085],[-97.385,22.7028],[-97.4105,22.7048],[-97.4114,22.7145],[-97.3914,22.7263]]]}},{"type":"Feature","properties":{"c":"#00fb90","v0":0.05,"v1":0.25},"geometry":{"type":"Polygon","coordinates":[[[-84.1617,22.5855],[-84.1191,22.7239],[-84.0908,22.7964],[-84.0769,22.8031],[-83.965,22.7275],[-83.755,22.5693],[-83.615,22.4824],[-83.545,22.4669],[-83.495,22.4699],[-83.465,22.4913],[-83.435,22.5008],[-83.405,22.4983],[-83.3742,22.4788],[-83.3427,22.4421],[-83.3448,22.4053],[-83.3804,22.3683],[-83.3911,22.3322],[-83.377,22.297],[-83.325,22.2473],[-83.235,22.1832],[-83.1107,22.1175],[-82.952,22.0501],[-82.857,21.997],[-82.8257,21.9582],[-82.79,21.9301],[-82.75,21.913],[-82.726,21.886],[-82.7181,21.8493],[-82.7231,21.8243],[-82.741,21.8112],[-82.775,21.8018],[-82.825,21.796],[-82.935,21.8279],[-83.105,21.8973],[-83.2155,21.9346],[-83.2664,21.9397],[-83.3164,21.96],[-83.3655,21.9953],[-83.415,22.0163],[-83.465,22.0229],[-83.525,22.0404],[-83.595,22.0688],[-83.637,22.0757],[-83.651,22.0609],[-83.6539,22.0396],[-83.646,22.0118],[-83.629,21.9798],[-83.603,21.9434],[-83.5695,21.9156],[-83.5286,21.8963],[-83.5115,21.8634],[-83.5182,21.817],[-83.5143,21.7659],[-83.4997,21.7102],[-83.4968,21.6816],[-83.5056,21.6802],[-83.5279,21.7127],[-83.5637,21.7791],[-83.6237,21.8635],[-83.7079,21.9658],[-83.79,22.0492],[-83.87,22.1139],[-83.943,22.1647],[-84.009,22.2018],[-84.0524,22.2388],[-84.0732,22.2758],[-84.0791,22.3175],[-84.07,22.3637],[-84.0873,22.4053],[-84.1311,22.4423],[-84.1605,22.4746],[-84.1755,22.5024],[-84.1617,22.5855]],[[-83.6948,22.4146],[-83.5667,22.3961],[-83.4939,22.3776],[-83.4765,22.3591],[-83.4715,22.336],[-83.4789,22.3082],[-83.4945,22.2925],[-83.5182,22.2888],[-83.5662,22.3027],[-83.6386,22.3341],[-83.6908,22.3591],[-83.7228,22.3776],[-83.7438,22.3961],[-83.7538,22.4146],[-83.6948,22.4146]],[[-83.1896,22.0255],[-83.1765,22.0437],[-83.1411,22.053],[-83.0834,22.0534],[-83.0429,22.0443],[-83.0195,22.0257],[-83.0054,21.9933],[-83.0004,21.9469],[-83.006,21.9199],[-83.022,21.9123],[-83.045,21.9127],[-83.075,21.9212],[-83.1059,21.9342],[-83.1377,21.952],[-83.1643,21.9747],[-83.1855,22.0025],[-83.1896,22.0255]]]}},{"type":"Feature","properties":{"c":"#00fb90","v0":0.05,"v1":0.25},"geometry":{"type":"Polygon","coordinates":[[[-82.2023,22.2527],[-82.1954,22.2804],[-82.1865,22.2953],[-82.1755,22.2971],[-82.07,22.2451],[-81.87,22.1391],[-81.7555,22.0733],[-81.7264,22.0478],[-81.723,22.0118],[-81.7452,21.9655],[-81.7542,21.933],[-81.7501,21.9144],[-81.7336,21.8958],[-81.7045,21.877],[-81.67,21.8714],[-81.63,21.8789],[-81.5945,21.879],[-81.5635,21.8717],[-81.5371,21.8588],[-81.5155,21.8402],[-81.4904,21.803],[-81.4618,21.7473],[-81.4632,21.7151],[-81.4944,21.7065],[-81.56,21.7136],[-81.66,21.7365],[-81.7187,21.7408],[-81.736,21.7266],[-81.741,21.7007],[-81.7337,21.6632],[-81.735,21.6398],[-81.745,21.6306],[-81.765,21.627],[-81.795,21.6292],[-81.8175,21.6432],[-81.8324,21.6693],[-81.8234,21.7055],[-81.7904,21.752],[-81.7755,21.8077],[-81.7786,21.8727],[-81.8776,21.9698],[-82.0725,22.0989],[-82.1789,22.1822],[-82.1968,22.2199],[-82.2023,22.2527]],[[-82.0716,22.1703],[-82.0572,22.1815],[-82.0263,22.1815],[-81.9789,22.1703],[-81.923,22.1369],[-81.8584,22.0813],[-81.8229,22.035],[-81.8165,21.9979],[-81.8386,21.9886],[-81.8891,22.0072],[-81.9283,22.034],[-81.9561,22.0691],[-81.9972,22.1062],[-82.0516,22.1452],[-82.0716,22.1703]]]}},{"type":"Feature","properties":{"c":"#00fb90","v0":0.05,"v1":0.25},"geometry":{"type":"Polygon","coordinates":[[[-82.8397,21.6907],[-82.8332,21.7075],[-82.825,21.7142],[-82.815,21.7109],[-82.7917,21.6978],[-82.7552,21.6751],[-82.7302,21.6521],[-82.7167,21.629],[-82.7261,21.6197],[-82.7584,21.6242],[-82.7916,21.6405],[-82.8258,21.6683],[-82.8397,21.6907]]]}},{"type":"Feature","properties":{"c":"#00cc00","v0":0.25,"v1":0.5},"geometry":{"type":"Polygon","coordinates":[[[-96.2572,49.7869],[-96.2375,49.8062],[-96.2033,49.8228],[-96.1544,49.8366],[-96.03,49.8501],[-95.83,49.8632],[-95.68,49.867],[-95.58,49.8615],[-95.52,49.8541],[-95.5,49.8448],[-95.4841,49.8309],[-95.4724,49.8123],[-95.4847,49.7933],[-95.5211,49.774],[-95.5465,49.7514],[-95.561,49.7255],[-95.6137,49.6951],[-95.7046,49.6601],[-95.78,49.6398],[-95.84,49.6344],[-95.925,49.6371],[-96.035,49.6479],[-96.125,49.6472],[-96.195,49.6351],[-96.2361,49.6337],[-96.2483,49.6431],[-96.2499,49.6705],[-96.2411,49.7158],[-96.2443,49.7481],[-96.2594,49.7675],[-96.2572,49.7869]]]}},{"type":"Feature","properties":{"c":"#00cc00","v0":0.25,"v1":0.5},"geometry":{"type":"Polygon","coordinates":[[[-94.9731,49.6399],[-94.8377,49.6757],[-94.67,49.7131],[-94.47,49.7521],[-94.355,49.7803],[-94.325,49.7978],[-94.3004,49.8057],[-94.2813,49.8039],[-94.2663,49.7959],[-94.2554,49.7818],[-94.225,49.7691],[-94.175,49.758],[-93.995,49.7322],[-93.685,49.6918],[-93.52,49.6667],[-93.5,49.6571],[-93.4837,49.6415],[-93.4712,49.6198],[-93.4762,49.6025],[-93.4987,49.5894],[-93.605,49.5848],[-93.795,49.5886],[-93.97,49.5863],[-94.13,49.5778],[-94.37,49.5767],[-94.69,49.5832],[-94.89,49.5894],[-94.97,49.5955],[-95.0177,49.6044],[-95.0331,49.6161],[-94.9731,49.6399]],[[-94.481,49.6663],[-94.4603,49.6774],[-94.4374,49.6774],[-94.4123,49.6663],[-94.4073,49.6568],[-94.4224,49.6487],[-94.4453,49.6487],[-94.476,49.6568],[-94.481,49.6663]]]}},{"type":"Feature","properties":{"c":"#00cc00","v0":0.25,"v1":0.5},"geometry":{"type":"Polygon","coordinates":[[[-96.9125,49.7225],[-96.8842,49.7423],[-96.8497,49.7487],[-96.809,49.7419],[-96.7887,49.732],[-96.7887,49.719],[-96.7991,49.7067],[-96.8197,49.6949],[-96.8473,49.6884],[-96.8819,49.6873],[-96.906,49.6932],[-96.9198,49.7061],[-96.9125,49.7225]]]}},{"type":"Feature","properties":{"c":"#00cc00","v0":0.25,"v1":0.5},"geometry":{"type":"Polygon","coordinates":[[[-97.4399,49.6643],[-97.42,49.6713],[-97.3499,49.6778],[-97.2296,49.6837],[-97.1796,49.6807],[-97.1999,49.6688],[-97.26,49.659],[-97.36,49.6513],[-97.42,49.6508],[-97.4399,49.6575],[-97.4399,49.6643]]]}},{"type":"Feature","properties":{"c":"#00cc00","v0":0.25,"v1":0.5},"geometry":{"type":"Polygon","coordinates":[[[-93.0094,49.1794],[-92.9875,49.1794],[-92.9849,49.1769],[-93.0016,49.172],[-93.0126,49.172],[-93.0177,49.1769],[-93.0094,49.1794]]]}},{"type":"Feature","properties":{"c":"#00cc00","v0":0.25,"v1":0.5},"geometry":{"type":"Polygon","coordinates":[[[-121.8481,48.7785],[-121.8227,48.7906],[-121.8013,48.7906],[-121.7839,48.7785],[-121.7839,48.7651],[-121.8013,48.7505],[-121.8227,48.7505],[-121.8481,48.7651],[-121.8481,48.7785]],[[-121.8366,48.7762],[-121.8189,48.7837],[-121.8049,48.7837],[-121.7948,48.7762],[-121.7948,48.7676],[-121.8049,48.758],[-121.8189,48.758],[-121.8366,48.7676],[-121.8366,48.7762]]]}},{"type":"Feature","properties":{"c":"#00cc00","v0":0.25,"v1":0.5},"geometry":{"type":"Polygon","coordinates":[[[-102.5998,48.1236],[-102.5799,48.126],[-102.567,48.1227],[-102.561,48.1136],[-102.566,48.1064],[-102.582,48.1011],[-102.5949,48.1045],[-102.6048,48.1164],[-102.5998,48.1236]]]}},{"type":"Feature","properties":{"c":"#00cc00","v0":0.25,"v1":0.5},"geometry":{"type":"Polygon","coordinates":[[[-102.0559,48.0875],[-102.0253,48.0979],[-101.9993,48.0979],[-101.9778,48.0875],[-101.9778,48.0746],[-101.9993,48.0592],[-102.0253,48.0592],[-102.0559,48.0746],[-102.0559,48.0875]]]}},{"type":"Feature","properties":{"c":"#00cc00","v0":0.25,"v1":0.5},"geometry":{"type":"Polygon","coordinates":[[[-101.5286,48.0079],[-101.5162,48.0197],[-101.45,48.0169],[-101.33,47.9994],[-101.2588,47.9802],[-101.2363,47.959],[-101.225,47.9418],[-101.2248,47.9284],[-101.2661,47.9246],[-101.3487,47.9304],[-101.4191,47.9438],[-101.4772,47.9648],[-101.5134,47.9819],[-101.5277,47.9953],[-101.5286,48.0079]]]}},{"type":"Feature","properties":{"c":"#00cc00","v0":0.25,"v1":0.5},"geometry":{"type":"Polygon","coordinates":[[[-100.9998,47.8881],[-100.9962,47.9016],[-100.9833,47.9129],[-100.9611,47.9221],[-100.925,47.9161],[-100.875,47.8948],[-100.8477,47.8768],[-100.8432,47.862],[-100.8482,47.8495],[-100.8627,47.8393],[-100.89,47.8315],[-100.93,47.826],[-100.9629,47.8379],[-100.9887,47.8669],[-100.9998,47.8881]]]}},{"type":"Feature","properties":{"c":"#00cc00","v0":0.25,"v1":0.5},"geometry":{"type":"Polygon","coordinates":[[[-100.9905,47.2379],[-100.9768,47.2466],[-100.945,47.2522],[-100.895,47.2546],[-100.8482,47.2469],[-100.8046,47.2289],[-100.7896,47.2149],[-100.8032,47.2047],[-100.82,47.1992],[-100.84,47.1984],[-100.8868,47.2069],[-100.9605,47.2246],[-100.9905,47.2379]]]}},{"type":"Feature","properties":{"c":"#00cc00","v0":0.25,"v1":0.5},"geometry":{"type":"Polygon","coordinates":[[[-100.6467,47.1145],[-100.6089,47.1212],[-100.5812,47.1178],[-100.5637,47.1043],[-100.5687,47.0924],[-100.5962,47.082],[-100.6239,47.0854],[-100.6517,47.1026],[-100.6467,47.1145]]]}},{"type":"Feature","properties":{"c":"#00cc00","v0":0.25,"v1":0.5},"geometry":{"type":"Polygon","coordinates":[[[-70.6023,40.0302],[-70.5956,40.0455],[-70.5567,40.0787],[-70.4856,40.1297],[-70.4388,40.1565],[-70.4165,40.159],[-70.4022,40.1526],[-70.3961,40.1373],[-70.4022,40.1188],[-70.4207,40.0972],[-70.45,40.0811],[-70.49,40.0707],[-70.52,40.0545],[-70.54,40.0323],[-70.5639,40.0216],[-70.5917,40.0222],[-70.6023,40.0302]]]}},{"type":"Feature","properties":{"c":"#00cc00","v0":0.25,"v1":0.5},"geometry":{"type":"Polygon","coordinates":[[[-72.8182,39.2446],[-72.7635,39.2911],[-72.7563,39.3298],[-72.7967,39.3607],[-72.7952,39.3867],[-72.7517,39.4078],[-72.66,39.4253],[-72.52,39.4394],[-72.335,39.4833],[-72.105,39.5571],[-71.98,39.5914],[-71.96,39.5863],[-71.941,39.5666],[-71.9231,39.5323],[-71.8987,39.5036],[-71.8677,39.4805],[-71.8879,39.4496],[-71.9593,39.411],[-72.0387,39.3819],[-72.1262,39.3624],[-72.195,39.3336],[-72.245,39.2955],[-72.395,39.2532],[-72.645,39.2068],[-72.785,39.1853],[-72.815,39.1886],[-72.8339,39.198],[-72.8417,39.2136],[-72.8182,39.2446]]]}},{"type":"Feature","properties":{"c":"#00cc00","v0":0.25,"v1":0.5},"geometry":{"type":"Polygon","coordinates":[[[-77.5424,39.2064],[-77.4275,39.2695],[-77.235,39.328],[-76.965,39.3819],[-76.8,39.4093],[-76.74,39.4102],[-76.655,39.3999],[-76.545,39.3783],[-76.44,39.3799],[-76.34,39.4046],[-76.27,39.4106],[-76.23,39.3979],[-76.19,39.3927],[-76.15,39.3949],[-76.1245,39.391],[-76.1134,39.3811],[-76.1784,39.3562],[-76.3195,39.3164],[-76.42,39.2772],[-76.48,39.2388],[-76.55,39.2175],[-76.63,39.2134],[-76.7,39.2036],[-76.76,39.1881],[-76.82,39.1844],[-76.88,39.1925],[-76.94,39.1954],[-77.0,39.1934],[-77.06,39.1844],[-77.12,39.1685],[-77.175,39.1641],[-77.225,39.1712],[-77.2624,39.1631],[-77.2871,39.1399],[-77.2921,39.1237],[-77.2774,39.1144],[-77.24,39.1208],[-77.18,39.1429],[-77.1129,39.1475],[-77.0387,39.1347],[-77.0057,39.1167],[-77.0139,39.0934],[-77.0561,39.0725],[-77.132,39.054],[-77.23,39.039],[-77.35,39.0275],[-77.4173,39.029],[-77.4319,39.0435],[-77.4222,39.0624],[-77.388,39.0857],[-77.3739,39.1051],[-77.3799,39.1206],[-77.4296,39.1337],[-77.5232,39.1444],[-77.5775,39.156],[-77.5924,39.1686],[-77.5424,39.2064]]]}},{"type":"Feature","properties":{"c":"#00cc00","v0":0.25,"v1":0.5},"geometry":{"type":"Polygon","coordinates":[[[-87.0085,35.0925],[-86.9695,35.1208],[-86.928,35.1413],[-86.884,35.1538],[-86.8837,35.1764],[-86.9272,35.2091],[-86.9442,35.2351],[-86.9347,35.2543],[-86.855,35.2907],[-86.705,35.3441],[-86.59,35.3783],[-86.51,35.3932],[-86.44,35.4167],[-86.38,35.4487],[-86.305,35.4789],[-86.215,35.5071],[-86.1189,35.5614],[-86.0168,35.6416],[-85.8418,35.712],[-85.5939,35.7727],[-85.425,35.8262],[-85.335,35.8727],[-85.2799,35.9154],[-85.2597,35.9542],[-85.2097,35.9952],[-85.1299,36.0385],[-85.025,36.0694],[-84.895,36.0881],[-84.69,36.1595],[-84.41,36.2837],[-84.235,36.3535],[-84.165,36.3691],[-84.1,36.3937],[-84.04,36.4273],[-83.94,36.4589],[-83.8,36.4886],[-83.71,36.513],[-83.67,36.5321],[-83.5508,36.5689],[-83.3523,36.6233],[-83.1673,36.6976],[-82.9958,36.7918],[-82.86,36.8511],[-82.76,36.8757],[-82.675,36.8832],[-82.605,36.8735],[-82.5534,36.8542],[-82.5201,36.8253],[-82.5106,36.7908],[-82.5249,36.7507],[-82.5216,36.728],[-82.5005,36.7226],[-82.46,36.7233],[-82.4,36.7302],[-82.3195,36.753],[-82.2185,36.7915],[-82.0985,36.8459],[-81.9595,36.9159],[-81.8719,36.9679],[-81.8356,37.0018],[-81.8406,37.0377],[-81.8869,37.0757],[-81.93,37.0824],[-81.97,37.0578],[-82.0178,37.0468],[-82.0735,37.0494],[-82.0906,37.0666],[-82.0693,37.0985],[-81.8915,37.182],[-81.5572,37.317],[-81.36,37.3797],[-81.3,37.3705],[-81.215,37.3702],[-81.105,37.3787],[-80.9937,37.4074],[-80.881,37.4561],[-80.821,37.5041],[-80.8137,37.5516],[-80.7852,37.5833],[-80.7355,37.5993],[-80.6605,37.6449],[-80.5602,37.72],[-80.4575,37.7833],[-80.3526,37.8347],[-80.294,37.8683],[-80.2819,37.8841],[-80.2842,37.8999],[-80.3009,37.9156],[-80.3066,37.9314],[-80.3013,37.9472],[-80.2671,37.9708],[-80.2038,38.0024],[-80.1613,38.03],[-80.1396,38.0536],[-80.164,38.0706],[-80.2347,38.0812],[-80.295,38.104],[-80.345,38.1392],[-80.415,38.1541],[-80.505,38.1487],[-80.56,38.1494],[-80.58,38.156],[-80.5887,38.1633],[-80.5862,38.1715],[-80.557,38.1913],[-80.5009,38.2227],[-80.4272,38.2476],[-80.3357,38.266],[-80.225,38.3148],[-80.095,38.3941],[-79.95,38.4677],[-79.79,38.5356],[-79.6835,38.5964],[-79.6306,38.6501],[-79.5856,38.6869],[-79.5485,38.7068],[-79.47,38.7331],[-79.35,38.7658],[-79.255,38.7852],[-79.185,38.7914],[-79.1429,38.7925],[-79.1287,38.7883],[-79.1214,38.7706],[-79.121,38.7394],[-79.1131,38.7182],[-79.0977,38.7071],[-79.045,38.707],[-78.955,38.7179],[-78.8965,38.7196],[-78.8694,38.712],[-78.8528,38.7004],[-78.8465,38.6848],[-78.8501,38.6563],[-78.8634,38.6151],[-78.85,38.5973],[-78.81,38.6031],[-78.76,38.6204],[-78.7,38.6491],[-78.615,38.6668],[-78.5049,38.6736],[-78.4099,38.6689],[-78.33,38.6526],[-78.26,38.6117],[-78.2,38.546],[-78.155,38.5105],[-78.125,38.5054],[-78.09,38.5182],[-78.05,38.549],[-77.99,38.5678],[-77.91,38.5747],[-77.81,38.5929],[-77.69,38.6224],[-77.5985,38.6549],[-77.5356,38.6904],[-77.5156,38.7345],[-77.5385,38.787],[-77.575,38.818],[-77.625,38.8275],[-77.6686,38.8636],[-77.7059,38.9262],[-77.7246,38.9769],[-77.7247,39.0158],[-77.7111,39.0424],[-77.6837,39.0567],[-77.6358,39.0489],[-77.5674,39.0191],[-77.5309,38.9886],[-77.5263,38.9575],[-77.5105,38.9306],[-77.4835,38.9081],[-77.44,38.9115],[-77.38,38.941],[-77.26,38.9595],[-77.08,38.9671],[-76.9704,38.9598],[-76.9312,38.9375],[-76.9012,38.9258],[-76.8804,38.9246],[-76.805,38.9381],[-76.675,38.9662],[-76.56,38.9707],[-76.46,38.9515],[-76.4085,38.9341],[-76.4055,38.9186],[-76.4259,38.8875],[-76.4696,38.8407],[-76.4807,38.8096],[-76.4593,38.794],[-76.4139,38.781],[-76.3446,38.7708],[-76.2545,38.7708],[-76.1434,38.781],[-76.0884,38.7735],[-76.0895,38.7482],[-76.11,38.7379],[-76.15,38.7427],[-76.1793,38.7319],[-76.198,38.7057],[-76.218,38.688],[-76.2393,38.679],[-76.335,38.6629],[-76.505,38.6399],[-76.64,38.6324],[-76.74,38.6403],[-76.87,38.6325],[-77.03,38.6091],[-77.155,38.605],[-77.245,38.6204],[-77.375,38.6033],[-77.545,38.5538],[-77.675,38.5218],[-77.765,38.5073],[-77.87,38.4805],[-77.99,38.4412],[-78.0556,38.415],[-78.0667,38.4019],[-78.0672,38.3875],[-78.0571,38.3718],[-78.0315,38.363],[-77.9905,38.3611],[-77.885,38.3907],[-77.715,38.4517],[-77.585,38.4876],[-77.495,38.4986],[-77.3594,38.473],[-77.1783,38.4108],[-77.0877,38.3679],[-77.0878,38.3444],[-77.099,38.3248],[-77.1213,38.3091],[-77.205,38.2816],[-77.35,38.2423],[-77.4493,38.2013],[-77.5031,38.1584],[-77.57,38.1166],[-77.65,38.0759],[-77.8036,38.0344],[-78.0309,37.992],[-78.1721,37.9511],[-78.2273,37.9117],[-78.2837,37.8891],[-78.3412,37.8834],[-78.39,37.8943],[-78.43,37.9219],[-78.465,37.9359],[-78.495,37.9362],[-78.575,37.9216],[-78.705,37.8921],[-78.8843,37.8415],[-79.113,37.7698],[-79.2499,37.7142],[-79.2951,37.6746],[-79.3153,37.639],[-79.3104,37.6073],[-79.3141,37.5796],[-79.3263,37.5558],[-79.4002,37.4844],[-79.5359,37.3653],[-79.5931,37.2937],[-79.5719,37.2698],[-79.5668,37.2499],[-79.578,37.234],[-79.6513,37.1862],[-79.7865,37.1065],[-79.9131,37.0414],[-80.031,36.9911],[-80.16,36.9567],[-80.3,36.9384],[-80.425,36.9321],[-80.535,36.9379],[-80.62,36.9266],[-80.68,36.8983],[-80.765,36.8696],[-80.875,36.8405],[-80.98,36.803],[-81.08,36.7571],[-81.215,36.721],[-81.385,36.6947],[-81.5646,36.6257],[-81.7538,36.5137],[-81.9138,36.4462],[-82.0446,36.4231],[-82.1549,36.4111],[-82.2448,36.41],[-82.3498,36.3935],[-82.4699,36.3618],[-82.57,36.3201],[-82.65,36.2686],[-82.7367,36.224],[-82.8301,36.1864],[-82.8951,36.1382],[-82.9317,36.0795],[-83.01,36.0237],[-83.13,35.9711],[-83.225,35.9358],[-83.2949,35.9178],[-83.3924,35.8602],[-83.5177,35.7629],[-83.5766,35.702],[-83.5692,35.6776],[-83.5716,35.6549],[-83.5839,35.6339],[-83.605,35.6157],[-83.635,35.6003],[-83.675,35.5955],[-83.725,35.6012],[-83.7779,35.5869],[-83.8336,35.5525],[-83.8719,35.5231],[-83.8927,35.4987],[-83.9256,35.4743],[-83.9704,35.4498],[-84.0027,35.4132],[-84.0225,35.3642],[-84.0467,35.3283],[-84.0756,35.3053],[-84.1788,35.2686],[-84.3563,35.2181],[-84.5399,35.1478],[-84.7296,35.0578],[-84.8298,34.9923],[-84.8405,34.9513],[-84.8664,34.9185],[-84.9077,34.8939],[-84.9265,34.8693],[-84.9228,34.8447],[-84.9332,34.8241],[-84.9577,34.8076],[-85.025,34.7888],[-85.135,34.7676],[-85.197,34.7718],[-85.2109,34.8012],[-85.2709,34.8134],[-85.377,34.8083],[-85.44,34.8121],[-85.46,34.8248],[-85.505,34.8287],[-85.575,34.824],[-85.645,34.8279],[-85.715,34.8404],[-85.77,34.8554],[-85.81,34.873],[-85.86,34.8842],[-85.92,34.889],[-85.975,34.8872],[-86.025,34.879],[-86.06,34.8819],[-86.08,34.8961],[-86.11,34.899],[-86.15,34.8906],[-86.275,34.8858],[-86.485,34.8848],[-86.5973,34.8877],[-86.6118,34.8946],[-86.608,34.9103],[-86.5858,34.9349],[-86.5785,34.9542],[-86.5862,34.968],[-86.675,34.9902],[-86.845,35.0209],[-86.9545,35.0467],[-87.0035,35.0678],[-87.0085,35.0925]],[[-86.7653,35.2696],[-86.6618,35.3252],[-86.57,35.3616],[-86.49,35.3788],[-86.415,35.4037],[-86.345,35.4365],[-86.2643,35.4613],[-86.173,35.4781],[-86.103,35.5073],[-86.0543,35.549],[-85.99,35.5769],[-85.91,35.5909],[-85.835,35.6173],[-85.765,35.6558],[-85.71,35.6795],[-85.67,35.6884],[-85.615,35.6918],[-85.545,35.6897],[-85.42,35.7356],[-85.24,35.8294],[-85.1142,35.8844],[-85.0425,35.9007],[-84.9875,35.9236],[-84.9492,35.9533],[-84.8933,35.9533],[-84.8198,35.9236],[-84.7701,35.925],[-84.7442,35.9574],[-84.701,35.9845],[-84.6403,36.0063],[-84.5986,36.0306],[-84.5759,36.0573],[-84.5346,36.0868],[-84.4746,36.1191],[-84.421,36.161],[-84.3737,36.2124],[-84.295,36.2526],[-84.185,36.2815],[-84.08,36.3154],[-83.98,36.3542],[-83.9,36.373],[-83.84,36.372],[-83.74,36.3827],[-83.6,36.4052],[-83.495,36.4354],[-83.425,36.4732],[-83.3598,36.4956],[-83.2995,36.5025],[-83.1895,36.5486],[-83.0298,36.6337],[-82.935,36.6751],[-82.905,36.6727],[-82.88,36.6581],[-82.86,36.6314],[-82.815,36.6184],[-82.745,36.6189],[-82.69,36.6077],[-82.65,36.5847],[-82.565,36.5902],[-82.435,36.624],[-82.3177,36.6674],[-82.213,36.7203],[-82.128,36.7547],[-82.0627,36.7706],[-82.01,36.7774],[-81.97,36.7752],[-81.9,36.7563],[-81.8,36.7209],[-81.735,36.7037],[-81.705,36.7048],[-81.6658,36.7157],[-81.6175,36.7364],[-81.584,36.7427],[-81.5655,36.7347],[-81.6446,36.6716],[-81.8215,36.5531],[-81.93,36.4864],[-81.97,36.4716],[-82.015,36.4598],[-82.065,36.4511],[-82.11,36.4536],[-82.15,36.4672],[-82.24,36.4575],[-82.38,36.4246],[-82.4583,36.4125],[-82.4748,36.4212],[-82.4848,36.4342],[-82.4883,36.4515],[-82.525,36.4555],[-82.595,36.4463],[-82.66,36.4456],[-82.72,36.4534],[-82.795,36.4388],[-82.885,36.4017],[-82.952,36.3656],[-82.9961,36.3304],[-83.0161,36.3074],[-83.012,36.2967],[-82.96,36.289],[-82.86,36.2845],[-82.765,36.2978],[-82.675,36.329],[-82.6258,36.3407],[-82.6174,36.3328],[-82.6175,36.3249],[-82.6261,36.3168],[-82.6553,36.2983],[-82.7051,36.2694],[-82.76,36.2501],[-82.82,36.2405],[-82.8889,36.2066],[-82.9666,36.1483],[-83.0012,36.107],[-82.9926,36.0828],[-82.9933,36.0666],[-83.0031,36.0585],[-83.0535,36.032],[-83.1445,35.9872],[-83.22,35.9588],[-83.28,35.9469],[-83.3543,35.9167],[-83.4428,35.8682],[-83.5032,35.8237],[-83.5354,35.7832],[-83.5912,35.7389],[-83.6704,35.6909],[-83.73,35.664],[-83.77,35.6583],[-83.8622,35.6051],[-84.0066,35.5043],[-84.0745,35.4335],[-84.0659,35.3928],[-84.0786,35.3555],[-84.1129,35.3217],[-84.165,35.3017],[-84.235,35.2956],[-84.315,35.2805],[-84.405,35.2563],[-84.5,35.2444],[-84.6,35.2446],[-84.6656,35.2195],[-84.6969,35.169],[-84.7323,35.1274],[-84.7719,35.0947],[-84.8377,35.066],[-84.9298,35.0414],[-84.9564,35.0128],[-84.9175,34.98],[-84.906,34.9562],[-84.922,34.9414],[-84.965,34.932],[-85.035,34.9278],[-85.125,34.9087],[-85.235,34.8746],[-85.32,34.8632],[-85.38,34.8745],[-85.45,34.876],[-85.53,34.8674],[-85.61,34.8672],[-85.69,34.8753],[-85.77,34.887],[-85.85,34.9023],[-85.9,34.9208],[-85.92,34.9425],[-85.94,34.9561],[-85.96,34.9615],[-86.04,34.9504],[-86.18,34.9228],[-86.31,34.9112],[-86.43,34.9156],[-86.4966,34.921],[-86.5098,34.9276],[-86.521,34.9472],[-86.5302,34.98],[-86.5936,35.0101],[-86.7112,35.0376],[-86.7795,35.058],[-86.7986,35.0715],[-86.7986,35.0847],[-86.7795,35.0976],[-86.7241,35.1139],[-86.6323,35.1338],[-86.5778,35.1519],[-86.5606,35.1683],[-86.5715,35.1835],[-86.6105,35.1977],[-86.67,35.209],[-86.75,35.2174],[-86.7968,35.2266],[-86.8103,35.2368],[-86.7653,35.2696]],[[-81.6268,36.8712],[-81.5756,36.9278],[-81.51,36.9741],[-81.43,37.0101],[-81.3693,37.0217],[-81.3278,37.0091],[-81.3321,36.9868],[-81.3822,36.9548],[-81.4326,36.9108],[-81.4834,36.8548],[-81.5391,36.8269],[-81.5997,36.8272],[-81.6356,36.8312],[-81.6468,36.839],[-81.6268,36.8712]],[[-81.339,37.0899],[-81.293,37.1046],[-81.2677,37.1086],[-81.263,37.1019],[-81.286,37.0945],[-81.3366,37.0865],[-81.339,37.0899]],[[-81.2493,36.8502],[-81.1831,36.897],[-81.0638,36.957],[-80.8914,37.0301],[-80.7746,37.0826],[-80.7132,37.1145],[-80.6767,37.1384],[-80.6651,37.1543],[-80.6657,37.1862],[-80.6788,37.234],[-80.7015,37.2627],[-80.7338,37.2724],[-80.76,37.2878],[-80.78,37.3091],[-80.81,37.313],[-80.85,37.2996],[-80.9011,37.2682],[-80.9634,37.2189],[-81.0234,37.1818],[-81.0811,37.157],[-81.1206,37.1451],[-81.1419,37.1459],[-81.1417,37.1743],[-81.12,37.23],[-81.0894,37.2718],[-81.0498,37.2998],[-80.9971,37.3236],[-80.9314,37.3434],[-80.8814,37.3559],[-80.8471,37.361],[-80.815,37.3587],[-80.785,37.3492],[-80.745,37.3626],[-80.695,37.3989],[-80.6468,37.4131],[-80.6003,37.405],[-80.5843,37.3931],[-80.5988,37.3772],[-80.6025,37.3613],[-80.5954,37.3454],[-80.5864,37.3328],[-80.5755,37.3237],[-80.56,37.3217],[-80.54,37.327],[-80.5211,37.3435],[-80.5032,37.3713],[-80.4979,37.401],[-80.5051,37.4328],[-80.4908,37.4685],[-80.4552,37.5082],[-80.4481,37.5399],[-80.4695,37.5637],[-80.48,37.5835],[-80.4795,37.5994],[-80.4519,37.6192],[-80.3973,37.6429],[-80.35,37.6699],[-80.31,37.7002],[-80.265,37.7151],[-80.215,37.7147],[-80.17,37.6912],[-80.13,37.6447],[-80.09,37.6242],[-80.05,37.6295],[-80.005,37.6438],[-79.955,37.667],[-79.9218,37.6766],[-79.9054,37.6726],[-79.9009,37.6469],[-79.9082,37.5994],[-79.9064,37.5683],[-79.8955,37.5536],[-79.86,37.549],[-79.8,37.5546],[-79.7576,37.5501],[-79.7327,37.5354],[-79.7377,37.5189],[-79.7726,37.5005],[-79.81,37.4905],[-79.85,37.4888],[-79.87,37.4701],[-79.87,37.4343],[-79.8,37.4293],[-79.66,37.455],[-79.585,37.4637],[-79.575,37.4555],[-79.5845,37.4309],[-79.6136,37.3898],[-79.6626,37.3454],[-79.7315,37.2977],[-79.767,37.266],[-79.769,37.2504],[-79.7628,37.2384],[-79.7483,37.2302],[-79.7445,37.2181],[-79.7515,37.2021],[-79.8053,37.1583],[-79.9059,37.0865],[-79.9946,37.0339],[-80.0715,37.0004],[-80.17,36.9774],[-80.29,36.965],[-80.41,36.963],[-80.53,36.9713],[-80.62,36.9592],[-80.68,36.9265],[-80.765,36.8992],[-80.875,36.8772],[-80.99,36.839],[-81.11,36.7844],[-81.1809,36.7586],[-81.2028,36.7614],[-81.2309,36.7788],[-81.2652,36.8108],[-81.2493,36.8502]],[[-79.6613,38.3217],[-79.6538,38.3313],[-79.6413,38.3352],[-79.6239,38.3335],[-79.6189,38.3267],[-79.6263,38.3147],[-79.6388,38.3108],[-79.6563,38.3149],[-79.6613,38.3217]],[[-79.4394,38.2835],[-79.4198,38.3107],[-79.38,38.3423],[-79.32,38.3781],[-79.2803,38.4076],[-79.261,38.4308],[-79.2472,38.4619],[-79.2388,38.5011],[-79.256,38.5402],[-79.2987,38.5793],[-79.3171,38.6106],[-79.3112,38.634],[-79.2836,38.6544],[-79.2345,38.6717],[-79.1935,38.6678],[-79.1605,38.6427],[-79.1405,38.6078],[-79.1335,38.5633],[-79.0846,38.5437],[-78.9939,38.5492],[-78.992,38.5089],[-79.0788,38.4228],[-79.1841,38.3464],[-79.308,38.2797],[-79.385,38.2448],[-79.415,38.2415],[-79.4348,38.2474],[-79.4444,38.2623],[-79.4394,38.2835]],[[-79.4345,37.9984],[-79.4178,38.0221],[-79.3696,38.0507],[-79.2899,38.0844],[-79.23,38.1025],[-79.19,38.1052],[-79.14,38.0963],[-79.0799,38.0757],[-79.053,38.0575],[-79.0593,38.0418],[-79.0876,38.0221],[-79.138,37.9984],[-79.1613,37.9748],[-79.1574,37.9511],[-79.1741,37.9308],[-79.2114,37.9139],[-79.2599,37.91],[-79.3198,37.919],[-79.3681,37.9314],[-79.4048,37.9472],[-79.428,37.963],[-79.4379,37.9787],[-79.4345,37.9984]]]}},{"type":"Feature","properties":{"c":"#00cc00","v0":0.25,"v1":0.5},"geometry":{"type":"Polygon","coordinates":[[[-76.1114,37.9392],[-76.0305,37.9704],[-75.915,37.9974],[-75.765,38.0202],[-75.6225,38.0518],[-75.4876,38.0924],[-75.3376,38.1267],[-75.1725,38.155],[-75.055,38.1682],[-74.985,38.1664],[-74.8978,38.1759],[-74.7933,38.1966],[-74.6833,38.2083],[-74.5678,38.211],[-74.48,38.2023],[-74.42,38.1824],[-74.355,38.1706],[-74.285,38.1671],[-74.2425,38.16],[-74.2276,38.1494],[-74.2523,38.1323],[-74.3167,38.1087],[-74.4341,38.0776],[-74.6047,38.039],[-74.74,38.0202],[-74.84,38.0214],[-75.045,38.0015],[-75.355,37.9606],[-75.565,37.9375],[-75.675,37.9322],[-75.775,37.9193],[-75.865,37.8987],[-75.965,37.8924],[-76.075,37.9003],[-76.1355,37.9091],[-76.1464,37.9187],[-76.1114,37.9392]],[[-75.8335,37.959],[-75.7824,37.9669],[-75.7734,37.963],[-75.8065,37.9472],[-75.8319,37.9393],[-75.8496,37.9393],[-75.8586,37.9433],[-75.8589,37.9511],[-75.8335,37.959]],[[-75.6346,38.0041],[-75.5249,38.0389],[-75.39,38.0586],[-75.2299,38.0631],[-75.1638,38.0575],[-75.1918,38.0418],[-75.2769,38.0173],[-75.419,37.9841],[-75.535,37.9681],[-75.625,37.9693],[-75.6749,37.974],[-75.6846,37.9824],[-75.6346,38.0041]]]}},{"type":"Feature","properties":{"c":"#00cc00","v0":0.25,"v1":0.5},"geometry":{"type":"Polygon","coordinates":[[[-82.3554,37.0697],[-82.3251,37.076],[-82.2973,37.072],[-82.2718,37.0578],[-82.2768,37.0477],[-82.3123,37.0419],[-82.3401,37.0459],[-82.3604,37.0597],[-82.3554,37.0697]]]}},{"type":"Feature","properties":{"c":"#00cc00","v0":0.25,"v1":0.5},"geometry":{"type":"Polygon","coordinates":[[[-81.5505,36.5663],[-81.5235,36.5906],[-81.4983,36.5986],[-81.4749,36.5904],[-81.4699,36.578],[-81.4833,36.5614],[-81.5085,36.5533],[-81.5455,36.5539],[-81.5505,36.5663]]]}},{"type":"Feature","properties":{"c":"#00cc00","v0":0.25,"v1":0.5},"geometry":{"type":"Polygon","coordinates":[[[-84.3243,36.0626],[-84.3101,36.0787],[-84.2647,36.1021],[-84.1882,36.1328],[-84.049,36.1732],[-83.8469,36.2233],[-83.7019,36.2698],[-83.614,36.3128],[-83.53,36.3383],[-83.45,36.3465],[-83.4001,36.3452],[-83.3803,36.3343],[-83.3803,36.3115],[-83.4001,36.2767],[-83.455,36.2502],[-83.545,36.2321],[-83.635,36.1977],[-83.725,36.1471],[-83.8257,36.105],[-83.9372,36.0713],[-84.0322,36.0453],[-84.1107,36.0269],[-84.1954,36.0269],[-84.2861,36.0453],[-84.3243,36.0626]]]}},{"type":"Feature","properties":{"c":"#00cc00","v0":0.25,"v1":0.5},"geometry":{"type":"Polygon","coordinates":[[[-83.7892,35.5353],[-83.7648,35.5353],[-83.762,35.531],[-83.7807,35.5224],[-83.7928,35.5224],[-83.7985,35.531],[-83.7892,35.5353]]]}},{"type":"Feature","properties":{"c":"#00cc00","v0":0.25,"v1":0.5},"geometry":{"type":"Polygon","coordinates":[[[-85.846,35.37],[-85.782,35.3979],[-85.725,35.4141],[-85.675,35.4185],[-85.638,35.4168],[-85.6141,35.4089],[-85.6114,35.3969],[-85.6299,35.3805],[-85.6669,35.3638],[-85.7223,35.3468],[-85.77,35.3354],[-85.81,35.3299],[-85.842,35.3344],[-85.866,35.3488],[-85.846,35.37]]]}},{"type":"Feature","properties":{"c":"#00cc00","v0":0.25,"v1":0.5},"geometry":{"type":"Polygon","coordinates":[[[-87.9398,35.0055],[-87.8933,35.0236],[-87.81,35.038],[-87.69,35.0487],[-87.6188,35.0519],[-87.5964,35.0477],[-87.5817,35.0374],[-87.5745,35.021],[-87.5744,35.0005],[-87.5813,34.9759],[-87.596,34.9575],[-87.6187,34.9452],[-87.68,34.9426],[-87.78,34.9497],[-87.8633,34.9641],[-87.9298,34.9856],[-87.9398,35.0055]]]}},{"type":"Feature","properties":{"c":"#00cc00","v0":0.25,"v1":0.5},"geometry":{"type":"Polygon","coordinates":[[[-99.6397,30.2871],[-99.6199,30.3303],[-99.585,30.3551],[-99.535,30.3616],[-99.5039,30.3703],[-99.4917,30.381],[-99.468,30.4252],[-99.4329,30.5028],[-99.4217,30.5631],[-99.4345,30.6061],[-99.4262,30.6749],[-99.3967,30.7695],[-99.354,30.8534],[-99.298,30.9265],[-99.2404,30.9737],[-99.1812,30.9949],[-99.1273,31.0698],[-99.0788,31.1982],[-99.061,31.2794],[-99.0741,31.3136],[-99.0749,31.3649],[-99.0634,31.4332],[-99.0846,31.4801],[-99.1384,31.5057],[-99.1814,31.5994],[-99.2134,31.7611],[-99.2269,31.8546],[-99.2219,31.8801],[-99.2079,31.9056],[-99.1848,31.931],[-99.1374,31.9592],[-99.0658,31.9901],[-99.0203,32.0283],[-99.001,32.0737],[-98.9815,32.1049],[-98.9618,32.1218],[-98.9365,32.1349],[-98.9055,32.1441],[-98.865,32.1348],[-98.815,32.1071],[-98.773,32.1025],[-98.7391,32.121],[-98.7229,32.143],[-98.7243,32.1684],[-98.7404,32.2065],[-98.771,32.2572],[-98.7823,32.296],[-98.7741,32.323],[-98.755,32.3381],[-98.725,32.3414],[-98.7039,32.3744],[-98.6918,32.4371],[-98.687,32.4853],[-98.6896,32.519],[-98.7073,32.5696],[-98.74,32.637],[-98.7557,32.7085],[-98.7543,32.7842],[-98.7427,32.8408],[-98.7209,32.8783],[-98.685,32.9005],[-98.635,32.9075],[-98.5916,32.9475],[-98.5547,33.0206],[-98.5191,33.1241],[-98.4847,33.258],[-98.4732,33.3359],[-98.4844,33.3578],[-98.5008,33.3703],[-98.5223,33.3735],[-98.5273,33.3942],[-98.5158,33.4327],[-98.495,33.4556],[-98.465,33.4629],[-98.41,33.5255],[-98.33,33.6433],[-98.28,33.706],[-98.26,33.7138],[-98.2418,33.6904],[-98.2255,33.6358],[-98.2034,33.5961],[-98.1758,33.5711],[-98.1898,33.5002],[-98.2456,33.3834],[-98.2686,33.2998],[-98.2589,33.2497],[-98.243,33.2291],[-98.221,33.2382],[-98.1621,33.3134],[-98.0662,33.4547],[-98.0125,33.5502],[-98.0008,33.6002],[-97.9705,33.6585],[-97.9217,33.7251],[-97.8704,33.8134],[-97.8168,33.9235],[-97.78,33.9827],[-97.76,33.9912],[-97.74,33.9877],[-97.72,33.9724],[-97.685,33.9763],[-97.635,33.9995],[-97.575,34.044],[-97.505,34.1098],[-97.4197,34.1669],[-97.319,34.2151],[-97.2658,34.2475],[-97.26,34.264],[-97.2693,34.3095],[-97.2937,34.3838],[-97.331,34.4457],[-97.3811,34.4951],[-97.4079,34.5322],[-97.4115,34.5569],[-97.398,34.594],[-97.3675,34.6434],[-97.2967,34.716],[-97.1856,34.8119],[-97.11,34.8596],[-97.07,34.8592],[-97.0352,34.8482],[-97.0057,34.8267],[-97.0057,34.7701],[-97.0352,34.6784],[-97.0702,34.6208],[-97.1106,34.5974],[-97.1516,34.5569],[-97.1932,34.4993],[-97.198,34.4516],[-97.166,34.4139],[-97.135,34.3966],[-97.105,34.3998],[-97.05,34.426],[-96.97,34.4751],[-96.875,34.5061],[-96.765,34.5192],[-96.67,34.542],[-96.59,34.5745],[-96.5,34.575],[-96.4,34.5434],[-96.325,34.5321],[-96.275,34.5413],[-96.225,34.5381],[-96.175,34.5225],[-96.148,34.4953],[-96.144,34.4567],[-96.154,34.4168],[-96.178,34.3757],[-96.205,34.3435],[-96.235,34.3202],[-96.2733,34.3243],[-96.32,34.3557],[-96.35,34.3889],[-96.3633,34.4239],[-96.38,34.4401],[-96.4,34.4375],[-96.43,34.4197],[-96.47,34.3866],[-96.52,34.355],[-96.58,34.3248],[-96.6328,34.2715],[-96.6783,34.1949],[-96.7333,34.1267],[-96.7978,34.0671],[-96.845,34.0433],[-96.875,34.0554],[-96.9046,34.0563],[-96.9338,34.0458],[-96.9507,34.0364],[-96.9553,34.0281],[-96.9423,34.0157],[-96.9118,33.9991],[-96.8899,33.9802],[-96.8766,33.9588],[-96.8528,33.9423],[-96.8185,33.9304],[-96.7924,33.9037],[-96.7745,33.8622],[-96.7876,33.8165],[-96.8315,33.7667],[-96.8676,33.709],[-96.8959,33.6434],[-96.9237,33.5351],[-96.9511,33.3839],[-96.9761,33.2868],[-96.9987,33.2439],[-97.02,33.2154],[-97.04,33.2012],[-97.075,33.1916],[-97.125,33.1866],[-97.165,33.2066],[-97.195,33.2515],[-97.22,33.2726],[-97.24,33.2699],[-97.2476,33.2408],[-97.2428,33.1853],[-97.2328,33.1525],[-97.2176,33.1423],[-97.2,33.1472],[-97.18,33.1672],[-97.16,33.1618],[-97.14,33.1312],[-97.1325,33.1054],[-97.1374,33.0844],[-97.1524,33.0673],[-97.1775,33.0542],[-97.21,33.0541],[-97.25,33.0671],[-97.32,33.0644],[-97.42,33.046],[-97.495,33.0561],[-97.545,33.0949],[-97.595,33.1049],[-97.645,33.0864],[-97.6954,33.0511],[-97.7462,32.9992],[-97.7793,32.9355],[-97.7948,32.8599],[-97.8193,32.7969],[-97.8528,32.7464],[-97.8646,32.7121],[-97.8549,32.694],[-97.83,32.6825],[-97.79,32.6776],[-97.76,32.663],[-97.74,32.6386],[-97.7348,32.5912],[-97.7444,32.5206],[-97.7302,32.4768],[-97.6924,32.46],[-97.6682,32.4431],[-97.6578,32.4262],[-97.6631,32.3882],[-97.6842,32.3291],[-97.6786,32.3055],[-97.6462,32.3176],[-97.6195,32.3218],[-97.5986,32.3182],[-97.5962,32.2868],[-97.6124,32.2276],[-97.6408,32.1811],[-97.6815,32.1472],[-97.7016,32.1049],[-97.701,32.054],[-97.7089,32.0074],[-97.7253,31.965],[-97.7026,31.9475],[-97.6409,31.955],[-97.6024,31.9422],[-97.5871,31.9093],[-97.6922,31.8079],[-97.9179,31.6377],[-98.1285,31.4246],[-98.3243,31.1683],[-98.4422,30.9798],[-98.4822,30.8597],[-98.5241,30.7731],[-98.568,30.7201],[-98.6075,30.647],[-98.6425,30.5537],[-98.6802,30.4726],[-98.7207,30.4036],[-98.745,30.326],[-98.7531,30.2396],[-98.7704,30.1857],[-98.7968,30.1643],[-98.8352,30.1557],[-98.8857,30.1598],[-98.9193,30.1229],[-98.9359,30.045],[-98.9579,29.9887],[-98.9852,29.9541],[-99.0116,29.8702],[-99.0372,29.7371],[-99.065,29.6617],[-99.095,29.6441],[-99.1238,29.6456],[-99.1515,29.6661],[-99.1699,29.7242],[-99.1789,29.8197],[-99.1965,29.9107],[-99.2228,29.9974],[-99.2022,30.071],[-99.1347,30.1315],[-99.0916,30.231],[-99.0728,30.3691],[-99.0651,30.4684],[-99.0684,30.5288],[-99.097,30.5116],[-99.1511,30.4166],[-99.1911,30.3613],[-99.217,30.3457],[-99.285,30.3296],[-99.395,30.3128],[-99.4581,30.2947],[-99.4742,30.2752],[-99.4842,30.2495],[-99.4881,30.2174],[-99.5205,30.2044],[-99.5814,30.2106],[-99.6213,30.2266],[-99.6402,30.2526],[-99.6397,30.2871]],[[-97.3229,34.5962],[-97.3143,34.6171],[-97.2686,34.6705],[-97.1859,34.7566],[-97.1359,34.805],[-97.1186,34.8159],[-97.1027,34.8201],[-97.0882,34.8173],[-97.074,34.7913],[-97.0602,34.742],[-97.0613,34.7009],[-97.0772,34.668],[-97.1114,34.6418],[-97.1638,34.6222],[-97.21,34.595],[-97.25,34.5602],[-97.28,34.5441],[-97.3,34.5469],[-97.3143,34.5576],[-97.3229,34.5764],[-97.3229,34.5962]],[[-97.471,33.9838],[-97.457,34.003],[-97.435,34.0154],[-97.405,34.0212],[-97.365,34.0412],[-97.315,34.0754],[-97.2584,34.1002],[-97.1953,34.1157],[-97.1439,34.1482],[-97.1042,34.1979],[-97.1063,34.2434],[-97.1505,34.2847],[-97.1469,34.3133],[-97.0956,34.3291],[-97.05,34.3544],[-97.01,34.3891],[-96.96,34.4164],[-96.9,34.4364],[-96.835,34.4389],[-96.765,34.4241],[-96.705,34.431],[-96.655,34.4597],[-96.615,34.4703],[-96.585,34.4628],[-96.573,34.4412],[-96.5791,34.4057],[-96.6341,34.3362],[-96.738,34.2327],[-96.8421,34.1872],[-96.9463,34.1998],[-97.0044,34.202],[-97.0165,34.1937],[-97.0222,34.1731],[-97.0217,34.14],[-97.0471,34.1151],[-97.0985,34.0986],[-97.1622,34.0613],[-97.2381,34.0033],[-97.3146,33.9588],[-97.3915,33.9278],[-97.442,33.9278],[-97.466,33.9588],[-97.471,33.9838]],[[-99.1689,29.9775],[-99.143,30.0243],[-99.12,30.0479],[-99.1,30.0485],[-99.0787,30.0381],[-99.0562,30.0167],[-99.0401,29.9714],[-99.0306,29.9021],[-99.0341,29.8283],[-99.0508,29.7502],[-99.0669,29.7018],[-99.0823,29.683],[-99.1032,29.683],[-99.1295,29.7018],[-99.1415,29.7459],[-99.1392,29.8153],[-99.1489,29.876],[-99.1709,29.9281],[-99.1689,29.9775]],[[-98.4653,32.3248],[-98.423,32.3755],[-98.3989,32.4157],[-98.393,32.4453],[-98.3604,32.4495],[-98.3012,32.4283],[-98.2702,32.4051],[-98.2676,32.3798],[-98.2722,32.3564],[-98.2841,32.335],[-98.32,32.3016],[-98.38,32.2561],[-98.42,32.2325],[-98.44,32.2309],[-98.4591,32.2474],[-98.4773,32.2821],[-98.4653,32.3248]],[[-98.3336,32.7027],[-98.2912,32.7669],[-98.24,32.8097],[-98.18,32.8313],[-98.1355,32.8329],[-98.1066,32.8145],[-98.0873,32.7927],[-98.0776,32.7674],[-98.076,32.738],[-98.0823,32.7043],[-98.0917,32.6799],[-98.1039,32.6648],[-98.1319,32.6479],[-98.1758,32.6294],[-98.2058,32.5957],[-98.2219,32.5469],[-98.2396,32.53],[-98.2588,32.5452],[-98.2738,32.5746],[-98.2846,32.6184],[-98.3062,32.6479],[-98.3386,32.6631],[-98.3336,32.7027]],[[-98.0566,32.9992],[-98.0522,33.0177],[-98.04,33.029],[-98.02,33.0331],[-98.0072,33.0155],[-98.0016,32.9761],[-98.0066,32.9556],[-98.0222,32.954],[-98.0372,32.9624],[-98.0516,32.9808],[-98.0566,32.9992]],[[-98.0192,33.2712],[-97.9864,33.3311],[-97.96,33.3563],[-97.94,33.3468],[-97.905,33.3668],[-97.855,33.4163],[-97.7943,33.4621],[-97.723,33.5042],[-97.6788,33.5794],[-97.6619,33.6876],[-97.6225,33.7783],[-97.5608,33.8513],[-97.5191,33.8845],[-97.4974,33.8779],[-97.4724,33.8398],[-97.4441,33.77],[-97.42,33.727],[-97.4,33.711],[-97.345,33.7273],[-97.255,33.776],[-97.175,33.8061],[-97.105,33.8176],[-97.0334,33.8154],[-96.9603,33.7995],[-96.9353,33.754],[-96.9584,33.6787],[-97.015,33.6193],[-97.105,33.5756],[-97.2106,33.4882],[-97.3319,33.3571],[-97.4119,33.26],[-97.4506,33.197],[-97.495,33.1779],[-97.545,33.2027],[-97.605,33.1954],[-97.675,33.1561],[-97.72,33.1206],[-97.74,33.0888],[-97.76,33.0693],[-97.78,33.0619],[-97.8166,33.0998],[-97.8698,33.183],[-97.9048,33.253],[-97.9216,33.31],[-97.9352,33.3183],[-97.9457,33.2781],[-97.9657,33.2466],[-97.9952,33.2237],[-98.0164,33.2196],[-98.0292,33.234],[-98.0192,33.2712]],[[-97.3263,33.8498],[-97.2991,33.8664],[-97.2836,33.8705],[-97.2798,33.8622],[-97.286,33.8514],[-97.302,33.838],[-97.315,33.8294],[-97.325,33.8257],[-97.3325,33.8283],[-97.3374,33.8371],[-97.3263,33.8498]],[[-97.0655,33.9991],[-97.0397,34.0157],[-97.0244,34.0199],[-97.0194,34.0116],[-97.0252,33.9977],[-97.0417,33.9781],[-97.055,33.9677],[-97.065,33.9664],[-97.0721,33.972],[-97.0763,33.9846],[-97.0655,33.9991]],[[-98.2332,32.2784],[-98.2259,32.3037],[-98.2142,32.3204],[-98.1981,32.3284],[-98.185,32.3177],[-98.175,32.2882],[-98.18,32.2668],[-98.2,32.2535],[-98.2167,32.2515],[-98.2302,32.2609],[-98.2332,32.2784]],[[-98.0138,32.6627],[-98.0113,32.6806],[-98.0,32.6937],[-97.98,32.7022],[-97.961,32.6849],[-97.943,32.6417],[-97.9543,32.6286],[-97.9948,32.6454],[-98.0138,32.6627]],[[-97.9639,32.4009],[-97.9567,32.4346],[-97.9373,32.4598],[-97.9058,32.4764],[-97.8679,32.4722],[-97.8237,32.4471],[-97.7941,32.422],[-97.7793,32.3966],[-97.7814,32.3715],[-97.8005,32.3465],[-97.825,32.326],[-97.855,32.3101],[-97.89,32.3125],[-97.93,32.3333],[-97.9544,32.3538],[-97.9631,32.3739],[-97.9639,32.4009]],[[-99.3654,30.6921],[-99.3527,30.7523],[-99.3273,30.8137],[-99.2891,30.8764],[-99.26,30.9132],[-99.24,30.9243],[-99.195,30.9327],[-99.125,30.9384],[-99.0472,30.9744],[-98.9615,31.0409],[-98.9215,31.0817],[-98.9272,31.0968],[-98.945,31.1056],[-98.975,31.108],[-99.0,31.1176],[-99.02,31.1342],[-99.0126,31.1768],[-98.9778,31.2452],[-98.9656,31.3093],[-98.9757,31.3691],[-98.9681,31.4304],[-98.9427,31.493],[-98.955,31.5369],[-99.005,31.5622],[-99.055,31.6047],[-99.105,31.6643],[-99.1366,31.7225],[-99.1497,31.7794],[-99.1497,31.8206],[-99.1366,31.8461],[-99.12,31.8637],[-99.1,31.8736],[-99.075,31.8752],[-99.045,31.8685],[-99.02,31.8688],[-99.0,31.8761],[-98.97,31.9174],[-98.93,31.9927],[-98.885,32.021],[-98.835,32.0025],[-98.795,31.993],[-98.765,31.9925],[-98.68,32.0076],[-98.54,32.0381],[-98.44,32.0719],[-98.38,32.109],[-98.33,32.1304],[-98.29,32.1361],[-98.255,32.1384],[-98.225,32.1372],[-98.185,32.1266],[-98.135,32.1068],[-98.07,32.121],[-97.99,32.169],[-97.939,32.1646],[-97.9169,32.1078],[-97.9153,32.0582],[-97.9341,32.0159],[-97.9451,31.9692],[-97.9482,31.9183],[-97.9193,31.8758],[-97.8586,31.8419],[-97.8273,31.8164],[-97.8254,31.7994],[-97.8949,31.7441],[-98.0357,31.6505],[-98.1365,31.5525],[-98.1971,31.4502],[-98.2579,31.3862],[-98.319,31.3606],[-98.3919,31.3008],[-98.4766,31.2068],[-98.5292,31.1383],[-98.5499,31.0955],[-98.5598,31.0184],[-98.5589,30.9069],[-98.5873,30.7781],[-98.6449,30.6319],[-98.6963,30.52],[-98.7416,30.4424],[-98.7675,30.3562],[-98.7741,30.2612],[-98.7855,30.2084],[-98.8018,30.198],[-98.82,30.1939],[-98.84,30.1962],[-98.87,30.2172],[-98.91,30.257],[-98.9418,30.2783],[-98.9653,30.2813],[-98.9789,30.2353],[-98.9828,30.1402],[-98.9902,30.0796],[-99.0011,30.0537],[-99.0124,30.0407],[-99.0241,30.0406],[-99.0324,30.0752],[-99.0371,30.1445],[-99.0304,30.205],[-99.0123,30.2569],[-99.0033,30.3562],[-99.0032,30.5028],[-99.0149,30.588],[-99.0383,30.6121],[-99.065,30.6238],[-99.095,30.6232],[-99.135,30.5744],[-99.185,30.4774],[-99.23,30.4232],[-99.27,30.4119],[-99.309,30.4185],[-99.3471,30.4431],[-99.3577,30.4769],[-99.3407,30.52],[-99.3421,30.5717],[-99.3619,30.6319],[-99.3654,30.6921]]]}},{"type":"Feature","properties":{"c":"#00cc00","v0":0.25,"v1":0.5},"geometry":{"type":"Polygon","coordinates":[[[-89.5637,34.6404],[-89.5412,34.651],[-89.5179,34.651],[-89.4938,34.6404],[-89.4938,34.6303],[-89.5179,34.6206],[-89.5412,34.6206],[-89.5637,34.6303],[-89.5637,34.6404]]]}},{"type":"Feature","properties":{"c":"#00cc00","v0":0.25,"v1":0.5},"geometry":{"type":"Polygon","coordinates":[[[-75.4649,34.409],[-75.4416,34.4181],[-75.4262,34.4181],[-75.4185,34.409],[-75.4235,34.3998],[-75.4412,34.3906],[-75.4566,34.3906],[-75.4699,34.3998],[-75.4649,34.409]]]}},{"type":"Feature","properties":{"c":"#00cc00","v0":0.25,"v1":0.5},"geometry":{"type":"Polygon","coordinates":[[[-87.8839,34.3431],[-87.8613,34.3527],[-87.8432,34.3527],[-87.8297,34.3431],[-87.8347,34.3343],[-87.8582,34.326],[-87.8763,34.326],[-87.8889,34.3343],[-87.8839,34.3431]]]}},{"type":"Feature","properties":{"c":"#00cc00","v0":0.25,"v1":0.5},"geometry":{"type":"Polygon","coordinates":[[[-83.6181,34.2468],[-83.5994,34.262],[-83.5797,34.2661],[-83.5592,34.2592],[-83.5542,34.2429],[-83.5647,34.2172],[-83.5844,34.2131],[-83.6131,34.2305],[-83.6181,34.2468]]]}},{"type":"Feature","properties":{"c":"#00cc00","v0":0.25,"v1":0.5},"geometry":{"type":"Polygon","coordinates":[[[-83.0935,34.2022],[-83.0778,34.2274],[-83.05,34.2429],[-83.01,34.2489],[-82.9886,34.2446],[-82.9857,34.23],[-82.9911,34.2144],[-83.0048,34.1979],[-83.0262,34.1847],[-83.0554,34.1747],[-83.0778,34.1747],[-83.0935,34.1847],[-83.0935,34.2022]]]}},{"type":"Feature","properties":{"c":"#00cc00","v0":0.25,"v1":0.5},"geometry":{"type":"Polygon","coordinates":[[[-89.7288,34.111],[-89.7166,34.1524],[-89.7004,34.1796],[-89.6801,34.1927],[-89.645,34.2007],[-89.595,34.2035],[-89.5594,34.1969],[-89.5382,34.181],[-89.53,34.1648],[-89.535,34.1482],[-89.5606,34.126],[-89.6069,34.098],[-89.65,34.0815],[-89.69,34.0765],[-89.7162,34.0781],[-89.7287,34.0862],[-89.7288,34.111]],[[-89.6814,34.1511],[-89.6605,34.1734],[-89.6349,34.1816],[-89.6046,34.1759],[-89.5996,34.1603],[-89.6199,34.1348],[-89.64,34.1207],[-89.66,34.1179],[-89.6755,34.1223],[-89.6864,34.1341],[-89.6814,34.1511]]]}},{"type":"Feature","properties":{"c":"#00cc00","v0":0.25,"v1":0.5},"geometry":{"type":"Polygon","coordinates":[[[-84.0435,33.8705],[-84.0342,33.8954],[-83.9962,33.9411],[-83.9298,34.0074],[-83.8926,34.0654],[-83.8847,34.1151],[-83.863,34.1506],[-83.8277,34.1719],[-83.7986,34.1678],[-83.7759,34.1382],[-83.7786,34.0861],[-83.8065,34.0116],[-83.8628,33.9422],[-83.9476,33.8782],[-84.0,33.8434],[-84.02,33.8379],[-84.0346,33.8408],[-84.0437,33.8523],[-84.0435,33.8705]],[[-83.851,34.1115],[-83.837,34.1209],[-83.8277,34.1209],[-83.823,34.1115],[-83.828,34.1002],[-83.8427,34.0868],[-83.852,34.0868],[-83.856,34.1002],[-83.851,34.1115]],[[-83.925,33.9656],[-83.875,34.0147],[-83.8467,34.0313],[-83.8402,34.0154],[-83.8416,33.9991],[-83.851,33.9825],[-83.8692,33.9654],[-83.8964,33.9477],[-83.92,33.9394],[-83.94,33.9405],[-83.925,33.9656]]]}},{"type":"Feature","properties":{"c":"#00cc00","v0":0.25,"v1":0.5},"geometry":{"type":"Polygon","coordinates":[[[-74.9895,34.0912],[-74.9765,34.126],[-74.955,34.1448],[-74.925,34.1474],[-74.906,34.1383],[-74.898,34.1173],[-74.898,34.0966],[-74.906,34.0762],[-74.925,34.0612],[-74.955,34.0517],[-74.9765,34.0537],[-74.9895,34.067],[-74.9895,34.0912]],[[-74.9684,34.0986],[-74.9636,34.1151],[-74.9534,34.1261],[-74.9378,34.1314],[-74.93,34.1211],[-74.93,34.095],[-74.9402,34.0841],[-74.9606,34.0882],[-74.9684,34.0986]]]}},{"type":"Feature","properties":{"c":"#00cc00","v0":0.25,"v1":0.5},"geometry":{"type":"Polygon","coordinates":[[[-83.4409,33.9958],[-83.4336,34.039],[-83.415,34.0687],[-83.385,34.0851],[-83.3605,34.0718],[-83.3416,34.0289],[-83.3602,33.9991],[-83.4164,33.9825],[-83.4409,33.9958]]]}},{"type":"Feature","properties":{"c":"#00cc00","v0":0.25,"v1":0.5},"geometry":{"type":"Polygon","coordinates":[[[-75.7773,33.8317],[-75.7591,33.8453],[-75.73,33.8557],[-75.69,33.8628],[-75.65,33.8891],[-75.61,33.9345],[-75.58,33.9596],[-75.56,33.9642],[-75.5364,33.9601],[-75.5093,33.9474],[-75.5043,33.9245],[-75.5214,33.8913],[-75.5599,33.8716],[-75.62,33.8653],[-75.66,33.8451],[-75.68,33.8108],[-75.7,33.7873],[-75.72,33.7746],[-75.74,33.7725],[-75.76,33.781],[-75.7741,33.7952],[-75.7823,33.815],[-75.7773,33.8317]],[[-75.5838,33.9138],[-75.5613,33.9256],[-75.5463,33.9256],[-75.539,33.9138],[-75.544,33.9021],[-75.5613,33.8905],[-75.5763,33.8905],[-75.5888,33.9021],[-75.5838,33.9138]]]}},{"type":"Feature","properties":{"c":"#00cc00","v0":0.25,"v1":0.5},"geometry":{"type":"Polygon","coordinates":[[[-75.3008,33.8539],[-75.2756,33.8788],[-75.2347,33.9],[-75.1782,33.9175],[-75.17,33.9051],[-75.21,33.8627],[-75.2509,33.8414],[-75.2926,33.8414],[-75.3008,33.8539]]]}},{"type":"Feature","properties":{"c":"#00cc00","v0":0.25,"v1":0.5},"geometry":{"type":"Polygon","coordinates":[[[-77.2157,33.1615],[-77.1852,33.2029],[-77.145,33.2307],[-77.095,33.2451],[-77.055,33.2672],[-77.025,33.2971],[-76.97,33.332],[-76.89,33.3718],[-76.8414,33.3876],[-76.8243,33.3792],[-76.8243,33.347],[-76.8414,33.2908],[-76.829,33.2783],[-76.7869,33.3094],[-76.7557,33.3667],[-76.7352,33.4502],[-76.7511,33.5044],[-76.8033,33.5294],[-76.8211,33.5544],[-76.8043,33.5794],[-76.7595,33.5944],[-76.6865,33.5995],[-76.6284,33.6203],[-76.5853,33.6569],[-76.5584,33.6918],[-76.5476,33.7251],[-76.5291,33.7504],[-76.503,33.7677],[-76.4349,33.7802],[-76.3247,33.7878],[-76.2697,33.778],[-76.2699,33.7509],[-76.2864,33.7301],[-76.3191,33.7157],[-76.3291,33.7024],[-76.3164,33.6902],[-76.285,33.6812],[-76.235,33.6755],[-76.2054,33.6649],[-76.1961,33.6496],[-76.2453,33.6085],[-76.3529,33.5419],[-76.4172,33.4877],[-76.4383,33.446],[-76.4648,33.4126],[-76.4967,33.3875],[-76.5264,33.3541],[-76.5541,33.3124],[-76.5815,33.2956],[-76.6086,33.304],[-76.6292,33.323],[-76.6431,33.3526],[-76.6492,33.3484],[-76.6476,33.3104],[-76.6623,33.2789],[-76.6933,33.2538],[-76.7291,33.2346],[-76.7697,33.2212],[-76.805,33.2248],[-76.835,33.2452],[-76.8577,33.2435],[-76.8731,33.2197],[-76.8686,33.1911],[-76.8441,33.1576],[-76.8364,33.1267],[-76.8455,33.0984],[-76.875,33.0712],[-76.925,33.0449],[-76.965,33.0351],[-76.995,33.0419],[-77.0174,33.0608],[-77.0321,33.0918],[-77.0293,33.1241],[-77.0089,33.1576],[-77.0015,33.1789],[-77.0072,33.1881],[-77.025,33.19],[-77.055,33.1847],[-77.09,33.1595],[-77.13,33.1146],[-77.165,33.0941],[-77.195,33.0981],[-77.2152,33.1103],[-77.2257,33.1307],[-77.2157,33.1615]],[[-77.2038,33.1561],[-77.1813,33.1864],[-77.155,33.2032],[-77.1251,33.2063],[-77.1201,33.1847],[-77.14,33.1383],[-77.16,33.1135],[-77.18,33.1102],[-77.1963,33.1167],[-77.2088,33.1328],[-77.2038,33.1561]],[[-77.0094,33.2566],[-76.9965,33.2872],[-76.97,33.3074],[-76.93,33.3171],[-76.91,33.3011],[-76.91,33.2593],[-76.92,33.2336],[-76.94,33.2238],[-76.9665,33.2245],[-76.9994,33.2357],[-77.0094,33.2566]],[[-76.7751,33.2664],[-76.745,33.2833],[-76.7264,33.2875],[-76.7191,33.279],[-76.7241,33.2694],[-76.7414,33.2588],[-76.76,33.2546],[-76.7801,33.2569],[-76.7751,33.2664]],[[-76.761,33.5634],[-76.7403,33.573],[-76.7251,33.573],[-76.7152,33.5634],[-76.7202,33.5545],[-76.7401,33.5465],[-76.7553,33.5465],[-76.766,33.5545],[-76.761,33.5634]],[[-76.693,33.4668],[-76.6389,33.5169],[-76.6122,33.5586],[-76.6129,33.5919],[-76.5917,33.6252],[-76.5485,33.6585],[-76.5176,33.6961],[-76.4992,33.7381],[-76.4722,33.7588],[-76.4365,33.7585],[-76.4015,33.7341],[-76.3672,33.6855],[-76.3256,33.6522],[-76.2767,33.6342],[-76.2981,33.5961],[-76.39,33.5377],[-76.4496,33.4877],[-76.4767,33.446],[-76.5102,33.411],[-76.5501,33.3827],[-76.5769,33.3744],[-76.5907,33.3859],[-76.5956,33.4042],[-76.5916,33.4293],[-76.5946,33.446],[-76.6045,33.4543],[-76.6296,33.4511],[-76.6699,33.4363],[-76.6975,33.4321],[-76.7126,33.4386],[-76.693,33.4668]],[[-77.0046,33.1157],[-76.9984,33.1325],[-76.984,33.1476],[-76.9613,33.161],[-76.9301,33.161],[-76.8904,33.1476],[-76.8713,33.1325],[-76.8729,33.1157],[-76.8928,33.0952],[-76.9309,33.0709],[-76.96,33.0615],[-76.98,33.0669],[-76.9944,33.079],[-77.0033,33.0979],[-77.0046,33.1157]]]}},{"type":"Feature","properties":{"c":"#00cc00","v0":0.25,"v1":0.5},"geometry":{"type":"Polygon","coordinates":[[[-75.5496,33.7662],[-75.5365,33.782],[-75.5215,33.7862],[-75.5044,33.7787],[-75.4994,33.77],[-75.5065,33.76],[-75.5215,33.7558],[-75.5446,33.7575],[-75.5496,33.7662]]]}},{"type":"Feature","properties":{"c":"#00cc00","v0":0.25,"v1":0.5},"geometry":{"type":"Polygon","coordinates":[[[-76.0126,33.7641],[-75.9842,33.7756],[-75.9589,33.7714],[-75.9368,33.7516],[-75.9418,33.7373],[-75.9739,33.7285],[-75.9992,33.7327],[-76.0176,33.7498],[-76.0126,33.7641]]]}},{"type":"Feature","properties":{"c":"#00cc00","v0":0.25,"v1":0.5},"geometry":{"type":"Polygon","coordinates":[[[-97.5835,31.4971],[-97.5755,31.5227],[-97.5561,31.5503],[-97.5254,31.5798],[-97.47,31.6817],[-97.39,31.8558],[-97.3259,31.9515],[-97.2778,31.9689],[-97.2428,31.9912],[-97.2209,32.0182],[-97.195,32.0276],[-97.165,32.0194],[-97.125,32.0241],[-97.075,32.0417],[-97.03,32.047],[-96.99,32.04],[-96.9544,32.0557],[-96.9231,32.0941],[-96.9059,32.1303],[-96.903,32.1641],[-96.8887,32.2046],[-96.8629,32.2518],[-96.815,32.3099],[-96.745,32.3789],[-96.68,32.4307],[-96.62,32.4653],[-96.52,32.4888],[-96.38,32.5011],[-96.2892,32.5313],[-96.2475,32.5793],[-96.2146,32.6286],[-96.1905,32.6791],[-96.1841,32.7296],[-96.1953,32.78],[-96.1932,32.8101],[-96.1777,32.8198],[-96.16,32.8202],[-96.14,32.8112],[-96.1196,32.8106],[-96.0988,32.8182],[-96.0629,32.8809],[-96.012,32.9984],[-95.9824,33.0856],[-95.9741,33.1427],[-95.95,33.1746],[-95.91,33.1815],[-95.86,33.2067],[-95.8,33.2501],[-95.75,33.2703],[-95.71,33.2671],[-95.6812,33.2595],[-95.6635,33.2474],[-95.6519,33.2329],[-95.6464,33.2162],[-95.6521,33.1869],[-95.6689,33.145],[-95.6529,33.0613],[-95.6042,32.9355],[-95.585,32.8095],[-95.5953,32.6833],[-95.5829,32.6143],[-95.5476,32.6026],[-95.518,32.6026],[-95.494,32.6143],[-95.469,32.6406],[-95.443,32.6816],[-95.4,32.7057],[-95.34,32.7128],[-95.285,32.7501],[-95.235,32.8174],[-95.195,32.8539],[-95.165,32.8596],[-95.115,32.8529],[-95.045,32.8336],[-94.99,32.8298],[-94.95,32.8413],[-94.9149,32.8871],[-94.8846,32.9669],[-94.8782,33.0319],[-94.8957,33.0822],[-94.8858,33.1361],[-94.8486,33.1935],[-94.8138,33.2228],[-94.7814,33.224],[-94.7327,33.2078],[-94.6679,33.1744],[-94.6332,33.1492],[-94.6289,33.1325],[-94.6431,33.1074],[-94.6759,33.0738],[-94.6868,33.0487],[-94.6758,33.0319],[-94.6452,33.0355],[-94.5951,33.0594],[-94.55,33.0658],[-94.51,33.0547],[-94.4837,33.0637],[-94.4711,33.0928],[-94.4722,33.1241],[-94.487,33.1576],[-94.4924,33.2078],[-94.4883,33.2747],[-94.4372,33.3441],[-94.3391,33.4159],[-94.27,33.4586],[-94.23,33.4722],[-94.195,33.4696],[-94.165,33.4508],[-94.105,33.4582],[-94.015,33.4918],[-93.9395,33.5503],[-93.8784,33.6335],[-93.8334,33.6756],[-93.8045,33.6766],[-93.7824,33.6724],[-93.7672,33.6632],[-93.7472,33.6258],[-93.7224,33.5603],[-93.695,33.5145],[-93.665,33.4883],[-93.68,33.4632],[-93.74,33.4392],[-93.78,33.4003],[-93.8,33.3466],[-93.835,33.3007],[-93.885,33.2626],[-93.9084,33.2096],[-93.9052,33.1414],[-93.9307,33.0613],[-93.9848,32.969],[-94.0352,32.9061],[-94.0818,32.8725],[-94.1294,32.8179],[-94.178,32.7422],[-94.2592,32.6383],[-94.3731,32.5059],[-94.465,32.4247],[-94.535,32.3948],[-94.61,32.3872],[-94.69,32.402],[-94.7851,32.3735],[-94.8952,32.3016],[-94.9782,32.2361],[-95.0342,32.1768],[-95.0684,32.1133],[-95.0807,32.0455],[-95.1427,31.9489],[-95.2542,31.8235],[-95.32,31.7588],[-95.34,31.755],[-95.37,31.7638],[-95.41,31.7851],[-95.455,31.7817],[-95.505,31.7536],[-95.555,31.7383],[-95.605,31.7359],[-95.67,31.7178],[-95.75,31.6841],[-95.8005,31.6812],[-95.8215,31.709],[-95.8415,31.7256],[-95.8605,31.731],[-95.93,31.7115],[-96.05,31.6671],[-96.1089,31.6303],[-96.1066,31.6012],[-96.1216,31.583],[-96.1539,31.5758],[-96.24,31.5809],[-96.38,31.5983],[-96.49,31.6278],[-96.57,31.6693],[-96.6152,31.6727],[-96.6256,31.638],[-96.6456,31.6191],[-96.6752,31.616],[-96.72,31.6323],[-96.78,31.6681],[-96.845,31.6663],[-96.915,31.6271],[-96.9567,31.598],[-96.97,31.5791],[-96.9754,31.5227],[-96.9729,31.4289],[-96.9829,31.3435],[-97.0053,31.2666],[-97.0299,31.221],[-97.0566,31.2067],[-97.1089,31.2024],[-97.1868,31.2082],[-97.2247,31.1683],[-97.2226,31.0826],[-97.2147,31.0184],[-97.2009,30.9755],[-97.198,30.9508],[-97.206,30.9444],[-97.245,30.9506],[-97.315,30.9695],[-97.3527,30.9642],[-97.358,30.9346],[-97.373,30.9111],[-97.3977,30.8938],[-97.415,30.8855],[-97.425,30.8863],[-97.4443,30.9121],[-97.4729,30.963],[-97.4833,31.0098],[-97.4757,31.0527],[-97.4881,31.0998],[-97.5204,31.1511],[-97.5149,31.2255],[-97.4716,31.3228],[-97.4754,31.3825],[-97.5261,31.4049],[-97.5605,31.4332],[-97.5785,31.4673],[-97.5835,31.4971]],[[-94.4352,33.2622],[-94.4317,33.2705],[-94.42,33.275],[-94.4,33.2757],[-94.3843,33.2966],[-94.3729,33.3378],[-94.3579,33.3684],[-94.3393,33.3885],[-94.315,33.4026],[-94.285,33.4107],[-94.245,33.4034],[-94.195,33.3807],[-94.15,33.3854],[-94.11,33.4176],[-94.055,33.4469],[-93.985,33.4731],[-93.92,33.5261],[-93.86,33.6056],[-93.815,33.64],[-93.785,33.6293],[-93.7636,33.6076],[-93.7508,33.5749],[-93.7479,33.5419],[-93.7549,33.5085],[-93.7845,33.4502],[-93.8365,33.3667],[-93.8924,33.304],[-93.9522,33.2622],[-93.9805,33.2162],[-93.9774,33.166],[-93.9814,33.1409],[-93.9926,33.1409],[-94.0021,33.1534],[-94.01,33.1785],[-94.0329,33.1902],[-94.071,33.1883],[-94.1022,33.1799],[-94.1267,33.165],[-94.1367,33.145],[-94.1321,33.1199],[-94.1399,33.0997],[-94.16,33.0842],[-94.1816,33.0842],[-94.2049,33.0997],[-94.2162,33.1157],[-94.2156,33.1325],[-94.229,33.1499],[-94.2563,33.1681],[-94.295,33.1792],[-94.345,33.1833],[-94.3867,33.2035],[-94.4202,33.2398],[-94.4352,33.2622]],[[-97.5053,31.5805],[-97.3884,31.7724],[-97.3168,31.8659],[-97.2903,31.8612],[-97.2453,31.8222],[-97.1818,31.7489],[-97.14,31.7188],[-97.12,31.7319],[-97.1,31.7701],[-97.08,31.8335],[-97.03,31.8729],[-96.95,31.8884],[-96.8977,31.8911],[-96.8732,31.8809],[-96.8705,31.8334],[-96.8896,31.7484],[-96.9293,31.6718],[-96.9897,31.6037],[-97.0137,31.5355],[-97.0016,31.4673],[-97.0116,31.4118],[-97.0438,31.3691],[-97.0625,31.3293],[-97.0675,31.2925],[-97.085,31.2665],[-97.115,31.2515],[-97.15,31.2505],[-97.19,31.2637],[-97.23,31.2665],[-97.27,31.2591],[-97.305,31.263],[-97.335,31.2784],[-97.3558,31.2716],[-97.3674,31.2426],[-97.3707,31.2153],[-97.3657,31.1897],[-97.3549,31.1721],[-97.3383,31.1628],[-97.325,31.1739],[-97.315,31.2055],[-97.2996,31.2102],[-97.2789,31.188],[-97.2739,31.1396],[-97.2846,31.0651],[-97.305,31.0381],[-97.335,31.0585],[-97.37,31.0728],[-97.41,31.081],[-97.4434,31.108],[-97.4701,31.1539],[-97.4651,31.2099],[-97.4284,31.2759],[-97.37,31.3339],[-97.29,31.3837],[-97.255,31.4422],[-97.265,31.5093],[-97.285,31.5383],[-97.315,31.5293],[-97.345,31.503],[-97.375,31.4597],[-97.4,31.4328],[-97.42,31.4224],[-97.455,31.4197],[-97.505,31.4247],[-97.5384,31.4414],[-97.5553,31.47],[-97.5053,31.5805]],[[-96.8626,31.9819],[-96.857,32.0243],[-96.8472,32.0582],[-96.8333,32.0837],[-96.8123,32.1045],[-96.7841,32.1207],[-96.7688,32.1504],[-96.7663,32.1934],[-96.7513,32.2304],[-96.7238,32.2614],[-96.655,32.2908],[-96.545,32.3187],[-96.475,32.3447],[-96.445,32.3689],[-96.405,32.3889],[-96.355,32.4048],[-96.32,32.4193],[-96.3,32.4326],[-96.2767,32.4634],[-96.2501,32.5117],[-96.2151,32.5531],[-96.1717,32.5876],[-96.1207,32.6844],[-96.062,32.8435],[-96.012,32.9554],[-95.9707,33.0204],[-95.9485,33.0707],[-95.9456,33.1063],[-95.9106,33.145],[-95.8435,33.1869],[-95.7829,33.212],[-95.7287,33.2204],[-95.7062,33.1953],[-95.7153,33.1367],[-95.7068,33.0906],[-95.6806,33.0571],[-95.6636,33.0152],[-95.6556,32.9648],[-95.6562,32.9359],[-95.6654,32.9283],[-95.6915,32.9325],[-95.7346,32.9485],[-95.7616,32.9439],[-95.7727,32.9187],[-95.7961,32.9046],[-95.832,32.9018],[-95.8595,32.885],[-95.8785,32.8543],[-95.8785,32.8273],[-95.8595,32.804],[-95.835,32.7937],[-95.805,32.7962],[-95.775,32.7904],[-95.745,32.7763],[-95.715,32.7735],[-95.685,32.782],[-95.6626,32.7742],[-95.6478,32.7501],[-95.6415,32.7254],[-95.6436,32.7001],[-95.651,32.683],[-95.6637,32.674],[-95.685,32.6803],[-95.715,32.7019],[-95.755,32.7142],[-95.805,32.7172],[-95.8541,32.6731],[-95.9023,32.5816],[-95.946,32.5148],[-95.985,32.4726],[-95.9909,32.4399],[-95.9636,32.4166],[-95.92,32.393],[-95.86,32.3692],[-95.785,32.3598],[-95.695,32.3647],[-95.6453,32.3629],[-95.636,32.3544],[-95.641,32.3401],[-95.6603,32.3198],[-95.7316,32.2902],[-95.8549,32.2513],[-95.9058,32.1853],[-95.8842,32.0921],[-95.8737,32.0159],[-95.8744,31.9565],[-95.8887,31.8843],[-95.9165,31.7994],[-95.9503,31.7453],[-95.9901,31.7222],[-96.055,31.701],[-96.145,31.6818],[-96.1943,31.6593],[-96.203,31.6336],[-96.213,31.6188],[-96.2243,31.6149],[-96.26,31.6206],[-96.32,31.6358],[-96.365,31.6398],[-96.395,31.6327],[-96.425,31.632],[-96.455,31.638],[-96.51,31.678],[-96.59,31.752],[-96.645,31.784],[-96.675,31.7741],[-96.7,31.7489],[-96.72,31.7085],[-96.7413,31.6969],[-96.7639,31.7142],[-96.7803,31.7484],[-96.7904,31.7994],[-96.813,31.8588],[-96.8479,31.9268],[-96.8626,31.9819]],[[-95.2728,32.1595],[-95.2576,32.1842],[-95.2288,32.1969],[-95.1864,32.1976],[-95.1685,32.1895],[-95.1748,32.1726],[-95.196,32.154],[-95.232,32.1337],[-95.2576,32.1295],[-95.2728,32.1413],[-95.2728,32.1595]],[[-95.1922,32.5359],[-95.1649,32.6033],[-95.0888,32.6791],[-94.9639,32.7632],[-94.8836,32.8036],[-94.8479,32.8003],[-94.8198,32.7793],[-94.7994,32.7405],[-94.7881,32.7043],[-94.7858,32.6707],[-94.791,32.6434],[-94.8037,32.6226],[-94.8348,32.5974],[-94.8845,32.5676],[-94.9243,32.5232],[-94.9541,32.4642],[-95.0043,32.417],[-95.0748,32.3817],[-95.1084,32.3817],[-95.1051,32.417],[-95.1251,32.4409],[-95.1684,32.4533],[-95.194,32.4702],[-95.2019,32.4915],[-95.1922,32.5359]],[[-94.6703,32.6301],[-94.6434,32.6837],[-94.6279,32.7342],[-94.6237,32.7816],[-94.6277,32.8263],[-94.6401,32.8683],[-94.6372,32.9054],[-94.6191,32.9378],[-94.6,32.9574],[-94.58,32.9644],[-94.55,32.9554],[-94.51,32.9304],[-94.4719,32.9569],[-94.4358,33.0349],[-94.4108,33.0786],[-94.3969,33.088],[-94.3659,33.088],[-94.3176,33.0786],[-94.2826,33.0569],[-94.2609,33.023],[-94.225,33.0105],[-94.175,33.0194],[-94.15,33.0123],[-94.15,32.9892],[-94.1669,32.943],[-94.2007,32.8736],[-94.2507,32.7972],[-94.3169,32.7138],[-94.4022,32.6422],[-94.5065,32.5826],[-94.5615,32.5258],[-94.5672,32.4719],[-94.5807,32.4508],[-94.6022,32.4625],[-94.6306,32.5021],[-94.666,32.5696],[-94.6703,32.6301]],[[-97.445,31.0055],[-97.4275,31.0055],[-97.4166,30.9945],[-97.4122,30.9723],[-97.4209,30.9723],[-97.4427,30.9945],[-97.445,31.0055]],[[-95.7819,31.9694],[-95.774,31.9867],[-95.7565,31.9951],[-95.7295,31.9948],[-95.7195,31.985],[-95.7265,31.9657],[-95.74,31.9534],[-95.76,31.948],[-95.774,31.9491],[-95.7819,31.9569],[-95.7819,31.9694]],[[-95.8081,32.5613],[-95.796,32.5784],[-95.775,32.5917],[-95.745,32.6012],[-95.7133,32.5969],[-95.6798,32.5787],[-95.6648,32.562],[-95.6683,32.5468],[-95.68,32.5338],[-95.7,32.5229],[-95.735,32.5215],[-95.785,32.5298],[-95.811,32.5386],[-95.8131,32.548],[-95.8081,32.5613]]]}},{"type":"Feature","properties":{"c":"#00cc00","v0":0.25,"v1":0.5},"geometry":{"type":"Polygon","coordinates":[[[-84.7701,33.574],[-84.7567,33.6049],[-84.734,33.6215],[-84.7019,33.624],[-84.6834,33.6169],[-84.6785,33.6002],[-84.6845,33.5773],[-84.7015,33.5482],[-84.72,33.5297],[-84.74,33.5219],[-84.7567,33.5281],[-84.7701,33.5484],[-84.7701,33.574]],[[-84.739,33.5794],[-84.7307,33.5877],[-84.7274,33.5836],[-84.729,33.5669],[-84.7331,33.5627],[-84.7398,33.5711],[-84.739,33.5794]]]}},{"type":"Feature","properties":{"c":"#00cc00","v0":0.25,"v1":0.5},"geometry":{"type":"Polygon","coordinates":[[[-84.8941,33.4378],[-84.878,33.463],[-84.8584,33.4714],[-84.8353,33.4628],[-84.8303,33.4412],[-84.8434,33.4066],[-84.86,33.3883],[-84.88,33.3863],[-84.893,33.3952],[-84.8991,33.4151],[-84.8941,33.4378]]]}},{"type":"Feature","properties":{"c":"#00cc00","v0":0.25,"v1":0.5},"geometry":{"type":"Polygon","coordinates":[[[-83.258,33.3821],[-83.2393,33.3964],[-83.2238,33.4006],[-83.2115,33.3947],[-83.2115,33.3855],[-83.2238,33.3729],[-83.2393,33.3688],[-83.258,33.3729],[-83.258,33.3821]]]}},{"type":"Feature","properties":{"c":"#00cc00","v0":0.25,"v1":0.5},"geometry":{"type":"Polygon","coordinates":[[[-76.4902,33.2775],[-76.4767,33.2829],[-76.4644,33.2788],[-76.4533,33.2649],[-76.4533,33.2555],[-76.4644,33.2505],[-76.4767,33.2546],[-76.4902,33.268],[-76.4902,33.2775]]]}},{"type":"Feature","properties":{"c":"#00cc00","v0":0.25,"v1":0.5},"geometry":{"type":"Polygon","coordinates":[[[-77.7313,32.9596],[-77.6638,32.9993],[-77.6171,33.0203],[-77.5913,33.0225],[-77.5763,33.0131],[-77.5721,32.9921],[-77.5546,32.9963],[-77.5238,33.0256],[-77.4738,33.0528],[-77.4046,33.0777],[-77.36,33.0914],[-77.34,33.094],[-77.324,33.0899],[-77.312,33.0792],[-77.3192,33.0319],[-77.3454,32.948],[-77.3714,32.8945],[-77.3971,32.8712],[-77.42,32.8683],[-77.44,32.8857],[-77.49,32.8967],[-77.57,32.9015],[-77.61,32.921],[-77.61,32.9552],[-77.64,32.9608],[-77.7,32.9376],[-77.7388,32.9295],[-77.7563,32.9363],[-77.7313,32.9596]],[[-77.4682,32.9732],[-77.4539,33.0068],[-77.4226,33.0354],[-77.3742,33.0591],[-77.35,33.0587],[-77.35,33.034],[-77.37,33.005],[-77.41,32.9717],[-77.4413,32.9554],[-77.464,32.9561],[-77.4682,32.9732]]]}},{"type":"Feature","properties":{"c":"#00cc00","v0":0.25,"v1":0.5},"geometry":{"type":"Polygon","coordinates":[[[-94.3923,32.9991],[-94.3774,33.0174],[-94.3532,33.0174],[-94.3196,32.9991],[-94.3146,32.9763],[-94.3382,32.9489],[-94.3605,32.9405],[-94.3814,32.9511],[-94.3938,32.9648],[-94.3978,32.9816],[-94.3923,32.9991]]]}},{"type":"Feature","properties":{"c":"#00cc00","v0":0.25,"v1":0.5},"geometry":{"type":"Polygon","coordinates":[[[-78.833,32.8818],[-78.8177,32.9003],[-78.765,32.9225],[-78.675,32.9483],[-78.6,32.9548],[-78.54,32.942],[-78.495,32.9268],[-78.465,32.9093],[-78.435,32.9002],[-78.405,32.8995],[-78.3843,32.8756],[-78.3728,32.8287],[-78.3828,32.7908],[-78.4143,32.7618],[-78.465,32.7459],[-78.535,32.7433],[-78.63,32.7644],[-78.75,32.8094],[-78.8177,32.842],[-78.833,32.8623],[-78.833,32.8818]],[[-78.7014,32.8824],[-78.6805,32.9024],[-78.66,32.913],[-78.64,32.9143],[-78.58,32.8971],[-78.48,32.8613],[-78.4286,32.8339],[-78.4257,32.8148],[-78.4357,32.7993],[-78.4586,32.7874],[-78.505,32.7863],[-78.575,32.7961],[-78.6308,32.8105],[-78.6723,32.8294],[-78.6978,32.8473],[-78.7072,32.8641],[-78.7014,32.8824]]]}},{"type":"Feature","properties":{"c":"#00cc00","v0":0.25,"v1":0.5},"geometry":{"type":"Polygon","coordinates":[[[-77.0678,32.929],[-77.0559,32.9411],[-77.04,32.9451],[-77.02,32.941],[-77.0006,32.9182],[-76.9817,32.8765],[-76.9817,32.855],[-77.0006,32.8537],[-77.0259,32.8705],[-77.0578,32.9054],[-77.0678,32.929]]]}},{"type":"Feature","properties":{"c":"#00cc00","v0":0.25,"v1":0.5},"geometry":{"type":"Polygon","coordinates":[[[-94.5742,32.8487],[-94.5714,32.8684],[-94.555,32.8827],[-94.525,32.8916],[-94.4996,32.8776],[-94.4787,32.8406],[-94.4737,32.8076],[-94.4846,32.7785],[-94.5,32.7637],[-94.52,32.7631],[-94.5414,32.7819],[-94.5642,32.8199],[-94.5742,32.8487]]]}},{"type":"Feature","properties":{"c":"#00cc00","v0":0.25,"v1":0.5},"geometry":{"type":"Polygon","coordinates":[[[-79.1904,32.4684],[-79.1702,32.5021],[-79.164,32.5359],[-79.172,32.5696],[-79.1645,32.6216],[-79.1415,32.6917],[-79.1207,32.7212],[-79.1022,32.7099],[-79.0972,32.6847],[-79.1057,32.6455],[-79.095,32.6268],[-79.065,32.6286],[-79.03,32.6454],[-78.99,32.6771],[-78.9613,32.6874],[-78.9439,32.6763],[-78.9335,32.6538],[-78.9301,32.6201],[-78.9138,32.5913],[-78.8846,32.5673],[-78.81,32.5721],[-78.69,32.6055],[-78.6,32.6187],[-78.54,32.6117],[-78.5026,32.6027],[-78.4878,32.5919],[-78.4877,32.5654],[-78.5022,32.5232],[-78.5572,32.4431],[-78.6528,32.3248],[-78.7037,32.2488],[-78.7098,32.2149],[-78.6971,32.1938],[-78.6657,32.1853],[-78.6482,32.1684],[-78.6445,32.143],[-78.6513,32.1133],[-78.6687,32.0794],[-78.6906,32.0516],[-78.7169,32.0299],[-78.76,32.0253],[-78.82,32.0378],[-78.87,32.0329],[-78.91,32.0107],[-78.96,32.0027],[-79.02,32.0089],[-79.0521,32.0204],[-79.0562,32.0372],[-79.0351,32.0794],[-78.9886,32.1472],[-78.9593,32.2065],[-78.9472,32.2572],[-78.9534,32.3026],[-78.9778,32.3425],[-79.005,32.3587],[-79.035,32.3511],[-79.0661,32.3353],[-79.0983,32.3114],[-79.1248,32.2995],[-79.1457,32.2995],[-79.1604,32.3079],[-79.1692,32.3248],[-79.1702,32.3502],[-79.1635,32.384],[-79.1702,32.4135],[-79.1904,32.4389],[-79.1904,32.4684]],[[-79.1442,32.384],[-79.1272,32.4853],[-79.1115,32.5447],[-79.0972,32.5624],[-79.055,32.5639],[-78.985,32.5493],[-78.935,32.5262],[-78.905,32.4946],[-78.86,32.4779],[-78.8,32.4759],[-78.7629,32.486],[-78.7487,32.508],[-78.7287,32.5242],[-78.7029,32.5347],[-78.6724,32.5347],[-78.6373,32.5242],[-78.632,32.5021],[-78.6566,32.4684],[-78.6679,32.4304],[-78.6658,32.3882],[-78.6861,32.3493],[-78.7287,32.3137],[-78.76,32.2654],[-78.78,32.2042],[-78.8147,32.1713],[-78.8641,32.1665],[-78.9041,32.1408],[-78.9347,32.094],[-78.9536,32.0813],[-78.9607,32.1026],[-78.9463,32.1303],[-78.9104,32.1641],[-78.8927,32.1938],[-78.8931,32.2191],[-78.8812,32.253],[-78.857,32.2953],[-78.8472,32.3417],[-78.8516,32.3924],[-78.8679,32.4269],[-78.896,32.4451],[-78.965,32.4198],[-79.075,32.351],[-79.1357,32.3208],[-79.1471,32.3291],[-79.1442,32.384]],[[-78.796,32.1194],[-78.792,32.1315],[-78.775,32.1395],[-78.745,32.1432],[-78.7222,32.1414],[-78.7065,32.134],[-78.6961,32.1218],[-78.691,32.1049],[-78.6938,32.0869],[-78.7046,32.068],[-78.72,32.0548],[-78.74,32.0474],[-78.762,32.061],[-78.786,32.0959],[-78.796,32.1194]]]}},{"type":"Feature","properties":{"c":"#00cc00","v0":0.25,"v1":0.5},"geometry":{"type":"Polygon","coordinates":[[[-97.2927,32.4958],[-97.2776,32.5169],[-97.2556,32.5211],[-97.2269,32.5085],[-97.2102,32.4937],[-97.2058,32.4768],[-97.2102,32.456],[-97.2234,32.4312],[-97.2458,32.4227],[-97.2774,32.4307],[-97.2949,32.4473],[-97.2985,32.4726],[-97.2927,32.4958]]]}},{"type":"Feature","properties":{"c":"#00cc00","v0":0.25,"v1":0.5},"geometry":{"type":"Polygon","coordinates":[[[-98.8689,32.4563],[-98.8563,32.4658],[-98.8444,32.4616],[-98.8333,32.4436],[-98.8396,32.4389],[-98.8633,32.4473],[-98.8689,32.4563]]]}},{"type":"Feature","properties":{"c":"#00cc00","v0":0.25,"v1":0.5},"geometry":{"type":"Polygon","coordinates":[[[-79.968,32.4286],[-79.9427,32.4504],[-79.9183,32.4588],[-79.8949,32.454],[-79.8949,32.4376],[-79.9183,32.4097],[-79.94,32.3963],[-79.96,32.3976],[-79.9727,32.4031],[-79.978,32.4129],[-79.968,32.4286]]]}},{"type":"Feature","properties":{"c":"#00cc00","v0":0.25,"v1":0.5},"geometry":{"type":"Polygon","coordinates":[[[-97.5196,32.3842],[-97.4732,32.4184],[-97.438,32.4311],[-97.414,32.4222],[-97.429,32.4008],[-97.483,32.367],[-97.5174,32.3501],[-97.5322,32.3502],[-97.5404,32.3544],[-97.542,32.3629],[-97.5196,32.3842]]]}},{"type":"Feature","properties":{"c":"#00cc00","v0":0.25,"v1":0.5},"geometry":{"type":"Polygon","coordinates":[[[-96.0404,32.3198],[-96.0335,32.3265],[-96.0238,32.3265],[-96.0114,32.3198],[-96.0149,32.3164],[-96.0342,32.3164],[-96.0404,32.3198]]]}},{"type":"Feature","properties":{"c":"#00cc00","v0":0.25,"v1":0.5},"geometry":{"type":"Polygon","coordinates":[[[-79.8668,31.6975],[-79.8423,31.749],[-79.8,31.7831],[-79.74,31.7999],[-79.683,31.8294],[-79.6291,31.8717],[-79.5998,31.914],[-79.5951,31.9565],[-79.5733,31.9947],[-79.5345,32.0286],[-79.5038,32.0743],[-79.4813,32.1319],[-79.455,32.1636],[-79.425,32.1694],[-79.39,32.1875],[-79.35,32.2176],[-79.295,32.2236],[-79.225,32.2053],[-79.19,32.181],[-79.19,32.1505],[-79.205,32.1266],[-79.235,32.1091],[-79.265,32.0723],[-79.295,32.0162],[-79.343,31.96],[-79.409,31.9039],[-79.4581,31.8291],[-79.4902,31.7356],[-79.4975,31.6718],[-79.4799,31.6377],[-79.5128,31.5909],[-79.5963,31.5312],[-79.6259,31.4801],[-79.6017,31.4374],[-79.5947,31.4018],[-79.6049,31.3733],[-79.64,31.3432],[-79.7,31.3116],[-79.7423,31.296],[-79.7669,31.2964],[-79.7848,31.3093],[-79.7959,31.335],[-79.789,31.3734],[-79.7642,31.4246],[-79.7761,31.4673],[-79.8246,31.5014],[-79.8445,31.527],[-79.8358,31.544],[-79.8092,31.5611],[-79.7649,31.5781],[-79.7161,31.6079],[-79.663,31.6505],[-79.6348,31.7004],[-79.6316,31.7576],[-79.645,31.7872],[-79.675,31.7893],[-79.71,31.7583],[-79.75,31.694],[-79.79,31.6569],[-79.83,31.6469],[-79.8573,31.6494],[-79.8718,31.6643],[-79.8668,31.6975]],[[-79.7401,31.527],[-79.7049,31.544],[-79.693,31.5428],[-79.7043,31.5232],[-79.7219,31.5147],[-79.7458,31.5172],[-79.7401,31.527]],[[-79.8281,31.7147],[-79.816,31.7323],[-79.7998,31.7408],[-79.7794,31.7402],[-79.7681,31.7313],[-79.7659,31.7143],[-79.7711,31.6999],[-79.7837,31.688],[-79.801,31.688],[-79.8231,31.6999],[-79.8281,31.7147]],[[-79.5756,31.7781],[-79.5462,31.8546],[-79.5333,31.914],[-79.5371,31.9565],[-79.5232,31.9947],[-79.4916,32.0286],[-79.47,32.0667],[-79.4583,32.1091],[-79.4368,32.1318],[-79.4056,32.135],[-79.375,32.1475],[-79.345,32.1694],[-79.3067,32.1763],[-79.26,32.1682],[-79.26,32.1266],[-79.3067,32.0515],[-79.35,32.0122],[-79.39,32.0087],[-79.4128,31.9911],[-79.4183,31.9596],[-79.4367,31.931],[-79.468,31.9056],[-79.4808,31.8758],[-79.4752,31.8419],[-79.4867,31.8],[-79.5156,31.7502],[-79.54,31.7183],[-79.56,31.7042],[-79.5751,31.7079],[-79.5852,31.7292],[-79.5756,31.7781]],[[-79.7449,31.3667],[-79.7216,31.4045],[-79.695,31.4228],[-79.665,31.4216],[-79.6494,31.4112],[-79.6481,31.3917],[-79.6566,31.3734],[-79.6749,31.3563],[-79.6956,31.3427],[-79.7185,31.3324],[-79.7366,31.3324],[-79.7499,31.3427],[-79.7449,31.3667]]]}},{"type":"Feature","properties":{"c":"#00cc00","v0":0.25,"v1":0.5},"geometry":{"type":"Polygon","coordinates":[[[-79.9637,31.4405],[-79.9412,31.4894],[-79.92,31.5185],[-79.9,31.5278],[-79.8805,31.5289],[-79.8615,31.5219],[-79.8538,31.4886],[-79.8574,31.4289],[-79.8647,31.3905],[-79.8757,31.3734],[-79.8934,31.3606],[-79.9178,31.352],[-79.9412,31.3648],[-79.9637,31.399],[-79.9637,31.4405]]]}},{"type":"Feature","properties":{"c":"#00cc00","v0":0.25,"v1":0.5},"geometry":{"type":"Polygon","coordinates":[[[-82.4965,31.4502],[-82.4835,31.4843],[-82.4702,31.503],[-82.4567,31.5063],[-82.445,31.4915],[-82.435,31.4586],[-82.44,31.4354],[-82.46,31.422],[-82.4783,31.4197],[-82.4948,31.4287],[-82.4965,31.4502]]]}},{"type":"Feature","properties":{"c":"#00cc00","v0":0.25,"v1":0.5},"geometry":{"type":"Polygon","coordinates":[[[-98.5114,31.4479],[-98.4838,31.4773],[-98.46,31.4914],[-98.44,31.4903],[-98.4251,31.4841],[-98.4153,31.4729],[-98.4199,31.4588],[-98.439,31.4417],[-98.4677,31.4332],[-98.506,31.4332],[-98.5114,31.4479]]]}},{"type":"Feature","properties":{"c":"#00cc00","v0":0.25,"v1":0.5},"geometry":{"type":"Polygon","coordinates":[[[-82.8032,31.3278],[-82.7944,31.3562],[-82.77,31.3675],[-82.73,31.3616],[-82.695,31.3475],[-82.665,31.3251],[-82.6233,31.3053],[-82.5699,31.2881],[-82.5366,31.2709],[-82.5232,31.2538],[-82.5186,31.2324],[-82.5229,31.2068],[-82.5363,31.1904],[-82.5588,31.1833],[-82.595,31.1949],[-82.645,31.2252],[-82.7,31.2491],[-82.76,31.2667],[-82.7944,31.285],[-82.8032,31.3041],[-82.8032,31.3278]],[[-82.7581,31.317],[-82.7527,31.3239],[-82.7427,31.3239],[-82.7281,31.317],[-82.7231,31.309],[-82.7277,31.2997],[-82.7377,31.2997],[-82.7531,31.309],[-82.7581,31.317]]]}},{"type":"Feature","properties":{"c":"#00cc00","v0":0.25,"v1":0.5},"geometry":{"type":"Polygon","coordinates":[[[-80.6906,30.9549],[-80.6502,30.9907],[-80.61,31.0084],[-80.57,31.0079],[-80.535,31.0231],[-80.505,31.0542],[-80.47,31.1334],[-80.43,31.2607],[-80.4,31.3257],[-80.38,31.3287],[-80.3292,31.3089],[-80.2477,31.2665],[-80.2194,31.2281],[-80.2444,31.1939],[-80.2571,31.1554],[-80.2576,31.1126],[-80.2761,31.0741],[-80.3125,31.0398],[-80.3358,31.0012],[-80.3459,30.9584],[-80.3643,30.9155],[-80.3911,30.8726],[-80.4247,30.8382],[-80.4651,30.8125],[-80.4785,30.7738],[-80.4651,30.7222],[-80.4626,30.6878],[-80.4708,30.6706],[-80.4887,30.6628],[-80.5162,30.6644],[-80.56,30.7265],[-80.62,30.849],[-80.6652,30.9169],[-80.6956,30.9302],[-80.6906,30.9549]],[[-80.5768,30.9094],[-80.5723,30.9228],[-80.5574,30.9314],[-80.5323,30.9351],[-80.5115,30.9455],[-80.4951,30.9627],[-80.4699,31.0055],[-80.436,31.0741],[-80.4127,31.1469],[-80.4002,31.2239],[-80.3879,31.2628],[-80.376,31.2636],[-80.3553,31.2508],[-80.326,31.2243],[-80.3332,31.1554],[-80.3768,31.0441],[-80.4109,30.9798],[-80.4354,30.9627],[-80.4529,30.9369],[-80.4634,30.9026],[-80.484,30.8728],[-80.5147,30.8476],[-80.5423,30.8519],[-80.5668,30.8857],[-80.5768,30.9094]]]}},{"type":"Feature","properties":{"c":"#00cc00","v0":0.25,"v1":0.5},"geometry":{"type":"Polygon","coordinates":[[[-96.779,31.241],[-96.757,31.2666],[-96.737,31.2817],[-96.719,31.2862],[-96.6982,31.2777],[-96.6746,31.2561],[-96.6613,31.2367],[-96.6584,31.2196],[-96.6652,31.2041],[-96.6817,31.1902],[-96.7,31.183],[-96.72,31.1823],[-96.7406,31.1849],[-96.7619,31.1909],[-96.7769,31.2025],[-96.7856,31.2196],[-96.779,31.241]]]}},{"type":"Feature","properties":{"c":"#00cc00","v0":0.25,"v1":0.5},"geometry":{"type":"Polygon","coordinates":[[[-83.7818,31.1848],[-83.7739,31.2006],[-83.755,31.21],[-83.725,31.2127],[-83.69,31.2099],[-83.65,31.2015],[-83.605,31.1811],[-83.555,31.1485],[-83.515,31.1338],[-83.485,31.137],[-83.4643,31.1224],[-83.4529,31.0902],[-83.4529,31.0573],[-83.4643,31.0238],[-83.5,31.0028],[-83.56,30.9943],[-83.6,30.9934],[-83.62,31.0002],[-83.6689,31.0469],[-83.7468,31.1335],[-83.7818,31.1848]],[[-83.7404,31.1791],[-83.7201,31.1837],[-83.7051,31.1795],[-83.6953,31.1663],[-83.7003,31.1581],[-83.7201,31.155],[-83.7351,31.1593],[-83.7454,31.171],[-83.7404,31.1791]]]}},{"type":"Feature","properties":{"c":"#00cc00","v0":0.25,"v1":0.5},"geometry":{"type":"Polygon","coordinates":[[[-101.1056,29.7936],[-101.081,29.8544],[-101.0396,29.9237],[-100.9815,30.0017],[-100.9484,30.0623],[-100.9404,30.1056],[-100.9215,30.1445],[-100.892,30.1791],[-100.758,30.2742],[-100.5196,30.4295],[-100.2828,30.6075],[-100.0476,30.808],[-99.91,30.9193],[-99.87,30.9416],[-99.8314,30.9488],[-99.7943,30.9409],[-99.778,30.9155],[-99.7825,30.8726],[-99.7992,30.8296],[-99.828,30.7867],[-99.8239,30.7523],[-99.7866,30.7265],[-99.7849,30.6749],[-99.8187,30.5975],[-99.9592,30.4378],[-100.2064,30.1955],[-100.4,30.0274],[-100.54,29.934],[-100.665,29.8394],[-100.775,29.7435],[-100.86,29.6922],[-100.92,29.6853],[-100.96,29.7007],[-100.98,29.7384],[-101.02,29.7528],[-101.08,29.7441],[-101.112,29.7456],[-101.116,29.7574],[-101.1056,29.7936]],[[-100.8171,30.0886],[-100.799,30.1151],[-100.7766,30.1324],[-100.7497,30.1405],[-100.7458,30.1315],[-100.7649,30.1056],[-100.7874,30.0883],[-100.8132,30.0796],[-100.8171,30.0886]],[[-100.6943,30.1921],[-100.6746,30.218],[-100.621,30.2538],[-100.5337,30.2993],[-100.4587,30.3468],[-100.3961,30.3962],[-100.3612,30.3907],[-100.3539,30.3303],[-100.3585,30.2785],[-100.3749,30.2353],[-100.4299,30.1741],[-100.5233,30.095],[-100.5825,30.056],[-100.6074,30.0573],[-100.6274,30.0757],[-100.6425,30.1112],[-100.6635,30.1414],[-100.6906,30.1665],[-100.6943,30.1921]]]}},{"type":"Feature","properties":{"c":"#00cc00","v0":0.25,"v1":0.5},"geometry":{"type":"Polygon","coordinates":[[[-80.5659,30.4978],[-80.5553,30.5139],[-80.52,30.517],[-80.46,30.5071],[-80.4199,30.5078],[-80.3998,30.5188],[-80.3805,30.5544],[-80.362,30.6147],[-80.3538,30.662],[-80.3558,30.6964],[-80.3395,30.7394],[-80.3049,30.791],[-80.2885,30.8382],[-80.2903,30.8812],[-80.2859,30.9101],[-80.2753,30.9252],[-80.202,30.9295],[-80.066,30.923],[-79.993,30.894],[-79.9831,30.8425],[-79.9861,30.801],[-80.002,30.7696],[-80.02,30.748],[-80.04,30.7362],[-80.07,30.7439],[-80.11,30.7712],[-80.136,30.78],[-80.1481,30.7701],[-80.1431,30.7359],[-80.121,30.6772],[-80.1,30.6575],[-80.08,30.677],[-80.0534,30.6719],[-80.0202,30.6424],[-79.9961,30.6061],[-79.9812,30.5631],[-79.9778,30.5289],[-79.9859,30.5035],[-80.03,30.5014],[-80.11,30.5225],[-80.165,30.5063],[-80.195,30.4527],[-80.2237,30.4203],[-80.2511,30.4092],[-80.2711,30.3923],[-80.2837,30.3696],[-80.3,30.3532],[-80.32,30.3431],[-80.355,30.3452],[-80.405,30.3594],[-80.44,30.3819],[-80.46,30.4127],[-80.49,30.4337],[-80.53,30.4447],[-80.5553,30.4602],[-80.5659,30.4799],[-80.5659,30.4978]],[[-80.3175,30.5631],[-80.2888,30.6405],[-80.2633,30.6901],[-80.2411,30.7118],[-80.22,30.722],[-80.2,30.7208],[-80.1826,30.7013],[-80.1678,30.6637],[-80.1778,30.6049],[-80.2126,30.5248],[-80.235,30.4816],[-80.245,30.4752],[-80.2651,30.4765],[-80.2953,30.4854],[-80.3158,30.4985],[-80.3265,30.5157],[-80.3175,30.5631]],[[-80.068,30.8242],[-80.056,30.8391],[-80.043,30.8348],[-80.029,30.8113],[-80.029,30.7963],[-80.043,30.7898],[-80.056,30.7941],[-80.068,30.8092],[-80.068,30.8242]]]}},{"type":"Feature","properties":{"c":"#00cc00","v0":0.25,"v1":0.5},"geometry":{"type":"Polygon","coordinates":[[[-79.9352,30.9084],[-79.9184,30.92],[-79.91,30.9136],[-79.91,30.889],[-79.9184,30.8832],[-79.9352,30.8961],[-79.9352,30.9084]]]}},{"type":"Feature","properties":{"c":"#00cc00","v0":0.25,"v1":0.5},"geometry":{"type":"Polygon","coordinates":[[[-99.1837,30.8556],[-99.1746,30.8645],[-99.17,30.8612],[-99.17,30.8458],[-99.1746,30.8414],[-99.1837,30.8479],[-99.1837,30.8556]]]}},{"type":"Feature","properties":{"c":"#00cc00","v0":0.25,"v1":0.5},"geometry":{"type":"Polygon","coordinates":[[[-80.6936,30.8718],[-80.6912,30.8788],[-80.6846,30.8745],[-80.6738,30.8589],[-80.675,30.8554],[-80.6882,30.864],[-80.6936,30.8718]]]}},{"type":"Feature","properties":{"c":"#00cc00","v0":0.25,"v1":0.5},"geometry":{"type":"Polygon","coordinates":[[[-79.896,30.8057],[-79.892,30.8178],[-79.8857,30.8178],[-79.8771,30.8057],[-79.8771,30.7958],[-79.8857,30.7882],[-79.892,30.7882],[-79.896,30.7958],[-79.896,30.8057]]]}},{"type":"Feature","properties":{"c":"#00cc00","v0":0.25,"v1":0.5},"geometry":{"type":"Polygon","coordinates":[[[-83.709,30.7376],[-83.6963,30.751],[-83.6774,30.751],[-83.6523,30.7376],[-83.6344,30.7222],[-83.6239,30.705],[-83.6214,30.6853],[-83.6271,30.663],[-83.64,30.6535],[-83.66,30.6568],[-83.6813,30.6765],[-83.704,30.7127],[-83.709,30.7376]]]}},{"type":"Feature","properties":{"c":"#00cc00","v0":0.25,"v1":0.5},"geometry":{"type":"Polygon","coordinates":[[[-80.7588,30.6834],[-80.7529,30.6918],[-80.7414,30.6918],[-80.7242,30.6834],[-80.703,30.6534],[-80.6775,30.6018],[-80.6861,30.591],[-80.7287,30.621],[-80.7529,30.6468],[-80.7588,30.6684],[-80.7588,30.6834]]]}},{"type":"Feature","properties":{"c":"#00cc00","v0":0.25,"v1":0.5},"geometry":{"type":"Polygon","coordinates":[[[-103.0198,29.6894],[-103.0014,29.7502],[-102.9667,29.803],[-102.9156,29.8477],[-102.8303,29.8911],[-102.7108,29.9331],[-102.6058,29.986],[-102.5153,30.0498],[-102.425,30.1022],[-102.335,30.1434],[-102.2076,30.1851],[-102.0428,30.2272],[-101.8178,30.3011],[-101.5326,30.4067],[-101.375,30.4558],[-101.345,30.4484],[-101.325,30.4282],[-101.315,30.3953],[-101.26,30.3912],[-101.16,30.4159],[-101.0686,30.4178],[-100.9858,30.3968],[-100.9443,30.3734],[-100.9438,30.3475],[-100.9752,30.2968],[-101.0384,30.2212],[-101.12,30.1434],[-101.22,30.0632],[-101.335,29.9902],[-101.465,29.9243],[-101.5677,29.8463],[-101.6431,29.7562],[-101.7281,29.684],[-101.8227,29.6298],[-101.94,29.541],[-102.08,29.4175],[-102.185,29.3319],[-102.255,29.2841],[-102.3099,29.2642],[-102.3496,29.272],[-102.372,29.289],[-102.3772,29.3152],[-102.3723,29.3511],[-102.3574,29.3968],[-102.3128,29.4708],[-102.2383,29.5731],[-102.1733,29.6521],[-102.1178,29.7076],[-102.035,29.7765],[-101.925,29.8587],[-101.82,29.9287],[-101.72,29.9867],[-101.6411,30.0263],[-101.5832,30.0474],[-101.5382,30.0866],[-101.5061,30.1439],[-101.51,30.1703],[-101.55,30.1659],[-101.6523,30.1243],[-101.817,30.0455],[-102.087,29.9078],[-102.4623,29.7109],[-102.69,29.5843],[-102.77,29.5281],[-102.825,29.4978],[-102.855,29.4934],[-102.895,29.5004],[-102.945,29.5188],[-102.9848,29.5607],[-103.0143,29.6263],[-103.0198,29.6894]],[[-101.2784,30.2131],[-101.2461,30.2464],[-101.22,30.2637],[-101.1999,30.2649],[-101.1902,30.2569],[-101.1908,30.2396],[-101.2006,30.2223],[-101.2198,30.205],[-101.2395,30.1919],[-101.2598,30.183],[-101.2761,30.183],[-101.2884,30.1919],[-101.2784,30.2131]],[[-101.8601,29.775],[-101.84,29.7985],[-101.815,29.8125],[-101.785,29.8169],[-101.785,29.8012],[-101.815,29.7654],[-101.8388,29.7471],[-101.8564,29.7463],[-101.8665,29.7502],[-101.8689,29.7589],[-101.8601,29.775]],[[-102.7883,29.7128],[-102.7761,29.7508],[-102.7584,29.7812],[-102.7352,29.804],[-102.6202,29.8743],[-102.4134,29.9922],[-102.23,30.0835],[-102.07,30.1484],[-101.94,30.1934],[-101.84,30.2184],[-101.74,30.2504],[-101.64,30.2893],[-101.5807,30.3066],[-101.5622,30.3022],[-101.5572,30.2914],[-101.5657,30.2742],[-101.6,30.2439],[-101.6599,30.2007],[-101.7549,30.1485],[-101.885,30.0873],[-102.05,29.9959],[-102.25,29.874],[-102.44,29.7784],[-102.62,29.7091],[-102.725,29.6726],[-102.755,29.6687],[-102.7761,29.6736],[-102.7883,29.687],[-102.7883,29.7128]]]}},{"type":"Feature","properties":{"c":"#00cc00","v0":0.25,"v1":0.5},"geometry":{"type":"Polygon","coordinates":[[[-89.8292,30.2612],[-89.8026,30.2871],[-89.7495,30.2969],[-89.6698,30.2907],[-89.61,30.2938],[-89.57,30.3062],[-89.5229,30.305],[-89.4688,30.2902],[-89.4392,30.2612],[-89.4342,30.218],[-89.4613,30.1841],[-89.5204,30.1594],[-89.58,30.147],[-89.64,30.1469],[-89.69,30.1525],[-89.73,30.1637],[-89.7731,30.1891],[-89.8193,30.2285],[-89.8292,30.2612]],[[-89.7351,30.2482],[-89.7018,30.2482],[-89.6692,30.2396],[-89.6375,30.2223],[-89.6228,30.2094],[-89.6251,30.2007],[-89.6472,30.1979],[-89.6891,30.2011],[-89.7205,30.214],[-89.7414,30.2368],[-89.7351,30.2482]]]}},{"type":"Feature","properties":{"c":"#00cc00","v0":0.25,"v1":0.5},"geometry":{"type":"Polygon","coordinates":[[[-90.669,30.2018],[-90.6563,30.2127],[-90.63,30.2187],[-90.59,30.2196],[-90.5347,30.2099],[-90.4641,30.1894],[-90.4187,30.1705],[-90.3988,30.1532],[-90.3991,30.1413],[-90.4197,30.1348],[-90.46,30.1356],[-90.52,30.1436],[-90.5813,30.1598],[-90.644,30.1842],[-90.669,30.2018]]]}},{"type":"Feature","properties":{"c":"#00cc00","v0":0.25,"v1":0.5},"geometry":{"type":"Polygon","coordinates":[[[-80.4242,30.1445],[-80.417,30.1791],[-80.4025,30.2041],[-80.3808,30.2195],[-80.3437,30.2065],[-80.2912,30.1652],[-80.2712,30.1283],[-80.2837,30.0959],[-80.31,30.0766],[-80.35,30.0702],[-80.3814,30.0691],[-80.4042,30.0732],[-80.4186,30.0883],[-80.4247,30.1142],[-80.4242,30.1445]],[[-80.3705,30.1655],[-80.3568,30.1728],[-80.3432,30.1642],[-80.3297,30.1395],[-80.3345,30.1272],[-80.3576,30.1272],[-80.3712,30.1359],[-80.3753,30.1532],[-80.3705,30.1655]]]}},{"type":"Feature","properties":{"c":"#00cc00","v0":0.25,"v1":0.5},"geometry":{"type":"Polygon","coordinates":[[[-100.0818,29.9107],[-100.0661,29.9627],[-100.0379,30.0017],[-99.9972,30.0277],[-99.9601,30.0683],[-99.9267,30.1236],[-99.885,30.1602],[-99.835,30.1781],[-99.79,30.1758],[-99.75,30.1533],[-99.7248,30.1556],[-99.7145,30.1828],[-99.6969,30.1964],[-99.6722,30.1964],[-99.6595,30.1877],[-99.6588,30.1705],[-99.67,30.1532],[-99.6932,30.1359],[-99.6908,30.1099],[-99.6629,30.0753],[-99.6492,30.0428],[-99.6497,30.0125],[-99.66,29.982],[-99.68,29.9513],[-99.7201,29.9275],[-99.7803,29.9105],[-99.8204,29.8891],[-99.8403,29.863],[-99.8549,29.8283],[-99.8643,29.785],[-99.8937,29.7415],[-99.943,29.6981],[-99.9499,29.646],[-99.9145,29.5851],[-99.9051,29.5353],[-99.9217,29.4966],[-99.95,29.4706],[-99.99,29.4573],[-100.0199,29.4592],[-100.0396,29.4764],[-100.0476,29.5068],[-100.0439,29.5503],[-100.0478,29.5851],[-100.0593,29.6112],[-100.05,29.6373],[-100.0197,29.6634],[-100.0191,29.6981],[-100.0481,29.7415],[-100.0694,29.7936],[-100.0829,29.8544],[-100.0818,29.9107]],[[-100.0154,29.929],[-99.9985,29.9483],[-99.9729,29.944],[-99.9386,29.916],[-99.922,29.876],[-99.9231,29.824],[-99.9352,29.7881],[-99.9584,29.7683],[-99.9829,29.7683],[-100.0087,29.7881],[-100.0222,29.8283],[-100.0233,29.8891],[-100.0154,29.929]]]}},{"type":"Feature","properties":{"c":"#00cc00","v0":0.25,"v1":0.5},"geometry":{"type":"Polygon","coordinates":[[[-86.7578,30.1703],[-86.7526,30.1873],[-86.745,30.1946],[-86.735,30.1921],[-86.715,30.1694],[-86.685,30.1265],[-86.6823,30.1063],[-86.7069,30.1087],[-86.7295,30.1229],[-86.7501,30.1488],[-86.7578,30.1703]]]}},{"type":"Feature","properties":{"c":"#00cc00","v0":0.25,"v1":0.5},"geometry":{"type":"Polygon","coordinates":[[[-90.0817,30.1272],[-90.0634,30.1272],[-90.0525,30.1229],[-90.049,30.1142],[-90.0582,30.1142],[-90.08,30.1229],[-90.0817,30.1272]]]}},{"type":"Feature","properties":{"c":"#00cc00","v0":0.25,"v1":0.5},"geometry":{"type":"Polygon","coordinates":[[[-79.8805,29.986],[-79.8602,29.9805],[-79.845,29.9684],[-79.835,29.9498],[-79.84,29.9439],[-79.8599,29.9507],[-79.8751,29.9627],[-79.8855,29.9801],[-79.8805,29.986]]]}},{"type":"Feature","properties":{"c":"#00cc00","v0":0.25,"v1":0.5},"geometry":{"type":"Polygon","coordinates":[[[-80.7445,29.289],[-80.69,29.3152],[-80.6674,29.3544],[-80.6768,29.4067],[-80.6701,29.4589],[-80.6472,29.5112],[-80.6184,29.5503],[-80.5835,29.5764],[-80.5721,29.6649],[-80.584,29.8155],[-80.55,29.9131],[-80.47,29.9577],[-80.4086,29.9648],[-80.3658,29.9345],[-80.3333,29.8934],[-80.3111,29.8414],[-80.2655,29.7893],[-80.1964,29.7372],[-80.1611,29.7025],[-80.1597,29.6851],[-80.1697,29.659],[-80.1909,29.6243],[-80.1913,29.5851],[-80.1711,29.5416],[-80.1721,29.5025],[-80.1942,29.4676],[-80.2063,29.4372],[-80.2084,29.411],[-80.1728,29.3282],[-80.0995,29.1886],[-80.0696,29.11],[-80.0832,29.0926],[-80.1,29.0854],[-80.12,29.0884],[-80.155,29.1166],[-80.205,29.1699],[-80.24,29.1803],[-80.26,29.1479],[-80.275,29.133],[-80.285,29.1356],[-80.305,29.1561],[-80.335,29.1944],[-80.36,29.2174],[-80.38,29.225],[-80.3955,29.2232],[-80.4065,29.2118],[-80.4015,29.1825],[-80.3805,29.1353],[-80.385,29.1122],[-80.415,29.1132],[-80.455,29.1318],[-80.505,29.168],[-80.545,29.1581],[-80.575,29.1021],[-80.625,29.0966],[-80.695,29.1418],[-80.7404,29.1922],[-80.7613,29.248],[-80.7445,29.289]],[[-80.7111,29.2483],[-80.697,29.2628],[-80.68,29.2696],[-80.66,29.2687],[-80.6408,29.2527],[-80.6223,29.2216],[-80.616,29.1974],[-80.6218,29.1799],[-80.6411,29.1721],[-80.6737,29.1739],[-80.697,29.1914],[-80.7111,29.2245],[-80.7111,29.2483]],[[-80.5933,29.4597],[-80.5911,29.4785],[-80.5798,29.4915],[-80.5594,29.4988],[-80.5415,29.5416],[-80.5258,29.6199],[-80.5225,29.7025],[-80.5314,29.7893],[-80.5144,29.8323],[-80.4715,29.8316],[-80.4069,29.7665],[-80.3208,29.6369],[-80.2742,29.5373],[-80.2672,29.4676],[-80.2753,29.4264],[-80.2984,29.4135],[-80.345,29.4178],[-80.415,29.4393],[-80.4548,29.4457],[-80.4644,29.4371],[-80.4587,29.4067],[-80.4379,29.3544],[-80.4331,29.323],[-80.4444,29.3126],[-80.478,29.3213],[-80.5341,29.3492],[-80.5702,29.3849],[-80.5864,29.4285],[-80.5933,29.4597]],[[-80.2821,29.2804],[-80.274,29.2893],[-80.2648,29.2893],[-80.2543,29.2804],[-80.2493,29.2628],[-80.2498,29.2366],[-80.259,29.2366],[-80.2771,29.2628],[-80.2821,29.2804]]]}},{"type":"Feature","properties":{"c":"#00cc00","v0":0.25,"v1":0.5},"geometry":{"type":"Polygon","coordinates":[[[-85.8061,29.6311],[-85.782,29.6448],[-85.7557,29.6492],[-85.7271,29.6441],[-85.7271,29.6337],[-85.7557,29.6178],[-85.782,29.6135],[-85.8061,29.6207],[-85.8061,29.6311]]]}},{"type":"Feature","properties":{"c":"#00cc00","v0":0.25,"v1":0.5},"geometry":{"type":"Polygon","coordinates":[[[-99.3724,29.4802],[-99.3575,29.5054],[-99.3354,29.5141],[-99.3062,29.5063],[-99.2911,29.4938],[-99.2902,29.4764],[-99.2998,29.4604],[-99.3199,29.4459],[-99.34,29.4401],[-99.36,29.443],[-99.3725,29.4503],[-99.3774,29.4619],[-99.3724,29.4802]]]}},{"type":"Feature","properties":{"c":"#00cc00","v0":0.25,"v1":0.5},"geometry":{"type":"Polygon","coordinates":[[[-96.4908,27.6362],[-96.4827,27.6628],[-96.4446,27.7159],[-96.3765,27.7955],[-96.3123,27.8619],[-96.2521,27.9149],[-96.1989,27.9489],[-96.153,27.9639],[-96.0995,28.0125],[-96.0386,28.0946],[-96.0032,28.1533],[-95.9933,28.1885],[-95.9671,28.2238],[-95.9245,28.259],[-95.9254,28.2854],[-95.9696,28.303],[-95.9919,28.3339],[-95.9922,28.3779],[-96.0067,28.4275],[-96.0356,28.4827],[-96.0802,28.5223],[-96.1407,28.5462],[-96.1745,28.5669],[-96.1817,28.5844],[-96.1803,28.6064],[-96.1704,28.6327],[-96.0816,28.6486],[-95.9139,28.6539],[-95.795,28.6769],[-95.725,28.7176],[-95.6481,28.75],[-95.5642,28.7742],[-95.4892,28.8125],[-95.4231,28.8651],[-95.365,28.895],[-95.315,28.9021],[-95.27,28.9155],[-95.23,28.9352],[-95.18,28.9411],[-95.12,28.9331],[-95.0418,28.9372],[-94.9453,28.9533],[-94.8933,28.9701],[-94.8859,28.9876],[-94.8892,29.0001],[-94.9031,29.0074],[-94.98,29.0058],[-95.12,28.9953],[-95.206,29.0047],[-95.238,29.0342],[-95.213,29.0626],[-95.131,29.0902],[-95.07,29.1019],[-95.03,29.0976],[-95.004,29.1101],[-94.992,29.1392],[-94.967,29.1659],[-94.929,29.1902],[-94.8623,29.2033],[-94.7669,29.2052],[-94.6719,29.2299],[-94.5773,29.2776],[-94.4912,29.3125],[-94.4137,29.3346],[-94.3741,29.35],[-94.3726,29.3587],[-94.3812,29.3675],[-94.3999,29.3762],[-94.4529,29.3893],[-94.54,29.4067],[-94.59,29.4285],[-94.603,29.4546],[-94.5946,29.4756],[-94.5649,29.4914],[-94.4,29.5036],[-94.1,29.5121],[-93.9234,29.5085],[-93.8703,29.4929],[-93.8376,29.472],[-93.8252,29.4459],[-93.8017,29.4306],[-93.7672,29.4262],[-93.7321,29.4262],[-93.6963,29.4306],[-93.6663,29.4488],[-93.6421,29.4808],[-93.565,29.4945],[-93.435,29.4899],[-93.3676,29.4826],[-93.3629,29.4726],[-93.3713,29.4633],[-93.393,29.4546],[-93.4034,29.4459],[-93.4023,29.4372],[-93.388,29.4241],[-93.3603,29.4067],[-93.3682,29.3849],[-93.4115,29.3587],[-93.4324,29.34],[-93.4308,29.3286],[-93.34,29.3154],[-93.16,29.3002],[-93.04,29.2765],[-92.98,29.2443],[-92.92,29.2207],[-92.86,29.2058],[-92.75,29.19],[-92.59,29.1732],[-92.47,29.171],[-92.39,29.1832],[-92.3226,29.1804],[-92.2679,29.1626],[-92.2312,29.145],[-92.2124,29.1275],[-92.2298,29.1022],[-92.2833,29.0691],[-92.38,29.0455],[-92.52,29.0313],[-92.71,29.0463],[-92.95,29.0904],[-93.115,29.1138],[-93.205,29.1165],[-93.31,29.1362],[-93.43,29.1729],[-93.5054,29.2036],[-93.5362,29.2286],[-93.5762,29.2474],[-93.6254,29.2602],[-93.6612,29.2646],[-93.6837,29.2605],[-93.6937,29.2549],[-93.6912,29.2476],[-93.6604,29.2215],[-93.6011,29.1763],[-93.5761,29.152],[-93.5854,29.1484],[-93.615,29.1458],[-93.665,29.1441],[-93.715,29.1546],[-93.765,29.1772],[-93.82,29.1813],[-93.88,29.1667],[-93.94,29.1628],[-94.0,29.1696],[-94.0187,29.1638],[-93.996,29.1454],[-93.951,29.1291],[-93.8837,29.1148],[-93.8423,29.1017],[-93.8268,29.0898],[-93.8418,29.0787],[-93.8873,29.0686],[-93.99,29.0614],[-94.15,29.0571],[-94.237,29.0491],[-94.251,29.0373],[-94.2563,29.0182],[-94.2528,28.992],[-94.2625,28.9614],[-94.2853,28.9264],[-94.2951,28.9033],[-94.2917,28.8921],[-94.275,28.8884],[-94.245,28.8923],[-94.2285,28.8891],[-94.2254,28.8789],[-94.2554,28.873],[-94.3185,28.8714],[-94.4038,28.8539],[-94.5113,28.8205],[-94.5631,28.7994],[-94.5591,28.7906],[-94.5203,28.7817],[-94.4468,28.7726],[-94.38,28.7826],[-94.32,28.8119],[-94.25,28.8207],[-94.17,28.8091],[-94.1,28.8055],[-94.04,28.81],[-93.965,28.7953],[-93.875,28.7614],[-93.8074,28.7242],[-93.7622,28.6837],[-93.7822,28.6518],[-93.8674,28.6285],[-93.955,28.6213],[-94.045,28.6303],[-94.13,28.6476],[-94.21,28.6732],[-94.2564,28.6847],[-94.2691,28.6822],[-94.2733,28.6635],[-94.269,28.6283],[-94.2726,28.6044],[-94.2842,28.5916],[-94.3176,28.6004],[-94.3727,28.6307],[-94.4127,28.6471],[-94.4376,28.6496],[-94.495,28.644],[-94.585,28.6303],[-94.6524,28.6159],[-94.6972,28.6008],[-94.7205,28.5888],[-94.7223,28.5801],[-94.7099,28.565],[-94.6833,28.5437],[-94.6448,28.5262],[-94.5943,28.5123],[-94.5639,28.4834],[-94.5537,28.4394],[-94.534,28.4114],[-94.5047,28.3994],[-94.4685,28.395],[-94.4256,28.3983],[-94.3725,28.4131],[-94.3094,28.4394],[-94.2856,28.4658],[-94.301,28.4922],[-94.2991,28.5121],[-94.2797,28.5256],[-94.22,28.5322],[-94.12,28.532],[-93.9903,28.5209],[-93.8309,28.4988],[-93.7489,28.479],[-93.7442,28.4614],[-93.7797,28.435],[-93.8552,28.3999],[-93.8942,28.3691],[-93.8965,28.3427],[-93.9135,28.3163],[-93.9449,28.2898],[-93.943,28.2574],[-93.9077,28.2189],[-93.915,28.1986],[-93.965,28.1965],[-94.025,28.2096],[-94.095,28.2379],[-94.15,28.243],[-94.19,28.2251],[-94.297,28.2312],[-94.4709,28.2615],[-94.5642,28.281],[-94.5768,28.2898],[-94.5803,28.3163],[-94.5748,28.3603],[-94.5766,28.3854],[-94.5855,28.3917],[-94.63,28.3902],[-94.71,28.381],[-94.79,28.3828],[-94.87,28.3957],[-94.925,28.3918],[-94.955,28.371],[-95.005,28.3721],[-95.075,28.395],[-95.155,28.4009],[-95.245,28.3897],[-95.325,28.4041],[-95.395,28.4441],[-95.46,28.4661],[-95.52,28.4703],[-95.6117,28.4455],[-95.7352,28.3916],[-95.8209,28.3471],[-95.8687,28.3119],[-95.877,28.2936],[-95.8457,28.2923],[-95.81,28.2988],[-95.77,28.3129],[-95.7382,28.3135],[-95.7147,28.3007],[-95.7097,28.2749],[-95.7232,28.2361],[-95.7594,28.1965],[-95.8183,28.1559],[-95.8435,28.1224],[-95.8351,28.0959],[-95.8064,28.0695],[-95.7575,28.043],[-95.7419,28.0165],[-95.7597,27.99],[-95.8089,27.9572],[-95.8896,27.9182],[-95.9733,27.9005],[-96.06,27.9042],[-96.13,27.8697],[-96.1833,27.7968],[-96.22,27.7361],[-96.24,27.6874],[-96.275,27.6466],[-96.325,27.6137],[-96.3862,27.6036],[-96.4587,27.6165],[-96.4908,27.6362]],[[-94.8966,29.1592],[-94.8789,29.1702],[-94.815,29.1768],[-94.705,29.1793],[-94.615,29.2037],[-94.545,29.2502],[-94.49,29.2746],[-94.45,29.2768],[-94.3914,29.2905],[-94.3142,29.3157],[-94.2742,29.335],[-94.2714,29.3487],[-94.285,29.364],[-94.315,29.3811],[-94.3745,29.4005],[-94.4634,29.422],[-94.5106,29.4415],[-94.5161,29.4589],[-94.5066,29.4715],[-94.4822,29.4792],[-94.36,29.4808],[-94.14,29.4763],[-94.0,29.4592],[-93.94,29.4295],[-93.835,29.4074],[-93.685,29.3929],[-93.595,29.3799],[-93.565,29.3686],[-93.5447,29.3543],[-93.534,29.3369],[-93.534,29.3215],[-93.5447,29.3079],[-93.5902,29.2992],[-93.6705,29.2953],[-93.7605,29.2733],[-93.8602,29.2332],[-93.945,29.2156],[-94.015,29.2206],[-94.0685,29.2058],[-94.1054,29.1711],[-94.115,29.145],[-94.0975,29.1275],[-94.1301,29.11],[-94.2129,29.0926],[-94.2809,29.0707],[-94.334,29.0445],[-94.3676,29.027],[-94.3819,29.0182],[-94.3769,29.0051],[-94.3527,28.9876],[-94.3428,28.9701],[-94.347,28.9526],[-94.3944,28.9231],[-94.4848,28.8815],[-94.575,28.8672],[-94.665,28.8802],[-94.7321,28.8967],[-94.7764,28.9165],[-94.8074,28.9526],[-94.8252,29.0051],[-94.8489,29.0401],[-94.8786,29.0576],[-94.8964,29.0882],[-94.9025,29.1319],[-94.8966,29.1592]],[[-93.3909,29.2639],[-93.3636,29.2747],[-93.3065,29.2747],[-93.2195,29.2639],[-93.1945,29.2404],[-93.2315,29.2042],[-93.2886,29.2042],[-93.3659,29.2404],[-93.3909,29.2639]],[[-93.0035,29.1596],[-92.9545,29.1714],[-92.905,29.1697],[-92.855,29.1548],[-92.745,29.141],[-92.575,29.1284],[-92.46,29.1298],[-92.4,29.1452],[-92.3495,29.1444],[-92.3085,29.1273],[-92.2935,29.1126],[-92.3045,29.1004],[-92.33,29.0901],[-92.37,29.0818],[-92.475,29.0774],[-92.645,29.077],[-92.78,29.0837],[-92.88,29.0976],[-92.9545,29.1169],[-93.0035,29.1414],[-93.0035,29.1596]],[[-94.2893,28.7601],[-94.2631,28.7779],[-94.215,28.781],[-94.145,28.7692],[-94.085,28.7652],[-94.035,28.7688],[-93.9909,28.7614],[-93.9526,28.7429],[-93.9255,28.7205],[-93.9095,28.6942],[-93.9086,28.6756],[-93.9229,28.6647],[-93.945,28.6598],[-93.975,28.6608],[-94.06,28.6777],[-94.2,28.7106],[-94.2781,28.7331],[-94.2943,28.7451],[-94.2893,28.7601]],[[-94.3253,28.3733],[-94.3018,28.3907],[-94.24,28.4039],[-94.14,28.4129],[-94.075,28.4304],[-94.045,28.4562],[-93.9962,28.465],[-93.9287,28.4568],[-93.8995,28.4438],[-93.9086,28.4263],[-93.9624,28.3887],[-94.0608,28.3313],[-94.145,28.3027],[-94.215,28.303],[-94.2718,28.3185],[-94.3153,28.3493],[-94.3253,28.3733]],[[-96.3058,27.8088],[-96.2393,27.8619],[-96.2221,27.8584],[-96.254,27.7984],[-96.285,27.7655],[-96.315,27.76],[-96.3322,27.7635],[-96.3367,27.776],[-96.3058,27.8088]],[[-96.0403,28.0104],[-96.0201,28.0424],[-95.995,28.0666],[-95.965,28.0831],[-95.9164,28.0715],[-95.8492,28.0319],[-95.8442,27.9968],[-95.9014,27.9663],[-95.955,27.9564],[-96.005,27.9673],[-96.0351,27.9782],[-96.0453,27.989],[-96.0403,28.0104]],[[-95.9557,28.4834],[-95.9387,28.5098],[-95.9285,28.5449],[-95.9252,28.5888],[-95.8952,28.6115],[-95.8384,28.6131],[-95.775,28.6395],[-95.705,28.6909],[-95.6215,28.7296],[-95.5246,28.7557],[-95.4446,28.79],[-95.3815,28.8326],[-95.295,28.8471],[-95.185,28.8335],[-95.06,28.836],[-94.92,28.8544],[-94.8324,28.853],[-94.7972,28.8319],[-94.7794,28.8125],[-94.7792,28.795],[-94.7868,28.7822],[-94.8023,28.7741],[-94.9099,28.7478],[-95.1097,28.7033],[-95.2152,28.6766],[-95.2265,28.6678],[-95.2317,28.6456],[-95.2306,28.6099],[-95.2681,28.5836],[-95.3442,28.5666],[-95.5092,28.5089],[-95.7631,28.4104],[-95.8992,28.362],[-95.9176,28.3638],[-95.9362,28.3911],[-95.9549,28.4438],[-95.9557,28.4834]],[[-94.7519,28.7424],[-94.7473,28.7599],[-94.7263,28.773],[-94.6888,28.7815],[-94.65,28.7744],[-94.61,28.7517],[-94.55,28.7377],[-94.47,28.7322],[-94.4226,28.7217],[-94.4078,28.7063],[-94.4178,28.6926],[-94.4526,28.6808],[-94.525,28.6741],[-94.635,28.6725],[-94.7,28.6746],[-94.72,28.6804],[-94.736,28.6958],[-94.7481,28.721],[-94.7519,28.7424]],[[-95.3968,28.5018],[-95.3523,28.5298],[-95.32,28.5446],[-95.3,28.5463],[-95.2828,28.5411],[-95.2685,28.529],[-95.2665,28.5142],[-95.2769,28.4966],[-95.2941,28.4828],[-95.318,28.4729],[-95.34,28.4667],[-95.36,28.4641],[-95.3823,28.469],[-95.4068,28.4815],[-95.3968,28.5018]],[[-95.1417,28.6556],[-95.1206,28.6751],[-95.065,28.6913],[-94.975,28.7044],[-94.9185,28.7079],[-94.8955,28.7016],[-94.8881,28.6898],[-94.8963,28.6722],[-94.9328,28.6385],[-94.9976,28.5885],[-95.038,28.5666],[-95.0541,28.5726],[-95.0641,28.5849],[-95.068,28.6034],[-95.0906,28.621],[-95.1317,28.6376],[-95.1417,28.6556]],[[-94.9307,28.5888],[-94.9058,28.6152],[-94.8753,28.6327],[-94.8391,28.6415],[-94.8209,28.6371],[-94.8207,28.6196],[-94.8319,28.602],[-94.8543,28.5844],[-94.8766,28.572],[-94.8989,28.5647],[-94.9183,28.5647],[-94.9348,28.572],[-94.9307,28.5888]],[[-95.1184,28.4975],[-95.0728,28.517],[-95.035,28.5276],[-95.005,28.5292],[-94.9823,28.5239],[-94.9668,28.5115],[-94.9618,28.4983],[-94.9673,28.4841],[-94.98,28.4738],[-95.0,28.4676],[-95.0428,28.4703],[-95.1084,28.482],[-95.1184,28.4975]],[[-94.863,28.5268],[-94.841,28.5346],[-94.8264,28.5346],[-94.8193,28.5268],[-94.8243,28.5179],[-94.8414,28.5077],[-94.856,28.5077],[-94.868,28.5179],[-94.863,28.5268]]]}},{"type":"Feature","properties":{"c":"#00cc00","v0":0.25,"v1":0.5},"geometry":{"type":"Polygon","coordinates":[[[-84.8467,29.4023],[-84.8374,29.4459],[-84.817,29.4705],[-84.7857,29.4762],[-84.755,29.4557],[-84.725,29.4089],[-84.69,29.3911],[-84.65,29.4026],[-84.62,29.4022],[-84.6,29.39],[-84.58,29.3479],[-84.56,29.2757],[-84.555,29.2358],[-84.565,29.2283],[-84.58,29.2272],[-84.6,29.2323],[-84.64,29.2624],[-84.7,29.3174],[-84.75,29.3383],[-84.79,29.325],[-84.8204,29.3339],[-84.8411,29.365],[-84.8467,29.4023]]]}},{"type":"Feature","properties":{"c":"#00cc00","v0":0.25,"v1":0.5},"geometry":{"type":"Polygon","coordinates":[[[-93.0716,29.4383],[-93.0439,29.4494],[-93.0051,29.4494],[-92.9554,29.4383],[-92.9354,29.4276],[-92.9451,29.4171],[-92.965,29.4106],[-92.995,29.4081],[-93.0289,29.4133],[-93.0666,29.4263],[-93.0716,29.4383]]]}},{"type":"Feature","properties":{"c":"#00cc00","v0":0.25,"v1":0.5},"geometry":{"type":"Polygon","coordinates":[[[-92.6696,29.4222],[-92.6432,29.4359],[-92.61,29.4428],[-92.57,29.4429],[-92.5283,29.436],[-92.4848,29.4223],[-92.4578,29.4067],[-92.4472,29.3893],[-92.4789,29.3686],[-92.553,29.3447],[-92.6053,29.3403],[-92.636,29.3555],[-92.6592,29.3762],[-92.675,29.4023],[-92.6696,29.4222]]]}},{"type":"Feature","properties":{"c":"#00cc00","v0":0.25,"v1":0.5},"geometry":{"type":"Polygon","coordinates":[[[-82.7491,29.317],[-82.723,29.3294],[-82.655,29.3416],[-82.545,29.3535],[-82.48,29.3583],[-82.46,29.3561],[-82.4459,29.3483],[-82.4376,29.3349],[-82.4526,29.3179],[-82.4909,29.2973],[-82.555,29.2855],[-82.645,29.2824],[-82.708,29.2884],[-82.7441,29.3033],[-82.7491,29.317]]]}},{"type":"Feature","properties":{"c":"#00cc00","v0":0.25,"v1":0.5},"geometry":{"type":"Polygon","coordinates":[[[-91.4016,29.2148],[-91.3937,29.2323],[-91.3748,29.2494],[-91.3449,29.2663],[-91.285,29.2857],[-91.195,29.3077],[-91.085,29.3106],[-90.955,29.2944],[-90.8628,29.275],[-90.8084,29.2523],[-90.7984,29.2306],[-90.8328,29.2097],[-90.9,29.1894],[-91.0,29.1699],[-91.09,29.1595],[-91.17,29.1584],[-91.25,29.1642],[-91.33,29.1769],[-91.3789,29.189],[-91.3967,29.2004],[-91.4016,29.2148]]]}},{"type":"Feature","properties":{"c":"#00cc00","v0":0.25,"v1":0.5},"geometry":{"type":"Polygon","coordinates":[[[-85.3259,29.2697],[-85.3153,29.2921],[-85.3,29.3023],[-85.28,29.3003],[-85.269,29.2891],[-85.267,29.2687],[-85.272,29.2517],[-85.284,29.2381],[-85.2951,29.2294],[-85.3052,29.2255],[-85.3155,29.2323],[-85.3259,29.2497],[-85.3259,29.2697]]]}},{"type":"Feature","properties":{"c":"#00cc00","v0":0.25,"v1":0.5},"geometry":{"type":"Polygon","coordinates":[[[-92.1593,29.2851],[-92.0464,29.2687],[-91.9667,29.2469],[-91.9202,29.2197],[-91.9152,29.2005],[-91.9517,29.1893],[-91.99,29.1869],[-92.03,29.1933],[-92.0837,29.212],[-92.1512,29.243],[-92.1926,29.2672],[-92.208,29.2846],[-92.1593,29.2851]]]}},{"type":"Feature","properties":{"c":"#00cc00","v0":0.25,"v1":0.5},"geometry":{"type":"Polygon","coordinates":[[[-92.5828,29.2649],[-92.5476,29.2777],[-92.5137,29.2733],[-92.4812,29.2518],[-92.4862,29.2367],[-92.5287,29.2282],[-92.5626,29.2325],[-92.5878,29.2498],[-92.5828,29.2649]]]}},{"type":"Feature","properties":{"c":"#00cc00","v0":0.25,"v1":0.5},"geometry":{"type":"Polygon","coordinates":[[[-90.5001,29.1975],[-90.4934,29.2152],[-90.46,29.2344],[-90.4,29.2553],[-90.3206,29.2334],[-90.2219,29.1686],[-90.1819,29.1304],[-90.2006,29.1188],[-90.2573,29.1188],[-90.3518,29.1304],[-90.4168,29.1406],[-90.4524,29.1493],[-90.4785,29.1624],[-90.4951,29.1799],[-90.5001,29.1975]]]}},{"type":"Feature","properties":{"c":"#00cc00","v0":0.25,"v1":0.5},"geometry":{"type":"Polygon","coordinates":[[[-85.9339,26.8012],[-85.9046,26.9013],[-85.855,26.9353],[-85.785,26.9031],[-85.73,26.8839],[-85.69,26.8775],[-85.655,26.8619],[-85.625,26.8369],[-85.6024,26.7883],[-85.5872,26.7159],[-85.5822,26.6733],[-85.5874,26.6607],[-85.6095,26.6517],[-85.6486,26.6465],[-85.6586,26.6314],[-85.6395,26.6063],[-85.61,26.6041],[-85.57,26.6249],[-85.5,26.6174],[-85.4,26.5816],[-85.34,26.5693],[-85.32,26.5803],[-85.2944,26.6138],[-85.2632,26.6696],[-85.2594,26.7154],[-85.2833,26.7511],[-85.3386,26.8002],[-85.4254,26.8627],[-85.4754,26.9073],[-85.4887,26.934],[-85.489,26.9729],[-85.4763,27.024],[-85.4319,27.0863],[-85.3557,27.16],[-85.317,27.2145],[-85.3157,27.2501],[-85.2938,27.27],[-85.2513,27.2743],[-85.2213,27.2832],[-85.2039,27.2967],[-85.2068,27.3345],[-85.2302,27.3967],[-85.235,27.45],[-85.2212,27.4943],[-85.2266,27.5431],[-85.2512,27.5963],[-85.2481,27.676],[-85.2174,27.7823],[-85.234,27.8998],[-85.298,28.0287],[-85.3686,28.1478],[-85.4459,28.2572],[-85.4861,28.3295],[-85.4894,28.3647],[-85.4811,28.4131],[-85.4612,28.4746],[-85.4594,28.5273],[-85.4759,28.5713],[-85.4829,28.6108],[-85.4805,28.6459],[-85.4726,28.681],[-85.4591,28.7161],[-85.4703,28.7512],[-85.5063,28.7862],[-85.5307,28.8527],[-85.5436,28.9504],[-85.54,29.0057],[-85.52,29.0188],[-85.485,29.0246],[-85.435,29.0232],[-85.365,29.0381],[-85.275,29.0691],[-85.195,29.0862],[-85.125,29.0894],[-85.05,29.0707],[-84.97,29.0301],[-84.89,29.0105],[-84.81,29.0121],[-84.75,29.0005],[-84.71,28.9756],[-84.65,28.9594],[-84.57,28.9518],[-84.475,28.9334],[-84.365,28.9042],[-84.2749,28.8725],[-84.2048,28.8384],[-84.1643,28.8125],[-84.1532,28.795],[-84.1526,28.7818],[-84.1626,28.7731],[-84.1946,28.7643],[-84.2486,28.7556],[-84.2393,28.7191],[-84.1664,28.6549],[-84.12,28.5914],[-84.1,28.5287],[-84.105,28.4946],[-84.135,28.4892],[-84.16,28.5143],[-84.18,28.5698],[-84.205,28.608],[-84.235,28.629],[-84.265,28.6317],[-84.295,28.6159],[-84.33,28.6088],[-84.37,28.6101],[-84.335,28.5306],[-84.225,28.3701],[-84.165,28.2856],[-84.155,28.2773],[-84.135,28.2757],[-84.105,28.2809],[-84.0832,28.2774],[-84.0695,28.2651],[-84.0633,28.2282],[-84.0647,28.1665],[-84.0965,28.1421],[-84.1588,28.1552],[-84.1962,28.1508],[-84.2087,28.1289],[-84.2144,28.1003],[-84.2133,28.065],[-84.1687,27.9988],[-84.0805,27.9017],[-84.0298,27.8278],[-84.0166,27.7774],[-83.99,27.7356],[-83.95,27.7024],[-83.9118,27.6479],[-83.8753,27.5721],[-83.8392,27.5121],[-83.8035,27.4677],[-83.7801,27.4056],[-83.7689,27.3257],[-83.7537,27.2634],[-83.7345,27.219],[-83.7308,27.1656],[-83.7427,27.1033],[-83.7318,27.0543],[-83.6981,27.0187],[-83.6236,26.9608],[-83.5083,26.8805],[-83.4287,26.8136],[-83.3848,26.76],[-83.3646,26.7295],[-83.3682,26.7221],[-83.4,26.7282],[-83.46,26.7478],[-83.5003,26.7382],[-83.521,26.6992],[-83.5251,26.6618],[-83.5126,26.626],[-83.4639,26.5634],[-83.3789,26.4739],[-83.3398,26.4221],[-83.3466,26.408],[-83.37,26.3997],[-83.41,26.3972],[-83.4331,26.3864],[-83.4394,26.3671],[-83.4145,26.3082],[-83.3583,26.2095],[-83.3352,26.1486],[-83.3451,26.1256],[-83.37,26.1216],[-83.41,26.1368],[-83.465,26.1888],[-83.5349,26.2774],[-83.5749,26.3453],[-83.585,26.3925],[-83.635,26.4419],[-83.725,26.4933],[-83.7805,26.5189],[-83.8014,26.5188],[-83.8181,26.5008],[-83.8306,26.465],[-83.8301,26.4372],[-83.8167,26.4175],[-83.79,26.4013],[-83.75,26.3886],[-83.72,26.3718],[-83.7,26.3509],[-83.6866,26.3134],[-83.6798,26.2591],[-83.6671,26.214],[-83.6482,26.1781],[-83.6416,26.1537],[-83.6472,26.1407],[-83.6812,26.1586],[-83.7435,26.2075],[-83.7785,26.2418],[-83.7862,26.2614],[-83.825,26.2771],[-83.895,26.289],[-83.975,26.3164],[-84.065,26.3592],[-84.14,26.3761],[-84.2,26.3671],[-84.2398,26.3478],[-84.2593,26.3184],[-84.2643,26.2678],[-84.2546,26.1961],[-84.1867,26.0434],[-84.0606,25.8096],[-84.0057,25.6847],[-84.0219,25.6692],[-84.04,25.6609],[-84.06,25.6598],[-84.0912,25.6766],[-84.1335,25.7112],[-84.1697,25.733],[-84.1998,25.742],[-84.2186,25.742],[-84.2261,25.733],[-84.2251,25.6925],[-84.2157,25.6204],[-84.2007,25.5679],[-84.1802,25.535],[-84.14,25.506],[-84.08,25.4807],[-84.035,25.4523],[-84.005,25.4209],[-83.96,25.4006],[-83.9,25.3914],[-83.82,25.3926],[-83.72,25.4041],[-83.6648,25.4219],[-83.6543,25.4459],[-83.652,25.4805],[-83.6581,25.5256],[-83.6553,25.5572],[-83.6435,25.5753],[-83.5958,25.5848],[-83.5119,25.5858],[-83.4618,25.5813],[-83.4455,25.5713],[-83.4399,25.5347],[-83.445,25.4715],[-83.4332,25.3963],[-83.4044,25.309],[-83.355,25.2299],[-83.285,25.159],[-83.23,25.1158],[-83.19,25.1003],[-83.1323,25.0527],[-83.0569,24.973],[-83.0119,24.9015],[-82.9973,24.8383],[-82.965,24.8102],[-82.915,24.8171],[-82.8798,24.8033],[-82.8593,24.7688],[-82.8493,24.7414],[-82.8498,24.7211],[-82.8697,24.703],[-82.9091,24.6869],[-82.9291,24.6607],[-82.9296,24.6243],[-82.935,24.6028],[-82.945,24.5961],[-82.985,24.606],[-83.055,24.6327],[-83.095,24.6418],[-83.105,24.6333],[-83.0975,24.587],[-83.0725,24.5027],[-83.0744,24.4242],[-83.1031,24.3513],[-83.1111,24.2693],[-83.0982,24.1781],[-83.1114,24.1292],[-83.1505,24.1226],[-83.18,24.1238],[-83.2,24.1328],[-83.2545,24.1954],[-83.3435,24.3115],[-83.4235,24.405],[-83.4945,24.4758],[-83.5373,24.4758],[-83.552,24.405],[-83.577,24.358],[-83.6123,24.3348],[-83.65,24.325],[-83.69,24.3284],[-83.76,24.3481],[-83.86,24.3842],[-83.97,24.4018],[-84.09,24.4009],[-84.16,24.3853],[-84.18,24.355],[-84.205,24.3315],[-84.235,24.3148],[-84.2569,24.2858],[-84.2706,24.2444],[-84.298,24.2146],[-84.339,24.1963],[-84.3652,24.1461],[-84.3766,24.064],[-84.4092,23.9928],[-84.4631,23.9327],[-84.5,23.902],[-84.52,23.9009],[-84.5671,23.9492],[-84.6413,24.0471],[-84.6951,24.1598],[-84.7286,24.2875],[-84.751,24.4151],[-84.7622,24.5425],[-84.7916,24.6198],[-84.8393,24.6471],[-84.8799,24.6916],[-84.9133,24.7532],[-84.9406,24.785],[-84.9618,24.7869],[-84.9701,24.7561],[-84.9656,24.6925],[-84.97,24.6465],[-84.9833,24.6182],[-85.01,24.5929],[-85.05,24.5707],[-85.085,24.542],[-85.115,24.5069],[-85.1412,24.4958],[-85.1636,24.5087],[-85.1725,24.5925],[-85.1681,24.747],[-85.1519,24.8437],[-85.124,24.8826],[-85.1081,24.9189],[-85.1043,24.9525],[-85.1143,24.9921],[-85.1381,25.0376],[-85.17,25.0755],[-85.21,25.1057],[-85.2426,25.1418],[-85.2678,25.1838],[-85.2821,25.2275],[-85.2855,25.2727],[-85.2686,25.3405],[-85.2316,25.4308],[-85.2334,25.5482],[-85.2741,25.6925],[-85.3333,25.8358],[-85.4111,25.9781],[-85.46,26.0559],[-85.48,26.0693],[-85.515,26.077],[-85.565,26.0791],[-85.605,26.0919],[-85.635,26.1155],[-85.6819,26.1804],[-85.7458,26.2865],[-85.8129,26.3844],[-85.8833,26.4739],[-85.926,26.5768],[-85.941,26.693],[-85.9339,26.8012]],[[-85.0153,28.9025],[-84.9984,28.9249],[-84.985,28.9341],[-84.975,28.9302],[-84.9727,28.919],[-84.9782,28.9006],[-84.9916,28.8914],[-85.013,28.8914],[-85.0153,28.9025]],[[-84.6701,28.8133],[-84.6567,28.8324],[-84.6407,28.8324],[-84.6221,28.8133],[-84.6221,28.7981],[-84.6407,28.7867],[-84.6567,28.7867],[-84.6701,28.7981],[-84.6701,28.8133]],[[-84.5939,28.5744],[-84.578,28.607],[-84.555,28.6265],[-84.525,28.6329],[-84.4565,28.5771],[-84.3495,28.459],[-84.2837,28.3735],[-84.259,28.3207],[-84.2525,28.238],[-84.2642,28.1253],[-84.3,28.0821],[-84.36,28.1085],[-84.4179,28.156],[-84.4736,28.2247],[-84.5084,28.2766],[-84.5223,28.3119],[-84.5239,28.3471],[-84.5132,28.3823],[-84.5314,28.4394],[-84.5783,28.5186],[-84.5939,28.5744]],[[-83.7372,26.6863],[-83.7324,26.6995],[-83.7266,26.6995],[-83.7199,26.6863],[-83.7223,26.6796],[-83.7338,26.6796],[-83.7372,26.6863]],[[-83.6681,26.9184],[-83.6427,26.9317],[-83.621,26.9317],[-83.6031,26.9184],[-83.5931,26.8828],[-83.591,26.825],[-83.6,26.7998],[-83.62,26.8071],[-83.6427,26.836],[-83.6681,26.8865],[-83.6681,26.9184]],[[-84.0005,25.2541],[-83.9935,25.2801],[-83.985,25.2934],[-83.975,25.2939],[-83.945,25.2771],[-83.895,25.243],[-83.8691,25.2116],[-83.8673,25.183],[-83.8773,25.1565],[-83.8991,25.1324],[-83.92,25.1223],[-83.94,25.1263],[-83.9635,25.1565],[-83.9905,25.2129],[-84.0005,25.2541]],[[-85.2949,27.0603],[-85.2783,27.0723],[-85.26,27.071],[-85.24,27.0564],[-85.2227,27.0236],[-85.2082,26.9728],[-85.1766,26.9296],[-85.1278,26.8939],[-85.1051,26.8579],[-85.1084,26.8215],[-85.12,26.803],[-85.14,26.8025],[-85.1707,26.8162],[-85.2122,26.8442],[-85.2505,26.9073],[-85.2856,27.0053],[-85.2949,27.0603]],[[-85.4522,26.3288],[-85.4241,26.3791],[-85.385,26.4009],[-85.335,26.3944],[-85.2944,26.3961],[-85.2631,26.4062],[-85.2358,26.4515],[-85.2123,26.5321],[-85.1619,26.6126],[-85.0846,26.693],[-85.0345,26.7556],[-85.0116,26.8002],[-84.9977,26.8511],[-84.9926,26.9082],[-84.9835,26.9349],[-84.9704,26.9314],[-84.9587,26.9117],[-84.9485,26.8761],[-84.925,26.8499],[-84.8883,26.8333],[-84.8585,26.8288],[-84.8356,26.8365],[-84.8333,26.8671],[-84.8516,26.9207],[-84.8481,26.9754],[-84.8227,27.0314],[-84.7996,27.0581],[-84.7789,27.0556],[-84.7701,27.0321],[-84.7731,26.9875],[-84.7685,26.9573],[-84.7562,26.9413],[-84.735,26.9368],[-84.705,26.9437],[-84.675,26.9434],[-84.645,26.936],[-84.6199,26.945],[-84.5997,26.9704],[-84.615,27.0187],[-84.6658,27.09],[-84.6884,27.1656],[-84.6829,27.2457],[-84.6876,27.3306],[-84.7025,27.4203],[-84.715,27.4702],[-84.725,27.4804],[-84.745,27.4787],[-84.775,27.4651],[-84.8,27.4603],[-84.82,27.4642],[-84.8513,27.4876],[-84.894,27.5305],[-84.9664,27.583],[-85.0685,27.645],[-85.1242,27.7247],[-85.1336,27.8221],[-85.2024,28.0033],[-85.3308,28.2678],[-85.388,28.4658],[-85.3742,28.5976],[-85.348,28.6964],[-85.3093,28.7621],[-85.28,28.797],[-85.26,28.8009],[-85.195,28.7897],[-85.085,28.7634],[-85.005,28.7632],[-84.955,28.7891],[-84.9149,28.8025],[-84.8847,28.8033],[-84.858,28.7862],[-84.8348,28.7512],[-84.811,28.6766],[-84.7866,28.5625],[-84.7833,28.4963],[-84.8011,28.4782],[-84.8392,28.465],[-84.8975,28.4567],[-84.9324,28.4394],[-84.9439,28.4131],[-84.9179,28.3603],[-84.8543,28.281],[-84.82,28.1929],[-84.8151,28.0959],[-84.7769,28.032],[-84.7056,28.0012],[-84.655,27.9934],[-84.625,28.0087],[-84.605,28.0368],[-84.595,28.0778],[-84.58,28.1016],[-84.56,28.1083],[-84.52,28.0879],[-84.46,28.0402],[-84.395,28.012],[-84.325,28.0032],[-84.268,27.9845],[-84.224,27.9558],[-84.1864,27.9017],[-84.1552,27.8221],[-84.1242,27.7602],[-84.0933,27.7159],[-84.0803,27.6716],[-84.0852,27.6273],[-84.0583,27.5834],[-83.9994,27.5398],[-83.9568,27.4999],[-83.9303,27.4637],[-83.9109,27.4233],[-83.8986,27.379],[-83.8979,27.3212],[-83.9087,27.2501],[-83.881,27.1612],[-83.8146,27.0543],[-83.7955,26.9964],[-83.8237,26.9875],[-83.8389,26.9652],[-83.841,26.9296],[-83.852,26.9028],[-83.8719,26.885],[-83.8673,26.8538],[-83.8382,26.8091],[-83.8252,26.7645],[-83.8282,26.7198],[-83.814,26.6707],[-83.7826,26.6171],[-83.792,26.5902],[-83.8422,26.5902],[-83.8729,26.5808],[-83.8843,26.5619],[-83.905,26.5447],[-83.935,26.5294],[-83.9528,26.5031],[-83.9584,26.4657],[-83.9734,26.4441],[-83.9978,26.4382],[-84.0428,26.4516],[-84.1084,26.4844],[-84.1584,26.5256],[-84.1928,26.5753],[-84.22,26.5857],[-84.24,26.5569],[-84.2771,26.5321],[-84.3314,26.5112],[-84.3797,26.4471],[-84.422,26.3396],[-84.4405,26.2544],[-84.435,26.1916],[-84.4196,26.1288],[-84.3943,26.0659],[-84.3932,26.021],[-84.4165,25.994],[-84.4167,25.9535],[-84.394,25.8996],[-84.3879,25.8591],[-84.3983,25.8321],[-84.3787,25.7871],[-84.3289,25.724],[-84.309,25.6339],[-84.3189,25.5166],[-84.2975,25.4173],[-84.2448,25.336],[-84.2139,25.2772],[-84.2048,25.241],[-84.2032,25.2048],[-84.2092,25.1686],[-84.2317,25.1324],[-84.2709,25.0962],[-84.2925,25.069],[-84.2964,25.0509],[-84.2708,25.0056],[-84.2158,24.9331],[-84.1931,24.8514],[-84.2026,24.7606],[-84.198,24.7071],[-84.1793,24.6907],[-84.15,24.6781],[-84.11,24.6692],[-84.075,24.6487],[-84.045,24.6165],[-83.9634,24.6018],[-83.8303,24.6047],[-83.7782,24.6516],[-83.8069,24.7425],[-83.8135,24.8045],[-83.7978,24.8378],[-83.7752,24.865],[-83.7456,24.8862],[-83.7468,24.9195],[-83.779,24.9648],[-83.7788,25.001],[-83.7463,25.0281],[-83.705,25.0418],[-83.655,25.0421],[-83.6439,25.0829],[-83.6716,25.1642],[-83.6787,25.2139],[-83.6652,25.232],[-83.6335,25.2455],[-83.5837,25.2546],[-83.5738,25.2953],[-83.604,25.3676],[-83.6068,25.426],[-83.5823,25.4704],[-83.555,25.4947],[-83.525,25.499],[-83.5001,25.4858],[-83.4802,25.4552],[-83.461,25.3992],[-83.4423,25.3179],[-83.3994,25.241],[-83.3321,25.1686],[-83.2824,25.1007],[-83.2503,25.0373],[-83.2182,24.9929],[-83.1861,24.9675],[-83.155,24.9583],[-83.125,24.9653],[-83.0978,24.9553],[-83.0733,24.9284],[-83.0756,24.9013],[-83.1048,24.8741],[-83.1112,24.8333],[-83.0948,24.7788],[-83.1107,24.747],[-83.159,24.7379],[-83.1626,24.6698],[-83.1216,24.5425],[-83.1166,24.4606],[-83.1478,24.4242],[-83.1628,24.3741],[-83.1619,24.3103],[-83.1543,24.2602],[-83.14,24.2237],[-83.1367,24.1963],[-83.1441,24.1781],[-83.1584,24.1747],[-83.1795,24.186],[-83.2457,24.2544],[-83.3571,24.3798],[-83.4271,24.4697],[-83.4557,24.5243],[-83.4698,24.5607],[-83.4695,24.5789],[-83.4432,24.6016],[-83.3908,24.6289],[-83.3672,24.6516],[-83.3723,24.6698],[-83.4194,24.7243],[-83.5085,24.8151],[-83.5673,24.8642],[-83.5958,24.8715],[-83.6234,24.8715],[-83.6501,24.8642],[-83.648,24.8287],[-83.6172,24.7652],[-83.6135,24.7152],[-83.637,24.6789],[-83.6331,24.6153],[-83.602,24.5243],[-83.5893,24.456],[-83.595,24.4105],[-83.6109,24.384],[-83.637,24.3765],[-83.675,24.3799],[-83.725,24.3941],[-83.775,24.4222],[-83.825,24.4642],[-83.87,24.4783],[-83.91,24.4644],[-83.95,24.4702],[-83.99,24.4956],[-84.025,24.509],[-84.055,24.5103],[-84.1051,24.4938],[-84.1754,24.4595],[-84.2308,24.4196],[-84.2713,24.3741],[-84.2984,24.3285],[-84.3118,24.283],[-84.3417,24.2647],[-84.388,24.2738],[-84.4233,24.21],[-84.4475,24.0731],[-84.4672,23.9969],[-84.4824,23.9815],[-84.5,23.9764],[-84.52,23.9816],[-84.5482,24.0167],[-84.5846,24.0817],[-84.6046,24.138],[-84.6082,24.1855],[-84.6268,24.2448],[-84.6603,24.3158],[-84.6718,24.3786],[-84.6611,24.4333],[-84.6588,24.4925],[-84.6647,24.5561],[-84.6975,24.6425],[-84.7571,24.7516],[-84.7906,24.8287],[-84.7979,24.8741],[-84.7961,24.9285],[-84.7852,24.992],[-84.7873,25.0355],[-84.8024,25.059],[-84.815,25.0705],[-84.825,25.0699],[-84.845,25.0419],[-84.875,24.9864],[-84.9078,24.9795],[-84.9433,25.0211],[-84.9698,25.1551],[-84.9875,25.3812],[-85.0146,25.5256],[-85.0511,25.5888],[-85.0595,25.6379],[-85.0398,25.673],[-85.0,25.6701],[-84.94,25.6292],[-84.895,25.6084],[-84.865,25.6078],[-84.835,25.6144],[-84.805,25.6282],[-84.7831,25.654],[-84.7692,25.6917],[-84.7692,25.7337],[-84.7831,25.78],[-84.81,25.8337],[-84.85,25.8948],[-84.89,25.9444],[-84.93,25.9826],[-84.961,26.0054],[-84.9829,26.0128],[-85.0133,26.003],[-85.0522,25.976],[-85.0516,25.94],[-85.0116,25.8951],[-84.9928,25.8411],[-84.9953,25.7781],[-85.0049,25.7393],[-85.0216,25.7247],[-85.04,25.7233],[-85.06,25.7352],[-85.0796,25.756],[-85.0989,25.7857],[-85.1099,25.8321],[-85.1127,25.8951],[-85.1086,25.94],[-85.0977,25.967],[-85.1505,26.0165],[-85.267,26.0883],[-85.3605,26.1692],[-85.431,26.2589],[-85.4522,26.3288]],[[-83.6553,26.6528],[-83.6506,26.6707],[-83.6387,26.6806],[-83.6196,26.6825],[-83.5599,26.6244],[-83.4598,26.5062],[-83.4348,26.4439],[-83.4849,26.4375],[-83.5352,26.451],[-83.5856,26.4842],[-83.6183,26.5097],[-83.6333,26.5276],[-83.645,26.5634],[-83.6534,26.6171],[-83.6553,26.6528]],[[-83.9639,24.856],[-83.945,24.9195],[-83.9291,24.9529],[-83.9164,24.9563],[-83.8927,24.9382],[-83.858,24.8985],[-83.848,24.8499],[-83.8627,24.7923],[-83.8958,24.7787],[-83.9475,24.809],[-83.9639,24.856]],[[-85.1781,27.1923],[-85.1612,27.219],[-85.1552,27.2501],[-85.1602,27.2857],[-85.1496,27.3129],[-85.1232,27.3317],[-85.095,27.3185],[-85.065,27.2732],[-85.0327,27.246],[-84.9982,27.2369],[-84.9982,27.208],[-85.0327,27.1593],[-85.0841,27.146],[-85.1524,27.168],[-85.1781,27.1923]],[[-84.3132,25.9339],[-84.3111,25.9486],[-84.2984,25.9621],[-84.2752,25.9744],[-84.2723,25.9985],[-84.2897,26.0344],[-84.2981,26.0614],[-84.2977,26.0794],[-84.2906,26.0884],[-84.2769,26.0886],[-84.2565,26.0661],[-84.2296,26.021],[-84.2188,25.985],[-84.224,25.958],[-84.2055,25.9221],[-84.163,25.8771],[-84.1364,25.8366],[-84.1256,25.8006],[-84.1423,25.7871],[-84.1866,25.7961],[-84.2289,25.8186],[-84.2695,25.8546],[-84.2958,25.8861],[-84.3081,25.9131],[-84.3132,25.9339]],[[-83.4975,26.3083],[-83.4925,26.3176],[-83.4613,26.2952],[-83.4038,26.2411],[-83.3701,26.2051],[-83.3602,26.1871],[-83.3589,26.1696],[-83.3663,26.1525],[-83.3873,26.1525],[-83.4218,26.1696],[-83.4543,26.2095],[-83.4847,26.2723],[-83.4975,26.3083]]]}},{"type":"Feature","properties":{"c":"#00cc00","v0":0.25,"v1":0.5},"geometry":{"type":"Polygon","coordinates":[[[-83.4511,28.8475],[-83.4104,28.9],[-83.35,28.932],[-83.27,28.9436],[-83.205,28.9713],[-83.155,29.0152],[-83.085,29.0357],[-82.995,29.0328],[-82.9642,29.0051],[-82.9928,28.9526],[-83.0428,28.9158],[-83.1143,28.8946],[-83.1607,28.8552],[-83.182,28.7975],[-83.207,28.7574],[-83.2357,28.7349],[-83.275,28.7242],[-83.325,28.7255],[-83.3711,28.7368],[-83.4134,28.7581],[-83.4437,28.7818],[-83.4623,28.8081],[-83.4511,28.8475]],[[-83.4252,28.8319],[-83.4017,28.853],[-83.355,28.864],[-83.285,28.8648],[-83.24,28.8601],[-83.22,28.8498],[-83.2073,28.8344],[-83.202,28.814],[-83.207,28.7912],[-83.2223,28.766],[-83.245,28.7479],[-83.275,28.737],[-83.3153,28.7408],[-83.3658,28.7594],[-83.4025,28.7818],[-83.4254,28.8081],[-83.4252,28.8319]]]}},{"type":"Feature","properties":{"c":"#00cc00","v0":0.25,"v1":0.5},"geometry":{"type":"Polygon","coordinates":[[[-80.1609,28.9838],[-80.1536,28.9935],[-80.135,28.9897],[-80.105,28.9723],[-80.0813,28.95],[-80.0638,28.9226],[-80.0682,28.9089],[-80.0944,28.9089],[-80.1218,28.9264],[-80.1503,28.9614],[-80.1609,28.9838]]]}},{"type":"Feature","properties":{"c":"#00cc00","v0":0.25,"v1":0.5},"geometry":{"type":"Polygon","coordinates":[[[-99.5113,28.5713],[-99.491,28.6327],[-99.4655,28.681],[-99.4347,28.7161],[-99.4287,28.7556],[-99.4476,28.7994],[-99.4488,28.8432],[-99.4324,28.887],[-99.4107,28.9233],[-99.3836,28.9522],[-99.35,28.9688],[-99.31,28.973],[-99.2875,28.9586],[-99.2825,28.9254],[-99.3012,28.8651],[-99.3435,28.7775],[-99.3539,28.7205],[-99.3324,28.6942],[-99.3243,28.6635],[-99.3297,28.6283],[-99.3667,28.5775],[-99.4356,28.511],[-99.4775,28.4803],[-99.4926,28.4853],[-99.5055,28.501],[-99.5161,28.5273],[-99.5113,28.5713]],[[-99.4718,28.5713],[-99.4519,28.6327],[-99.4339,28.6697],[-99.418,28.6822],[-99.4002,28.6865],[-99.3805,28.6828],[-99.3705,28.6623],[-99.3702,28.625],[-99.39,28.5853],[-99.43,28.543],[-99.458,28.5266],[-99.4739,28.5359],[-99.4718,28.5713]],[[-99.376,28.9001],[-99.3624,28.9176],[-99.3492,28.9244],[-99.3364,28.9204],[-99.335,28.9074],[-99.345,28.8854],[-99.355,28.872],[-99.365,28.8671],[-99.3732,28.8714],[-99.3796,28.8847],[-99.376,28.9001]]]}},{"type":"Feature","properties":{"c":"#00cc00","v0":0.25,"v1":0.5},"geometry":{"type":"Polygon","coordinates":[[[-80.5512,28.9485],[-80.5504,28.9579],[-80.545,28.9616],[-80.535,28.9596],[-80.525,28.945],[-80.515,28.9178],[-80.5204,28.9141],[-80.5412,28.934],[-80.5512,28.9485]]]}},{"type":"Feature","properties":{"c":"#00cc00","v0":0.25,"v1":0.5},"geometry":{"type":"Polygon","coordinates":[[[-80.2015,28.7336],[-80.1893,28.7687],[-80.1499,28.7868],[-80.0833,28.7878],[-80.0086,28.7527],[-79.9258,28.6815],[-79.8863,28.624],[-79.8902,28.5801],[-79.9016,28.5527],[-79.9205,28.542],[-79.95,28.5409],[-79.99,28.5494],[-80.0496,28.5811],[-80.1288,28.636],[-80.1782,28.6766],[-80.1978,28.7029],[-80.2015,28.7336]],[[-80.1349,28.7276],[-80.105,28.7505],[-80.075,28.7578],[-80.045,28.7495],[-80.0122,28.7249],[-79.9767,28.6839],[-79.9554,28.6459],[-79.9483,28.6108],[-79.9561,28.5904],[-79.9787,28.5847],[-80.015,28.5952],[-80.065,28.6221],[-80.105,28.6557],[-80.1349,28.6959],[-80.1349,28.7276]]]}},{"type":"Feature","properties":{"c":"#00cc00","v0":0.25,"v1":0.5},"geometry":{"type":"Polygon","coordinates":[[[-92.8041,28.6007],[-92.7547,28.6155],[-92.72,28.6339],[-92.7,28.6558],[-92.6394,28.6572],[-92.5383,28.638],[-92.5533,28.6143],[-92.6844,28.5861],[-92.7697,28.5773],[-92.8091,28.5879],[-92.8041,28.6007]]]}},{"type":"Feature","properties":{"c":"#00cc00","v0":0.25,"v1":0.5},"geometry":{"type":"Polygon","coordinates":[[[-80.4574,28.6635],[-80.4463,28.6635],[-80.4431,28.6585],[-80.4477,28.6485],[-80.4532,28.6485],[-80.4597,28.6585],[-80.4574,28.6635]]]}},{"type":"Feature","properties":{"c":"#00cc00","v0":0.25,"v1":0.5},"geometry":{"type":"Polygon","coordinates":[[[-81.0047,28.2134],[-80.9949,28.2278],[-80.975,28.2345],[-80.945,28.2334],[-80.915,28.2415],[-80.885,28.2587],[-80.8639,28.2476],[-80.8516,28.2082],[-80.8279,28.1929],[-80.7928,28.2017],[-80.7739,28.215],[-80.7712,28.2326],[-80.7832,28.2546],[-80.8099,28.281],[-80.8314,28.3163],[-80.8477,28.3603],[-80.8335,28.3999],[-80.7888,28.435],[-80.7591,28.4702],[-80.7446,28.5054],[-80.7105,28.5383],[-80.6568,28.5691],[-80.605,28.5796],[-80.555,28.5696],[-80.505,28.5507],[-80.455,28.5226],[-80.4,28.5106],[-80.34,28.5145],[-80.295,28.5363],[-80.265,28.5758],[-80.225,28.5801],[-80.175,28.5491],[-80.12,28.5283],[-80.06,28.5175],[-80.0127,28.5017],[-79.9781,28.4807],[-79.9581,28.4564],[-79.9527,28.4287],[-79.995,28.4089],[-80.085,28.397],[-80.17,28.4099],[-80.25,28.4475],[-80.2963,28.4585],[-80.3089,28.4429],[-80.3045,28.4087],[-80.2828,28.3559],[-80.2602,28.3163],[-80.2366,28.2898],[-80.2261,28.2524],[-80.2287,28.2038],[-80.2123,28.1642],[-80.1768,28.1334],[-80.1818,28.1128],[-80.2273,28.1025],[-80.2608,28.0848],[-80.2824,28.0599],[-80.2821,28.0342],[-80.2599,28.0077],[-80.2352,27.9591],[-80.2081,27.8884],[-80.1797,27.8354],[-80.1499,27.8],[-80.1232,27.7469],[-80.0995,27.676],[-80.0933,27.6315],[-80.1044,27.6133],[-80.1368,27.6089],[-80.1905,27.6182],[-80.1955,27.5963],[-80.1519,27.5431],[-80.1351,27.4949],[-80.145,27.4518],[-80.225,27.4591],[-80.375,27.5169],[-80.49,27.5843],[-80.57,27.6612],[-80.645,27.723],[-80.715,27.7697],[-80.7591,27.8125],[-80.7772,27.8513],[-80.7776,27.8884],[-80.7602,27.9238],[-80.7557,27.9547],[-80.7641,27.9812],[-80.7837,28.011],[-80.8146,28.0442],[-80.8616,28.0706],[-80.9248,28.0904],[-80.9697,28.1268],[-80.9963,28.1797],[-81.0047,28.2134]],[[-80.1896,28.483],[-80.1632,28.4734],[-80.155,28.4651],[-80.165,28.4582],[-80.1782,28.463],[-80.1946,28.4795],[-80.1896,28.483]],[[-80.7669,28.1268],[-80.7369,28.1797],[-80.7356,28.2326],[-80.763,28.2854],[-80.7713,28.3339],[-80.7605,28.3779],[-80.7339,28.4144],[-80.6913,28.4434],[-80.6539,28.4522],[-80.6216,28.4408],[-80.6016,28.4063],[-80.5939,28.3488],[-80.5494,28.2871],[-80.4682,28.2214],[-80.4263,28.1312],[-80.4236,28.0165],[-80.4368,27.9458],[-80.4658,27.9193],[-80.4677,27.8986],[-80.4426,27.8835],[-80.4162,27.8923],[-80.3887,27.9251],[-80.3637,27.9427],[-80.3412,27.9451],[-80.3222,27.9407],[-80.3065,27.9294],[-80.2938,27.9017],[-80.284,27.8575],[-80.2589,27.8044],[-80.2186,27.7425],[-80.2213,27.7183],[-80.2671,27.732],[-80.2944,27.732],[-80.3033,27.7183],[-80.2933,27.6796],[-80.2644,27.6158],[-80.2342,27.5671],[-80.2027,27.5334],[-80.1877,27.5096],[-80.1892,27.4958],[-80.2,27.4889],[-80.22,27.4889],[-80.3299,27.5579],[-80.5296,27.6957],[-80.6425,27.7823],[-80.6686,27.8177],[-80.677,27.853],[-80.6677,27.8884],[-80.6927,27.9547],[-80.7522,28.0518],[-80.7669,28.1268]],[[-80.4863,28.3968],[-80.4754,28.4257],[-80.4449,28.4213],[-80.3947,28.3836],[-80.3697,28.3485],[-80.3699,28.316],[-80.38,28.2969],[-80.4,28.2911],[-80.425,28.2939],[-80.455,28.3055],[-80.4754,28.329],[-80.4863,28.3645],[-80.4863,28.3968]]]}},{"type":"Feature","properties":{"c":"#00cc00","v0":0.25,"v1":0.5},"geometry":{"type":"Polygon","coordinates":[[[-93.47,28.5613],[-93.4433,28.5676],[-93.4189,28.5676],[-93.3966,28.5613],[-93.3852,28.5537],[-93.3848,28.5449],[-93.4009,28.5395],[-93.4336,28.5375],[-93.4583,28.5419],[-93.475,28.5527],[-93.47,28.5613]]]}},{"type":"Feature","properties":{"c":"#00cc00","v0":0.25,"v1":0.5},"geometry":{"type":"Polygon","coordinates":[[[-100.4044,27.5076],[-100.3843,27.5609],[-100.3531,27.5998],[-100.311,27.6244],[-100.255,27.685],[-100.185,27.7815],[-100.115,27.8421],[-100.045,27.8669],[-99.985,27.8982],[-99.935,27.9359],[-99.8656,27.9956],[-99.7768,28.0772],[-99.7271,28.1444],[-99.7165,28.1973],[-99.6609,28.2476],[-99.5603,28.2954],[-99.5041,28.335],[-99.4924,28.3665],[-99.4724,28.3825],[-99.4441,28.383],[-99.4349,28.3434],[-99.4448,28.2637],[-99.426,28.2061],[-99.3785,28.1709],[-99.3736,28.118],[-99.4114,28.0474],[-99.4144,27.9458],[-99.3824,27.8132],[-99.3724,27.7344],[-99.3841,27.7093],[-99.4347,27.6651],[-99.524,27.6015],[-99.5668,27.5476],[-99.5631,27.5032],[-99.5689,27.45],[-99.5842,27.3878],[-99.5702,27.3434],[-99.5268,27.3168],[-99.5003,27.2946],[-99.4905,27.2768],[-99.5167,27.2287],[-99.5789,27.1503],[-99.67,27.0904],[-99.79,27.0492],[-99.895,27.035],[-99.985,27.0479],[-100.0337,27.0632],[-100.041,27.0811],[-100.0373,27.1033],[-100.0223,27.13],[-100.02,27.1523],[-100.0303,27.1701],[-100.0996,27.2012],[-100.2277,27.2457],[-100.286,27.2857],[-100.2744,27.3212],[-100.274,27.3737],[-100.2847,27.4431],[-100.295,27.4819],[-100.305,27.4901],[-100.33,27.4835],[-100.37,27.462],[-100.3961,27.4587],[-100.4084,27.4736],[-100.4044,27.5076]],[[-100.156,27.5742],[-100.1269,27.6539],[-100.0918,27.7054],[-100.0506,27.7287],[-100.0,27.7689],[-99.94,27.826],[-99.8854,27.8674],[-99.8362,27.8932],[-99.7962,27.9315],[-99.7654,27.9823],[-99.7412,28.0088],[-99.7236,28.011],[-99.6986,28.0001],[-99.6662,27.9761],[-99.6157,27.9628],[-99.5472,27.9603],[-99.4907,27.9105],[-99.4462,27.8132],[-99.4533,27.7336],[-99.512,27.6716],[-99.5751,27.6185],[-99.6426,27.5742],[-99.6642,27.5343],[-99.6397,27.4988],[-99.6433,27.4455],[-99.6752,27.3745],[-99.6887,27.3301],[-99.6838,27.3123],[-99.6684,27.2946],[-99.6425,27.2768],[-99.6286,27.2457],[-99.6265,27.2012],[-99.6316,27.1693],[-99.6439,27.1499],[-99.665,27.1381],[-99.695,27.1338],[-99.747,27.1391],[-99.8211,27.1538],[-99.8811,27.1966],[-99.927,27.2673],[-99.9859,27.3251],[-100.0577,27.3699],[-100.0987,27.41],[-100.1091,27.4455],[-100.1284,27.481],[-100.1564,27.5165],[-100.156,27.5742]],[[-99.592,28.1797],[-99.5825,28.1973],[-99.5708,28.2046],[-99.5569,28.2016],[-99.555,28.1896],[-99.565,28.1685],[-99.5767,28.1612],[-99.5901,28.1677],[-99.592,28.1797]]]}},{"type":"Feature","properties":{"c":"#00cc00","v0":0.25,"v1":0.5},"geometry":{"type":"Polygon","coordinates":[[[-94.637,28.1959],[-94.6057,28.2106],[-94.5772,28.2106],[-94.5515,28.1959],[-94.5515,28.1817],[-94.5772,28.1682],[-94.6057,28.1682],[-94.637,28.1817],[-94.637,28.1959]]]}},{"type":"Feature","properties":{"c":"#00cc00","v0":0.25,"v1":0.5},"geometry":{"type":"Polygon","coordinates":[[[-94.9573,28.1753],[-94.9561,28.1841],[-94.9485,28.1885],[-94.9343,28.1885],[-94.9274,28.1841],[-94.9276,28.1753],[-94.9353,28.1709],[-94.9503,28.1709],[-94.9573,28.1753]]]}},{"type":"Feature","properties":{"c":"#00cc00","v0":0.25,"v1":0.5},"geometry":{"type":"Polygon","coordinates":[[[-95.3576,28.1224],[-95.3248,28.1312],[-95.2909,28.1268],[-95.2559,28.1092],[-95.2613,28.0954],[-95.3071,28.0856],[-95.341,28.09],[-95.363,28.1087],[-95.3576,28.1224]]]}},{"type":"Feature","properties":{"c":"#00cc00","v0":0.25,"v1":0.5},"geometry":{"type":"Polygon","coordinates":[[[-95.5491,28.0297],[-95.4941,28.0297],[-95.4825,28.0245],[-95.5142,28.014],[-95.5417,28.014],[-95.565,28.0245],[-95.5491,28.0297]]]}},{"type":"Feature","properties":{"c":"#00cc00","v0":0.25,"v1":0.5},"geometry":{"type":"Polygon","coordinates":[[[-84.0021,27.9454],[-83.994,27.9535],[-83.985,27.954],[-83.975,27.947],[-83.965,27.9292],[-83.955,27.9007],[-83.964,27.9001],[-83.9921,27.9277],[-84.0021,27.9454]]]}},{"type":"Feature","properties":{"c":"#00cc00","v0":0.25,"v1":0.5},"geometry":{"type":"Polygon","coordinates":[[[-95.3777,27.561],[-95.3592,27.5791],[-95.3301,27.5835],[-95.2904,27.5743],[-95.2854,27.56],[-95.3151,27.5407],[-95.3442,27.5363],[-95.3727,27.5467],[-95.3777,27.561]]]}},{"type":"Feature","properties":{"c":"#00cc00","v0":0.25,"v1":0.5},"geometry":{"type":"Polygon","coordinates":[[[-86.4518,27.362],[-86.4506,27.3724],[-86.4427,27.3768],[-86.428,27.3753],[-86.423,27.3649],[-86.4277,27.3458],[-86.4356,27.3414],[-86.4468,27.3516],[-86.4518,27.362]]]}},{"type":"Feature","properties":{"c":"#00cc00","v0":0.25,"v1":0.5},"geometry":{"type":"Polygon","coordinates":[[[-97.3883,27.1793],[-97.3761,27.2155],[-97.35,27.2425],[-97.31,27.2602],[-97.28,27.2675],[-97.26,27.2643],[-97.2434,27.2551],[-97.2302,27.2399],[-97.2252,27.2042],[-97.2284,27.1478],[-97.205,27.1286],[-97.155,27.1466],[-97.12,27.1519],[-97.1,27.1445],[-97.0838,27.1148],[-97.0714,27.0626],[-97.0693,27.0009],[-97.0774,26.9296],[-97.0671,26.8627],[-97.0383,26.8002],[-97.0209,26.7109],[-97.015,26.5947],[-97.0016,26.5238],[-96.9805,26.4983],[-96.915,26.5233],[-96.805,26.599],[-96.7379,26.6341],[-96.7136,26.6287],[-96.7006,26.6037],[-96.6989,26.5589],[-96.711,26.5058],[-96.737,26.4441],[-96.78,26.4222],[-96.84,26.44],[-96.895,26.4494],[-96.945,26.4502],[-96.99,26.4434],[-97.03,26.4289],[-97.06,26.4243],[-97.08,26.4296],[-97.0764,26.4136],[-97.0493,26.3762],[-97.0307,26.3306],[-97.0206,26.2768],[-97.0241,26.234],[-97.0414,26.202],[-97.07,26.1924],[-97.11,26.205],[-97.142,26.2255],[-97.1661,26.2537],[-97.1819,26.3396],[-97.1895,26.4829],[-97.2185,26.5813],[-97.2689,26.635],[-97.2956,26.6886],[-97.2985,26.7422],[-97.318,26.8136],[-97.3541,26.9028],[-97.3777,27.0009],[-97.3888,27.1078],[-97.3883,27.1793]],[[-97.1504,27.0721],[-97.1366,27.0721],[-97.1347,27.0675],[-97.1449,27.0583],[-97.1518,27.0583],[-97.1555,27.0675],[-97.1504,27.0721]],[[-96.8668,26.5143],[-96.8423,26.5415],[-96.805,26.562],[-96.755,26.5759],[-96.7286,26.5669],[-96.7257,26.5347],[-96.7357,26.5069],[-96.7586,26.4834],[-96.79,26.4729],[-96.83,26.4753],[-96.8573,26.4826],[-96.8718,26.4947],[-96.8668,26.5143]],[[-97.3606,27.1884],[-97.3535,27.2072],[-97.34,27.2223],[-97.32,27.2336],[-97.2962,27.2331],[-97.2687,27.2207],[-97.2687,27.1774],[-97.2962,27.1029],[-97.3235,27.094],[-97.3506,27.1507],[-97.3606,27.1884]],[[-97.3234,26.9578],[-97.3145,26.9785],[-97.3,26.9947],[-97.28,27.0063],[-97.25,27.011],[-97.21,27.0088],[-97.1825,27.0015],[-97.1675,26.9892],[-97.1494,26.9608],[-97.1282,26.9162],[-97.1188,26.8805],[-97.1212,26.8538],[-97.1059,26.8225],[-97.0727,26.7868],[-97.0513,26.7288],[-97.0418,26.6484],[-97.0452,26.5929],[-97.0617,26.5623],[-97.085,26.5496],[-97.115,26.5547],[-97.1601,26.5833],[-97.2203,26.6356],[-97.2546,26.6752],[-97.2628,26.702],[-97.2614,26.7332],[-97.2501,26.769],[-97.2559,26.7992],[-97.2786,26.8239],[-97.2995,26.864],[-97.3184,26.9196],[-97.3234,26.9578]],[[-97.1374,26.3106],[-97.1325,26.3243],[-97.12,26.3297],[-97.1,26.3268],[-97.08,26.3062],[-97.06,26.268],[-97.065,26.248],[-97.095,26.2462],[-97.1175,26.2599],[-97.1324,26.2891],[-97.1374,26.3106]]]}},{"type":"Feature","properties":{"c":"#00cc00","v0":0.25,"v1":0.5},"geometry":{"type":"Polygon","coordinates":[[[-79.8337,27.226],[-79.8179,27.2489],[-79.7898,27.2578],[-79.7494,27.2527],[-79.711,27.2234],[-79.6745,27.1701],[-79.6225,27.1211],[-79.5549,27.0766],[-79.5213,27.041],[-79.5217,27.0142],[-79.5389,26.9811],[-79.573,26.9416],[-79.6,26.9191],[-79.62,26.9138],[-79.6363,26.9157],[-79.649,26.925],[-79.6649,26.9474],[-79.6839,26.9831],[-79.7225,27.0314],[-79.7808,27.0924],[-79.8179,27.1458],[-79.8337,27.1916],[-79.8337,27.226]],[[-79.7794,27.1656],[-79.7731,27.1745],[-79.765,27.1759],[-79.755,27.1698],[-79.745,27.1532],[-79.735,27.1261],[-79.7431,27.1247],[-79.7694,27.149],[-79.7794,27.1656]]]}},{"type":"Feature","properties":{"c":"#00cc00","v0":0.25,"v1":0.5},"geometry":{"type":"Polygon","coordinates":[[[-80.6534,27.2088],[-80.6378,27.2328],[-80.61,27.2411],[-80.57,27.2336],[-80.53,27.2152],[-80.49,27.1858],[-80.455,27.1777],[-80.425,27.1911],[-80.395,27.1965],[-80.365,27.1941],[-80.33,27.1722],[-80.29,27.1307],[-80.2263,27.0871],[-80.1389,27.0415],[-80.0619,26.9652],[-79.9953,26.8582],[-79.957,26.7868],[-79.9469,26.7511],[-79.9838,26.7473],[-80.0679,26.7753],[-80.13,26.7905],[-80.17,26.7929],[-80.2137,26.7879],[-80.2611,26.7753],[-80.2849,26.7645],[-80.2849,26.7556],[-80.2612,26.7374],[-80.2137,26.7099],[-80.1875,26.6831],[-80.1826,26.657],[-80.2076,26.6499],[-80.2625,26.6618],[-80.3127,26.6886],[-80.3582,26.7303],[-80.3823,26.7556],[-80.3849,26.7645],[-80.3747,26.7734],[-80.3518,26.7824],[-80.3453,26.8091],[-80.3551,26.8538],[-80.3675,26.8913],[-80.3825,26.9216],[-80.408,26.9484],[-80.4441,26.9715],[-80.4691,27.0138],[-80.483,27.0751],[-80.52,27.1133],[-80.58,27.1284],[-80.6228,27.1511],[-80.6484,27.1815],[-80.6534,27.2088]],[[-80.4026,27.1336],[-80.3942,27.1498],[-80.38,27.1562],[-80.36,27.1527],[-80.34,27.1314],[-80.32,27.0921],[-80.325,27.0742],[-80.355,27.0775],[-80.3792,27.0908],[-80.3976,27.114],[-80.4026,27.1336]],[[-80.3204,26.9385],[-80.3095,27.0276],[-80.2805,27.0701],[-80.2335,27.066],[-80.1859,27.0482],[-80.1376,27.0167],[-80.0847,26.9519],[-80.0272,26.8538],[-80.0063,26.8012],[-80.0221,26.7943],[-80.06,26.8022],[-80.12,26.8247],[-80.18,26.8302],[-80.24,26.8187],[-80.2799,26.8198],[-80.2996,26.8335],[-80.3136,26.8538],[-80.3217,26.8805],[-80.3204,26.9385]]]}},{"type":"Feature","properties":{"c":"#00cc00","v0":0.25,"v1":0.5},"geometry":{"type":"Polygon","coordinates":[[[-96.6581,27.1683],[-96.6527,27.1826],[-96.64,27.1929],[-96.62,27.1993],[-96.615,27.189],[-96.625,27.1619],[-96.635,27.1462],[-96.645,27.1421],[-96.6527,27.1453],[-96.6581,27.1559],[-96.6581,27.1683]]]}},{"type":"Feature","properties":{"c":"#00cc00","v0":0.25,"v1":0.5},"geometry":{"type":"Polygon","coordinates":[[[-100.3397,26.874],[-100.3199,26.9056],[-100.2925,26.9101],[-100.2575,26.8874],[-100.2575,26.8611],[-100.2925,26.8311],[-100.3167,26.8177],[-100.33,26.8209],[-100.3399,26.8315],[-100.3464,26.8493],[-100.3397,26.874]]]}},{"type":"Feature","properties":{"c":"#00cc00","v0":0.25,"v1":0.5},"geometry":{"type":"Polygon","coordinates":[[[-80.5891,26.9103],[-80.563,26.9074],[-80.5419,26.894],[-80.5258,26.8702],[-80.4917,26.8404],[-80.4397,26.8047],[-80.4228,26.7815],[-80.4409,26.7708],[-80.46,26.7691],[-80.48,26.7763],[-80.518,26.8129],[-80.5741,26.8788],[-80.5891,26.9103]]]}},{"type":"Feature","properties":{"c":"#00cc00","v0":0.25,"v1":0.5},"geometry":{"type":"Polygon","coordinates":[[[-100.1193,26.3709],[-100.0906,26.4336],[-100.0397,26.4845],[-99.9666,26.5234],[-99.91,26.5663],[-99.87,26.613],[-99.8273,26.6516],[-99.782,26.6822],[-99.7348,26.7377],[-99.6858,26.8181],[-99.6435,26.8639],[-99.6078,26.8753],[-99.5566,26.8575],[-99.4897,26.8104],[-99.4397,26.7513],[-99.4066,26.6802],[-99.3657,26.6399],[-99.317,26.6307],[-99.257,26.5741],[-99.1857,26.4701],[-99.1236,26.3985],[-99.0709,26.3592],[-99.0659,26.3028],[-99.1086,26.2293],[-99.175,26.214],[-99.265,26.257],[-99.35,26.2904],[-99.43,26.3145],[-99.4927,26.3118],[-99.5382,26.2825],[-99.5436,26.2365],[-99.5088,26.1736],[-99.4711,26.1305],[-99.4304,26.1071],[-99.3843,26.0891],[-99.3329,26.0766],[-99.2904,26.0479],[-99.2568,26.003],[-99.2019,25.958],[-99.1258,25.9131],[-99.0684,25.8856],[-99.0295,25.8756],[-98.9879,25.8756],[-98.9437,25.8856],[-98.9137,25.9096],[-98.8979,25.9475],[-98.835,25.9694],[-98.725,25.9751],[-98.63,25.9992],[-98.55,26.0416],[-98.465,26.0658],[-98.375,26.0718],[-98.305,26.0701],[-98.255,26.0608],[-98.245,26.0429],[-98.275,26.0162],[-98.325,25.9887],[-98.395,25.9602],[-98.49,25.9428],[-98.61,25.9363],[-98.7018,25.8955],[-98.7653,25.8202],[-98.7956,25.7691],[-98.7926,25.742],[-98.7759,25.7097],[-98.7453,25.672],[-98.7125,25.6585],[-98.6774,25.6691],[-98.6621,25.697],[-98.6664,25.742],[-98.6489,25.7747],[-98.6096,25.7949],[-98.5806,25.7994],[-98.5619,25.7882],[-98.5451,25.76],[-98.5304,25.715],[-98.4503,25.688],[-98.305,25.679],[-98.2317,25.6695],[-98.2306,25.6595],[-98.255,25.6539],[-98.305,25.6528],[-98.335,25.6474],[-98.345,25.6376],[-98.3646,25.6116],[-98.3937,25.5693],[-98.4112,25.5301],[-98.4169,25.494],[-98.4322,25.4624],[-98.4571,25.4354],[-98.4657,25.4083],[-98.4579,25.3812],[-98.43,25.345],[-98.3821,25.2998],[-98.3734,25.2455],[-98.404,25.1822],[-98.442,25.1372],[-98.4873,25.1106],[-98.53,25.1008],[-98.57,25.1079],[-98.605,25.1245],[-98.635,25.1503],[-98.69,25.1558],[-98.77,25.1408],[-98.8219,25.1376],[-98.8457,25.1462],[-98.8723,25.1686],[-98.9018,25.2048],[-98.9499,25.2227],[-99.0166,25.2223],[-99.0593,25.2269],[-99.078,25.2363],[-99.113,25.2682],[-99.1644,25.3224],[-99.1859,25.3721],[-99.1775,25.4173],[-99.1944,25.467],[-99.2367,25.5211],[-99.2549,25.5798],[-99.2492,25.6429],[-99.2623,25.6921],[-99.2941,25.7274],[-99.33,25.7459],[-99.37,25.7475],[-99.4273,25.7659],[-99.502,25.801],[-99.5459,25.8321],[-99.5591,25.8591],[-99.5666,25.9041],[-99.5684,25.967],[-99.5795,26.0125],[-99.5998,26.0404],[-99.6347,26.0539],[-99.6842,26.0529],[-99.7266,25.9985],[-99.7621,25.8906],[-99.7974,25.8233],[-99.8325,25.7968],[-99.86,25.7845],[-99.88,25.7866],[-99.9091,25.8134],[-99.9472,25.8648],[-99.9635,25.9131],[-99.9582,25.958],[-99.9441,25.9928],[-99.9214,26.0174],[-99.89,26.0289],[-99.85,26.0272],[-99.8,26.0339],[-99.74,26.0491],[-99.7109,26.0646],[-99.7126,26.0804],[-99.7276,26.0953],[-99.7559,26.1091],[-99.805,26.1181],[-99.875,26.1223],[-99.95,26.1481],[-100.03,26.1954],[-100.0824,26.2313],[-100.1072,26.2557],[-100.1231,26.2858],[-100.1302,26.3216],[-100.1193,26.3709]],[[-99.6483,26.4462],[-99.6094,26.4804],[-99.6015,26.5341],[-99.6245,26.6073],[-99.6333,26.6618],[-99.6279,26.6975],[-99.6164,26.7232],[-99.5988,26.7388],[-99.58,26.7461],[-99.56,26.7452],[-99.5387,26.7374],[-99.516,26.7227],[-99.4966,26.6886],[-99.4806,26.635],[-99.4583,26.5858],[-99.4298,26.541],[-99.3691,26.501],[-99.2764,26.4656],[-99.2267,26.4387],[-99.2202,26.4204],[-99.2223,26.4023],[-99.2329,26.3844],[-99.2149,26.362],[-99.1682,26.3351],[-99.1511,26.3126],[-99.1637,26.2945],[-99.18,26.2839],[-99.2,26.2808],[-99.2283,26.2944],[-99.2649,26.3245],[-99.2999,26.3357],[-99.3333,26.3278],[-99.375,26.3355],[-99.425,26.3586],[-99.4919,26.3715],[-99.5758,26.3741],[-99.6302,26.3889],[-99.6552,26.4157],[-99.6483,26.4462]],[[-99.4899,25.9588],[-99.4766,25.9872],[-99.445,26.0074],[-99.395,26.0196],[-99.355,26.0005],[-99.325,25.95],[-99.24,25.9021],[-99.1,25.8565],[-99.01,25.8322],[-98.97,25.8293],[-98.9223,25.839],[-98.8668,25.8614],[-98.8308,25.8906],[-98.8143,25.9266],[-98.792,25.949],[-98.7636,25.958],[-98.7434,25.958],[-98.7312,25.949],[-98.7279,25.9311],[-98.7336,25.9041],[-98.758,25.8816],[-98.8011,25.8636],[-98.8312,25.8366],[-98.8483,25.8006],[-98.8488,25.76],[-98.8326,25.715],[-98.833,25.6699],[-98.8499,25.6249],[-98.7863,25.6194],[-98.6421,25.6534],[-98.5321,25.6625],[-98.4564,25.6464],[-98.4308,25.6068],[-98.4553,25.5437],[-98.4822,25.494],[-98.5116,25.4579],[-98.4991,25.3992],[-98.4449,25.3179],[-98.4509,25.2833],[-98.517,25.2956],[-98.57,25.2947],[-98.61,25.2808],[-98.6476,25.2928],[-98.6827,25.3306],[-98.7242,25.3631],[-98.7721,25.3902],[-98.8645,25.4153],[-99.0015,25.4385],[-99.0909,25.461],[-99.1326,25.483],[-99.1643,25.5076],[-99.1862,25.5347],[-99.1903,25.6023],[-99.1766,25.7105],[-99.1748,25.7779],[-99.1849,25.8047],[-99.2,25.8282],[-99.22,25.8484],[-99.26,25.8696],[-99.32,25.8918],[-99.38,25.8897],[-99.44,25.8632],[-99.4766,25.8736],[-99.4899,25.9209],[-99.4899,25.9588]],[[-98.5782,25.9895],[-98.5688,26.0075],[-98.5505,26.0222],[-98.5235,26.0337],[-98.4814,26.0337],[-98.4241,26.0222],[-98.4141,26.0037],[-98.4514,25.9783],[-98.49,25.9646],[-98.53,25.9627],[-98.5582,25.9664],[-98.5747,25.9758],[-98.5782,25.9895]],[[-98.6143,25.7519],[-98.5981,25.7627],[-98.5874,25.7627],[-98.5822,25.7519],[-98.5822,25.7421],[-98.5874,25.7332],[-98.5981,25.7332],[-98.6143,25.7421],[-98.6143,25.7519]],[[-98.9353,25.3889],[-98.9051,25.3954],[-98.8736,25.3908],[-98.8409,25.3753],[-98.8359,25.3626],[-98.8586,25.3527],[-98.8901,25.3572],[-98.9303,25.3762],[-98.9353,25.3889]],[[-98.802,25.2275],[-98.7716,25.2727],[-98.7448,25.2994],[-98.7216,25.3077],[-98.7069,25.3077],[-98.7008,25.2994],[-98.7092,25.2682],[-98.7322,25.2139],[-98.7552,25.1823],[-98.7784,25.1734],[-98.7968,25.1779],[-98.8104,25.1959],[-98.802,25.2275]],[[-98.5375,25.1764],[-98.5192,25.1918],[-98.5016,25.1918],[-98.4849,25.1764],[-98.4849,25.1633],[-98.5016,25.1525],[-98.5192,25.1525],[-98.5375,25.1633],[-98.5375,25.1764]]]}},{"type":"Feature","properties":{"c":"#00cc00","v0":0.25,"v1":0.5},"geometry":{"type":"Polygon","coordinates":[[[-86.3213,26.8292],[-86.3138,26.8425],[-86.3,26.8488],[-86.28,26.8482],[-86.255,26.8204],[-86.225,26.7654],[-86.23,26.7423],[-86.27,26.7512],[-86.2988,26.7724],[-86.3163,26.8058],[-86.3213,26.8292]]]}},{"type":"Feature","properties":{"c":"#00cc00","v0":0.25,"v1":0.5},"geometry":{"type":"Polygon","coordinates":[[[-97.1936,26.7954],[-97.1779,26.8125],[-97.1609,26.8214],[-97.1428,26.8222],[-97.1428,26.7904],[-97.1609,26.7262],[-97.1779,26.7172],[-97.1936,26.7636],[-97.1936,26.7954]]]}},{"type":"Feature","properties":{"c":"#00cc00","v0":0.25,"v1":0.5},"geometry":{"type":"Polygon","coordinates":[[[-79.5916,26.704],[-79.5639,26.7528],[-79.53,26.7736],[-79.49,26.7666],[-79.4533,26.7467],[-79.4198,26.7139],[-79.3745,26.6841],[-79.3174,26.6573],[-79.2792,26.626],[-79.26,26.5902],[-79.223,26.55],[-79.1681,26.5053],[-79.1399,26.4695],[-79.1385,26.4426],[-79.1558,26.4241],[-79.1919,26.414],[-79.27,26.4303],[-79.39,26.4731],[-79.4714,26.514],[-79.5141,26.5529],[-79.5529,26.5992],[-79.588,26.6528],[-79.5916,26.704]],[[-79.4596,26.6307],[-79.4399,26.6402],[-79.415,26.6408],[-79.385,26.6327],[-79.3337,26.5923],[-79.2612,26.5193],[-79.234,26.4829],[-79.2522,26.4829],[-79.2784,26.4969],[-79.3128,26.5248],[-79.355,26.5444],[-79.405,26.5555],[-79.4399,26.5773],[-79.4596,26.6098],[-79.4596,26.6307]]]}},{"type":"Feature","properties":{"c":"#00cc00","v0":0.25,"v1":0.5},"geometry":{"type":"Polygon","coordinates":[[[-79.9599,26.6399],[-79.9266,26.6677],[-79.895,26.6684],[-79.865,26.642],[-79.8312,26.6236],[-79.7937,26.6133],[-79.7627,26.5902],[-79.7383,26.5545],[-79.7821,26.5519],[-79.894,26.5824],[-79.9566,26.6048],[-79.9699,26.6189],[-79.9599,26.6399]]]}},{"type":"Feature","properties":{"c":"#00cc00","v0":0.25,"v1":0.5},"geometry":{"type":"Polygon","coordinates":[[[-80.5598,26.5274],[-80.5399,26.5447],[-80.51,26.5511],[-80.47,26.5466],[-80.435,26.5595],[-80.405,26.59],[-80.376,26.6015],[-80.3479,26.594],[-80.306,26.5589],[-80.2502,26.4963],[-80.2214,26.4471],[-80.2194,26.4112],[-80.2049,26.362],[-80.1778,26.2992],[-80.1707,26.2445],[-80.1836,26.1978],[-80.225,26.1844],[-80.295,26.2043],[-80.375,26.2531],[-80.465,26.3308],[-80.5249,26.4069],[-80.5548,26.4814],[-80.5598,26.5274]],[[-80.3613,26.522],[-80.3538,26.5286],[-80.336,26.5241],[-80.3081,26.5086],[-80.2881,26.4897],[-80.276,26.4674],[-80.2838,26.4585],[-80.3113,26.4628],[-80.3351,26.4784],[-80.3551,26.5053],[-80.3613,26.522]],[[-80.5076,26.4548],[-80.4959,26.4702],[-80.48,26.4771],[-80.46,26.4754],[-80.41,26.4523],[-80.33,26.4078],[-80.2728,26.3607],[-80.2384,26.3107],[-80.2234,26.2751],[-80.2278,26.2537],[-80.24,26.2382],[-80.26,26.2287],[-80.28,26.2266],[-80.3,26.2318],[-80.3534,26.2742],[-80.4403,26.3536],[-80.4911,26.4068],[-80.506,26.4336],[-80.5076,26.4548]]]}},{"type":"Feature","properties":{"c":"#00cc00","v0":0.25,"v1":0.5},"geometry":{"type":"Polygon","coordinates":[[[-79.6512,26.482],[-79.6104,26.4803],[-79.5766,26.4669],[-79.5497,26.4417],[-79.5547,26.4281],[-79.5916,26.4259],[-79.6254,26.4393],[-79.6562,26.4684],[-79.6512,26.482]]]}},{"type":"Feature","properties":{"c":"#00cc00","v0":0.25,"v1":0.5},"geometry":{"type":"Polygon","coordinates":[[[-96.2811,26.2947],[-96.2138,26.3485],[-96.1927,26.3432],[-96.2176,26.2786],[-96.245,26.2444],[-96.275,26.2404],[-96.2962,26.2458],[-96.3085,26.2605],[-96.2811,26.2947]]]}},{"type":"Feature","properties":{"c":"#00cc00","v0":0.25,"v1":0.5},"geometry":{"type":"Polygon","coordinates":[[[-100.3626,26.1946],[-100.3275,26.2274],[-100.3,26.237],[-100.28,26.2234],[-100.2655,26.2024],[-100.2566,26.1743],[-100.2666,26.1538],[-100.2955,26.1411],[-100.3275,26.1456],[-100.3626,26.1673],[-100.3626,26.1946]]]}},{"type":"Feature","properties":{"c":"#00cc00","v0":0.25,"v1":0.5},"geometry":{"type":"Polygon","coordinates":[[[-98.2332,24.4469],[-98.1801,24.5289],[-98.1277,24.5855],[-98.0759,24.6169],[-98.035,24.6373],[-98.005,24.6468],[-97.97,24.6395],[-97.93,24.6153],[-97.895,24.6026],[-97.865,24.6014],[-97.8148,24.6203],[-97.7443,24.6594],[-97.7033,24.688],[-97.6918,24.7061],[-97.6883,24.7289],[-97.6927,24.7561],[-97.6803,24.7924],[-97.6509,24.8378],[-97.6488,24.8832],[-97.674,24.9285],[-97.6675,24.9793],[-97.6292,25.0354],[-97.595,25.0743],[-97.565,25.0961],[-97.52,25.113],[-97.46,25.1249],[-97.428,25.1494],[-97.424,25.1864],[-97.409,25.2161],[-97.383,25.2385],[-97.36,25.2512],[-97.34,25.2541],[-97.32,25.2449],[-97.3,25.2235],[-97.28,25.2152],[-97.26,25.2198],[-97.205,25.2715],[-97.115,25.3703],[-97.0362,25.4337],[-96.9686,25.4619],[-96.931,25.494],[-96.9234,25.5301],[-96.9321,25.5617],[-96.957,25.5888],[-96.978,25.6294],[-96.9953,25.6835],[-96.9987,25.733],[-96.9884,25.7781],[-97.0089,25.8276],[-97.06,25.8816],[-97.0841,25.9445],[-97.081,26.0165],[-97.0671,26.0722],[-97.0424,26.1116],[-96.995,26.116],[-96.925,26.0854],[-96.875,26.0777],[-96.845,26.093],[-96.8234,26.0976],[-96.8101,26.0914],[-96.7969,26.0749],[-96.7837,26.0479],[-96.7858,26.021],[-96.8034,25.994],[-96.8116,25.9643],[-96.8105,25.9319],[-96.76,25.924],[-96.66,25.9406],[-96.6108,25.9298],[-96.6124,25.8917],[-96.6379,25.8276],[-96.6873,25.7375],[-96.7065,25.6826],[-96.6955,25.6629],[-96.6738,25.6494],[-96.6414,25.6421],[-96.6264,25.6323],[-96.6288,25.6201],[-96.64,25.614],[-96.66,25.614],[-96.67,25.6057],[-96.67,25.5889],[-96.64,25.5907],[-96.58,25.6112],[-96.53,25.6406],[-96.49,25.6788],[-96.4588,25.6966],[-96.4365,25.6939],[-96.4228,25.6745],[-96.4177,25.6384],[-96.4338,25.5798],[-96.4711,25.4986],[-96.5149,25.4399],[-96.5654,25.4037],[-96.5769,25.3721],[-96.5494,25.345],[-96.5077,25.3314],[-96.4519,25.3314],[-96.4167,25.3179],[-96.4022,25.2908],[-96.3955,25.2591],[-96.3966,25.2229],[-96.3504,25.206],[-96.2568,25.2085],[-96.2108,25.1904],[-96.2125,25.1517],[-96.2025,25.1251],[-96.1808,25.1104],[-96.15,25.1194],[-96.1099,25.1522],[-96.0831,25.1867],[-96.0698,25.2229],[-96.0448,25.2613],[-96.0083,25.3017],[-95.975,25.3129],[-95.945,25.2947],[-95.9176,25.2654],[-95.8929,25.225],[-95.8803,25.1913],[-95.8798,25.1641],[-95.8872,25.1388],[-95.9024,25.1152],[-95.9375,25.0926],[-95.9925,25.0708],[-96.0225,25.0474],[-96.0275,25.0221],[-96.0156,25.004],[-95.9867,24.993],[-95.971,24.9784],[-95.9685,24.9603],[-95.993,24.9289],[-96.0443,24.8844],[-96.08,24.8631],[-96.1,24.8649],[-96.12,24.8809],[-96.14,24.911],[-96.1927,24.9369],[-96.2782,24.9585],[-96.3303,24.9648],[-96.3492,24.9557],[-96.3704,24.9285],[-96.3939,24.8832],[-96.4468,24.8396],[-96.5289,24.7978],[-96.605,24.7708],[-96.675,24.7585],[-96.74,24.7693],[-96.8,24.8032],[-96.8502,24.8121],[-96.8907,24.7959],[-96.9357,24.7651],[-96.9852,24.7197],[-97.05,24.7055],[-97.13,24.7226],[-97.215,24.722],[-97.305,24.7037],[-97.3565,24.6679],[-97.3695,24.6146],[-97.3545,24.5736],[-97.3115,24.5448],[-97.258,24.5221],[-97.1941,24.5054],[-97.1601,24.4834],[-97.1561,24.456],[-97.1131,24.4104],[-97.031,24.3465],[-96.96,24.3152],[-96.9,24.3166],[-96.83,24.3348],[-96.75,24.3698],[-96.7034,24.3829],[-96.6903,24.374],[-96.6903,24.3604],[-96.7035,24.3422],[-96.7501,24.3144],[-96.83,24.277],[-96.895,24.2245],[-96.945,24.1567],[-97.005,24.1138],[-97.075,24.0958],[-97.135,24.0512],[-97.185,23.98],[-97.245,23.9407],[-97.315,23.9334],[-97.37,23.9121],[-97.41,23.8766],[-97.4386,23.8634],[-97.4558,23.8722],[-97.4608,23.8889],[-97.4536,23.9134],[-97.4176,23.9591],[-97.3529,24.026],[-97.3429,24.0841],[-97.3876,24.1333],[-97.44,24.165],[-97.5,24.179],[-97.615,24.1652],[-97.785,24.1233],[-97.884,24.1099],[-97.9119,24.125],[-97.9212,24.1461],[-97.9118,24.1735],[-97.8858,24.21],[-97.8433,24.2556],[-97.7504,24.3194],[-97.6073,24.4014],[-97.5274,24.4515],[-97.5108,24.4697],[-97.5044,24.4857],[-97.5081,24.4995],[-97.5412,24.5041],[-97.6037,24.4994],[-97.6987,24.4591],[-97.8262,24.3832],[-97.9334,24.3285],[-98.0201,24.2951],[-98.068,24.2693],[-98.0769,24.2511],[-98.0718,24.2191],[-98.0526,24.1735],[-98.0497,24.145],[-98.0632,24.1335],[-98.085,24.1325],[-98.115,24.142],[-98.1425,24.1614],[-98.1675,24.1908],[-98.1759,24.2237],[-98.1675,24.2602],[-98.1874,24.3103],[-98.2356,24.3741],[-98.2332,24.4469]],[[-97.0363,25.9535],[-97.0236,26.0075],[-97.004,26.0344],[-96.9776,26.0344],[-96.9528,26.003],[-96.9297,25.94],[-96.9361,25.898],[-96.972,25.8769],[-97.0032,25.8814],[-97.0295,25.9115],[-97.0363,25.9535]],[[-96.8781,25.845],[-96.846,25.8617],[-96.83,25.8471],[-96.83,25.801],[-96.835,25.7772],[-96.845,25.7758],[-96.861,25.7905],[-96.8831,25.8212],[-96.8781,25.845]],[[-96.8358,25.5646],[-96.8186,25.5974],[-96.8019,25.6155],[-96.7857,25.6187],[-96.7818,25.5978],[-96.7903,25.5527],[-96.8034,25.529],[-96.8211,25.5268],[-96.8336,25.5313],[-96.8408,25.5426],[-96.8358,25.5646]],[[-96.7585,25.8636],[-96.7439,25.8816],[-96.7189,25.8906],[-96.6835,25.8906],[-96.6869,25.8558],[-96.729,25.7861],[-96.7539,25.7771],[-96.7618,25.8287],[-96.7585,25.8636]],[[-98.1164,24.5243],[-98.1033,24.5425],[-98.0801,24.5581],[-98.0467,24.5711],[-98.01,24.5687],[-97.97,24.5509],[-97.92,24.5401],[-97.86,24.5362],[-97.805,24.5544],[-97.755,24.5945],[-97.686,24.6352],[-97.598,24.6764],[-97.5427,24.7107],[-97.5202,24.7379],[-97.5147,24.7652],[-97.5263,24.7924],[-97.504,24.8242],[-97.4478,24.8605],[-97.4013,24.9059],[-97.3646,24.9603],[-97.3472,24.9949],[-97.3491,25.0096],[-97.364,25.0232],[-97.3921,25.0356],[-97.3921,25.0642],[-97.364,25.109],[-97.33,25.1376],[-97.29,25.1502],[-97.215,25.2143],[-97.105,25.3297],[-97.04,25.391],[-97.02,25.3982],[-96.99,25.3976],[-96.95,25.3892],[-96.915,25.4015],[-96.885,25.4345],[-96.85,25.451],[-96.81,25.4509],[-96.75,25.4711],[-96.67,25.5116],[-96.62,25.5318],[-96.6,25.5317],[-96.5876,25.5268],[-96.5829,25.517],[-96.5959,25.4986],[-96.6267,25.4715],[-96.649,25.4414],[-96.663,25.4082],[-96.69,25.3755],[-96.73,25.3433],[-96.7541,25.3101],[-96.7622,25.2761],[-96.7622,25.2484],[-96.7541,25.227],[-96.74,25.2147],[-96.72,25.2116],[-96.685,25.2261],[-96.635,25.2581],[-96.575,25.2797],[-96.505,25.291],[-96.4636,25.2918],[-96.4509,25.2821],[-96.4709,25.2627],[-96.5236,25.2336],[-96.57,25.2211],[-96.61,25.2253],[-96.65,25.2153],[-96.69,25.1911],[-96.7176,25.1629],[-96.7328,25.1305],[-96.7228,25.1089],[-96.6876,25.0979],[-96.615,25.1098],[-96.505,25.1446],[-96.42,25.1586],[-96.36,25.152],[-96.3137,25.131],[-96.2811,25.0957],[-96.2729,25.0645],[-96.2891,25.0373],[-96.3338,25.0101],[-96.4071,24.9829],[-96.4482,24.9467],[-96.4573,24.9013],[-96.4789,24.8642],[-96.513,24.8354],[-96.57,24.8183],[-96.65,24.8128],[-96.72,24.8242],[-96.78,24.8524],[-96.83,24.8627],[-96.87,24.8551],[-96.93,24.8306],[-97.01,24.7892],[-97.115,24.7742],[-97.245,24.7857],[-97.33,24.778],[-97.37,24.7513],[-97.3932,24.7096],[-97.3997,24.6528],[-97.4147,24.6082],[-97.4382,24.5758],[-97.52,24.5421],[-97.66,24.5068],[-97.755,24.4957],[-97.805,24.5086],[-97.8561,24.5014],[-97.9084,24.4742],[-97.9412,24.4424],[-97.9543,24.406],[-97.9732,24.3793],[-97.9977,24.3624],[-98.0282,24.3624],[-98.0646,24.3793],[-98.0929,24.4196],[-98.1129,24.4834],[-98.1164,24.5243]],[[-96.2131,25.0166],[-96.1844,25.0387],[-96.1515,25.0478],[-96.1144,25.0438],[-96.0968,25.0328],[-96.0984,25.0147],[-96.112,24.9967],[-96.1373,24.9789],[-96.165,24.9698],[-96.195,24.9692],[-96.2144,24.9781],[-96.2231,24.9964],[-96.2131,25.0166]],[[-96.0619,24.9376],[-96.0348,24.9467],[-96.0285,24.9411],[-96.0428,24.9208],[-96.0564,24.9163],[-96.0691,24.9275],[-96.0619,24.9376]],[[-97.2825,24.0183],[-97.2659,24.0457],[-97.2608,24.0955],[-97.2669,24.1677],[-97.2475,24.1996],[-97.2025,24.1913],[-97.176,24.2055],[-97.1678,24.2419],[-97.1502,24.2752],[-97.1234,24.3054],[-97.0891,24.3145],[-97.0473,24.3026],[-97.0197,24.2875],[-97.0065,24.2693],[-97.0018,24.2374],[-97.0054,24.1918],[-97.033,24.1664],[-97.0843,24.1614],[-97.14,24.1114],[-97.2,24.0164],[-97.2407,23.9687],[-97.262,23.9683],[-97.2771,23.9772],[-97.2862,23.9955],[-97.2825,24.0183]],[[-97.606,24.976],[-97.5687,25.0257],[-97.5256,25.0484],[-97.4768,25.044],[-97.4647,25.0147],[-97.4893,24.9603],[-97.5137,24.9231],[-97.5379,24.9031],[-97.5687,24.9076],[-97.606,24.9367],[-97.606,24.976]],[[-96.9456,25.7406],[-96.9352,25.7646],[-96.9225,25.7736],[-96.9074,25.7676],[-96.8881,25.7375],[-96.8647,25.6835],[-96.8623,25.6422],[-96.8808,25.6138],[-96.899,25.6047],[-96.9169,25.6152],[-96.9321,25.6474],[-96.9446,25.7015],[-96.9456,25.7406]],[[-97.5017,24.4031],[-97.4539,24.4701],[-97.415,24.5115],[-97.385,24.5273],[-97.3387,24.5211],[-97.2762,24.4929],[-97.2488,24.456],[-97.2566,24.4105],[-97.2387,24.3786],[-97.1949,24.3604],[-97.2073,24.3256],[-97.2758,24.2741],[-97.33,24.2454],[-97.37,24.2394],[-97.4082,24.2423],[-97.4446,24.2542],[-97.4785,24.2875],[-97.5099,24.3422],[-97.5017,24.4031]],[[-96.6643,25.1428],[-96.6414,25.1636],[-96.6179,25.1726],[-96.5937,25.17],[-96.6051,25.1596],[-96.6522,25.1415],[-96.6643,25.1428]]]}},{"type":"Feature","properties":{"c":"#00cc00","v0":0.25,"v1":0.5},"geometry":{"type":"Polygon","coordinates":[[[-96.3698,25.8726],[-96.3558,25.9086],[-96.3191,25.9521],[-96.2597,26.0033],[-96.21,26.0374],[-96.17,26.0546],[-96.1428,26.0604],[-96.1283,26.0551],[-96.1252,26.0255],[-96.1334,25.9715],[-96.1607,25.9212],[-96.2069,25.8744],[-96.2667,25.8519],[-96.34,25.8537],[-96.3698,25.8726]],[[-96.2565,25.9445],[-96.2261,25.9805],[-96.2007,25.9997],[-96.1802,26.0021],[-96.175,25.9862],[-96.185,25.9521],[-96.2,25.9298],[-96.22,25.9192],[-96.2404,25.9171],[-96.2612,25.9234],[-96.2565,25.9445]]]}},{"type":"Feature","properties":{"c":"#00cc00","v0":0.25,"v1":0.5},"geometry":{"type":"Polygon","coordinates":[[[-94.8231,25.7219],[-94.7877,25.7446],[-94.7577,25.7446],[-94.7331,25.7219],[-94.7381,25.6992],[-94.7727,25.6766],[-94.7988,25.6676],[-94.8165,25.6722],[-94.8293,25.6835],[-94.837,25.7015],[-94.8231,25.7219]]]}},{"type":"Feature","properties":{"c":"#00cc00","v0":0.25,"v1":0.5},"geometry":{"type":"Polygon","coordinates":[[[-95.1159,25.7019],[-95.072,25.7207],[-95.04,25.7227],[-95.02,25.7078],[-94.99,25.7045],[-94.95,25.7128],[-94.9226,25.7109],[-94.9077,25.6986],[-94.9127,25.6824],[-94.9376,25.6623],[-94.965,25.6606],[-94.995,25.6772],[-95.025,25.6811],[-95.055,25.6722],[-95.087,25.674],[-95.1209,25.6863],[-95.1159,25.7019]]]}},{"type":"Feature","properties":{"c":"#00cc00","v0":0.25,"v1":0.5},"geometry":{"type":"Polygon","coordinates":[[[-95.4025,25.6469],[-95.3808,25.6638],[-95.358,25.6683],[-95.3341,25.6604],[-95.3391,25.6477],[-95.373,25.6302],[-95.3958,25.6257],[-95.4075,25.6342],[-95.4025,25.6469]]]}},{"type":"Feature","properties":{"c":"#00cc00","v0":0.25,"v1":0.5},"geometry":{"type":"Polygon","coordinates":[[[-96.1668,25.6366],[-96.1556,25.6329],[-96.155,25.628],[-96.165,25.6219],[-96.1706,25.6237],[-96.1718,25.6335],[-96.1668,25.6366]]]}},{"type":"Feature","properties":{"c":"#00cc00","v0":0.25,"v1":0.5},"geometry":{"type":"Polygon","coordinates":[[[-95.3906,25.3281],[-95.3502,25.3575],[-95.32,25.3732],[-95.3,25.375],[-95.2803,25.3693],[-95.261,25.3561],[-95.256,25.3311],[-95.2653,25.2943],[-95.285,25.2654],[-95.315,25.2446],[-95.3463,25.2404],[-95.379,25.2529],[-95.3992,25.2727],[-95.407,25.2998],[-95.3906,25.3281]]]}},{"type":"Feature","properties":{"c":"#00cc00","v0":0.25,"v1":0.5},"geometry":{"type":"Polygon","coordinates":[[[-95.8027,25.232],[-95.7847,25.2501],[-95.7342,25.2756],[-95.6514,25.3085],[-95.5807,25.3221],[-95.522,25.3163],[-95.4937,25.3088],[-95.496,25.2998],[-95.5503,25.2725],[-95.6568,25.227],[-95.7354,25.2089],[-95.7863,25.2183],[-95.8027,25.232]]]}},{"type":"Feature","properties":{"c":"#00cc00","v0":0.25,"v1":0.5},"geometry":{"type":"Polygon","coordinates":[[[-100.0244,25.1936],[-100.0148,25.2072],[-99.995,25.2162],[-99.965,25.2206],[-99.9348,25.2183],[-99.9043,25.2093],[-99.8855,25.1958],[-99.8783,25.1777],[-99.8829,25.1551],[-99.8991,25.1279],[-99.9179,25.1118],[-99.9393,25.1067],[-99.9644,25.1113],[-99.9931,25.1254],[-100.0129,25.146],[-100.0238,25.1732],[-100.0244,25.1936]]]}},{"type":"Feature","properties":{"c":"#00cc00","v0":0.25,"v1":0.5},"geometry":{"type":"Polygon","coordinates":[[[-97.2525,24.9059],[-97.1832,24.9603],[-97.154,24.9711],[-97.1647,24.9383],[-97.19,24.9106],[-97.23,24.8877],[-97.2593,24.8769],[-97.2778,24.8781],[-97.2525,24.9059]]]}},{"type":"Feature","properties":{"c":"#00cc00","v0":0.25,"v1":0.5},"geometry":{"type":"Polygon","coordinates":[[[-99.8057,24.8696],[-99.7972,24.8877],[-99.7822,24.8982],[-99.7607,24.9012],[-99.7368,24.8875],[-99.7104,24.8574],[-99.7154,24.8325],[-99.7518,24.8127],[-99.78,24.8172],[-99.8,24.8461],[-99.8057,24.8696]]]}},{"type":"Feature","properties":{"c":"#00cc00","v0":0.25,"v1":0.5},"geometry":{"type":"Polygon","coordinates":[[[-96.3798,24.8496],[-96.3599,24.8641],[-96.3422,24.8686],[-96.3265,24.8632],[-96.3265,24.8486],[-96.3422,24.8248],[-96.3599,24.8202],[-96.3798,24.835],[-96.3798,24.8496]]]}},{"type":"Feature","properties":{"c":"#00cc00","v0":0.25,"v1":0.5},"geometry":{"type":"Polygon","coordinates":[[[-84.9312,24.525],[-84.9171,24.5446],[-84.8967,24.5492],[-84.8702,24.5387],[-84.8652,24.5203],[-84.8817,24.494],[-84.8958,24.4803],[-84.9073,24.4793],[-84.9193,24.4879],[-84.9319,24.5061],[-84.9312,24.525]]]}},{"type":"Feature","properties":{"c":"#00cc00","v0":0.25,"v1":0.5},"geometry":{"type":"Polygon","coordinates":[[[-96.403,24.4006],[-96.381,24.4264],[-96.357,24.4355],[-96.3311,24.428],[-96.3211,24.4109],[-96.327,24.3844],[-96.34,24.3644],[-96.36,24.351],[-96.381,24.3551],[-96.403,24.3769],[-96.403,24.4006]]]}},{"type":"Feature","properties":{"c":"#00cc00","v0":0.25,"v1":0.5},"geometry":{"type":"Polygon","coordinates":[[[-96.6941,24.0394],[-96.6647,24.0723],[-96.605,24.1182],[-96.515,24.1771],[-96.45,24.2117],[-96.41,24.2222],[-96.3704,24.2219],[-96.3311,24.2109],[-96.3133,24.1963],[-96.317,24.1781],[-96.3717,24.1274],[-96.4772,24.0441],[-96.56,23.9983],[-96.62,23.99],[-96.6647,23.9951],[-96.6941,24.0136],[-96.6941,24.0394]],[[-96.5523,24.0731],[-96.5241,24.1006],[-96.5,24.1165],[-96.48,24.121],[-96.48,24.107],[-96.5,24.0747],[-96.5241,24.0588],[-96.5523,24.0592],[-96.5523,24.0731]]]}},{"type":"Feature","properties":{"c":"#00cc00","v0":0.25,"v1":0.5},"geometry":{"type":"Polygon","coordinates":[[[-81.6717,24.2086],[-81.6572,24.2148],[-81.615,24.2014],[-81.545,24.1684],[-81.4896,24.1333],[-81.4489,24.0962],[-81.4282,24.0686],[-81.4275,24.0503],[-81.4529,24.0486],[-81.5043,24.0636],[-81.5639,24.0955],[-81.6316,24.1445],[-81.6689,24.1781],[-81.6756,24.1963],[-81.6717,24.2086]]]}},{"type":"Feature","properties":{"c":"#00cc00","v0":0.25,"v1":0.5},"geometry":{"type":"Polygon","coordinates":[[[-96.9625,24.0662],[-96.9542,24.0797],[-96.94,24.087],[-96.92,24.088],[-96.9,24.0847],[-96.88,24.077],[-96.8663,24.0652],[-96.8589,24.0492],[-96.8639,24.0333],[-96.8813,24.0177],[-96.9,24.0099],[-96.92,24.0099],[-96.9392,24.0223],[-96.9575,24.047],[-96.9625,24.0662]]]}},{"type":"Feature","properties":{"c":"#00cc00","v0":0.25,"v1":0.5},"geometry":{"type":"Polygon","coordinates":[[[-81.7169,23.9315],[-81.6815,23.9315],[-81.6483,23.9224],[-81.6171,23.9041],[-81.6137,23.8892],[-81.6379,23.8778],[-81.6711,23.8869],[-81.7134,23.9166],[-81.7169,23.9315]]]}},{"type":"Feature","properties":{"c":"#00cc00","v0":0.25,"v1":0.5},"geometry":{"type":"Polygon","coordinates":[[[-97.8509,23.8189],[-97.837,23.8499],[-97.8122,23.8682],[-97.7766,23.8738],[-97.7666,23.8573],[-97.7822,23.8187],[-97.8,23.7953],[-97.82,23.7872],[-97.837,23.7882],[-97.8509,23.7984],[-97.8509,23.8189]]]}},{"type":"Feature","properties":{"c":"#00cc00","v0":0.25,"v1":0.5},"geometry":{"type":"Polygon","coordinates":[[[-95.9172,23.7943],[-95.9085,23.8126],[-95.8906,23.8283],[-95.8635,23.8414],[-95.8278,23.846],[-95.7835,23.8421],[-95.7634,23.8309],[-95.7673,23.8126],[-95.7845,23.7957],[-95.8148,23.7802],[-95.8529,23.7756],[-95.8987,23.782],[-95.9172,23.7943]]]}},{"type":"Feature","properties":{"c":"#00cc00","v0":0.25,"v1":0.5},"geometry":{"type":"Polygon","coordinates":[[[-81.0521,23.7852],[-81.037,23.7852],[-81.0205,23.776],[-81.0026,23.7577],[-81.0027,23.7473],[-81.0209,23.7446],[-81.0374,23.7538],[-81.0522,23.7747],[-81.0521,23.7852]]]}},{"type":"Feature","properties":{"c":"#00cc00","v0":0.25,"v1":0.5},"geometry":{"type":"Polygon","coordinates":[[[-97.8886,23.6203],[-97.87,23.657],[-97.8453,23.6753],[-97.8143,23.6753],[-97.8066,23.6533],[-97.8222,23.6092],[-97.84,23.5857],[-97.86,23.583],[-97.877,23.5867],[-97.8909,23.5969],[-97.8886,23.6203]]]}},{"type":"Feature","properties":{"c":"#00cc00","v0":0.25,"v1":0.5},"geometry":{"type":"Polygon","coordinates":[[[-96.8129,23.6466],[-96.7976,23.6626],[-96.7853,23.6672],[-96.7759,23.6604],[-96.7835,23.6524],[-96.8082,23.6432],[-96.8129,23.6466]]]}},{"type":"Feature","properties":{"c":"#00cc00","v0":0.25,"v1":0.5},"geometry":{"type":"Polygon","coordinates":[[[-98.1402,23.5931],[-98.1201,23.612],[-98.105,23.6186],[-98.095,23.613],[-98.095,23.602],[-98.105,23.5857],[-98.1201,23.579],[-98.1402,23.5821],[-98.1402,23.5931]]]}},{"type":"Feature","properties":{"c":"#00cc00","v0":0.25,"v1":0.5},"geometry":{"type":"Polygon","coordinates":[[[-83.6948,22.4146],[-83.5667,22.3961],[-83.4939,22.3776],[-83.4765,22.3591],[-83.4715,22.336],[-83.4789,22.3082],[-83.4945,22.2925],[-83.5182,22.2888],[-83.5662,22.3027],[-83.6386,22.3341],[-83.6908,22.3591],[-83.7228,22.3776],[-83.7438,22.3961],[-83.7538,22.4146],[-83.6948,22.4146]]]}},{"type":"Feature","properties":{"c":"#00cc00","v0":0.25,"v1":0.5},"geometry":{"type":"Polygon","coordinates":[[[-82.0716,22.1703],[-82.0572,22.1815],[-82.0263,22.1815],[-81.9789,22.1703],[-81.923,22.1369],[-81.8584,22.0813],[-81.8229,22.035],[-81.8165,21.9979],[-81.8386,21.9886],[-81.8891,22.0072],[-81.9283,22.034],[-81.9561,22.0691],[-81.9972,22.1062],[-82.0516,22.1452],[-82.0716,22.1703]]]}},{"type":"Feature","properties":{"c":"#00cc00","v0":0.25,"v1":0.5},"geometry":{"type":"Polygon","coordinates":[[[-83.1896,22.0255],[-83.1765,22.0437],[-83.1411,22.053],[-83.0834,22.0534],[-83.0429,22.0443],[-83.0195,22.0257],[-83.0054,21.9933],[-83.0004,21.9469],[-83.006,21.9199],[-83.022,21.9123],[-83.045,21.9127],[-83.075,21.9212],[-83.1059,21.9342],[-83.1377,21.952],[-83.1643,21.9747],[-83.1855,22.0025],[-83.1896,22.0255]]]}},{"type":"Feature","properties":{"c":"#009900","v0":0.5,"v1":1.0},"geometry":{"type":"Polygon","coordinates":[[[-94.481,49.6663],[-94.4603,49.6774],[-94.4374,49.6774],[-94.4123,49.6663],[-94.4073,49.6568],[-94.4224,49.6487],[-94.4453,49.6487],[-94.476,49.6568],[-94.481,49.6663]]]}},{"type":"Feature","properties":{"c":"#009900","v0":0.5,"v1":1.0},"geometry":{"type":"Polygon","coordinates":[[[-121.8366,48.7762],[-121.8189,48.7837],[-121.8049,48.7837],[-121.7948,48.7762],[-121.7948,48.7676],[-121.8049,48.758],[-121.8189,48.758],[-121.8366,48.7676],[-121.8366,48.7762]]]}},{"type":"Feature","properties":{"c":"#009900","v0":0.5,"v1":1.0},"geometry":{"type":"Polygon","coordinates":[[[-79.6613,38.3217],[-79.6538,38.3313],[-79.6413,38.3352],[-79.6239,38.3335],[-79.6189,38.3267],[-79.6263,38.3147],[-79.6388,38.3108],[-79.6563,38.3149],[-79.6613,38.3217]]]}},{"type":"Feature","properties":{"c":"#009900","v0":0.5,"v1":1.0},"geometry":{"type":"Polygon","coordinates":[[[-79.4345,37.9984],[-79.4178,38.0221],[-79.3696,38.0507],[-79.2899,38.0844],[-79.23,38.1025],[-79.19,38.1052],[-79.14,38.0963],[-79.0799,38.0757],[-79.053,38.0575],[-79.0593,38.0418],[-79.0876,38.0221],[-79.138,37.9984],[-79.1613,37.9748],[-79.1574,37.9511],[-79.1741,37.9308],[-79.2114,37.9139],[-79.2599,37.91],[-79.3198,37.919],[-79.3681,37.9314],[-79.4048,37.9472],[-79.428,37.963],[-79.4379,37.9787],[-79.4345,37.9984]]]}},{"type":"Feature","properties":{"c":"#009900","v0":0.5,"v1":1.0},"geometry":{"type":"Polygon","coordinates":[[[-75.6346,38.0041],[-75.5249,38.0389],[-75.39,38.0586],[-75.2299,38.0631],[-75.1638,38.0575],[-75.1918,38.0418],[-75.2769,38.0173],[-75.419,37.9841],[-75.535,37.9681],[-75.625,37.9693],[-75.6749,37.974],[-75.6846,37.9824],[-75.6346,38.0041]]]}},{"type":"Feature","properties":{"c":"#009900","v0":0.5,"v1":1.0},"geometry":{"type":"Polygon","coordinates":[[[-75.8335,37.959],[-75.7824,37.9669],[-75.7734,37.963],[-75.8065,37.9472],[-75.8319,37.9393],[-75.8496,37.9393],[-75.8586,37.9433],[-75.8589,37.9511],[-75.8335,37.959]]]}},{"type":"Feature","properties":{"c":"#009900","v0":0.5,"v1":1.0},"geometry":{"type":"Polygon","coordinates":[[[-81.2493,36.8502],[-81.1831,36.897],[-81.0638,36.957],[-80.8914,37.0301],[-80.7746,37.0826],[-80.7132,37.1145],[-80.6767,37.1384],[-80.6651,37.1543],[-80.6657,37.1862],[-80.6788,37.234],[-80.7015,37.2627],[-80.7338,37.2724],[-80.76,37.2878],[-80.78,37.3091],[-80.81,37.313],[-80.85,37.2996],[-80.9011,37.2682],[-80.9634,37.2189],[-81.0234,37.1818],[-81.0811,37.157],[-81.1206,37.1451],[-81.1419,37.1459],[-81.1417,37.1743],[-81.12,37.23],[-81.0894,37.2718],[-81.0498,37.2998],[-80.9971,37.3236],[-80.9314,37.3434],[-80.8814,37.3559],[-80.8471,37.361],[-80.815,37.3587],[-80.785,37.3492],[-80.745,37.3626],[-80.695,37.3989],[-80.6468,37.4131],[-80.6003,37.405],[-80.5843,37.3931],[-80.5988,37.3772],[-80.6025,37.3613],[-80.5954,37.3454],[-80.5864,37.3328],[-80.5755,37.3237],[-80.56,37.3217],[-80.54,37.327],[-80.5211,37.3435],[-80.5032,37.3713],[-80.4979,37.401],[-80.5051,37.4328],[-80.4908,37.4685],[-80.4552,37.5082],[-80.4481,37.5399],[-80.4695,37.5637],[-80.48,37.5835],[-80.4795,37.5994],[-80.4519,37.6192],[-80.3973,37.6429],[-80.35,37.6699],[-80.31,37.7002],[-80.265,37.7151],[-80.215,37.7147],[-80.17,37.6912],[-80.13,37.6447],[-80.09,37.6242],[-80.05,37.6295],[-80.005,37.6438],[-79.955,37.667],[-79.9218,37.6766],[-79.9054,37.6726],[-79.9009,37.6469],[-79.9082,37.5994],[-79.9064,37.5683],[-79.8955,37.5536],[-79.86,37.549],[-79.8,37.5546],[-79.7576,37.5501],[-79.7327,37.5354],[-79.7377,37.5189],[-79.7726,37.5005],[-79.81,37.4905],[-79.85,37.4888],[-79.87,37.4701],[-79.87,37.4343],[-79.8,37.4293],[-79.66,37.455],[-79.585,37.4637],[-79.575,37.4555],[-79.5845,37.4309],[-79.6136,37.3898],[-79.6626,37.3454],[-79.7315,37.2977],[-79.767,37.266],[-79.769,37.2504],[-79.7628,37.2384],[-79.7483,37.2302],[-79.7445,37.2181],[-79.7515,37.2021],[-79.8053,37.1583],[-79.9059,37.0865],[-79.9946,37.0339],[-80.0715,37.0004],[-80.17,36.9774],[-80.29,36.965],[-80.41,36.963],[-80.53,36.9713],[-80.62,36.9592],[-80.68,36.9265],[-80.765,36.8992],[-80.875,36.8772],[-80.99,36.839],[-81.11,36.7844],[-81.1809,36.7586],[-81.2028,36.7614],[-81.2309,36.7788],[-81.2652,36.8108],[-81.2493,36.8502]],[[-80.1873,37.0391],[-80.1224,37.0797],[-80.0774,37.0997],[-80.0521,37.0989],[-80.0394,37.0905],[-80.0393,37.0746],[-80.0458,37.0626],[-80.059,37.0546],[-80.0967,37.0409],[-80.1589,37.0214],[-80.1974,37.0135],[-80.2123,37.017],[-80.1873,37.0391]],[[-81.0039,36.9348],[-80.9753,36.9588],[-80.9132,36.9832],[-80.8177,37.0079],[-80.745,37.0327],[-80.695,37.0574],[-80.655,37.0726],[-80.625,37.0782],[-80.59,37.0739],[-80.55,37.0596],[-80.515,37.0548],[-80.485,37.0596],[-80.466,37.0712],[-80.4579,37.0894],[-80.4618,37.1145],[-80.4776,37.1464],[-80.4667,37.1791],[-80.4289,37.2126],[-80.38,37.2348],[-80.32,37.2455],[-80.2402,37.2446],[-80.1406,37.2322],[-80.1156,37.2153],[-80.1652,37.1938],[-80.2162,37.154],[-80.2686,37.0957],[-80.3086,37.0589],[-80.3362,37.0434],[-80.405,37.0341],[-80.515,37.031],[-80.615,37.0069],[-80.705,36.9618],[-80.805,36.9328],[-80.915,36.92],[-80.982,36.9159],[-81.0061,36.9205],[-81.0039,36.9348]]]}},{"type":"Feature","properties":{"c":"#009900","v0":0.5,"v1":1.0},"geometry":{"type":"Polygon","coordinates":[[[-81.339,37.0899],[-81.293,37.1046],[-81.2677,37.1086],[-81.263,37.1019],[-81.286,37.0945],[-81.3366,37.0865],[-81.339,37.0899]]]}},{"type":"Feature","properties":{"c":"#009900","v0":0.5,"v1":1.0},"geometry":{"type":"Polygon","coordinates":[[[-81.6268,36.8712],[-81.5756,36.9278],[-81.51,36.9741],[-81.43,37.0101],[-81.3693,37.0217],[-81.3278,37.0091],[-81.3321,36.9868],[-81.3822,36.9548],[-81.4326,36.9108],[-81.4834,36.8548],[-81.5391,36.8269],[-81.5997,36.8272],[-81.6356,36.8312],[-81.6468,36.839],[-81.6268,36.8712]]]}},{"type":"Feature","properties":{"c":"#009900","v0":0.5,"v1":1.0},"geometry":{"type":"Polygon","coordinates":[[[-86.7653,35.2696],[-86.6618,35.3252],[-86.57,35.3616],[-86.49,35.3788],[-86.415,35.4037],[-86.345,35.4365],[-86.2643,35.4613],[-86.173,35.4781],[-86.103,35.5073],[-86.0543,35.549],[-85.99,35.5769],[-85.91,35.5909],[-85.835,35.6173],[-85.765,35.6558],[-85.71,35.6795],[-85.67,35.6884],[-85.615,35.6918],[-85.545,35.6897],[-85.42,35.7356],[-85.24,35.8294],[-85.1142,35.8844],[-85.0425,35.9007],[-84.9875,35.9236],[-84.9492,35.9533],[-84.8933,35.9533],[-84.8198,35.9236],[-84.7701,35.925],[-84.7442,35.9574],[-84.701,35.9845],[-84.6403,36.0063],[-84.5986,36.0306],[-84.5759,36.0573],[-84.5346,36.0868],[-84.4746,36.1191],[-84.421,36.161],[-84.3737,36.2124],[-84.295,36.2526],[-84.185,36.2815],[-84.08,36.3154],[-83.98,36.3542],[-83.9,36.373],[-83.84,36.372],[-83.74,36.3827],[-83.6,36.4052],[-83.495,36.4354],[-83.425,36.4732],[-83.3598,36.4956],[-83.2995,36.5025],[-83.1895,36.5486],[-83.0298,36.6337],[-82.935,36.6751],[-82.905,36.6727],[-82.88,36.6581],[-82.86,36.6314],[-82.815,36.6184],[-82.745,36.6189],[-82.69,36.6077],[-82.65,36.5847],[-82.565,36.5902],[-82.435,36.624],[-82.3177,36.6674],[-82.213,36.7203],[-82.128,36.7547],[-82.0627,36.7706],[-82.01,36.7774],[-81.97,36.7752],[-81.9,36.7563],[-81.8,36.7209],[-81.735,36.7037],[-81.705,36.7048],[-81.6658,36.7157],[-81.6175,36.7364],[-81.584,36.7427],[-81.5655,36.7347],[-81.6446,36.6716],[-81.8215,36.5531],[-81.93,36.4864],[-81.97,36.4716],[-82.015,36.4598],[-82.065,36.4511],[-82.11,36.4536],[-82.15,36.4672],[-82.24,36.4575],[-82.38,36.4246],[-82.4583,36.4125],[-82.4748,36.4212],[-82.4848,36.4342],[-82.4883,36.4515],[-82.525,36.4555],[-82.595,36.4463],[-82.66,36.4456],[-82.72,36.4534],[-82.795,36.4388],[-82.885,36.4017],[-82.952,36.3656],[-82.9961,36.3304],[-83.0161,36.3074],[-83.012,36.2967],[-82.96,36.289],[-82.86,36.2845],[-82.765,36.2978],[-82.675,36.329],[-82.6258,36.3407],[-82.6174,36.3328],[-82.6175,36.3249],[-82.6261,36.3168],[-82.6553,36.2983],[-82.7051,36.2694],[-82.76,36.2501],[-82.82,36.2405],[-82.8889,36.2066],[-82.9666,36.1483],[-83.0012,36.107],[-82.9926,36.0828],[-82.9933,36.0666],[-83.0031,36.0585],[-83.0535,36.032],[-83.1445,35.9872],[-83.22,35.9588],[-83.28,35.9469],[-83.3543,35.9167],[-83.4428,35.8682],[-83.5032,35.8237],[-83.5354,35.7832],[-83.5912,35.7389],[-83.6704,35.6909],[-83.73,35.664],[-83.77,35.6583],[-83.8622,35.6051],[-84.0066,35.5043],[-84.0745,35.4335],[-84.0659,35.3928],[-84.0786,35.3555],[-84.1129,35.3217],[-84.165,35.3017],[-84.235,35.2956],[-84.315,35.2805],[-84.405,35.2563],[-84.5,35.2444],[-84.6,35.2446],[-84.6656,35.2195],[-84.6969,35.169],[-84.7323,35.1274],[-84.7719,35.0947],[-84.8377,35.066],[-84.9298,35.0414],[-84.9564,35.0128],[-84.9175,34.98],[-84.906,34.9562],[-84.922,34.9414],[-84.965,34.932],[-85.035,34.9278],[-85.125,34.9087],[-85.235,34.8746],[-85.32,34.8632],[-85.38,34.8745],[-85.45,34.876],[-85.53,34.8674],[-85.61,34.8672],[-85.69,34.8753],[-85.77,34.887],[-85.85,34.9023],[-85.9,34.9208],[-85.92,34.9425],[-85.94,34.9561],[-85.96,34.9615],[-86.04,34.9504],[-86.18,34.9228],[-86.31,34.9112],[-86.43,34.9156],[-86.4966,34.921],[-86.5098,34.9276],[-86.521,34.9472],[-86.5302,34.98],[-86.5936,35.0101],[-86.7112,35.0376],[-86.7795,35.058],[-86.7986,35.0715],[-86.7986,35.0847],[-86.7795,35.0976],[-86.7241,35.1139],[-86.6323,35.1338],[-86.5778,35.1519],[-86.5606,35.1683],[-86.5715,35.1835],[-86.6105,35.1977],[-86.67,35.209],[-86.75,35.2174],[-86.7968,35.2266],[-86.8103,35.2368],[-86.7653,35.2696]],[[-86.0243,35.4539],[-85.9543,35.4865],[-85.8997,35.5028],[-85.8606,35.5028],[-85.8429,35.4946],[-85.8466,35.4783],[-85.8741,35.458],[-85.9256,35.4335],[-85.971,35.4197],[-86.0103,35.4165],[-86.0373,35.4205],[-86.052,35.4319],[-86.0243,35.4539]],[[-85.846,35.37],[-85.782,35.3979],[-85.725,35.4141],[-85.675,35.4185],[-85.638,35.4168],[-85.6141,35.4089],[-85.6114,35.3969],[-85.6299,35.3805],[-85.6669,35.3638],[-85.7223,35.3468],[-85.77,35.3354],[-85.81,35.3299],[-85.842,35.3344],[-85.866,35.3488],[-85.846,35.37]],[[-84.3243,36.0626],[-84.3101,36.0787],[-84.2647,36.1021],[-84.1882,36.1328],[-84.049,36.1732],[-83.8469,36.2233],[-83.7019,36.2698],[-83.614,36.3128],[-83.53,36.3383],[-83.45,36.3465],[-83.4001,36.3452],[-83.3803,36.3343],[-83.3803,36.3115],[-83.4001,36.2767],[-83.455,36.2502],[-83.545,36.2321],[-83.635,36.1977],[-83.725,36.1471],[-83.8257,36.105],[-83.9372,36.0713],[-84.0322,36.0453],[-84.1107,36.0269],[-84.1954,36.0269],[-84.2861,36.0453],[-84.3243,36.0626]],[[-86.6243,35.2864],[-86.6014,35.3103],[-86.555,35.3285],[-86.485,35.3409],[-86.41,35.364],[-86.33,35.3976],[-86.2716,35.3998],[-86.2349,35.3707],[-86.212,35.3234],[-86.2029,35.2581],[-86.1813,35.2148],[-86.1471,35.1934],[-86.12,35.1815],[-86.1,35.1789],[-86.075,35.1921],[-86.045,35.2213],[-86.02,35.2365],[-86.0,35.2378],[-85.9609,35.2312],[-85.9026,35.2165],[-85.8578,35.1969],[-85.8264,35.1724],[-85.7505,35.1585],[-85.6302,35.1554],[-85.53,35.1765],[-85.45,35.2219],[-85.3634,35.2602],[-85.2703,35.2915],[-85.2253,35.3134],[-85.2284,35.326],[-85.24,35.3356],[-85.26,35.3422],[-85.325,35.3408],[-85.435,35.3315],[-85.4996,35.3301],[-85.5188,35.3365],[-85.5226,35.3479],[-85.511,35.3642],[-85.4745,35.3887],[-85.4131,35.4213],[-85.3793,35.4498],[-85.3731,35.4743],[-85.345,35.4901],[-85.295,35.4973],[-85.2658,35.4973],[-85.2575,35.4901],[-85.2622,35.4783],[-85.2798,35.462],[-85.269,35.4458],[-85.2297,35.4296],[-85.13,35.4337],[-84.97,35.4582],[-84.8581,35.4907],[-84.7944,35.5313],[-84.723,35.5679],[-84.6439,35.6004],[-84.5952,35.6248],[-84.5768,35.641],[-84.5554,35.6817],[-84.5308,35.7466],[-84.4914,35.8011],[-84.4371,35.8452],[-84.38,35.8804],[-84.32,35.9068],[-84.17,35.9514],[-83.93,36.014],[-83.725,36.0791],[-83.555,36.1465],[-83.425,36.1846],[-83.335,36.1932],[-83.275,36.2097],[-83.245,36.2341],[-83.1907,36.2347],[-83.1121,36.2115],[-83.0911,36.1878],[-83.1277,36.1636],[-83.1477,36.1353],[-83.1513,36.103],[-83.1451,36.0747],[-83.1291,36.0504],[-83.1252,36.0343],[-83.1332,36.0262],[-83.1554,36.013],[-83.1918,35.9946],[-83.235,35.9831],[-83.285,35.9783],[-83.3694,35.947],[-83.4882,35.8891],[-83.5627,35.8359],[-83.5928,35.7872],[-83.6434,35.7554],[-83.7145,35.7405],[-83.79,35.7359],[-83.87,35.7415],[-83.95,35.7299],[-84.03,35.701],[-84.0931,35.665],[-84.1393,35.622],[-84.1543,35.5905],[-84.1381,35.5707],[-84.1062,35.5585],[-84.0587,35.5539],[-84.0446,35.5435],[-84.064,35.5272],[-84.1162,35.5231],[-84.2012,35.5313],[-84.248,35.5435],[-84.2564,35.5597],[-84.2549,35.5801],[-84.2433,35.6045],[-84.2421,35.6207],[-84.2511,35.6289],[-84.2942,35.6169],[-84.3714,35.5849],[-84.4058,35.5443],[-84.3974,35.4949],[-84.3624,35.4751],[-84.3008,35.4849],[-84.26,35.4865],[-84.24,35.48],[-84.2149,35.4588],[-84.1847,35.4229],[-84.1727,35.3969],[-84.1789,35.3805],[-84.229,35.361],[-84.323,35.3382],[-84.395,35.3391],[-84.445,35.3638],[-84.525,35.3793],[-84.635,35.3855],[-84.715,35.3619],[-84.765,35.3085],[-84.8367,35.2677],[-84.9302,35.2395],[-84.9699,35.2091],[-84.9559,35.1764],[-84.9642,35.153],[-84.9947,35.1389],[-85.065,35.1233],[-85.175,35.1063],[-85.255,35.1104],[-85.305,35.1359],[-85.39,35.133],[-85.51,35.1017],[-85.595,35.0707],[-85.645,35.0398],[-85.7,35.0271],[-85.76,35.0326],[-85.93,35.0151],[-86.21,34.9746],[-86.3578,34.9566],[-86.3734,34.9613],[-86.3884,34.9765],[-86.4028,35.0023],[-86.4442,35.0227],[-86.5127,35.0379],[-86.5614,35.0537],[-86.5903,35.0701],[-86.5632,35.0947],[-86.4801,35.1274],[-86.4314,35.156],[-86.4172,35.1805],[-86.4665,35.2132],[-86.5794,35.2541],[-86.6243,35.2864]],[[-85.7356,34.9742],[-85.6919,34.9952],[-85.6684,34.9993],[-85.6651,34.9864],[-85.6717,34.9718],[-85.6883,34.9554],[-85.7099,34.9467],[-85.7366,34.9457],[-85.7519,34.9498],[-85.7556,34.959],[-85.7356,34.9742]]]}},{"type":"Feature","properties":{"c":"#009900","v0":0.5,"v1":1.0},"geometry":{"type":"Polygon","coordinates":[[[-97.3229,34.5962],[-97.3143,34.6171],[-97.2686,34.6705],[-97.1859,34.7566],[-97.1359,34.805],[-97.1186,34.8159],[-97.1027,34.8201],[-97.0882,34.8173],[-97.074,34.7913],[-97.0602,34.742],[-97.0613,34.7009],[-97.0772,34.668],[-97.1114,34.6418],[-97.1638,34.6222],[-97.21,34.595],[-97.25,34.5602],[-97.28,34.5441],[-97.3,34.5469],[-97.3143,34.5576],[-97.3229,34.5764],[-97.3229,34.5962]]]}},{"type":"Feature","properties":{"c":"#009900","v0":0.5,"v1":1.0},"geometry":{"type":"Polygon","coordinates":[[[-97.471,33.9838],[-97.457,34.003],[-97.435,34.0154],[-97.405,34.0212],[-97.365,34.0412],[-97.315,34.0754],[-97.2584,34.1002],[-97.1953,34.1157],[-97.1439,34.1482],[-97.1042,34.1979],[-97.1063,34.2434],[-97.1505,34.2847],[-97.1469,34.3133],[-97.0956,34.3291],[-97.05,34.3544],[-97.01,34.3891],[-96.96,34.4164],[-96.9,34.4364],[-96.835,34.4389],[-96.765,34.4241],[-96.705,34.431],[-96.655,34.4597],[-96.615,34.4703],[-96.585,34.4628],[-96.573,34.4412],[-96.5791,34.4057],[-96.6341,34.3362],[-96.738,34.2327],[-96.8421,34.1872],[-96.9463,34.1998],[-97.0044,34.202],[-97.0165,34.1937],[-97.0222,34.1731],[-97.0217,34.14],[-97.0471,34.1151],[-97.0985,34.0986],[-97.1622,34.0613],[-97.2381,34.0033],[-97.3146,33.9588],[-97.3915,33.9278],[-97.442,33.9278],[-97.466,33.9588],[-97.471,33.9838]],[[-96.9819,34.3053],[-96.9664,34.3384],[-96.9465,34.3608],[-96.9222,34.3726],[-96.8797,34.3684],[-96.8191,34.3484],[-96.794,34.326],[-96.8044,34.3012],[-96.8247,34.2813],[-96.8549,34.2662],[-96.885,34.2587],[-96.915,34.2586],[-96.9449,34.2661],[-96.9747,34.2813],[-96.9819,34.3053]]]}},{"type":"Feature","properties":{"c":"#009900","v0":0.5,"v1":1.0},"geometry":{"type":"Polygon","coordinates":[[[-89.6814,34.1511],[-89.6605,34.1734],[-89.6349,34.1816],[-89.6046,34.1759],[-89.5996,34.1603],[-89.6199,34.1348],[-89.64,34.1207],[-89.66,34.1179],[-89.6755,34.1223],[-89.6864,34.1341],[-89.6814,34.1511]]]}},{"type":"Feature","properties":{"c":"#009900","v0":0.5,"v1":1.0},"geometry":{"type":"Polygon","coordinates":[[[-83.851,34.1115],[-83.837,34.1209],[-83.8277,34.1209],[-83.823,34.1115],[-83.828,34.1002],[-83.8427,34.0868],[-83.852,34.0868],[-83.856,34.1002],[-83.851,34.1115]]]}},{"type":"Feature","properties":{"c":"#009900","v0":0.5,"v1":1.0},"geometry":{"type":"Polygon","coordinates":[[[-74.9684,34.0986],[-74.9636,34.1151],[-74.9534,34.1261],[-74.9378,34.1314],[-74.93,34.1211],[-74.93,34.095],[-74.9402,34.0841],[-74.9606,34.0882],[-74.9684,34.0986]]]}},{"type":"Feature","properties":{"c":"#009900","v0":0.5,"v1":1.0},"geometry":{"type":"Polygon","coordinates":[[[-83.925,33.9656],[-83.875,34.0147],[-83.8467,34.0313],[-83.8402,34.0154],[-83.8416,33.9991],[-83.851,33.9825],[-83.8692,33.9654],[-83.8964,33.9477],[-83.92,33.9394],[-83.94,33.9405],[-83.925,33.9656]]]}},{"type":"Feature","properties":{"c":"#009900","v0":0.5,"v1":1.0},"geometry":{"type":"Polygon","coordinates":[[[-75.5838,33.9138],[-75.5613,33.9256],[-75.5463,33.9256],[-75.539,33.9138],[-75.544,33.9021],[-75.5613,33.8905],[-75.5763,33.8905],[-75.5888,33.9021],[-75.5838,33.9138]]]}},{"type":"Feature","properties":{"c":"#009900","v0":0.5,"v1":1.0},"geometry":{"type":"Polygon","coordinates":[[[-98.0192,33.2712],[-97.9864,33.3311],[-97.96,33.3563],[-97.94,33.3468],[-97.905,33.3668],[-97.855,33.4163],[-97.7943,33.4621],[-97.723,33.5042],[-97.6788,33.5794],[-97.6619,33.6876],[-97.6225,33.7783],[-97.5608,33.8513],[-97.5191,33.8845],[-97.4974,33.8779],[-97.4724,33.8398],[-97.4441,33.77],[-97.42,33.727],[-97.4,33.711],[-97.345,33.7273],[-97.255,33.776],[-97.175,33.8061],[-97.105,33.8176],[-97.0334,33.8154],[-96.9603,33.7995],[-96.9353,33.754],[-96.9584,33.6787],[-97.015,33.6193],[-97.105,33.5756],[-97.2106,33.4882],[-97.3319,33.3571],[-97.4119,33.26],[-97.4506,33.197],[-97.495,33.1779],[-97.545,33.2027],[-97.605,33.1954],[-97.675,33.1561],[-97.72,33.1206],[-97.74,33.0888],[-97.76,33.0693],[-97.78,33.0619],[-97.8166,33.0998],[-97.8698,33.183],[-97.9048,33.253],[-97.9216,33.31],[-97.9352,33.3183],[-97.9457,33.2781],[-97.9657,33.2466],[-97.9952,33.2237],[-98.0164,33.2196],[-98.0292,33.234],[-98.0192,33.2712]],[[-97.6668,33.3861],[-97.5889,33.475],[-97.53,33.5232],[-97.49,33.5309],[-97.435,33.5539],[-97.365,33.5923],[-97.3186,33.6108],[-97.2957,33.6093],[-97.2823,33.5961],[-97.2783,33.5711],[-97.2879,33.5294],[-97.311,33.471],[-97.3544,33.4117],[-97.4181,33.3514],[-97.495,33.3138],[-97.585,33.2989],[-97.6489,33.304],[-97.6868,33.3291],[-97.6668,33.3861]]]}},{"type":"Feature","properties":{"c":"#009900","v0":0.5,"v1":1.0},"geometry":{"type":"Polygon","coordinates":[[[-76.693,33.4668],[-76.6389,33.5169],[-76.6122,33.5586],[-76.6129,33.5919],[-76.5917,33.6252],[-76.5485,33.6585],[-76.5176,33.6961],[-76.4992,33.7381],[-76.4722,33.7588],[-76.4365,33.7585],[-76.4015,33.7341],[-76.3672,33.6855],[-76.3256,33.6522],[-76.2767,33.6342],[-76.2981,33.5961],[-76.39,33.5377],[-76.4496,33.4877],[-76.4767,33.446],[-76.5102,33.411],[-76.5501,33.3827],[-76.5769,33.3744],[-76.5907,33.3859],[-76.5956,33.4042],[-76.5916,33.4293],[-76.5946,33.446],[-76.6045,33.4543],[-76.6296,33.4511],[-76.6699,33.4363],[-76.6975,33.4321],[-76.7126,33.4386],[-76.693,33.4668]],[[-76.5684,33.5252],[-76.5326,33.5586],[-76.5286,33.5834],[-76.5562,33.5996],[-76.5664,33.6121],[-76.5591,33.6209],[-76.5341,33.6397],[-76.4914,33.6688],[-76.4561,33.6813],[-76.4282,33.6772],[-76.4077,33.6627],[-76.3948,33.6377],[-76.3937,33.6106],[-76.4046,33.5813],[-76.4376,33.548],[-76.4928,33.5106],[-76.5328,33.4911],[-76.5576,33.4896],[-76.5741,33.4938],[-76.5822,33.5036],[-76.5684,33.5252]]]}},{"type":"Feature","properties":{"c":"#009900","v0":0.5,"v1":1.0},"geometry":{"type":"Polygon","coordinates":[[[-94.4352,33.2622],[-94.4317,33.2705],[-94.42,33.275],[-94.4,33.2757],[-94.3843,33.2966],[-94.3729,33.3378],[-94.3579,33.3684],[-94.3393,33.3885],[-94.315,33.4026],[-94.285,33.4107],[-94.245,33.4034],[-94.195,33.3807],[-94.15,33.3854],[-94.11,33.4176],[-94.055,33.4469],[-93.985,33.4731],[-93.92,33.5261],[-93.86,33.6056],[-93.815,33.64],[-93.785,33.6293],[-93.7636,33.6076],[-93.7508,33.5749],[-93.7479,33.5419],[-93.7549,33.5085],[-93.7845,33.4502],[-93.8365,33.3667],[-93.8924,33.304],[-93.9522,33.2622],[-93.9805,33.2162],[-93.9774,33.166],[-93.9814,33.1409],[-93.9926,33.1409],[-94.0021,33.1534],[-94.01,33.1785],[-94.0329,33.1902],[-94.071,33.1883],[-94.1022,33.1799],[-94.1267,33.165],[-94.1367,33.145],[-94.1321,33.1199],[-94.1399,33.0997],[-94.16,33.0842],[-94.1816,33.0842],[-94.2049,33.0997],[-94.2162,33.1157],[-94.2156,33.1325],[-94.229,33.1499],[-94.2563,33.1681],[-94.295,33.1792],[-94.345,33.1833],[-94.3867,33.2035],[-94.4202,33.2398],[-94.4352,33.2622]],[[-94.1359,33.2903],[-94.1053,33.3549],[-94.0521,33.405],[-93.9763,33.4407],[-93.9163,33.4861],[-93.8721,33.5414],[-93.835,33.5711],[-93.805,33.5755],[-93.7878,33.5687],[-93.7833,33.5508],[-93.79,33.5169],[-93.8079,33.4668],[-93.8402,33.414],[-93.8867,33.3583],[-93.94,33.3228],[-94.0,33.3073],[-94.05,33.282],[-94.09,33.2468],[-94.1203,33.2364],[-94.1409,33.2508],[-94.1359,33.2903]],[[-94.3285,33.3336],[-94.3162,33.3511],[-94.2981,33.3553],[-94.2742,33.3462],[-94.2639,33.3291],[-94.2673,33.304],[-94.2792,33.2832],[-94.2997,33.2668],[-94.3162,33.2752],[-94.3285,33.3083],[-94.3285,33.3336]]]}},{"type":"Feature","properties":{"c":"#009900","v0":0.5,"v1":1.0},"geometry":{"type":"Polygon","coordinates":[[[-84.739,33.5794],[-84.7307,33.5877],[-84.7274,33.5836],[-84.729,33.5669],[-84.7331,33.5627],[-84.7398,33.5711],[-84.739,33.5794]]]}},{"type":"Feature","properties":{"c":"#009900","v0":0.5,"v1":1.0},"geometry":{"type":"Polygon","coordinates":[[[-76.761,33.5634],[-76.7403,33.573],[-76.7251,33.573],[-76.7152,33.5634],[-76.7202,33.5545],[-76.7401,33.5465],[-76.7553,33.5465],[-76.766,33.5545],[-76.761,33.5634]]]}},{"type":"Feature","properties":{"c":"#009900","v0":0.5,"v1":1.0},"geometry":{"type":"Polygon","coordinates":[[[-77.0094,33.2566],[-76.9965,33.2872],[-76.97,33.3074],[-76.93,33.3171],[-76.91,33.3011],[-76.91,33.2593],[-76.92,33.2336],[-76.94,33.2238],[-76.9665,33.2245],[-76.9994,33.2357],[-77.0094,33.2566]]]}},{"type":"Feature","properties":{"c":"#009900","v0":0.5,"v1":1.0},"geometry":{"type":"Polygon","coordinates":[[[-76.7751,33.2664],[-76.745,33.2833],[-76.7264,33.2875],[-76.7191,33.279],[-76.7241,33.2694],[-76.7414,33.2588],[-76.76,33.2546],[-76.7801,33.2569],[-76.7751,33.2664]]]}},{"type":"Feature","properties":{"c":"#009900","v0":0.5,"v1":1.0},"geometry":{"type":"Polygon","coordinates":[[[-96.8626,31.9819],[-96.857,32.0243],[-96.8472,32.0582],[-96.8333,32.0837],[-96.8123,32.1045],[-96.7841,32.1207],[-96.7688,32.1504],[-96.7663,32.1934],[-96.7513,32.2304],[-96.7238,32.2614],[-96.655,32.2908],[-96.545,32.3187],[-96.475,32.3447],[-96.445,32.3689],[-96.405,32.3889],[-96.355,32.4048],[-96.32,32.4193],[-96.3,32.4326],[-96.2767,32.4634],[-96.2501,32.5117],[-96.2151,32.5531],[-96.1717,32.5876],[-96.1207,32.6844],[-96.062,32.8435],[-96.012,32.9554],[-95.9707,33.0204],[-95.9485,33.0707],[-95.9456,33.1063],[-95.9106,33.145],[-95.8435,33.1869],[-95.7829,33.212],[-95.7287,33.2204],[-95.7062,33.1953],[-95.7153,33.1367],[-95.7068,33.0906],[-95.6806,33.0571],[-95.6636,33.0152],[-95.6556,32.9648],[-95.6562,32.9359],[-95.6654,32.9283],[-95.6915,32.9325],[-95.7346,32.9485],[-95.7616,32.9439],[-95.7727,32.9187],[-95.7961,32.9046],[-95.832,32.9018],[-95.8595,32.885],[-95.8785,32.8543],[-95.8785,32.8273],[-95.8595,32.804],[-95.835,32.7937],[-95.805,32.7962],[-95.775,32.7904],[-95.745,32.7763],[-95.715,32.7735],[-95.685,32.782],[-95.6626,32.7742],[-95.6478,32.7501],[-95.6415,32.7254],[-95.6436,32.7001],[-95.651,32.683],[-95.6637,32.674],[-95.685,32.6803],[-95.715,32.7019],[-95.755,32.7142],[-95.805,32.7172],[-95.8541,32.6731],[-95.9023,32.5816],[-95.946,32.5148],[-95.985,32.4726],[-95.9909,32.4399],[-95.9636,32.4166],[-95.92,32.393],[-95.86,32.3692],[-95.785,32.3598],[-95.695,32.3647],[-95.6453,32.3629],[-95.636,32.3544],[-95.641,32.3401],[-95.6603,32.3198],[-95.7316,32.2902],[-95.8549,32.2513],[-95.9058,32.1853],[-95.8842,32.0921],[-95.8737,32.0159],[-95.8744,31.9565],[-95.8887,31.8843],[-95.9165,31.7994],[-95.9503,31.7453],[-95.9901,31.7222],[-96.055,31.701],[-96.145,31.6818],[-96.1943,31.6593],[-96.203,31.6336],[-96.213,31.6188],[-96.2243,31.6149],[-96.26,31.6206],[-96.32,31.6358],[-96.365,31.6398],[-96.395,31.6327],[-96.425,31.632],[-96.455,31.638],[-96.51,31.678],[-96.59,31.752],[-96.645,31.784],[-96.675,31.7741],[-96.7,31.7489],[-96.72,31.7085],[-96.7413,31.6969],[-96.7639,31.7142],[-96.7803,31.7484],[-96.7904,31.7994],[-96.813,31.8588],[-96.8479,31.9268],[-96.8626,31.9819]],[[-96.6393,32.0625],[-96.6327,32.0964],[-96.6154,32.126],[-96.5872,32.1514],[-96.5673,32.186],[-96.5558,32.2296],[-96.54,32.2516],[-96.52,32.2521],[-96.475,32.2356],[-96.405,32.2021],[-96.32,32.1835],[-96.22,32.1798],[-96.1547,32.166],[-96.124,32.1422],[-96.099,32.1132],[-96.0797,32.0791],[-96.0469,32.0452],[-96.0007,32.0115],[-95.9807,31.9812],[-95.9869,31.9542],[-96.015,31.9515],[-96.065,31.973],[-96.0969,31.978],[-96.1107,31.9665],[-96.0938,31.9183],[-96.0462,31.8334],[-96.0241,31.7824],[-96.0273,31.7654],[-96.0442,31.7495],[-96.0747,31.7348],[-96.12,31.7254],[-96.18,31.7212],[-96.23,31.7431],[-96.27,31.7911],[-96.31,31.7854],[-96.35,31.7261],[-96.385,31.6892],[-96.415,31.675],[-96.44,31.6691],[-96.46,31.6714],[-96.4961,31.7021],[-96.5484,31.7613],[-96.5916,31.8546],[-96.6256,31.9819],[-96.6393,32.0625]],[[-96.2028,32.4839],[-96.1809,32.515],[-96.15,32.5365],[-96.11,32.5484],[-96.0842,32.5961],[-96.0726,32.6795],[-96.0564,32.738],[-96.0358,32.7716],[-96.0191,32.8221],[-96.0063,32.8893],[-95.9781,32.948],[-95.9344,32.9984],[-95.9069,33.0436],[-95.8956,33.0837],[-95.865,33.1175],[-95.815,33.1451],[-95.7885,33.1376],[-95.7856,33.0951],[-95.8023,33.0571],[-95.8387,33.0235],[-95.8765,32.9648],[-95.9157,32.8809],[-95.935,32.8011],[-95.9344,32.7254],[-95.943,32.6553],[-95.961,32.5907],[-95.98,32.5511],[-96.0,32.5363],[-96.03,32.5289],[-96.07,32.5289],[-96.0964,32.5095],[-96.1091,32.4709],[-96.1241,32.4455],[-96.1414,32.4334],[-96.16,32.4295],[-96.18,32.4338],[-96.1959,32.4441],[-96.2078,32.4603],[-96.2028,32.4839]],[[-96.0404,32.3198],[-96.0335,32.3265],[-96.0238,32.3265],[-96.0114,32.3198],[-96.0149,32.3164],[-96.0342,32.3164],[-96.0404,32.3198]]]}},{"type":"Feature","properties":{"c":"#009900","v0":0.5,"v1":1.0},"geometry":{"type":"Polygon","coordinates":[[[-77.2038,33.1561],[-77.1813,33.1864],[-77.155,33.2032],[-77.1251,33.2063],[-77.1201,33.1847],[-77.14,33.1383],[-77.16,33.1135],[-77.18,33.1102],[-77.1963,33.1167],[-77.2088,33.1328],[-77.2038,33.1561]]]}},{"type":"Feature","properties":{"c":"#009900","v0":0.5,"v1":1.0},"geometry":{"type":"Polygon","coordinates":[[[-77.0046,33.1157],[-76.9984,33.1325],[-76.984,33.1476],[-76.9613,33.161],[-76.9301,33.161],[-76.8904,33.1476],[-76.8713,33.1325],[-76.8729,33.1157],[-76.8928,33.0952],[-76.9309,33.0709],[-76.96,33.0615],[-76.98,33.0669],[-76.9944,33.079],[-77.0033,33.0979],[-77.0046,33.1157]],[[-76.9467,33.1241],[-76.9339,33.1241],[-76.9332,33.1195],[-76.9444,33.1102],[-76.9508,33.1102],[-76.9523,33.1195],[-76.9467,33.1241]]]}},{"type":"Feature","properties":{"c":"#009900","v0":0.5,"v1":1.0},"geometry":{"type":"Polygon","coordinates":[[[-94.6703,32.6301],[-94.6434,32.6837],[-94.6279,32.7342],[-94.6237,32.7816],[-94.6277,32.8263],[-94.6401,32.8683],[-94.6372,32.9054],[-94.6191,32.9378],[-94.6,32.9574],[-94.58,32.9644],[-94.55,32.9554],[-94.51,32.9304],[-94.4719,32.9569],[-94.4358,33.0349],[-94.4108,33.0786],[-94.3969,33.088],[-94.3659,33.088],[-94.3176,33.0786],[-94.2826,33.0569],[-94.2609,33.023],[-94.225,33.0105],[-94.175,33.0194],[-94.15,33.0123],[-94.15,32.9892],[-94.1669,32.943],[-94.2007,32.8736],[-94.2507,32.7972],[-94.3169,32.7138],[-94.4022,32.6422],[-94.5065,32.5826],[-94.5615,32.5258],[-94.5672,32.4719],[-94.5807,32.4508],[-94.6022,32.4625],[-94.6306,32.5021],[-94.666,32.5696],[-94.6703,32.6301]],[[-94.3923,32.9991],[-94.3774,33.0174],[-94.3532,33.0174],[-94.3196,32.9991],[-94.3146,32.9763],[-94.3382,32.9489],[-94.3605,32.9405],[-94.3814,32.9511],[-94.3938,32.9648],[-94.3978,32.9816],[-94.3923,32.9991]],[[-94.5742,32.8487],[-94.5714,32.8684],[-94.555,32.8827],[-94.525,32.8916],[-94.4996,32.8776],[-94.4787,32.8406],[-94.4737,32.8076],[-94.4846,32.7785],[-94.5,32.7637],[-94.52,32.7631],[-94.5414,32.7819],[-94.5642,32.8199],[-94.5742,32.8487]]]}},{"type":"Feature","properties":{"c":"#009900","v0":0.5,"v1":1.0},"geometry":{"type":"Polygon","coordinates":[[[-77.4682,32.9732],[-77.4539,33.0068],[-77.4226,33.0354],[-77.3742,33.0591],[-77.35,33.0587],[-77.35,33.034],[-77.37,33.005],[-77.41,32.9717],[-77.4413,32.9554],[-77.464,32.9561],[-77.4682,32.9732]]]}},{"type":"Feature","properties":{"c":"#009900","v0":0.5,"v1":1.0},"geometry":{"type":"Polygon","coordinates":[[[-98.0566,32.9992],[-98.0522,33.0177],[-98.04,33.029],[-98.02,33.0331],[-98.0072,33.0155],[-98.0016,32.9761],[-98.0066,32.9556],[-98.0222,32.954],[-98.0372,32.9624],[-98.0516,32.9808],[-98.0566,32.9992]]]}},{"type":"Feature","properties":{"c":"#009900","v0":0.5,"v1":1.0},"geometry":{"type":"Polygon","coordinates":[[[-78.7014,32.8824],[-78.6805,32.9024],[-78.66,32.913],[-78.64,32.9143],[-78.58,32.8971],[-78.48,32.8613],[-78.4286,32.8339],[-78.4257,32.8148],[-78.4357,32.7993],[-78.4586,32.7874],[-78.505,32.7863],[-78.575,32.7961],[-78.6308,32.8105],[-78.6723,32.8294],[-78.6978,32.8473],[-78.7072,32.8641],[-78.7014,32.8824]]]}},{"type":"Feature","properties":{"c":"#009900","v0":0.5,"v1":1.0},"geometry":{"type":"Polygon","coordinates":[[[-98.3336,32.7027],[-98.2912,32.7669],[-98.24,32.8097],[-98.18,32.8313],[-98.1355,32.8329],[-98.1066,32.8145],[-98.0873,32.7927],[-98.0776,32.7674],[-98.076,32.738],[-98.0823,32.7043],[-98.0917,32.6799],[-98.1039,32.6648],[-98.1319,32.6479],[-98.1758,32.6294],[-98.2058,32.5957],[-98.2219,32.5469],[-98.2396,32.53],[-98.2588,32.5452],[-98.2738,32.5746],[-98.2846,32.6184],[-98.3062,32.6479],[-98.3386,32.6631],[-98.3336,32.7027]]]}},{"type":"Feature","properties":{"c":"#009900","v0":0.5,"v1":1.0},"geometry":{"type":"Polygon","coordinates":[[[-79.1442,32.384],[-79.1272,32.4853],[-79.1115,32.5447],[-79.0972,32.5624],[-79.055,32.5639],[-78.985,32.5493],[-78.935,32.5262],[-78.905,32.4946],[-78.86,32.4779],[-78.8,32.4759],[-78.7629,32.486],[-78.7487,32.508],[-78.7287,32.5242],[-78.7029,32.5347],[-78.6724,32.5347],[-78.6373,32.5242],[-78.632,32.5021],[-78.6566,32.4684],[-78.6679,32.4304],[-78.6658,32.3882],[-78.6861,32.3493],[-78.7287,32.3137],[-78.76,32.2654],[-78.78,32.2042],[-78.8147,32.1713],[-78.8641,32.1665],[-78.9041,32.1408],[-78.9347,32.094],[-78.9536,32.0813],[-78.9607,32.1026],[-78.9463,32.1303],[-78.9104,32.1641],[-78.8927,32.1938],[-78.8931,32.2191],[-78.8812,32.253],[-78.857,32.2953],[-78.8472,32.3417],[-78.8516,32.3924],[-78.8679,32.4269],[-78.896,32.4451],[-78.965,32.4198],[-79.075,32.351],[-79.1357,32.3208],[-79.1471,32.3291],[-79.1442,32.384]],[[-79.0895,32.4353],[-79.0765,32.4702],[-79.055,32.4858],[-79.025,32.4818],[-79.0074,32.4728],[-79.0023,32.4586],[-79.0073,32.4391],[-79.0224,32.4144],[-79.04,32.3983],[-79.06,32.391],[-79.0765,32.395],[-79.0895,32.4102],[-79.0895,32.4353]]]}},{"type":"Feature","properties":{"c":"#009900","v0":0.5,"v1":1.0},"geometry":{"type":"Polygon","coordinates":[[[-97.9639,32.4009],[-97.9567,32.4346],[-97.9373,32.4598],[-97.9058,32.4764],[-97.8679,32.4722],[-97.8237,32.4471],[-97.7941,32.422],[-97.7793,32.3966],[-97.7814,32.3715],[-97.8005,32.3465],[-97.825,32.326],[-97.855,32.3101],[-97.89,32.3125],[-97.93,32.3333],[-97.9544,32.3538],[-97.9631,32.3739],[-97.9639,32.4009]]]}},{"type":"Feature","properties":{"c":"#009900","v0":0.5,"v1":1.0},"geometry":{"type":"Polygon","coordinates":[[[-98.2332,32.2784],[-98.2259,32.3037],[-98.2142,32.3204],[-98.1981,32.3284],[-98.185,32.3177],[-98.175,32.2882],[-98.18,32.2668],[-98.2,32.2535],[-98.2167,32.2515],[-98.2302,32.2609],[-98.2332,32.2784]]]}},{"type":"Feature","properties":{"c":"#009900","v0":0.5,"v1":1.0},"geometry":{"type":"Polygon","coordinates":[[[-95.2728,32.1595],[-95.2576,32.1842],[-95.2288,32.1969],[-95.1864,32.1976],[-95.1685,32.1895],[-95.1748,32.1726],[-95.196,32.154],[-95.232,32.1337],[-95.2576,32.1295],[-95.2728,32.1413],[-95.2728,32.1595]]]}},{"type":"Feature","properties":{"c":"#009900","v0":0.5,"v1":1.0},"geometry":{"type":"Polygon","coordinates":[[[-99.3654,30.6921],[-99.3527,30.7523],[-99.3273,30.8137],[-99.2891,30.8764],[-99.26,30.9132],[-99.24,30.9243],[-99.195,30.9327],[-99.125,30.9384],[-99.0472,30.9744],[-98.9615,31.0409],[-98.9215,31.0817],[-98.9272,31.0968],[-98.945,31.1056],[-98.975,31.108],[-99.0,31.1176],[-99.02,31.1342],[-99.0126,31.1768],[-98.9778,31.2452],[-98.9656,31.3093],[-98.9757,31.3691],[-98.9681,31.4304],[-98.9427,31.493],[-98.955,31.5369],[-99.005,31.5622],[-99.055,31.6047],[-99.105,31.6643],[-99.1366,31.7225],[-99.1497,31.7794],[-99.1497,31.8206],[-99.1366,31.8461],[-99.12,31.8637],[-99.1,31.8736],[-99.075,31.8752],[-99.045,31.8685],[-99.02,31.8688],[-99.0,31.8761],[-98.97,31.9174],[-98.93,31.9927],[-98.885,32.021],[-98.835,32.0025],[-98.795,31.993],[-98.765,31.9925],[-98.68,32.0076],[-98.54,32.0381],[-98.44,32.0719],[-98.38,32.109],[-98.33,32.1304],[-98.29,32.1361],[-98.255,32.1384],[-98.225,32.1372],[-98.185,32.1266],[-98.135,32.1068],[-98.07,32.121],[-97.99,32.169],[-97.939,32.1646],[-97.9169,32.1078],[-97.9153,32.0582],[-97.9341,32.0159],[-97.9451,31.9692],[-97.9482,31.9183],[-97.9193,31.8758],[-97.8586,31.8419],[-97.8273,31.8164],[-97.8254,31.7994],[-97.8949,31.7441],[-98.0357,31.6505],[-98.1365,31.5525],[-98.1971,31.4502],[-98.2579,31.3862],[-98.319,31.3606],[-98.3919,31.3008],[-98.4766,31.2068],[-98.5292,31.1383],[-98.5499,31.0955],[-98.5598,31.0184],[-98.5589,30.9069],[-98.5873,30.7781],[-98.6449,30.6319],[-98.6963,30.52],[-98.7416,30.4424],[-98.7675,30.3562],[-98.7741,30.2612],[-98.7855,30.2084],[-98.8018,30.198],[-98.82,30.1939],[-98.84,30.1962],[-98.87,30.2172],[-98.91,30.257],[-98.9418,30.2783],[-98.9653,30.2813],[-98.9789,30.2353],[-98.9828,30.1402],[-98.9902,30.0796],[-99.0011,30.0537],[-99.0124,30.0407],[-99.0241,30.0406],[-99.0324,30.0752],[-99.0371,30.1445],[-99.0304,30.205],[-99.0123,30.2569],[-99.0033,30.3562],[-99.0032,30.5028],[-99.0149,30.588],[-99.0383,30.6121],[-99.065,30.6238],[-99.095,30.6232],[-99.135,30.5744],[-99.185,30.4774],[-99.23,30.4232],[-99.27,30.4119],[-99.309,30.4185],[-99.3471,30.4431],[-99.3577,30.4769],[-99.3407,30.52],[-99.3421,30.5717],[-99.3619,30.6319],[-99.3654,30.6921]],[[-99.1837,30.8556],[-99.1746,30.8645],[-99.17,30.8612],[-99.17,30.8458],[-99.1746,30.8414],[-99.1837,30.8479],[-99.1837,30.8556]],[[-99.1086,30.7394],[-99.0721,30.791],[-99.0495,30.8339],[-99.0408,30.8683],[-99.0199,30.901],[-98.9866,30.9321],[-98.955,30.9502],[-98.925,30.9552],[-98.87,30.9513],[-98.79,30.9384],[-98.7468,30.9117],[-98.7404,30.8713],[-98.7454,30.8409],[-98.7618,30.8205],[-98.8217,30.8119],[-98.925,30.8151],[-98.977,30.8125],[-98.9775,30.8039],[-98.9309,30.7894],[-98.837,30.769],[-98.7683,30.7432],[-98.7248,30.712],[-98.7081,30.6663],[-98.7183,30.6061],[-98.7525,30.5415],[-98.8106,30.4726],[-98.8286,30.3993],[-98.8064,30.3216],[-98.799,30.273],[-98.8063,30.2535],[-98.82,30.2467],[-98.84,30.2526],[-98.8716,30.2883],[-98.9148,30.3537],[-98.9334,30.4252],[-98.9274,30.5028],[-98.9297,30.5544],[-98.9402,30.5803],[-98.9908,30.6233],[-99.0815,30.6835],[-99.1086,30.7394]],[[-98.8239,31.5611],[-98.8136,31.6122],[-98.7888,31.6543],[-98.7496,31.6873],[-98.695,31.6992],[-98.625,31.6899],[-98.56,31.6878],[-98.5,31.6927],[-98.4494,31.6851],[-98.4083,31.6649],[-98.3983,31.6433],[-98.4194,31.6202],[-98.4842,31.599],[-98.5925,31.5794],[-98.6775,31.5472],[-98.7392,31.5023],[-98.78,31.4778],[-98.8,31.4736],[-98.8148,31.4875],[-98.8243,31.5195],[-98.8239,31.5611]],[[-98.862,31.2666],[-98.8456,31.3093],[-98.8306,31.3353],[-98.8169,31.3445],[-98.773,31.3103],[-98.699,31.2327],[-98.6709,31.1597],[-98.6887,31.0912],[-98.7057,31.0461],[-98.7219,31.0243],[-98.745,31.0114],[-98.775,31.0076],[-98.8034,31.0142],[-98.8302,31.0313],[-98.8416,31.0612],[-98.8375,31.1041],[-98.8441,31.1554],[-98.8615,31.2153],[-98.862,31.2666]],[[-98.5114,31.4479],[-98.4838,31.4773],[-98.46,31.4914],[-98.44,31.4903],[-98.4251,31.4841],[-98.4153,31.4729],[-98.4199,31.4588],[-98.439,31.4417],[-98.4677,31.4332],[-98.506,31.4332],[-98.5114,31.4479]]]}},{"type":"Feature","properties":{"c":"#009900","v0":0.5,"v1":1.0},"geometry":{"type":"Polygon","coordinates":[[[-79.5756,31.7781],[-79.5462,31.8546],[-79.5333,31.914],[-79.5371,31.9565],[-79.5232,31.9947],[-79.4916,32.0286],[-79.47,32.0667],[-79.4583,32.1091],[-79.4368,32.1318],[-79.4056,32.135],[-79.375,32.1475],[-79.345,32.1694],[-79.3067,32.1763],[-79.26,32.1682],[-79.26,32.1266],[-79.3067,32.0515],[-79.35,32.0122],[-79.39,32.0087],[-79.4128,31.9911],[-79.4183,31.9596],[-79.4367,31.931],[-79.468,31.9056],[-79.4808,31.8758],[-79.4752,31.8419],[-79.4867,31.8],[-79.5156,31.7502],[-79.54,31.7183],[-79.56,31.7042],[-79.5751,31.7079],[-79.5852,31.7292],[-79.5756,31.7781]]]}},{"type":"Feature","properties":{"c":"#009900","v0":0.5,"v1":1.0},"geometry":{"type":"Polygon","coordinates":[[[-78.796,32.1194],[-78.792,32.1315],[-78.775,32.1395],[-78.745,32.1432],[-78.7222,32.1414],[-78.7065,32.134],[-78.6961,32.1218],[-78.691,32.1049],[-78.6938,32.0869],[-78.7046,32.068],[-78.72,32.0548],[-78.74,32.0474],[-78.762,32.061],[-78.786,32.0959],[-78.796,32.1194]]]}},{"type":"Feature","properties":{"c":"#009900","v0":0.5,"v1":1.0},"geometry":{"type":"Polygon","coordinates":[[[-97.5053,31.5805],[-97.3884,31.7724],[-97.3168,31.8659],[-97.2903,31.8612],[-97.2453,31.8222],[-97.1818,31.7489],[-97.14,31.7188],[-97.12,31.7319],[-97.1,31.7701],[-97.08,31.8335],[-97.03,31.8729],[-96.95,31.8884],[-96.8977,31.8911],[-96.8732,31.8809],[-96.8705,31.8334],[-96.8896,31.7484],[-96.9293,31.6718],[-96.9897,31.6037],[-97.0137,31.5355],[-97.0016,31.4673],[-97.0116,31.4118],[-97.0438,31.3691],[-97.0625,31.3293],[-97.0675,31.2925],[-97.085,31.2665],[-97.115,31.2515],[-97.15,31.2505],[-97.19,31.2637],[-97.23,31.2665],[-97.27,31.2591],[-97.305,31.263],[-97.335,31.2784],[-97.3558,31.2716],[-97.3674,31.2426],[-97.3707,31.2153],[-97.3657,31.1897],[-97.3549,31.1721],[-97.3383,31.1628],[-97.325,31.1739],[-97.315,31.2055],[-97.2996,31.2102],[-97.2789,31.188],[-97.2739,31.1396],[-97.2846,31.0651],[-97.305,31.0381],[-97.335,31.0585],[-97.37,31.0728],[-97.41,31.081],[-97.4434,31.108],[-97.4701,31.1539],[-97.4651,31.2099],[-97.4284,31.2759],[-97.37,31.3339],[-97.29,31.3837],[-97.255,31.4422],[-97.265,31.5093],[-97.285,31.5383],[-97.315,31.5293],[-97.345,31.503],[-97.375,31.4597],[-97.4,31.4328],[-97.42,31.4224],[-97.455,31.4197],[-97.505,31.4247],[-97.5384,31.4414],[-97.5553,31.47],[-97.5053,31.5805]],[[-97.4917,31.5141],[-97.4506,31.5735],[-97.415,31.5994],[-97.385,31.5919],[-97.3708,31.575],[-97.3723,31.5487],[-97.3834,31.5185],[-97.4041,31.4843],[-97.4283,31.4635],[-97.4561,31.4559],[-97.4806,31.4602],[-97.5017,31.4763],[-97.4917,31.5141]],[[-97.3605,31.7321],[-97.3535,31.7505],[-97.34,31.7614],[-97.32,31.7647],[-97.306,31.7554],[-97.2979,31.7337],[-97.2979,31.71],[-97.306,31.6843],[-97.3235,31.6843],[-97.3505,31.71],[-97.3605,31.7321]],[[-97.1479,31.6035],[-97.0693,31.7054],[-97.02,31.7598],[-97.0,31.7669],[-96.9855,31.7585],[-96.9764,31.7347],[-96.9979,31.6888],[-97.0497,31.6207],[-97.0793,31.5615],[-97.0864,31.5111],[-97.1085,31.4898],[-97.1456,31.4975],[-97.1699,31.5142],[-97.1814,31.5398],[-97.1479,31.6035]]]}},{"type":"Feature","properties":{"c":"#009900","v0":0.5,"v1":1.0},"geometry":{"type":"Polygon","coordinates":[[[-79.8281,31.7147],[-79.816,31.7323],[-79.7998,31.7408],[-79.7794,31.7402],[-79.7681,31.7313],[-79.7659,31.7143],[-79.7711,31.6999],[-79.7837,31.688],[-79.801,31.688],[-79.8231,31.6999],[-79.8281,31.7147]]]}},{"type":"Feature","properties":{"c":"#009900","v0":0.5,"v1":1.0},"geometry":{"type":"Polygon","coordinates":[[[-79.7401,31.527],[-79.7049,31.544],[-79.693,31.5428],[-79.7043,31.5232],[-79.7219,31.5147],[-79.7458,31.5172],[-79.7401,31.527]]]}},{"type":"Feature","properties":{"c":"#009900","v0":0.5,"v1":1.0},"geometry":{"type":"Polygon","coordinates":[[[-79.7449,31.3667],[-79.7216,31.4045],[-79.695,31.4228],[-79.665,31.4216],[-79.6494,31.4112],[-79.6481,31.3917],[-79.6566,31.3734],[-79.6749,31.3563],[-79.6956,31.3427],[-79.7185,31.3324],[-79.7366,31.3324],[-79.7499,31.3427],[-79.7449,31.3667]]]}},{"type":"Feature","properties":{"c":"#009900","v0":0.5,"v1":1.0},"geometry":{"type":"Polygon","coordinates":[[[-82.7581,31.317],[-82.7527,31.3239],[-82.7427,31.3239],[-82.7281,31.317],[-82.7231,31.309],[-82.7277,31.2997],[-82.7377,31.2997],[-82.7531,31.309],[-82.7581,31.317]]]}},{"type":"Feature","properties":{"c":"#009900","v0":0.5,"v1":1.0},"geometry":{"type":"Polygon","coordinates":[[[-80.5768,30.9094],[-80.5723,30.9228],[-80.5574,30.9314],[-80.5323,30.9351],[-80.5115,30.9455],[-80.4951,30.9627],[-80.4699,31.0055],[-80.436,31.0741],[-80.4127,31.1469],[-80.4002,31.2239],[-80.3879,31.2628],[-80.376,31.2636],[-80.3553,31.2508],[-80.326,31.2243],[-80.3332,31.1554],[-80.3768,31.0441],[-80.4109,30.9798],[-80.4354,30.9627],[-80.4529,30.9369],[-80.4634,30.9026],[-80.484,30.8728],[-80.5147,30.8476],[-80.5423,30.8519],[-80.5668,30.8857],[-80.5768,30.9094]]]}},{"type":"Feature","properties":{"c":"#009900","v0":0.5,"v1":1.0},"geometry":{"type":"Polygon","coordinates":[[[-83.7404,31.1791],[-83.7201,31.1837],[-83.7051,31.1795],[-83.6953,31.1663],[-83.7003,31.1581],[-83.7201,31.155],[-83.7351,31.1593],[-83.7454,31.171],[-83.7404,31.1791]]]}},{"type":"Feature","properties":{"c":"#009900","v0":0.5,"v1":1.0},"geometry":{"type":"Polygon","coordinates":[[[-97.445,31.0055],[-97.4275,31.0055],[-97.4166,30.9945],[-97.4122,30.9723],[-97.4209,30.9723],[-97.4427,30.9945],[-97.445,31.0055]]]}},{"type":"Feature","properties":{"c":"#009900","v0":0.5,"v1":1.0},"geometry":{"type":"Polygon","coordinates":[[[-80.068,30.8242],[-80.056,30.8391],[-80.043,30.8348],[-80.029,30.8113],[-80.029,30.7963],[-80.043,30.7898],[-80.056,30.7941],[-80.068,30.8092],[-80.068,30.8242]]]}},{"type":"Feature","properties":{"c":"#009900","v0":0.5,"v1":1.0},"geometry":{"type":"Polygon","coordinates":[[[-80.3175,30.5631],[-80.2888,30.6405],[-80.2633,30.6901],[-80.2411,30.7118],[-80.22,30.722],[-80.2,30.7208],[-80.1826,30.7013],[-80.1678,30.6637],[-80.1778,30.6049],[-80.2126,30.5248],[-80.235,30.4816],[-80.245,30.4752],[-80.2651,30.4765],[-80.2953,30.4854],[-80.3158,30.4985],[-80.3265,30.5157],[-80.3175,30.5631]]]}},{"type":"Feature","properties":{"c":"#009900","v0":0.5,"v1":1.0},"geometry":{"type":"Polygon","coordinates":[[[-100.6943,30.1921],[-100.6746,30.218],[-100.621,30.2538],[-100.5337,30.2993],[-100.4587,30.3468],[-100.3961,30.3962],[-100.3612,30.3907],[-100.3539,30.3303],[-100.3585,30.2785],[-100.3749,30.2353],[-100.4299,30.1741],[-100.5233,30.095],[-100.5825,30.056],[-100.6074,30.0573],[-100.6274,30.0757],[-100.6425,30.1112],[-100.6635,30.1414],[-100.6906,30.1665],[-100.6943,30.1921]]]}},{"type":"Feature","properties":{"c":"#009900","v0":0.5,"v1":1.0},"geometry":{"type":"Polygon","coordinates":[[[-102.7883,29.7128],[-102.7761,29.7508],[-102.7584,29.7812],[-102.7352,29.804],[-102.6202,29.8743],[-102.4134,29.9922],[-102.23,30.0835],[-102.07,30.1484],[-101.94,30.1934],[-101.84,30.2184],[-101.74,30.2504],[-101.64,30.2893],[-101.5807,30.3066],[-101.5622,30.3022],[-101.5572,30.2914],[-101.5657,30.2742],[-101.6,30.2439],[-101.6599,30.2007],[-101.7549,30.1485],[-101.885,30.0873],[-102.05,29.9959],[-102.25,29.874],[-102.44,29.7784],[-102.62,29.7091],[-102.725,29.6726],[-102.755,29.6687],[-102.7761,29.6736],[-102.7883,29.687],[-102.7883,29.7128]]]}},{"type":"Feature","properties":{"c":"#009900","v0":0.5,"v1":1.0},"geometry":{"type":"Polygon","coordinates":[[[-101.2784,30.2131],[-101.2461,30.2464],[-101.22,30.2637],[-101.1999,30.2649],[-101.1902,30.2569],[-101.1908,30.2396],[-101.2006,30.2223],[-101.2198,30.205],[-101.2395,30.1919],[-101.2598,30.183],[-101.2761,30.183],[-101.2884,30.1919],[-101.2784,30.2131]]]}},{"type":"Feature","properties":{"c":"#009900","v0":0.5,"v1":1.0},"geometry":{"type":"Polygon","coordinates":[[[-89.7351,30.2482],[-89.7018,30.2482],[-89.6692,30.2396],[-89.6375,30.2223],[-89.6228,30.2094],[-89.6251,30.2007],[-89.6472,30.1979],[-89.6891,30.2011],[-89.7205,30.214],[-89.7414,30.2368],[-89.7351,30.2482]]]}},{"type":"Feature","properties":{"c":"#009900","v0":0.5,"v1":1.0},"geometry":{"type":"Polygon","coordinates":[[[-80.3705,30.1655],[-80.3568,30.1728],[-80.3432,30.1642],[-80.3297,30.1395],[-80.3345,30.1272],[-80.3576,30.1272],[-80.3712,30.1359],[-80.3753,30.1532],[-80.3705,30.1655]]]}},{"type":"Feature","properties":{"c":"#009900","v0":0.5,"v1":1.0},"geometry":{"type":"Polygon","coordinates":[[[-100.8171,30.0886],[-100.799,30.1151],[-100.7766,30.1324],[-100.7497,30.1405],[-100.7458,30.1315],[-100.7649,30.1056],[-100.7874,30.0883],[-100.8132,30.0796],[-100.8171,30.0886]]]}},{"type":"Feature","properties":{"c":"#009900","v0":0.5,"v1":1.0},"geometry":{"type":"Polygon","coordinates":[[[-99.1689,29.9775],[-99.143,30.0243],[-99.12,30.0479],[-99.1,30.0485],[-99.0787,30.0381],[-99.0562,30.0167],[-99.0401,29.9714],[-99.0306,29.9021],[-99.0341,29.8283],[-99.0508,29.7502],[-99.0669,29.7018],[-99.0823,29.683],[-99.1032,29.683],[-99.1295,29.7018],[-99.1415,29.7459],[-99.1392,29.8153],[-99.1489,29.876],[-99.1709,29.9281],[-99.1689,29.9775]]]}},{"type":"Feature","properties":{"c":"#009900","v0":0.5,"v1":1.0},"geometry":{"type":"Polygon","coordinates":[[[-100.0154,29.929],[-99.9985,29.9483],[-99.9729,29.944],[-99.9386,29.916],[-99.922,29.876],[-99.9231,29.824],[-99.9352,29.7881],[-99.9584,29.7683],[-99.9829,29.7683],[-100.0087,29.7881],[-100.0222,29.8283],[-100.0233,29.8891],[-100.0154,29.929]]]}},{"type":"Feature","properties":{"c":"#009900","v0":0.5,"v1":1.0},"geometry":{"type":"Polygon","coordinates":[[[-80.5933,29.4597],[-80.5911,29.4785],[-80.5798,29.4915],[-80.5594,29.4988],[-80.5415,29.5416],[-80.5258,29.6199],[-80.5225,29.7025],[-80.5314,29.7893],[-80.5144,29.8323],[-80.4715,29.8316],[-80.4069,29.7665],[-80.3208,29.6369],[-80.2742,29.5373],[-80.2672,29.4676],[-80.2753,29.4264],[-80.2984,29.4135],[-80.345,29.4178],[-80.415,29.4393],[-80.4548,29.4457],[-80.4644,29.4371],[-80.4587,29.4067],[-80.4379,29.3544],[-80.4331,29.323],[-80.4444,29.3126],[-80.478,29.3213],[-80.5341,29.3492],[-80.5702,29.3849],[-80.5864,29.4285],[-80.5933,29.4597]],[[-80.4709,29.5809],[-80.457,29.5984],[-80.425,29.6001],[-80.375,29.5858],[-80.3396,29.564],[-80.3187,29.5346],[-80.3087,29.5046],[-80.3096,29.4741],[-80.325,29.4614],[-80.355,29.4666],[-80.397,29.495],[-80.4509,29.5464],[-80.4709,29.5809]]]}},{"type":"Feature","properties":{"c":"#009900","v0":0.5,"v1":1.0},"geometry":{"type":"Polygon","coordinates":[[[-101.8601,29.775],[-101.84,29.7985],[-101.815,29.8125],[-101.785,29.8169],[-101.785,29.8012],[-101.815,29.7654],[-101.8388,29.7471],[-101.8564,29.7463],[-101.8665,29.7502],[-101.8689,29.7589],[-101.8601,29.775]]]}},{"type":"Feature","properties":{"c":"#009900","v0":0.5,"v1":1.0},"geometry":{"type":"Polygon","coordinates":[[[-94.8966,29.1592],[-94.8789,29.1702],[-94.815,29.1768],[-94.705,29.1793],[-94.615,29.2037],[-94.545,29.2502],[-94.49,29.2746],[-94.45,29.2768],[-94.3914,29.2905],[-94.3142,29.3157],[-94.2742,29.335],[-94.2714,29.3487],[-94.285,29.364],[-94.315,29.3811],[-94.3745,29.4005],[-94.4634,29.422],[-94.5106,29.4415],[-94.5161,29.4589],[-94.5066,29.4715],[-94.4822,29.4792],[-94.36,29.4808],[-94.14,29.4763],[-94.0,29.4592],[-93.94,29.4295],[-93.835,29.4074],[-93.685,29.3929],[-93.595,29.3799],[-93.565,29.3686],[-93.5447,29.3543],[-93.534,29.3369],[-93.534,29.3215],[-93.5447,29.3079],[-93.5902,29.2992],[-93.6705,29.2953],[-93.7605,29.2733],[-93.8602,29.2332],[-93.945,29.2156],[-94.015,29.2206],[-94.0685,29.2058],[-94.1054,29.1711],[-94.115,29.145],[-94.0975,29.1275],[-94.1301,29.11],[-94.2129,29.0926],[-94.2809,29.0707],[-94.334,29.0445],[-94.3676,29.027],[-94.3819,29.0182],[-94.3769,29.0051],[-94.3527,28.9876],[-94.3428,28.9701],[-94.347,28.9526],[-94.3944,28.9231],[-94.4848,28.8815],[-94.575,28.8672],[-94.665,28.8802],[-94.7321,28.8967],[-94.7764,28.9165],[-94.8074,28.9526],[-94.8252,29.0051],[-94.8489,29.0401],[-94.8786,29.0576],[-94.8964,29.0882],[-94.9025,29.1319],[-94.8966,29.1592]],[[-94.5346,29.1629],[-94.5182,29.1812],[-94.485,29.1924],[-94.435,29.1966],[-94.4,29.2117],[-94.38,29.2378],[-94.3399,29.2571],[-94.2797,29.2696],[-94.2313,29.289],[-94.1948,29.3152],[-94.1724,29.3326],[-94.164,29.3413],[-94.1907,29.3675],[-94.2526,29.411],[-94.2751,29.4359],[-94.2584,29.4421],[-94.2099,29.4421],[-94.1296,29.4359],[-94.0446,29.4176],[-93.9549,29.3872],[-93.865,29.3726],[-93.775,29.3739],[-93.7141,29.3674],[-93.6823,29.3529],[-93.6823,29.3375],[-93.7141,29.3212],[-93.765,29.3094],[-93.835,29.302],[-93.885,29.2912],[-93.915,29.2769],[-93.965,29.2768],[-94.035,29.291],[-94.0905,29.275],[-94.1316,29.2291],[-94.175,29.2017],[-94.2207,29.193],[-94.2902,29.1683],[-94.3834,29.1278],[-94.45,29.1092],[-94.49,29.1126],[-94.5182,29.1242],[-94.5346,29.1439],[-94.5346,29.1629]],[[-94.7671,29.1094],[-94.7424,29.1256],[-94.7086,29.13],[-94.6657,29.1225],[-94.6569,29.1013],[-94.6821,29.0663],[-94.692,29.0445],[-94.6865,29.0357],[-94.6461,29.0226],[-94.5707,29.0051],[-94.5272,28.9876],[-94.5157,28.9701],[-94.5249,28.9548],[-94.555,28.9417],[-94.605,28.9375],[-94.675,28.9422],[-94.7274,28.9837],[-94.7621,29.0621],[-94.7671,29.1094]]]}},{"type":"Feature","properties":{"c":"#009900","v0":0.5,"v1":1.0},"geometry":{"type":"Polygon","coordinates":[[[-93.3909,29.2639],[-93.3636,29.2747],[-93.3065,29.2747],[-93.2195,29.2639],[-93.1945,29.2404],[-93.2315,29.2042],[-93.2886,29.2042],[-93.3659,29.2404],[-93.3909,29.2639]]]}},{"type":"Feature","properties":{"c":"#009900","v0":0.5,"v1":1.0},"geometry":{"type":"Polygon","coordinates":[[[-80.7111,29.2483],[-80.697,29.2628],[-80.68,29.2696],[-80.66,29.2687],[-80.6408,29.2527],[-80.6223,29.2216],[-80.616,29.1974],[-80.6218,29.1799],[-80.6411,29.1721],[-80.6737,29.1739],[-80.697,29.1914],[-80.7111,29.2245],[-80.7111,29.2483]]]}},{"type":"Feature","properties":{"c":"#009900","v0":0.5,"v1":1.0},"geometry":{"type":"Polygon","coordinates":[[[-93.0035,29.1596],[-92.9545,29.1714],[-92.905,29.1697],[-92.855,29.1548],[-92.745,29.141],[-92.575,29.1284],[-92.46,29.1298],[-92.4,29.1452],[-92.3495,29.1444],[-92.3085,29.1273],[-92.2935,29.1126],[-92.3045,29.1004],[-92.33,29.0901],[-92.37,29.0818],[-92.475,29.0774],[-92.645,29.077],[-92.78,29.0837],[-92.88,29.0976],[-92.9545,29.1169],[-93.0035,29.1414],[-93.0035,29.1596]]]}},{"type":"Feature","properties":{"c":"#009900","v0":0.5,"v1":1.0},"geometry":{"type":"Polygon","coordinates":[[[-99.376,28.9001],[-99.3624,28.9176],[-99.3492,28.9244],[-99.3364,28.9204],[-99.335,28.9074],[-99.345,28.8854],[-99.355,28.872],[-99.365,28.8671],[-99.3732,28.8714],[-99.3796,28.8847],[-99.376,28.9001]]]}},{"type":"Feature","properties":{"c":"#009900","v0":0.5,"v1":1.0},"geometry":{"type":"Polygon","coordinates":[[[-95.9557,28.4834],[-95.9387,28.5098],[-95.9285,28.5449],[-95.9252,28.5888],[-95.8952,28.6115],[-95.8384,28.6131],[-95.775,28.6395],[-95.705,28.6909],[-95.6215,28.7296],[-95.5246,28.7557],[-95.4446,28.79],[-95.3815,28.8326],[-95.295,28.8471],[-95.185,28.8335],[-95.06,28.836],[-94.92,28.8544],[-94.8324,28.853],[-94.7972,28.8319],[-94.7794,28.8125],[-94.7792,28.795],[-94.7868,28.7822],[-94.8023,28.7741],[-94.9099,28.7478],[-95.1097,28.7033],[-95.2152,28.6766],[-95.2265,28.6678],[-95.2317,28.6456],[-95.2306,28.6099],[-95.2681,28.5836],[-95.3442,28.5666],[-95.5092,28.5089],[-95.7631,28.4104],[-95.8992,28.362],[-95.9176,28.3638],[-95.9362,28.3911],[-95.9549,28.4438],[-95.9557,28.4834]],[[-95.8503,28.4834],[-95.7736,28.5449],[-95.7277,28.5932],[-95.7126,28.6283],[-95.6863,28.6576],[-95.6488,28.681],[-95.59,28.7001],[-95.51,28.7149],[-95.4432,28.7383],[-95.3896,28.7703],[-95.3346,28.7916],[-95.2782,28.8025],[-95.185,28.8025],[-95.055,28.7916],[-95.055,28.7689],[-95.185,28.7342],[-95.2708,28.7035],[-95.3125,28.6768],[-95.3324,28.6503],[-95.3305,28.624],[-95.3697,28.5932],[-95.4499,28.5582],[-95.5672,28.5142],[-95.7217,28.4614],[-95.8167,28.4342],[-95.8522,28.4324],[-95.8747,28.4368],[-95.8841,28.4474],[-95.8503,28.4834]]]}},{"type":"Feature","properties":{"c":"#009900","v0":0.5,"v1":1.0},"geometry":{"type":"Polygon","coordinates":[[[-83.4252,28.8319],[-83.4017,28.853],[-83.355,28.864],[-83.285,28.8648],[-83.24,28.8601],[-83.22,28.8498],[-83.2073,28.8344],[-83.202,28.814],[-83.207,28.7912],[-83.2223,28.766],[-83.245,28.7479],[-83.275,28.737],[-83.3153,28.7408],[-83.3658,28.7594],[-83.4025,28.7818],[-83.4254,28.8081],[-83.4252,28.8319]],[[-83.3185,28.7938],[-83.2995,28.809],[-83.2784,28.8134],[-83.2553,28.807],[-83.2503,28.7935],[-83.2634,28.7729],[-83.2845,28.7686],[-83.3135,28.7803],[-83.3185,28.7938]]]}},{"type":"Feature","properties":{"c":"#009900","v0":0.5,"v1":1.0},"geometry":{"type":"Polygon","coordinates":[[[-85.4522,26.3288],[-85.4241,26.3791],[-85.385,26.4009],[-85.335,26.3944],[-85.2944,26.3961],[-85.2631,26.4062],[-85.2358,26.4515],[-85.2123,26.5321],[-85.1619,26.6126],[-85.0846,26.693],[-85.0345,26.7556],[-85.0116,26.8002],[-84.9977,26.8511],[-84.9926,26.9082],[-84.9835,26.9349],[-84.9704,26.9314],[-84.9587,26.9117],[-84.9485,26.8761],[-84.925,26.8499],[-84.8883,26.8333],[-84.8585,26.8288],[-84.8356,26.8365],[-84.8333,26.8671],[-84.8516,26.9207],[-84.8481,26.9754],[-84.8227,27.0314],[-84.7996,27.0581],[-84.7789,27.0556],[-84.7701,27.0321],[-84.7731,26.9875],[-84.7685,26.9573],[-84.7562,26.9413],[-84.735,26.9368],[-84.705,26.9437],[-84.675,26.9434],[-84.645,26.936],[-84.6199,26.945],[-84.5997,26.9704],[-84.615,27.0187],[-84.6658,27.09],[-84.6884,27.1656],[-84.6829,27.2457],[-84.6876,27.3306],[-84.7025,27.4203],[-84.715,27.4702],[-84.725,27.4804],[-84.745,27.4787],[-84.775,27.4651],[-84.8,27.4603],[-84.82,27.4642],[-84.8513,27.4876],[-84.894,27.5305],[-84.9664,27.583],[-85.0685,27.645],[-85.1242,27.7247],[-85.1336,27.8221],[-85.2024,28.0033],[-85.3308,28.2678],[-85.388,28.4658],[-85.3742,28.5976],[-85.348,28.6964],[-85.3093,28.7621],[-85.28,28.797],[-85.26,28.8009],[-85.195,28.7897],[-85.085,28.7634],[-85.005,28.7632],[-84.955,28.7891],[-84.9149,28.8025],[-84.8847,28.8033],[-84.858,28.7862],[-84.8348,28.7512],[-84.811,28.6766],[-84.7866,28.5625],[-84.7833,28.4963],[-84.8011,28.4782],[-84.8392,28.465],[-84.8975,28.4567],[-84.9324,28.4394],[-84.9439,28.4131],[-84.9179,28.3603],[-84.8543,28.281],[-84.82,28.1929],[-84.8151,28.0959],[-84.7769,28.032],[-84.7056,28.0012],[-84.655,27.9934],[-84.625,28.0087],[-84.605,28.0368],[-84.595,28.0778],[-84.58,28.1016],[-84.56,28.1083],[-84.52,28.0879],[-84.46,28.0402],[-84.395,28.012],[-84.325,28.0032],[-84.268,27.9845],[-84.224,27.9558],[-84.1864,27.9017],[-84.1552,27.8221],[-84.1242,27.7602],[-84.0933,27.7159],[-84.0803,27.6716],[-84.0852,27.6273],[-84.0583,27.5834],[-83.9994,27.5398],[-83.9568,27.4999],[-83.9303,27.4637],[-83.9109,27.4233],[-83.8986,27.379],[-83.8979,27.3212],[-83.9087,27.2501],[-83.881,27.1612],[-83.8146,27.0543],[-83.7955,26.9964],[-83.8237,26.9875],[-83.8389,26.9652],[-83.841,26.9296],[-83.852,26.9028],[-83.8719,26.885],[-83.8673,26.8538],[-83.8382,26.8091],[-83.8252,26.7645],[-83.8282,26.7198],[-83.814,26.6707],[-83.7826,26.6171],[-83.792,26.5902],[-83.8422,26.5902],[-83.8729,26.5808],[-83.8843,26.5619],[-83.905,26.5447],[-83.935,26.5294],[-83.9528,26.5031],[-83.9584,26.4657],[-83.9734,26.4441],[-83.9978,26.4382],[-84.0428,26.4516],[-84.1084,26.4844],[-84.1584,26.5256],[-84.1928,26.5753],[-84.22,26.5857],[-84.24,26.5569],[-84.2771,26.5321],[-84.3314,26.5112],[-84.3797,26.4471],[-84.422,26.3396],[-84.4405,26.2544],[-84.435,26.1916],[-84.4196,26.1288],[-84.3943,26.0659],[-84.3932,26.021],[-84.4165,25.994],[-84.4167,25.9535],[-84.394,25.8996],[-84.3879,25.8591],[-84.3983,25.8321],[-84.3787,25.7871],[-84.3289,25.724],[-84.309,25.6339],[-84.3189,25.5166],[-84.2975,25.4173],[-84.2448,25.336],[-84.2139,25.2772],[-84.2048,25.241],[-84.2032,25.2048],[-84.2092,25.1686],[-84.2317,25.1324],[-84.2709,25.0962],[-84.2925,25.069],[-84.2964,25.0509],[-84.2708,25.0056],[-84.2158,24.9331],[-84.1931,24.8514],[-84.2026,24.7606],[-84.198,24.7071],[-84.1793,24.6907],[-84.15,24.6781],[-84.11,24.6692],[-84.075,24.6487],[-84.045,24.6165],[-83.9634,24.6018],[-83.8303,24.6047],[-83.7782,24.6516],[-83.8069,24.7425],[-83.8135,24.8045],[-83.7978,24.8378],[-83.7752,24.865],[-83.7456,24.8862],[-83.7468,24.9195],[-83.779,24.9648],[-83.7788,25.001],[-83.7463,25.0281],[-83.705,25.0418],[-83.655,25.0421],[-83.6439,25.0829],[-83.6716,25.1642],[-83.6787,25.2139],[-83.6652,25.232],[-83.6335,25.2455],[-83.5837,25.2546],[-83.5738,25.2953],[-83.604,25.3676],[-83.6068,25.426],[-83.5823,25.4704],[-83.555,25.4947],[-83.525,25.499],[-83.5001,25.4858],[-83.4802,25.4552],[-83.461,25.3992],[-83.4423,25.3179],[-83.3994,25.241],[-83.3321,25.1686],[-83.2824,25.1007],[-83.2503,25.0373],[-83.2182,24.9929],[-83.1861,24.9675],[-83.155,24.9583],[-83.125,24.9653],[-83.0978,24.9553],[-83.0733,24.9284],[-83.0756,24.9013],[-83.1048,24.8741],[-83.1112,24.8333],[-83.0948,24.7788],[-83.1107,24.747],[-83.159,24.7379],[-83.1626,24.6698],[-83.1216,24.5425],[-83.1166,24.4606],[-83.1478,24.4242],[-83.1628,24.3741],[-83.1619,24.3103],[-83.1543,24.2602],[-83.14,24.2237],[-83.1367,24.1963],[-83.1441,24.1781],[-83.1584,24.1747],[-83.1795,24.186],[-83.2457,24.2544],[-83.3571,24.3798],[-83.4271,24.4697],[-83.4557,24.5243],[-83.4698,24.5607],[-83.4695,24.5789],[-83.4432,24.6016],[-83.3908,24.6289],[-83.3672,24.6516],[-83.3723,24.6698],[-83.4194,24.7243],[-83.5085,24.8151],[-83.5673,24.8642],[-83.5958,24.8715],[-83.6234,24.8715],[-83.6501,24.8642],[-83.648,24.8287],[-83.6172,24.7652],[-83.6135,24.7152],[-83.637,24.6789],[-83.6331,24.6153],[-83.602,24.5243],[-83.5893,24.456],[-83.595,24.4105],[-83.6109,24.384],[-83.637,24.3765],[-83.675,24.3799],[-83.725,24.3941],[-83.775,24.4222],[-83.825,24.4642],[-83.87,24.4783],[-83.91,24.4644],[-83.95,24.4702],[-83.99,24.4956],[-84.025,24.509],[-84.055,24.5103],[-84.1051,24.4938],[-84.1754,24.4595],[-84.2308,24.4196],[-84.2713,24.3741],[-84.2984,24.3285],[-84.3118,24.283],[-84.3417,24.2647],[-84.388,24.2738],[-84.4233,24.21],[-84.4475,24.0731],[-84.4672,23.9969],[-84.4824,23.9815],[-84.5,23.9764],[-84.52,23.9816],[-84.5482,24.0167],[-84.5846,24.0817],[-84.6046,24.138],[-84.6082,24.1855],[-84.6268,24.2448],[-84.6603,24.3158],[-84.6718,24.3786],[-84.6611,24.4333],[-84.6588,24.4925],[-84.6647,24.5561],[-84.6975,24.6425],[-84.7571,24.7516],[-84.7906,24.8287],[-84.7979,24.8741],[-84.7961,24.9285],[-84.7852,24.992],[-84.7873,25.0355],[-84.8024,25.059],[-84.815,25.0705],[-84.825,25.0699],[-84.845,25.0419],[-84.875,24.9864],[-84.9078,24.9795],[-84.9433,25.0211],[-84.9698,25.1551],[-84.9875,25.3812],[-85.0146,25.5256],[-85.0511,25.5888],[-85.0595,25.6379],[-85.0398,25.673],[-85.0,25.6701],[-84.94,25.6292],[-84.895,25.6084],[-84.865,25.6078],[-84.835,25.6144],[-84.805,25.6282],[-84.7831,25.654],[-84.7692,25.6917],[-84.7692,25.7337],[-84.7831,25.78],[-84.81,25.8337],[-84.85,25.8948],[-84.89,25.9444],[-84.93,25.9826],[-84.961,26.0054],[-84.9829,26.0128],[-85.0133,26.003],[-85.0522,25.976],[-85.0516,25.94],[-85.0116,25.8951],[-84.9928,25.8411],[-84.9953,25.7781],[-85.0049,25.7393],[-85.0216,25.7247],[-85.04,25.7233],[-85.06,25.7352],[-85.0796,25.756],[-85.0989,25.7857],[-85.1099,25.8321],[-85.1127,25.8951],[-85.1086,25.94],[-85.0977,25.967],[-85.1505,26.0165],[-85.267,26.0883],[-85.3605,26.1692],[-85.431,26.2589],[-85.4522,26.3288]],[[-85.3007,28.435],[-85.2656,28.4702],[-85.2539,28.5054],[-85.2656,28.5405],[-85.2647,28.5713],[-85.2512,28.5976],[-85.2308,28.6155],[-85.2036,28.6249],[-85.1743,28.6205],[-85.1428,28.6023],[-85.1242,28.5713],[-85.1186,28.5273],[-85.1353,28.4966],[-85.1743,28.479],[-85.1941,28.4658],[-85.1946,28.457],[-85.1637,28.4355],[-85.1012,28.4013],[-85.0627,28.3749],[-85.0481,28.3564],[-85.0341,28.2986],[-85.0207,28.2017],[-85.023,28.13],[-85.041,28.0834],[-85.06,28.0616],[-85.08,28.0645],[-85.1067,28.0834],[-85.1401,28.1182],[-85.1595,28.1709],[-85.1648,28.2414],[-85.1931,28.2879],[-85.2444,28.3104],[-85.2821,28.3457],[-85.3062,28.3935],[-85.3007,28.435]],[[-84.9266,28.0301],[-84.9155,28.0308],[-84.9082,28.0219],[-84.9045,28.0036],[-84.91,28.0033],[-84.9248,28.0209],[-84.9266,28.0301]],[[-84.9334,27.7026],[-84.9019,27.7557],[-84.8772,27.7876],[-84.8591,27.7984],[-84.82,27.7886],[-84.76,27.7583],[-84.7158,27.722],[-84.6874,27.6796],[-84.6819,27.6406],[-84.6992,27.6052],[-84.7334,27.5811],[-84.7845,27.5685],[-84.8312,27.5729],[-84.8736,27.5944],[-84.9083,27.6229],[-84.9355,27.6583],[-84.9334,27.7026]],[[-84.6268,27.5857],[-84.5623,27.6532],[-84.4988,27.671],[-84.4365,27.6389],[-84.3552,27.5431],[-84.2547,27.3834],[-84.2013,27.2812],[-84.1948,27.2368],[-84.2006,27.1923],[-84.2187,27.1478],[-84.2,27.0855],[-84.1445,27.0053],[-84.0868,26.8894],[-84.0271,26.7377],[-84.0004,26.6488],[-84.0068,26.6227],[-84.02,26.6073],[-84.04,26.6024],[-84.06,26.6059],[-84.08,26.6178],[-84.1037,26.6511],[-84.1312,26.7059],[-84.1517,26.7645],[-84.1653,26.827],[-84.2152,26.8894],[-84.3014,26.9519],[-84.3799,27.0365],[-84.4507,27.1434],[-84.5171,27.2201],[-84.579,27.2668],[-84.6201,27.3157],[-84.6402,27.3667],[-84.6525,27.4322],[-84.6569,27.5121],[-84.6268,27.5857]],[[-84.3208,27.6297],[-84.3136,27.6433],[-84.305,27.6482],[-84.295,27.6445],[-84.285,27.6253],[-84.275,27.5907],[-84.2836,27.5858],[-84.3108,27.6105],[-84.3208,27.6297]],[[-84.0857,27.1837],[-84.0619,27.1931],[-84.0398,27.1931],[-84.0194,27.1837],[-83.9948,27.1523],[-83.966,27.0989],[-83.9562,27.052],[-83.9654,27.0118],[-83.98,26.9973],[-84.0,27.0085],[-84.0319,27.0553],[-84.0757,27.1378],[-84.0857,27.1837]],[[-83.7769,24.7766],[-83.7723,24.7902],[-83.76,24.7934],[-83.74,24.7861],[-83.725,24.7566],[-83.715,24.7047],[-83.72,24.6825],[-83.74,24.69],[-83.7573,24.7128],[-83.7719,24.7507],[-83.7769,24.7766]],[[-83.7022,24.5042],[-83.6941,24.5185],[-83.6785,24.523],[-83.6554,24.5178],[-83.6372,24.5016],[-83.624,24.4743],[-83.6206,24.4501],[-83.6269,24.4291],[-83.6438,24.4245],[-83.6715,24.4364],[-83.6906,24.456],[-83.701,24.4834],[-83.7022,24.5042]],[[-83.5902,25.1531],[-83.5634,25.1584],[-83.53,25.1461],[-83.49,25.1162],[-83.455,25.1147],[-83.425,25.1415],[-83.395,25.1491],[-83.365,25.1374],[-83.3256,25.0775],[-83.2769,24.9691],[-83.2569,24.9064],[-83.2656,24.8892],[-83.315,24.9186],[-83.405,24.9944],[-83.48,25.0465],[-83.54,25.075],[-83.5784,25.1045],[-83.5952,25.1352],[-83.5902,25.1531]],[[-83.5732,25.3995],[-83.5577,25.4271],[-83.54,25.4398],[-83.52,25.4376],[-83.5044,25.4238],[-83.4932,25.3984],[-83.49,25.3721],[-83.4947,25.345],[-83.5103,25.3323],[-83.5368,25.334],[-83.5577,25.3476],[-83.5732,25.373],[-83.5732,25.3995]],[[-84.9687,26.2272],[-84.9562,26.2535],[-84.93,26.2632],[-84.89,26.2564],[-84.8725,26.2791],[-84.8776,26.3314],[-84.8676,26.3776],[-84.8425,26.4177],[-84.77,26.4153],[-84.65,26.3704],[-84.5764,26.3369],[-84.5492,26.3148],[-84.53,26.2903],[-84.5188,26.2634],[-84.5174,26.2375],[-84.5258,26.2127],[-84.54,26.1975],[-84.56,26.1919],[-84.59,26.1991],[-84.63,26.219],[-84.6576,26.2162],[-84.6729,26.1908],[-84.6765,26.1467],[-84.6684,26.0839],[-84.6395,26.012],[-84.5896,25.9311],[-84.5617,25.8681],[-84.5556,25.8231],[-84.5569,25.7842],[-84.5656,25.7514],[-84.58,25.7361],[-84.6,25.7384],[-84.62,25.7487],[-84.64,25.7672],[-84.675,25.8172],[-84.725,25.8989],[-84.7819,25.9679],[-84.8457,26.0242],[-84.9019,26.0928],[-84.9506,26.1736],[-84.9687,26.2272]],[[-84.6681,26.7904],[-84.656,26.7975],[-84.6374,26.793],[-84.6122,26.777],[-84.6072,26.7642],[-84.6224,26.7548],[-84.641,26.7592],[-84.6631,26.7776],[-84.6681,26.7904]],[[-85.0739,27.9689],[-85.058,27.9884],[-85.0306,27.9884],[-84.9918,27.9689],[-84.9568,27.9262],[-84.9256,27.8603],[-84.92,27.8264],[-84.94,27.8246],[-84.965,27.8312],[-84.995,27.8463],[-85.0238,27.8669],[-85.0514,27.893],[-85.0694,27.9193],[-85.0777,27.9458],[-85.0739,27.9689]],[[-84.6142,27.2137],[-84.5981,27.2477],[-84.5796,27.2477],[-84.5588,27.2137],[-84.5436,27.1701],[-84.534,27.1167],[-84.5444,27.0966],[-84.5748,27.11],[-84.5981,27.1367],[-84.6142,27.1767],[-84.6142,27.2137]],[[-83.3889,24.8213],[-83.3763,24.8518],[-83.345,24.8697],[-83.295,24.875],[-83.26,24.82],[-83.24,24.7045],[-83.24,24.6477],[-83.26,24.6497],[-83.2841,24.6623],[-83.3124,24.6855],[-83.3437,24.7243],[-83.378,24.7788],[-83.3889,24.8213]],[[-84.5874,25.6158],[-84.579,25.6429],[-84.5686,25.6584],[-84.5562,25.6624],[-84.5377,25.6444],[-84.513,25.6043],[-84.503,25.5713],[-84.5077,25.5452],[-84.5304,25.5497],[-84.5712,25.5848],[-84.5874,25.6158]],[[-84.5754,26.7805],[-84.5585,26.8035],[-84.54,26.8139],[-84.52,26.8117],[-84.497,26.8002],[-84.4711,26.7794],[-84.4557,26.7556],[-84.451,26.7288],[-84.4639,26.7109],[-84.4946,26.702],[-84.5285,26.7154],[-84.5654,26.7511],[-84.5754,26.7805]],[[-83.3505,24.4955],[-83.3368,24.5288],[-83.315,24.5424],[-83.285,24.5362],[-83.263,24.5195],[-83.249,24.4924],[-83.239,24.4459],[-83.233,24.3801],[-83.24,24.349],[-83.26,24.3525],[-83.2918,24.3854],[-83.3355,24.4477],[-83.3505,24.4955]],[[-84.5825,25.3398],[-84.5742,25.3566],[-84.54,25.3645],[-84.48,25.3636],[-84.4264,25.3462],[-84.3791,25.3123],[-84.3419,25.2727],[-84.3147,25.2275],[-84.3153,25.1867],[-84.3438,25.1505],[-84.3623,25.1143],[-84.3709,25.0781],[-84.3737,25.0328],[-84.3708,24.9784],[-84.3529,24.924],[-84.3198,24.8696],[-84.3032,24.8106],[-84.3031,24.747],[-84.3318,24.688],[-84.3894,24.6334],[-84.3889,24.588],[-84.3301,24.5516],[-84.3005,24.5061],[-84.2999,24.4515],[-84.3122,24.4023],[-84.3374,24.3586],[-84.375,24.3381],[-84.425,24.3409],[-84.462,24.3263],[-84.4861,24.2944],[-84.4899,24.2465],[-84.4734,24.1826],[-84.4764,24.1378],[-84.4988,24.112],[-84.5194,24.1075],[-84.5382,24.1241],[-84.5399,24.1644],[-84.5245,24.2283],[-84.5289,24.2966],[-84.5532,24.3695],[-84.5615,24.4202],[-84.5538,24.4487],[-84.535,24.477],[-84.505,24.505],[-84.4826,24.5362],[-84.4678,24.5707],[-84.4778,24.6069],[-84.5126,24.6447],[-84.5373,24.681],[-84.5518,24.7159],[-84.5534,24.7833],[-84.5419,24.8832],[-84.5488,25.0328],[-84.5741,25.232],[-84.5825,25.3398]],[[-84.5819,26.4699],[-84.574,26.4797],[-84.5607,26.4752],[-84.5422,26.4565],[-84.5461,26.4515],[-84.5726,26.4605],[-84.5819,26.4699]],[[-84.4544,26.6119],[-84.4515,26.6194],[-84.4425,26.6194],[-84.4275,26.6119],[-84.4225,26.6046],[-84.4275,26.5974],[-84.4365,26.5974],[-84.4494,26.6046],[-84.4544,26.6119]]]}},{"type":"Feature","properties":{"c":"#009900","v0":0.5,"v1":1.0},"geometry":{"type":"Polygon","coordinates":[[[-94.7519,28.7424],[-94.7473,28.7599],[-94.7263,28.773],[-94.6888,28.7815],[-94.65,28.7744],[-94.61,28.7517],[-94.55,28.7377],[-94.47,28.7322],[-94.4226,28.7217],[-94.4078,28.7063],[-94.4178,28.6926],[-94.4526,28.6808],[-94.525,28.6741],[-94.635,28.6725],[-94.7,28.6746],[-94.72,28.6804],[-94.736,28.6958],[-94.7481,28.721],[-94.7519,28.7424]]]}},{"type":"Feature","properties":{"c":"#009900","v0":0.5,"v1":1.0},"geometry":{"type":"Polygon","coordinates":[[[-94.2893,28.7601],[-94.2631,28.7779],[-94.215,28.781],[-94.145,28.7692],[-94.085,28.7652],[-94.035,28.7688],[-93.9909,28.7614],[-93.9526,28.7429],[-93.9255,28.7205],[-93.9095,28.6942],[-93.9086,28.6756],[-93.9229,28.6647],[-93.945,28.6598],[-93.975,28.6608],[-94.06,28.6777],[-94.2,28.7106],[-94.2781,28.7331],[-94.2943,28.7451],[-94.2893,28.7601]]]}},{"type":"Feature","properties":{"c":"#009900","v0":0.5,"v1":1.0},"geometry":{"type":"Polygon","coordinates":[[[-80.1349,28.7276],[-80.105,28.7505],[-80.075,28.7578],[-80.045,28.7495],[-80.0122,28.7249],[-79.9767,28.6839],[-79.9554,28.6459],[-79.9483,28.6108],[-79.9561,28.5904],[-79.9787,28.5847],[-80.015,28.5952],[-80.065,28.6221],[-80.105,28.6557],[-80.1349,28.6959],[-80.1349,28.7276]],[[-80.073,28.6856],[-80.071,28.6947],[-80.0623,28.6947],[-80.047,28.6856],[-80.042,28.6766],[-80.0473,28.6678],[-80.056,28.6678],[-80.068,28.6766],[-80.073,28.6856]]]}},{"type":"Feature","properties":{"c":"#009900","v0":0.5,"v1":1.0},"geometry":{"type":"Polygon","coordinates":[[[-99.4718,28.5713],[-99.4519,28.6327],[-99.4339,28.6697],[-99.418,28.6822],[-99.4002,28.6865],[-99.3805,28.6828],[-99.3705,28.6623],[-99.3702,28.625],[-99.39,28.5853],[-99.43,28.543],[-99.458,28.5266],[-99.4739,28.5359],[-99.4718,28.5713]]]}},{"type":"Feature","properties":{"c":"#009900","v0":0.5,"v1":1.0},"geometry":{"type":"Polygon","coordinates":[[[-94.9307,28.5888],[-94.9058,28.6152],[-94.8753,28.6327],[-94.8391,28.6415],[-94.8209,28.6371],[-94.8207,28.6196],[-94.8319,28.602],[-94.8543,28.5844],[-94.8766,28.572],[-94.8989,28.5647],[-94.9183,28.5647],[-94.9348,28.572],[-94.9307,28.5888]]]}},{"type":"Feature","properties":{"c":"#009900","v0":0.5,"v1":1.0},"geometry":{"type":"Polygon","coordinates":[[[-84.5939,28.5744],[-84.578,28.607],[-84.555,28.6265],[-84.525,28.6329],[-84.4565,28.5771],[-84.3495,28.459],[-84.2837,28.3735],[-84.259,28.3207],[-84.2525,28.238],[-84.2642,28.1253],[-84.3,28.0821],[-84.36,28.1085],[-84.4179,28.156],[-84.4736,28.2247],[-84.5084,28.2766],[-84.5223,28.3119],[-84.5239,28.3471],[-84.5132,28.3823],[-84.5314,28.4394],[-84.5783,28.5186],[-84.5939,28.5744]],[[-84.4829,28.479],[-84.4777,28.4966],[-84.4688,28.505],[-84.4563,28.5043],[-84.4173,28.4735],[-84.352,28.4127],[-84.3128,28.3295],[-84.2997,28.2238],[-84.2973,28.1608],[-84.3058,28.1405],[-84.325,28.1347],[-84.355,28.1435],[-84.3812,28.1624],[-84.4035,28.1916],[-84.4162,28.237],[-84.4194,28.2986],[-84.4371,28.3647],[-84.4694,28.435],[-84.4829,28.479]]]}},{"type":"Feature","properties":{"c":"#009900","v0":0.5,"v1":1.0},"geometry":{"type":"Polygon","coordinates":[[[-95.1184,28.4975],[-95.0728,28.517],[-95.035,28.5276],[-95.005,28.5292],[-94.9823,28.5239],[-94.9668,28.5115],[-94.9618,28.4983],[-94.9673,28.4841],[-94.98,28.4738],[-95.0,28.4676],[-95.0428,28.4703],[-95.1084,28.482],[-95.1184,28.4975]]]}},{"type":"Feature","properties":{"c":"#009900","v0":0.5,"v1":1.0},"geometry":{"type":"Polygon","coordinates":[[[-80.1896,28.483],[-80.1632,28.4734],[-80.155,28.4651],[-80.165,28.4582],[-80.1782,28.463],[-80.1946,28.4795],[-80.1896,28.483]]]}},{"type":"Feature","properties":{"c":"#009900","v0":0.5,"v1":1.0},"geometry":{"type":"Polygon","coordinates":[[[-94.3253,28.3733],[-94.3018,28.3907],[-94.24,28.4039],[-94.14,28.4129],[-94.075,28.4304],[-94.045,28.4562],[-93.9962,28.465],[-93.9287,28.4568],[-93.8995,28.4438],[-93.9086,28.4263],[-93.9624,28.3887],[-94.0608,28.3313],[-94.145,28.3027],[-94.215,28.303],[-94.2718,28.3185],[-94.3153,28.3493],[-94.3253,28.3733]]]}},{"type":"Feature","properties":{"c":"#009900","v0":0.5,"v1":1.0},"geometry":{"type":"Polygon","coordinates":[[[-80.7669,28.1268],[-80.7369,28.1797],[-80.7356,28.2326],[-80.763,28.2854],[-80.7713,28.3339],[-80.7605,28.3779],[-80.7339,28.4144],[-80.6913,28.4434],[-80.6539,28.4522],[-80.6216,28.4408],[-80.6016,28.4063],[-80.5939,28.3488],[-80.5494,28.2871],[-80.4682,28.2214],[-80.4263,28.1312],[-80.4236,28.0165],[-80.4368,27.9458],[-80.4658,27.9193],[-80.4677,27.8986],[-80.4426,27.8835],[-80.4162,27.8923],[-80.3887,27.9251],[-80.3637,27.9427],[-80.3412,27.9451],[-80.3222,27.9407],[-80.3065,27.9294],[-80.2938,27.9017],[-80.284,27.8575],[-80.2589,27.8044],[-80.2186,27.7425],[-80.2213,27.7183],[-80.2671,27.732],[-80.2944,27.732],[-80.3033,27.7183],[-80.2933,27.6796],[-80.2644,27.6158],[-80.2342,27.5671],[-80.2027,27.5334],[-80.1877,27.5096],[-80.1892,27.4958],[-80.2,27.4889],[-80.22,27.4889],[-80.3299,27.5579],[-80.5296,27.6957],[-80.6425,27.7823],[-80.6686,27.8177],[-80.677,27.853],[-80.6677,27.8884],[-80.6927,27.9547],[-80.7522,28.0518],[-80.7669,28.1268]],[[-80.7199,28.3251],[-80.7084,28.3515],[-80.6918,28.3647],[-80.6698,28.3647],[-80.6219,28.2986],[-80.5479,28.1665],[-80.5045,28.0739],[-80.4918,28.0209],[-80.5066,27.9732],[-80.5489,27.9306],[-80.585,27.9173],[-80.615,27.9333],[-80.6401,27.9545],[-80.6603,27.9811],[-80.6633,28.0209],[-80.6491,28.0739],[-80.6629,28.1533],[-80.7047,28.259],[-80.7199,28.3251]],[[-80.5346,27.8272],[-80.5182,27.8461],[-80.4885,27.8417],[-80.4455,27.8139],[-80.4156,27.7867],[-80.3989,27.7602],[-80.3904,27.7299],[-80.3901,27.6958],[-80.4205,27.6958],[-80.4816,27.7299],[-80.5198,27.7646],[-80.5351,27.8],[-80.5346,27.8272]]]}},{"type":"Feature","properties":{"c":"#009900","v0":0.5,"v1":1.0},"geometry":{"type":"Polygon","coordinates":[[[-80.4863,28.3968],[-80.4754,28.4257],[-80.4449,28.4213],[-80.3947,28.3836],[-80.3697,28.3485],[-80.3699,28.316],[-80.38,28.2969],[-80.4,28.2911],[-80.425,28.2939],[-80.455,28.3055],[-80.4754,28.329],[-80.4863,28.3645],[-80.4863,28.3968]]]}},{"type":"Feature","properties":{"c":"#009900","v0":0.5,"v1":1.0},"geometry":{"type":"Polygon","coordinates":[[[-99.592,28.1797],[-99.5825,28.1973],[-99.5708,28.2046],[-99.5569,28.2016],[-99.555,28.1896],[-99.565,28.1685],[-99.5767,28.1612],[-99.5901,28.1677],[-99.592,28.1797]]]}},{"type":"Feature","properties":{"c":"#009900","v0":0.5,"v1":1.0},"geometry":{"type":"Polygon","coordinates":[[[-96.0403,28.0104],[-96.0201,28.0424],[-95.995,28.0666],[-95.965,28.0831],[-95.9164,28.0715],[-95.8492,28.0319],[-95.8442,27.9968],[-95.9014,27.9663],[-95.955,27.9564],[-96.005,27.9673],[-96.0351,27.9782],[-96.0453,27.989],[-96.0403,28.0104]]]}},{"type":"Feature","properties":{"c":"#009900","v0":0.5,"v1":1.0},"geometry":{"type":"Polygon","coordinates":[[[-100.156,27.5742],[-100.1269,27.6539],[-100.0918,27.7054],[-100.0506,27.7287],[-100.0,27.7689],[-99.94,27.826],[-99.8854,27.8674],[-99.8362,27.8932],[-99.7962,27.9315],[-99.7654,27.9823],[-99.7412,28.0088],[-99.7236,28.011],[-99.6986,28.0001],[-99.6662,27.9761],[-99.6157,27.9628],[-99.5472,27.9603],[-99.4907,27.9105],[-99.4462,27.8132],[-99.4533,27.7336],[-99.512,27.6716],[-99.5751,27.6185],[-99.6426,27.5742],[-99.6642,27.5343],[-99.6397,27.4988],[-99.6433,27.4455],[-99.6752,27.3745],[-99.6887,27.3301],[-99.6838,27.3123],[-99.6684,27.2946],[-99.6425,27.2768],[-99.6286,27.2457],[-99.6265,27.2012],[-99.6316,27.1693],[-99.6439,27.1499],[-99.665,27.1381],[-99.695,27.1338],[-99.747,27.1391],[-99.8211,27.1538],[-99.8811,27.1966],[-99.927,27.2673],[-99.9859,27.3251],[-100.0577,27.3699],[-100.0987,27.41],[-100.1091,27.4455],[-100.1284,27.481],[-100.1564,27.5165],[-100.156,27.5742]],[[-99.7203,27.8213],[-99.7001,27.8286],[-99.6689,27.8286],[-99.6268,27.8213],[-99.6218,27.8128],[-99.6539,27.8031],[-99.6851,27.8031],[-99.7153,27.8128],[-99.7203,27.8213]]]}},{"type":"Feature","properties":{"c":"#009900","v0":0.5,"v1":1.0},"geometry":{"type":"Polygon","coordinates":[[[-96.3058,27.8088],[-96.2393,27.8619],[-96.2221,27.8584],[-96.254,27.7984],[-96.285,27.7655],[-96.315,27.76],[-96.3322,27.7635],[-96.3367,27.776],[-96.3058,27.8088]]]}},{"type":"Feature","properties":{"c":"#009900","v0":0.5,"v1":1.0},"geometry":{"type":"Polygon","coordinates":[[[-97.3606,27.1884],[-97.3535,27.2072],[-97.34,27.2223],[-97.32,27.2336],[-97.2962,27.2331],[-97.2687,27.2207],[-97.2687,27.1774],[-97.2962,27.1029],[-97.3235,27.094],[-97.3506,27.1507],[-97.3606,27.1884]]]}},{"type":"Feature","properties":{"c":"#009900","v0":0.5,"v1":1.0},"geometry":{"type":"Polygon","coordinates":[[[-79.7794,27.1656],[-79.7731,27.1745],[-79.765,27.1759],[-79.755,27.1698],[-79.745,27.1532],[-79.735,27.1261],[-79.7431,27.1247],[-79.7694,27.149],[-79.7794,27.1656]]]}},{"type":"Feature","properties":{"c":"#009900","v0":0.5,"v1":1.0},"geometry":{"type":"Polygon","coordinates":[[[-80.4026,27.1336],[-80.3942,27.1498],[-80.38,27.1562],[-80.36,27.1527],[-80.34,27.1314],[-80.32,27.0921],[-80.325,27.0742],[-80.355,27.0775],[-80.3792,27.0908],[-80.3976,27.114],[-80.4026,27.1336]]]}},{"type":"Feature","properties":{"c":"#009900","v0":0.5,"v1":1.0},"geometry":{"type":"Polygon","coordinates":[[[-97.1504,27.0721],[-97.1366,27.0721],[-97.1347,27.0675],[-97.1449,27.0583],[-97.1518,27.0583],[-97.1555,27.0675],[-97.1504,27.0721]]]}},{"type":"Feature","properties":{"c":"#009900","v0":0.5,"v1":1.0},"geometry":{"type":"Polygon","coordinates":[[[-85.2949,27.0603],[-85.2783,27.0723],[-85.26,27.071],[-85.24,27.0564],[-85.2227,27.0236],[-85.2082,26.9728],[-85.1766,26.9296],[-85.1278,26.8939],[-85.1051,26.8579],[-85.1084,26.8215],[-85.12,26.803],[-85.14,26.8025],[-85.1707,26.8162],[-85.2122,26.8442],[-85.2505,26.9073],[-85.2856,27.0053],[-85.2949,27.0603]]]}},{"type":"Feature","properties":{"c":"#009900","v0":0.5,"v1":1.0},"geometry":{"type":"Polygon","coordinates":[[[-80.3204,26.9385],[-80.3095,27.0276],[-80.2805,27.0701],[-80.2335,27.066],[-80.1859,27.0482],[-80.1376,27.0167],[-80.0847,26.9519],[-80.0272,26.8538],[-80.0063,26.8012],[-80.0221,26.7943],[-80.06,26.8022],[-80.12,26.8247],[-80.18,26.8302],[-80.24,26.8187],[-80.2799,26.8198],[-80.2996,26.8335],[-80.3136,26.8538],[-80.3217,26.8805],[-80.3204,26.9385]],[[-80.2559,26.979],[-80.2386,27.0066],[-80.215,27.0192],[-80.185,27.0168],[-80.1569,26.9986],[-80.1306,26.9645],[-80.1156,26.9298],[-80.1119,26.8945],[-80.135,26.8787],[-80.185,26.8824],[-80.2236,26.9045],[-80.2509,26.945],[-80.2559,26.979]]]}},{"type":"Feature","properties":{"c":"#009900","v0":0.5,"v1":1.0},"geometry":{"type":"Polygon","coordinates":[[[-97.3234,26.9578],[-97.3145,26.9785],[-97.3,26.9947],[-97.28,27.0063],[-97.25,27.011],[-97.21,27.0088],[-97.1825,27.0015],[-97.1675,26.9892],[-97.1494,26.9608],[-97.1282,26.9162],[-97.1188,26.8805],[-97.1212,26.8538],[-97.1059,26.8225],[-97.0727,26.7868],[-97.0513,26.7288],[-97.0418,26.6484],[-97.0452,26.5929],[-97.0617,26.5623],[-97.085,26.5496],[-97.115,26.5547],[-97.1601,26.5833],[-97.2203,26.6356],[-97.2546,26.6752],[-97.2628,26.702],[-97.2614,26.7332],[-97.2501,26.769],[-97.2559,26.7992],[-97.2786,26.8239],[-97.2995,26.864],[-97.3184,26.9196],[-97.3234,26.9578]],[[-97.256,26.936],[-97.252,26.9488],[-97.2429,26.9532],[-97.2288,26.9493],[-97.2138,26.9362],[-97.1979,26.9136],[-97.1924,26.8958],[-97.1971,26.8826],[-97.2075,26.8761],[-97.2234,26.8761],[-97.238,26.8894],[-97.2513,26.9162],[-97.256,26.936]],[[-97.1936,26.7954],[-97.1779,26.8125],[-97.1609,26.8214],[-97.1428,26.8222],[-97.1428,26.7904],[-97.1609,26.7262],[-97.1779,26.7172],[-97.1936,26.7636],[-97.1936,26.7954]]]}},{"type":"Feature","properties":{"c":"#009900","v0":0.5,"v1":1.0},"geometry":{"type":"Polygon","coordinates":[[[-83.6681,26.9184],[-83.6427,26.9317],[-83.621,26.9317],[-83.6031,26.9184],[-83.5931,26.8828],[-83.591,26.825],[-83.6,26.7998],[-83.62,26.8071],[-83.6427,26.836],[-83.6681,26.8865],[-83.6681,26.9184]]]}},{"type":"Feature","properties":{"c":"#009900","v0":0.5,"v1":1.0},"geometry":{"type":"Polygon","coordinates":[[[-99.6483,26.4462],[-99.6094,26.4804],[-99.6015,26.5341],[-99.6245,26.6073],[-99.6333,26.6618],[-99.6279,26.6975],[-99.6164,26.7232],[-99.5988,26.7388],[-99.58,26.7461],[-99.56,26.7452],[-99.5387,26.7374],[-99.516,26.7227],[-99.4966,26.6886],[-99.4806,26.635],[-99.4583,26.5858],[-99.4298,26.541],[-99.3691,26.501],[-99.2764,26.4656],[-99.2267,26.4387],[-99.2202,26.4204],[-99.2223,26.4023],[-99.2329,26.3844],[-99.2149,26.362],[-99.1682,26.3351],[-99.1511,26.3126],[-99.1637,26.2945],[-99.18,26.2839],[-99.2,26.2808],[-99.2283,26.2944],[-99.2649,26.3245],[-99.2999,26.3357],[-99.3333,26.3278],[-99.375,26.3355],[-99.425,26.3586],[-99.4919,26.3715],[-99.5758,26.3741],[-99.6302,26.3889],[-99.6552,26.4157],[-99.6483,26.4462]],[[-99.4375,26.4358],[-99.4192,26.449],[-99.398,26.449],[-99.3739,26.4358],[-99.3689,26.4224],[-99.383,26.4088],[-99.4042,26.4088],[-99.4325,26.4224],[-99.4375,26.4358]]]}},{"type":"Feature","properties":{"c":"#009900","v0":0.5,"v1":1.0},"geometry":{"type":"Polygon","coordinates":[[[-83.6553,26.6528],[-83.6506,26.6707],[-83.6387,26.6806],[-83.6196,26.6825],[-83.5599,26.6244],[-83.4598,26.5062],[-83.4348,26.4439],[-83.4849,26.4375],[-83.5352,26.451],[-83.5856,26.4842],[-83.6183,26.5097],[-83.6333,26.5276],[-83.645,26.5634],[-83.6534,26.6171],[-83.6553,26.6528]],[[-83.5616,26.5455],[-83.5368,26.5276],[-83.5315,26.5187],[-83.5458,26.5187],[-83.5583,26.5276],[-83.5688,26.5455],[-83.5616,26.5455]]]}},{"type":"Feature","properties":{"c":"#009900","v0":0.5,"v1":1.0},"geometry":{"type":"Polygon","coordinates":[[[-79.4596,26.6307],[-79.4399,26.6402],[-79.415,26.6408],[-79.385,26.6327],[-79.3337,26.5923],[-79.2612,26.5193],[-79.234,26.4829],[-79.2522,26.4829],[-79.2784,26.4969],[-79.3128,26.5248],[-79.355,26.5444],[-79.405,26.5555],[-79.4399,26.5773],[-79.4596,26.6098],[-79.4596,26.6307]]]}},{"type":"Feature","properties":{"c":"#009900","v0":0.5,"v1":1.0},"geometry":{"type":"Polygon","coordinates":[[[-96.8668,26.5143],[-96.8423,26.5415],[-96.805,26.562],[-96.755,26.5759],[-96.7286,26.5669],[-96.7257,26.5347],[-96.7357,26.5069],[-96.7586,26.4834],[-96.79,26.4729],[-96.83,26.4753],[-96.8573,26.4826],[-96.8718,26.4947],[-96.8668,26.5143]]]}},{"type":"Feature","properties":{"c":"#009900","v0":0.5,"v1":1.0},"geometry":{"type":"Polygon","coordinates":[[[-80.3613,26.522],[-80.3538,26.5286],[-80.336,26.5241],[-80.3081,26.5086],[-80.2881,26.4897],[-80.276,26.4674],[-80.2838,26.4585],[-80.3113,26.4628],[-80.3351,26.4784],[-80.3551,26.5053],[-80.3613,26.522]]]}},{"type":"Feature","properties":{"c":"#009900","v0":0.5,"v1":1.0},"geometry":{"type":"Polygon","coordinates":[[[-80.5076,26.4548],[-80.4959,26.4702],[-80.48,26.4771],[-80.46,26.4754],[-80.41,26.4523],[-80.33,26.4078],[-80.2728,26.3607],[-80.2384,26.3107],[-80.2234,26.2751],[-80.2278,26.2537],[-80.24,26.2382],[-80.26,26.2287],[-80.28,26.2266],[-80.3,26.2318],[-80.3534,26.2742],[-80.4403,26.3536],[-80.4911,26.4068],[-80.506,26.4336],[-80.5076,26.4548]]]}},{"type":"Feature","properties":{"c":"#009900","v0":0.5,"v1":1.0},"geometry":{"type":"Polygon","coordinates":[[[-97.1374,26.3106],[-97.1325,26.3243],[-97.12,26.3297],[-97.1,26.3268],[-97.08,26.3062],[-97.06,26.268],[-97.065,26.248],[-97.095,26.2462],[-97.1175,26.2599],[-97.1324,26.2891],[-97.1374,26.3106]]]}},{"type":"Feature","properties":{"c":"#009900","v0":0.5,"v1":1.0},"geometry":{"type":"Polygon","coordinates":[[[-83.4975,26.3083],[-83.4925,26.3176],[-83.4613,26.2952],[-83.4038,26.2411],[-83.3701,26.2051],[-83.3602,26.1871],[-83.3589,26.1696],[-83.3663,26.1525],[-83.3873,26.1525],[-83.4218,26.1696],[-83.4543,26.2095],[-83.4847,26.2723],[-83.4975,26.3083]]]}},{"type":"Feature","properties":{"c":"#009900","v0":0.5,"v1":1.0},"geometry":{"type":"Polygon","coordinates":[[[-84.3132,25.9339],[-84.3111,25.9486],[-84.2984,25.9621],[-84.2752,25.9744],[-84.2723,25.9985],[-84.2897,26.0344],[-84.2981,26.0614],[-84.2977,26.0794],[-84.2906,26.0884],[-84.2769,26.0886],[-84.2565,26.0661],[-84.2296,26.021],[-84.2188,25.985],[-84.224,25.958],[-84.2055,25.9221],[-84.163,25.8771],[-84.1364,25.8366],[-84.1256,25.8006],[-84.1423,25.7871],[-84.1866,25.7961],[-84.2289,25.8186],[-84.2695,25.8546],[-84.2958,25.8861],[-84.3081,25.9131],[-84.3132,25.9339]]]}},{"type":"Feature","properties":{"c":"#009900","v0":0.5,"v1":1.0},"geometry":{"type":"Polygon","coordinates":[[[-98.5782,25.9895],[-98.5688,26.0075],[-98.5505,26.0222],[-98.5235,26.0337],[-98.4814,26.0337],[-98.4241,26.0222],[-98.4141,26.0037],[-98.4514,25.9783],[-98.49,25.9646],[-98.53,25.9627],[-98.5582,25.9664],[-98.5747,25.9758],[-98.5782,25.9895]]]}},{"type":"Feature","properties":{"c":"#009900","v0":0.5,"v1":1.0},"geometry":{"type":"Polygon","coordinates":[[[-97.0363,25.9535],[-97.0236,26.0075],[-97.004,26.0344],[-96.9776,26.0344],[-96.9528,26.003],[-96.9297,25.94],[-96.9361,25.898],[-96.972,25.8769],[-97.0032,25.8814],[-97.0295,25.9115],[-97.0363,25.9535]]]}},{"type":"Feature","properties":{"c":"#009900","v0":0.5,"v1":1.0},"geometry":{"type":"Polygon","coordinates":[[[-99.4899,25.9588],[-99.4766,25.9872],[-99.445,26.0074],[-99.395,26.0196],[-99.355,26.0005],[-99.325,25.95],[-99.24,25.9021],[-99.1,25.8565],[-99.01,25.8322],[-98.97,25.8293],[-98.9223,25.839],[-98.8668,25.8614],[-98.8308,25.8906],[-98.8143,25.9266],[-98.792,25.949],[-98.7636,25.958],[-98.7434,25.958],[-98.7312,25.949],[-98.7279,25.9311],[-98.7336,25.9041],[-98.758,25.8816],[-98.8011,25.8636],[-98.8312,25.8366],[-98.8483,25.8006],[-98.8488,25.76],[-98.8326,25.715],[-98.833,25.6699],[-98.8499,25.6249],[-98.7863,25.6194],[-98.6421,25.6534],[-98.5321,25.6625],[-98.4564,25.6464],[-98.4308,25.6068],[-98.4553,25.5437],[-98.4822,25.494],[-98.5116,25.4579],[-98.4991,25.3992],[-98.4449,25.3179],[-98.4509,25.2833],[-98.517,25.2956],[-98.57,25.2947],[-98.61,25.2808],[-98.6476,25.2928],[-98.6827,25.3306],[-98.7242,25.3631],[-98.7721,25.3902],[-98.8645,25.4153],[-99.0015,25.4385],[-99.0909,25.461],[-99.1326,25.483],[-99.1643,25.5076],[-99.1862,25.5347],[-99.1903,25.6023],[-99.1766,25.7105],[-99.1748,25.7779],[-99.1849,25.8047],[-99.2,25.8282],[-99.22,25.8484],[-99.26,25.8696],[-99.32,25.8918],[-99.38,25.8897],[-99.44,25.8632],[-99.4766,25.8736],[-99.4899,25.9209],[-99.4899,25.9588]],[[-99.1209,25.612],[-99.1003,25.6675],[-99.0741,25.6855],[-99.0422,25.6661],[-99.0126,25.6339],[-98.9854,25.5888],[-98.9613,25.5624],[-98.9404,25.5546],[-98.84,25.5718],[-98.66,25.6139],[-98.5493,25.6314],[-98.508,25.624],[-98.4922,25.6113],[-98.5019,25.5933],[-98.5379,25.5617],[-98.6,25.5166],[-98.6381,25.4805],[-98.6523,25.4534],[-98.667,25.4384],[-98.6823,25.4354],[-98.775,25.4479],[-98.945,25.4759],[-99.053,25.5045],[-99.0991,25.5336],[-99.1244,25.5572],[-99.1289,25.5753],[-99.1209,25.612]],[[-98.9556,25.6656],[-98.9385,25.6841],[-98.92,25.6917],[-98.9,25.6886],[-98.895,25.6767],[-98.905,25.6558],[-98.92,25.6438],[-98.94,25.6404],[-98.9535,25.6432],[-98.9606,25.652],[-98.9556,25.6656]]]}},{"type":"Feature","properties":{"c":"#009900","v0":0.5,"v1":1.0},"geometry":{"type":"Polygon","coordinates":[[[-96.2565,25.9445],[-96.2261,25.9805],[-96.2007,25.9997],[-96.1802,26.0021],[-96.175,25.9862],[-96.185,25.9521],[-96.2,25.9298],[-96.22,25.9192],[-96.2404,25.9171],[-96.2612,25.9234],[-96.2565,25.9445]]]}},{"type":"Feature","properties":{"c":"#009900","v0":0.5,"v1":1.0},"geometry":{"type":"Polygon","coordinates":[[[-96.7585,25.8636],[-96.7439,25.8816],[-96.7189,25.8906],[-96.6835,25.8906],[-96.6869,25.8558],[-96.729,25.7861],[-96.7539,25.7771],[-96.7618,25.8287],[-96.7585,25.8636]]]}},{"type":"Feature","properties":{"c":"#009900","v0":0.5,"v1":1.0},"geometry":{"type":"Polygon","coordinates":[[[-98.6143,25.7519],[-98.5981,25.7627],[-98.5874,25.7627],[-98.5822,25.7519],[-98.5822,25.7421],[-98.5874,25.7332],[-98.5981,25.7332],[-98.6143,25.7421],[-98.6143,25.7519]]]}},{"type":"Feature","properties":{"c":"#009900","v0":0.5,"v1":1.0},"geometry":{"type":"Polygon","coordinates":[[[-96.9456,25.7406],[-96.9352,25.7646],[-96.9225,25.7736],[-96.9074,25.7676],[-96.8881,25.7375],[-96.8647,25.6835],[-96.8623,25.6422],[-96.8808,25.6138],[-96.899,25.6047],[-96.9169,25.6152],[-96.9321,25.6474],[-96.9446,25.7015],[-96.9456,25.7406]]]}},{"type":"Feature","properties":{"c":"#009900","v0":0.5,"v1":1.0},"geometry":{"type":"Polygon","coordinates":[[[-98.1164,24.5243],[-98.1033,24.5425],[-98.0801,24.5581],[-98.0467,24.5711],[-98.01,24.5687],[-97.97,24.5509],[-97.92,24.5401],[-97.86,24.5362],[-97.805,24.5544],[-97.755,24.5945],[-97.686,24.6352],[-97.598,24.6764],[-97.5427,24.7107],[-97.5202,24.7379],[-97.5147,24.7652],[-97.5263,24.7924],[-97.504,24.8242],[-97.4478,24.8605],[-97.4013,24.9059],[-97.3646,24.9603],[-97.3472,24.9949],[-97.3491,25.0096],[-97.364,25.0232],[-97.3921,25.0356],[-97.3921,25.0642],[-97.364,25.109],[-97.33,25.1376],[-97.29,25.1502],[-97.215,25.2143],[-97.105,25.3297],[-97.04,25.391],[-97.02,25.3982],[-96.99,25.3976],[-96.95,25.3892],[-96.915,25.4015],[-96.885,25.4345],[-96.85,25.451],[-96.81,25.4509],[-96.75,25.4711],[-96.67,25.5116],[-96.62,25.5318],[-96.6,25.5317],[-96.5876,25.5268],[-96.5829,25.517],[-96.5959,25.4986],[-96.6267,25.4715],[-96.649,25.4414],[-96.663,25.4082],[-96.69,25.3755],[-96.73,25.3433],[-96.7541,25.3101],[-96.7622,25.2761],[-96.7622,25.2484],[-96.7541,25.227],[-96.74,25.2147],[-96.72,25.2116],[-96.685,25.2261],[-96.635,25.2581],[-96.575,25.2797],[-96.505,25.291],[-96.4636,25.2918],[-96.4509,25.2821],[-96.4709,25.2627],[-96.5236,25.2336],[-96.57,25.2211],[-96.61,25.2253],[-96.65,25.2153],[-96.69,25.1911],[-96.7176,25.1629],[-96.7328,25.1305],[-96.7228,25.1089],[-96.6876,25.0979],[-96.615,25.1098],[-96.505,25.1446],[-96.42,25.1586],[-96.36,25.152],[-96.3137,25.131],[-96.2811,25.0957],[-96.2729,25.0645],[-96.2891,25.0373],[-96.3338,25.0101],[-96.4071,24.9829],[-96.4482,24.9467],[-96.4573,24.9013],[-96.4789,24.8642],[-96.513,24.8354],[-96.57,24.8183],[-96.65,24.8128],[-96.72,24.8242],[-96.78,24.8524],[-96.83,24.8627],[-96.87,24.8551],[-96.93,24.8306],[-97.01,24.7892],[-97.115,24.7742],[-97.245,24.7857],[-97.33,24.778],[-97.37,24.7513],[-97.3932,24.7096],[-97.3997,24.6528],[-97.4147,24.6082],[-97.4382,24.5758],[-97.52,24.5421],[-97.66,24.5068],[-97.755,24.4957],[-97.805,24.5086],[-97.8561,24.5014],[-97.9084,24.4742],[-97.9412,24.4424],[-97.9543,24.406],[-97.9732,24.3793],[-97.9977,24.3624],[-98.0282,24.3624],[-98.0646,24.3793],[-98.0929,24.4196],[-98.1129,24.4834],[-98.1164,24.5243]],[[-97.0543,24.8968],[-97.0062,24.9693],[-96.9591,25.0196],[-96.913,25.0476],[-96.85,25.0577],[-96.77,25.05],[-96.68,25.0619],[-96.58,25.0933],[-96.5131,25.1013],[-96.4793,25.0858],[-96.4597,25.069],[-96.4542,25.0509],[-96.4567,25.0328],[-96.4673,25.0147],[-96.5069,24.9849],[-96.5756,24.9436],[-96.63,24.9184],[-96.67,24.9092],[-96.74,24.9057],[-96.84,24.9077],[-96.92,24.8968],[-96.98,24.8727],[-97.0271,24.8606],[-97.0613,24.8605],[-97.0543,24.8968]],[[-97.6837,24.5689],[-97.6346,24.6036],[-97.575,24.637],[-97.505,24.6691],[-97.4641,24.6836],[-97.4522,24.6805],[-97.4437,24.6653],[-97.4387,24.638],[-97.4496,24.6113],[-97.4765,24.5852],[-97.5446,24.567],[-97.6537,24.5567],[-97.6837,24.5689]],[[-97.2173,25.1422],[-97.1058,25.2704],[-97.04,25.3366],[-97.02,25.3409],[-96.995,25.3232],[-96.965,25.2837],[-96.94,25.2683],[-96.92,25.2771],[-96.895,25.3006],[-96.865,25.3391],[-96.8433,25.3561],[-96.8298,25.3517],[-96.8183,25.3224],[-96.8086,25.2682],[-96.8081,25.2275],[-96.8168,25.2003],[-96.8484,25.1899],[-96.9028,25.1963],[-96.96,25.1912],[-97.02,25.1745],[-97.0644,25.1577],[-97.0931,25.1408],[-97.1169,25.1143],[-97.1358,25.0781],[-97.1615,25.0541],[-97.1938,25.0425],[-97.2258,25.047],[-97.2573,25.0677],[-97.2173,25.1422]],[[-97.2525,24.9059],[-97.1832,24.9603],[-97.154,24.9711],[-97.1647,24.9383],[-97.19,24.9106],[-97.23,24.8877],[-97.2593,24.8769],[-97.2778,24.8781],[-97.2525,24.9059]]]}},{"type":"Feature","properties":{"c":"#009900","v0":0.5,"v1":1.0},"geometry":{"type":"Polygon","coordinates":[[[-98.802,25.2275],[-98.7716,25.2727],[-98.7448,25.2994],[-98.7216,25.3077],[-98.7069,25.3077],[-98.7008,25.2994],[-98.7092,25.2682],[-98.7322,25.2139],[-98.7552,25.1823],[-98.7784,25.1734],[-98.7968,25.1779],[-98.8104,25.1959],[-98.802,25.2275]]]}},{"type":"Feature","properties":{"c":"#009900","v0":0.5,"v1":1.0},"geometry":{"type":"Polygon","coordinates":[[[-98.5375,25.1764],[-98.5192,25.1918],[-98.5016,25.1918],[-98.4849,25.1764],[-98.4849,25.1633],[-98.5016,25.1525],[-98.5192,25.1525],[-98.5375,25.1633],[-98.5375,25.1764]]]}},{"type":"Feature","properties":{"c":"#009900","v0":0.5,"v1":1.0},"geometry":{"type":"Polygon","coordinates":[[[-97.606,24.976],[-97.5687,25.0257],[-97.5256,25.0484],[-97.4768,25.044],[-97.4647,25.0147],[-97.4893,24.9603],[-97.5137,24.9231],[-97.5379,24.9031],[-97.5687,24.9076],[-97.606,24.9367],[-97.606,24.976]]]}},{"type":"Feature","properties":{"c":"#009900","v0":0.5,"v1":1.0},"geometry":{"type":"Polygon","coordinates":[[[-96.2131,25.0166],[-96.1844,25.0387],[-96.1515,25.0478],[-96.1144,25.0438],[-96.0968,25.0328],[-96.0984,25.0147],[-96.112,24.9967],[-96.1373,24.9789],[-96.165,24.9698],[-96.195,24.9692],[-96.2144,24.9781],[-96.2231,24.9964],[-96.2131,25.0166]]]}},{"type":"Feature","properties":{"c":"#009900","v0":0.5,"v1":1.0},"geometry":{"type":"Polygon","coordinates":[[[-96.0619,24.9376],[-96.0348,24.9467],[-96.0285,24.9411],[-96.0428,24.9208],[-96.0564,24.9163],[-96.0691,24.9275],[-96.0619,24.9376]]]}},{"type":"Feature","properties":{"c":"#009900","v0":0.5,"v1":1.0},"geometry":{"type":"Polygon","coordinates":[[[-97.5017,24.4031],[-97.4539,24.4701],[-97.415,24.5115],[-97.385,24.5273],[-97.3387,24.5211],[-97.2762,24.4929],[-97.2488,24.456],[-97.2566,24.4105],[-97.2387,24.3786],[-97.1949,24.3604],[-97.2073,24.3256],[-97.2758,24.2741],[-97.33,24.2454],[-97.37,24.2394],[-97.4082,24.2423],[-97.4446,24.2542],[-97.4785,24.2875],[-97.5099,24.3422],[-97.5017,24.4031]],[[-97.4322,24.3947],[-97.4041,24.445],[-97.38,24.4725],[-97.36,24.4771],[-97.3412,24.4747],[-97.3237,24.4653],[-97.3162,24.4287],[-97.3187,24.365],[-97.3275,24.3246],[-97.3425,24.3077],[-97.37,24.3022],[-97.41,24.3082],[-97.4341,24.3258],[-97.4422,24.3549],[-97.4322,24.3947]]]}},{"type":"Feature","properties":{"c":"#009900","v0":0.5,"v1":1.0},"geometry":{"type":"Polygon","coordinates":[[[-97.2825,24.0183],[-97.2659,24.0457],[-97.2608,24.0955],[-97.2669,24.1677],[-97.2475,24.1996],[-97.2025,24.1913],[-97.176,24.2055],[-97.1678,24.2419],[-97.1502,24.2752],[-97.1234,24.3054],[-97.0891,24.3145],[-97.0473,24.3026],[-97.0197,24.2875],[-97.0065,24.2693],[-97.0018,24.2374],[-97.0054,24.1918],[-97.033,24.1664],[-97.0843,24.1614],[-97.14,24.1114],[-97.2,24.0164],[-97.2407,23.9687],[-97.262,23.9683],[-97.2771,23.9772],[-97.2862,23.9955],[-97.2825,24.0183]]]}},{"type":"Feature","properties":{"c":"#009900","v0":0.5,"v1":1.0},"geometry":{"type":"Polygon","coordinates":[[[-96.5523,24.0731],[-96.5241,24.1006],[-96.5,24.1165],[-96.48,24.121],[-96.48,24.107],[-96.5,24.0747],[-96.5241,24.0588],[-96.5523,24.0592],[-96.5523,24.0731]]]}},{"type":"Feature","properties":{"c":"#006600","v0":1.0,"v1":2.0},"geometry":{"type":"Polygon","coordinates":[[[-81.0039,36.9348],[-80.9753,36.9588],[-80.9132,36.9832],[-80.8177,37.0079],[-80.745,37.0327],[-80.695,37.0574],[-80.655,37.0726],[-80.625,37.0782],[-80.59,37.0739],[-80.55,37.0596],[-80.515,37.0548],[-80.485,37.0596],[-80.466,37.0712],[-80.4579,37.0894],[-80.4618,37.1145],[-80.4776,37.1464],[-80.4667,37.1791],[-80.4289,37.2126],[-80.38,37.2348],[-80.32,37.2455],[-80.2402,37.2446],[-80.1406,37.2322],[-80.1156,37.2153],[-80.1652,37.1938],[-80.2162,37.154],[-80.2686,37.0957],[-80.3086,37.0589],[-80.3362,37.0434],[-80.405,37.0341],[-80.515,37.031],[-80.615,37.0069],[-80.705,36.9618],[-80.805,36.9328],[-80.915,36.92],[-80.982,36.9159],[-81.0061,36.9205],[-81.0039,36.9348]]]}},{"type":"Feature","properties":{"c":"#006600","v0":1.0,"v1":2.0},"geometry":{"type":"Polygon","coordinates":[[[-80.1873,37.0391],[-80.1224,37.0797],[-80.0774,37.0997],[-80.0521,37.0989],[-80.0394,37.0905],[-80.0393,37.0746],[-80.0458,37.0626],[-80.059,37.0546],[-80.0967,37.0409],[-80.1589,37.0214],[-80.1974,37.0135],[-80.2123,37.017],[-80.1873,37.0391]]]}},{"type":"Feature","properties":{"c":"#006600","v0":1.0,"v1":2.0},"geometry":{"type":"Polygon","coordinates":[[[-86.6243,35.2864],[-86.6014,35.3103],[-86.555,35.3285],[-86.485,35.3409],[-86.41,35.364],[-86.33,35.3976],[-86.2716,35.3998],[-86.2349,35.3707],[-86.212,35.3234],[-86.2029,35.2581],[-86.1813,35.2148],[-86.1471,35.1934],[-86.12,35.1815],[-86.1,35.1789],[-86.075,35.1921],[-86.045,35.2213],[-86.02,35.2365],[-86.0,35.2378],[-85.9609,35.2312],[-85.9026,35.2165],[-85.8578,35.1969],[-85.8264,35.1724],[-85.7505,35.1585],[-85.6302,35.1554],[-85.53,35.1765],[-85.45,35.2219],[-85.3634,35.2602],[-85.2703,35.2915],[-85.2253,35.3134],[-85.2284,35.326],[-85.24,35.3356],[-85.26,35.3422],[-85.325,35.3408],[-85.435,35.3315],[-85.4996,35.3301],[-85.5188,35.3365],[-85.5226,35.3479],[-85.511,35.3642],[-85.4745,35.3887],[-85.4131,35.4213],[-85.3793,35.4498],[-85.3731,35.4743],[-85.345,35.4901],[-85.295,35.4973],[-85.2658,35.4973],[-85.2575,35.4901],[-85.2622,35.4783],[-85.2798,35.462],[-85.269,35.4458],[-85.2297,35.4296],[-85.13,35.4337],[-84.97,35.4582],[-84.8581,35.4907],[-84.7944,35.5313],[-84.723,35.5679],[-84.6439,35.6004],[-84.5952,35.6248],[-84.5768,35.641],[-84.5554,35.6817],[-84.5308,35.7466],[-84.4914,35.8011],[-84.4371,35.8452],[-84.38,35.8804],[-84.32,35.9068],[-84.17,35.9514],[-83.93,36.014],[-83.725,36.0791],[-83.555,36.1465],[-83.425,36.1846],[-83.335,36.1932],[-83.275,36.2097],[-83.245,36.2341],[-83.1907,36.2347],[-83.1121,36.2115],[-83.0911,36.1878],[-83.1277,36.1636],[-83.1477,36.1353],[-83.1513,36.103],[-83.1451,36.0747],[-83.1291,36.0504],[-83.1252,36.0343],[-83.1332,36.0262],[-83.1554,36.013],[-83.1918,35.9946],[-83.235,35.9831],[-83.285,35.9783],[-83.3694,35.947],[-83.4882,35.8891],[-83.5627,35.8359],[-83.5928,35.7872],[-83.6434,35.7554],[-83.7145,35.7405],[-83.79,35.7359],[-83.87,35.7415],[-83.95,35.7299],[-84.03,35.701],[-84.0931,35.665],[-84.1393,35.622],[-84.1543,35.5905],[-84.1381,35.5707],[-84.1062,35.5585],[-84.0587,35.5539],[-84.0446,35.5435],[-84.064,35.5272],[-84.1162,35.5231],[-84.2012,35.5313],[-84.248,35.5435],[-84.2564,35.5597],[-84.2549,35.5801],[-84.2433,35.6045],[-84.2421,35.6207],[-84.2511,35.6289],[-84.2942,35.6169],[-84.3714,35.5849],[-84.4058,35.5443],[-84.3974,35.4949],[-84.3624,35.4751],[-84.3008,35.4849],[-84.26,35.4865],[-84.24,35.48],[-84.2149,35.4588],[-84.1847,35.4229],[-84.1727,35.3969],[-84.1789,35.3805],[-84.229,35.361],[-84.323,35.3382],[-84.395,35.3391],[-84.445,35.3638],[-84.525,35.3793],[-84.635,35.3855],[-84.715,35.3619],[-84.765,35.3085],[-84.8367,35.2677],[-84.9302,35.2395],[-84.9699,35.2091],[-84.9559,35.1764],[-84.9642,35.153],[-84.9947,35.1389],[-85.065,35.1233],[-85.175,35.1063],[-85.255,35.1104],[-85.305,35.1359],[-85.39,35.133],[-85.51,35.1017],[-85.595,35.0707],[-85.645,35.0398],[-85.7,35.0271],[-85.76,35.0326],[-85.93,35.0151],[-86.21,34.9746],[-86.3578,34.9566],[-86.3734,34.9613],[-86.3884,34.9765],[-86.4028,35.0023],[-86.4442,35.0227],[-86.5127,35.0379],[-86.5614,35.0537],[-86.5903,35.0701],[-86.5632,35.0947],[-86.4801,35.1274],[-86.4314,35.156],[-86.4172,35.1805],[-86.4665,35.2132],[-86.5794,35.2541],[-86.6243,35.2864]],[[-84.0923,35.8004],[-83.9708,35.8754],[-83.8942,35.9281],[-83.8625,35.9584],[-83.8175,35.988],[-83.7592,36.0168],[-83.66,36.0532],[-83.52,36.0972],[-83.4369,36.1111],[-83.4108,36.0949],[-83.4044,36.0626],[-83.4177,36.014],[-83.4408,35.9769],[-83.4736,35.9513],[-83.585,35.9287],[-83.775,35.9094],[-83.9022,35.8817],[-83.9665,35.8457],[-84.0115,35.8148],[-84.0372,35.7888],[-84.0758,35.7725],[-84.1273,35.7661],[-84.0923,35.8004]]]}},{"type":"Feature","properties":{"c":"#006600","v0":1.0,"v1":2.0},"geometry":{"type":"Polygon","coordinates":[[[-86.0243,35.4539],[-85.9543,35.4865],[-85.8997,35.5028],[-85.8606,35.5028],[-85.8429,35.4946],[-85.8466,35.4783],[-85.8741,35.458],[-85.9256,35.4335],[-85.971,35.4197],[-86.0103,35.4165],[-86.0373,35.4205],[-86.052,35.4319],[-86.0243,35.4539]]]}},{"type":"Feature","properties":{"c":"#006600","v0":1.0,"v1":2.0},"geometry":{"type":"Polygon","coordinates":[[[-85.7356,34.9742],[-85.6919,34.9952],[-85.6684,34.9993],[-85.6651,34.9864],[-85.6717,34.9718],[-85.6883,34.9554],[-85.7099,34.9467],[-85.7366,34.9457],[-85.7519,34.9498],[-85.7556,34.959],[-85.7356,34.9742]]]}},{"type":"Feature","properties":{"c":"#006600","v0":1.0,"v1":2.0},"geometry":{"type":"Polygon","coordinates":[[[-96.9819,34.3053],[-96.9664,34.3384],[-96.9465,34.3608],[-96.9222,34.3726],[-96.8797,34.3684],[-96.8191,34.3484],[-96.794,34.326],[-96.8044,34.3012],[-96.8247,34.2813],[-96.8549,34.2662],[-96.885,34.2587],[-96.915,34.2586],[-96.9449,34.2661],[-96.9747,34.2813],[-96.9819,34.3053]]]}},{"type":"Feature","properties":{"c":"#006600","v0":1.0,"v1":2.0},"geometry":{"type":"Polygon","coordinates":[[[-76.5684,33.5252],[-76.5326,33.5586],[-76.5286,33.5834],[-76.5562,33.5996],[-76.5664,33.6121],[-76.5591,33.6209],[-76.5341,33.6397],[-76.4914,33.6688],[-76.4561,33.6813],[-76.4282,33.6772],[-76.4077,33.6627],[-76.3948,33.6377],[-76.3937,33.6106],[-76.4046,33.5813],[-76.4376,33.548],[-76.4928,33.5106],[-76.5328,33.4911],[-76.5576,33.4896],[-76.5741,33.4938],[-76.5822,33.5036],[-76.5684,33.5252]]]}},{"type":"Feature","properties":{"c":"#006600","v0":1.0,"v1":2.0},"geometry":{"type":"Polygon","coordinates":[[[-97.6668,33.3861],[-97.5889,33.475],[-97.53,33.5232],[-97.49,33.5309],[-97.435,33.5539],[-97.365,33.5923],[-97.3186,33.6108],[-97.2957,33.6093],[-97.2823,33.5961],[-97.2783,33.5711],[-97.2879,33.5294],[-97.311,33.471],[-97.3544,33.4117],[-97.4181,33.3514],[-97.495,33.3138],[-97.585,33.2989],[-97.6489,33.304],[-97.6868,33.3291],[-97.6668,33.3861]]]}},{"type":"Feature","properties":{"c":"#006600","v0":1.0,"v1":2.0},"geometry":{"type":"Polygon","coordinates":[[[-94.1359,33.2903],[-94.1053,33.3549],[-94.0521,33.405],[-93.9763,33.4407],[-93.9163,33.4861],[-93.8721,33.5414],[-93.835,33.5711],[-93.805,33.5755],[-93.7878,33.5687],[-93.7833,33.5508],[-93.79,33.5169],[-93.8079,33.4668],[-93.8402,33.414],[-93.8867,33.3583],[-93.94,33.3228],[-94.0,33.3073],[-94.05,33.282],[-94.09,33.2468],[-94.1203,33.2364],[-94.1409,33.2508],[-94.1359,33.2903]]]}},{"type":"Feature","properties":{"c":"#006600","v0":1.0,"v1":2.0},"geometry":{"type":"Polygon","coordinates":[[[-94.3285,33.3336],[-94.3162,33.3511],[-94.2981,33.3553],[-94.2742,33.3462],[-94.2639,33.3291],[-94.2673,33.304],[-94.2792,33.2832],[-94.2997,33.2668],[-94.3162,33.2752],[-94.3285,33.3083],[-94.3285,33.3336]]]}},{"type":"Feature","properties":{"c":"#006600","v0":1.0,"v1":2.0},"geometry":{"type":"Polygon","coordinates":[[[-96.2028,32.4839],[-96.1809,32.515],[-96.15,32.5365],[-96.11,32.5484],[-96.0842,32.5961],[-96.0726,32.6795],[-96.0564,32.738],[-96.0358,32.7716],[-96.0191,32.8221],[-96.0063,32.8893],[-95.9781,32.948],[-95.9344,32.9984],[-95.9069,33.0436],[-95.8956,33.0837],[-95.865,33.1175],[-95.815,33.1451],[-95.7885,33.1376],[-95.7856,33.0951],[-95.8023,33.0571],[-95.8387,33.0235],[-95.8765,32.9648],[-95.9157,32.8809],[-95.935,32.8011],[-95.9344,32.7254],[-95.943,32.6553],[-95.961,32.5907],[-95.98,32.5511],[-96.0,32.5363],[-96.03,32.5289],[-96.07,32.5289],[-96.0964,32.5095],[-96.1091,32.4709],[-96.1241,32.4455],[-96.1414,32.4334],[-96.16,32.4295],[-96.18,32.4338],[-96.1959,32.4441],[-96.2078,32.4603],[-96.2028,32.4839]]]}},{"type":"Feature","properties":{"c":"#006600","v0":1.0,"v1":2.0},"geometry":{"type":"Polygon","coordinates":[[[-76.9467,33.1241],[-76.9339,33.1241],[-76.9332,33.1195],[-76.9444,33.1102],[-76.9508,33.1102],[-76.9523,33.1195],[-76.9467,33.1241]]]}},{"type":"Feature","properties":{"c":"#006600","v0":1.0,"v1":2.0},"geometry":{"type":"Polygon","coordinates":[[[-79.0895,32.4353],[-79.0765,32.4702],[-79.055,32.4858],[-79.025,32.4818],[-79.0074,32.4728],[-79.0023,32.4586],[-79.0073,32.4391],[-79.0224,32.4144],[-79.04,32.3983],[-79.06,32.391],[-79.0765,32.395],[-79.0895,32.4102],[-79.0895,32.4353]]]}},{"type":"Feature","properties":{"c":"#006600","v0":1.0,"v1":2.0},"geometry":{"type":"Polygon","coordinates":[[[-96.6393,32.0625],[-96.6327,32.0964],[-96.6154,32.126],[-96.5872,32.1514],[-96.5673,32.186],[-96.5558,32.2296],[-96.54,32.2516],[-96.52,32.2521],[-96.475,32.2356],[-96.405,32.2021],[-96.32,32.1835],[-96.22,32.1798],[-96.1547,32.166],[-96.124,32.1422],[-96.099,32.1132],[-96.0797,32.0791],[-96.0469,32.0452],[-96.0007,32.0115],[-95.9807,31.9812],[-95.9869,31.9542],[-96.015,31.9515],[-96.065,31.973],[-96.0969,31.978],[-96.1107,31.9665],[-96.0938,31.9183],[-96.0462,31.8334],[-96.0241,31.7824],[-96.0273,31.7654],[-96.0442,31.7495],[-96.0747,31.7348],[-96.12,31.7254],[-96.18,31.7212],[-96.23,31.7431],[-96.27,31.7911],[-96.31,31.7854],[-96.35,31.7261],[-96.385,31.6892],[-96.415,31.675],[-96.44,31.6691],[-96.46,31.6714],[-96.4961,31.7021],[-96.5484,31.7613],[-96.5916,31.8546],[-96.6256,31.9819],[-96.6393,32.0625]],[[-96.5705,32.022],[-96.5568,32.0427],[-96.515,32.0549],[-96.445,32.0585],[-96.385,32.0793],[-96.335,32.1174],[-96.2843,32.1348],[-96.2329,32.1318],[-96.1992,32.1176],[-96.1832,32.0921],[-96.1823,32.0498],[-96.1965,31.9904],[-96.1876,31.9395],[-96.1553,31.8971],[-96.1368,31.8546],[-96.132,31.8121],[-96.1397,31.7885],[-96.1599,31.7837],[-96.18,31.7867],[-96.2,31.7972],[-96.2177,31.8293],[-96.2331,31.883],[-96.2481,31.9147],[-96.2627,31.9244],[-96.285,31.9198],[-96.315,31.9008],[-96.3471,31.8577],[-96.3812,31.7905],[-96.4162,31.748],[-96.4521,31.7303],[-96.4873,31.7431],[-96.5218,31.7863],[-96.5405,31.8376],[-96.5433,31.8971],[-96.5528,31.948],[-96.5692,31.9904],[-96.5705,32.022]]]}},{"type":"Feature","properties":{"c":"#006600","v0":1.0,"v1":2.0},"geometry":{"type":"Polygon","coordinates":[[[-97.3605,31.7321],[-97.3535,31.7505],[-97.34,31.7614],[-97.32,31.7647],[-97.306,31.7554],[-97.2979,31.7337],[-97.2979,31.71],[-97.306,31.6843],[-97.3235,31.6843],[-97.3505,31.71],[-97.3605,31.7321]]]}},{"type":"Feature","properties":{"c":"#006600","v0":1.0,"v1":2.0},"geometry":{"type":"Polygon","coordinates":[[[-97.1479,31.6035],[-97.0693,31.7054],[-97.02,31.7598],[-97.0,31.7669],[-96.9855,31.7585],[-96.9764,31.7347],[-96.9979,31.6888],[-97.0497,31.6207],[-97.0793,31.5615],[-97.0864,31.5111],[-97.1085,31.4898],[-97.1456,31.4975],[-97.1699,31.5142],[-97.1814,31.5398],[-97.1479,31.6035]]]}},{"type":"Feature","properties":{"c":"#006600","v0":1.0,"v1":2.0},"geometry":{"type":"Polygon","coordinates":[[[-98.8239,31.5611],[-98.8136,31.6122],[-98.7888,31.6543],[-98.7496,31.6873],[-98.695,31.6992],[-98.625,31.6899],[-98.56,31.6878],[-98.5,31.6927],[-98.4494,31.6851],[-98.4083,31.6649],[-98.3983,31.6433],[-98.4194,31.6202],[-98.4842,31.599],[-98.5925,31.5794],[-98.6775,31.5472],[-98.7392,31.5023],[-98.78,31.4778],[-98.8,31.4736],[-98.8148,31.4875],[-98.8243,31.5195],[-98.8239,31.5611]]]}},{"type":"Feature","properties":{"c":"#006600","v0":1.0,"v1":2.0},"geometry":{"type":"Polygon","coordinates":[[[-97.4917,31.5141],[-97.4506,31.5735],[-97.415,31.5994],[-97.385,31.5919],[-97.3708,31.575],[-97.3723,31.5487],[-97.3834,31.5185],[-97.4041,31.4843],[-97.4283,31.4635],[-97.4561,31.4559],[-97.4806,31.4602],[-97.5017,31.4763],[-97.4917,31.5141]]]}},{"type":"Feature","properties":{"c":"#006600","v0":1.0,"v1":2.0},"geometry":{"type":"Polygon","coordinates":[[[-98.862,31.2666],[-98.8456,31.3093],[-98.8306,31.3353],[-98.8169,31.3445],[-98.773,31.3103],[-98.699,31.2327],[-98.6709,31.1597],[-98.6887,31.0912],[-98.7057,31.0461],[-98.7219,31.0243],[-98.745,31.0114],[-98.775,31.0076],[-98.8034,31.0142],[-98.8302,31.0313],[-98.8416,31.0612],[-98.8375,31.1041],[-98.8441,31.1554],[-98.8615,31.2153],[-98.862,31.2666]]]}},{"type":"Feature","properties":{"c":"#006600","v0":1.0,"v1":2.0},"geometry":{"type":"Polygon","coordinates":[[[-99.1086,30.7394],[-99.0721,30.791],[-99.0495,30.8339],[-99.0408,30.8683],[-99.0199,30.901],[-98.9866,30.9321],[-98.955,30.9502],[-98.925,30.9552],[-98.87,30.9513],[-98.79,30.9384],[-98.7468,30.9117],[-98.7404,30.8713],[-98.7454,30.8409],[-98.7618,30.8205],[-98.8217,30.8119],[-98.925,30.8151],[-98.977,30.8125],[-98.9775,30.8039],[-98.9309,30.7894],[-98.837,30.769],[-98.7683,30.7432],[-98.7248,30.712],[-98.7081,30.6663],[-98.7183,30.6061],[-98.7525,30.5415],[-98.8106,30.4726],[-98.8286,30.3993],[-98.8064,30.3216],[-98.799,30.273],[-98.8063,30.2535],[-98.82,30.2467],[-98.84,30.2526],[-98.8716,30.2883],[-98.9148,30.3537],[-98.9334,30.4252],[-98.9274,30.5028],[-98.9297,30.5544],[-98.9402,30.5803],[-98.9908,30.6233],[-99.0815,30.6835],[-99.1086,30.7394]]]}},{"type":"Feature","properties":{"c":"#006600","v0":1.0,"v1":2.0},"geometry":{"type":"Polygon","coordinates":[[[-80.4709,29.5809],[-80.457,29.5984],[-80.425,29.6001],[-80.375,29.5858],[-80.3396,29.564],[-80.3187,29.5346],[-80.3087,29.5046],[-80.3096,29.4741],[-80.325,29.4614],[-80.355,29.4666],[-80.397,29.495],[-80.4509,29.5464],[-80.4709,29.5809]]]}},{"type":"Feature","properties":{"c":"#006600","v0":1.0,"v1":2.0},"geometry":{"type":"Polygon","coordinates":[[[-94.5346,29.1629],[-94.5182,29.1812],[-94.485,29.1924],[-94.435,29.1966],[-94.4,29.2117],[-94.38,29.2378],[-94.3399,29.2571],[-94.2797,29.2696],[-94.2313,29.289],[-94.1948,29.3152],[-94.1724,29.3326],[-94.164,29.3413],[-94.1907,29.3675],[-94.2526,29.411],[-94.2751,29.4359],[-94.2584,29.4421],[-94.2099,29.4421],[-94.1296,29.4359],[-94.0446,29.4176],[-93.9549,29.3872],[-93.865,29.3726],[-93.775,29.3739],[-93.7141,29.3674],[-93.6823,29.3529],[-93.6823,29.3375],[-93.7141,29.3212],[-93.765,29.3094],[-93.835,29.302],[-93.885,29.2912],[-93.915,29.2769],[-93.965,29.2768],[-94.035,29.291],[-94.0905,29.275],[-94.1316,29.2291],[-94.175,29.2017],[-94.2207,29.193],[-94.2902,29.1683],[-94.3834,29.1278],[-94.45,29.1092],[-94.49,29.1126],[-94.5182,29.1242],[-94.5346,29.1439],[-94.5346,29.1629]]]}},{"type":"Feature","properties":{"c":"#006600","v0":1.0,"v1":2.0},"geometry":{"type":"Polygon","coordinates":[[[-94.7671,29.1094],[-94.7424,29.1256],[-94.7086,29.13],[-94.6657,29.1225],[-94.6569,29.1013],[-94.6821,29.0663],[-94.692,29.0445],[-94.6865,29.0357],[-94.6461,29.0226],[-94.5707,29.0051],[-94.5272,28.9876],[-94.5157,28.9701],[-94.5249,28.9548],[-94.555,28.9417],[-94.605,28.9375],[-94.675,28.9422],[-94.7274,28.9837],[-94.7621,29.0621],[-94.7671,29.1094]]]}},{"type":"Feature","properties":{"c":"#006600","v0":1.0,"v1":2.0},"geometry":{"type":"Polygon","coordinates":[[[-95.8503,28.4834],[-95.7736,28.5449],[-95.7277,28.5932],[-95.7126,28.6283],[-95.6863,28.6576],[-95.6488,28.681],[-95.59,28.7001],[-95.51,28.7149],[-95.4432,28.7383],[-95.3896,28.7703],[-95.3346,28.7916],[-95.2782,28.8025],[-95.185,28.8025],[-95.055,28.7916],[-95.055,28.7689],[-95.185,28.7342],[-95.2708,28.7035],[-95.3125,28.6768],[-95.3324,28.6503],[-95.3305,28.624],[-95.3697,28.5932],[-95.4499,28.5582],[-95.5672,28.5142],[-95.7217,28.4614],[-95.8167,28.4342],[-95.8522,28.4324],[-95.8747,28.4368],[-95.8841,28.4474],[-95.8503,28.4834]]]}},{"type":"Feature","properties":{"c":"#006600","v0":1.0,"v1":2.0},"geometry":{"type":"Polygon","coordinates":[[[-83.3185,28.7938],[-83.2995,28.809],[-83.2784,28.8134],[-83.2553,28.807],[-83.2503,28.7935],[-83.2634,28.7729],[-83.2845,28.7686],[-83.3135,28.7803],[-83.3185,28.7938]]]}},{"type":"Feature","properties":{"c":"#006600","v0":1.0,"v1":2.0},"geometry":{"type":"Polygon","coordinates":[[[-80.073,28.6856],[-80.071,28.6947],[-80.0623,28.6947],[-80.047,28.6856],[-80.042,28.6766],[-80.0473,28.6678],[-80.056,28.6678],[-80.068,28.6766],[-80.073,28.6856]]]}},{"type":"Feature","properties":{"c":"#006600","v0":1.0,"v1":2.0},"geometry":{"type":"Polygon","coordinates":[[[-85.3007,28.435],[-85.2656,28.4702],[-85.2539,28.5054],[-85.2656,28.5405],[-85.2647,28.5713],[-85.2512,28.5976],[-85.2308,28.6155],[-85.2036,28.6249],[-85.1743,28.6205],[-85.1428,28.6023],[-85.1242,28.5713],[-85.1186,28.5273],[-85.1353,28.4966],[-85.1743,28.479],[-85.1941,28.4658],[-85.1946,28.457],[-85.1637,28.4355],[-85.1012,28.4013],[-85.0627,28.3749],[-85.0481,28.3564],[-85.0341,28.2986],[-85.0207,28.2017],[-85.023,28.13],[-85.041,28.0834],[-85.06,28.0616],[-85.08,28.0645],[-85.1067,28.0834],[-85.1401,28.1182],[-85.1595,28.1709],[-85.1648,28.2414],[-85.1931,28.2879],[-85.2444,28.3104],[-85.2821,28.3457],[-85.3062,28.3935],[-85.3007,28.435]]]}},{"type":"Feature","properties":{"c":"#006600","v0":1.0,"v1":2.0},"geometry":{"type":"Polygon","coordinates":[[[-84.4829,28.479],[-84.4777,28.4966],[-84.4688,28.505],[-84.4563,28.5043],[-84.4173,28.4735],[-84.352,28.4127],[-84.3128,28.3295],[-84.2997,28.2238],[-84.2973,28.1608],[-84.3058,28.1405],[-84.325,28.1347],[-84.355,28.1435],[-84.3812,28.1624],[-84.4035,28.1916],[-84.4162,28.237],[-84.4194,28.2986],[-84.4371,28.3647],[-84.4694,28.435],[-84.4829,28.479]]]}},{"type":"Feature","properties":{"c":"#006600","v0":1.0,"v1":2.0},"geometry":{"type":"Polygon","coordinates":[[[-80.7199,28.3251],[-80.7084,28.3515],[-80.6918,28.3647],[-80.6698,28.3647],[-80.6219,28.2986],[-80.5479,28.1665],[-80.5045,28.0739],[-80.4918,28.0209],[-80.5066,27.9732],[-80.5489,27.9306],[-80.585,27.9173],[-80.615,27.9333],[-80.6401,27.9545],[-80.6603,27.9811],[-80.6633,28.0209],[-80.6491,28.0739],[-80.6629,28.1533],[-80.7047,28.259],[-80.7199,28.3251]]]}},{"type":"Feature","properties":{"c":"#006600","v0":1.0,"v1":2.0},"geometry":{"type":"Polygon","coordinates":[[[-84.9266,28.0301],[-84.9155,28.0308],[-84.9082,28.0219],[-84.9045,28.0036],[-84.91,28.0033],[-84.9248,28.0209],[-84.9266,28.0301]]]}},{"type":"Feature","properties":{"c":"#006600","v0":1.0,"v1":2.0},"geometry":{"type":"Polygon","coordinates":[[[-85.0739,27.9689],[-85.058,27.9884],[-85.0306,27.9884],[-84.9918,27.9689],[-84.9568,27.9262],[-84.9256,27.8603],[-84.92,27.8264],[-84.94,27.8246],[-84.965,27.8312],[-84.995,27.8463],[-85.0238,27.8669],[-85.0514,27.893],[-85.0694,27.9193],[-85.0777,27.9458],[-85.0739,27.9689]]]}},{"type":"Feature","properties":{"c":"#006600","v0":1.0,"v1":2.0},"geometry":{"type":"Polygon","coordinates":[[[-80.5346,27.8272],[-80.5182,27.8461],[-80.4885,27.8417],[-80.4455,27.8139],[-80.4156,27.7867],[-80.3989,27.7602],[-80.3904,27.7299],[-80.3901,27.6958],[-80.4205,27.6958],[-80.4816,27.7299],[-80.5198,27.7646],[-80.5351,27.8],[-80.5346,27.8272]]]}},{"type":"Feature","properties":{"c":"#006600","v0":1.0,"v1":2.0},"geometry":{"type":"Polygon","coordinates":[[[-99.7203,27.8213],[-99.7001,27.8286],[-99.6689,27.8286],[-99.6268,27.8213],[-99.6218,27.8128],[-99.6539,27.8031],[-99.6851,27.8031],[-99.7153,27.8128],[-99.7203,27.8213]]]}},{"type":"Feature","properties":{"c":"#006600","v0":1.0,"v1":2.0},"geometry":{"type":"Polygon","coordinates":[[[-84.9334,27.7026],[-84.9019,27.7557],[-84.8772,27.7876],[-84.8591,27.7984],[-84.82,27.7886],[-84.76,27.7583],[-84.7158,27.722],[-84.6874,27.6796],[-84.6819,27.6406],[-84.6992,27.6052],[-84.7334,27.5811],[-84.7845,27.5685],[-84.8312,27.5729],[-84.8736,27.5944],[-84.9083,27.6229],[-84.9355,27.6583],[-84.9334,27.7026]]]}},{"type":"Feature","properties":{"c":"#006600","v0":1.0,"v1":2.0},"geometry":{"type":"Polygon","coordinates":[[[-84.6268,27.5857],[-84.5623,27.6532],[-84.4988,27.671],[-84.4365,27.6389],[-84.3552,27.5431],[-84.2547,27.3834],[-84.2013,27.2812],[-84.1948,27.2368],[-84.2006,27.1923],[-84.2187,27.1478],[-84.2,27.0855],[-84.1445,27.0053],[-84.0868,26.8894],[-84.0271,26.7377],[-84.0004,26.6488],[-84.0068,26.6227],[-84.02,26.6073],[-84.04,26.6024],[-84.06,26.6059],[-84.08,26.6178],[-84.1037,26.6511],[-84.1312,26.7059],[-84.1517,26.7645],[-84.1653,26.827],[-84.2152,26.8894],[-84.3014,26.9519],[-84.3799,27.0365],[-84.4507,27.1434],[-84.5171,27.2201],[-84.579,27.2668],[-84.6201,27.3157],[-84.6402,27.3667],[-84.6525,27.4322],[-84.6569,27.5121],[-84.6268,27.5857]],[[-84.2819,27.0261],[-84.274,27.041],[-84.2564,27.0455],[-84.2292,27.0395],[-84.2022,27.0187],[-84.1755,26.9831],[-84.1638,26.9563],[-84.1669,26.9385],[-84.1839,26.9332],[-84.2146,26.9403],[-84.244,26.9626],[-84.2719,27.0],[-84.2819,27.0261]],[[-84.5983,27.4189],[-84.5907,27.4367],[-84.5777,27.4474],[-84.5592,27.451],[-84.53,27.4255],[-84.49,27.3708],[-84.455,27.334],[-84.425,27.3151],[-84.395,27.33],[-84.365,27.3786],[-84.3365,27.3825],[-84.3095,27.3416],[-84.2945,27.305],[-84.2915,27.2726],[-84.3,27.2536],[-84.32,27.2481],[-84.345,27.2545],[-84.375,27.2726],[-84.3972,27.2738],[-84.4115,27.258],[-84.4265,27.2497],[-84.4422,27.2489],[-84.4839,27.2756],[-84.5518,27.3297],[-84.5898,27.3701],[-84.598,27.3967],[-84.5983,27.4189]]]}},{"type":"Feature","properties":{"c":"#006600","v0":1.0,"v1":2.0},"geometry":{"type":"Polygon","coordinates":[[[-84.3208,27.6297],[-84.3136,27.6433],[-84.305,27.6482],[-84.295,27.6445],[-84.285,27.6253],[-84.275,27.5907],[-84.2836,27.5858],[-84.3108,27.6105],[-84.3208,27.6297]]]}},{"type":"Feature","properties":{"c":"#006600","v0":1.0,"v1":2.0},"geometry":{"type":"Polygon","coordinates":[[[-84.6142,27.2137],[-84.5981,27.2477],[-84.5796,27.2477],[-84.5588,27.2137],[-84.5436,27.1701],[-84.534,27.1167],[-84.5444,27.0966],[-84.5748,27.11],[-84.5981,27.1367],[-84.6142,27.1767],[-84.6142,27.2137]]]}},{"type":"Feature","properties":{"c":"#006600","v0":1.0,"v1":2.0},"geometry":{"type":"Polygon","coordinates":[[[-84.0857,27.1837],[-84.0619,27.1931],[-84.0398,27.1931],[-84.0194,27.1837],[-83.9948,27.1523],[-83.966,27.0989],[-83.9562,27.052],[-83.9654,27.0118],[-83.98,26.9973],[-84.0,27.0085],[-84.0319,27.0553],[-84.0757,27.1378],[-84.0857,27.1837]]]}},{"type":"Feature","properties":{"c":"#006600","v0":1.0,"v1":2.0},"geometry":{"type":"Polygon","coordinates":[[[-80.2559,26.979],[-80.2386,27.0066],[-80.215,27.0192],[-80.185,27.0168],[-80.1569,26.9986],[-80.1306,26.9645],[-80.1156,26.9298],[-80.1119,26.8945],[-80.135,26.8787],[-80.185,26.8824],[-80.2236,26.9045],[-80.2509,26.945],[-80.2559,26.979]]]}},{"type":"Feature","properties":{"c":"#006600","v0":1.0,"v1":2.0},"geometry":{"type":"Polygon","coordinates":[[[-97.256,26.936],[-97.252,26.9488],[-97.2429,26.9532],[-97.2288,26.9493],[-97.2138,26.9362],[-97.1979,26.9136],[-97.1924,26.8958],[-97.1971,26.8826],[-97.2075,26.8761],[-97.2234,26.8761],[-97.238,26.8894],[-97.2513,26.9162],[-97.256,26.936]]]}},{"type":"Feature","properties":{"c":"#006600","v0":1.0,"v1":2.0},"geometry":{"type":"Polygon","coordinates":[[[-84.5754,26.7805],[-84.5585,26.8035],[-84.54,26.8139],[-84.52,26.8117],[-84.497,26.8002],[-84.4711,26.7794],[-84.4557,26.7556],[-84.451,26.7288],[-84.4639,26.7109],[-84.4946,26.702],[-84.5285,26.7154],[-84.5654,26.7511],[-84.5754,26.7805]]]}},{"type":"Feature","properties":{"c":"#006600","v0":1.0,"v1":2.0},"geometry":{"type":"Polygon","coordinates":[[[-84.6681,26.7904],[-84.656,26.7975],[-84.6374,26.793],[-84.6122,26.777],[-84.6072,26.7642],[-84.6224,26.7548],[-84.641,26.7592],[-84.6631,26.7776],[-84.6681,26.7904]]]}},{"type":"Feature","properties":{"c":"#006600","v0":1.0,"v1":2.0},"geometry":{"type":"Polygon","coordinates":[[[-84.4544,26.6119],[-84.4515,26.6194],[-84.4425,26.6194],[-84.4275,26.6119],[-84.4225,26.6046],[-84.4275,26.5974],[-84.4365,26.5974],[-84.4494,26.6046],[-84.4544,26.6119]]]}},{"type":"Feature","properties":{"c":"#006600","v0":1.0,"v1":2.0},"geometry":{"type":"Polygon","coordinates":[[[-83.5616,26.5455],[-83.5368,26.5276],[-83.5315,26.5187],[-83.5458,26.5187],[-83.5583,26.5276],[-83.5688,26.5455],[-83.5616,26.5455]]]}},{"type":"Feature","properties":{"c":"#006600","v0":1.0,"v1":2.0},"geometry":{"type":"Polygon","coordinates":[[[-84.5819,26.4699],[-84.574,26.4797],[-84.5607,26.4752],[-84.5422,26.4565],[-84.5461,26.4515],[-84.5726,26.4605],[-84.5819,26.4699]]]}},{"type":"Feature","properties":{"c":"#006600","v0":1.0,"v1":2.0},"geometry":{"type":"Polygon","coordinates":[[[-99.4375,26.4358],[-99.4192,26.449],[-99.398,26.449],[-99.3739,26.4358],[-99.3689,26.4224],[-99.383,26.4088],[-99.4042,26.4088],[-99.4325,26.4224],[-99.4375,26.4358]]]}},{"type":"Feature","properties":{"c":"#006600","v0":1.0,"v1":2.0},"geometry":{"type":"Polygon","coordinates":[[[-84.9687,26.2272],[-84.9562,26.2535],[-84.93,26.2632],[-84.89,26.2564],[-84.8725,26.2791],[-84.8776,26.3314],[-84.8676,26.3776],[-84.8425,26.4177],[-84.77,26.4153],[-84.65,26.3704],[-84.5764,26.3369],[-84.5492,26.3148],[-84.53,26.2903],[-84.5188,26.2634],[-84.5174,26.2375],[-84.5258,26.2127],[-84.54,26.1975],[-84.56,26.1919],[-84.59,26.1991],[-84.63,26.219],[-84.6576,26.2162],[-84.6729,26.1908],[-84.6765,26.1467],[-84.6684,26.0839],[-84.6395,26.012],[-84.5896,25.9311],[-84.5617,25.8681],[-84.5556,25.8231],[-84.5569,25.7842],[-84.5656,25.7514],[-84.58,25.7361],[-84.6,25.7384],[-84.62,25.7487],[-84.64,25.7672],[-84.675,25.8172],[-84.725,25.8989],[-84.7819,25.9679],[-84.8457,26.0242],[-84.9019,26.0928],[-84.9506,26.1736],[-84.9687,26.2272]]]}},{"type":"Feature","properties":{"c":"#006600","v0":1.0,"v1":2.0},"geometry":{"type":"Polygon","coordinates":[[[-99.1209,25.612],[-99.1003,25.6675],[-99.0741,25.6855],[-99.0422,25.6661],[-99.0126,25.6339],[-98.9854,25.5888],[-98.9613,25.5624],[-98.9404,25.5546],[-98.84,25.5718],[-98.66,25.6139],[-98.5493,25.6314],[-98.508,25.624],[-98.4922,25.6113],[-98.5019,25.5933],[-98.5379,25.5617],[-98.6,25.5166],[-98.6381,25.4805],[-98.6523,25.4534],[-98.667,25.4384],[-98.6823,25.4354],[-98.775,25.4479],[-98.945,25.4759],[-99.053,25.5045],[-99.0991,25.5336],[-99.1244,25.5572],[-99.1289,25.5753],[-99.1209,25.612]]]}},{"type":"Feature","properties":{"c":"#006600","v0":1.0,"v1":2.0},"geometry":{"type":"Polygon","coordinates":[[[-98.9556,25.6656],[-98.9385,25.6841],[-98.92,25.6917],[-98.9,25.6886],[-98.895,25.6767],[-98.905,25.6558],[-98.92,25.6438],[-98.94,25.6404],[-98.9535,25.6432],[-98.9606,25.652],[-98.9556,25.6656]]]}},{"type":"Feature","properties":{"c":"#006600","v0":1.0,"v1":2.0},"geometry":{"type":"Polygon","coordinates":[[[-84.5874,25.6158],[-84.579,25.6429],[-84.5686,25.6584],[-84.5562,25.6624],[-84.5377,25.6444],[-84.513,25.6043],[-84.503,25.5713],[-84.5077,25.5452],[-84.5304,25.5497],[-84.5712,25.5848],[-84.5874,25.6158]]]}},{"type":"Feature","properties":{"c":"#006600","v0":1.0,"v1":2.0},"geometry":{"type":"Polygon","coordinates":[[[-83.5732,25.3995],[-83.5577,25.4271],[-83.54,25.4398],[-83.52,25.4376],[-83.5044,25.4238],[-83.4932,25.3984],[-83.49,25.3721],[-83.4947,25.345],[-83.5103,25.3323],[-83.5368,25.334],[-83.5577,25.3476],[-83.5732,25.373],[-83.5732,25.3995]]]}},{"type":"Feature","properties":{"c":"#006600","v0":1.0,"v1":2.0},"geometry":{"type":"Polygon","coordinates":[[[-84.5825,25.3398],[-84.5742,25.3566],[-84.54,25.3645],[-84.48,25.3636],[-84.4264,25.3462],[-84.3791,25.3123],[-84.3419,25.2727],[-84.3147,25.2275],[-84.3153,25.1867],[-84.3438,25.1505],[-84.3623,25.1143],[-84.3709,25.0781],[-84.3737,25.0328],[-84.3708,24.9784],[-84.3529,24.924],[-84.3198,24.8696],[-84.3032,24.8106],[-84.3031,24.747],[-84.3318,24.688],[-84.3894,24.6334],[-84.3889,24.588],[-84.3301,24.5516],[-84.3005,24.5061],[-84.2999,24.4515],[-84.3122,24.4023],[-84.3374,24.3586],[-84.375,24.3381],[-84.425,24.3409],[-84.462,24.3263],[-84.4861,24.2944],[-84.4899,24.2465],[-84.4734,24.1826],[-84.4764,24.1378],[-84.4988,24.112],[-84.5194,24.1075],[-84.5382,24.1241],[-84.5399,24.1644],[-84.5245,24.2283],[-84.5289,24.2966],[-84.5532,24.3695],[-84.5615,24.4202],[-84.5538,24.4487],[-84.535,24.477],[-84.505,24.505],[-84.4826,24.5362],[-84.4678,24.5707],[-84.4778,24.6069],[-84.5126,24.6447],[-84.5373,24.681],[-84.5518,24.7159],[-84.5534,24.7833],[-84.5419,24.8832],[-84.5488,25.0328],[-84.5741,25.232],[-84.5825,25.3398]],[[-84.4414,24.4534],[-84.4338,24.4754],[-84.42,24.49],[-84.4,24.4971],[-84.38,24.4906],[-84.3601,24.4706],[-84.3498,24.4469],[-84.3491,24.4196],[-84.354,24.3995],[-84.3647,24.3865],[-84.38,24.3808],[-84.4,24.3823],[-84.4188,24.3979],[-84.4364,24.4276],[-84.4414,24.4534]]]}},{"type":"Feature","properties":{"c":"#006600","v0":1.0,"v1":2.0},"geometry":{"type":"Polygon","coordinates":[[[-97.2173,25.1422],[-97.1058,25.2704],[-97.04,25.3366],[-97.02,25.3409],[-96.995,25.3232],[-96.965,25.2837],[-96.94,25.2683],[-96.92,25.2771],[-96.895,25.3006],[-96.865,25.3391],[-96.8433,25.3561],[-96.8298,25.3517],[-96.8183,25.3224],[-96.8086,25.2682],[-96.8081,25.2275],[-96.8168,25.2003],[-96.8484,25.1899],[-96.9028,25.1963],[-96.96,25.1912],[-97.02,25.1745],[-97.0644,25.1577],[-97.0931,25.1408],[-97.1169,25.1143],[-97.1358,25.0781],[-97.1615,25.0541],[-97.1938,25.0425],[-97.2258,25.047],[-97.2573,25.0677],[-97.2173,25.1422]]]}},{"type":"Feature","properties":{"c":"#006600","v0":1.0,"v1":2.0},"geometry":{"type":"Polygon","coordinates":[[[-83.5902,25.1531],[-83.5634,25.1584],[-83.53,25.1461],[-83.49,25.1162],[-83.455,25.1147],[-83.425,25.1415],[-83.395,25.1491],[-83.365,25.1374],[-83.3256,25.0775],[-83.2769,24.9691],[-83.2569,24.9064],[-83.2656,24.8892],[-83.315,24.9186],[-83.405,24.9944],[-83.48,25.0465],[-83.54,25.075],[-83.5784,25.1045],[-83.5952,25.1352],[-83.5902,25.1531]]]}},{"type":"Feature","properties":{"c":"#006600","v0":1.0,"v1":2.0},"geometry":{"type":"Polygon","coordinates":[[[-97.0543,24.8968],[-97.0062,24.9693],[-96.9591,25.0196],[-96.913,25.0476],[-96.85,25.0577],[-96.77,25.05],[-96.68,25.0619],[-96.58,25.0933],[-96.5131,25.1013],[-96.4793,25.0858],[-96.4597,25.069],[-96.4542,25.0509],[-96.4567,25.0328],[-96.4673,25.0147],[-96.5069,24.9849],[-96.5756,24.9436],[-96.63,24.9184],[-96.67,24.9092],[-96.74,24.9057],[-96.84,24.9077],[-96.92,24.8968],[-96.98,24.8727],[-97.0271,24.8606],[-97.0613,24.8605],[-97.0543,24.8968]],[[-96.6895,25.0011],[-96.659,25.0283],[-96.6246,25.0418],[-96.5863,25.0418],[-96.5695,25.0328],[-96.5741,25.0147],[-96.5898,24.9951],[-96.6166,24.9741],[-96.645,24.9639],[-96.675,24.9644],[-96.6937,24.9704],[-96.7011,24.9818],[-96.6895,25.0011]]]}},{"type":"Feature","properties":{"c":"#006600","v0":1.0,"v1":2.0},"geometry":{"type":"Polygon","coordinates":[[[-83.3889,24.8213],[-83.3763,24.8518],[-83.345,24.8697],[-83.295,24.875],[-83.26,24.82],[-83.24,24.7045],[-83.24,24.6477],[-83.26,24.6497],[-83.2841,24.6623],[-83.3124,24.6855],[-83.3437,24.7243],[-83.378,24.7788],[-83.3889,24.8213]]]}},{"type":"Feature","properties":{"c":"#006600","v0":1.0,"v1":2.0},"geometry":{"type":"Polygon","coordinates":[[[-83.7769,24.7766],[-83.7723,24.7902],[-83.76,24.7934],[-83.74,24.7861],[-83.725,24.7566],[-83.715,24.7047],[-83.72,24.6825],[-83.74,24.69],[-83.7573,24.7128],[-83.7719,24.7507],[-83.7769,24.7766]]]}},{"type":"Feature","properties":{"c":"#006600","v0":1.0,"v1":2.0},"geometry":{"type":"Polygon","coordinates":[[[-97.6837,24.5689],[-97.6346,24.6036],[-97.575,24.637],[-97.505,24.6691],[-97.4641,24.6836],[-97.4522,24.6805],[-97.4437,24.6653],[-97.4387,24.638],[-97.4496,24.6113],[-97.4765,24.5852],[-97.5446,24.567],[-97.6537,24.5567],[-97.6837,24.5689]]]}},{"type":"Feature","properties":{"c":"#006600","v0":1.0,"v1":2.0},"geometry":{"type":"Polygon","coordinates":[[[-83.3505,24.4955],[-83.3368,24.5288],[-83.315,24.5424],[-83.285,24.5362],[-83.263,24.5195],[-83.249,24.4924],[-83.239,24.4459],[-83.233,24.3801],[-83.24,24.349],[-83.26,24.3525],[-83.2918,24.3854],[-83.3355,24.4477],[-83.3505,24.4955]]]}},{"type":"Feature","properties":{"c":"#006600","v0":1.0,"v1":2.0},"geometry":{"type":"Polygon","coordinates":[[[-83.7022,24.5042],[-83.6941,24.5185],[-83.6785,24.523],[-83.6554,24.5178],[-83.6372,24.5016],[-83.624,24.4743],[-83.6206,24.4501],[-83.6269,24.4291],[-83.6438,24.4245],[-83.6715,24.4364],[-83.6906,24.456],[-83.701,24.4834],[-83.7022,24.5042]]]}},{"type":"Feature","properties":{"c":"#006600","v0":1.0,"v1":2.0},"geometry":{"type":"Polygon","coordinates":[[[-97.4322,24.3947],[-97.4041,24.445],[-97.38,24.4725],[-97.36,24.4771],[-97.3412,24.4747],[-97.3237,24.4653],[-97.3162,24.4287],[-97.3187,24.365],[-97.3275,24.3246],[-97.3425,24.3077],[-97.37,24.3022],[-97.41,24.3082],[-97.4341,24.3258],[-97.4422,24.3549],[-97.4322,24.3947]]]}},{"type":"Feature","properties":{"c":"#ffff00","v0":2.0,"v1":3.0},"geometry":{"type":"Polygon","coordinates":[[[-84.0923,35.8004],[-83.9708,35.8754],[-83.8942,35.9281],[-83.8625,35.9584],[-83.8175,35.988],[-83.7592,36.0168],[-83.66,36.0532],[-83.52,36.0972],[-83.4369,36.1111],[-83.4108,36.0949],[-83.4044,36.0626],[-83.4177,36.014],[-83.4408,35.9769],[-83.4736,35.9513],[-83.585,35.9287],[-83.775,35.9094],[-83.9022,35.8817],[-83.9665,35.8457],[-84.0115,35.8148],[-84.0372,35.7888],[-84.0758,35.7725],[-84.1273,35.7661],[-84.0923,35.8004]],[[-83.7354,35.9838],[-83.6918,36.0043],[-83.6567,36.0124],[-83.6301,36.0081],[-83.6256,35.9979],[-83.643,35.9817],[-83.678,35.9736],[-83.7308,35.9736],[-83.7354,35.9838]],[[-83.5375,36.014],[-83.5303,36.0302],[-83.5142,36.0423],[-83.4894,36.0504],[-83.4852,36.0435],[-83.5017,36.0214],[-83.5178,36.0093],[-83.5333,36.0071],[-83.5375,36.014]]]}},{"type":"Feature","properties":{"c":"#ffff00","v0":2.0,"v1":3.0},"geometry":{"type":"Polygon","coordinates":[[[-96.5705,32.022],[-96.5568,32.0427],[-96.515,32.0549],[-96.445,32.0585],[-96.385,32.0793],[-96.335,32.1174],[-96.2843,32.1348],[-96.2329,32.1318],[-96.1992,32.1176],[-96.1832,32.0921],[-96.1823,32.0498],[-96.1965,31.9904],[-96.1876,31.9395],[-96.1553,31.8971],[-96.1368,31.8546],[-96.132,31.8121],[-96.1397,31.7885],[-96.1599,31.7837],[-96.18,31.7867],[-96.2,31.7972],[-96.2177,31.8293],[-96.2331,31.883],[-96.2481,31.9147],[-96.2627,31.9244],[-96.285,31.9198],[-96.315,31.9008],[-96.3471,31.8577],[-96.3812,31.7905],[-96.4162,31.748],[-96.4521,31.7303],[-96.4873,31.7431],[-96.5218,31.7863],[-96.5405,31.8376],[-96.5433,31.8971],[-96.5528,31.948],[-96.5692,31.9904],[-96.5705,32.022]],[[-96.5072,31.914],[-96.4958,31.9565],[-96.4648,31.9862],[-96.414,32.0031],[-96.369,32.0349],[-96.3297,32.0816],[-96.2897,32.1027],[-96.249,32.0985],[-96.2294,32.0794],[-96.2309,32.0455],[-96.2612,31.9998],[-96.3204,31.9422],[-96.37,31.8795],[-96.41,31.8116],[-96.44,31.7762],[-96.46,31.7733],[-96.4758,31.7766],[-96.4873,31.7861],[-96.498,31.8164],[-96.5079,31.8673],[-96.5072,31.914]]]}},{"type":"Feature","properties":{"c":"#ffff00","v0":2.0,"v1":3.0},"geometry":{"type":"Polygon","coordinates":[[[-84.5983,27.4189],[-84.5907,27.4367],[-84.5777,27.4474],[-84.5592,27.451],[-84.53,27.4255],[-84.49,27.3708],[-84.455,27.334],[-84.425,27.3151],[-84.395,27.33],[-84.365,27.3786],[-84.3365,27.3825],[-84.3095,27.3416],[-84.2945,27.305],[-84.2915,27.2726],[-84.3,27.2536],[-84.32,27.2481],[-84.345,27.2545],[-84.375,27.2726],[-84.3972,27.2738],[-84.4115,27.258],[-84.4265,27.2497],[-84.4422,27.2489],[-84.4839,27.2756],[-84.5518,27.3297],[-84.5898,27.3701],[-84.598,27.3967],[-84.5983,27.4189]]]}},{"type":"Feature","properties":{"c":"#ffff00","v0":2.0,"v1":3.0},"geometry":{"type":"Polygon","coordinates":[[[-84.2819,27.0261],[-84.274,27.041],[-84.2564,27.0455],[-84.2292,27.0395],[-84.2022,27.0187],[-84.1755,26.9831],[-84.1638,26.9563],[-84.1669,26.9385],[-84.1839,26.9332],[-84.2146,26.9403],[-84.244,26.9626],[-84.2719,27.0],[-84.2819,27.0261]]]}},{"type":"Feature","properties":{"c":"#ffff00","v0":2.0,"v1":3.0},"geometry":{"type":"Polygon","coordinates":[[[-96.6895,25.0011],[-96.659,25.0283],[-96.6246,25.0418],[-96.5863,25.0418],[-96.5695,25.0328],[-96.5741,25.0147],[-96.5898,24.9951],[-96.6166,24.9741],[-96.645,24.9639],[-96.675,24.9644],[-96.6937,24.9704],[-96.7011,24.9818],[-96.6895,25.0011]]]}},{"type":"Feature","properties":{"c":"#ffff00","v0":2.0,"v1":3.0},"geometry":{"type":"Polygon","coordinates":[[[-84.4414,24.4534],[-84.4338,24.4754],[-84.42,24.49],[-84.4,24.4971],[-84.38,24.4906],[-84.3601,24.4706],[-84.3498,24.4469],[-84.3491,24.4196],[-84.354,24.3995],[-84.3647,24.3865],[-84.38,24.3808],[-84.4,24.3823],[-84.4188,24.3979],[-84.4364,24.4276],[-84.4414,24.4534]],[[-84.3976,24.4424],[-84.3876,24.4424],[-84.3845,24.4359],[-84.3882,24.4229],[-84.3932,24.4229],[-84.3995,24.4359],[-84.3976,24.4424]]]}},{"type":"Feature","properties":{"c":"#ffcc00","v0":3.0,"v1":4.0},"geometry":{"type":"Polygon","coordinates":[[[-83.5375,36.014],[-83.5303,36.0302],[-83.5142,36.0423],[-83.4894,36.0504],[-83.4852,36.0435],[-83.5017,36.0214],[-83.5178,36.0093],[-83.5333,36.0071],[-83.5375,36.014]]]}},{"type":"Feature","properties":{"c":"#ffcc00","v0":3.0,"v1":4.0},"geometry":{"type":"Polygon","coordinates":[[[-83.7354,35.9838],[-83.6918,36.0043],[-83.6567,36.0124],[-83.6301,36.0081],[-83.6256,35.9979],[-83.643,35.9817],[-83.678,35.9736],[-83.7308,35.9736],[-83.7354,35.9838]]]}},{"type":"Feature","properties":{"c":"#ffcc00","v0":3.0,"v1":4.0},"geometry":{"type":"Polygon","coordinates":[[[-96.5072,31.914],[-96.4958,31.9565],[-96.4648,31.9862],[-96.414,32.0031],[-96.369,32.0349],[-96.3297,32.0816],[-96.2897,32.1027],[-96.249,32.0985],[-96.2294,32.0794],[-96.2309,32.0455],[-96.2612,31.9998],[-96.3204,31.9422],[-96.37,31.8795],[-96.41,31.8116],[-96.44,31.7762],[-96.46,31.7733],[-96.4758,31.7766],[-96.4873,31.7861],[-96.498,31.8164],[-96.5079,31.8673],[-96.5072,31.914]],[[-96.3134,32.0243],[-96.3029,32.0498],[-96.2908,32.0642],[-96.2769,32.0677],[-96.27,32.0633],[-96.27,32.0509],[-96.28,32.0332],[-96.3,32.0103],[-96.3122,32.002],[-96.3165,32.0084],[-96.3134,32.0243]],[[-96.473,31.9058],[-96.4577,31.9319],[-96.4369,31.9403],[-96.4106,31.9313],[-96.4006,31.9113],[-96.4069,31.8804],[-96.42,31.853],[-96.44,31.8292],[-96.4577,31.8362],[-96.473,31.8739],[-96.473,31.9058]]]}},{"type":"Feature","properties":{"c":"#ffcc00","v0":3.0,"v1":4.0},"geometry":{"type":"Polygon","coordinates":[[[-84.3976,24.4424],[-84.3876,24.4424],[-84.3845,24.4359],[-84.3882,24.4229],[-84.3932,24.4229],[-84.3995,24.4359],[-84.3976,24.4424]]]}},{"type":"Feature","properties":{"c":"#ff9100","v0":4.0,"v1":6.0},"geometry":{"type":"Polygon","coordinates":[[[-96.3134,32.0243],[-96.3029,32.0498],[-96.2908,32.0642],[-96.2769,32.0677],[-96.27,32.0633],[-96.27,32.0509],[-96.28,32.0332],[-96.3,32.0103],[-96.3122,32.002],[-96.3165,32.0084],[-96.3134,32.0243]]]}},{"type":"Feature","properties":{"c":"#ff9100","v0":4.0,"v1":6.0},"geometry":{"type":"Polygon","coordinates":[[[-96.473,31.9058],[-96.4577,31.9319],[-96.4369,31.9403],[-96.4106,31.9313],[-96.4006,31.9113],[-96.4069,31.8804],[-96.42,31.853],[-96.44,31.8292],[-96.4577,31.8362],[-96.473,31.8739],[-96.473,31.9058]]]}}]}