{"type":"FeatureCollection","features":[{"type":"Feature","properties":{"c":"#00ff00","v0":0.002,"v1":0.003},"geometry":{"type":"Polygon","coordinates":[[[-110.3176,54.8742],[-110.2859,54.8868],[-110.26,54.8915],[-110.24,54.8881],[-110.2269,54.8817],[-110.2208,54.8725],[-110.2358,54.8605],[-110.2719,54.8457],[-110.3009,54.8457],[-110.3226,54.8605],[-110.3176,54.8742]],[[-110.3103,54.8729],[-110.2834,54.8829],[-110.2595,54.8829],[-110.2385,54.8729],[-110.2435,54.862],[-110.2745,54.8504],[-110.2984,54.8504],[-110.3153,54.862],[-110.3103,54.8729]]]}},{"type":"Feature","properties":{"c":"#00ff00","v0":0.002,"v1":0.003},"geometry":{"type":"Polygon","coordinates":[[[-110.723,54.4135],[-110.7001,54.431],[-110.684,54.451],[-110.6747,54.4737],[-110.6604,54.4824],[-110.6411,54.4772],[-110.6261,54.4562],[-110.6154,54.4195],[-110.605,54.3998],[-110.595,54.3971],[-110.58,54.4044],[-110.56,54.4219],[-110.5348,54.43],[-110.5045,54.4287],[-110.4895,54.4361],[-110.4898,54.4521],[-110.5081,54.4638],[-110.5442,54.471],[-110.5659,54.4978],[-110.5733,54.5443],[-110.5902,54.5708],[-110.6167,54.5775],[-110.635,54.5862],[-110.6449,54.5969],[-110.6449,54.6073],[-110.635,54.6175],[-110.6153,54.6262],[-110.5858,54.6334],[-110.5728,54.6428],[-110.5764,54.6543],[-110.5711,54.6646],[-110.557,54.6735],[-110.5354,54.6764],[-110.5063,54.6733],[-110.4879,54.6659],[-110.4801,54.6543],[-110.4846,54.6435],[-110.5015,54.6332],[-110.5237,54.6275],[-110.5512,54.6261],[-110.5609,54.6167],[-110.5529,54.5993],[-110.5209,54.5878],[-110.4651,54.582],[-110.4303,54.5675],[-110.4164,54.5443],[-110.4256,54.5269],[-110.4579,54.5153],[-110.453,54.5047],[-110.411,54.4952],[-110.385,54.4757],[-110.375,54.4463],[-110.3486,54.4336],[-110.3059,54.4377],[-110.286,54.4484],[-110.289,54.4659],[-110.2854,54.4764],[-110.2751,54.48],[-110.26,54.4735],[-110.24,54.4569],[-110.22,54.4468],[-110.2,54.4434],[-110.1732,54.4528],[-110.1397,54.4751],[-110.1247,54.5002],[-110.1282,54.5281],[-110.145,54.5422],[-110.175,54.5425],[-110.205,54.5379],[-110.235,54.5282],[-110.27,54.5299],[-110.31,54.543],[-110.3424,54.5598],[-110.3673,54.5804],[-110.3721,54.6109],[-110.3567,54.6515],[-110.3614,54.6804],[-110.386,54.6977],[-110.3943,54.7122],[-110.3862,54.7237],[-110.3891,54.7302],[-110.403,54.7316],[-110.42,54.7274],[-110.44,54.7176],[-110.4602,54.7198],[-110.4805,54.734],[-110.4605,54.7497],[-110.4002,54.767],[-110.36,54.7672],[-110.34,54.7504],[-110.315,54.7403],[-110.285,54.737],[-110.25,54.7264],[-110.21,54.7087],[-110.181,54.69],[-110.1629,54.6701],[-110.1229,54.6493],[-110.061,54.6277],[-110.0247,54.619],[-110.014,54.6233],[-110.009,54.6418],[-110.0097,54.6747],[-109.995,54.6861],[-109.965,54.6762],[-109.925,54.6745],[-109.875,54.681],[-109.835,54.6796],[-109.805,54.6702],[-109.766,54.6642],[-109.7181,54.6615],[-109.7114,54.6312],[-109.7459,54.5733],[-109.7407,54.5036],[-109.6957,54.4223],[-109.6495,54.367],[-109.6019,54.3378],[-109.6061,54.3108],[-109.662,54.2861],[-109.705,54.2792],[-109.735,54.2904],[-109.775,54.2916],[-109.825,54.2831],[-109.865,54.2867],[-109.895,54.3025],[-109.925,54.297],[-109.955,54.27],[-109.9915,54.2469],[-110.0346,54.2277],[-110.0493,54.2064],[-110.0357,54.183],[-110.0492,54.1665],[-110.0897,54.157],[-110.1203,54.1541],[-110.1408,54.1577],[-110.1508,54.1703],[-110.1503,54.1916],[-110.17,54.2016],[-110.21,54.2002],[-110.24,54.1954],[-110.26,54.1872],[-110.29,54.1897],[-110.33,54.2029],[-110.3627,54.2087],[-110.3881,54.2072],[-110.4031,54.1937],[-110.4077,54.1681],[-110.4195,54.1594],[-110.4384,54.1673],[-110.4437,54.1801],[-110.4354,54.1976],[-110.4509,54.2023],[-110.4903,54.194],[-110.5144,54.194],[-110.5231,54.2023],[-110.5231,54.2128],[-110.5144,54.2257],[-110.495,54.2316],[-110.465,54.2305],[-110.4554,54.2446],[-110.4663,54.2737],[-110.4824,54.2941],[-110.5037,54.3057],[-110.5033,54.3131],[-110.4811,54.3161],[-110.4644,54.3248],[-110.4532,54.3393],[-110.4632,54.3573],[-110.4944,54.3789],[-110.5229,54.3876],[-110.5486,54.3836],[-110.5686,54.3697],[-110.5829,54.3462],[-110.6,54.3325],[-110.62,54.3287],[-110.6561,54.3463],[-110.7084,54.3853],[-110.723,54.4135]],[[-110.4003,54.7566],[-110.3934,54.7645],[-110.3832,54.7674],[-110.3695,54.7652],[-110.3645,54.7593],[-110.3682,54.7498],[-110.3784,54.7469],[-110.3953,54.7507],[-110.4003,54.7566]],[[-110.3731,54.7134],[-110.3577,54.7274],[-110.3311,54.7331],[-110.2933,54.7307],[-110.2544,54.7208],[-110.2146,54.7035],[-110.1885,54.6846],[-110.1762,54.6641],[-110.1474,54.6496],[-110.1021,54.6412],[-110.0729,54.6283],[-110.0597,54.6109],[-110.0824,54.5907],[-110.1408,54.5676],[-110.1779,54.5589],[-110.1938,54.5646],[-110.2088,54.5819],[-110.2229,54.6106],[-110.24,54.6264],[-110.26,54.6292],[-110.2736,54.6265],[-110.2807,54.618],[-110.2671,54.5993],[-110.2327,54.5704],[-110.2191,54.5505],[-110.2264,54.5397],[-110.245,54.5364],[-110.275,54.5407],[-110.3097,54.5548],[-110.3491,54.5787],[-110.3622,54.6109],[-110.349,54.6515],[-110.352,54.6804],[-110.3712,54.6977],[-110.3731,54.7134]],[[-109.9624,54.6492],[-109.9408,54.6505],[-109.9288,54.6448],[-109.9265,54.6319],[-109.934,54.6254],[-109.9515,54.6254],[-109.9635,54.6312],[-109.97,54.6428],[-109.9624,54.6492]],[[-109.7288,54.3404],[-109.7163,54.3514],[-109.705,54.356],[-109.695,54.3541],[-109.6821,54.3428],[-109.6663,54.322],[-109.6613,54.3062],[-109.6671,54.2955],[-109.68,54.2899],[-109.7,54.2894],[-109.7163,54.3006],[-109.7288,54.3235],[-109.7288,54.3404]],[[-110.708,54.4135],[-110.6765,54.431],[-110.6652,54.4455],[-110.6741,54.4572],[-110.6715,54.4666],[-110.6572,54.4737],[-110.645,54.458],[-110.635,54.4195],[-110.6174,54.3926],[-110.5921,54.3775],[-110.5821,54.3645],[-110.5874,54.3538],[-110.6,54.347],[-110.62,54.3441],[-110.6534,54.3582],[-110.7003,54.3893],[-110.708,54.4135]],[[-110.5597,54.4094],[-110.5532,54.4186],[-110.5382,54.4215],[-110.5146,54.4181],[-110.5096,54.4112],[-110.5232,54.4006],[-110.5382,54.3977],[-110.5547,54.4024],[-110.5597,54.4094]],[[-110.6277,54.607],[-110.6026,54.6165],[-110.5831,54.6165],[-110.5693,54.607],[-110.5693,54.5972],[-110.5831,54.5871],[-110.6026,54.5871],[-110.6277,54.5972],[-110.6277,54.607]],[[-110.5594,54.6555],[-110.5398,54.6693],[-110.5191,54.6722],[-110.4972,54.6642],[-110.4922,54.6533],[-110.5041,54.6396],[-110.52,54.6329],[-110.54,54.6334],[-110.5548,54.6373],[-110.5644,54.6448],[-110.5594,54.6555]],[[-110.5628,54.553],[-110.5445,54.5704],[-110.5141,54.5791],[-110.4715,54.5791],[-110.4472,54.5704],[-110.441,54.553],[-110.4495,54.5327],[-110.4726,54.5095],[-110.4656,54.4972],[-110.4285,54.496],[-110.405,54.4798],[-110.395,54.4486],[-110.38,54.4281],[-110.36,54.4182],[-110.325,54.4173],[-110.275,54.4254],[-110.24,54.4271],[-110.22,54.4223],[-110.17,54.4446],[-110.09,54.4938],[-110.015,54.5263],[-109.945,54.5419],[-109.9,54.5417],[-109.88,54.5255],[-109.8522,54.5154],[-109.8166,54.5114],[-109.7973,54.5007],[-109.7943,54.4833],[-109.7811,54.463],[-109.7576,54.4397],[-109.7419,54.4191],[-109.734,54.4012],[-109.7472,54.3837],[-109.7816,54.3667],[-109.797,54.3436],[-109.7935,54.3145],[-109.8012,54.2976],[-109.8204,54.2929],[-109.8443,54.2988],[-109.8728,54.3151],[-109.8978,54.3223],[-109.9193,54.3205],[-109.9525,54.303],[-109.9976,54.2698],[-110.0676,54.2437],[-110.1625,54.2247],[-110.2188,54.2188],[-110.2365,54.2261],[-110.2389,54.2327],[-110.2261,54.2386],[-110.2151,54.2532],[-110.206,54.2765],[-110.2186,54.292],[-110.2529,54.2996],[-110.2798,54.2996],[-110.2994,54.292],[-110.2966,54.2765],[-110.2714,54.2532],[-110.2613,54.2356],[-110.2661,54.224],[-110.2739,54.2162],[-110.2846,54.2125],[-110.32,54.2151],[-110.38,54.224],[-110.4045,54.2405],[-110.3935,54.2645],[-110.3999,54.2853],[-110.4238,54.3028],[-110.4333,54.3203],[-110.4284,54.3378],[-110.4398,54.3553],[-110.4676,54.3728],[-110.4786,54.4004],[-110.4729,54.4381],[-110.4901,54.4613],[-110.5304,54.4702],[-110.5559,54.492],[-110.5666,54.5269],[-110.5628,54.553]],[[-110.4756,54.733],[-110.4719,54.74],[-110.4599,54.7429],[-110.4398,54.7417],[-110.4348,54.736],[-110.4449,54.7259],[-110.4569,54.723],[-110.4706,54.7273],[-110.4756,54.733]],[[-110.2675,54.6168],[-110.2558,54.6227],[-110.2457,54.6227],[-110.2372,54.6168],[-110.2372,54.6104],[-110.2457,54.6037],[-110.2558,54.6037],[-110.2675,54.6104],[-110.2675,54.6168]]]}},{"type":"Feature","properties":{"c":"#00ff00","v0":0.002,"v1":0.003},"geometry":{"type":"Polygon","coordinates":[[[-110.1112,54.7485],[-110.0971,54.7633],[-110.065,54.7664],[-110.015,54.7577],[-109.9876,54.7474],[-109.9828,54.7355],[-109.9978,54.7227],[-110.0326,54.709],[-110.06,54.7046],[-110.08,54.7096],[-110.0971,54.7193],[-110.1112,54.7338],[-110.1112,54.7485]],[[-110.1033,54.7463],[-110.0944,54.7567],[-110.07,54.7601],[-110.03,54.7565],[-110.0049,54.7513],[-109.9947,54.7445],[-109.9947,54.7351],[-110.0049,54.7233],[-110.02,54.7161],[-110.04,54.7135],[-110.06,54.7143],[-110.08,54.7185],[-110.0944,54.7257],[-110.1033,54.7359],[-110.1033,54.7463]]]}},{"type":"Feature","properties":{"c":"#00ff00","v0":0.002,"v1":0.003},"geometry":{"type":"Polygon","coordinates":[[[-110.8441,54.4703],[-110.8214,54.4849],[-110.7974,54.4907],[-110.7723,54.4877],[-110.7605,54.4775],[-110.7618,54.4601],[-110.7694,54.4475],[-110.7831,54.4398],[-110.8,54.4363],[-110.82,54.4368],[-110.8364,54.4436],[-110.8491,54.4565],[-110.8441,54.4703]],[[-110.8374,54.4688],[-110.8191,54.4804],[-110.7994,54.4833],[-110.7783,54.4775],[-110.7733,54.4664],[-110.7844,54.4499],[-110.8,54.442],[-110.82,54.4427],[-110.8341,54.4481],[-110.8424,54.458],[-110.8374,54.4688]]]}},{"type":"Feature","properties":{"c":"#00ff00","v0":0.002,"v1":0.003},"geometry":{"type":"Polygon","coordinates":[[[-110.9866,54.3749],[-110.9355,54.385],[-110.9,54.385],[-110.88,54.3749],[-110.875,54.3668],[-110.885,54.3607],[-110.9,54.3595],[-110.92,54.3631],[-110.94,54.36],[-110.96,54.3501],[-110.9805,54.3514],[-111.0016,54.3637],[-110.9866,54.3749]],[[-110.9926,54.3715],[-110.9775,54.3747],[-110.9669,54.3718],[-110.9607,54.3627],[-110.9657,54.3567],[-110.9819,54.3538],[-110.9925,54.3567],[-110.9976,54.3655],[-110.9926,54.3715]]]}},{"type":"Feature","properties":{"c":"#00ff00","v0":0.002,"v1":0.003},"geometry":{"type":"Polygon","coordinates":[[[-111.1459,54.2557],[-111.1353,54.2607],[-111.1238,54.2577],[-111.1113,54.2469],[-111.1113,54.2396],[-111.1238,54.2357],[-111.1353,54.2387],[-111.1459,54.2483],[-111.1459,54.2557]]]}},{"type":"Feature","properties":{"c":"#00ff00","v0":0.002,"v1":0.003},"geometry":{"type":"Polygon","coordinates":[[[-109.6204,54.2473],[-109.6001,54.259],[-109.5812,54.259],[-109.5637,54.2473],[-109.5637,54.2341],[-109.5812,54.2195],[-109.5974,54.2136],[-109.6123,54.2166],[-109.6224,54.224],[-109.6278,54.2356],[-109.6204,54.2473]],[[-109.6118,54.2453],[-109.5973,54.2529],[-109.5849,54.25],[-109.5747,54.2365],[-109.5797,54.228],[-109.5999,54.2244],[-109.6123,54.2273],[-109.6168,54.2368],[-109.6118,54.2453]]]}},{"type":"Feature","properties":{"c":"#00ff00","v0":0.002,"v1":0.003},"geometry":{"type":"Polygon","coordinates":[[[-109.3295,54.2456],[-109.3165,54.2538],[-109.3021,54.2538],[-109.2864,54.2456],[-109.2864,54.2372],[-109.3021,54.2286],[-109.3165,54.2286],[-109.3295,54.2372],[-109.3295,54.2456]]]}},{"type":"Feature","properties":{"c":"#00ff00","v0":0.002,"v1":0.003},"geometry":{"type":"Polygon","coordinates":[[[-110.3299,54.0463],[-110.3166,54.0543],[-110.31,54.0537],[-110.31,54.0446],[-110.3166,54.0406],[-110.3299,54.0417],[-110.3299,54.0463]]]}},{"type":"Feature","properties":{"c":"#00ff00","v0":0.002,"v1":0.003},"geometry":{"type":"Polygon","coordinates":[[[-109.5659,54.0335],[-109.5553,54.0394],[-109.547,54.0394],[-109.5411,54.0335],[-109.5465,54.0306],[-109.563,54.0306],[-109.5659,54.0335]]]}},{"type":"Feature","properties":{"c":"#00ff00","v0":0.002,"v1":0.003},"geometry":{"type":"Polygon","coordinates":[[[-123.4483,53.8587],[-123.4361,53.8682],[-123.4212,53.8682],[-123.4037,53.8587],[-123.4037,53.8507],[-123.4212,53.8443],[-123.4361,53.8443],[-123.4483,53.8507],[-123.4483,53.8587]]]}},{"type":"Feature","properties":{"c":"#00ff00","v0":0.002,"v1":0.003},"geometry":{"type":"Polygon","coordinates":[[[-114.8083,53.7614],[-114.7961,53.7653],[-114.7854,53.7624],[-114.7763,53.7526],[-114.7763,53.7457],[-114.7854,53.7418],[-114.7961,53.7448],[-114.8083,53.7546],[-114.8083,53.7614]]]}},{"type":"Feature","properties":{"c":"#00ff00","v0":0.002,"v1":0.003},"geometry":{"type":"Polygon","coordinates":[[[-114.1348,53.7153],[-114.1183,53.7215],[-114.11,53.7178],[-114.11,53.7041],[-114.1183,53.701],[-114.1348,53.7084],[-114.1348,53.7153]]]}},{"type":"Feature","properties":{"c":"#00ff00","v0":0.002,"v1":0.003},"geometry":{"type":"Polygon","coordinates":[[[-113.9865,53.7037],[-113.9622,53.7105],[-113.9435,53.7105],[-113.9305,53.7037],[-113.9355,53.6975],[-113.9585,53.6917],[-113.9772,53.6917],[-113.9915,53.6975],[-113.9865,53.7037]]]}},{"type":"Feature","properties":{"c":"#00ff00","v0":0.002,"v1":0.003},"geometry":{"type":"Polygon","coordinates":[[[-123.1705,53.6737],[-123.1574,53.6914],[-123.1406,53.6967],[-123.1202,53.6894],[-123.085,53.6898],[-123.035,53.6978],[-122.955,53.685],[-122.845,53.6513],[-122.7829,53.6213],[-122.7688,53.5949],[-122.7788,53.5615],[-122.8129,53.521],[-122.865,53.5047],[-122.935,53.5126],[-122.975,53.536],[-122.985,53.5748],[-122.9973,53.5941],[-123.0119,53.5938],[-123.0194,53.5817],[-123.0198,53.558],[-123.0325,53.5432],[-123.0575,53.5374],[-123.0754,53.5374],[-123.0861,53.5432],[-123.0886,53.5639],[-123.0828,53.5995],[-123.1042,53.6292],[-123.1528,53.6529],[-123.1705,53.6737]],[[-123.0946,53.6631],[-123.0649,53.6834],[-123.0304,53.6923],[-122.9911,53.6897],[-122.9331,53.6707],[-122.8564,53.6351],[-122.819,53.6025],[-122.8209,53.5728],[-122.8392,53.552],[-122.8739,53.5402],[-122.9059,53.5343],[-122.9353,53.5346],[-122.9562,53.5524],[-122.9685,53.5878],[-122.9935,53.6076],[-123.0312,53.6118],[-123.0649,53.6237],[-123.0946,53.6432],[-123.0946,53.6631]]]}},{"type":"Feature","properties":{"c":"#00ff00","v0":0.002,"v1":0.003},"geometry":{"type":"Polygon","coordinates":[[[-114.3999,53.5758],[-114.3922,53.5877],[-114.3688,53.5983],[-114.3296,53.6078],[-114.3154,53.6196],[-114.3262,53.6339],[-114.3269,53.644],[-114.3176,53.65],[-114.2972,53.6493],[-114.2657,53.6421],[-114.22,53.6401],[-114.16,53.6433],[-114.121,53.6558],[-114.1029,53.6776],[-114.0729,53.6893],[-114.031,53.691],[-114.0087,53.685],[-114.006,53.6715],[-113.996,53.6598],[-113.9787,53.6497],[-113.9436,53.6468],[-113.8907,53.6509],[-113.8626,53.647],[-113.8595,53.6351],[-113.8713,53.6233],[-113.8981,53.6114],[-113.91,53.5936],[-113.9068,53.5699],[-113.8912,53.552],[-113.8632,53.5402],[-113.8193,53.5321],[-113.7598,53.5278],[-113.7264,53.5159],[-113.7192,53.4964],[-113.7342,53.4732],[-113.7714,53.4464],[-113.7967,53.4345],[-113.8101,53.4375],[-113.8142,53.445],[-113.809,53.4569],[-113.8223,53.4737],[-113.8541,53.4953],[-113.895,53.5055],[-113.945,53.5044],[-113.985,53.4921],[-114.015,53.4687],[-114.0478,53.4585],[-114.0833,53.4614],[-114.1233,53.457],[-114.1678,53.4454],[-114.215,53.4501],[-114.265,53.4712],[-114.295,53.4899],[-114.305,53.5063],[-114.3269,53.5194],[-114.3606,53.5293],[-114.3841,53.5431],[-114.3972,53.561],[-114.3999,53.5758]],[[-114.3552,53.5847],[-114.2948,53.6144],[-114.221,53.6314],[-114.1337,53.6358],[-114.08,53.6464],[-114.06,53.6631],[-114.0253,53.6579],[-113.976,53.6309],[-113.9453,53.5936],[-113.9333,53.5461],[-113.9379,53.5234],[-113.9593,53.5255],[-113.975,53.5316],[-113.985,53.5418],[-113.9986,53.5408],[-114.0158,53.5285],[-114.0214,53.5134],[-114.0154,53.4956],[-114.0168,53.483],[-114.0256,53.4756],[-114.07,53.467],[-114.15,53.4573],[-114.2069,53.461],[-114.2407,53.4781],[-114.2657,53.4966],[-114.2819,53.5165],[-114.31,53.5315],[-114.35,53.5416],[-114.3738,53.5524],[-114.3815,53.564],[-114.3552,53.5847]],[[-113.8233,53.5155],[-113.7878,53.5257],[-113.7611,53.5287],[-113.7434,53.5244],[-113.7302,53.5164],[-113.7215,53.5045],[-113.7254,53.4915],[-113.7418,53.4775],[-113.76,53.4694],[-113.78,53.4672],[-113.8028,53.4772],[-113.8283,53.4994],[-113.8233,53.5155]]]}},{"type":"Feature","properties":{"c":"#00ff00","v0":0.002,"v1":0.003},"geometry":{"type":"Polygon","coordinates":[[[-123.3063,53.6696],[-123.2821,53.6793],[-123.2532,53.6793],[-123.2195,53.6696],[-123.2145,53.6567],[-123.2382,53.6405],[-123.2611,53.6346],[-123.2834,53.6389],[-123.3005,53.647],[-123.3124,53.6589],[-123.3063,53.6696]]]}},{"type":"Feature","properties":{"c":"#00ff00","v0":0.002,"v1":0.003},"geometry":{"type":"Polygon","coordinates":[[[-113.5798,53.4221],[-113.5599,53.436],[-113.5381,53.436],[-113.5142,53.4221],[-113.5142,53.4087],[-113.5381,53.3958],[-113.5599,53.3958],[-113.5798,53.4087],[-113.5798,53.4221]],[[-113.5733,53.4206],[-113.5578,53.4315],[-113.5406,53.4315],[-113.5217,53.4206],[-113.5217,53.4102],[-113.5406,53.4003],[-113.5578,53.4003],[-113.5733,53.4102],[-113.5733,53.4206]]]}},{"type":"Feature","properties":{"c":"#00ff00","v0":0.002,"v1":0.003},"geometry":{"type":"Polygon","coordinates":[[[-122.9302,53.4053],[-122.9167,53.4093],[-122.91,53.4037],[-122.91,53.3883],[-122.915,53.3806],[-122.925,53.3806],[-122.9317,53.3862],[-122.9352,53.3976],[-122.9302,53.4053]]]}},{"type":"Feature","properties":{"c":"#00ff00","v0":0.002,"v1":0.003},"geometry":{"type":"Polygon","coordinates":[[[-113.5329,53.3496],[-113.525,53.3615],[-113.5133,53.369],[-113.4978,53.372],[-113.4811,53.366],[-113.4632,53.3511],[-113.4632,53.3371],[-113.4811,53.324],[-113.5017,53.324],[-113.5251,53.3371],[-113.5329,53.3496]],[[-113.5175,53.3491],[-113.4992,53.3602],[-113.4835,53.3602],[-113.4706,53.3491],[-113.4706,53.3386],[-113.4835,53.3288],[-113.4992,53.3288],[-113.5175,53.3386],[-113.5175,53.3491]]]}},{"type":"Feature","properties":{"c":"#00ff00","v0":0.002,"v1":0.003},"geometry":{"type":"Polygon","coordinates":[[[-107.3293,52.8793],[-107.3164,52.8871],[-107.31,52.8853],[-107.31,52.8738],[-107.3164,52.8698],[-107.3293,52.8735],[-107.3293,52.8793]]]}},{"type":"Feature","properties":{"c":"#00ff00","v0":0.002,"v1":0.003},"geometry":{"type":"Polygon","coordinates":[[[-107.8617,52.6626],[-107.8539,52.6729],[-107.84,52.6785],[-107.82,52.6794],[-107.785,52.6675],[-107.735,52.6427],[-107.6892,52.628],[-107.6476,52.6234],[-107.6248,52.6332],[-107.6209,52.6575],[-107.6517,52.6732],[-107.7172,52.6804],[-107.7609,52.6926],[-107.7828,52.7096],[-107.7907,52.7242],[-107.7845,52.7363],[-107.7586,52.754],[-107.7129,52.7772],[-107.6655,52.7833],[-107.6165,52.7721],[-107.5924,52.7817],[-107.5933,52.8119],[-107.5878,52.8293],[-107.5759,52.834],[-107.55,52.8287],[-107.51,52.8133],[-107.48,52.8113],[-107.46,52.8227],[-107.435,52.8289],[-107.405,52.8299],[-107.38,52.8156],[-107.36,52.7857],[-107.335,52.7774],[-107.305,52.7904],[-107.2772,52.7954],[-107.2517,52.7923],[-107.2398,52.7665],[-107.2416,52.7181],[-107.2249,52.6787],[-107.1897,52.6484],[-107.1696,52.618],[-107.1646,52.5877],[-107.1463,52.5664],[-107.1146,52.5542],[-107.0916,52.5395],[-107.0772,52.5223],[-107.06,52.5161],[-107.04,52.5208],[-107.0292,52.5172],[-107.0277,52.5054],[-107.0327,52.4945],[-107.0442,52.4845],[-107.06,52.4854],[-107.08,52.4971],[-107.115,52.5039],[-107.165,52.5058],[-107.2,52.4979],[-107.22,52.4804],[-107.255,52.472],[-107.305,52.4727],[-107.3411,52.4614],[-107.3632,52.438],[-107.3668,52.4142],[-107.3518,52.3898],[-107.3557,52.373],[-107.3786,52.364],[-107.3952,52.361],[-107.4055,52.3639],[-107.4155,52.3788],[-107.4252,52.4057],[-107.45,52.4153],[-107.49,52.4076],[-107.515,52.4062],[-107.525,52.4113],[-107.5383,52.4322],[-107.555,52.4689],[-107.585,52.4866],[-107.6283,52.4853],[-107.6787,52.4914],[-107.736,52.5049],[-107.7797,52.5269],[-107.8097,52.5573],[-107.8349,52.5937],[-107.8554,52.6362],[-107.8617,52.6626]],[[-107.1572,52.5388],[-107.1391,52.5443],[-107.1242,52.5412],[-107.1127,52.5296],[-107.1127,52.5212],[-107.1242,52.5161],[-107.1391,52.5191],[-107.1572,52.5304],[-107.1572,52.5388]],[[-107.8435,52.6613],[-107.8212,52.6688],[-107.785,52.6596],[-107.735,52.6337],[-107.69,52.6183],[-107.65,52.6134],[-107.6229,52.6135],[-107.6086,52.6185],[-107.5958,52.6302],[-107.5845,52.6484],[-107.5816,52.6657],[-107.5872,52.6822],[-107.625,52.6893],[-107.695,52.6872],[-107.744,52.6941],[-107.7719,52.7101],[-107.782,52.7242],[-107.7742,52.7363],[-107.7503,52.7522],[-107.7101,52.7718],[-107.6326,52.7537],[-107.5178,52.6977],[-107.4807,52.6514],[-107.5214,52.615],[-107.5388,52.5922],[-107.5329,52.5831],[-107.51,52.5923],[-107.47,52.6199],[-107.41,52.647],[-107.33,52.6734],[-107.291,52.6672],[-107.2929,52.6284],[-107.2798,52.5998],[-107.2516,52.5816],[-107.2356,52.5541],[-107.2319,52.5172],[-107.25,52.4977],[-107.29,52.4955],[-107.34,52.4822],[-107.4,52.4578],[-107.44,52.4468],[-107.46,52.4495],[-107.495,52.4667],[-107.545,52.4983],[-107.59,52.5094],[-107.63,52.5001],[-107.675,52.501],[-107.725,52.5122],[-107.7634,52.5284],[-107.7901,52.5497],[-107.8163,52.5846],[-107.8419,52.6332],[-107.8435,52.6613]]]}},{"type":"Feature","properties":{"c":"#00ff00","v0":0.002,"v1":0.003},"geometry":{"type":"Polygon","coordinates":[[[-108.1066,52.6726],[-108.1047,52.6787],[-108.0903,52.6823],[-108.0634,52.6833],[-108.0392,52.6772],[-108.0176,52.6641],[-108.0176,52.6519],[-108.0392,52.6408],[-108.0644,52.6439],[-108.0932,52.661],[-108.1066,52.6726]],[[-108.068,52.6705],[-108.0427,52.6724],[-108.0291,52.6663],[-108.0274,52.6523],[-108.035,52.6453],[-108.0518,52.6453],[-108.0653,52.6514],[-108.0755,52.6635],[-108.068,52.6705]]]}},{"type":"Feature","properties":{"c":"#00ff00","v0":0.002,"v1":0.003},"geometry":{"type":"Polygon","coordinates":[[[-108.1609,52.5516],[-108.1536,52.5586],[-108.125,52.5662],[-108.075,52.5745],[-108.035,52.5695],[-108.005,52.5511],[-107.975,52.5417],[-107.945,52.5414],[-107.9274,52.5338],[-107.9221,52.519],[-107.9271,52.505],[-107.9424,52.4918],[-107.965,52.4968],[-107.995,52.5198],[-108.025,52.5273],[-108.055,52.5192],[-108.09,52.5188],[-108.13,52.5262],[-108.1536,52.5344],[-108.1609,52.5436],[-108.1609,52.5516]],[[-108.13,52.555],[-108.09,52.5686],[-108.0572,52.5686],[-108.0315,52.555],[-108.0265,52.5413],[-108.0422,52.5276],[-108.075,52.5276],[-108.125,52.5413],[-108.13,52.555]],[[-107.9731,52.5277],[-107.9577,52.5354],[-107.9448,52.5354],[-107.9345,52.5277],[-107.9345,52.518],[-107.9448,52.5062],[-107.9577,52.5062],[-107.9731,52.518],[-107.9731,52.5277]]]}},{"type":"Feature","properties":{"c":"#00ff00","v0":0.002,"v1":0.003},"geometry":{"type":"Polygon","coordinates":[[[-108.2603,52.5603],[-108.2433,52.5603],[-108.2386,52.5568],[-108.2462,52.5498],[-108.2547,52.5498],[-108.2641,52.5568],[-108.2603,52.5603]]]}},{"type":"Feature","properties":{"c":"#00ff00","v0":0.002,"v1":0.003},"geometry":{"type":"Polygon","coordinates":[[[-106.8627,52.4558],[-106.8542,52.4658],[-106.8434,52.4688],[-106.8301,52.4649],[-106.8251,52.4573],[-106.8284,52.4459],[-106.8392,52.4429],[-106.8577,52.4481],[-106.8627,52.4558]]]}},{"type":"Feature","properties":{"c":"#00ff00","v0":0.002,"v1":0.003},"geometry":{"type":"Polygon","coordinates":[[[-107.027,52.3364],[-107.0023,52.3519],[-106.9786,52.355],[-106.9559,52.3456],[-106.9609,52.3333],[-106.9936,52.3182],[-107.0173,52.3152],[-107.032,52.3242],[-107.027,52.3364]],[[-107.0096,52.3343],[-106.9965,52.3454],[-106.9825,52.3485],[-106.9676,52.3434],[-106.9676,52.3365],[-106.9825,52.3276],[-106.9965,52.3246],[-107.0096,52.3273],[-107.0096,52.3343]]]}},{"type":"Feature","properties":{"c":"#00ff00","v0":0.002,"v1":0.003},"geometry":{"type":"Polygon","coordinates":[[[-111.9475,51.9943],[-111.9263,52.0128],[-111.9214,52.0343],[-111.9327,52.0589],[-111.9263,52.0776],[-111.9021,52.0902],[-111.865,52.0975],[-111.815,52.0994],[-111.77,52.114],[-111.73,52.1414],[-111.6876,52.1464],[-111.6429,52.1291],[-111.6166,52.1112],[-111.6088,52.0927],[-111.6111,52.0781],[-111.6237,52.0674],[-111.684,52.0582],[-111.792,52.0505],[-111.847,52.0359],[-111.849,52.0143],[-111.86,51.9957],[-111.88,51.98],[-111.9,51.9687],[-111.92,51.9618],[-111.937,51.965],[-111.951,51.9784],[-111.9475,51.9943]],[[-111.8071,52.0754],[-111.7824,52.0837],[-111.7641,52.0991],[-111.7523,52.1215],[-111.7373,52.1369],[-111.7191,52.1454],[-111.695,52.1458],[-111.665,52.138],[-111.6405,52.1246],[-111.6216,52.1054],[-111.6216,52.0873],[-111.6405,52.0702],[-111.6924,52.0641],[-111.7771,52.0688],[-111.8071,52.0754]]]}},{"type":"Feature","properties":{"c":"#00ff00","v0":0.002,"v1":0.003},"geometry":{"type":"Polygon","coordinates":[[[-106.5195,52.1478],[-106.5132,52.1535],[-106.5058,52.1505],[-106.4973,52.1386],[-106.4973,52.1316],[-106.5058,52.1295],[-106.5132,52.1325],[-106.5195,52.1408],[-106.5195,52.1478]]]}},{"type":"Feature","properties":{"c":"#00ff00","v0":0.002,"v1":0.003},"geometry":{"type":"Polygon","coordinates":[[[-107.1959,52.1131],[-107.1786,52.1232],[-107.1634,52.1262],[-107.1501,52.1223],[-107.1413,52.1142],[-107.1372,52.102],[-107.1438,52.0934],[-107.1613,52.0884],[-107.1786,52.0915],[-107.1959,52.1026],[-107.1959,52.1131]],[[-107.1859,52.111],[-107.1753,52.1168],[-107.1644,52.1168],[-107.1531,52.111],[-107.1531,52.1046],[-107.1644,52.0977],[-107.1753,52.0977],[-107.1859,52.1046],[-107.1859,52.111]]]}},{"type":"Feature","properties":{"c":"#00ff00","v0":0.002,"v1":0.003},"geometry":{"type":"Polygon","coordinates":[[[-111.5568,52.0264],[-111.5389,52.0351],[-111.5234,52.0351],[-111.5101,52.0264],[-111.5101,52.0167],[-111.5234,52.0061],[-111.5389,52.0061],[-111.5568,52.0167],[-111.5568,52.0264]]]}},{"type":"Feature","properties":{"c":"#00ff00","v0":0.002,"v1":0.003},"geometry":{"type":"Polygon","coordinates":[[[-113.4437,51.9163],[-113.4346,51.9267],[-113.42,51.9335],[-113.4,51.9367],[-113.3784,51.9345],[-113.3552,51.9272],[-113.3393,51.9173],[-113.3308,51.9049],[-113.3324,51.8932],[-113.3441,51.8821],[-113.36,51.8761],[-113.38,51.8752],[-113.4001,51.8777],[-113.4202,51.8835],[-113.4347,51.8926],[-113.4437,51.9049],[-113.4437,51.9163]],[[-113.427,51.9164],[-113.4023,51.927],[-113.3765,51.9239],[-113.3496,51.9072],[-113.3496,51.894],[-113.3765,51.8844],[-113.4023,51.8875],[-113.427,51.9032],[-113.427,51.9164]]]}},{"type":"Feature","properties":{"c":"#00ff00","v0":0.002,"v1":0.003},"geometry":{"type":"Polygon","coordinates":[[[-111.4927,51.8776],[-111.4909,51.8845],[-111.465,51.8967],[-111.415,51.914],[-111.3776,51.9198],[-111.3527,51.914],[-111.3477,51.9018],[-111.3626,51.8831],[-111.4009,51.8739],[-111.4627,51.874],[-111.4927,51.8776]],[[-111.4056,51.8908],[-111.3952,51.8995],[-111.3857,51.9026],[-111.377,51.9001],[-111.3822,51.8957],[-111.4012,51.8895],[-111.4056,51.8908]]]}},{"type":"Feature","properties":{"c":"#00ff00","v0":0.002,"v1":0.003},"geometry":{"type":"Polygon","coordinates":[[[-111.3192,51.9166],[-111.2997,51.9275],[-111.2769,51.9275],[-111.2507,51.9166],[-111.2457,51.9062],[-111.2619,51.8963],[-111.2847,51.8963],[-111.3142,51.9062],[-111.3192,51.9166]],[[-111.2929,51.9136],[-111.2776,51.9186],[-111.2668,51.9186],[-111.2604,51.9136],[-111.268,51.9111],[-111.2897,51.9111],[-111.2929,51.9136]]]}},{"type":"Feature","properties":{"c":"#00ff00","v0":0.002,"v1":0.003},"geometry":{"type":"Polygon","coordinates":[[[-105.6426,51.8032],[-105.6342,51.8096],[-105.6242,51.8096],[-105.6126,51.8032],[-105.6126,51.7963],[-105.6242,51.789],[-105.6342,51.789],[-105.6426,51.7963],[-105.6426,51.8032]]]}},{"type":"Feature","properties":{"c":"#00ff00","v0":0.002,"v1":0.003},"geometry":{"type":"Polygon","coordinates":[[[-112.199,51.7783],[-112.1596,51.7845],[-112.1513,51.7814],[-112.1741,51.769],[-112.1938,51.7659],[-112.2104,51.7721],[-112.199,51.7783]]]}},{"type":"Feature","properties":{"c":"#00ff00","v0":0.002,"v1":0.003},"geometry":{"type":"Polygon","coordinates":[[[-113.0083,51.7579],[-112.9828,51.7729],[-112.9544,51.776],[-112.9231,51.7672],[-112.9231,51.7567],[-112.9544,51.7446],[-112.9828,51.7415],[-113.0083,51.7474],[-113.0083,51.7579]],[[-112.9757,51.7628],[-112.947,51.7628],[-112.942,51.7593],[-112.9607,51.7522],[-112.975,51.7522],[-112.9851,51.7593],[-112.9757,51.7628]]]}},{"type":"Feature","properties":{"c":"#00ff00","v0":0.002,"v1":0.003},"geometry":{"type":"Polygon","coordinates":[[[-111.5222,51.7425],[-111.5141,51.7514],[-111.5,51.7559],[-111.48,51.756],[-111.4671,51.7453],[-111.4614,51.724],[-111.4714,51.7118],[-111.4971,51.7088],[-111.5141,51.715],[-111.5222,51.7304],[-111.5222,51.7425]],[[-111.5081,51.7415],[-111.496,51.7483],[-111.485,51.7499],[-111.475,51.746],[-111.47,51.7376],[-111.47,51.7244],[-111.4768,51.7167],[-111.4905,51.7144],[-111.5016,51.7195],[-111.5099,51.7318],[-111.5081,51.7415]]]}},{"type":"Feature","properties":{"c":"#00ff00","v0":0.002,"v1":0.003},"geometry":{"type":"Polygon","coordinates":[[[-113.2541,51.7046],[-113.238,51.712],[-113.2269,51.712],[-113.2208,51.7046],[-113.2208,51.6972],[-113.2269,51.6897],[-113.238,51.6897],[-113.2541,51.6972],[-113.2541,51.7046]]]}},{"type":"Feature","properties":{"c":"#00ff00","v0":0.002,"v1":0.003},"geometry":{"type":"Polygon","coordinates":[[[-106.3949,51.6681],[-106.3916,51.6771],[-106.38,51.6833],[-106.36,51.6867],[-106.35,51.6819],[-106.35,51.6687],[-106.355,51.6595],[-106.365,51.6543],[-106.3766,51.6547],[-106.3899,51.6607],[-106.3949,51.6681]]]}},{"type":"Feature","properties":{"c":"#00ff00","v0":0.002,"v1":0.003},"geometry":{"type":"Polygon","coordinates":[[[-113.4907,51.6583],[-113.4769,51.6723],[-113.4561,51.6785],[-113.4282,51.6769],[-113.4082,51.6665],[-113.3961,51.6474],[-113.38,51.636],[-113.36,51.6323],[-113.3232,51.6139],[-113.2697,51.5808],[-113.2414,51.555],[-113.2383,51.5363],[-113.25,51.5251],[-113.2767,51.5214],[-113.3,51.5289],[-113.32,51.5476],[-113.35,51.5601],[-113.39,51.5665],[-113.415,51.5809],[-113.425,51.6034],[-113.4469,51.6238],[-113.4807,51.6421],[-113.4907,51.6583]],[[-113.4788,51.6581],[-113.4596,51.6718],[-113.4384,51.6718],[-113.4153,51.6581],[-113.4153,51.6453],[-113.4384,51.6332],[-113.4596,51.6332],[-113.4788,51.6453],[-113.4788,51.6581]],[[-113.4206,51.6061],[-113.4135,51.6152],[-113.4,51.6208],[-113.38,51.6232],[-113.34,51.6083],[-113.28,51.576],[-113.25,51.5518],[-113.25,51.5355],[-113.26,51.5273],[-113.28,51.5272],[-113.2976,51.5364],[-113.3129,51.555],[-113.3422,51.5674],[-113.3854,51.5736],[-113.4113,51.5829],[-113.4198,51.5954],[-113.4206,51.6061]]]}},{"type":"Feature","properties":{"c":"#00ff00","v0":0.002,"v1":0.003},"geometry":{"type":"Polygon","coordinates":[[[-112.5686,51.6589],[-112.5162,51.6742],[-112.45,51.6805],[-112.37,51.6779],[-112.328,51.6734],[-112.324,51.6669],[-112.344,51.6571],[-112.388,51.644],[-112.4542,51.6378],[-112.5427,51.6385],[-112.5889,51.6419],[-112.5928,51.6482],[-112.5686,51.6589]],[[-112.5227,51.6568],[-112.5009,51.6678],[-112.4641,51.6709],[-112.4124,51.6661],[-112.3924,51.6602],[-112.4041,51.6533],[-112.4409,51.6502],[-112.5027,51.6509],[-112.5227,51.6568]]]}},{"type":"Feature","properties":{"c":"#00ff00","v0":0.002,"v1":0.003},"geometry":{"type":"Polygon","coordinates":[[[-106.6739,51.6538],[-106.658,51.6588],[-106.6442,51.6557],[-106.6326,51.6445],[-106.6376,51.6369],[-106.6592,51.633],[-106.673,51.6361],[-106.6789,51.6462],[-106.6739,51.6538]]]}},{"type":"Feature","properties":{"c":"#00ff00","v0":0.002,"v1":0.003},"geometry":{"type":"Polygon","coordinates":[[[-104.5282,51.6526],[-104.5161,51.6553],[-104.5078,51.6522],[-104.5035,51.6433],[-104.5095,51.6419],[-104.526,51.6482],[-104.5282,51.6526]]]}},{"type":"Feature","properties":{"c":"#00ff00","v0":0.002,"v1":0.003},"geometry":{"type":"Polygon","coordinates":[[[-113.0878,51.5723],[-113.0759,51.5882],[-113.0422,51.5944],[-112.9865,51.5909],[-112.9665,51.5805],[-112.9822,51.5631],[-113.01,51.5533],[-113.05,51.5511],[-113.0759,51.5536],[-113.0878,51.5607],[-113.0878,51.5723]],[[-113.0726,51.5795],[-113.0575,51.5851],[-113.0445,51.5851],[-113.0334,51.5795],[-113.0334,51.5723],[-113.0445,51.5635],[-113.0575,51.5635],[-113.0726,51.5723],[-113.0726,51.5795]]]}},{"type":"Feature","properties":{"c":"#00ff00","v0":0.002,"v1":0.003},"geometry":{"type":"Polygon","coordinates":[[[-113.9008,51.3587],[-113.8332,51.3961],[-113.7961,51.4367],[-113.7894,51.4803],[-113.7671,51.5035],[-113.729,51.5063],[-113.695,51.5169],[-113.665,51.5351],[-113.6362,51.5337],[-113.6086,51.5126],[-113.5959,51.4896],[-113.5979,51.4647],[-113.61,51.446],[-113.6321,51.4336],[-113.6417,51.4242],[-113.6386,51.418],[-113.6053,51.4273],[-113.5418,51.4522],[-113.5,51.4618],[-113.48,51.4562],[-113.455,51.4406],[-113.425,51.4151],[-113.375,51.4062],[-113.305,51.4139],[-113.255,51.4102],[-113.225,51.395],[-113.195,51.3883],[-113.165,51.3901],[-113.14,51.3811],[-113.12,51.3614],[-113.07,51.3565],[-112.99,51.3664],[-112.934,51.3636],[-112.902,51.3478],[-112.8822,51.3337],[-112.8746,51.3212],[-112.9123,51.3056],[-112.9952,51.2868],[-113.0543,51.2524],[-113.0896,51.2023],[-113.1061,51.1678],[-113.104,51.149],[-113.1197,51.1386],[-113.1532,51.1367],[-113.185,51.1293],[-113.215,51.1164],[-113.24,51.0891],[-113.26,51.0473],[-113.3,51.0056],[-113.36,50.9638],[-113.4,50.9414],[-113.42,50.9383],[-113.4399,50.9435],[-113.4596,50.9569],[-113.4581,50.9699],[-113.4353,50.9825],[-113.4292,50.995],[-113.4399,51.0076],[-113.4414,51.0249],[-113.4338,51.0469],[-113.435,51.059],[-113.445,51.0611],[-113.4582,51.0501],[-113.4747,51.026],[-113.4897,51.0141],[-113.5032,51.0145],[-113.5269,51.024],[-113.5608,51.0424],[-113.5642,51.0611],[-113.537,51.0799],[-113.5301,51.1033],[-113.5434,51.1313],[-113.597,51.1501],[-113.6911,51.1598],[-113.7361,51.1689],[-113.732,51.1773],[-113.705,51.1787],[-113.655,51.1731],[-113.6248,51.1752],[-113.6143,51.1849],[-113.6235,51.1992],[-113.6521,51.218],[-113.6723,51.2555],[-113.6841,51.3119],[-113.695,51.3431],[-113.705,51.3494],[-113.725,51.3453],[-113.755,51.3309],[-113.785,51.3259],[-113.815,51.3303],[-113.845,51.3296],[-113.875,51.3236],[-113.9012,51.3255],[-113.9235,51.3351],[-113.9008,51.3587]],[[-113.7843,51.3993],[-113.772,51.418],[-113.771,51.4398],[-113.7813,51.4647],[-113.7829,51.4834],[-113.7757,51.4959],[-113.7566,51.5014],[-113.7255,51.5],[-113.69,51.5067],[-113.65,51.5213],[-113.6246,51.5251],[-113.6138,51.5181],[-113.6087,51.5021],[-113.6094,51.4772],[-113.622,51.4585],[-113.6465,51.446],[-113.6638,51.4273],[-113.6738,51.4024],[-113.7016,51.3856],[-113.7472,51.3769],[-113.7751,51.3769],[-113.7853,51.3856],[-113.7843,51.3993]],[[-113.6704,51.3243],[-113.6529,51.368],[-113.6106,51.4054],[-113.5435,51.4365],[-113.49,51.4346],[-113.45,51.3997],[-113.395,51.3895],[-113.325,51.4042],[-113.25,51.3938],[-113.17,51.3584],[-113.11,51.3412],[-113.07,51.342],[-113.03,51.3479],[-112.99,51.3588],[-112.9487,51.355],[-112.9061,51.3367],[-112.8911,51.322],[-112.9037,51.311],[-112.945,51.3035],[-113.015,51.2995],[-113.0589,51.2799],[-113.0766,51.2449],[-113.1102,51.2242],[-113.1595,51.218],[-113.2044,51.2023],[-113.2448,51.1772],[-113.2645,51.1521],[-113.2634,51.127],[-113.2747,51.1108],[-113.2982,51.1034],[-113.34,51.1139],[-113.4,51.1423],[-113.432,51.1679],[-113.436,51.1908],[-113.4293,51.2274],[-113.4119,51.2774],[-113.4099,51.3138],[-113.4233,51.3364],[-113.435,51.3481],[-113.445,51.349],[-113.4541,51.3439],[-113.4622,51.3329],[-113.4658,51.3181],[-113.4649,51.2993],[-113.4808,51.2891],[-113.5136,51.2875],[-113.55,51.2706],[-113.59,51.2386],[-113.62,51.226],[-113.64,51.2329],[-113.6573,51.2529],[-113.6719,51.2859],[-113.6704,51.3243]],[[-113.4269,50.9636],[-113.4094,50.9636],[-113.408,50.9601],[-113.4227,50.9532],[-113.4314,50.9532],[-113.4343,50.9601],[-113.4269,50.9636]],[[-113.5525,51.2479],[-113.5375,51.2639],[-113.51,51.2687],[-113.47,51.2621],[-113.4489,51.2478],[-113.4468,51.2258],[-113.4518,51.2059],[-113.4639,51.1881],[-113.485,51.1781],[-113.515,51.1761],[-113.5375,51.1913],[-113.5525,51.2237],[-113.5525,51.2479]],[[-113.4065,51.0799],[-113.3955,51.0862],[-113.38,51.0819],[-113.36,51.0672],[-113.3351,51.0578],[-113.3054,51.0537],[-113.3104,51.0364],[-113.3501,51.0059],[-113.38,50.9964],[-113.4,51.0081],[-113.4105,51.0296],[-113.4115,51.0611],[-113.4065,51.0799]],[[-113.4946,51.1295],[-113.4649,51.1343],[-113.4457,51.1249],[-113.437,51.1012],[-113.447,51.0869],[-113.4757,51.0818],[-113.4949,51.0912],[-113.5046,51.1151],[-113.4946,51.1295]]]}},{"type":"Feature","properties":{"c":"#00ff00","v0":0.002,"v1":0.003},"geometry":{"type":"Polygon","coordinates":[[[-113.0912,51.3936],[-113.0771,51.401],[-113.0646,51.401],[-113.0537,51.3936],[-113.0537,51.3861],[-113.0646,51.3786],[-113.0771,51.3786],[-113.0912,51.3861],[-113.0912,51.3936]]]}},{"type":"Feature","properties":{"c":"#00ff00","v0":0.002,"v1":0.003},"geometry":{"type":"Polygon","coordinates":[[[-113.3236,51.3423],[-113.3145,51.3471],[-113.3038,51.3471],[-113.2914,51.3423],[-113.2914,51.3354],[-113.3038,51.3262],[-113.3145,51.3262],[-113.3236,51.3354],[-113.3236,51.3423]]]}},{"type":"Feature","properties":{"c":"#00ff00","v0":0.002,"v1":0.003},"geometry":{"type":"Polygon","coordinates":[[[-109.3412,51.3318],[-109.3204,51.3406],[-109.3,51.3378],[-109.28,51.3235],[-109.2452,51.3098],[-109.1955,51.2965],[-109.1663,51.2837],[-109.1576,51.2712],[-109.1674,51.2623],[-109.1958,51.2571],[-109.23,51.2688],[-109.27,51.2977],[-109.3,51.3116],[-109.32,51.3106],[-109.3354,51.3144],[-109.3462,51.3231],[-109.3412,51.3318]],[[-109.232,51.2891],[-109.204,51.2875],[-109.1868,51.2812],[-109.1804,51.2703],[-109.1854,51.2644],[-109.2018,51.2633],[-109.219,51.2696],[-109.237,51.2831],[-109.232,51.2891]]]}},{"type":"Feature","properties":{"c":"#00ff00","v0":0.002,"v1":0.003},"geometry":{"type":"Polygon","coordinates":[[[-111.6194,51.2844],[-111.5998,51.2982],[-111.5781,51.2982],[-111.5543,51.2844],[-111.5543,51.2704],[-111.5781,51.2565],[-111.5998,51.2565],[-111.6194,51.2704],[-111.6194,51.2844]],[[-111.6127,51.2828],[-111.5976,51.2935],[-111.5808,51.2935],[-111.5623,51.2828],[-111.5623,51.272],[-111.5808,51.2613],[-111.5976,51.2613],[-111.6127,51.272],[-111.6127,51.2828]]]}},{"type":"Feature","properties":{"c":"#00ff00","v0":0.002,"v1":0.003},"geometry":{"type":"Polygon","coordinates":[[[-106.8041,51.2434],[-106.7814,51.2506],[-106.7661,51.2475],[-106.7583,51.2341],[-106.7633,51.2239],[-106.7811,51.217],[-106.7964,51.2201],[-106.8091,51.2333],[-106.8041,51.2434]],[[-106.7895,51.2399],[-106.7782,51.2399],[-106.7743,51.2367],[-106.7776,51.2305],[-106.7832,51.2305],[-106.7911,51.2367],[-106.7895,51.2399]]]}},{"type":"Feature","properties":{"c":"#00ff00","v0":0.002,"v1":0.003},"geometry":{"type":"Polygon","coordinates":[[[-115.2306,51.186],[-115.2169,51.2035],[-115.2,51.2133],[-115.18,51.2151],[-115.16,51.2146],[-115.14,51.2116],[-115.113,51.1988],[-115.0789,51.176],[-115.0521,51.149],[-115.0325,51.1176],[-115.0296,51.0887],[-115.0432,51.0622],[-115.07,51.0477],[-115.11,51.0452],[-115.135,51.0368],[-115.145,51.0223],[-115.1577,51.0148],[-115.173,51.0142],[-115.1742,51.0234],[-115.1611,51.0422],[-115.1551,51.0674],[-115.156,51.0988],[-115.1767,51.1302],[-115.2172,51.1615],[-115.2306,51.186]],[[-115.2219,51.1839],[-115.214,51.1971],[-115.195,51.205],[-115.165,51.2074],[-115.13,51.1966],[-115.09,51.1725],[-115.0606,51.1458],[-115.0419,51.1166],[-115.0419,51.0895],[-115.0606,51.0646],[-115.0879,51.0552],[-115.1236,51.0612],[-115.1399,51.0768],[-115.1368,51.1019],[-115.1579,51.1302],[-115.2032,51.1615],[-115.2219,51.1839]]]}},{"type":"Feature","properties":{"c":"#00ff00","v0":0.002,"v1":0.003},"geometry":{"type":"Polygon","coordinates":[[[-105.0556,51.217],[-105.0385,51.2214],[-105.0265,51.2183],[-105.0194,51.2076],[-105.0244,51.2001],[-105.0415,51.1957],[-105.0535,51.1988],[-105.0606,51.2095],[-105.0556,51.217]]]}},{"type":"Feature","properties":{"c":"#00ff00","v0":0.002,"v1":0.003},"geometry":{"type":"Polygon","coordinates":[[[-114.254,51.1898],[-114.2375,51.1898],[-114.2345,51.1866],[-114.2448,51.1803],[-114.2531,51.1803],[-114.2592,51.1866],[-114.254,51.1898]]]}},{"type":"Feature","properties":{"c":"#00ff00","v0":0.002,"v1":0.003},"geometry":{"type":"Polygon","coordinates":[[[-103.666,51.1804],[-103.6553,51.1867],[-103.645,51.1867],[-103.6349,51.1804],[-103.6349,51.1739],[-103.645,51.1672],[-103.6553,51.1672],[-103.666,51.1739],[-103.666,51.1804]]]}},{"type":"Feature","properties":{"c":"#00ff00","v0":0.002,"v1":0.003},"geometry":{"type":"Polygon","coordinates":[[[-105.9638,51.1699],[-105.9413,51.1802],[-105.9237,51.1802],[-105.9112,51.1699],[-105.9112,51.1583],[-105.9237,51.1456],[-105.9413,51.1456],[-105.9638,51.1583],[-105.9638,51.1699]],[[-105.9555,51.168],[-105.9385,51.1747],[-105.9276,51.1716],[-105.9227,51.1586],[-105.9277,51.1507],[-105.9426,51.1478],[-105.9535,51.1509],[-105.9605,51.1601],[-105.9555,51.168]]]}},{"type":"Feature","properties":{"c":"#00ff00","v0":0.002,"v1":0.003},"geometry":{"type":"Polygon","coordinates":[[[-113.0203,51.1561],[-113.0001,51.1641],[-112.975,51.1641],[-112.945,51.1561],[-112.94,51.1445],[-112.96,51.1291],[-112.9851,51.1291],[-113.0153,51.1445],[-113.0203,51.1561]]]}},{"type":"Feature","properties":{"c":"#00ff00","v0":0.002,"v1":0.003},"geometry":{"type":"Polygon","coordinates":[[[-115.3829,51.0485],[-115.356,51.0674],[-115.3444,51.0872],[-115.3481,51.1079],[-115.335,51.1258],[-115.305,51.1409],[-115.28,51.1484],[-115.26,51.1484],[-115.2475,51.1399],[-115.2424,51.123],[-115.2552,51.1051],[-115.2859,51.0862],[-115.296,51.0705],[-115.2856,51.0579],[-115.2856,51.0454],[-115.296,51.0328],[-115.3134,51.0232],[-115.3378,51.0167],[-115.3616,51.0198],[-115.3848,51.0327],[-115.3829,51.0485]],[[-115.3315,51.1116],[-115.3038,51.1309],[-115.2818,51.1403],[-115.2654,51.1398],[-115.2604,51.1295],[-115.2668,51.1092],[-115.285,51.0965],[-115.315,51.0916],[-115.3338,51.0923],[-115.3415,51.0987],[-115.3315,51.1116]],[[-115.3746,51.0448],[-115.3582,51.0562],[-115.3401,51.0593],[-115.3202,51.0542],[-115.3152,51.0442],[-115.3251,51.0293],[-115.3432,51.0261],[-115.3696,51.0348],[-115.3746,51.0448]]]}},{"type":"Feature","properties":{"c":"#00ff00","v0":0.002,"v1":0.003},"geometry":{"type":"Polygon","coordinates":[[[-118.4246,51.0911],[-118.4015,51.0946],[-118.3886,51.0915],[-118.3859,51.0817],[-118.3959,51.076],[-118.4186,51.0743],[-118.4315,51.0775],[-118.4346,51.0854],[-118.4246,51.0911]]]}},{"type":"Feature","properties":{"c":"#00ff00","v0":0.002,"v1":0.003},"geometry":{"type":"Polygon","coordinates":[[[-113.9844,51.0768],[-113.9672,51.0768],[-113.9614,51.0732],[-113.9671,51.066],[-113.9758,51.066],[-113.9873,51.0732],[-113.9844,51.0768]]]}},{"type":"Feature","properties":{"c":"#00ff00","v0":0.002,"v1":0.003},"geometry":{"type":"Polygon","coordinates":[[[-111.0569,51.068],[-111.0523,51.0755],[-111.0474,51.0755],[-111.0421,51.068],[-111.0421,51.0606],[-111.0474,51.0534],[-111.0523,51.0534],[-111.0569,51.0606],[-111.0569,51.068]]]}},{"type":"Feature","properties":{"c":"#00ff00","v0":0.002,"v1":0.003},"geometry":{"type":"Polygon","coordinates":[[[-119.4547,51.045],[-119.4382,51.0569],[-119.4213,51.0569],[-119.404,51.045],[-119.404,51.0331],[-119.4213,51.0213],[-119.4382,51.0213],[-119.4547,51.0331],[-119.4547,51.045]],[[-119.4419,51.0422],[-119.434,51.0486],[-119.4267,51.0486],[-119.4201,51.0422],[-119.424,51.0391],[-119.4386,51.0391],[-119.4419,51.0422]]]}},{"type":"Feature","properties":{"c":"#00ff00","v0":0.002,"v1":0.003},"geometry":{"type":"Polygon","coordinates":[[[-114.7987,51.0441],[-114.7929,51.0542],[-114.78,51.0573],[-114.7599,51.0535],[-114.7549,51.0462],[-114.765,51.0352],[-114.7779,51.032],[-114.7937,51.0367],[-114.7987,51.0441]]]}},{"type":"Feature","properties":{"c":"#00ff00","v0":0.002,"v1":0.003},"geometry":{"type":"Polygon","coordinates":[[[-114.9902,51.0074],[-114.9767,51.0195],[-114.9569,51.0258],[-114.9308,51.0263],[-114.9258,51.017],[-114.9419,50.998],[-114.96,50.9884],[-114.98,50.9883],[-114.9917,50.9916],[-114.9952,50.9981],[-114.9902,51.0074]]]}},{"type":"Feature","properties":{"c":"#00ff00","v0":0.002,"v1":0.003},"geometry":{"type":"Polygon","coordinates":[[[-115.4684,51.0057],[-115.4561,51.0143],[-115.4427,51.0143],[-115.428,51.0057],[-115.428,50.9972],[-115.4427,50.9889],[-115.4561,50.9889],[-115.4684,50.9972],[-115.4684,51.0057]]]}},{"type":"Feature","properties":{"c":"#00ff00","v0":0.002,"v1":0.003},"geometry":{"type":"Polygon","coordinates":[[[-119.4593,50.9835],[-119.4398,50.9981],[-119.4191,51.0012],[-119.3972,50.9929],[-119.3972,50.9806],[-119.4191,50.9643],[-119.4398,50.9612],[-119.4593,50.9712],[-119.4593,50.9835]],[[-119.4457,50.9796],[-119.4352,50.9865],[-119.4244,50.9865],[-119.4133,50.9796],[-119.4133,50.9737],[-119.4244,50.9689],[-119.4352,50.9689],[-119.4457,50.9737],[-119.4457,50.9796]]]}},{"type":"Feature","properties":{"c":"#00ff00","v0":0.002,"v1":0.003},"geometry":{"type":"Polygon","coordinates":[[[-114.0029,50.8974],[-113.9873,50.9163],[-113.9809,50.9321],[-113.9838,50.9447],[-113.9564,50.9639],[-113.8988,50.9899],[-113.8487,51.0025],[-113.8062,51.0017],[-113.7668,50.9919],[-113.7307,50.973],[-113.7092,50.951],[-113.7023,50.9258],[-113.7116,50.9114],[-113.7372,50.9079],[-113.765,50.8973],[-113.795,50.8797],[-113.85,50.8684],[-113.93,50.8634],[-113.9802,50.8677],[-114.0006,50.8812],[-114.0029,50.8974]],[[-113.9885,50.9037],[-113.9666,50.9352],[-113.9342,50.962],[-113.8914,50.984],[-113.845,50.9918],[-113.795,50.9852],[-113.7664,50.9678],[-113.7593,50.9398],[-113.7643,50.9161],[-113.7814,50.8968],[-113.835,50.8826],[-113.925,50.8735],[-113.9774,50.8737],[-113.9921,50.8832],[-113.9885,50.9037]]]}},{"type":"Feature","properties":{"c":"#00ff00","v0":0.002,"v1":0.003},"geometry":{"type":"Polygon","coordinates":[[[-105.2218,50.9846],[-105.2006,51.0014],[-105.1762,51.0045],[-105.1486,50.994],[-105.1326,50.9793],[-105.1283,50.9604],[-105.1371,50.9408],[-105.159,50.9206],[-105.1758,50.9111],[-105.1874,50.9125],[-105.203,50.9289],[-105.2226,50.9604],[-105.2218,50.9846]],[[-105.2102,50.9826],[-105.1967,50.9956],[-105.18,50.9998],[-105.16,50.9953],[-105.1458,50.9857],[-105.1375,50.9709],[-105.1375,50.957],[-105.1458,50.9438],[-105.155,50.9352],[-105.165,50.9312],[-105.1817,50.9409],[-105.2052,50.9644],[-105.2102,50.9826]]]}},{"type":"Feature","properties":{"c":"#00ff00","v0":0.002,"v1":0.003},"geometry":{"type":"Polygon","coordinates":[[[-113.6502,50.9447],[-113.6438,50.9573],[-113.633,50.9642],[-113.6177,50.9654],[-113.6031,50.956],[-113.5894,50.9358],[-113.5944,50.9248],[-113.6181,50.923],[-113.6358,50.9262],[-113.6475,50.9343],[-113.6502,50.9447]]]}},{"type":"Feature","properties":{"c":"#00ff00","v0":0.002,"v1":0.003},"geometry":{"type":"Polygon","coordinates":[[[-111.4009,50.953],[-111.3803,50.9572],[-111.3649,50.9509],[-111.3547,50.9341],[-111.3597,50.9257],[-111.3799,50.9255],[-111.3953,50.9318],[-111.4059,50.9446],[-111.4009,50.953]]]}},{"type":"Feature","properties":{"c":"#00ff00","v0":0.002,"v1":0.003},"geometry":{"type":"Polygon","coordinates":[[[-113.0434,50.9196],[-113.0211,50.9324],[-113.0005,50.9356],[-112.9816,50.929],[-112.97,50.9194],[-112.9657,50.9068],[-112.9751,50.8962],[-112.9984,50.8877],[-113.0211,50.8908],[-113.0434,50.9057],[-113.0434,50.9196]],[[-113.0313,50.9174],[-113.0171,50.926],[-113.0015,50.926],[-112.9845,50.9174],[-112.9845,50.9081],[-113.0015,50.8981],[-113.0171,50.8981],[-113.0313,50.9081],[-113.0313,50.9174]]]}},{"type":"Feature","properties":{"c":"#00ff00","v0":0.002,"v1":0.003},"geometry":{"type":"Polygon","coordinates":[[[-104.1304,50.9302],[-104.1035,50.939],[-104.0878,50.9327],[-104.0834,50.9113],[-104.0934,50.9003],[-104.1178,50.8999],[-104.1335,50.9062],[-104.1404,50.9192],[-104.1304,50.9302]],[[-104.1213,50.9273],[-104.1004,50.9305],[-104.0886,50.9273],[-104.0857,50.9179],[-104.0907,50.9103],[-104.1036,50.9045],[-104.1154,50.9077],[-104.1263,50.9197],[-104.1213,50.9273]]]}},{"type":"Feature","properties":{"c":"#00ff00","v0":0.002,"v1":0.003},"geometry":{"type":"Polygon","coordinates":[[[-113.3363,50.9258],[-113.2958,50.9258],[-113.2791,50.9224],[-113.2864,50.9156],[-113.3066,50.9156],[-113.3399,50.9224],[-113.3363,50.9258]]]}},{"type":"Feature","properties":{"c":"#00ff00","v0":0.002,"v1":0.003},"geometry":{"type":"Polygon","coordinates":[[[-105.7265,50.6349],[-105.7106,50.6602],[-105.6845,50.6793],[-105.6482,50.6921],[-105.6217,50.708],[-105.6052,50.7268],[-105.6004,50.7521],[-105.6074,50.7837],[-105.6038,50.8121],[-105.5897,50.8374],[-105.6043,50.8564],[-105.6474,50.869],[-105.6729,50.8816],[-105.6806,50.8942],[-105.6758,50.9056],[-105.6586,50.9157],[-105.63,50.9175],[-105.59,50.9111],[-105.555,50.9098],[-105.525,50.9137],[-105.485,50.9089],[-105.435,50.8952],[-105.4,50.8967],[-105.38,50.9134],[-105.3548,50.907],[-105.3244,50.8774],[-105.3344,50.8638],[-105.3848,50.8661],[-105.4174,50.863],[-105.4321,50.8544],[-105.4371,50.845],[-105.4324,50.8348],[-105.395,50.8305],[-105.325,50.832],[-105.265,50.8243],[-105.215,50.8076],[-105.1836,50.8024],[-105.1709,50.8089],[-105.1609,50.8242],[-105.1536,50.8484],[-105.1322,50.8642],[-105.0965,50.8716],[-105.0765,50.8855],[-105.0722,50.9059],[-105.058,50.9185],[-105.0339,50.9233],[-105.019,50.9226],[-105.0133,50.9163],[-105.0188,50.9037],[-105.0354,50.8848],[-105.0403,50.8723],[-105.0334,50.8663],[-105.015,50.865],[-104.985,50.8682],[-104.955,50.8563],[-104.925,50.8293],[-104.8943,50.8149],[-104.863,50.8131],[-104.8685,50.7932],[-104.9106,50.7552],[-104.9338,50.7236],[-104.9381,50.6983],[-104.9026,50.6711],[-104.8275,50.6422],[-104.77,50.6308],[-104.73,50.6369],[-104.703,50.6482],[-104.6889,50.6647],[-104.6639,50.6813],[-104.628,50.6981],[-104.52,50.7195],[-104.34,50.7456],[-104.22,50.7744],[-104.16,50.8057],[-104.105,50.8255],[-104.055,50.8338],[-104.0245,50.8346],[-104.0136,50.8281],[-104.0186,50.8121],[-104.0395,50.7868],[-104.0893,50.7615],[-104.1679,50.7362],[-104.2059,50.7078],[-104.2034,50.6761],[-104.2291,50.6572],[-104.283,50.6512],[-104.335,50.6361],[-104.385,50.6119],[-104.43,50.608],[-104.47,50.6243],[-104.505,50.6332],[-104.535,50.6349],[-104.5671,50.6229],[-104.6012,50.597],[-104.6102,50.565],[-104.594,50.5269],[-104.5703,50.5015],[-104.5392,50.4888],[-104.528,50.4728],[-104.5369,50.4537],[-104.5342,50.4315],[-104.5201,50.406],[-104.5214,50.3837],[-104.5383,50.3645],[-104.5313,50.3358],[-104.5006,50.2975],[-104.4914,50.2737],[-104.5038,50.2644],[-104.54,50.2539],[-104.6,50.242],[-104.6421,50.2402],[-104.6663,50.2486],[-104.6825,50.2687],[-104.6907,50.3007],[-104.7086,50.332],[-104.7362,50.3628],[-104.7604,50.3692],[-104.7813,50.3512],[-104.7796,50.3294],[-104.7555,50.3039],[-104.75,50.2835],[-104.7633,50.2683],[-104.805,50.2603],[-104.875,50.2596],[-104.9256,50.2673],[-104.9568,50.2832],[-104.9718,50.3048],[-104.9706,50.3323],[-105.01,50.3481],[-105.09,50.3524],[-105.1426,50.3514],[-105.1679,50.3453],[-105.1775,50.3294],[-105.1715,50.3039],[-105.1888,50.2864],[-105.2296,50.2771],[-105.27,50.2835],[-105.31,50.3056],[-105.3328,50.3326],[-105.3384,50.3645],[-105.3067,50.406],[-105.2378,50.4569],[-105.205,50.4893],[-105.2083,50.5032],[-105.2433,50.5254],[-105.3099,50.5561],[-105.3747,50.5746],[-105.4375,50.5809],[-105.4653,50.5968],[-105.4578,50.6222],[-105.4581,50.6391],[-105.466,50.6474],[-105.4787,50.6506],[-105.4962,50.6486],[-105.5079,50.6412],[-105.5137,50.6285],[-105.525,50.6198],[-105.5417,50.6151],[-105.59,50.6106],[-105.67,50.6063],[-105.7161,50.6086],[-105.7283,50.6177],[-105.7265,50.6349]],[[-104.1885,50.7746],[-104.1495,50.8008],[-104.1051,50.8134],[-104.0553,50.8126],[-104.0353,50.8053],[-104.0451,50.7917],[-104.0708,50.7759],[-104.1125,50.7579],[-104.1475,50.7475],[-104.1758,50.7448],[-104.1945,50.7479],[-104.2035,50.757],[-104.1885,50.7746]],[[-104.7962,50.2963],[-104.7921,50.3066],[-104.785,50.3104],[-104.775,50.3076],[-104.7684,50.2993],[-104.7652,50.2853],[-104.7702,50.2771],[-104.7834,50.2746],[-104.7921,50.2778],[-104.7962,50.2867],[-104.7962,50.2963]],[[-105.6964,50.643],[-105.6788,50.6594],[-105.655,50.6679],[-105.625,50.6687],[-105.6035,50.6859],[-105.5906,50.7195],[-105.5798,50.7647],[-105.571,50.8216],[-105.5892,50.8564],[-105.6344,50.869],[-105.6604,50.8816],[-105.6672,50.8942],[-105.6654,50.9036],[-105.6551,50.9098],[-105.63,50.9082],[-105.59,50.8989],[-105.55,50.8951],[-105.51,50.8969],[-105.4794,50.8922],[-105.4581,50.8809],[-105.4481,50.8626],[-105.4494,50.8373],[-105.41,50.8243],[-105.33,50.8238],[-105.28,50.8141],[-105.26,50.7952],[-105.235,50.7834],[-105.205,50.7784],[-105.179,50.785],[-105.1571,50.8031],[-105.1421,50.8237],[-105.134,50.8467],[-105.115,50.8573],[-105.085,50.8555],[-105.06,50.8391],[-105.04,50.808],[-105.015,50.8068],[-104.985,50.8354],[-104.9616,50.8339],[-104.9447,50.8026],[-104.9489,50.7774],[-104.9742,50.7584],[-104.9833,50.7394],[-104.9762,50.7204],[-104.979,50.7046],[-104.9917,50.6919],[-104.996,50.6753],[-104.992,50.6546],[-105.01,50.6458],[-105.05,50.649],[-105.0722,50.6466],[-105.0767,50.6388],[-105.0517,50.6334],[-104.9972,50.6304],[-104.96,50.6199],[-104.94,50.602],[-104.915,50.604],[-104.885,50.6259],[-104.85,50.6325],[-104.81,50.624],[-104.77,50.6209],[-104.73,50.6231],[-104.69,50.6406],[-104.65,50.6732],[-104.6,50.693],[-104.54,50.7001],[-104.495,50.7096],[-104.465,50.7215],[-104.43,50.7262],[-104.39,50.7238],[-104.35,50.7283],[-104.31,50.7397],[-104.2718,50.7305],[-104.2354,50.7006],[-104.2204,50.6811],[-104.2268,50.6722],[-104.25,50.6651],[-104.29,50.6598],[-104.335,50.6458],[-104.385,50.6229],[-104.445,50.6202],[-104.515,50.6377],[-104.5733,50.634],[-104.62,50.6092],[-104.6429,50.5873],[-104.6419,50.5682],[-104.631,50.546],[-104.6102,50.5206],[-104.5853,50.5015],[-104.5563,50.4888],[-104.5452,50.4728],[-104.5521,50.4537],[-104.5473,50.4346],[-104.5309,50.4155],[-104.533,50.3964],[-104.5536,50.3773],[-104.5476,50.3486],[-104.5149,50.3103],[-104.5035,50.2847],[-104.5135,50.2719],[-104.5463,50.2596],[-104.6021,50.2478],[-104.6394,50.2446],[-104.6583,50.25],[-104.6726,50.2719],[-104.6824,50.3103],[-104.703,50.3448],[-104.7343,50.3756],[-104.765,50.3803],[-104.795,50.359],[-104.83,50.3501],[-104.87,50.3533],[-104.894,50.3518],[-104.902,50.3454],[-104.8934,50.3358],[-104.8681,50.323],[-104.8525,50.3071],[-104.8466,50.2879],[-104.8502,50.2744],[-104.8634,50.2664],[-104.893,50.2696],[-104.939,50.2839],[-104.9632,50.2975],[-104.9656,50.3103],[-104.9602,50.323],[-104.9469,50.3358],[-104.9477,50.3458],[-104.9626,50.3531],[-104.995,50.3549],[-105.045,50.3511],[-105.09,50.3535],[-105.13,50.3622],[-105.1643,50.3605],[-105.193,50.3483],[-105.203,50.3318],[-105.1943,50.311],[-105.2,50.2983],[-105.22,50.2937],[-105.235,50.294],[-105.245,50.2992],[-105.2632,50.3215],[-105.2896,50.3608],[-105.2896,50.3949],[-105.2632,50.4237],[-105.2285,50.4492],[-105.1856,50.4713],[-105.1805,50.4983],[-105.2133,50.5301],[-105.2271,50.565],[-105.2218,50.6031],[-105.2369,50.6394],[-105.2723,50.6738],[-105.295,50.6921],[-105.305,50.6943],[-105.313,50.6866],[-105.3191,50.669],[-105.3197,50.6476],[-105.3149,50.6222],[-105.3216,50.6063],[-105.3399,50.6],[-105.3642,50.5981],[-105.3947,50.6007],[-105.415,50.6188],[-105.425,50.6524],[-105.445,50.6695],[-105.475,50.6699],[-105.495,50.6758],[-105.505,50.6871],[-105.5248,50.6878],[-105.5544,50.6779],[-105.56,50.6634],[-105.5416,50.6444],[-105.5368,50.6328],[-105.5456,50.6285],[-105.565,50.6288],[-105.595,50.6337],[-105.63,50.6318],[-105.67,50.6233],[-105.6938,50.623],[-105.7014,50.6309],[-105.6964,50.643]]]}},{"type":"Feature","properties":{"c":"#00ff00","v0":0.002,"v1":0.003},"geometry":{"type":"Polygon","coordinates":[[[-104.0107,50.9052],[-103.9969,50.9145],[-103.98,50.9193],[-103.96,50.9194],[-103.9429,50.9116],[-103.9288,50.8958],[-103.9288,50.8832],[-103.9429,50.8737],[-103.96,50.8689],[-103.98,50.8689],[-103.9969,50.8768],[-104.0107,50.8926],[-104.0107,50.9052]],[[-103.9983,50.8951],[-103.9794,50.9096],[-103.9603,50.9127],[-103.941,50.9046],[-103.936,50.8941],[-103.9453,50.8813],[-103.9644,50.8781],[-103.9933,50.8846],[-103.9983,50.8951]]]}},{"type":"Feature","properties":{"c":"#00ff00","v0":0.002,"v1":0.003},"geometry":{"type":"Polygon","coordinates":[[[-105.9023,50.8934],[-105.8941,50.9044],[-105.885,50.9086],[-105.875,50.9061],[-105.87,50.8995],[-105.87,50.8889],[-105.8791,50.8847],[-105.8973,50.8868],[-105.9023,50.8934]]]}},{"type":"Feature","properties":{"c":"#00ff00","v0":0.002,"v1":0.003},"geometry":{"type":"Polygon","coordinates":[[[-105.2465,50.8906],[-105.2355,50.896],[-105.23,50.894],[-105.23,50.8844],[-105.2355,50.8817],[-105.2465,50.8858],[-105.2465,50.8906]]]}},{"type":"Feature","properties":{"c":"#00ff00","v0":0.002,"v1":0.003},"geometry":{"type":"Polygon","coordinates":[[[-102.5396,50.869],[-102.5271,50.8816],[-102.5081,50.8899],[-102.4827,50.894],[-102.4593,50.894],[-102.4378,50.8899],[-102.4217,50.8816],[-102.411,50.869],[-102.411,50.8564],[-102.4217,50.8437],[-102.4378,50.8344],[-102.4593,50.8284],[-102.4848,50.8284],[-102.5145,50.8344],[-102.5335,50.8437],[-102.5417,50.8564],[-102.5396,50.869]],[[-102.531,50.8686],[-102.517,50.8806],[-102.5,50.8877],[-102.48,50.89],[-102.46,50.8891],[-102.44,50.885],[-102.4261,50.8779],[-102.4182,50.8677],[-102.4282,50.8544],[-102.4561,50.8379],[-102.4818,50.8316],[-102.5053,50.8355],[-102.5223,50.8437],[-102.5328,50.8564],[-102.531,50.8686]]]}},{"type":"Feature","properties":{"c":"#00ff00","v0":0.002,"v1":0.003},"geometry":{"type":"Polygon","coordinates":[[[-115.0738,50.8316],[-115.0446,50.8453],[-115.01,50.8499],[-114.97,50.8456],[-114.9437,50.8388],[-114.931,50.8295],[-114.951,50.8154],[-115.0037,50.7966],[-115.0401,50.7902],[-115.0604,50.7964],[-115.075,50.8058],[-115.0839,50.8185],[-115.0738,50.8316]],[[-115.0584,50.8287],[-115.0395,50.8365],[-115.0092,50.8365],[-114.9675,50.8287],[-114.9675,50.817],[-115.0092,50.8014],[-115.0395,50.8014],[-115.0584,50.817],[-115.0584,50.8287]]]}},{"type":"Feature","properties":{"c":"#00ff00","v0":0.002,"v1":0.003},"geometry":{"type":"Polygon","coordinates":[[[-111.33,50.8412],[-111.3167,50.8488],[-111.3016,50.8488],[-111.2847,50.8412],[-111.2914,50.8374],[-111.3216,50.8374],[-111.33,50.8412]]]}},{"type":"Feature","properties":{"c":"#00ff00","v0":0.002,"v1":0.003},"geometry":{"type":"Polygon","coordinates":[[[-106.2958,50.7552],[-106.2901,50.7679],[-106.2679,50.7814],[-106.2293,50.7957],[-106.195,50.814],[-106.165,50.8363],[-106.115,50.8491],[-106.045,50.8526],[-105.97,50.847],[-105.89,50.8325],[-105.83,50.8314],[-105.79,50.8436],[-105.7592,50.8403],[-105.7375,50.8215],[-105.7418,50.8027],[-105.7722,50.7837],[-105.7879,50.7679],[-105.7891,50.7552],[-105.7847,50.7436],[-105.7749,50.733],[-105.755,50.7249],[-105.725,50.7193],[-105.7092,50.7119],[-105.7076,50.7028],[-105.7226,50.698],[-105.7542,50.6974],[-105.79,50.7066],[-105.83,50.7257],[-105.885,50.728],[-105.955,50.7135],[-106.05,50.7059],[-106.17,50.7052],[-106.24,50.7075],[-106.26,50.7129],[-106.2772,50.7239],[-106.2915,50.7406],[-106.2958,50.7552]],[[-106.2846,50.7565],[-106.2749,50.7716],[-106.25,50.7835],[-106.21,50.7922],[-106.185,50.8049],[-106.175,50.8216],[-106.16,50.8331],[-106.14,50.8396],[-106.1,50.8427],[-106.04,50.8423],[-105.97,50.8348],[-105.89,50.8201],[-105.83,50.8187],[-105.79,50.8305],[-105.7627,50.8303],[-105.7481,50.8182],[-105.7581,50.8029],[-105.7927,50.7845],[-105.81,50.7675],[-105.81,50.7521],[-105.855,50.7368],[-105.945,50.7216],[-106.055,50.7137],[-106.185,50.7132],[-106.2599,50.722],[-106.2796,50.7399],[-106.2846,50.7565]]]}},{"type":"Feature","properties":{"c":"#00ff00","v0":0.002,"v1":0.003},"geometry":{"type":"Polygon","coordinates":[[[-113.6768,50.8279],[-113.6575,50.8343],[-113.6468,50.8343],[-113.6448,50.8279],[-113.6544,50.8248],[-113.6758,50.8248],[-113.6768,50.8279]]]}},{"type":"Feature","properties":{"c":"#00ff00","v0":0.002,"v1":0.003},"geometry":{"type":"Polygon","coordinates":[[[-111.1784,50.6602],[-111.147,50.7109],[-111.1193,50.7457],[-111.0953,50.7647],[-111.0834,50.79],[-111.0833,50.8216],[-111.06,50.8391],[-111.0133,50.8424],[-110.9837,50.8361],[-110.9712,50.8201],[-110.975,50.7932],[-110.9951,50.7552],[-111.0209,50.7299],[-111.0526,50.7173],[-111.0709,50.7046],[-111.0759,50.6919],[-111.091,50.6793],[-111.1161,50.6666],[-111.1288,50.6507],[-111.1291,50.6317],[-111.1395,50.6208],[-111.1598,50.6179],[-111.176,50.6211],[-111.1881,50.6303],[-111.1784,50.6602]],[[-111.0671,50.8294],[-111.0424,50.8386],[-111.017,50.8386],[-110.9911,50.8294],[-110.9791,50.8153],[-110.981,50.7963],[-110.9939,50.7737],[-111.018,50.7473],[-111.0397,50.7378],[-111.0591,50.7452],[-111.0715,50.7679],[-111.0768,50.8058],[-111.0671,50.8294]],[[-111.1732,50.6374],[-111.1711,50.6426],[-111.1642,50.6426],[-111.1525,50.6374],[-111.1535,50.6349],[-111.1674,50.6349],[-111.1732,50.6374]],[[-111.1251,50.7162],[-111.115,50.7267],[-111.105,50.7308],[-111.095,50.7286],[-111.095,50.7175],[-111.105,50.6975],[-111.115,50.6933],[-111.1251,50.7051],[-111.1251,50.7162]]]}},{"type":"Feature","properties":{"c":"#00ff00","v0":0.002,"v1":0.003},"geometry":{"type":"Polygon","coordinates":[[[-101.2903,50.7902],[-101.2768,50.7968],[-101.2493,50.7968],[-101.2079,50.7902],[-101.1843,50.7995],[-101.1785,50.8248],[-101.1642,50.8399],[-101.1414,50.845],[-101.1173,50.8418],[-101.092,50.8305],[-101.072,50.8152],[-101.0573,50.7959],[-101.02,50.7891],[-100.96,50.7948],[-100.9048,50.7823],[-100.8543,50.7516],[-100.8143,50.7327],[-100.7848,50.7257],[-100.7636,50.7067],[-100.7508,50.6757],[-100.7048,50.6476],[-100.6256,50.6222],[-100.5978,50.5968],[-100.6214,50.5714],[-100.6257,50.5301],[-100.6106,50.4728],[-100.6098,50.4426],[-100.6233,50.4395],[-100.6378,50.4427],[-100.6535,50.4522],[-100.6935,50.4623],[-100.7578,50.4731],[-100.805,50.4758],[-100.835,50.4706],[-100.8574,50.4588],[-100.8723,50.4406],[-100.8873,50.4297],[-100.9024,50.4262],[-100.9189,50.4358],[-100.9366,50.4584],[-100.9566,50.4743],[-100.9789,50.4836],[-101.0359,50.4868],[-101.1278,50.4839],[-101.1787,50.4919],[-101.1886,50.511],[-101.186,50.5492],[-101.171,50.6063],[-101.1885,50.6507],[-101.2386,50.6824],[-101.272,50.7204],[-101.2887,50.7647],[-101.2903,50.7902]],[[-101.2609,50.7338],[-101.2536,50.7543],[-101.24,50.7671],[-101.22,50.7721],[-101.195,50.7615],[-101.165,50.7353],[-101.145,50.7238],[-101.135,50.7272],[-101.1384,50.7371],[-101.1553,50.7534],[-101.1652,50.7774],[-101.168,50.809],[-101.1595,50.8284],[-101.1398,50.8357],[-101.1,50.8173],[-101.04,50.7732],[-101.0,50.7291],[-100.98,50.6849],[-100.94,50.6503],[-100.88,50.6255],[-100.825,50.6159],[-100.775,50.6215],[-100.7425,50.6111],[-100.7275,50.5846],[-100.7525,50.5665],[-100.8175,50.5567],[-100.87,50.5399],[-100.91,50.5162],[-100.98,50.5021],[-101.08,50.4978],[-101.1371,50.5018],[-101.1512,50.5143],[-101.1553,50.5492],[-101.1496,50.6063],[-101.1567,50.6444],[-101.1766,50.6634],[-101.203,50.6793],[-101.2358,50.6919],[-101.2553,50.7046],[-101.2614,50.7173],[-101.2609,50.7338]],[[-100.6367,50.5968],[-100.6156,50.5968],[-100.6113,50.5938],[-100.6238,50.5877],[-100.6343,50.5877],[-100.6429,50.5938],[-100.6367,50.5968]],[[-100.917,50.4489],[-100.9123,50.4582],[-100.905,50.4603],[-100.895,50.455],[-100.89,50.4495],[-100.89,50.4437],[-100.8973,50.4417],[-100.912,50.4434],[-100.917,50.4489]],[[-100.8128,50.5209],[-100.7976,50.5215],[-100.7893,50.5183],[-100.7879,50.5113],[-100.7929,50.5068],[-100.8043,50.5046],[-100.8126,50.5078],[-100.8178,50.5163],[-100.8128,50.5209]]]}},{"type":"Feature","properties":{"c":"#00ff00","v0":0.002,"v1":0.003},"geometry":{"type":"Polygon","coordinates":[[[-119.4568,50.8158],[-119.4389,50.8232],[-119.4226,50.8232],[-119.4078,50.8158],[-119.4078,50.807],[-119.4226,50.7966],[-119.4389,50.7966],[-119.4568,50.807],[-119.4568,50.8158]]]}},{"type":"Feature","properties":{"c":"#00ff00","v0":0.002,"v1":0.003},"geometry":{"type":"Polygon","coordinates":[[[-113.7421,50.8158],[-113.734,50.8232],[-113.7205,50.8264],[-113.7014,50.8253],[-113.6906,50.8216],[-113.6881,50.8153],[-113.6926,50.8097],[-113.7042,50.8048],[-113.719,50.8048],[-113.7371,50.8097],[-113.7421,50.8158]]]}},{"type":"Feature","properties":{"c":"#00ff00","v0":0.002,"v1":0.003},"geometry":{"type":"Polygon","coordinates":[[[-101.5969,50.7783],[-101.5923,50.7864],[-101.5814,50.7896],[-101.5643,50.7878],[-101.5593,50.781],[-101.5664,50.7693],[-101.5773,50.7662],[-101.5919,50.7715],[-101.5969,50.7783]]]}},{"type":"Feature","properties":{"c":"#00ff00","v0":0.002,"v1":0.003},"geometry":{"type":"Polygon","coordinates":[[[-119.3597,50.7651],[-119.3399,50.772],[-119.3243,50.7689],[-119.3128,50.7556],[-119.3178,50.7455],[-119.3393,50.7388],[-119.3549,50.742],[-119.3647,50.755],[-119.3597,50.7651]],[[-119.3475,50.7624],[-119.3358,50.7639],[-119.3287,50.7608],[-119.3261,50.7529],[-119.3311,50.7483],[-119.3437,50.7472],[-119.3508,50.7504],[-119.3525,50.7578],[-119.3475,50.7624]]]}},{"type":"Feature","properties":{"c":"#00ff00","v0":0.002,"v1":0.003},"geometry":{"type":"Polygon","coordinates":[[[-106.9157,50.7401],[-106.8986,50.7479],[-106.8869,50.7447],[-106.8807,50.7306],[-106.8857,50.7208],[-106.9019,50.7154],[-106.9136,50.7185],[-106.9207,50.7303],[-106.9157,50.7401]]]}},{"type":"Feature","properties":{"c":"#00ff00","v0":0.002,"v1":0.003},"geometry":{"type":"Polygon","coordinates":[[[-105.4547,50.7394],[-105.4516,50.7458],[-105.445,50.7467],[-105.435,50.742],[-105.435,50.735],[-105.445,50.7256],[-105.4516,50.7248],[-105.4547,50.7324],[-105.4547,50.7394]]]}},{"type":"Feature","properties":{"c":"#00ff00","v0":0.002,"v1":0.003},"geometry":{"type":"Polygon","coordinates":[[[-105.1377,50.7393],[-105.0926,50.7454],[-105.0656,50.7422],[-105.0567,50.7298],[-105.0667,50.7154],[-105.0956,50.699],[-105.1226,50.7022],[-105.1477,50.7249],[-105.1377,50.7393]]]}},{"type":"Feature","properties":{"c":"#00ff00","v0":0.002,"v1":0.003},"geometry":{"type":"Polygon","coordinates":[[[-98.2845,50.7277],[-98.2615,50.7359],[-98.2435,50.7328],[-98.2305,50.7182],[-98.2355,50.7068],[-98.2585,50.6986],[-98.2765,50.7017],[-98.2895,50.7163],[-98.2845,50.7277]],[[-98.2764,50.726],[-98.2588,50.7308],[-98.2462,50.7276],[-98.2386,50.7165],[-98.2436,50.7085],[-98.2612,50.7037],[-98.2738,50.7069],[-98.2814,50.718],[-98.2764,50.726]]]}},{"type":"Feature","properties":{"c":"#00ff00","v0":0.002,"v1":0.003},"geometry":{"type":"Polygon","coordinates":[[[-101.8921,50.6539],[-101.8695,50.6666],[-101.8548,50.6824],[-101.8481,50.7014],[-101.8361,50.7128],[-101.8187,50.7166],[-101.8007,50.7071],[-101.782,50.6843],[-101.7511,50.6697],[-101.708,50.6634],[-101.6835,50.6476],[-101.6777,50.6222],[-101.6886,50.5976],[-101.7162,50.5739],[-101.76,50.5637],[-101.82,50.5672],[-101.8558,50.5727],[-101.8674,50.5803],[-101.8696,50.5905],[-101.8624,50.6031],[-101.87,50.619],[-101.8922,50.638],[-101.8921,50.6539]],[[-101.8703,50.6539],[-101.8436,50.6666],[-101.8318,50.6793],[-101.8349,50.6919],[-101.8298,50.7001],[-101.8166,50.7038],[-101.8146,50.7007],[-101.8238,50.6906],[-101.8229,50.6824],[-101.8121,50.6761],[-101.7795,50.6697],[-101.7252,50.6634],[-101.6947,50.6476],[-101.6879,50.6222],[-101.6909,50.6042],[-101.7036,50.5935],[-101.725,50.5874],[-101.755,50.5858],[-101.7984,50.6006],[-101.8552,50.6319],[-101.8703,50.6539]]]}},{"type":"Feature","properties":{"c":"#00ff00","v0":0.002,"v1":0.003},"geometry":{"type":"Polygon","coordinates":[[[-105.9366,50.6881],[-105.8922,50.6932],[-105.8649,50.6869],[-105.8548,50.6691],[-105.8598,50.6571],[-105.8799,50.6509],[-105.9072,50.6572],[-105.9416,50.6761],[-105.9366,50.6881]],[[-105.9067,50.6771],[-105.8956,50.6855],[-105.8815,50.6855],[-105.8646,50.6771],[-105.8646,50.6685],[-105.8815,50.6595],[-105.8956,50.6595],[-105.9067,50.6685],[-105.9067,50.6771]]]}},{"type":"Feature","properties":{"c":"#00ff00","v0":0.002,"v1":0.003},"geometry":{"type":"Polygon","coordinates":[[[-118.4795,50.665],[-118.4598,50.6746],[-118.4415,50.6778],[-118.4246,50.6745],[-118.4246,50.6656],[-118.4415,50.651],[-118.4598,50.6478],[-118.4795,50.6561],[-118.4795,50.665]]]}},{"type":"Feature","properties":{"c":"#00ff00","v0":0.002,"v1":0.003},"geometry":{"type":"Polygon","coordinates":[[[-110.0399,50.6739],[-110.02,50.6759],[-110.0068,50.6728],[-110.0003,50.6644],[-110.0053,50.6588],[-110.0218,50.6559],[-110.035,50.6591],[-110.0449,50.6683],[-110.0399,50.6739]]]}},{"type":"Feature","properties":{"c":"#00ff00","v0":0.002,"v1":0.003},"geometry":{"type":"Polygon","coordinates":[[[-109.8879,50.662],[-109.876,50.6654],[-109.868,50.6622],[-109.864,50.6525],[-109.869,50.6472],[-109.883,50.6466],[-109.891,50.6497],[-109.8929,50.6567],[-109.8879,50.662]]]}},{"type":"Feature","properties":{"c":"#00ff00","v0":0.002,"v1":0.003},"geometry":{"type":"Polygon","coordinates":[[[-104.1631,50.6602],[-104.1303,50.6602],[-104.1229,50.6564],[-104.141,50.6486],[-104.1574,50.6486],[-104.1721,50.6564],[-104.1631,50.6602]]]}},{"type":"Feature","properties":{"c":"#00ff00","v0":0.002,"v1":0.003},"geometry":{"type":"Polygon","coordinates":[[[-119.0161,50.6385],[-119.012,50.6456],[-119.0032,50.6488],[-118.9897,50.648],[-118.9847,50.6388],[-118.9882,50.6214],[-118.995,50.6123],[-119.005,50.6116],[-119.012,50.6171],[-119.0161,50.629],[-119.0161,50.6385]]]}},{"type":"Feature","properties":{"c":"#00ff00","v0":0.002,"v1":0.003},"geometry":{"type":"Polygon","coordinates":[[[-101.3023,50.6383],[-101.2808,50.6452],[-101.2669,50.6421],[-101.2607,50.6288],[-101.2657,50.6201],[-101.2819,50.6161],[-101.2958,50.6192],[-101.3073,50.6297],[-101.3023,50.6383]]]}},{"type":"Feature","properties":{"c":"#00ff00","v0":0.002,"v1":0.003},"geometry":{"type":"Polygon","coordinates":[[[-118.6011,50.5905],[-118.5949,50.6031],[-118.5763,50.6163],[-118.5454,50.6299],[-118.5322,50.6236],[-118.5367,50.5973],[-118.5467,50.5801],[-118.5622,50.572],[-118.5785,50.572],[-118.5956,50.5801],[-118.6011,50.5905]]]}},{"type":"Feature","properties":{"c":"#00ff00","v0":0.002,"v1":0.003},"geometry":{"type":"Polygon","coordinates":[[[-119.5822,50.5619],[-119.5702,50.5936],[-119.5507,50.6127],[-119.5236,50.6191],[-119.4758,50.6033],[-119.4073,50.5651],[-119.3723,50.5316],[-119.3708,50.5027],[-119.38,50.4839],[-119.4,50.4751],[-119.425,50.4813],[-119.455,50.5026],[-119.485,50.5128],[-119.515,50.512],[-119.5445,50.5202],[-119.5736,50.5374],[-119.5822,50.5619]],[[-119.4264,50.5154],[-119.4021,50.5304],[-119.39,50.5264],[-119.39,50.5035],[-119.395,50.4901],[-119.405,50.4864],[-119.4171,50.4904],[-119.4314,50.502],[-119.4264,50.5154]],[[-119.5607,50.5713],[-119.5402,50.5966],[-119.5073,50.5997],[-119.4618,50.5808],[-119.4518,50.558],[-119.4773,50.531],[-119.505,50.5206],[-119.535,50.5268],[-119.5552,50.537],[-119.5657,50.5515],[-119.5607,50.5713]]]}},{"type":"Feature","properties":{"c":"#00ff00","v0":0.002,"v1":0.003},"geometry":{"type":"Polygon","coordinates":[[[-111.3512,50.6231],[-111.3371,50.6251],[-111.3282,50.6219],[-111.3246,50.6136],[-111.3296,50.6091],[-111.3432,50.6083],[-111.3521,50.6114],[-111.3562,50.6186],[-111.3512,50.6231]]]}},{"type":"Feature","properties":{"c":"#00ff00","v0":0.002,"v1":0.003},"geometry":{"type":"Polygon","coordinates":[[[-119.7311,50.6018],[-119.717,50.6118],[-119.7026,50.6118],[-119.6879,50.6018],[-119.6879,50.5927],[-119.7026,50.5844],[-119.717,50.5844],[-119.7311,50.5927],[-119.7311,50.6018]]]}},{"type":"Feature","properties":{"c":"#00ff00","v0":0.002,"v1":0.003},"geometry":{"type":"Polygon","coordinates":[[[-118.9069,50.5873],[-118.895,50.5936],[-118.8892,50.5919],[-118.8897,50.582],[-118.8957,50.5788],[-118.9072,50.5824],[-118.9069,50.5873]]]}},{"type":"Feature","properties":{"c":"#00ff00","v0":0.002,"v1":0.003},"geometry":{"type":"Polygon","coordinates":[[[-110.2253,50.5891],[-110.2151,50.5991],[-110.2,50.6032],[-110.18,50.6012],[-110.1583,50.5899],[-110.1349,50.5691],[-110.1249,50.5539],[-110.1283,50.5442],[-110.1551,50.5505],[-110.2053,50.5729],[-110.2253,50.5891]],[[-110.2058,50.5868],[-110.1953,50.5923],[-110.1862,50.5923],[-110.1786,50.5868],[-110.1839,50.5841],[-110.202,50.5841],[-110.2058,50.5868]]]}},{"type":"Feature","properties":{"c":"#00ff00","v0":0.002,"v1":0.003},"geometry":{"type":"Polygon","coordinates":[[[-105.8384,50.5768],[-105.8195,50.5876],[-105.795,50.593],[-105.765,50.5929],[-105.7446,50.578],[-105.7339,50.5482],[-105.7539,50.5372],[-105.8046,50.5451],[-105.8345,50.5547],[-105.8434,50.5658],[-105.8384,50.5768]],[[-105.8161,50.5754],[-105.7987,50.5835],[-105.7809,50.5835],[-105.7626,50.5754],[-105.7626,50.5673],[-105.7809,50.559],[-105.7987,50.559],[-105.8161,50.5673],[-105.8161,50.5754]]]}},{"type":"Feature","properties":{"c":"#00ff00","v0":0.002,"v1":0.003},"geometry":{"type":"Polygon","coordinates":[[[-119.1089,50.3581],[-119.0746,50.39],[-119.0668,50.4346],[-119.0854,50.4919],[-119.0885,50.5291],[-119.0762,50.5463],[-119.05,50.5594],[-119.01,50.5684],[-118.97,50.5714],[-118.93,50.5684],[-118.9156,50.5521],[-118.9269,50.5226],[-118.9169,50.5019],[-118.8856,50.49],[-118.855,50.4845],[-118.825,50.4854],[-118.795,50.4996],[-118.765,50.5271],[-118.734,50.5358],[-118.7021,50.5256],[-118.6871,50.5159],[-118.689,50.5067],[-118.7035,50.4972],[-118.7306,50.4873],[-118.7606,50.4682],[-118.7935,50.4397],[-118.82,50.4249],[-118.84,50.4237],[-118.865,50.4295],[-118.895,50.4424],[-118.94,50.4243],[-119.0,50.3754],[-119.045,50.3465],[-119.075,50.3378],[-119.099,50.3357],[-119.117,50.34],[-119.1089,50.3581]],[[-118.8358,50.4569],[-118.8118,50.4569],[-118.8073,50.4522],[-118.8224,50.4426],[-118.8345,50.4426],[-118.8434,50.4522],[-118.8358,50.4569]],[[-118.7509,50.5133],[-118.737,50.5243],[-118.725,50.5274],[-118.7149,50.5229],[-118.7219,50.5174],[-118.7459,50.511],[-118.7509,50.5133]],[[-119.0738,50.5269],[-119.067,50.5396],[-119.0502,50.5496],[-119.0234,50.5568],[-118.9928,50.5568],[-118.9585,50.5496],[-118.9635,50.5309],[-119.0078,50.5008],[-119.035,50.4855],[-119.045,50.4851],[-119.0568,50.4939],[-119.0704,50.5117],[-119.0738,50.5269]],[[-118.9485,50.4842],[-118.9362,50.488],[-118.9225,50.4848],[-118.9074,50.4747],[-118.9074,50.4677],[-118.9225,50.4637],[-118.9362,50.4668],[-118.9485,50.4772],[-118.9485,50.4842]]]}},{"type":"Feature","properties":{"c":"#00ff00","v0":0.002,"v1":0.003},"geometry":{"type":"Polygon","coordinates":[[[-110.4374,50.3765],[-110.4058,50.3941],[-110.3776,50.4005],[-110.3529,50.3956],[-110.3329,50.3845],[-110.3176,50.3671],[-110.285,50.3645],[-110.235,50.3767],[-110.1972,50.3949],[-110.1716,50.4193],[-110.1516,50.4474],[-110.1371,50.4792],[-110.1049,50.5052],[-110.055,50.5253],[-110.0225,50.5285],[-110.0076,50.5147],[-110.0015,50.4888],[-110.0043,50.4506],[-109.9933,50.4219],[-109.9687,50.4028],[-109.968,50.3773],[-109.9911,50.3454],[-109.9663,50.3166],[-109.8934,50.2911],[-109.8702,50.2691],[-109.8967,50.2505],[-109.95,50.2259],[-110.03,50.1952],[-110.085,50.1879],[-110.115,50.2042],[-110.15,50.2128],[-110.19,50.2139],[-110.2265,50.2208],[-110.2594,50.2336],[-110.2703,50.2527],[-110.2591,50.2783],[-110.2626,50.3038],[-110.2809,50.3291],[-110.295,50.3435],[-110.305,50.3471],[-110.335,50.3417],[-110.385,50.3274],[-110.4208,50.3321],[-110.4424,50.3559],[-110.4374,50.3765]],[[-110.0129,50.3837],[-110.011,50.3902],[-110.005,50.3917],[-109.995,50.3882],[-109.996,50.3849],[-110.0079,50.3819],[-110.0129,50.3837]],[[-110.4176,50.3592],[-110.4125,50.3678],[-110.4027,50.371],[-110.3881,50.3688],[-110.3831,50.3631],[-110.3877,50.354],[-110.3975,50.3508],[-110.4126,50.3536],[-110.4176,50.3592]],[[-110.2422,50.3136],[-110.2341,50.333],[-110.215,50.3445],[-110.185,50.3483],[-110.155,50.3409],[-110.125,50.3224],[-110.085,50.3079],[-110.035,50.2974],[-109.9941,50.2823],[-109.9623,50.2626],[-109.9673,50.2457],[-110.0091,50.2316],[-110.055,50.2249],[-110.105,50.2256],[-110.154,50.2326],[-110.2019,50.246],[-110.2309,50.2655],[-110.2412,50.2911],[-110.2422,50.3136]],[[-110.076,50.5011],[-110.0587,50.5132],[-110.0436,50.5164],[-110.0309,50.5107],[-110.0259,50.5011],[-110.0286,50.4875],[-110.0437,50.4843],[-110.071,50.4915],[-110.076,50.5011]]]}},{"type":"Feature","properties":{"c":"#00ff00","v0":0.002,"v1":0.003},"geometry":{"type":"Polygon","coordinates":[[[-118.3299,50.5115],[-118.3033,50.519],[-118.2839,50.519],[-118.2718,50.5115],[-118.2768,50.5038],[-118.2989,50.4956],[-118.3183,50.4956],[-118.3349,50.5038],[-118.3299,50.5115]]]}},{"type":"Feature","properties":{"c":"#00ff00","v0":0.002,"v1":0.003},"geometry":{"type":"Polygon","coordinates":[[[-105.6591,50.5089],[-105.6397,50.511],[-105.6292,50.5078],[-105.6277,50.4994],[-105.6327,50.4927],[-105.6442,50.488],[-105.6547,50.4912],[-105.6641,50.5023],[-105.6591,50.5089]]]}},{"type":"Feature","properties":{"c":"#00ff00","v0":0.002,"v1":0.003},"geometry":{"type":"Polygon","coordinates":[[[-104.7353,50.5],[-104.7184,50.5098],[-104.705,50.505],[-104.695,50.4856],[-104.695,50.4745],[-104.705,50.4718],[-104.7184,50.4766],[-104.7353,50.4889],[-104.7353,50.5]]]}},{"type":"Feature","properties":{"c":"#00ff00","v0":0.002,"v1":0.003},"geometry":{"type":"Polygon","coordinates":[[[-119.6433,50.4626],[-119.6211,50.4739],[-119.5946,50.4771],[-119.5638,50.4721],[-119.5749,50.4665],[-119.6279,50.4601],[-119.6433,50.4626]]]}},{"type":"Feature","properties":{"c":"#00ff00","v0":0.002,"v1":0.003},"geometry":{"type":"Polygon","coordinates":[[[-106.0395,50.4602],[-106.0332,50.4668],[-106.0231,50.4668],[-106.0092,50.4602],[-106.0123,50.4569],[-106.0325,50.4569],[-106.0395,50.4602]]]}},{"type":"Feature","properties":{"c":"#00ff00","v0":0.002,"v1":0.003},"geometry":{"type":"Polygon","coordinates":[[[-100.5162,50.462],[-100.4987,50.4722],[-100.4823,50.4722],[-100.4668,50.462],[-100.4668,50.4512],[-100.4823,50.4397],[-100.4987,50.4397],[-100.5162,50.4512],[-100.5162,50.462]]]}},{"type":"Feature","properties":{"c":"#00ff00","v0":0.002,"v1":0.003},"geometry":{"type":"Polygon","coordinates":[[[-118.6539,50.4258],[-118.638,50.4401],[-118.6096,50.4433],[-118.5689,50.4354],[-118.5539,50.424],[-118.5646,50.409],[-118.59,50.4024],[-118.63,50.4042],[-118.653,50.4085],[-118.6589,50.4153],[-118.6539,50.4258]]]}},{"type":"Feature","properties":{"c":"#00ff00","v0":0.002,"v1":0.003},"geometry":{"type":"Polygon","coordinates":[[[-105.6729,50.4266],[-105.6576,50.4425],[-105.645,50.4488],[-105.635,50.4456],[-105.63,50.4354],[-105.63,50.4182],[-105.64,50.4081],[-105.66,50.4051],[-105.6726,50.4074],[-105.6779,50.4149],[-105.6729,50.4266]]]}},{"type":"Feature","properties":{"c":"#00ff00","v0":0.002,"v1":0.003},"geometry":{"type":"Polygon","coordinates":[[[-105.009,50.4442],[-104.9894,50.4442],[-104.9802,50.441],[-104.9816,50.4346],[-104.9914,50.4346],[-105.0097,50.441],[-105.009,50.4442]]]}},{"type":"Feature","properties":{"c":"#00ff00","v0":0.002,"v1":0.003},"geometry":{"type":"Polygon","coordinates":[[[-118.184,50.3964],[-118.1736,50.4028],[-118.1638,50.3981],[-118.1546,50.3824],[-118.155,50.3739],[-118.165,50.3727],[-118.1748,50.3774],[-118.1843,50.3879],[-118.184,50.3964]]]}},{"type":"Feature","properties":{"c":"#00ff00","v0":0.002,"v1":0.003},"geometry":{"type":"Polygon","coordinates":[[[-120.0364,50.3857],[-120.0188,50.3961],[-119.9952,50.3961],[-119.9655,50.3857],[-119.9743,50.3805],[-120.0216,50.3805],[-120.0364,50.3857]]]}},{"type":"Feature","properties":{"c":"#00ff00","v0":0.002,"v1":0.003},"geometry":{"type":"Polygon","coordinates":[[[-118.4826,50.3737],[-118.4609,50.3857],[-118.435,50.3919],[-118.405,50.3922],[-118.3852,50.3798],[-118.3757,50.3547],[-118.3757,50.3381],[-118.3852,50.3299],[-118.4,50.3259],[-118.42,50.326],[-118.4459,50.3365],[-118.4776,50.3573],[-118.4826,50.3737]],[[-118.456,50.3732],[-118.4253,50.3843],[-118.4022,50.3843],[-118.3867,50.3732],[-118.3867,50.3594],[-118.4022,50.3428],[-118.4253,50.3428],[-118.456,50.3594],[-118.456,50.3732]]]}},{"type":"Feature","properties":{"c":"#00ff00","v0":0.002,"v1":0.003},"geometry":{"type":"Polygon","coordinates":[[[-101.6035,50.3768],[-101.5812,50.3949],[-101.56,50.4008],[-101.54,50.3943],[-101.525,50.3659],[-101.515,50.3155],[-101.5155,50.2905],[-101.5266,50.2909],[-101.5528,50.3103],[-101.5941,50.3486],[-101.6035,50.3768]],[[-101.5859,50.3727],[-101.562,50.3826],[-101.5453,50.3794],[-101.536,50.3631],[-101.541,50.3518],[-101.5603,50.3456],[-101.577,50.3488],[-101.5909,50.3614],[-101.5859,50.3727]]]}},{"type":"Feature","properties":{"c":"#00ff00","v0":0.002,"v1":0.003},"geometry":{"type":"Polygon","coordinates":[[[-98.5033,50.3844],[-98.4944,50.3922],[-98.4858,50.3922],[-98.4774,50.3844],[-98.4818,50.3805],[-98.4991,50.3805],[-98.5033,50.3844]]]}},{"type":"Feature","properties":{"c":"#00ff00","v0":0.002,"v1":0.003},"geometry":{"type":"Polygon","coordinates":[[[-106.1463,50.3107],[-106.1354,50.3243],[-106.115,50.3311],[-106.085,50.3312],[-106.045,50.3391],[-105.995,50.3549],[-105.935,50.3549],[-105.865,50.339],[-105.82,50.335],[-105.8,50.3428],[-105.7842,50.3424],[-105.7727,50.3337],[-105.7727,50.3258],[-105.7842,50.3185],[-105.8,50.3178],[-105.82,50.3237],[-105.875,50.32],[-105.965,50.3068],[-106.035,50.2928],[-106.085,50.2782],[-106.1182,50.2727],[-106.1345,50.2764],[-106.1449,50.2847],[-106.1495,50.2975],[-106.1463,50.3107]],[[-106.04,50.323],[-106.0328,50.3358],[-106.0144,50.346],[-105.9848,50.3537],[-105.9535,50.3505],[-105.9205,50.3365],[-105.9155,50.3239],[-105.9385,50.3127],[-105.9734,50.3095],[-106.0202,50.3143],[-106.04,50.323]],[[-106.114,50.3071],[-106.107,50.3135],[-106.1048,50.3103],[-106.1073,50.2975],[-106.1108,50.2943],[-106.1153,50.3007],[-106.114,50.3071]]]}},{"type":"Feature","properties":{"c":"#00ff00","v0":0.002,"v1":0.003},"geometry":{"type":"Polygon","coordinates":[[[-119.8481,50.3342],[-119.8227,50.3438],[-119.8007,50.347],[-119.7821,50.3438],[-119.7948,50.339],[-119.8388,50.3326],[-119.8481,50.3342]]]}},{"type":"Feature","properties":{"c":"#00ff00","v0":0.002,"v1":0.003},"geometry":{"type":"Polygon","coordinates":[[[-119.694,50.2975],[-119.6581,50.3103],[-119.6527,50.306],[-119.6776,50.2846],[-119.6955,50.2783],[-119.7064,50.2868],[-119.694,50.2975]]]}},{"type":"Feature","properties":{"c":"#00ff00","v0":0.002,"v1":0.003},"geometry":{"type":"Polygon","coordinates":[[[-106.3617,50.3075],[-106.3539,50.3148],[-106.3398,50.3148],[-106.3194,50.3075],[-106.3233,50.3039],[-106.3515,50.3039],[-106.3617,50.3075]]]}},{"type":"Feature","properties":{"c":"#00ff00","v0":0.002,"v1":0.003},"geometry":{"type":"Polygon","coordinates":[[[-105.5471,50.3186],[-105.5357,50.3226],[-105.5243,50.3195],[-105.5128,50.3091],[-105.5128,50.3026],[-105.5243,50.3001],[-105.5357,50.3033],[-105.5471,50.3122],[-105.5471,50.3186]]]}},{"type":"Feature","properties":{"c":"#00ff00","v0":0.002,"v1":0.003},"geometry":{"type":"Polygon","coordinates":[[[-106.4882,50.2825],[-106.4627,50.2907],[-106.4392,50.2907],[-106.4176,50.2825],[-106.4226,50.2736],[-106.4542,50.2642],[-106.4777,50.2642],[-106.4932,50.2736],[-106.4882,50.2825]]]}},{"type":"Feature","properties":{"c":"#00ff00","v0":0.002,"v1":0.003},"geometry":{"type":"Polygon","coordinates":[[[-106.2818,50.2899],[-106.2473,50.2874],[-106.2262,50.281],[-106.2186,50.2707],[-106.2359,50.2719],[-106.278,50.2847],[-106.2818,50.2899]]]}},{"type":"Feature","properties":{"c":"#00ff00","v0":0.002,"v1":0.003},"geometry":{"type":"Polygon","coordinates":[[[-101.761,50.234],[-101.7137,50.2731],[-101.68,50.2954],[-101.66,50.3009],[-101.6397,50.3005],[-101.6191,50.2942],[-101.6068,50.2815],[-101.6029,50.2623],[-101.6282,50.2379],[-101.6827,50.2083],[-101.72,50.1915],[-101.74,50.1878],[-101.7587,50.193],[-101.776,50.2072],[-101.761,50.234]],[[-101.7588,50.2228],[-101.7263,50.2397],[-101.7025,50.2589],[-101.6875,50.2804],[-101.6649,50.2911],[-101.6347,50.2911],[-101.6157,50.2847],[-101.608,50.2719],[-101.6105,50.2591],[-101.6233,50.2463],[-101.6448,50.2379],[-101.6749,50.2337],[-101.7,50.2217],[-101.72,50.202],[-101.7413,50.1977],[-101.7638,50.2088],[-101.7588,50.2228]]]}},{"type":"Feature","properties":{"c":"#00ff00","v0":0.002,"v1":0.003},"geometry":{"type":"Polygon","coordinates":[[[-97.9112,50.099],[-97.872,50.1503],[-97.8513,50.1856],[-97.8491,50.2048],[-97.8285,50.2237],[-97.7895,50.2424],[-97.735,50.2586],[-97.665,50.2724],[-97.615,50.2756],[-97.585,50.2684],[-97.5732,50.2426],[-97.5797,50.1982],[-97.5694,50.1663],[-97.5423,50.1471],[-97.5307,50.1311],[-97.5345,50.1183],[-97.5647,50.1023],[-97.6216,50.0832],[-97.7202,50.0736],[-97.8606,50.0734],[-97.9112,50.099]],[[-97.8571,50.1343],[-97.8266,50.1792],[-97.801,50.2064],[-97.7803,50.2161],[-97.74,50.2227],[-97.68,50.2263],[-97.6415,50.2247],[-97.6245,50.2178],[-97.6196,50.2048],[-97.6269,50.1856],[-97.6234,50.1631],[-97.609,50.1375],[-97.6074,50.1215],[-97.6186,50.1151],[-97.6756,50.1067],[-97.7785,50.0965],[-97.8406,50.0965],[-97.8617,50.1067],[-97.8571,50.1343]]]}},{"type":"Feature","properties":{"c":"#00ff00","v0":0.002,"v1":0.003},"geometry":{"type":"Polygon","coordinates":[[[-101.3358,50.2563],[-101.3186,50.2634],[-101.3025,50.2602],[-101.2876,50.2467],[-101.2876,50.2366],[-101.3025,50.2299],[-101.3186,50.2331],[-101.3358,50.2462],[-101.3358,50.2563]]]}},{"type":"Feature","properties":{"c":"#00ff00","v0":0.002,"v1":0.003},"geometry":{"type":"Polygon","coordinates":[[[-118.4421,50.2418],[-118.4207,50.2454],[-118.3988,50.2422],[-118.3765,50.2322],[-118.3765,50.223],[-118.3988,50.2146],[-118.4207,50.2178],[-118.4421,50.2326],[-118.4421,50.2418]]]}},{"type":"Feature","properties":{"c":"#00ff00","v0":0.002,"v1":0.003},"geometry":{"type":"Polygon","coordinates":[[[-110.5027,50.2119],[-110.4809,50.2327],[-110.4571,50.2423],[-110.4312,50.2407],[-110.4166,50.2336],[-110.413,50.2208],[-110.4159,50.2122],[-110.4253,50.2078],[-110.4509,50.2046],[-110.4927,50.2026],[-110.5027,50.2119]]]}},{"type":"Feature","properties":{"c":"#00ff00","v0":0.002,"v1":0.003},"geometry":{"type":"Polygon","coordinates":[[[-118.9277,50.2183],[-118.9159,50.2262],[-118.8984,50.2262],[-118.8751,50.2183],[-118.8751,50.2089],[-118.8984,50.198],[-118.9159,50.198],[-118.9277,50.2089],[-118.9277,50.2183]]]}},{"type":"Feature","properties":{"c":"#00ff00","v0":0.002,"v1":0.003},"geometry":{"type":"Polygon","coordinates":[[[-104.9672,50.1958],[-104.9557,50.21],[-104.935,50.218],[-104.905,50.2198],[-104.865,50.2116],[-104.815,50.1933],[-104.7838,50.1725],[-104.7715,50.1492],[-104.7765,50.1297],[-104.7988,50.1141],[-104.825,50.107],[-104.855,50.1081],[-104.8957,50.1288],[-104.9472,50.1688],[-104.9672,50.1958]],[[-104.9581,50.1937],[-104.9527,50.2035],[-104.94,50.211],[-104.92,50.2162],[-104.885,50.2111],[-104.835,50.1957],[-104.801,50.1817],[-104.7831,50.1693],[-104.7761,50.1535],[-104.78,50.1343],[-104.794,50.1205],[-104.818,50.112],[-104.84,50.1092],[-104.86,50.112],[-104.8927,50.1323],[-104.9381,50.1699],[-104.9581,50.1937]]]}},{"type":"Feature","properties":{"c":"#00ff00","v0":0.002,"v1":0.003},"geometry":{"type":"Polygon","coordinates":[[[-105.7272,50.1579],[-105.7157,50.173],[-105.6824,50.1826],[-105.6272,50.1867],[-105.5995,50.1824],[-105.5993,50.1695],[-105.6169,50.1539],[-105.6523,50.1354],[-105.68,50.1268],[-105.7,50.1283],[-105.7157,50.1344],[-105.7272,50.145],[-105.7272,50.1579]],[[-105.7197,50.1558],[-105.7132,50.1669],[-105.695,50.1704],[-105.665,50.1663],[-105.645,50.1689],[-105.635,50.1782],[-105.6242,50.1811],[-105.6127,50.1777],[-105.6177,50.1723],[-105.6392,50.165],[-105.655,50.1546],[-105.665,50.141],[-105.6832,50.1382],[-105.7097,50.1463],[-105.7197,50.1558]]]}},{"type":"Feature","properties":{"c":"#00ff00","v0":0.002,"v1":0.003},"geometry":{"type":"Polygon","coordinates":[[[-105.3861,50.1896],[-105.3754,50.1912],[-105.3698,50.188],[-105.3694,50.18],[-105.3748,50.1792],[-105.3859,50.1856],[-105.3861,50.1896]]]}},{"type":"Feature","properties":{"c":"#00ff00","v0":0.002,"v1":0.003},"geometry":{"type":"Polygon","coordinates":[[[-100.988,50.1535],[-100.9627,50.1599],[-100.9476,50.1567],[-100.9429,50.1439],[-100.9479,50.1348],[-100.9626,50.1295],[-100.9777,50.1327],[-100.993,50.1445],[-100.988,50.1535]]]}},{"type":"Feature","properties":{"c":"#00ff00","v0":0.002,"v1":0.003},"geometry":{"type":"Polygon","coordinates":[[[-93.1997,50.0059],[-93.1931,50.0252],[-93.1787,50.038],[-93.1564,50.0445],[-93.1364,50.0561],[-93.1188,50.0731],[-93.09,50.0719],[-93.05,50.0526],[-93.004,50.0377],[-92.9519,50.0272],[-92.9819,50.002],[-93.094,49.9621],[-93.1613,49.9461],[-93.1838,49.9538],[-93.197,49.9673],[-93.201,49.9866],[-93.1997,50.0059]],[[-93.1851,49.9931],[-93.1767,50.0123],[-93.1619,50.0261],[-93.1406,50.0344],[-93.125,50.0468],[-93.115,50.0632],[-93.105,50.0719],[-93.095,50.0729],[-93.0743,50.0605],[-93.0428,50.0348],[-93.0528,50.0048],[-93.1043,49.9704],[-93.14,49.9527],[-93.16,49.9518],[-93.1748,49.9594],[-93.1845,49.9754],[-93.1851,49.9931]]]}},{"type":"Feature","properties":{"c":"#00ff00","v0":0.002,"v1":0.003},"geometry":{"type":"Polygon","coordinates":[[[-101.6909,50.0538],[-101.677,50.0661],[-101.659,50.0661],[-101.6371,50.0538],[-101.6371,50.0417],[-101.659,50.0298],[-101.677,50.0298],[-101.6909,50.0417],[-101.6909,50.0538]],[[-101.6821,50.052],[-101.674,50.0606],[-101.6618,50.0606],[-101.6455,50.052],[-101.6455,50.0436],[-101.6618,50.0354],[-101.674,50.0354],[-101.6821,50.0436],[-101.6821,50.052]]]}},{"type":"Feature","properties":{"c":"#00ff00","v0":0.002,"v1":0.003},"geometry":{"type":"Polygon","coordinates":[[[-97.4875,50.0156],[-97.4811,50.0284],[-97.4709,50.0351],[-97.457,50.0358],[-97.4461,50.0261],[-97.4383,50.0062],[-97.4433,49.9955],[-97.4611,49.9939],[-97.4752,49.9971],[-97.4856,50.0051],[-97.4875,50.0156]],[[-97.4691,50.0123],[-97.4627,50.0188],[-97.4571,50.0185],[-97.4524,50.0117],[-97.4556,50.0084],[-97.4668,50.0089],[-97.4691,50.0123]]]}},{"type":"Feature","properties":{"c":"#00ff00","v0":0.002,"v1":0.003},"geometry":{"type":"Polygon","coordinates":[[[-97.786,50.0091],[-97.7636,50.0091],[-97.7569,50.0046],[-97.7656,49.9956],[-97.7768,49.9956],[-97.7904,50.0046],[-97.786,50.0091]]]}},{"type":"Feature","properties":{"c":"#00ff00","v0":0.002,"v1":0.003},"geometry":{"type":"Polygon","coordinates":[[[-97.6268,49.9875],[-97.6156,49.9957],[-97.61,49.9917],[-97.61,49.9756],[-97.6156,49.9716],[-97.6268,49.9795],[-97.6268,49.9875]]]}},{"type":"Feature","properties":{"c":"#00ff00","v0":0.002,"v1":0.003},"geometry":{"type":"Polygon","coordinates":[[[-92.9455,49.761],[-92.912,49.8062],[-92.9046,49.8417],[-92.9235,49.8675],[-92.9237,49.8965],[-92.9052,49.9287],[-92.8695,49.956],[-92.8165,49.9784],[-92.755,49.9943],[-92.685,50.0035],[-92.635,50.0047],[-92.605,49.9977],[-92.587,49.9883],[-92.5809,49.9765],[-92.5875,49.9545],[-92.6067,49.9223],[-92.6114,49.8901],[-92.6015,49.8579],[-92.6052,49.8353],[-92.6227,49.8224],[-92.6561,49.8087],[-92.7054,49.7942],[-92.73,49.775],[-92.73,49.7511],[-92.75,49.7408],[-92.79,49.7443],[-92.825,49.7381],[-92.855,49.7223],[-92.8931,49.7204],[-92.9392,49.7324],[-92.9455,49.761]],[[-92.8762,49.8514],[-92.8751,49.8965],[-92.8694,49.9255],[-92.8591,49.9384],[-92.8329,49.9515],[-92.791,49.9648],[-92.75,49.9703],[-92.71,49.9679],[-92.67,49.9703],[-92.63,49.9777],[-92.6138,49.9722],[-92.6215,49.9539],[-92.6392,49.9352],[-92.6668,49.9158],[-92.6707,49.8933],[-92.6507,49.8675],[-92.6431,49.847],[-92.6477,49.8318],[-92.675,49.8167],[-92.725,49.8017],[-92.755,49.7866],[-92.765,49.7714],[-92.795,49.7696],[-92.845,49.7813],[-92.8717,49.7975],[-92.875,49.8184],[-92.8762,49.8514]]]}},{"type":"Feature","properties":{"c":"#00ff00","v0":0.002,"v1":0.003},"geometry":{"type":"Polygon","coordinates":[[[-111.0637,49.92],[-111.0012,49.9475],[-110.9555,49.9539],[-110.9265,49.9393],[-110.9125,49.9255],[-110.9136,49.9126],[-110.9342,49.8965],[-110.9744,49.8772],[-110.9983,49.8585],[-111.0061,49.8406],[-111.0196,49.8341],[-111.0388,49.8392],[-111.0601,49.8579],[-111.0833,49.8901],[-111.0637,49.92]],[[-111.0539,49.9184],[-110.998,49.9428],[-110.9576,49.9493],[-110.9328,49.9377],[-110.9215,49.9255],[-110.9238,49.9126],[-110.9512,49.892],[-111.0037,49.8635],[-111.043,49.8635],[-111.0689,49.892],[-111.0539,49.9184]]]}},{"type":"Feature","properties":{"c":"#00ff00","v0":0.002,"v1":0.003},"geometry":{"type":"Polygon","coordinates":[[[-93.0137,49.948],[-93.0112,49.9545],[-92.9966,49.9545],[-92.9699,49.948],[-92.9711,49.9448],[-93.0003,49.9448],[-93.0137,49.948]]]}},{"type":"Feature","properties":{"c":"#00ff00","v0":0.002,"v1":0.003},"geometry":{"type":"Polygon","coordinates":[[[-110.175,49.8733],[-110.1583,49.8848],[-110.1435,49.8848],[-110.1304,49.8733],[-110.1304,49.8637],[-110.1435,49.8562],[-110.1583,49.8562],[-110.175,49.8637],[-110.175,49.8733]],[[-110.1623,49.8707],[-110.1525,49.8772],[-110.1463,49.8772],[-110.1436,49.8707],[-110.1485,49.8675],[-110.161,49.8675],[-110.1623,49.8707]]]}},{"type":"Feature","properties":{"c":"#00ff00","v0":0.002,"v1":0.003},"geometry":{"type":"Polygon","coordinates":[[[-110.4817,49.7594],[-110.4739,49.7753],[-110.459,49.785],[-110.4369,49.7884],[-110.4232,49.803],[-110.4179,49.8288],[-110.3926,49.845],[-110.3473,49.8514],[-110.321,49.8482],[-110.3136,49.8353],[-110.3185,49.8127],[-110.3357,49.7804],[-110.3606,49.7643],[-110.3931,49.7643],[-110.4195,49.7562],[-110.4398,49.7401],[-110.4589,49.7369],[-110.4767,49.7465],[-110.4817,49.7594]],[[-110.3945,49.8083],[-110.3915,49.819],[-110.3762,49.8287],[-110.3486,49.8374],[-110.3386,49.8253],[-110.3462,49.7924],[-110.3569,49.7762],[-110.3708,49.7769],[-110.3823,49.7837],[-110.3914,49.7966],[-110.3945,49.8083]],[[-110.4616,49.7664],[-110.4539,49.7707],[-110.4457,49.7675],[-110.4372,49.7567],[-110.4372,49.7498],[-110.4457,49.7467],[-110.4539,49.7499],[-110.4616,49.7595],[-110.4616,49.7664]]]}},{"type":"Feature","properties":{"c":"#00ff00","v0":0.002,"v1":0.003},"geometry":{"type":"Polygon","coordinates":[[[-110.6281,49.8331],[-110.616,49.8417],[-110.6038,49.8417],[-110.5915,49.8331],[-110.5915,49.8253],[-110.6038,49.8181],[-110.616,49.8181],[-110.6281,49.8253],[-110.6281,49.8331]]]}},{"type":"Feature","properties":{"c":"#00ff00","v0":0.002,"v1":0.003},"geometry":{"type":"Polygon","coordinates":[[[-109.9801,49.8437],[-109.96,49.8475],[-109.9471,49.8443],[-109.9414,49.834],[-109.9464,49.8264],[-109.9621,49.8216],[-109.975,49.8248],[-109.9851,49.8361],[-109.9801,49.8437]]]}},{"type":"Feature","properties":{"c":"#00ff00","v0":0.002,"v1":0.003},"geometry":{"type":"Polygon","coordinates":[[[-122.7047,49.7675],[-122.6999,49.7998],[-122.6856,49.8178],[-122.6619,49.8215],[-122.6478,49.8118],[-122.6434,49.7887],[-122.6229,49.7707],[-122.5861,49.7578],[-122.5652,49.7449],[-122.56,49.732],[-122.5855,49.723],[-122.6418,49.718],[-122.6793,49.7245],[-122.6978,49.7424],[-122.7047,49.7675]],[[-122.685,49.8068],[-122.675,49.8143],[-122.6641,49.8143],[-122.6522,49.8068],[-122.6522,49.7981],[-122.6641,49.7884],[-122.675,49.7884],[-122.685,49.7981],[-122.685,49.8068]],[[-122.6899,49.7568],[-122.6766,49.7676],[-122.6497,49.7676],[-122.6092,49.7568],[-122.5842,49.7465],[-122.5747,49.7369],[-122.595,49.7298],[-122.645,49.7253],[-122.6766,49.7301],[-122.6899,49.7443],[-122.6899,49.7568]]]}},{"type":"Feature","properties":{"c":"#00ff00","v0":0.002,"v1":0.003},"geometry":{"type":"Polygon","coordinates":[[[-123.9518,49.5798],[-123.9426,49.5993],[-123.916,49.6218],[-123.872,49.6473],[-123.85,49.6894],[-123.85,49.748],[-123.84,49.7769],[-123.82,49.776],[-123.7912,49.7566],[-123.7535,49.7186],[-123.7185,49.7105],[-123.6862,49.7322],[-123.663,49.7354],[-123.6491,49.7202],[-123.6342,49.6835],[-123.6184,49.6252],[-123.6007,49.5895],[-123.581,49.5766],[-123.576,49.5571],[-123.5855,49.5312],[-123.5693,49.5019],[-123.5275,49.4695],[-123.5083,49.4435],[-123.5117,49.4239],[-123.5226,49.4097],[-123.5409,49.4008],[-123.57,49.4013],[-123.61,49.4112],[-123.65,49.4116],[-123.69,49.4025],[-123.725,49.4141],[-123.755,49.4463],[-123.8,49.4691],[-123.86,49.4824],[-123.9066,49.5093],[-123.9398,49.5499],[-123.9518,49.5798]],[[-123.837,49.731],[-123.819,49.7419],[-123.8,49.7325],[-123.78,49.7028],[-123.76,49.6854],[-123.74,49.6804],[-123.72,49.6815],[-123.7,49.6887],[-123.6861,49.6877],[-123.6784,49.6784],[-123.7034,49.6644],[-123.7611,49.6457],[-123.796,49.6392],[-123.8081,49.645],[-123.8221,49.6673],[-123.838,49.7061],[-123.837,49.731]],[[-123.9401,49.578],[-123.9334,49.5939],[-123.915,49.606],[-123.885,49.6143],[-123.835,49.5993],[-123.765,49.5609],[-123.71,49.5413],[-123.67,49.5405],[-123.6188,49.5184],[-123.5563,49.475],[-123.5263,49.4437],[-123.5288,49.4248],[-123.54,49.4137],[-123.56,49.4103],[-123.595,49.4153],[-123.645,49.4287],[-123.69,49.4484],[-123.73,49.4746],[-123.78,49.4898],[-123.84,49.494],[-123.8884,49.5147],[-123.9251,49.5516],[-123.9401,49.578]]]}},{"type":"Feature","properties":{"c":"#00ff00","v0":0.002,"v1":0.003},"geometry":{"type":"Polygon","coordinates":[[[-98.4757,49.6284],[-98.4701,49.6414],[-98.4579,49.6508],[-98.4393,49.6568],[-98.4208,49.6535],[-98.4024,49.6411],[-98.3947,49.6252],[-98.3976,49.6058],[-98.4157,49.596],[-98.4489,49.596],[-98.4688,49.6025],[-98.4753,49.6155],[-98.4757,49.6284]]]}},{"type":"Feature","properties":{"c":"#00ff00","v0":0.002,"v1":0.003},"geometry":{"type":"Polygon","coordinates":[[[-124.3171,49.5908],[-124.299,49.6062],[-124.275,49.6142],[-124.245,49.6147],[-124.2221,49.6102],[-124.2062,49.6007],[-124.193,49.5798],[-124.1826,49.5474],[-124.1805,49.5294],[-124.1868,49.5258],[-124.224,49.5388],[-124.2921,49.5683],[-124.3171,49.5908]],[[-124.3057,49.5886],[-124.2952,49.5997],[-124.2778,49.6062],[-124.2533,49.6081],[-124.2333,49.6046],[-124.2178,49.5959],[-124.2093,49.5829],[-124.208,49.5657],[-124.2332,49.5636],[-124.285,49.5766],[-124.3057,49.5886]]]}},{"type":"Feature","properties":{"c":"#00ff00","v0":0.002,"v1":0.003},"geometry":{"type":"Polygon","coordinates":[[[-122.1783,49.6019],[-122.1594,49.6136],[-122.141,49.6136],[-122.1229,49.6019],[-122.1229,49.5899],[-122.141,49.5776],[-122.1594,49.5776],[-122.1783,49.5899],[-122.1783,49.6019]],[[-122.1691,49.5999],[-122.1564,49.6076],[-122.1444,49.6076],[-122.1333,49.5999],[-122.1333,49.5921],[-122.1444,49.5843],[-122.1564,49.5843],[-122.1691,49.5921],[-122.1691,49.5999]]]}},{"type":"Feature","properties":{"c":"#00ff00","v0":0.002,"v1":0.003},"geometry":{"type":"Polygon","coordinates":[[[-122.2642,49.5247],[-122.2576,49.5377],[-122.2483,49.5441],[-122.2361,49.5439],[-122.2224,49.5277],[-122.2071,49.4954],[-122.2121,49.4818],[-122.2374,49.4871],[-122.2544,49.4968],[-122.2631,49.5111],[-122.2642,49.5247]]]}},{"type":"Feature","properties":{"c":"#00ff00","v0":0.002,"v1":0.003},"geometry":{"type":"Polygon","coordinates":[[[-124.0465,49.5323],[-124.0355,49.5345],[-124.03,49.5316],[-124.03,49.5235],[-124.0355,49.5224],[-124.0465,49.5283],[-124.0465,49.5323]]]}},{"type":"Feature","properties":{"c":"#00ff00","v0":0.002,"v1":0.003},"geometry":{"type":"Polygon","coordinates":[[[-122.1209,49.5018],[-122.1003,49.5211],[-122.0843,49.5308],[-122.0729,49.531],[-122.0729,49.5183],[-122.0843,49.4925],[-122.095,49.4784],[-122.105,49.4758],[-122.1153,49.4789],[-122.1259,49.4878],[-122.1209,49.5018]]]}},{"type":"Feature","properties":{"c":"#00ff00","v0":0.002,"v1":0.003},"geometry":{"type":"Polygon","coordinates":[[[-123.2343,49.3914],[-123.2119,49.45],[-123.193,49.4845],[-123.1777,49.4951],[-123.1655,49.4984],[-123.1566,49.4943],[-123.1528,49.4792],[-123.1541,49.4532],[-123.1436,49.4338],[-123.1212,49.421],[-123.075,49.436],[-123.005,49.4788],[-122.9626,49.495],[-122.9477,49.4845],[-122.9512,49.4695],[-122.9732,49.45],[-122.9807,49.437],[-122.9739,49.4305],[-122.9554,49.4327],[-122.9251,49.4437],[-122.885,49.449],[-122.835,49.4485],[-122.79,49.4343],[-122.75,49.4065],[-122.724,49.3979],[-122.712,49.4088],[-122.7133,49.4239],[-122.7278,49.4435],[-122.7288,49.4683],[-122.7163,49.4986],[-122.7,49.5149],[-122.68,49.5174],[-122.66,49.5054],[-122.64,49.4789],[-122.615,49.4651],[-122.585,49.4638],[-122.5768,49.4477],[-122.5905,49.4167],[-122.6205,49.3822],[-122.6668,49.3442],[-122.6957,49.3246],[-122.7071,49.3236],[-122.7221,49.3348],[-122.7407,49.3583],[-122.7609,49.3648],[-122.7828,49.3543],[-122.788,49.336],[-122.7765,49.31],[-122.7805,49.2925],[-122.8002,49.2836],[-122.82,49.2815],[-122.84,49.2862],[-122.8518,49.3037],[-122.8555,49.334],[-122.8655,49.3522],[-122.8818,49.3585],[-122.905,49.3531],[-122.935,49.3362],[-122.995,49.336],[-123.085,49.3526],[-123.145,49.3542],[-123.175,49.3408],[-123.2039,49.3411],[-123.2316,49.3551],[-123.2343,49.3914]],[[-122.7214,49.4749],[-122.7138,49.4922],[-122.7,49.5017],[-122.68,49.5033],[-122.6566,49.4849],[-122.6298,49.4465],[-122.6198,49.4211],[-122.6266,49.4089],[-122.65,49.4096],[-122.69,49.4231],[-122.7138,49.4389],[-122.7214,49.4571],[-122.7214,49.4749]],[[-123.2155,49.3803],[-123.1985,49.4168],[-123.17,49.4236],[-123.13,49.4007],[-123.0975,49.402],[-123.0726,49.4275],[-123.0476,49.4425],[-123.0225,49.4472],[-123.0064,49.4375],[-122.9993,49.4133],[-123.0071,49.3882],[-123.0298,49.3621],[-123.0493,49.3491],[-123.0654,49.3491],[-123.0826,49.3584],[-123.1009,49.377],[-123.13,49.3786],[-123.17,49.3631],[-123.1985,49.357],[-123.2155,49.3604],[-123.2155,49.3803]],[[-123.0023,49.4715],[-122.9941,49.482],[-122.9816,49.4853],[-122.9649,49.4812],[-122.9649,49.4741],[-122.9816,49.4637],[-122.9941,49.4605],[-123.0023,49.4643],[-123.0023,49.4715]],[[-122.9635,49.4113],[-122.9278,49.4314],[-122.885,49.4412],[-122.835,49.4406],[-122.8024,49.437],[-122.7871,49.4305],[-122.7747,49.4174],[-122.7649,49.3979],[-122.7725,49.3814],[-122.7975,49.3678],[-122.83,49.3642],[-122.87,49.3704],[-122.905,49.3711],[-122.935,49.366],[-122.9578,49.3729],[-122.9735,49.3917],[-122.9635,49.4113]],[[-122.7044,49.3784],[-122.6786,49.3849],[-122.6718,49.3795],[-122.6839,49.3623],[-122.6968,49.359],[-122.7104,49.3698],[-122.7044,49.3784]],[[-122.8421,49.3143],[-122.834,49.323],[-122.8212,49.3197],[-122.8035,49.3045],[-122.8035,49.2951],[-122.8212,49.2914],[-122.834,49.2947],[-122.8421,49.3049],[-122.8421,49.3143]]]}},{"type":"Feature","properties":{"c":"#00ff00","v0":0.002,"v1":0.003},"geometry":{"type":"Polygon","coordinates":[[[-124.0535,49.3838],[-124.0245,49.427],[-123.985,49.4519],[-123.935,49.4586],[-123.9026,49.4565],[-123.8878,49.4456],[-123.8778,49.428],[-123.8726,49.4035],[-123.8601,49.3872],[-123.8404,49.3792],[-123.8354,49.3665],[-123.8451,49.3491],[-123.865,49.3448],[-123.895,49.3537],[-123.945,49.3539],[-124.015,49.3456],[-124.0545,49.3466],[-124.0635,49.3569],[-124.0535,49.3838]],[[-124.042,49.3788],[-124.0207,49.4121],[-123.99,49.4334],[-123.95,49.4427],[-123.9228,49.4456],[-123.9083,49.442],[-123.9063,49.4239],[-123.9167,49.3914],[-123.9489,49.3695],[-124.003,49.3583],[-124.0357,49.3551],[-124.047,49.3598],[-124.042,49.3788]]]}},{"type":"Feature","properties":{"c":"#00ff00","v0":0.002,"v1":0.003},"geometry":{"type":"Polygon","coordinates":[[[-122.2713,49.4145],[-122.2438,49.441],[-122.2168,49.4475],[-122.1904,49.434],[-122.1782,49.4207],[-122.1803,49.4077],[-122.1985,49.394],[-122.2328,49.3796],[-122.2561,49.3731],[-122.2683,49.3745],[-122.2771,49.3816],[-122.2824,49.3947],[-122.2713,49.4145]],[[-122.2458,49.4108],[-122.2353,49.43],[-122.225,49.438],[-122.215,49.4349],[-122.208,49.4286],[-122.204,49.419],[-122.2142,49.4109],[-122.2388,49.4044],[-122.2458,49.4108]]]}},{"type":"Feature","properties":{"c":"#00ff00","v0":0.002,"v1":0.003},"geometry":{"type":"Polygon","coordinates":[[[-122.352,49.4296],[-122.3373,49.4344],[-122.327,49.4312],[-122.3211,49.4199],[-122.3261,49.4139],[-122.342,49.4132],[-122.3523,49.4164],[-122.357,49.4236],[-122.352,49.4296]]]}},{"type":"Feature","properties":{"c":"#00ff00","v0":0.002,"v1":0.003},"geometry":{"type":"Polygon","coordinates":[[[-122.6971,49.0741],[-122.679,49.099],[-122.645,49.1137],[-122.595,49.118],[-122.5632,49.1317],[-122.5495,49.1548],[-122.5152,49.1729],[-122.4601,49.1859],[-122.4302,49.1957],[-122.4256,49.2023],[-122.435,49.2114],[-122.4583,49.223],[-122.4773,49.2393],[-122.4918,49.2603],[-122.5192,49.2741],[-122.5594,49.2806],[-122.584,49.2904],[-122.5928,49.3035],[-122.5888,49.3198],[-122.5719,49.3393],[-122.5351,49.362],[-122.4784,49.3878],[-122.4465,49.378],[-122.4395,49.3327],[-122.4195,49.3103],[-122.3865,49.3108],[-122.355,49.2992],[-122.325,49.2755],[-122.3048,49.223],[-122.2943,49.1416],[-122.2698,49.0911],[-122.2313,49.0714],[-122.2241,49.0485],[-122.2483,49.0223],[-122.2527,48.9975],[-122.2376,48.9742],[-122.27,48.9675],[-122.35,48.9775],[-122.3907,48.9924],[-122.3921,49.0123],[-122.4071,49.0325],[-122.4357,49.0531],[-122.46,49.0647],[-122.48,49.0674],[-122.5015,49.067],[-122.5245,49.0634],[-122.5495,49.0427],[-122.5765,49.005],[-122.6,48.9852],[-122.62,48.9835],[-122.6394,48.986],[-122.6583,48.9927],[-122.6636,49.0059],[-122.6551,49.0255],[-122.6647,49.0419],[-122.6923,49.055],[-122.6971,49.0741]],[[-122.409,49.2773],[-122.3963,49.2903],[-122.3818,49.287],[-122.3655,49.2675],[-122.3655,49.2564],[-122.3818,49.2535],[-122.3963,49.2568],[-122.409,49.2662],[-122.409,49.2773]],[[-122.285,49.0632],[-122.2617,49.0665],[-122.2454,49.0633],[-122.2363,49.0534],[-122.2413,49.0449],[-122.2604,49.0378],[-122.2767,49.041],[-122.29,49.0547],[-122.285,49.0632]],[[-122.5287,49.1107],[-122.5199,49.1303],[-122.5091,49.1418],[-122.4964,49.1451],[-122.47,49.1439],[-122.43,49.1384],[-122.4,49.1298],[-122.38,49.1181],[-122.36,49.114],[-122.34,49.1174],[-122.3264,49.108],[-122.3192,49.0858],[-122.3292,49.065],[-122.3564,49.0455],[-122.385,49.046],[-122.415,49.0665],[-122.4535,49.0795],[-122.5004,49.085],[-122.5262,49.0911],[-122.5309,49.0976],[-122.5287,49.1107]],[[-122.5648,49.323],[-122.5353,49.3491],[-122.508,49.3647],[-122.4827,49.3699],[-122.4675,49.3633],[-122.4624,49.3451],[-122.4695,49.3263],[-122.4885,49.3067],[-122.5111,49.2952],[-122.537,49.2917],[-122.5574,49.2949],[-122.5721,49.305],[-122.5648,49.323]]]}},{"type":"Feature","properties":{"c":"#00ff00","v0":0.002,"v1":0.003},"geometry":{"type":"Polygon","coordinates":[[[-122.2009,49.3008],[-122.1936,49.3084],[-122.1821,49.3084],[-122.1662,49.3008],[-122.1612,49.2933],[-122.1671,49.2861],[-122.1786,49.2861],[-122.1959,49.2933],[-122.2009,49.3008]]]}},{"type":"Feature","properties":{"c":"#00ff00","v0":0.002,"v1":0.003},"geometry":{"type":"Polygon","coordinates":[[[-123.0877,49.266],[-123.0759,49.2825],[-123.0555,49.2857],[-123.0265,49.2758],[-123.0165,49.262],[-123.0255,49.2443],[-123.04,49.2356],[-123.06,49.2358],[-123.0759,49.2414],[-123.0877,49.2523],[-123.0877,49.266]],[[-123.0799,49.2639],[-123.0733,49.2762],[-123.058,49.2795],[-123.0341,49.2737],[-123.0291,49.2631],[-123.043,49.2475],[-123.0583,49.2443],[-123.0749,49.2533],[-123.0799,49.2639]]]}},{"type":"Feature","properties":{"c":"#00ff00","v0":0.002,"v1":0.003},"geometry":{"type":"Polygon","coordinates":[[[-110.0922,49.2656],[-110.0507,49.2813],[-110.0197,49.2846],[-109.999,49.2754],[-109.999,49.2633],[-110.0197,49.2483],[-110.045,49.24],[-110.075,49.2385],[-110.0957,49.2427],[-110.1072,49.2528],[-110.0922,49.2656]],[[-110.033,49.2708],[-110.017,49.2708],[-110.0142,49.2674],[-110.0247,49.2604],[-110.0328,49.2604],[-110.0383,49.2674],[-110.033,49.2708]]]}},{"type":"Feature","properties":{"c":"#00ff00","v0":0.002,"v1":0.003},"geometry":{"type":"Polygon","coordinates":[[[-81.8385,49.2772],[-81.8195,49.2899],[-81.795,49.295],[-81.765,49.2923],[-81.7452,49.2859],[-81.7355,49.2759],[-81.7555,49.2639],[-81.8052,49.2501],[-81.8345,49.2501],[-81.8435,49.2639],[-81.8385,49.2772]],[[-81.8225,49.2736],[-81.8142,49.2791],[-81.7981,49.2791],[-81.7743,49.2736],[-81.7743,49.2673],[-81.7981,49.2603],[-81.8142,49.2603],[-81.8225,49.2673],[-81.8225,49.2736]]]}},{"type":"Feature","properties":{"c":"#00ff00","v0":0.002,"v1":0.003},"geometry":{"type":"Polygon","coordinates":[[[-122.1297,49.2251],[-122.1219,49.2382],[-122.106,49.2458],[-122.082,49.2478],[-122.0647,49.2478],[-122.0541,49.2458],[-122.0461,49.2349],[-122.0407,49.2153],[-122.041,49.2022],[-122.047,49.1956],[-122.0637,49.1924],[-122.091,49.1924],[-122.1119,49.199],[-122.1263,49.2121],[-122.1297,49.2251]]]}},{"type":"Feature","properties":{"c":"#00ff00","v0":0.002,"v1":0.003},"geometry":{"type":"Polygon","coordinates":[[[-67.9692,49.2016],[-67.9431,49.2197],[-67.9195,49.223],[-67.8984,49.2114],[-67.8984,49.1975],[-67.9195,49.1813],[-67.94,49.173],[-67.96,49.1727],[-67.9731,49.1775],[-67.9792,49.1875],[-67.9692,49.2016]],[[-67.9545,49.1968],[-67.9515,49.2055],[-67.94,49.2103],[-67.92,49.2111],[-67.9103,49.2068],[-67.9109,49.1972],[-67.9224,49.1925],[-67.9448,49.1925],[-67.9545,49.1968]]]}},{"type":"Feature","properties":{"c":"#00ff00","v0":0.002,"v1":0.003},"geometry":{"type":"Polygon","coordinates":[[[-121.7999,49.1074],[-121.7937,49.1205],[-121.7655,49.1414],[-121.7152,49.17],[-121.6574,49.1765],[-121.5923,49.161],[-121.5629,49.1467],[-121.5692,49.1336],[-121.5967,49.1293],[-121.6456,49.1339],[-121.68,49.1335],[-121.7,49.1283],[-121.72,49.1139],[-121.74,49.0903],[-121.7632,49.0841],[-121.7897,49.0953],[-121.7999,49.1074]],[[-121.6176,49.1533],[-121.5992,49.1533],[-121.5895,49.15],[-121.5884,49.1434],[-121.5976,49.1434],[-121.617,49.15],[-121.6176,49.1533]]]}},{"type":"Feature","properties":{"c":"#00ff00","v0":0.002,"v1":0.003},"geometry":{"type":"Polygon","coordinates":[[[-110.1269,49.1566],[-110.1156,49.1633],[-110.1033,49.1633],[-110.09,49.1566],[-110.09,49.1487],[-110.1033,49.1395],[-110.1156,49.1395],[-110.1269,49.1487],[-110.1269,49.1566]]]}},{"type":"Feature","properties":{"c":"#00ff00","v0":0.002,"v1":0.003},"geometry":{"type":"Polygon","coordinates":[[[-124.1029,49.1335],[-124.0676,49.1463],[-124.0335,49.1463],[-124.0006,49.1335],[-123.9906,49.1213],[-124.0035,49.1097],[-124.025,49.1031],[-124.055,49.1015],[-124.0826,49.1073],[-124.1079,49.1205],[-124.1029,49.1335]],[[-124.0841,49.1317],[-124.0614,49.141],[-124.0374,49.141],[-124.0121,49.1317],[-124.0071,49.1226],[-124.0224,49.1136],[-124.0464,49.1136],[-124.0791,49.1226],[-124.0841,49.1317]]]}},{"type":"Feature","properties":{"c":"#00ff00","v0":0.002,"v1":0.003},"geometry":{"type":"Polygon","coordinates":[[[-124.2004,49.0936],[-124.1935,49.1053],[-124.185,49.1105],[-124.175,49.1093],[-124.165,49.0973],[-124.155,49.0743],[-124.1585,49.0625],[-124.1756,49.0619],[-124.1891,49.0681],[-124.1989,49.0812],[-124.2004,49.0936]]]}},{"type":"Feature","properties":{"c":"#00ff00","v0":0.002,"v1":0.003},"geometry":{"type":"Polygon","coordinates":[[[-123.8553,49.0807],[-123.8384,49.0926],[-123.8205,49.0926],[-123.8014,49.0807],[-123.8014,49.0687],[-123.8205,49.0567],[-123.8384,49.0567],[-123.8553,49.0687],[-123.8553,49.0807]],[[-123.8461,49.0787],[-123.8354,49.0866],[-123.8235,49.0866],[-123.8104,49.0787],[-123.8104,49.0707],[-123.8235,49.0627],[-123.8354,49.0627],[-123.8461,49.0707],[-123.8461,49.0787]]]}},{"type":"Feature","properties":{"c":"#00ff00","v0":0.002,"v1":0.003},"geometry":{"type":"Polygon","coordinates":[[[-124.087,49.0539],[-124.0757,49.0647],[-124.0613,49.0647],[-124.0439,49.0539],[-124.0439,49.0447],[-124.0613,49.037],[-124.0757,49.037],[-124.087,49.0447],[-124.087,49.0539]]]}},{"type":"Feature","properties":{"c":"#00ff00","v0":0.002,"v1":0.003},"geometry":{"type":"Polygon","coordinates":[[[-123.9715,48.95],[-123.9572,48.9632],[-123.938,48.9632],[-123.9139,48.95],[-123.9089,48.9371],[-123.923,48.9242],[-123.9422,48.9242],[-123.9665,48.9371],[-123.9715,48.95]],[[-123.9583,48.9475],[-123.9528,48.9555],[-123.9425,48.9555],[-123.9274,48.9475],[-123.9224,48.941],[-123.9275,48.9359],[-123.9378,48.9359],[-123.9533,48.941],[-123.9583,48.9475]]]}},{"type":"Feature","properties":{"c":"#00ff00","v0":0.002,"v1":0.003},"geometry":{"type":"Polygon","coordinates":[[[-122.6324,48.929],[-122.6041,48.9526],[-122.5873,48.9526],[-122.5819,48.929],[-122.5919,48.9138],[-122.6173,48.9071],[-122.6341,48.9071],[-122.6424,48.9138],[-122.6324,48.929]]]}},{"type":"Feature","properties":{"c":"#00ff00","v0":0.002,"v1":0.003},"geometry":{"type":"Polygon","coordinates":[[[-123.7185,48.8986],[-123.6995,48.9139],[-123.6761,48.9172],[-123.6484,48.9084],[-123.6361,48.8975],[-123.6392,48.8843],[-123.6481,48.8745],[-123.6627,48.8679],[-123.68,48.8658],[-123.7,48.8681],[-123.7145,48.8746],[-123.7235,48.8855],[-123.7185,48.8986]],[[-123.7109,48.8967],[-123.697,48.9084],[-123.6781,48.9084],[-123.6542,48.8967],[-123.6542,48.8857],[-123.6781,48.8753],[-123.697,48.8753],[-123.7109,48.8857],[-123.7109,48.8967]]]}},{"type":"Feature","properties":{"c":"#00ff00","v0":0.002,"v1":0.003},"geometry":{"type":"Polygon","coordinates":[[[-81.4532,48.9078],[-81.4511,48.9152],[-81.445,48.9117],[-81.435,48.8973],[-81.435,48.8894],[-81.445,48.8882],[-81.4511,48.8917],[-81.4532,48.8999],[-81.4532,48.9078]]]}},{"type":"Feature","properties":{"c":"#00ff00","v0":0.002,"v1":0.003},"geometry":{"type":"Polygon","coordinates":[[[-121.6093,48.8297],[-121.5964,48.8389],[-121.5839,48.8422],[-121.5716,48.8396],[-121.5716,48.8307],[-121.5839,48.8156],[-121.5964,48.8123],[-121.6093,48.8209],[-121.6093,48.8297]]]}},{"type":"Feature","properties":{"c":"#00ff00","v0":0.002,"v1":0.003},"geometry":{"type":"Polygon","coordinates":[[[-121.8623,48.7722],[-121.8274,48.7981],[-121.8025,48.808],[-121.7875,48.8019],[-121.7875,48.7826],[-121.8025,48.7501],[-121.82,48.7328],[-121.84,48.7305],[-121.8574,48.7369],[-121.8723,48.7518],[-121.8623,48.7722]],[[-121.8637,48.7646],[-121.8546,48.7755],[-121.8374,48.782],[-121.8123,48.7844],[-121.8073,48.7735],[-121.8224,48.7493],[-121.8396,48.7427],[-121.8587,48.7537],[-121.8637,48.7646]]]}},{"type":"Feature","properties":{"c":"#00ff00","v0":0.002,"v1":0.003},"geometry":{"type":"Polygon","coordinates":[[[-122.0839,48.6874],[-122.0746,48.7021],[-122.05,48.7121],[-122.01,48.7173],[-121.9802,48.7166],[-121.9607,48.7098],[-121.945,48.6966],[-121.9332,48.6768],[-121.933,48.6609],[-121.9443,48.649],[-121.975,48.6391],[-122.025,48.6311],[-122.0567,48.6304],[-122.0702,48.6371],[-122.0799,48.6503],[-122.0856,48.6701],[-122.0839,48.6874]],[[-122.0601,48.6735],[-122.0489,48.6867],[-122.0299,48.6972],[-122.0033,48.7052],[-121.9806,48.6986],[-121.9619,48.6774],[-121.9769,48.6608],[-122.0256,48.6486],[-122.0539,48.6486],[-122.0618,48.6608],[-122.0601,48.6735]]]}},{"type":"Feature","properties":{"c":"#00ff00","v0":0.002,"v1":0.003},"geometry":{"type":"Polygon","coordinates":[[[-83.0557,48.0605],[-83.0519,48.0705],[-83.04,48.0761],[-83.02,48.0771],[-82.999,48.0721],[-82.9769,48.0611],[-82.9647,48.0488],[-82.9624,48.0355],[-82.9734,48.0258],[-82.9978,48.0197],[-83.0219,48.0264],[-83.0457,48.0458],[-83.0557,48.0605]],[[-83.0401,48.059],[-83.0334,48.0659],[-83.02,48.0672],[-83.0,48.063],[-82.9866,48.0529],[-82.9799,48.0368],[-82.9849,48.0275],[-83.0016,48.0249],[-83.0184,48.0316],[-83.0351,48.0475],[-83.0401,48.059]]]}},{"type":"Feature","properties":{"c":"#00ff00","v0":0.002,"v1":0.003},"geometry":{"type":"Polygon","coordinates":[[[-71.1283,47.9861],[-71.1028,48.0077],[-71.0798,48.0177],[-71.0593,48.0162],[-71.0346,48.002],[-71.0057,47.9753],[-70.9934,47.9485],[-70.9979,47.9217],[-71.0126,47.9057],[-71.0375,47.9006],[-71.0728,47.9174],[-71.1183,47.956],[-71.1283,47.9861]],[[-71.0739,47.9648],[-71.058,47.9707],[-71.04,47.9714],[-71.02,47.9669],[-71.01,47.9546],[-71.01,47.9344],[-71.015,47.9218],[-71.025,47.9167],[-71.035,47.9168],[-71.045,47.922],[-71.058,47.9339],[-71.0739,47.9525],[-71.0739,47.9648]]]}},{"type":"Feature","properties":{"c":"#00ff00","v0":0.002,"v1":0.003},"geometry":{"type":"Polygon","coordinates":[[[-116.667,47.6899],[-116.6278,47.7101],[-116.6077,47.7135],[-116.6067,47.7],[-116.6164,47.6866],[-116.6368,47.6731],[-116.6569,47.6697],[-116.6767,47.6765],[-116.667,47.6899]]]}},{"type":"Feature","properties":{"c":"#00ff00","v0":0.002,"v1":0.003},"geometry":{"type":"Polygon","coordinates":[[[-71.3866,47.6447],[-71.3755,47.6553],[-71.3602,47.6586],[-71.3407,47.6548],[-71.3357,47.6481],[-71.3452,47.6386],[-71.3605,47.6352],[-71.3816,47.638],[-71.3866,47.6447]]]}},{"type":"Feature","properties":{"c":"#00ff00","v0":0.002,"v1":0.003},"geometry":{"type":"Polygon","coordinates":[[[-71.6578,47.3658],[-71.5851,47.4132],[-71.5391,47.4568],[-71.5197,47.4965],[-71.5,47.5132],[-71.48,47.5067],[-71.455,47.5201],[-71.425,47.5533],[-71.3636,47.5603],[-71.2707,47.5411],[-71.2331,47.5112],[-71.2507,47.4707],[-71.3188,47.4335],[-71.4375,47.3996],[-71.4967,47.3759],[-71.4965,47.3624],[-71.4744,47.3455],[-71.4303,47.3251],[-71.4287,47.3059],[-71.4696,47.2878],[-71.52,47.2567],[-71.58,47.2125],[-71.6186,47.2216],[-71.6359,47.2839],[-71.657,47.3217],[-71.6818,47.3353],[-71.6578,47.3658]],[[-71.4922,47.4489],[-71.4374,47.5001],[-71.3725,47.5237],[-71.2975,47.5199],[-71.2642,47.5045],[-71.2725,47.4774],[-71.305,47.4573],[-71.3617,47.4442],[-71.405,47.4294],[-71.435,47.413],[-71.4652,47.406],[-71.4955,47.4085],[-71.5129,47.4132],[-71.5173,47.42],[-71.4922,47.4489]],[[-71.6306,47.3661],[-71.5902,47.3872],[-71.5585,47.3872],[-71.5356,47.3661],[-71.5322,47.3455],[-71.5484,47.3251],[-71.5453,47.3116],[-71.5228,47.3048],[-71.5131,47.298],[-71.5163,47.2912],[-71.536,47.2741],[-71.572,47.2467],[-71.6052,47.2637],[-71.6356,47.325],[-71.6306,47.3661]]]}},{"type":"Feature","properties":{"c":"#00ff00","v0":0.002,"v1":0.003},"geometry":{"type":"Polygon","coordinates":[[[-71.1589,47.5011],[-71.1448,47.5214],[-71.1258,47.5298],[-71.1019,47.5265],[-71.09,47.5102],[-71.09,47.4811],[-71.1,47.4655],[-71.12,47.4637],[-71.139,47.4698],[-71.157,47.4839],[-71.1589,47.5011]],[[-71.1292,47.5069],[-71.1164,47.5119],[-71.11,47.5086],[-71.11,47.4972],[-71.115,47.4905],[-71.125,47.4885],[-71.1314,47.4917],[-71.1342,47.5002],[-71.1292,47.5069]]]}},{"type":"Feature","properties":{"c":"#00ff00","v0":0.002,"v1":0.003},"geometry":{"type":"Polygon","coordinates":[[[-71.877,47.4283],[-71.859,47.4383],[-71.8451,47.4383],[-71.8353,47.4283],[-71.8353,47.419],[-71.8451,47.4104],[-71.859,47.4104],[-71.877,47.419],[-71.877,47.4283]]]}},{"type":"Feature","properties":{"c":"#00ff00","v0":0.002,"v1":0.003},"geometry":{"type":"Polygon","coordinates":[[[-84.7092,47.3116],[-84.624,47.3048],[-84.5849,47.3217],[-84.5922,47.3624],[-84.5894,47.3879],[-84.5765,47.3983],[-84.56,47.4035],[-84.54,47.4033],[-84.5134,47.3812],[-84.4803,47.337],[-84.4653,47.3092],[-84.4684,47.2976],[-84.4838,47.2841],[-84.5115,47.2685],[-84.5214,47.2369],[-84.5136,47.1894],[-84.5298,47.1695],[-84.5699,47.1773],[-84.615,47.2034],[-84.665,47.2476],[-84.7022,47.2742],[-84.7266,47.2833],[-84.742,47.2946],[-84.7486,47.3082],[-84.7092,47.3116]],[[-84.5793,47.3535],[-84.5731,47.3764],[-84.56,47.3873],[-84.54,47.3862],[-84.5173,47.3646],[-84.4919,47.3225],[-84.4919,47.299],[-84.5173,47.2941],[-84.5431,47.3043],[-84.5693,47.3295],[-84.5793,47.3535]],[[-84.6548,47.2669],[-84.6383,47.2794],[-84.6124,47.2828],[-84.5772,47.2771],[-84.551,47.2607],[-84.5337,47.2335],[-84.5266,47.2132],[-84.5297,47.1996],[-84.546,47.1923],[-84.5753,47.1914],[-84.6083,47.2084],[-84.6448,47.2433],[-84.6548,47.2669]]]}},{"type":"Feature","properties":{"c":"#00ff00","v0":0.002,"v1":0.003},"geometry":{"type":"Polygon","coordinates":[[[-72.0436,47.32],[-72.0212,47.3301],[-72.0049,47.3267],[-71.9946,47.3098],[-71.9996,47.2972],[-72.0199,47.2889],[-72.0362,47.2922],[-72.0486,47.3074],[-72.0436,47.32]],[[-72.0315,47.3166],[-72.0172,47.32],[-72.0093,47.3166],[-72.008,47.3065],[-72.013,47.3005],[-72.0243,47.2987],[-72.0322,47.3021],[-72.0365,47.3107],[-72.0315,47.3166]]]}},{"type":"Feature","properties":{"c":"#00ff00","v0":0.002,"v1":0.003},"geometry":{"type":"Polygon","coordinates":[[[-71.7433,47.2912],[-71.7219,47.298],[-71.7099,47.2946],[-71.7073,47.2811],[-71.712,47.2727],[-71.724,47.2697],[-71.736,47.2731],[-71.748,47.2829],[-71.7433,47.2912]]]}},{"type":"Feature","properties":{"c":"#00ff00","v0":0.002,"v1":0.003},"geometry":{"type":"Polygon","coordinates":[[[-71.2705,47.2177],[-71.2568,47.2675],[-71.2262,47.2844],[-71.1785,47.2686],[-71.1625,47.2539],[-71.1782,47.2403],[-71.1819,47.2233],[-71.1735,47.203],[-71.1745,47.1872],[-71.1848,47.1759],[-71.2,47.1682],[-71.22,47.1641],[-71.2418,47.1697],[-71.2655,47.1851],[-71.2705,47.2177]]]}},{"type":"Feature","properties":{"c":"#00ff00","v0":0.002,"v1":0.003},"geometry":{"type":"Polygon","coordinates":[[[-72.3003,47.2522],[-72.2934,47.2623],[-72.2841,47.2657],[-72.2722,47.2624],[-72.2756,47.2573],[-72.2944,47.2505],[-72.3003,47.2522]]]}},{"type":"Feature","properties":{"c":"#00ff00","v0":0.002,"v1":0.003},"geometry":{"type":"Polygon","coordinates":[[[-71.3931,47.22],[-71.3769,47.22],[-71.3741,47.2163],[-71.3847,47.209],[-71.3928,47.209],[-71.3984,47.2163],[-71.3931,47.22]]]}},{"type":"Feature","properties":{"c":"#00ff00","v0":0.002,"v1":0.003},"geometry":{"type":"Polygon","coordinates":[[[-101.2772,47.1695],[-101.2591,47.1772],[-101.2437,47.1772],[-101.231,47.1695],[-101.231,47.1604],[-101.2437,47.15],[-101.2591,47.15],[-101.2772,47.1604],[-101.2772,47.1695]]]}},{"type":"Feature","properties":{"c":"#00ff00","v0":0.002,"v1":0.003},"geometry":{"type":"Polygon","coordinates":[[[-101.2379,47.1038],[-101.2193,47.1163],[-101.1905,47.1163],[-101.1515,47.1038],[-101.1515,47.0913],[-101.1905,47.0789],[-101.2193,47.0789],[-101.2379,47.0913],[-101.2379,47.1038]],[[-101.2287,47.1015],[-101.2162,47.1093],[-101.2029,47.1093],[-101.1888,47.1015],[-101.1888,47.0934],[-101.2029,47.0852],[-101.2162,47.0852],[-101.2287,47.0934],[-101.2287,47.1015]]]}},{"type":"Feature","properties":{"c":"#00ff00","v0":0.002,"v1":0.003},"geometry":{"type":"Polygon","coordinates":[[[-71.3651,47.0145],[-71.3417,47.0392],[-71.3112,47.0494],[-71.2736,47.0452],[-71.2525,47.0362],[-71.2478,47.0226],[-71.2516,47.0069],[-71.2639,46.9892],[-71.29,46.9806],[-71.33,46.9812],[-71.3567,46.9866],[-71.3701,46.997],[-71.3651,47.0145]],[[-71.3549,47.0131],[-71.3383,47.035],[-71.32,47.047],[-71.3,47.0489],[-71.2821,47.0447],[-71.2664,47.0345],[-71.2664,47.0193],[-71.2821,46.9991],[-71.3,46.988],[-71.32,46.9861],[-71.3383,46.9894],[-71.3549,46.9979],[-71.3549,47.0131]]]}},{"type":"Feature","properties":{"c":"#00ff00","v0":0.002,"v1":0.003},"geometry":{"type":"Polygon","coordinates":[[[-101.7596,47.0114],[-101.7399,47.03],[-101.7189,47.0368],[-101.6966,47.0319],[-101.6842,47.0226],[-101.6818,47.009],[-101.6929,46.9932],[-101.7176,46.9753],[-101.7399,46.9753],[-101.7596,46.9932],[-101.7596,47.0114]],[[-101.7394,47.0083],[-101.7198,47.0207],[-101.71,47.0199],[-101.71,47.006],[-101.715,46.9964],[-101.725,46.9911],[-101.7348,46.9918],[-101.7444,46.9987],[-101.7394,47.0083]]]}},{"type":"Feature","properties":{"c":"#00ff00","v0":0.002,"v1":0.003},"geometry":{"type":"Polygon","coordinates":[[[-101.509,46.9975],[-101.4963,47.0153],[-101.48,47.0243],[-101.46,47.0245],[-101.4475,47.0189],[-101.4426,47.0077],[-101.4476,46.994],[-101.4625,46.9778],[-101.4813,46.9744],[-101.504,46.9838],[-101.509,46.9975]],[[-101.4832,46.9936],[-101.4744,47.0038],[-101.4692,47.0038],[-101.4677,46.9936],[-101.4721,46.9885],[-101.4824,46.9885],[-101.4832,46.9936]]]}},{"type":"Feature","properties":{"c":"#00ff00","v0":0.002,"v1":0.003},"geometry":{"type":"Polygon","coordinates":[[[-100.9651,46.8382],[-100.9405,46.8656],[-100.9087,46.8865],[-100.8696,46.9009],[-100.84,46.9089],[-100.82,46.9105],[-100.795,46.9025],[-100.765,46.8847],[-100.74,46.8892],[-100.72,46.9158],[-100.675,46.9392],[-100.605,46.9593],[-100.5464,46.9708],[-100.4991,46.9735],[-100.4691,46.9806],[-100.4564,46.9922],[-100.43,46.9957],[-100.39,46.9911],[-100.3593,46.9819],[-100.338,46.9681],[-100.3609,46.9578],[-100.4279,46.951],[-100.4529,46.9339],[-100.4358,46.9066],[-100.4298,46.8792],[-100.4349,46.8519],[-100.4556,46.8267],[-100.4919,46.8037],[-100.535,46.7911],[-100.585,46.789],[-100.65,46.7967],[-100.73,46.8142],[-100.795,46.8129],[-100.845,46.7926],[-100.89,46.7868],[-100.93,46.7953],[-100.9568,46.8058],[-100.9705,46.8183],[-100.9651,46.8382]],[[-100.8715,46.8484],[-100.8572,46.8686],[-100.8379,46.8686],[-100.8136,46.8484],[-100.8136,46.8343],[-100.8379,46.8266],[-100.8572,46.8266],[-100.8715,46.8343],[-100.8715,46.8484]],[[-100.7069,46.8518],[-100.6823,46.879],[-100.65,46.8925],[-100.61,46.8923],[-100.59,46.8863],[-100.59,46.8745],[-100.6087,46.8576],[-100.6462,46.8355],[-100.6762,46.8242],[-100.6987,46.8237],[-100.7123,46.8271],[-100.7169,46.8345],[-100.7069,46.8518]]]}},{"type":"Feature","properties":{"c":"#00ff00","v0":0.002,"v1":0.003},"geometry":{"type":"Polygon","coordinates":[[[-71.2534,46.9612],[-71.2388,46.9612],[-71.232,46.9578],[-71.2332,46.951],[-71.2405,46.951],[-71.254,46.9578],[-71.2534,46.9612]]]}},{"type":"Feature","properties":{"c":"#00ff00","v0":0.002,"v1":0.003},"geometry":{"type":"Polygon","coordinates":[[[-70.7703,46.9426],[-70.7434,46.9601],[-70.7345,46.9601],[-70.7436,46.9426],[-70.757,46.9339],[-70.7749,46.9339],[-70.7703,46.9426]]]}},{"type":"Feature","properties":{"c":"#00ff00","v0":0.002,"v1":0.003},"geometry":{"type":"Polygon","coordinates":[[[-72.5924,46.8728],[-72.5775,46.8873],[-72.5594,46.8907],[-72.5382,46.8831],[-72.529,46.8724],[-72.5317,46.8587],[-72.5422,46.8466],[-72.5607,46.836],[-72.5775,46.8394],[-72.5924,46.8568],[-72.5924,46.8728]],[[-72.5828,46.8705],[-72.5743,46.8804],[-72.5619,46.8804],[-72.5458,46.8705],[-72.5458,46.8608],[-72.5619,46.8511],[-72.5743,46.8511],[-72.5828,46.8608],[-72.5828,46.8705]]]}},{"type":"Feature","properties":{"c":"#00ff00","v0":0.002,"v1":0.003},"geometry":{"type":"Polygon","coordinates":[[[-71.7713,46.8451],[-71.7571,46.8589],[-71.74,46.8643],[-71.72,46.8613],[-71.7063,46.8544],[-71.699,46.8436],[-71.704,46.8314],[-71.7213,46.8177],[-71.7421,46.8177],[-71.7663,46.8314],[-71.7713,46.8451]],[[-71.7574,46.8432],[-71.7391,46.8531],[-71.724,46.8531],[-71.7119,46.8432],[-71.7119,46.8331],[-71.724,46.8229],[-71.7391,46.8229],[-71.7574,46.8331],[-71.7574,46.8432]]]}},{"type":"Feature","properties":{"c":"#00ff00","v0":0.002,"v1":0.003},"geometry":{"type":"Polygon","coordinates":[[[-72.7346,46.828],[-72.7182,46.8349],[-72.7079,46.8315],[-72.7037,46.8177],[-72.7087,46.8095],[-72.7229,46.8067],[-72.7332,46.8102],[-72.7396,46.8197],[-72.7346,46.828]]]}},{"type":"Feature","properties":{"c":"#00ff00","v0":0.002,"v1":0.003},"geometry":{"type":"Polygon","coordinates":[[[-72.7248,46.7492],[-72.7149,46.7628],[-72.7,46.7709],[-72.68,46.7736],[-72.6619,46.7702],[-72.6456,46.7608],[-72.6363,46.7492],[-72.634,46.7355],[-72.6471,46.7203],[-72.6757,46.7037],[-72.6992,46.7003],[-72.7176,46.71],[-72.7276,46.7218],[-72.729,46.7355],[-72.7248,46.7492]],[[-72.7191,46.7472],[-72.713,46.7568],[-72.7,46.7633],[-72.68,46.7666],[-72.6628,46.7583],[-72.6485,46.7385],[-72.6535,46.7224],[-72.6778,46.7098],[-72.698,46.7132],[-72.7141,46.7326],[-72.7191,46.7472]]]}},{"type":"Feature","properties":{"c":"#00ff00","v0":0.002,"v1":0.003},"geometry":{"type":"Polygon","coordinates":[[[-101.3022,46.7463],[-101.2941,46.7543],[-101.29,46.7518],[-101.29,46.7388],[-101.2941,46.7348],[-101.3022,46.7398],[-101.3022,46.7463]]]}},{"type":"Feature","properties":{"c":"#00ff00","v0":0.002,"v1":0.003},"geometry":{"type":"Polygon","coordinates":[[[-72.2737,46.7081],[-72.2579,46.7218],[-72.2425,46.7252],[-72.2275,46.7184],[-72.2275,46.707],[-72.2425,46.6911],[-72.2579,46.6876],[-72.2737,46.6967],[-72.2737,46.7081]],[[-72.2582,46.7046],[-72.2495,46.7115],[-72.2439,46.7115],[-72.2415,46.7046],[-72.2459,46.7012],[-72.257,46.7012],[-72.2582,46.7046]]]}},{"type":"Feature","properties":{"c":"#00ff00","v0":0.002,"v1":0.003},"geometry":{"type":"Polygon","coordinates":[[[-72.8149,46.6392],[-72.7983,46.6525],[-72.7773,46.656],[-72.7518,46.6495],[-72.7468,46.6366],[-72.7623,46.6173],[-72.78,46.6085],[-72.8,46.6104],[-72.8133,46.6167],[-72.8199,46.6273],[-72.8149,46.6392]],[[-72.8013,46.6378],[-72.7804,46.6482],[-72.7646,46.6482],[-72.7537,46.6378],[-72.7587,46.6278],[-72.7796,46.6183],[-72.7954,46.6183],[-72.8063,46.6278],[-72.8013,46.6378]]]}},{"type":"Feature","properties":{"c":"#00ff00","v0":0.002,"v1":0.003},"geometry":{"type":"Polygon","coordinates":[[[-72.1014,46.6387],[-72.0938,46.6508],[-72.0802,46.6542],[-72.0607,46.649],[-72.0607,46.6351],[-72.0802,46.6126],[-72.0938,46.6092],[-72.1014,46.6248],[-72.1014,46.6387]]]}},{"type":"Feature","properties":{"c":"#00ff00","v0":0.002,"v1":0.003},"geometry":{"type":"Polygon","coordinates":[[[-72.0132,46.5418],[-71.9977,46.5528],[-71.97,46.5567],[-71.93,46.5538],[-71.8983,46.5449],[-71.8749,46.53],[-71.8899,46.5132],[-71.9433,46.4945],[-71.9827,46.498],[-72.0082,46.5236],[-72.0132,46.5418]],[[-71.9954,46.5382],[-71.9785,46.5418],[-71.9601,46.5384],[-71.9402,46.5279],[-71.9402,46.521],[-71.9601,46.5177],[-71.9785,46.5211],[-71.9954,46.5313],[-71.9954,46.5382]]]}},{"type":"Feature","properties":{"c":"#00ff00","v0":0.002,"v1":0.003},"geometry":{"type":"Polygon","coordinates":[[[-83.4176,46.5003],[-83.4125,46.5106],[-83.4025,46.5141],[-83.3874,46.5106],[-83.3824,46.5036],[-83.3875,46.4933],[-83.3975,46.4898],[-83.4126,46.4933],[-83.4176,46.5003]]]}},{"type":"Feature","properties":{"c":"#00ff00","v0":0.002,"v1":0.003},"geometry":{"type":"Polygon","coordinates":[[[-100.2833,46.4842],[-100.2744,46.49],[-100.2625,46.49],[-100.2475,46.4842],[-100.2475,46.4767],[-100.2625,46.4674],[-100.2744,46.4674],[-100.2833,46.4767],[-100.2833,46.4842]]]}},{"type":"Feature","properties":{"c":"#00ff00","v0":0.002,"v1":0.003},"geometry":{"type":"Polygon","coordinates":[[[-83.5795,46.4202],[-83.5598,46.4359],[-83.5341,46.4393],[-83.5024,46.4306],[-83.4974,46.4055],[-83.5191,46.3641],[-83.535,46.3434],[-83.545,46.3436],[-83.5598,46.3608],[-83.5795,46.3952],[-83.5795,46.4202]],[[-83.5673,46.419],[-83.5424,46.4322],[-83.5205,46.4322],[-83.5014,46.419],[-83.5014,46.4018],[-83.5205,46.3806],[-83.5424,46.3806],[-83.5673,46.4018],[-83.5673,46.419]]]}},{"type":"Feature","properties":{"c":"#00ff00","v0":0.002,"v1":0.003},"geometry":{"type":"Polygon","coordinates":[[[-72.0099,46.39],[-71.9833,46.428],[-71.9524,46.4349],[-71.9172,46.4107],[-71.9008,46.3848],[-71.903,46.3572],[-71.9206,46.3376],[-71.9535,46.3259],[-71.9812,46.3259],[-72.0037,46.3376],[-72.017,46.3503],[-72.0212,46.3641],[-72.0099,46.39]]]}},{"type":"Feature","properties":{"c":"#00ff00","v0":0.002,"v1":0.003},"geometry":{"type":"Polygon","coordinates":[[[-84.6063,46.3215],[-84.5954,46.3329],[-84.5836,46.3364],[-84.5707,46.3318],[-84.5707,46.324],[-84.5836,46.3128],[-84.5954,46.3093],[-84.6063,46.3136],[-84.6063,46.3215]]]}},{"type":"Feature","properties":{"c":"#00ff00","v0":0.002,"v1":0.003},"geometry":{"type":"Polygon","coordinates":[[[-65.7461,46.2113],[-65.7354,46.2235],[-65.7,46.2362],[-65.64,46.2492],[-65.6112,46.2431],[-65.6135,46.2178],[-65.6285,46.198],[-65.6562,46.1838],[-65.68,46.1755],[-65.7,46.1734],[-65.7204,46.1805],[-65.7411,46.1969],[-65.7461,46.2113]]]}},{"type":"Feature","properties":{"c":"#00ff00","v0":0.002,"v1":0.003},"geometry":{"type":"Polygon","coordinates":[[[-84.4644,46.2136],[-84.4415,46.2306],[-84.4183,46.2341],[-84.3949,46.224],[-84.3803,46.2121],[-84.3745,46.1982],[-84.3862,46.1846],[-84.4154,46.1712],[-84.4415,46.1747],[-84.4644,46.195],[-84.4644,46.2136]],[[-84.4577,46.2116],[-84.4392,46.2245],[-84.4173,46.221],[-84.3919,46.2012],[-84.3919,46.1859],[-84.4173,46.1751],[-84.4392,46.1785],[-84.4577,46.1963],[-84.4577,46.2116]]]}},{"type":"Feature","properties":{"c":"#00ff00","v0":0.002,"v1":0.003},"geometry":{"type":"Polygon","coordinates":[[[-83.6658,46.195],[-83.6553,46.2025],[-83.635,46.2033],[-83.605,46.1976],[-83.5889,46.1869],[-83.5866,46.1714],[-83.5667,46.1532],[-83.5291,46.1324],[-83.5127,46.1151],[-83.5175,46.1012],[-83.5324,46.0913],[-83.5575,46.0853],[-83.5777,46.0853],[-83.5931,46.0913],[-83.6053,46.1082],[-83.6144,46.1359],[-83.6298,46.1532],[-83.6515,46.1601],[-83.6646,46.1705],[-83.6689,46.1844],[-83.6658,46.195]],[[-83.6472,46.1826],[-83.6357,46.1928],[-83.6215,46.1928],[-83.6045,46.1826],[-83.5995,46.1736],[-83.6065,46.1659],[-83.6207,46.1659],[-83.6422,46.1736],[-83.6472,46.1826]],[[-83.5971,46.1275],[-83.579,46.1385],[-83.5571,46.135],[-83.5314,46.1171],[-83.5314,46.1032],[-83.5571,46.0933],[-83.579,46.0967],[-83.5971,46.1136],[-83.5971,46.1275]]]}},{"type":"Feature","properties":{"c":"#00ff00","v0":0.002,"v1":0.003},"geometry":{"type":"Polygon","coordinates":[[[-83.8788,46.1495],[-83.8463,46.1768],[-83.815,46.1936],[-83.785,46.2],[-83.755,46.1997],[-83.725,46.1927],[-83.6981,46.1759],[-83.6744,46.1492],[-83.6694,46.1281],[-83.6831,46.1126],[-83.725,46.1011],[-83.795,46.0938],[-83.84,46.0931],[-83.86,46.099],[-83.8763,46.1104],[-83.8888,46.1274],[-83.8788,46.1495]],[[-83.8705,46.1483],[-83.8435,46.1732],[-83.815,46.189],[-83.785,46.1959],[-83.755,46.1945],[-83.725,46.1849],[-83.7014,46.1691],[-83.6843,46.147],[-83.6793,46.1305],[-83.6864,46.1197],[-83.725,46.1098],[-83.795,46.1008],[-83.8435,46.1062],[-83.8705,46.126],[-83.8705,46.1483]]]}},{"type":"Feature","properties":{"c":"#00ff00","v0":0.002,"v1":0.003},"geometry":{"type":"Polygon","coordinates":[[[-71.388,46.1556],[-71.376,46.1672],[-71.3594,46.1672],[-71.3381,46.1556],[-71.3331,46.1439],[-71.3444,46.1321],[-71.361,46.1321],[-71.383,46.1439],[-71.388,46.1556]],[[-71.3762,46.1531],[-71.3721,46.1597],[-71.3633,46.1597],[-71.35,46.1531],[-71.352,46.1497],[-71.3695,46.1497],[-71.3762,46.1531]]]}},{"type":"Feature","properties":{"c":"#00ff00","v0":0.002,"v1":0.003},"geometry":{"type":"Polygon","coordinates":[[[-71.734,46.1295],[-71.718,46.1444],[-71.695,46.1523],[-71.665,46.1534],[-71.65,46.1428],[-71.65,46.1207],[-71.6414,46.0988],[-71.6241,46.0773],[-71.6231,46.0665],[-71.6385,46.0665],[-71.6701,46.0804],[-71.7181,46.1082],[-71.734,46.1295]],[[-71.7244,46.1273],[-71.7148,46.1378],[-71.701,46.1412],[-71.683,46.1377],[-71.678,46.1295],[-71.686,46.1168],[-71.6998,46.1133],[-71.7194,46.1191],[-71.7244,46.1273]]]}},{"type":"Feature","properties":{"c":"#00ff00","v0":0.002,"v1":0.003},"geometry":{"type":"Polygon","coordinates":[[[-83.1549,46.011],[-83.1474,46.0388],[-83.1353,46.0558],[-83.1184,46.0619],[-83.0958,46.0481],[-83.0674,46.0141],[-83.0674,45.9889],[-83.0958,45.9726],[-83.1222,45.9726],[-83.1465,45.9889],[-83.1549,46.011]],[[-83.141,46.006],[-83.1337,46.0239],[-83.125,46.0332],[-83.115,46.0341],[-83.1045,46.0217],[-83.0934,45.996],[-83.0984,45.9818],[-83.1195,45.979],[-83.1337,45.9825],[-83.141,45.9922],[-83.141,46.006]]]}},{"type":"Feature","properties":{"c":"#00ff00","v0":0.002,"v1":0.003},"geometry":{"type":"Polygon","coordinates":[[[-99.0116,45.8695],[-98.9705,45.8926],[-98.93,45.9067],[-98.89,45.9118],[-98.86,45.9316],[-98.84,45.9663],[-98.815,45.9767],[-98.785,45.9629],[-98.7515,45.9559],[-98.7145,45.9556],[-98.6917,45.938],[-98.6831,45.9032],[-98.6866,45.8802],[-98.7022,45.8688],[-98.73,45.8746],[-98.77,45.8975],[-98.805,45.9054],[-98.835,45.8984],[-98.8571,45.8822],[-98.8714,45.8568],[-98.8914,45.8394],[-98.9171,45.8301],[-98.95,45.8258],[-98.99,45.8265],[-99.0155,45.8347],[-99.0266,45.8502],[-99.0116,45.8695]],[[-98.8323,45.9589],[-98.8166,45.9658],[-98.8056,45.9589],[-98.7993,45.938],[-98.8046,45.9265],[-98.8215,45.9242],[-98.8325,45.9311],[-98.8376,45.9473],[-98.8323,45.9589]],[[-98.7416,45.945],[-98.7339,45.952],[-98.7243,45.952],[-98.713,45.945],[-98.713,45.9368],[-98.7243,45.9275],[-98.7339,45.9275],[-98.7416,45.9368],[-98.7416,45.945]],[[-98.9946,45.8689],[-98.9515,45.8907],[-98.9165,45.8977],[-98.8895,45.8898],[-98.8768,45.8789],[-98.8784,45.8649],[-98.8869,45.8532],[-98.9023,45.8436],[-98.93,45.837],[-98.97,45.8334],[-98.9965,45.8382],[-99.0096,45.8514],[-98.9946,45.8689]],[[-98.739,45.9018],[-98.7197,45.906],[-98.7061,45.9025],[-98.6984,45.8914],[-98.7034,45.8828],[-98.7211,45.8766],[-98.7347,45.8801],[-98.744,45.8932],[-98.739,45.9018]]]}},{"type":"Feature","properties":{"c":"#00ff00","v0":0.002,"v1":0.003},"geometry":{"type":"Polygon","coordinates":[[[-80.7304,45.8301],[-80.7222,45.858],[-80.7111,45.8749],[-80.697,45.881],[-80.67,45.8823],[-80.63,45.879],[-80.595,45.866],[-80.565,45.8432],[-80.5219,45.8244],[-80.4656,45.8096],[-80.4506,45.7885],[-80.4769,45.761],[-80.5,45.7465],[-80.52,45.7449],[-80.575,45.7561],[-80.665,45.7801],[-80.7161,45.7981],[-80.7284,45.8101],[-80.7304,45.8301]],[[-80.714,45.8301],[-80.6998,45.858],[-80.672,45.8701],[-80.6307,45.8665],[-80.6,45.8551],[-80.58,45.8359],[-80.545,45.8205],[-80.495,45.8088],[-80.4688,45.7993],[-80.4663,45.792],[-80.4813,45.7797],[-80.5138,45.7626],[-80.5778,45.7696],[-80.6734,45.8006],[-80.714,45.8301]]]}},{"type":"Feature","properties":{"c":"#00ff00","v0":0.002,"v1":0.003},"geometry":{"type":"Polygon","coordinates":[[[-83.3604,45.8246],[-83.3401,45.8415],[-83.31,45.8507],[-83.27,45.8523],[-83.2347,45.8299],[-83.2042,45.7836],[-83.1745,45.7534],[-83.1457,45.7394],[-83.1331,45.7255],[-83.1365,45.7115],[-83.1512,45.703],[-83.1771,45.7001],[-83.22,45.7097],[-83.28,45.732],[-83.3251,45.7614],[-83.3554,45.7979],[-83.3604,45.8246]],[[-83.3485,45.8239],[-83.3228,45.8394],[-83.295,45.8462],[-83.265,45.8444],[-83.24,45.8332],[-83.2201,45.8126],[-83.2073,45.7883],[-83.2016,45.7604],[-83.1852,45.7394],[-83.1582,45.7255],[-83.151,45.715],[-83.1637,45.7078],[-83.18,45.7112],[-83.2,45.7251],[-83.23,45.7338],[-83.27,45.7374],[-83.3078,45.7585],[-83.3435,45.7969],[-83.3485,45.8239]]]}},{"type":"Feature","properties":{"c":"#00ff00","v0":0.002,"v1":0.003},"geometry":{"type":"Polygon","coordinates":[[[-73.9749,45.7653],[-73.9716,45.7752],[-73.9559,45.7856],[-73.9277,45.7967],[-73.9137,45.8092],[-73.914,45.8231],[-73.9081,45.8303],[-73.896,45.8307],[-73.8726,45.8168],[-73.8379,45.7885],[-73.8159,45.7569],[-73.8064,45.722],[-73.8387,45.7017],[-73.9129,45.6961],[-73.956,45.6961],[-73.9681,45.7017],[-73.9705,45.7115],[-73.9631,45.7255],[-73.9637,45.7394],[-73.9722,45.7534],[-73.9749,45.7653]]]}},{"type":"Feature","properties":{"c":"#00ff00","v0":0.002,"v1":0.003},"geometry":{"type":"Polygon","coordinates":[[[-98.7646,45.7111],[-98.7549,45.7243],[-98.745,45.7305],[-98.735,45.7296],[-98.73,45.7208],[-98.73,45.7042],[-98.735,45.6942],[-98.745,45.6906],[-98.7549,45.6928],[-98.7646,45.7006],[-98.7646,45.7111]]]}},{"type":"Feature","properties":{"c":"#00ff00","v0":0.002,"v1":0.003},"geometry":{"type":"Polygon","coordinates":[[[-98.5604,45.5332],[-98.5405,45.5542],[-98.5315,45.5752],[-98.5331,45.5962],[-98.5242,45.6102],[-98.5046,45.6172],[-98.4936,45.6294],[-98.4912,45.647],[-98.47,45.6614],[-98.43,45.6729],[-98.395,45.6675],[-98.365,45.6453],[-98.34,45.6364],[-98.32,45.641],[-98.29,45.6373],[-98.25,45.6254],[-98.215,45.6072],[-98.185,45.5828],[-98.1971,45.5551],[-98.2512,45.5241],[-98.2912,45.4891],[-98.3171,45.45],[-98.34,45.4306],[-98.36,45.4307],[-98.3866,45.4432],[-98.4199,45.4681],[-98.4276,45.4561],[-98.4098,45.4069],[-98.4132,45.3678],[-98.4377,45.3386],[-98.4663,45.3456],[-98.4989,45.3888],[-98.5039,45.4355],[-98.4813,45.4856],[-98.49,45.5061],[-98.53,45.497],[-98.5551,45.5001],[-98.5652,45.5151],[-98.5604,45.5332]],[[-98.3831,45.4848],[-98.3744,45.4931],[-98.36,45.4957],[-98.34,45.4924],[-98.3291,45.4812],[-98.3273,45.4621],[-98.3373,45.4513],[-98.3591,45.4487],[-98.3744,45.4558],[-98.3831,45.4723],[-98.3831,45.4848]],[[-98.4713,45.4287],[-98.4571,45.4372],[-98.4461,45.4337],[-98.4384,45.4182],[-98.4434,45.4086],[-98.4611,45.405],[-98.4721,45.4085],[-98.4763,45.4192],[-98.4713,45.4287]]]}},{"type":"Feature","properties":{"c":"#00ff00","v0":0.002,"v1":0.003},"geometry":{"type":"Polygon","coordinates":[[[-99.1052,45.6142],[-99.0951,45.6292],[-99.0794,45.6362],[-99.0582,45.6352],[-99.0505,45.6242],[-99.0562,45.6032],[-99.0668,45.5912],[-99.0823,45.5883],[-99.0951,45.5918],[-99.1052,45.6017],[-99.1052,45.6142]]]}},{"type":"Feature","properties":{"c":"#00ff00","v0":0.002,"v1":0.003},"geometry":{"type":"Polygon","coordinates":[[[-98.7076,45.4841],[-98.6959,45.4912],[-98.6862,45.4912],[-98.6787,45.4841],[-98.6846,45.4806],[-98.7039,45.4806],[-98.7076,45.4841]]]}},{"type":"Feature","properties":{"c":"#00ff00","v0":0.002,"v1":0.003},"geometry":{"type":"Polygon","coordinates":[[[-98.8221,45.4179],[-98.8007,45.4328],[-98.7715,45.4398],[-98.7344,45.4389],[-98.7294,45.419],[-98.7565,45.3801],[-98.7857,45.3731],[-98.8171,45.398],[-98.8221,45.4179]]]}},{"type":"Feature","properties":{"c":"#00ff00","v0":0.002,"v1":0.003},"geometry":{"type":"Polygon","coordinates":[[[-76.3525,44.9522],[-76.34,44.9664],[-76.3365,44.9841],[-76.3419,45.0053],[-76.3286,45.023],[-76.2964,45.0371],[-76.2724,45.0583],[-76.2567,45.0866],[-76.2528,45.1113],[-76.2607,45.1324],[-76.251,45.1581],[-76.2237,45.1883],[-76.19,45.203],[-76.15,45.2021],[-76.1214,45.194],[-76.1041,45.1788],[-76.0541,45.158],[-75.9714,45.1316],[-75.9294,45.1105],[-75.9282,45.0945],[-75.9351,45.0795],[-75.9502,45.0654],[-75.9372,45.0406],[-75.8961,45.0053],[-75.905,44.9699],[-75.9639,44.9345],[-75.9925,44.8988],[-75.9908,44.8628],[-76.0047,44.8451],[-76.0342,44.8457],[-76.0506,44.8531],[-76.054,44.8672],[-76.0742,44.883],[-76.1114,44.9003],[-76.16,44.8976],[-76.22,44.8748],[-76.2772,44.8839],[-76.3316,44.9247],[-76.3525,44.9522]],[[-76.2367,45.0717],[-76.2189,45.0986],[-76.1965,45.1092],[-76.1696,45.1035],[-76.1596,45.088],[-76.1665,45.0628],[-76.1889,45.0522],[-76.2267,45.0563],[-76.2367,45.0717]],[[-75.9873,45.1052],[-75.9758,45.1141],[-75.9637,45.1141],[-75.951,45.1052],[-75.951,45.0967],[-75.9637,45.0887],[-75.9758,45.0887],[-75.9873,45.0967],[-75.9873,45.1052]],[[-76.2993,45.0058],[-76.2798,45.0139],[-76.25,45.0137],[-76.21,45.0053],[-76.17,44.9883],[-76.13,44.9627],[-76.085,44.9544],[-76.035,44.9633],[-76.0119,44.9798],[-76.0158,45.0039],[-76.0108,45.0201],[-75.9969,45.0284],[-75.97,45.0272],[-75.93,45.0164],[-75.9046,45.0051],[-75.8938,44.9935],[-75.913,44.9805],[-75.9624,44.9664],[-76.0028,44.9452],[-76.0343,44.9168],[-76.065,44.9095],[-76.095,44.9233],[-76.13,44.9263],[-76.17,44.9186],[-76.2022,44.9223],[-76.2265,44.9375],[-76.2515,44.9459],[-76.2772,44.9472],[-76.2948,44.9614],[-76.3043,44.9883],[-76.2993,45.0058]]]}},{"type":"Feature","properties":{"c":"#00ff00","v0":0.002,"v1":0.003},"geometry":{"type":"Polygon","coordinates":[[[-93.5851,45.0265],[-93.5509,45.0477],[-93.5229,45.0548],[-93.5012,45.0477],[-93.489,45.0406],[-93.4865,45.0336],[-93.4964,45.0253],[-93.5188,45.016],[-93.5481,45.0124],[-93.5842,45.0147],[-93.5851,45.0265]]]}},{"type":"Feature","properties":{"c":"#00ff00","v0":0.002,"v1":0.003},"geometry":{"type":"Polygon","coordinates":[[[-93.4365,44.9797],[-93.4322,44.9921],[-93.42,44.9935],[-93.4,44.9839],[-93.385,44.9657],[-93.375,44.939],[-93.375,44.9242],[-93.385,44.9212],[-93.4022,44.9332],[-93.4265,44.96],[-93.4365,44.9797]]]}},{"type":"Feature","properties":{"c":"#00ff00","v0":0.002,"v1":0.003},"geometry":{"type":"Polygon","coordinates":[[[-84.9133,44.9436],[-84.8578,44.9689],[-84.8,44.9855],[-84.74,44.9935],[-84.7018,44.9915],[-84.6855,44.9795],[-84.6755,44.9591],[-84.6718,44.9303],[-84.6582,44.902],[-84.6346,44.8741],[-84.6246,44.8538],[-84.6282,44.841],[-84.65,44.8326],[-84.69,44.8286],[-84.735,44.8404],[-84.785,44.868],[-84.8397,44.887],[-84.8991,44.8975],[-84.9318,44.9098],[-84.938,44.9239],[-84.9133,44.9436]],[[-84.8085,44.9278],[-84.7828,44.9497],[-84.758,44.9603],[-84.7341,44.9596],[-84.7091,44.9317],[-84.683,44.8764],[-84.7,44.8584],[-84.76,44.8776],[-84.7978,44.8946],[-84.8135,44.9094],[-84.8085,44.9278]]]}},{"type":"Feature","properties":{"c":"#00ff00","v0":0.002,"v1":0.003},"geometry":{"type":"Polygon","coordinates":[[[-73.9936,44.9401],[-73.9779,44.9582],[-73.96,44.967],[-73.94,44.9663],[-73.9235,44.9608],[-73.9105,44.9504],[-73.9067,44.9381],[-73.9122,44.9239],[-73.9237,44.9136],[-73.9412,44.907],[-73.9629,44.9105],[-73.9886,44.9242],[-73.9936,44.9401]],[[-73.9864,44.9384],[-73.9755,44.9531],[-73.9559,44.9566],[-73.9277,44.949],[-73.9227,44.9361],[-73.9409,44.9181],[-73.9605,44.9146],[-73.9814,44.9255],[-73.9864,44.9384]]]}},{"type":"Feature","properties":{"c":"#00ff00","v0":0.002,"v1":0.003},"geometry":{"type":"Polygon","coordinates":[[[-82.8504,44.8515],[-82.8368,44.8626],[-82.8229,44.8626],[-82.8088,44.8515],[-82.8088,44.841],[-82.8229,44.831],[-82.8368,44.831],[-82.8504,44.841],[-82.8504,44.8515]]]}},{"type":"Feature","properties":{"c":"#00ff00","v0":0.002,"v1":0.003},"geometry":{"type":"Polygon","coordinates":[[[-78.6159,44.8353],[-78.5973,44.8424],[-78.5935,44.8398],[-78.6045,44.8275],[-78.6138,44.8239],[-78.6214,44.8292],[-78.6159,44.8353]]]}},{"type":"Feature","properties":{"c":"#00ff00","v0":0.002,"v1":0.003},"geometry":{"type":"Polygon","coordinates":[[[-82.6596,44.672],[-82.626,44.7218],[-82.5844,44.7531],[-82.5348,44.7662],[-82.5123,44.7555],[-82.5169,44.7212],[-82.5289,44.6898],[-82.5482,44.6613],[-82.5809,44.6385],[-82.627,44.6212],[-82.6566,44.6212],[-82.6698,44.6385],[-82.6596,44.672]],[[-82.6484,44.6827],[-82.6112,44.7253],[-82.5754,44.7502],[-82.541,44.7573],[-82.5248,44.7466],[-82.5269,44.7182],[-82.5384,44.6898],[-82.5595,44.6614],[-82.59,44.6415],[-82.63,44.63],[-82.6542,44.6335],[-82.6627,44.6521],[-82.6484,44.6827]]]}},{"type":"Feature","properties":{"c":"#00ff00","v0":0.002,"v1":0.003},"geometry":{"type":"Polygon","coordinates":[[[-78.8149,44.7646],[-78.7983,44.7722],[-78.7831,44.7722],[-78.7693,44.7646],[-78.7693,44.7569],[-78.7831,44.7492],[-78.7983,44.7492],[-78.8149,44.7569],[-78.8149,44.7646]]]}},{"type":"Feature","properties":{"c":"#00ff00","v0":0.002,"v1":0.003},"geometry":{"type":"Polygon","coordinates":[[[-93.2965,44.75],[-93.2922,44.7567],[-93.2848,44.7567],[-93.2743,44.75],[-93.2743,44.7438],[-93.2848,44.7381],[-93.2922,44.7381],[-93.2965,44.7438],[-93.2965,44.75]]]}},{"type":"Feature","properties":{"c":"#00ff00","v0":0.002,"v1":0.003},"geometry":{"type":"Polygon","coordinates":[[[-82.8693,44.7365],[-82.8564,44.7447],[-82.8446,44.7447],[-82.8339,44.7365],[-82.8339,44.7264],[-82.8446,44.7144],[-82.8564,44.7144],[-82.8693,44.7264],[-82.8693,44.7365]]]}},{"type":"Feature","properties":{"c":"#00ff00","v0":0.002,"v1":0.003},"geometry":{"type":"Polygon","coordinates":[[[-88.5467,44.6564],[-88.4822,44.7034],[-88.43,44.7214],[-88.39,44.7105],[-88.355,44.71],[-88.325,44.7197],[-88.3545,44.6875],[-88.4436,44.6131],[-88.496,44.5759],[-88.5116,44.5759],[-88.522,44.583],[-88.5272,44.5973],[-88.5421,44.6115],[-88.5667,44.6257],[-88.5467,44.6564]]]}},{"type":"Feature","properties":{"c":"#00ff00","v0":0.002,"v1":0.003},"geometry":{"type":"Polygon","coordinates":[[[-79.0177,44.5367],[-79.0033,44.5723],[-78.9749,44.608],[-78.9325,44.6435],[-78.901,44.6667],[-78.8803,44.6775],[-78.855,44.6817],[-78.825,44.6793],[-78.8191,44.6704],[-78.8372,44.6549],[-78.8422,44.6287],[-78.8341,44.5918],[-78.8525,44.5669],[-78.8975,44.5539],[-78.9325,44.5316],[-78.9575,44.5],[-78.9783,44.4857],[-78.9948,44.4888],[-79.0085,44.4975],[-79.0194,44.5118],[-79.0177,44.5367]],[[-78.9858,44.5703],[-78.9753,44.5876],[-78.95,44.6024],[-78.91,44.6147],[-78.8768,44.6167],[-78.8504,44.6085],[-78.8379,44.5973],[-78.8392,44.583],[-78.8474,44.5724],[-78.8625,44.5655],[-78.885,44.5617],[-78.915,44.5611],[-78.94,44.5542],[-78.96,44.541],[-78.9753,44.5412],[-78.9858,44.5548],[-78.9858,44.5703]],[[-78.9864,44.5115],[-78.9755,44.5254],[-78.969,44.5254],[-78.9671,44.5115],[-78.9726,44.5046],[-78.9855,44.5046],[-78.9864,44.5115]]]}},{"type":"Feature","properties":{"c":"#00ff00","v0":0.002,"v1":0.003},"geometry":{"type":"Polygon","coordinates":[[[-87.672,44.6414],[-87.6573,44.6584],[-87.635,44.6687],[-87.605,44.6723],[-87.582,44.6709],[-87.5661,44.6645],[-87.5761,44.6476],[-87.612,44.6202],[-87.6423,44.6131],[-87.667,44.6263],[-87.672,44.6414]],[[-87.6609,44.638],[-87.6536,44.6482],[-87.6368,44.6518],[-87.6105,44.6487],[-87.6055,44.6391],[-87.6218,44.623],[-87.6386,44.6195],[-87.6559,44.6284],[-87.6609,44.638]]]}},{"type":"Feature","properties":{"c":"#00ff00","v0":0.002,"v1":0.003},"geometry":{"type":"Polygon","coordinates":[[[-88.2733,44.5873],[-88.2178,44.61],[-88.1607,44.6206],[-88.1021,44.6193],[-88.1071,44.5942],[-88.1757,44.5452],[-88.225,44.522],[-88.255,44.5244],[-88.2778,44.5382],[-88.2933,44.5633],[-88.2733,44.5873]]]}},{"type":"Feature","properties":{"c":"#00ff00","v0":0.002,"v1":0.003},"geometry":{"type":"Polygon","coordinates":[[[-83.3686,44.5535],[-83.3562,44.5656],[-83.3457,44.5691],[-83.3372,44.5641],[-83.3372,44.557],[-83.3457,44.5477],[-83.3562,44.5441],[-83.3686,44.5463],[-83.3686,44.5535]]]}},{"type":"Feature","properties":{"c":"#00ff00","v0":0.002,"v1":0.003},"geometry":{"type":"Polygon","coordinates":[[[-79.091,44.5103],[-79.077,44.5216],[-79.0623,44.5252],[-79.0469,44.521],[-79.0469,44.5014],[-79.0623,44.4665],[-79.077,44.463],[-79.091,44.4907],[-79.091,44.5103]]]}},{"type":"Feature","properties":{"c":"#00ff00","v0":0.002,"v1":0.003},"geometry":{"type":"Polygon","coordinates":[[[-88.0822,44.4696],[-88.0607,44.4852],[-88.041,44.4816],[-88.023,44.4589],[-88.028,44.4437],[-88.056,44.436],[-88.0757,44.4395],[-88.0872,44.4544],[-88.0822,44.4696]]]}},{"type":"Feature","properties":{"c":"#00ff00","v0":0.002,"v1":0.003},"geometry":{"type":"Polygon","coordinates":[[[-85.1109,44.4515],[-85.097,44.4593],[-85.0845,44.4593],[-85.0735,44.4515],[-85.0735,44.4427],[-85.0845,44.4331],[-85.097,44.4331],[-85.1109,44.4427],[-85.1109,44.4515]]]}},{"type":"Feature","properties":{"c":"#00ff00","v0":0.002,"v1":0.003},"geometry":{"type":"Polygon","coordinates":[[[-88.2256,44.4083],[-88.2108,44.4154],[-88.2038,44.4154],[-88.2047,44.4083],[-88.2121,44.4047],[-88.2261,44.4047],[-88.2256,44.4083]]]}},{"type":"Feature","properties":{"c":"#00ff00","v0":0.002,"v1":0.003},"geometry":{"type":"Polygon","coordinates":[[[-89.9068,44.4062],[-89.8956,44.4093],[-89.8863,44.4057],[-89.8789,44.3955],[-89.8839,44.3899],[-89.9013,44.389],[-89.9106,44.3926],[-89.9118,44.4006],[-89.9068,44.4062]]]}},{"type":"Feature","properties":{"c":"#00ff00","v0":0.002,"v1":0.003},"geometry":{"type":"Polygon","coordinates":[[[-88.1709,44.2656],[-88.1703,44.2734],[-88.1596,44.277],[-88.1387,44.2763],[-88.1297,44.2724],[-88.1326,44.2652],[-88.1434,44.2616],[-88.1619,44.2616],[-88.1709,44.2656]]]}},{"type":"Feature","properties":{"c":"#00ff00","v0":0.002,"v1":0.003},"geometry":{"type":"Polygon","coordinates":[[[-79.6819,44.0968],[-79.674,44.1115],[-79.66,44.1218],[-79.64,44.1277],[-79.6171,44.1203],[-79.5914,44.0998],[-79.5826,44.0823],[-79.591,44.0679],[-79.6038,44.0583],[-79.6213,44.0535],[-79.64,44.0538],[-79.66,44.0594],[-79.674,44.069],[-79.6819,44.0826],[-79.6819,44.0968]],[[-79.6659,44.0984],[-79.642,44.1162],[-79.6192,44.1162],[-79.5976,44.0984],[-79.5976,44.0813],[-79.6192,44.0649],[-79.642,44.0649],[-79.6659,44.0813],[-79.6659,44.0984]]]}},{"type":"Feature","properties":{"c":"#00ff00","v0":0.002,"v1":0.003},"geometry":{"type":"Polygon","coordinates":[[[-90.9826,44.0241],[-90.9742,44.0372],[-90.9577,44.0444],[-90.9332,44.0457],[-90.9277,44.0356],[-90.9414,44.014],[-90.9579,44.0068],[-90.9772,44.014],[-90.9826,44.0241]]]}},{"type":"Feature","properties":{"c":"#00ff00","v0":0.002,"v1":0.003},"geometry":{"type":"Polygon","coordinates":[[[-91.6049,43.9766],[-91.555,44.0097],[-91.525,44.0242],[-91.515,44.0203],[-91.5108,44.0073],[-91.5124,43.9854],[-91.5324,43.9616],[-91.5708,43.9358],[-91.6,43.9322],[-91.6199,43.9508],[-91.6049,43.9766]]]}},{"type":"Feature","properties":{"c":"#00ff00","v0":0.002,"v1":0.003},"geometry":{"type":"Polygon","coordinates":[[[-79.6269,43.9766],[-79.6023,44.0097],[-79.575,44.0258],[-79.545,44.0249],[-79.5222,44.0192],[-79.5066,44.0085],[-79.4992,43.9924],[-79.5001,43.9708],[-79.4858,43.942],[-79.4563,43.906],[-79.4486,43.8841],[-79.4629,43.8764],[-79.495,43.8768],[-79.545,43.8851],[-79.5873,43.907],[-79.6219,43.9424],[-79.6269,43.9766]],[[-79.618,43.9852],[-79.5993,44.0067],[-79.575,44.0168],[-79.545,44.0156],[-79.5237,43.9868],[-79.5111,43.9306],[-79.5211,43.9013],[-79.5537,43.8992],[-79.5843,43.9172],[-79.613,43.9553],[-79.618,43.9852]]]}},{"type":"Feature","properties":{"c":"#00ff00","v0":0.002,"v1":0.003},"geometry":{"type":"Polygon","coordinates":[[[-70.4458,43.9415],[-70.4353,43.9622],[-70.4078,43.9838],[-70.3635,44.0063],[-70.3235,44.0182],[-70.2878,44.0194],[-70.2575,44.0086],[-70.2324,43.9858],[-70.2474,43.9606],[-70.3025,43.9329],[-70.34,43.9083],[-70.36,43.8867],[-70.385,43.8763],[-70.415,43.8771],[-70.4353,43.8909],[-70.4458,43.9178],[-70.4458,43.9415]],[[-70.4063,43.9354],[-70.3954,43.9436],[-70.3824,43.9436],[-70.3671,43.9354],[-70.3671,43.9247],[-70.3824,43.9116],[-70.3954,43.9116],[-70.4063,43.9247],[-70.4063,43.9354]]]}},{"type":"Feature","properties":{"c":"#00ff00","v0":0.002,"v1":0.003},"geometry":{"type":"Polygon","coordinates":[[[-91.3224,43.9214],[-91.3141,43.9305],[-91.2996,43.9341],[-91.2788,43.9322],[-91.2738,43.9189],[-91.2846,43.8942],[-91.2991,43.8906],[-91.3174,43.9081],[-91.3224,43.9214]]]}},{"type":"Feature","properties":{"c":"#00ff00","v0":0.002,"v1":0.003},"geometry":{"type":"Polygon","coordinates":[[[-91.1394,43.8741],[-91.1065,43.9039],[-91.08,43.9201],[-91.06,43.9226],[-91.0403,43.9185],[-91.021,43.9078],[-91.026,43.889],[-91.0553,43.8621],[-91.085,43.8469],[-91.115,43.8432],[-91.1365,43.8458],[-91.1494,43.8547],[-91.1394,43.8741]],[[-91.1077,43.8827],[-91.0959,43.9009],[-91.0758,43.9081],[-91.0474,43.9043],[-91.0424,43.8923],[-91.0608,43.8722],[-91.0809,43.865],[-91.1027,43.8707],[-91.1077,43.8827]]]}},{"type":"Feature","properties":{"c":"#00ff00","v0":0.002,"v1":0.003},"geometry":{"type":"Polygon","coordinates":[[[-90.9532,43.888],[-90.9309,43.888],[-90.9223,43.8814],[-90.9274,43.8683],[-90.935,43.8613],[-90.945,43.8603],[-90.9536,43.8668],[-90.9607,43.8809],[-90.9532,43.888]]]}},{"type":"Feature","properties":{"c":"#00ff00","v0":0.002,"v1":0.003},"geometry":{"type":"Polygon","coordinates":[[[-91.0272,43.8288],[-91.0024,43.8258],[-90.98,43.8306],[-90.96,43.8433],[-90.9473,43.8449],[-90.9418,43.8352],[-90.9518,43.8255],[-90.9773,43.8158],[-91.0012,43.8122],[-91.0235,43.8146],[-91.0359,43.8195],[-91.0383,43.8267],[-91.0272,43.8288]]]}},{"type":"Feature","properties":{"c":"#00ff00","v0":0.002,"v1":0.003},"geometry":{"type":"Polygon","coordinates":[[[-70.2636,43.8194],[-70.2412,43.8266],[-70.2338,43.823],[-70.2413,43.8086],[-70.2525,43.8051],[-70.2674,43.8123],[-70.2636,43.8194]]]}},{"type":"Feature","properties":{"c":"#00ff00","v0":0.002,"v1":0.003},"geometry":{"type":"Polygon","coordinates":[[[-79.5113,43.7368],[-79.4971,43.7521],[-79.475,43.7568],[-79.445,43.7508],[-79.4258,43.7359],[-79.4175,43.7122],[-79.4175,43.6917],[-79.4258,43.6746],[-79.445,43.6656],[-79.475,43.6647],[-79.4971,43.6805],[-79.5113,43.713],[-79.5113,43.7368]],[[-79.5042,43.735],[-79.4947,43.7467],[-79.4766,43.7503],[-79.4497,43.7459],[-79.4325,43.7328],[-79.4249,43.7111],[-79.4283,43.6909],[-79.4428,43.6721],[-79.46,43.6656],[-79.48,43.6716],[-79.4947,43.6883],[-79.5042,43.7156],[-79.5042,43.735]]]}},{"type":"Feature","properties":{"c":"#00ff00","v0":0.002,"v1":0.003},"geometry":{"type":"Polygon","coordinates":[[[-91.5132,43.7053],[-91.5111,43.7153],[-91.5034,43.7117],[-91.4903,43.6945],[-91.4913,43.6895],[-91.5066,43.6967],[-91.5132,43.7053]]]}},{"type":"Feature","properties":{"c":"#00ff00","v0":0.002,"v1":0.003},"geometry":{"type":"Polygon","coordinates":[[[-91.3954,43.6925],[-91.3651,43.7059],[-91.3447,43.7059],[-91.3342,43.6925],[-91.3392,43.6815],[-91.3597,43.6729],[-91.3801,43.6729],[-91.4004,43.6815],[-91.3954,43.6925]]]}},{"type":"Feature","properties":{"c":"#00ff00","v0":0.002,"v1":0.003},"geometry":{"type":"Polygon","coordinates":[[[-96.7854,43.6403],[-96.7351,43.6648],[-96.7029,43.6757],[-96.6887,43.6728],[-96.6987,43.6593],[-96.7329,43.6351],[-96.7651,43.6242],[-96.7954,43.6267],[-96.7854,43.6403]]]}},{"type":"Feature","properties":{"c":"#00ff00","v0":0.002,"v1":0.003},"geometry":{"type":"Polygon","coordinates":[[[-88.5533,43.6224],[-88.5378,43.6402],[-88.5193,43.6474],[-88.498,43.6441],[-88.493,43.6266],[-88.5043,43.595],[-88.52,43.5817],[-88.54,43.5868],[-88.5528,43.5954],[-88.5583,43.6075],[-88.5533,43.6224]]]}},{"type":"Feature","properties":{"c":"#00ff00","v0":0.002,"v1":0.003},"geometry":{"type":"Polygon","coordinates":[[[-91.8576,43.6029],[-91.8392,43.6108],[-91.8263,43.6108],[-91.8189,43.6029],[-91.8239,43.5937],[-91.8413,43.583],[-91.8542,43.583],[-91.8626,43.5937],[-91.8576,43.6029]]]}},{"type":"Feature","properties":{"c":"#00ff00","v0":0.002,"v1":0.003},"geometry":{"type":"Polygon","coordinates":[[[-96.6529,43.5911],[-96.6376,43.6042],[-96.6258,43.6079],[-96.6173,43.6019],[-96.6173,43.5901],[-96.6258,43.5724],[-96.635,43.5631],[-96.645,43.5623],[-96.6526,43.5676],[-96.6579,43.5789],[-96.6529,43.5911]]]}},{"type":"Feature","properties":{"c":"#00ff00","v0":0.002,"v1":0.003},"geometry":{"type":"Polygon","coordinates":[[[-86.1855,43.5998],[-86.1752,43.6014],[-86.17,43.5964],[-86.17,43.5848],[-86.1752,43.584],[-86.1855,43.594],[-86.1855,43.5998]]]}},{"type":"Feature","properties":{"c":"#00ff00","v0":0.002,"v1":0.003},"geometry":{"type":"Polygon","coordinates":[[[-92.0758,43.5472],[-92.0586,43.5595],[-92.0377,43.5631],[-92.0132,43.558],[-92.0082,43.5459],[-92.0227,43.5267],[-92.04,43.5177],[-92.06,43.5189],[-92.0736,43.5249],[-92.0808,43.5357],[-92.0758,43.5472]],[[-92.0563,43.545],[-92.0388,43.5531],[-92.0271,43.5531],[-92.0213,43.545],[-92.0263,43.537],[-92.0421,43.5288],[-92.0538,43.5288],[-92.0613,43.537],[-92.0563,43.545]]]}},{"type":"Feature","properties":{"c":"#00ff00","v0":0.002,"v1":0.003},"geometry":{"type":"Polygon","coordinates":[[[-81.2922,43.5455],[-81.2774,43.5546],[-81.27,43.5526],[-81.27,43.5396],[-81.275,43.531],[-81.285,43.527],[-81.2924,43.529],[-81.2972,43.537],[-81.2922,43.5455]]]}},{"type":"Feature","properties":{"c":"#00ff00","v0":0.002,"v1":0.003},"geometry":{"type":"Polygon","coordinates":[[[-91.9579,43.4873],[-91.9526,43.496],[-91.9424,43.496],[-91.9271,43.4873],[-91.9271,43.4793],[-91.9424,43.4719],[-91.9526,43.4719],[-91.9579,43.4793],[-91.9579,43.4873]]]}},{"type":"Feature","properties":{"c":"#00ff00","v0":0.002,"v1":0.003},"geometry":{"type":"Polygon","coordinates":[[[-88.5276,43.419],[-88.4892,43.4361],[-88.4562,43.4361],[-88.4286,43.419],[-88.4203,43.3995],[-88.4314,43.3777],[-88.4452,43.3641],[-88.4617,43.3586],[-88.4892,43.3695],[-88.5276,43.3968],[-88.5276,43.419]],[[-88.4918,43.416],[-88.4773,43.4273],[-88.4618,43.4309],[-88.4453,43.4269],[-88.4403,43.411],[-88.4468,43.3833],[-88.4596,43.3723],[-88.4787,43.3783],[-88.4909,43.3886],[-88.4964,43.4031],[-88.4918,43.416]]]}},{"type":"Feature","properties":{"c":"#00ff00","v0":0.002,"v1":0.003},"geometry":{"type":"Polygon","coordinates":[[[-81.4365,43.3906],[-81.4055,43.4092],[-81.38,43.4172],[-81.36,43.4145],[-81.3392,43.4052],[-81.3175,43.3893],[-81.3103,43.3668],[-81.3176,43.3377],[-81.3334,43.3199],[-81.3578,43.3133],[-81.38,43.3139],[-81.4,43.3217],[-81.4205,43.3396],[-81.4415,43.3674],[-81.4365,43.3906]],[[-81.4105,43.3731],[-81.3835,43.3856],[-81.3593,43.382],[-81.3379,43.3622],[-81.3379,43.3465],[-81.3593,43.335],[-81.3835,43.3387],[-81.4105,43.3574],[-81.4105,43.3731]]]}},{"type":"Feature","properties":{"c":"#00ff00","v0":0.002,"v1":0.003},"geometry":{"type":"Polygon","coordinates":[[[-80.3093,43.3605],[-80.2831,43.377],[-80.2623,43.377],[-80.2469,43.3605],[-80.2469,43.3447],[-80.2623,43.3297],[-80.28,43.324],[-80.3,43.3278],[-80.3131,43.3354],[-80.3193,43.3466],[-80.3093,43.3605]],[[-80.3003,43.3578],[-80.2801,43.3689],[-80.2654,43.3689],[-80.2562,43.3578],[-80.2612,43.347],[-80.2804,43.3366],[-80.2951,43.3366],[-80.3053,43.347],[-80.3003,43.3578]]]}},{"type":"Feature","properties":{"c":"#00ff00","v0":0.002,"v1":0.003},"geometry":{"type":"Polygon","coordinates":[[[-88.9938,43.0949],[-88.9779,43.105],[-88.9622,43.105],[-88.9466,43.0949],[-88.9466,43.0841],[-88.9622,43.0724],[-88.9779,43.0724],[-88.9938,43.0841],[-88.9938,43.0949]]]}},{"type":"Feature","properties":{"c":"#00ff00","v0":0.002,"v1":0.003},"geometry":{"type":"Polygon","coordinates":[[[-80.8221,43.068],[-80.8007,43.0828],[-80.775,43.0883],[-80.745,43.0845],[-80.726,43.0771],[-80.718,43.0661],[-80.718,43.053],[-80.726,43.0377],[-80.74,43.0267],[-80.76,43.0203],[-80.7857,43.0279],[-80.8171,43.0498],[-80.8221,43.068]],[[-80.8076,43.0663],[-80.7825,43.0774],[-80.763,43.0811],[-80.749,43.0772],[-80.739,43.068],[-80.733,43.0534],[-80.74,43.0405],[-80.76,43.0294],[-80.7825,43.0331],[-80.8076,43.0515],[-80.8076,43.0663]]]}},{"type":"Feature","properties":{"c":"#00ff00","v0":0.002,"v1":0.003},"geometry":{"type":"Polygon","coordinates":[[[-88.4471,43.0387],[-88.4398,43.0534],[-88.4263,43.0607],[-88.4069,43.0607],[-88.4003,43.05],[-88.4068,43.0285],[-88.4202,43.0212],[-88.4406,43.028],[-88.4471,43.0387]]]}},{"type":"Feature","properties":{"c":"#00ff00","v0":0.002,"v1":0.003},"geometry":{"type":"Polygon","coordinates":[[[-88.6227,42.9682],[-88.6009,43.0172],[-88.5678,43.0391],[-88.5233,43.034],[-88.4965,43.0022],[-88.4874,42.9436],[-88.4946,42.9093],[-88.5182,42.8993],[-88.545,42.9058],[-88.575,42.9288],[-88.6009,42.9412],[-88.6227,42.9428],[-88.6227,42.9682]],[[-88.5951,42.9955],[-88.5784,43.0112],[-88.5566,43.0149],[-88.5298,43.0064],[-88.5248,42.9897],[-88.5416,42.9646],[-88.56,42.955],[-88.58,42.9607],[-88.5934,42.9696],[-88.6001,42.9816],[-88.5951,42.9955]]]}},{"type":"Feature","properties":{"c":"#00ff00","v0":0.002,"v1":0.003},"geometry":{"type":"Polygon","coordinates":[[[-80.1115,42.8522],[-80.0972,42.8744],[-80.04,42.9],[-79.94,42.9289],[-79.855,42.9329],[-79.785,42.9119],[-79.7375,42.89],[-79.7126,42.8671],[-79.7026,42.8504],[-79.7075,42.8398],[-79.745,42.8226],[-79.815,42.7988],[-79.87,42.7938],[-79.91,42.8076],[-79.955,42.8091],[-80.005,42.7984],[-80.0522,42.8051],[-80.0965,42.8291],[-80.1115,42.8522]],[[-80.0836,42.8561],[-80.0479,42.8863],[-79.995,42.9091],[-79.925,42.9246],[-79.86,42.9246],[-79.8,42.9092],[-79.7561,42.89],[-79.7283,42.8672],[-79.7483,42.8399],[-79.8161,42.8081],[-79.87,42.8019],[-79.91,42.8213],[-79.95,42.8245],[-79.99,42.8114],[-80.0329,42.814],[-80.0786,42.832],[-80.0836,42.8561]]]}},{"type":"Feature","properties":{"c":"#00ff00","v0":0.002,"v1":0.003},"geometry":{"type":"Polygon","coordinates":[[[-89.0636,42.8454],[-89.0412,42.8539],[-89.0265,42.8539],[-89.0195,42.8454],[-89.0307,42.8411],[-89.0601,42.8411],[-89.0636,42.8454]]]}},{"type":"Feature","properties":{"c":"#00ff00","v0":0.002,"v1":0.003},"geometry":{"type":"Polygon","coordinates":[[[-88.8334,42.8312],[-88.7911,42.8409],[-88.745,42.8356],[-88.695,42.8156],[-88.6699,42.7961],[-88.6697,42.7772],[-88.6821,42.753],[-88.7072,42.7236],[-88.7273,42.7102],[-88.7424,42.7127],[-88.7506,42.7273],[-88.7517,42.7542],[-88.7717,42.7732],[-88.8106,42.7843],[-88.8361,42.7989],[-88.8484,42.8173],[-88.8334,42.8312]],[[-88.7999,42.8264],[-88.7729,42.8264],[-88.7421,42.818],[-88.7074,42.8011],[-88.69,42.7865],[-88.69,42.7743],[-88.695,42.7665],[-88.705,42.7629],[-88.715,42.7685],[-88.725,42.7831],[-88.7508,42.7994],[-88.7925,42.8174],[-88.7999,42.8264]]]}},{"type":"Feature","properties":{"c":"#00ff00","v0":0.002,"v1":0.003},"geometry":{"type":"Polygon","coordinates":[[[-78.2804,42.7604],[-78.2728,42.775],[-78.2492,42.7912],[-78.2097,42.8089],[-78.1728,42.8162],[-78.1385,42.8132],[-78.1221,42.8007],[-78.1236,42.7787],[-78.1407,42.751],[-78.1736,42.7175],[-78.205,42.7036],[-78.235,42.7093],[-78.2586,42.7224],[-78.2757,42.7428],[-78.2804,42.7604]],[[-78.2704,42.7604],[-78.2612,42.775],[-78.2399,42.7888],[-78.2066,42.8017],[-78.18,42.8096],[-78.16,42.8125],[-78.1441,42.8097],[-78.1323,42.8013],[-78.1423,42.7761],[-78.1741,42.7341],[-78.205,42.7151],[-78.235,42.7191],[-78.2562,42.729],[-78.2687,42.745],[-78.2704,42.7604]]]}},{"type":"Feature","properties":{"c":"#00ff00","v0":0.002,"v1":0.003},"geometry":{"type":"Polygon","coordinates":[[[-89.2236,42.7868],[-89.2145,42.7957],[-89.2048,42.7957],[-89.1945,42.7868],[-89.1945,42.7785],[-89.2048,42.7709],[-89.2145,42.7709],[-89.2236,42.7785],[-89.2236,42.7868]]]}},{"type":"Feature","properties":{"c":"#00ff00","v0":0.002,"v1":0.003},"geometry":{"type":"Polygon","coordinates":[[[-89.349,42.7339],[-89.3363,42.7543],[-89.3284,42.7543],[-89.3251,42.7339],[-89.3315,42.7236],[-89.3474,42.7236],[-89.349,42.7339]]]}},{"type":"Feature","properties":{"c":"#00ff00","v0":0.002,"v1":0.003},"geometry":{"type":"Polygon","coordinates":[[[-89.0321,42.699],[-89.0174,42.7085],[-89.0044,42.7085],[-88.9933,42.699],[-88.9933,42.69],[-89.0044,42.6816],[-89.0174,42.6816],[-89.0321,42.69],[-89.0321,42.699]]]}},{"type":"Feature","properties":{"c":"#00ff00","v0":0.002,"v1":0.003},"geometry":{"type":"Polygon","coordinates":[[[-88.706,42.6575],[-88.6962,42.6722],[-88.686,42.6789],[-88.6753,42.6776],[-88.6734,42.6703],[-88.6801,42.6568],[-88.6903,42.6501],[-88.704,42.6501],[-88.706,42.6575]]]}},{"type":"Feature","properties":{"c":"#00ff00","v0":0.002,"v1":0.003},"geometry":{"type":"Polygon","coordinates":[[[-88.8834,42.5557],[-88.8611,42.5729],[-88.84,42.5805],[-88.82,42.5784],[-88.8016,42.5697],[-88.7848,42.5546],[-88.7948,42.5334],[-88.8316,42.5062],[-88.8611,42.5062],[-88.8834,42.5334],[-88.8834,42.5557]],[[-88.8581,42.5511],[-88.8527,42.5592],[-88.8403,42.5592],[-88.821,42.5511],[-88.816,42.5436],[-88.8253,42.5367],[-88.8377,42.5367],[-88.8531,42.5436],[-88.8581,42.5511]]]}},{"type":"Feature","properties":{"c":"#00ff00","v0":0.002,"v1":0.003},"geometry":{"type":"Polygon","coordinates":[[[-91.5333,42.5086],[-91.5178,42.52],[-91.5008,42.52],[-91.4823,42.5086],[-91.4823,42.496],[-91.5008,42.4824],[-91.5178,42.4824],[-91.5333,42.496],[-91.5333,42.5086]],[[-91.5227,42.5059],[-91.5142,42.5122],[-91.5039,42.5122],[-91.4918,42.5059],[-91.4918,42.4984],[-91.5039,42.4894],[-91.5142,42.4894],[-91.5227,42.4984],[-91.5227,42.5059]]]}},{"type":"Feature","properties":{"c":"#00ff00","v0":0.002,"v1":0.003},"geometry":{"type":"Polygon","coordinates":[[[-91.3315,42.3046],[-91.3172,42.3218],[-91.2987,42.3218],[-91.276,42.3046],[-91.276,42.2892],[-91.2987,42.2754],[-91.3172,42.2754],[-91.3315,42.2892],[-91.3315,42.3046]],[[-91.3209,42.3012],[-91.3136,42.3116],[-91.3022,42.3116],[-91.2865,42.3012],[-91.2865,42.2918],[-91.3022,42.2834],[-91.3136,42.2834],[-91.3209,42.2918],[-91.3209,42.3012]]]}},{"type":"Feature","properties":{"c":"#00ff00","v0":0.002,"v1":0.003},"geometry":{"type":"Polygon","coordinates":[[[-79.1462,42.2702],[-79.1354,42.3072],[-79.1233,42.322],[-79.1098,42.3145],[-79.1011,42.296],[-79.0973,42.2664],[-79.104,42.2466],[-79.1213,42.2366],[-79.1354,42.2366],[-79.1462,42.2466],[-79.1462,42.2702]]]}},{"type":"Feature","properties":{"c":"#00ff00","v0":0.002,"v1":0.003},"geometry":{"type":"Polygon","coordinates":[[[-91.2433,42.188],[-91.2344,42.2089],[-91.21,42.2193],[-91.17,42.219],[-91.1324,42.2048],[-91.0971,42.1768],[-91.0653,42.1368],[-91.0368,42.0849],[-90.9789,42.0366],[-90.8916,41.992],[-90.8435,41.9573],[-90.8345,41.9324],[-90.8043,41.8952],[-90.753,41.8456],[-90.7281,41.8134],[-90.7296,41.7985],[-90.7452,41.7777],[-90.7751,41.751],[-90.8127,41.7324],[-90.8581,41.7217],[-90.8807,41.7313],[-90.8803,41.7612],[-90.8949,41.8022],[-90.9245,41.8544],[-90.972,41.9051],[-91.0373,41.9543],[-91.0926,41.9766],[-91.1377,41.972],[-91.1456,41.9846],[-91.1162,42.0143],[-91.1381,42.0663],[-91.2112,42.1405],[-91.2433,42.188]],[[-91.2341,42.188],[-91.218,42.2088],[-91.1933,42.2163],[-91.16,42.2102],[-91.119,42.1702],[-91.0704,42.096],[-91.007,42.0377],[-90.929,41.9952],[-90.8582,41.9431],[-90.7945,41.8815],[-90.7653,41.8395],[-90.7705,41.8171],[-90.7873,41.8006],[-90.8158,41.79],[-90.8396,41.79],[-90.8588,41.8006],[-90.9021,41.8395],[-90.9694,41.9065],[-91.0198,41.9656],[-91.0533,42.0167],[-91.113,42.0761],[-91.1991,42.1438],[-91.2341,42.188]]]}},{"type":"Feature","properties":{"c":"#00ff00","v0":0.002,"v1":0.003},"geometry":{"type":"Polygon","coordinates":[[[-71.3253,42.1275],[-71.3018,42.1461],[-71.2765,42.1424],[-71.2495,42.1164],[-71.2545,42.0991],[-71.2915,42.0905],[-71.3168,42.0942],[-71.3303,42.1102],[-71.3253,42.1275]]]}},{"type":"Feature","properties":{"c":"#00ff00","v0":0.002,"v1":0.003},"geometry":{"type":"Polygon","coordinates":[[[-71.1236,42.1156],[-71.0879,42.14],[-71.05,42.1538],[-71.01,42.1568],[-70.9821,42.152],[-70.9663,42.1394],[-70.9551,42.1183],[-70.9486,42.0886],[-70.9615,42.0743],[-70.9938,42.0755],[-71.025,42.067],[-71.055,42.0489],[-71.0879,42.0557],[-71.1236,42.0875],[-71.1236,42.1156]],[[-71.0482,42.135],[-71.0227,42.1387],[-71.0061,42.135],[-70.9984,42.1238],[-71.0034,42.1134],[-71.0211,42.1037],[-71.0377,42.1074],[-71.0532,42.1245],[-71.0482,42.135]]]}},{"type":"Feature","properties":{"c":"#00ff00","v0":0.002,"v1":0.003},"geometry":{"type":"Polygon","coordinates":[[[-71.4073,42.0383],[-71.3958,42.0567],[-71.39,42.0581],[-71.39,42.0427],[-71.395,42.0303],[-71.405,42.021],[-71.4108,42.0196],[-71.4123,42.026],[-71.4073,42.0383]]]}},{"type":"Feature","properties":{"c":"#00ff00","v0":0.002,"v1":0.003},"geometry":{"type":"Polygon","coordinates":[[[-71.5641,41.9299],[-71.528,41.9395],[-71.5,41.9603],[-71.48,41.9923],[-71.4573,42.0098],[-71.4319,42.0128],[-71.4161,41.9995],[-71.41,41.9697],[-71.4271,41.9474],[-71.4674,41.9325],[-71.4881,41.9135],[-71.4894,41.8905],[-71.5062,41.883],[-71.5385,41.8912],[-71.5615,41.9028],[-71.5752,41.9176],[-71.5641,41.9299]]]}},{"type":"Feature","properties":{"c":"#00ff00","v0":0.002,"v1":0.003},"geometry":{"type":"Polygon","coordinates":[[[-80.1869,41.9865],[-80.1623,41.9903],[-80.1477,41.9866],[-80.1431,41.9753],[-80.1531,41.9678],[-80.1777,41.964],[-80.1923,41.9677],[-80.1969,41.979],[-80.1869,41.9865]]]}},{"type":"Feature","properties":{"c":"#00ff00","v0":0.002,"v1":0.003},"geometry":{"type":"Polygon","coordinates":[[[-93.4172,41.9497],[-93.3991,41.9692],[-93.3787,41.9766],[-93.3561,41.972],[-93.3511,41.9578],[-93.3637,41.9339],[-93.38,41.9214],[-93.4,41.9202],[-93.4141,41.9247],[-93.4222,41.9349],[-93.4172,41.9497]],[[-93.4076,41.9469],[-93.3959,41.9607],[-93.3815,41.9644],[-93.3644,41.958],[-93.3644,41.9478],[-93.3815,41.9337],[-93.3959,41.93],[-93.4076,41.9366],[-93.4076,41.9469]]]}},{"type":"Feature","properties":{"c":"#00ff00","v0":0.002,"v1":0.003},"geometry":{"type":"Polygon","coordinates":[[[-93.8905,41.9313],[-93.8635,41.9436],[-93.8454,41.9399],[-93.8361,41.9201],[-93.8411,41.9046],[-93.8604,41.8933],[-93.8785,41.8971],[-93.8955,41.9157],[-93.8905,41.9313]],[[-93.8845,41.9288],[-93.8693,41.9362],[-93.8575,41.9325],[-93.849,41.9176],[-93.8511,41.9073],[-93.8637,41.9014],[-93.8755,41.9051],[-93.8865,41.9184],[-93.8845,41.9288]]]}},{"type":"Feature","properties":{"c":"#00ff00","v0":0.002,"v1":0.003},"geometry":{"type":"Polygon","coordinates":[[[-71.5492,41.7988],[-71.5364,41.8143],[-71.505,41.8285],[-71.455,41.8411],[-71.41,41.842],[-71.37,41.8311],[-71.3569,41.8505],[-71.3708,41.9002],[-71.3658,41.9324],[-71.3419,41.9469],[-71.32,41.9427],[-71.3,41.9198],[-71.2748,41.9014],[-71.2445,41.8874],[-71.2245,41.87],[-71.2148,41.8492],[-71.1838,41.8343],[-71.1313,41.8253],[-71.112,41.8097],[-71.1259,41.7873],[-71.1671,41.7698],[-71.2357,41.7573],[-71.31,41.7618],[-71.39,41.7832],[-71.4614,41.7932],[-71.5242,41.7917],[-71.5492,41.7988]],[[-71.3469,41.913],[-71.3356,41.9187],[-71.3122,41.9076],[-71.2765,41.8795],[-71.2615,41.8567],[-71.2672,41.839],[-71.28,41.8314],[-71.3,41.834],[-71.3206,41.8541],[-71.3419,41.8915],[-71.3469,41.913]],[[-71.2174,41.8103],[-71.1991,41.819],[-71.1806,41.819],[-71.1618,41.8103],[-71.1618,41.8005],[-71.1806,41.7895],[-71.1991,41.7895],[-71.2174,41.8005],[-71.2174,41.8103]]]}},{"type":"Feature","properties":{"c":"#00ff00","v0":0.002,"v1":0.003},"geometry":{"type":"Polygon","coordinates":[[[-91.1339,41.8134],[-91.1024,41.8283],[-91.0814,41.8506],[-91.071,41.8804],[-91.0568,41.8968],[-91.0389,41.8997],[-91.0221,41.896],[-91.0063,41.8856],[-90.9923,41.8693],[-90.9802,41.8469],[-90.9781,41.831],[-90.986,41.8215],[-91.005,41.8167],[-91.035,41.8167],[-91.065,41.8069],[-91.095,41.7876],[-91.1199,41.7849],[-91.1398,41.7989],[-91.1339,41.8134]],[[-91.0518,41.8695],[-91.0373,41.8775],[-91.0258,41.8738],[-91.0173,41.8584],[-91.0173,41.8479],[-91.0258,41.8425],[-91.0373,41.8462],[-91.0518,41.8591],[-91.0518,41.8695]]]}},{"type":"Feature","properties":{"c":"#00ff00","v0":0.002,"v1":0.003},"geometry":{"type":"Polygon","coordinates":[[[-93.5698,41.868],[-93.5566,41.8729],[-93.55,41.8681],[-93.55,41.8534],[-93.5566,41.8509],[-93.5698,41.8607],[-93.5698,41.868]]]}},{"type":"Feature","properties":{"c":"#00ff00","v0":0.002,"v1":0.003},"geometry":{"type":"Polygon","coordinates":[[[-91.3403,41.7388],[-91.3216,41.7537],[-91.3002,41.7612],[-91.2761,41.7612],[-91.2705,41.7527],[-91.2835,41.7357],[-91.3049,41.7282],[-91.3347,41.7303],[-91.3403,41.7388]]]}},{"type":"Feature","properties":{"c":"#00ff00","v0":0.002,"v1":0.003},"geometry":{"type":"Polygon","coordinates":[[[-71.1023,41.7276],[-71.0862,41.75],[-71.0711,41.7644],[-71.057,41.771],[-71.0414,41.771],[-71.0241,41.7644],[-71.0191,41.7528],[-71.0264,41.7361],[-71.0501,41.7249],[-71.0902,41.7192],[-71.1023,41.7276]]]}},{"type":"Feature","properties":{"c":"#00ff00","v0":0.002,"v1":0.003},"geometry":{"type":"Polygon","coordinates":[[[-90.6339,41.7128],[-90.618,41.7353],[-90.5926,41.7353],[-90.5578,41.7128],[-90.5478,41.6945],[-90.5626,41.6807],[-90.588,41.6807],[-90.6239,41.6945],[-90.6339,41.7128]]]}},{"type":"Feature","properties":{"c":"#00ff00","v0":0.002,"v1":0.003},"geometry":{"type":"Polygon","coordinates":[[[-90.9568,41.6753],[-90.9311,41.6828],[-90.9209,41.6753],[-90.9263,41.6529],[-90.9392,41.6492],[-90.9595,41.6641],[-90.9568,41.6753]]]}},{"type":"Feature","properties":{"c":"#00ff00","v0":0.002,"v1":0.003},"geometry":{"type":"Polygon","coordinates":[[[-90.8081,41.5874],[-90.796,41.5985],[-90.77,41.6086],[-90.73,41.6178],[-90.7,41.6167],[-90.68,41.6055],[-90.66,41.6065],[-90.64,41.6196],[-90.6246,41.6226],[-90.6138,41.6154],[-90.6189,41.6006],[-90.6399,41.5782],[-90.6853,41.5659],[-90.7551,41.5637],[-90.796,41.5674],[-90.8081,41.5771],[-90.8081,41.5874]]]}},{"type":"Feature","properties":{"c":"#00ff00","v0":0.002,"v1":0.003},"geometry":{"type":"Polygon","coordinates":[[[-96.6138,41.1988],[-96.5846,41.2431],[-96.5669,41.2882],[-96.5608,41.3341],[-96.5268,41.3871],[-96.4649,41.4471],[-96.4353,41.4883],[-96.4382,41.5108],[-96.4172,41.519],[-96.3724,41.5129],[-96.33,41.5198],[-96.29,41.5399],[-96.23,41.5377],[-96.15,41.5131],[-96.095,41.5164],[-96.065,41.5477],[-96.0346,41.5605],[-96.0037,41.5548],[-95.9698,41.5295],[-95.933,41.4846],[-95.9134,41.4565],[-95.9111,41.4453],[-95.92,41.4339],[-95.94,41.4224],[-95.9554,41.4055],[-95.9662,41.3832],[-95.9707,41.3608],[-95.9688,41.3383],[-95.9584,41.316],[-95.9395,41.294],[-95.91,41.2761],[-95.87,41.2624],[-95.835,41.2612],[-95.805,41.2726],[-95.78,41.2699],[-95.76,41.2532],[-95.7283,41.2391],[-95.685,41.2276],[-95.6653,41.2143],[-95.6693,41.1993],[-95.6843,41.1842],[-95.7102,41.1691],[-95.7176,41.1466],[-95.7063,41.1164],[-95.718,41.0932],[-95.7527,41.077],[-95.7777,41.0619],[-95.7932,41.048],[-95.8027,41.0297],[-95.8064,41.0071],[-95.8186,40.9912],[-95.8395,40.9822],[-95.8554,40.9784],[-95.8662,40.9799],[-95.8754,40.9958],[-95.883,41.026],[-95.8926,41.0442],[-95.9042,41.0507],[-95.925,41.0436],[-95.955,41.0232],[-95.99,41.0238],[-96.03,41.0454],[-96.1,41.0592],[-96.2,41.0654],[-96.27,41.0563],[-96.31,41.0317],[-96.3345,41.0249],[-96.3434,41.0357],[-96.342,41.0674],[-96.3303,41.1202],[-96.3408,41.1633],[-96.3736,41.1968],[-96.42,41.2135],[-96.48,41.2133],[-96.53,41.2036],[-96.57,41.1842],[-96.5996,41.1751],[-96.6188,41.1761],[-96.6138,41.1988]],[[-95.8547,41.111],[-95.8382,41.1303],[-95.81,41.1409],[-95.77,41.1431],[-95.765,41.1257],[-95.795,41.0888],[-95.8178,41.0706],[-95.8335,41.071],[-95.8468,41.0787],[-95.8575,41.0938],[-95.8547,41.111]],[[-96.4283,41.3683],[-96.4084,41.4209],[-96.3664,41.4619],[-96.3021,41.4914],[-96.23,41.4845],[-96.15,41.4412],[-96.1106,41.4077],[-96.1117,41.384],[-96.0967,41.3722],[-96.0656,41.3724],[-96.0493,41.3574],[-96.048,41.3272],[-96.0376,41.3008],[-96.0183,41.2782],[-95.9795,41.2557],[-95.9211,41.2331],[-95.9115,41.2096],[-95.9505,41.1852],[-95.995,41.1694],[-96.045,41.162],[-96.115,41.1806],[-96.205,41.2249],[-96.26,41.2649],[-96.28,41.3007],[-96.31,41.3165],[-96.35,41.3124],[-96.3871,41.3183],[-96.4212,41.3342],[-96.4283,41.3683]],[[-96.1887,41.0976],[-96.169,41.1202],[-96.1469,41.1338],[-96.1223,41.1384],[-96.105,41.1376],[-96.095,41.1314],[-96.0908,41.1178],[-96.0925,41.0968],[-96.1075,41.0822],[-96.1358,41.0742],[-96.1621,41.0742],[-96.1864,41.0822],[-96.1887,41.0976]],[[-95.9508,41.1356],[-95.9369,41.1437],[-95.9201,41.14],[-95.9004,41.1243],[-95.8954,41.1126],[-95.9051,41.105],[-95.9219,41.1088],[-95.9458,41.1239],[-95.9508,41.1356]]]}},{"type":"Feature","properties":{"c":"#00ff00","v0":0.002,"v1":0.003},"geometry":{"type":"Polygon","coordinates":[[[-90.9278,41.38],[-90.9159,41.3957],[-90.875,41.4172],[-90.805,41.4445],[-90.7582,41.4553],[-90.7347,41.4498],[-90.7147,41.4346],[-90.6982,41.4096],[-90.68,41.401],[-90.66,41.4087],[-90.6392,41.4099],[-90.6176,41.4047],[-90.6091,41.3946],[-90.6135,41.3796],[-90.6243,41.3688],[-90.6414,41.3623],[-90.695,41.3707],[-90.785,41.3939],[-90.845,41.396],[-90.875,41.377],[-90.9009,41.3687],[-90.9228,41.371],[-90.9278,41.38]],[[-90.7789,41.4219],[-90.7596,41.4315],[-90.7445,41.4278],[-90.7335,41.4107],[-90.7431,41.4059],[-90.7734,41.4134],[-90.7789,41.4219]],[[-90.6695,41.3906],[-90.6565,41.3975],[-90.6432,41.3975],[-90.6297,41.3906],[-90.6297,41.3824],[-90.6432,41.3731],[-90.6565,41.3731],[-90.6695,41.3824],[-90.6695,41.3906]]]}},{"type":"Feature","properties":{"c":"#00ff00","v0":0.002,"v1":0.003},"geometry":{"type":"Polygon","coordinates":[[[-95.6152,41.421],[-95.6117,41.4287],[-95.604,41.4287],[-95.5919,41.421],[-95.5936,41.4171],[-95.6092,41.4171],[-95.6152,41.421]]]}},{"type":"Feature","properties":{"c":"#00ff00","v0":0.002,"v1":0.003},"geometry":{"type":"Polygon","coordinates":[[[-90.5142,41.4051],[-90.4981,41.411],[-90.4854,41.4073],[-90.4762,41.3938],[-90.4812,41.3849],[-90.5004,41.3804],[-90.5131,41.3841],[-90.5192,41.3961],[-90.5142,41.4051]]]}},{"type":"Feature","properties":{"c":"#00ff00","v0":0.002,"v1":0.003},"geometry":{"type":"Polygon","coordinates":[[[-88.6768,41.3172],[-88.6723,41.3277],[-88.6615,41.3314],[-88.6445,41.3285],[-88.6468,41.3233],[-88.6683,41.3158],[-88.6768,41.3172]]]}},{"type":"Feature","properties":{"c":"#00ff00","v0":0.002,"v1":0.003},"geometry":{"type":"Polygon","coordinates":[[[-94.1244,41.1989],[-94.1015,41.2132],[-94.0837,41.2132],[-94.0711,41.1989],[-94.0761,41.1847],[-94.0987,41.1706],[-94.1165,41.1706],[-94.1294,41.1847],[-94.1244,41.1989]],[[-94.1098,41.1949],[-94.0966,41.2012],[-94.0886,41.2012],[-94.0858,41.1949],[-94.0924,41.1917],[-94.1084,41.1917],[-94.1098,41.1949]]]}},{"type":"Feature","properties":{"c":"#00ff00","v0":0.002,"v1":0.003},"geometry":{"type":"Polygon","coordinates":[[[-88.7242,41.1367],[-88.7014,41.1472],[-88.6871,41.1434],[-88.6813,41.1254],[-88.6863,41.1144],[-88.7021,41.1102],[-88.7164,41.114],[-88.7292,41.1257],[-88.7242,41.1367]]]}},{"type":"Feature","properties":{"c":"#00ff00","v0":0.002,"v1":0.003},"geometry":{"type":"Polygon","coordinates":[[[-88.6324,41.1131],[-88.5641,41.1367],[-88.52,41.1459],[-88.5,41.1409],[-88.52,41.1221],[-88.58,41.0894],[-88.62,41.074],[-88.64,41.0758],[-88.6541,41.0829],[-88.6624,41.0952],[-88.6324,41.1131]],[[-88.6303,41.1014],[-88.6067,41.1014],[-88.6037,41.0966],[-88.6212,41.0872],[-88.633,41.0872],[-88.6391,41.0966],[-88.6303,41.1014]]]}},{"type":"Feature","properties":{"c":"#00ff00","v0":0.002,"v1":0.003},"geometry":{"type":"Polygon","coordinates":[[[-95.643,41.0351],[-95.6077,41.0534],[-95.57,41.0586],[-95.53,41.0507],[-95.5,41.0498],[-95.48,41.0558],[-95.463,41.0544],[-95.449,41.0455],[-95.449,41.0365],[-95.463,41.0274],[-95.48,41.0263],[-95.5,41.0333],[-95.53,41.0247],[-95.57,41.0005],[-95.6077,40.9978],[-95.643,41.0166],[-95.643,41.0351]],[[-95.6285,41.0327],[-95.6028,41.0461],[-95.5782,41.0499],[-95.5546,41.044],[-95.5546,41.0309],[-95.5782,41.0106],[-95.6028,41.0069],[-95.6285,41.0196],[-95.6285,41.0327]]]}},{"type":"Feature","properties":{"c":"#00ff00","v0":0.002,"v1":0.003},"geometry":{"type":"Polygon","coordinates":[[[-95.7429,41.0322],[-95.7343,41.0448],[-95.7223,41.0448],[-95.7068,41.0322],[-95.7068,41.0202],[-95.7223,41.0088],[-95.7343,41.0088],[-95.7429,41.0202],[-95.7429,41.0322]]]}},{"type":"Feature","properties":{"c":"#00ff00","v0":0.002,"v1":0.003},"geometry":{"type":"Polygon","coordinates":[[[-88.0233,41.0151],[-88.0011,41.0236],[-87.9839,41.0236],[-87.9716,41.0151],[-87.9766,41.0047],[-87.9989,40.9924],[-88.0161,40.9924],[-88.0283,41.0047],[-88.0233,41.0151]]]}},{"type":"Feature","properties":{"c":"#00ff00","v0":0.002,"v1":0.003},"geometry":{"type":"Polygon","coordinates":[[[-93.5783,40.7909],[-93.5728,40.8046],[-93.5657,40.8046],[-93.5572,40.7909],[-93.5572,40.7807],[-93.5657,40.7739],[-93.5728,40.7739],[-93.5783,40.7807],[-93.5783,40.7909]]]}},{"type":"Feature","properties":{"c":"#00ff00","v0":0.002,"v1":0.003},"geometry":{"type":"Polygon","coordinates":[[[-96.1749,40.6371],[-96.1583,40.6463],[-96.1421,40.6463],[-96.1263,40.6371],[-96.1263,40.6282],[-96.1421,40.6196],[-96.1583,40.6196],[-96.1749,40.6282],[-96.1749,40.6371]]]}},{"type":"Feature","properties":{"c":"#00ff00","v0":0.002,"v1":0.003},"geometry":{"type":"Polygon","coordinates":[[[-90.8083,40.6205],[-90.7961,40.6269],[-90.7824,40.6269],[-90.7673,40.6205],[-90.7673,40.6127],[-90.7824,40.6036],[-90.7961,40.6036],[-90.8083,40.6127],[-90.8083,40.6205]]]}},{"type":"Feature","properties":{"c":"#00ff00","v0":0.002,"v1":0.003},"geometry":{"type":"Polygon","coordinates":[[[-98.5269,40.2884],[-98.5023,40.3002],[-98.47,40.3019],[-98.43,40.2933],[-98.4026,40.295],[-98.3878,40.3069],[-98.4173,40.3358],[-98.4909,40.3815],[-98.5233,40.441],[-98.5144,40.5143],[-98.4882,40.5561],[-98.4446,40.5665],[-98.4046,40.5692],[-98.3682,40.564],[-98.33,40.5712],[-98.29,40.5908],[-98.2578,40.5819],[-98.2333,40.5447],[-98.2283,40.5219],[-98.2428,40.5135],[-98.275,40.517],[-98.325,40.5324],[-98.3546,40.5329],[-98.3637,40.5182],[-98.3586,40.4957],[-98.3392,40.4653],[-98.2346,40.436],[-98.0449,40.408],[-97.94,40.3869],[-97.92,40.3728],[-97.885,40.3608],[-97.835,40.3509],[-97.8,40.3517],[-97.78,40.3632],[-97.7658,40.3663],[-97.7574,40.3612],[-97.7644,40.3472],[-97.7868,40.3244],[-97.7803,40.2939],[-97.7447,40.2557],[-97.7301,40.229],[-97.7364,40.2137],[-97.7546,40.2023],[-97.7847,40.1946],[-97.8001,40.1755],[-97.8008,40.145],[-97.8134,40.1201],[-97.8378,40.101],[-97.885,40.0869],[-97.955,40.0778],[-98.01,40.0881],[-98.05,40.1179],[-98.0941,40.132],[-98.1422,40.1304],[-98.1644,40.122],[-98.1606,40.1067],[-98.1312,40.0838],[-98.0762,40.0532],[-98.0611,40.0264],[-98.0862,40.0034],[-98.097,39.9766],[-98.0937,39.9459],[-98.1065,39.9257],[-98.1355,39.9158],[-98.1564,39.9158],[-98.1692,39.9257],[-98.1792,39.9515],[-98.1864,39.9932],[-98.215,40.0071],[-98.265,39.993],[-98.3007,39.9759],[-98.322,39.9559],[-98.3427,39.9459],[-98.3626,39.9459],[-98.3728,39.9612],[-98.3731,39.9919],[-98.3825,40.026],[-98.4008,40.0636],[-98.4378,40.0942],[-98.4933,40.1178],[-98.5187,40.1526],[-98.5139,40.1984],[-98.5184,40.2366],[-98.5322,40.2672],[-98.5269,40.2884]],[[-98.136,40.2124],[-98.1187,40.2251],[-98.0927,40.2212],[-98.058,40.201],[-98.053,40.1875],[-98.0777,40.1807],[-98.1037,40.1846],[-98.131,40.1989],[-98.136,40.2124]],[[-98.1188,40.3646],[-98.0996,40.3766],[-98.0822,40.3766],[-98.0666,40.3646],[-98.0716,40.3536],[-98.0972,40.3436],[-98.1146,40.3436],[-98.1238,40.3536],[-98.1188,40.3646]],[[-98.0279,40.1297],[-98.0241,40.1602],[-98.0141,40.1816],[-97.998,40.1939],[-97.96,40.2028],[-97.9,40.2084],[-97.86,40.2073],[-97.84,40.1997],[-97.83,40.1754],[-97.83,40.1343],[-97.865,40.1062],[-97.935,40.0911],[-97.985,40.0913],[-98.0149,40.1067],[-98.0279,40.1297]],[[-97.8107,40.2576],[-97.7836,40.2689],[-97.7622,40.2651],[-97.7465,40.2461],[-97.7415,40.2319],[-97.7472,40.2225],[-97.76,40.2171],[-97.78,40.2157],[-97.7986,40.2242],[-97.8157,40.2427],[-97.8107,40.2576]],[[-98.5098,40.2734],[-98.4966,40.286],[-98.47,40.2857],[-98.43,40.2726],[-98.395,40.2472],[-98.365,40.2096],[-98.37,40.1812],[-98.41,40.1619],[-98.44,40.1538],[-98.46,40.1571],[-98.4816,40.1859],[-98.5048,40.2401],[-98.5098,40.2734]],[[-98.4553,40.4725],[-98.4384,40.487],[-98.4217,40.4832],[-98.405,40.4611],[-98.405,40.4473],[-98.4217,40.4418],[-98.4384,40.4456],[-98.4553,40.4587],[-98.4553,40.4725]],[[-98.4211,40.3867],[-98.4004,40.4123],[-98.375,40.4192],[-98.345,40.4075],[-98.305,40.4036],[-98.255,40.4075],[-98.2242,40.4044],[-98.2127,40.3942],[-98.2177,40.3792],[-98.2392,40.3594],[-98.28,40.3469],[-98.34,40.3417],[-98.3854,40.3478],[-98.4161,40.3652],[-98.4211,40.3867]],[[-98.1067,40.2786],[-98.1022,40.3015],[-98.0925,40.3177],[-98.0775,40.3274],[-98.055,40.3328],[-98.025,40.334],[-98.0,40.3292],[-97.9801,40.3183],[-97.9688,40.2977],[-97.966,40.2672],[-97.9759,40.2463],[-97.9986,40.235],[-98.0268,40.2312],[-98.0604,40.2348],[-98.0851,40.2443],[-98.101,40.2595],[-98.1067,40.2786]],[[-98.3474,40.0926],[-98.3358,40.1104],[-98.315,40.1183],[-98.285,40.1164],[-98.2588,40.1114],[-98.2365,40.1032],[-98.2224,40.0914],[-98.2167,40.0761],[-98.2279,40.0615],[-98.256,40.0477],[-98.285,40.0446],[-98.315,40.0522],[-98.3358,40.063],[-98.3474,40.0768],[-98.3474,40.0926]],[[-98.3031,40.2155],[-98.2944,40.2343],[-98.26,40.246],[-98.2,40.2506],[-98.175,40.2392],[-98.185,40.2119],[-98.215,40.1956],[-98.265,40.1903],[-98.2944,40.1923],[-98.3031,40.2015],[-98.3031,40.2155]]]}},{"type":"Feature","properties":{"c":"#00ff00","v0":0.002,"v1":0.003},"geometry":{"type":"Polygon","coordinates":[[[-93.3793,40.5755],[-93.371,40.5831],[-93.3627,40.578],[-93.3542,40.5602],[-93.3583,40.5564],[-93.375,40.5666],[-93.3793,40.5755]]]}},{"type":"Feature","properties":{"c":"#00ff00","v0":0.002,"v1":0.003},"geometry":{"type":"Polygon","coordinates":[[[-89.0835,40.5668],[-89.0612,40.5874],[-89.0383,40.595],[-89.0148,40.5896],[-89.0018,40.5793],[-88.9993,40.5641],[-89.006,40.5493],[-89.022,40.535],[-89.04,40.5275],[-89.06,40.5271],[-89.0762,40.5343],[-89.0885,40.5491],[-89.0835,40.5668]],[[-89.0748,40.5643],[-89.0583,40.5799],[-89.0399,40.5837],[-89.0198,40.5757],[-89.0128,40.5641],[-89.0187,40.5489],[-89.0287,40.539],[-89.0429,40.5345],[-89.0583,40.5383],[-89.0748,40.5504],[-89.0748,40.5643]]]}},{"type":"Feature","properties":{"c":"#00ff00","v0":0.002,"v1":0.003},"geometry":{"type":"Polygon","coordinates":[[[-96.2301,40.4835],[-96.2167,40.4896],[-96.205,40.4858],[-96.195,40.4721],[-96.2,40.4645],[-96.22,40.463],[-96.2317,40.4668],[-96.2351,40.4759],[-96.2301,40.4835]]]}},{"type":"Feature","properties":{"c":"#00ff00","v0":0.002,"v1":0.003},"geometry":{"type":"Polygon","coordinates":[[[-97.5576,40.4058],[-97.5392,40.4088],[-97.5242,40.405],[-97.5126,40.3944],[-97.5176,40.3874],[-97.5392,40.384],[-97.5542,40.3878],[-97.5626,40.3988],[-97.5576,40.4058]]]}},{"type":"Feature","properties":{"c":"#00ff00","v0":0.002,"v1":0.003},"geometry":{"type":"Polygon","coordinates":[[[-97.6996,40.3757],[-97.6799,40.3793],[-97.6571,40.3755],[-97.6314,40.3643],[-97.6314,40.3571],[-97.6571,40.3539],[-97.6799,40.3577],[-97.6996,40.3685],[-97.6996,40.3757]]]}},{"type":"Feature","properties":{"c":"#00ff00","v0":0.002,"v1":0.003},"geometry":{"type":"Polygon","coordinates":[[[-93.5668,40.2405],[-93.5556,40.2482],[-93.5435,40.2482],[-93.5305,40.2405],[-93.5305,40.2326],[-93.5435,40.2246],[-93.5556,40.2246],[-93.5668,40.2326],[-93.5668,40.2405]]]}},{"type":"Feature","properties":{"c":"#00ff00","v0":0.002,"v1":0.003},"geometry":{"type":"Polygon","coordinates":[[[-89.5269,40.2433],[-89.5156,40.2566],[-89.48,40.2532],[-89.42,40.2331],[-89.3755,40.215],[-89.3465,40.1989],[-89.3307,40.1832],[-89.3281,40.1679],[-89.3376,40.1539],[-89.3592,40.1413],[-89.395,40.1416],[-89.445,40.1549],[-89.4856,40.1803],[-89.5169,40.2179],[-89.5269,40.2433]],[[-89.4994,40.229],[-89.478,40.2137],[-89.4729,40.2057],[-89.4843,40.2051],[-89.495,40.2127],[-89.5051,40.2287],[-89.4994,40.229]],[[-89.3843,40.1769],[-89.3614,40.1795],[-89.349,40.1757],[-89.3471,40.1654],[-89.3521,40.1578],[-89.364,40.153],[-89.3764,40.1569],[-89.3893,40.1693],[-89.3843,40.1769]]]}},{"type":"Feature","properties":{"c":"#00ff00","v0":0.002,"v1":0.003},"geometry":{"type":"Polygon","coordinates":[[[-97.6987,40.1765],[-97.6796,40.1785],[-97.6671,40.1746],[-97.6613,40.165],[-97.6663,40.159],[-97.6821,40.1564],[-97.6946,40.1602],[-97.7037,40.1704],[-97.6987,40.1765]]]}},{"type":"Feature","properties":{"c":"#00ff00","v0":0.002,"v1":0.003},"geometry":{"type":"Polygon","coordinates":[[[-97.6547,40.0766],[-97.6382,40.0928],[-97.621,40.0966],[-97.603,40.0881],[-97.598,40.0753],[-97.606,40.0584],[-97.6232,40.0546],[-97.6497,40.0638],[-97.6547,40.0766]],[[-97.6451,40.0742],[-97.635,40.0857],[-97.6242,40.0896],[-97.6126,40.0857],[-97.6076,40.0788],[-97.6092,40.0689],[-97.62,40.0651],[-97.6401,40.0673],[-97.6451,40.0742]]]}},{"type":"Feature","properties":{"c":"#00ff00","v0":0.002,"v1":0.003},"geometry":{"type":"Polygon","coordinates":[[[-91.1342,39.9977],[-91.1181,40.0092],[-91.1038,40.0054],[-91.0915,39.9862],[-91.0915,39.9743],[-91.1038,39.9696],[-91.1181,39.9735],[-91.1342,39.9857],[-91.1342,39.9977]]]}},{"type":"Feature","properties":{"c":"#00ff00","v0":0.002,"v1":0.003},"geometry":{"type":"Polygon","coordinates":[[[-97.7258,39.8807],[-97.6966,39.873],[-97.694,39.8688],[-97.718,39.868],[-97.7326,39.8719],[-97.7378,39.8803],[-97.7258,39.8807]]]}},{"type":"Feature","properties":{"c":"#00ff00","v0":0.002,"v1":0.003},"geometry":{"type":"Polygon","coordinates":[[[-98.2949,39.8155],[-98.2916,39.8309],[-98.28,39.8378],[-98.26,39.8362],[-98.2428,39.8285],[-98.2285,39.8147],[-98.2231,39.8001],[-98.2266,39.7847],[-98.2388,39.7738],[-98.2596,39.7675],[-98.2766,39.7752],[-98.2899,39.7969],[-98.2949,39.8155]],[[-98.2671,39.8092],[-98.2557,39.8121],[-98.25,39.8066],[-98.25,39.7927],[-98.2557,39.7913],[-98.2671,39.8023],[-98.2671,39.8092]]]}},{"type":"Feature","properties":{"c":"#00ff00","v0":0.002,"v1":0.003},"geometry":{"type":"Polygon","coordinates":[[[-104.8246,39.5229],[-104.8063,39.5383],[-104.8016,39.5692],[-104.8105,39.6154],[-104.8066,39.6616],[-104.7898,39.7078],[-104.7686,39.7437],[-104.7429,39.7693],[-104.715,39.7821],[-104.685,39.7821],[-104.6641,39.7616],[-104.6522,39.7206],[-104.6519,39.6539],[-104.6632,39.5615],[-104.6741,39.5111],[-104.6847,39.5031],[-104.71,39.505],[-104.75,39.5169],[-104.7859,39.521],[-104.8178,39.5171],[-104.8246,39.5229]],[[-104.7324,39.7219],[-104.7175,39.7346],[-104.7011,39.7346],[-104.6832,39.7219],[-104.6832,39.7061],[-104.7011,39.6873],[-104.7175,39.6873],[-104.7324,39.7061],[-104.7324,39.7219]],[[-104.7807,39.6434],[-104.7736,39.6532],[-104.755,39.6596],[-104.725,39.6626],[-104.7016,39.6385],[-104.6849,39.5871],[-104.6799,39.5543],[-104.6866,39.5399],[-104.71,39.5374],[-104.75,39.5468],[-104.7684,39.5656],[-104.7652,39.5937],[-104.7688,39.6154],[-104.7791,39.6308],[-104.7807,39.6434]]]}},{"type":"Feature","properties":{"c":"#00ff00","v0":0.002,"v1":0.003},"geometry":{"type":"Polygon","coordinates":[[[-105.213,39.723],[-105.1977,39.7381],[-105.1791,39.742],[-105.1574,39.7346],[-105.1574,39.7206],[-105.1791,39.7002],[-105.1977,39.6963],[-105.213,39.7091],[-105.213,39.723]],[[-105.2019,39.7208],[-105.194,39.7313],[-105.1827,39.7351],[-105.1681,39.7323],[-105.1631,39.7246],[-105.1677,39.7119],[-105.179,39.708],[-105.1969,39.713],[-105.2019,39.7208]]]}},{"type":"Feature","properties":{"c":"#00ff00","v0":0.002,"v1":0.003},"geometry":{"type":"Polygon","coordinates":[[[-95.9664,39.7064],[-95.9555,39.7189],[-95.9398,39.7227],[-95.9194,39.7179],[-95.9144,39.7084],[-95.9248,39.6942],[-95.9405,39.6904],[-95.9614,39.6969],[-95.9664,39.7064]]]}},{"type":"Feature","properties":{"c":"#00ff00","v0":0.002,"v1":0.003},"geometry":{"type":"Polygon","coordinates":[[[-96.147,39.6294],[-96.1357,39.6726],[-96.115,39.6921],[-96.085,39.6877],[-96.07,39.6748],[-96.07,39.6533],[-96.06,39.6474],[-96.04,39.657],[-96.0192,39.656],[-95.9976,39.6444],[-95.9926,39.6293],[-96.0042,39.6108],[-96.03,39.6087],[-96.07,39.623],[-96.1,39.6194],[-96.12,39.5979],[-96.1357,39.5923],[-96.147,39.6026],[-96.147,39.6294]],[[-96.1267,39.6734],[-96.1156,39.6815],[-96.1069,39.6815],[-96.1007,39.6734],[-96.1007,39.6658],[-96.1069,39.6586],[-96.1156,39.6586],[-96.1267,39.6658],[-96.1267,39.6734]],[[-96.0485,39.6301],[-96.0362,39.6439],[-96.022,39.6478],[-96.0061,39.6416],[-96.0011,39.6316],[-96.007,39.6178],[-96.0212,39.6139],[-96.0435,39.6201],[-96.0485,39.6301]]]}},{"type":"Feature","properties":{"c":"#00ff00","v0":0.002,"v1":0.003},"geometry":{"type":"Polygon","coordinates":[[[-98.4552,39.6596],[-98.4384,39.671],[-98.4197,39.6672],[-98.399,39.6481],[-98.399,39.633],[-98.4197,39.622],[-98.4384,39.6259],[-98.4552,39.6446],[-98.4552,39.6596]],[[-98.4436,39.6565],[-98.4345,39.6618],[-98.4232,39.6579],[-98.4097,39.645],[-98.4097,39.636],[-98.4232,39.6309],[-98.4345,39.6348],[-98.4436,39.6475],[-98.4436,39.6565]]]}},{"type":"Feature","properties":{"c":"#00ff00","v0":0.002,"v1":0.003},"geometry":{"type":"Polygon","coordinates":[[[-95.7224,39.5982],[-95.7141,39.6099],[-95.7056,39.6137],[-95.6969,39.6097],[-95.6969,39.6011],[-95.7056,39.5878],[-95.7141,39.584],[-95.7224,39.5895],[-95.7224,39.5982]]]}},{"type":"Feature","properties":{"c":"#00ff00","v0":0.002,"v1":0.003},"geometry":{"type":"Polygon","coordinates":[[[-98.5479,39.5659],[-98.536,39.5748],[-98.5236,39.5748],[-98.5108,39.5659],[-98.5108,39.5563],[-98.5236,39.5459],[-98.536,39.5459],[-98.5479,39.5563],[-98.5479,39.5659]]]}},{"type":"Feature","properties":{"c":"#00ff00","v0":0.002,"v1":0.003},"geometry":{"type":"Polygon","coordinates":[[[-98.5999,39.5043],[-98.5933,39.5134],[-98.585,39.5166],[-98.575,39.5139],[-98.5642,39.5017],[-98.5527,39.4798],[-98.5577,39.47],[-98.5792,39.4724],[-98.5933,39.4801],[-98.5999,39.4932],[-98.5999,39.5043]]]}},{"type":"Feature","properties":{"c":"#00ff00","v0":0.002,"v1":0.003},"geometry":{"type":"Polygon","coordinates":[[[-98.5089,39.47],[-98.483,39.4724],[-98.4608,39.4646],[-98.4424,39.4469],[-98.4474,39.4371],[-98.4758,39.4353],[-98.498,39.443],[-98.5139,39.4603],[-98.5089,39.47]]]}},{"type":"Feature","properties":{"c":"#00ff00","v0":0.002,"v1":0.003},"geometry":{"type":"Polygon","coordinates":[[[-96.3028,39.4554],[-96.2943,39.4594],[-96.2839,39.4555],[-96.2716,39.4438],[-96.2716,39.4362],[-96.2839,39.4326],[-96.2943,39.4364],[-96.3028,39.4478],[-96.3028,39.4554]]]}},{"type":"Feature","properties":{"c":"#00ff00","v0":0.002,"v1":0.003},"geometry":{"type":"Polygon","coordinates":[[[-101.6663,39.4058],[-101.6021,39.4342],[-101.56,39.4456],[-101.54,39.4398],[-101.5107,39.4102],[-101.472,39.3566],[-101.4569,39.3066],[-101.4653,39.2601],[-101.5146,39.2519],[-101.6049,39.2819],[-101.6621,39.3206],[-101.6863,39.368],[-101.6663,39.4058]],[[-101.6711,39.3803],[-101.6704,39.3884],[-101.66,39.3941],[-101.64,39.3972],[-101.615,39.3962],[-101.585,39.391],[-101.5648,39.3815],[-101.5545,39.3676],[-101.5745,39.3604],[-101.6248,39.3596],[-101.6554,39.3635],[-101.6661,39.372],[-101.6711,39.3803]]]}},{"type":"Feature","properties":{"c":"#00ff00","v0":0.002,"v1":0.003},"geometry":{"type":"Polygon","coordinates":[[[-108.3396,39.038],[-108.2799,39.0746],[-108.2522,39.0785],[-108.2567,39.0496],[-108.2467,39.0291],[-108.2222,39.017],[-108.2042,39.0015],[-108.1925,38.9825],[-108.1713,38.9691],[-108.1406,38.9614],[-108.1255,38.9419],[-108.1258,38.9108],[-108.132,38.8928],[-108.144,38.888],[-108.16,38.8953],[-108.18,38.9147],[-108.205,38.9254],[-108.235,38.9274],[-108.255,38.949],[-108.265,38.9903],[-108.2949,39.0131],[-108.3446,39.0175],[-108.3396,39.038]],[[-108.246,38.9801],[-108.2353,38.9941],[-108.2267,38.9941],[-108.2201,38.9801],[-108.2201,38.9694],[-108.2267,38.962],[-108.2353,38.962],[-108.246,38.9694],[-108.246,38.9801]],[[-108.3261,39.0352],[-108.3056,39.0352],[-108.299,39.0317],[-108.3063,39.0248],[-108.3166,39.0248],[-108.3297,39.0317],[-108.3261,39.0352]]]}},{"type":"Feature","properties":{"c":"#00ff00","v0":0.002,"v1":0.003},"geometry":{"type":"Polygon","coordinates":[[[-108.1001,39.0624],[-108.036,39.0546],[-108.0254,39.0482],[-108.0685,39.0431],[-108.1006,39.0469],[-108.1217,39.0598],[-108.1001,39.0624]]]}},{"type":"Feature","properties":{"c":"#00ff00","v0":0.002,"v1":0.003},"geometry":{"type":"Polygon","coordinates":[[[-104.9379,39.0386],[-104.9193,39.0453],[-104.8999,39.0375],[-104.8796,39.0153],[-104.8801,39.0002],[-104.9014,38.9925],[-104.9208,39.0002],[-104.9384,39.0236],[-104.9379,39.0386]]]}},{"type":"Feature","properties":{"c":"#00ff00","v0":0.002,"v1":0.003},"geometry":{"type":"Polygon","coordinates":[[[-105.0793,38.9536],[-105.0737,38.9769],[-105.0606,38.9934],[-105.0402,39.003],[-105.02,38.9932],[-105.0,38.964],[-104.9605,38.9319],[-104.9016,38.8971],[-104.8875,38.8641],[-104.9183,38.8329],[-104.9299,38.8057],[-104.9223,38.7823],[-104.9314,38.7632],[-104.9571,38.7484],[-104.9761,38.7523],[-104.9884,38.7749],[-104.9876,38.7979],[-104.9736,38.8213],[-104.9741,38.8446],[-104.989,38.868],[-105.0142,38.8875],[-105.0496,38.903],[-105.071,38.9186],[-105.0784,38.9341],[-105.0793,38.9536]],[[-105.0648,38.9528],[-105.0549,38.9746],[-105.045,38.9848],[-105.035,38.9832],[-105.02,38.9698],[-105.0,38.9445],[-104.9655,38.9188],[-104.9165,38.8927],[-104.8928,38.8758],[-104.8946,38.868],[-104.9091,38.8595],[-104.9364,38.8502],[-104.96,38.8595],[-104.98,38.8872],[-105.005,38.9037],[-105.035,38.9088],[-105.0549,38.919],[-105.0648,38.9343],[-105.0648,38.9528]],[[-104.9734,38.7913],[-104.9578,38.8016],[-104.9454,38.8016],[-104.9362,38.7913],[-104.9412,38.7803],[-104.9604,38.7686],[-104.9728,38.7686],[-104.9784,38.7803],[-104.9734,38.7913]]]}},{"type":"Feature","properties":{"c":"#00ff00","v0":0.002,"v1":0.003},"geometry":{"type":"Polygon","coordinates":[[[-104.2847,38.9656],[-104.2616,38.982],[-104.24,38.9862],[-104.22,38.9785],[-104.2025,38.9664],[-104.1875,38.9501],[-104.1825,38.9268],[-104.1875,38.8966],[-104.21,38.8898],[-104.25,38.9067],[-104.2766,38.9257],[-104.2897,38.9469],[-104.2847,38.9656]],[[-104.2766,38.9484],[-104.2722,38.9613],[-104.26,38.9686],[-104.24,38.9703],[-104.2211,38.9638],[-104.2033,38.9492],[-104.1935,38.9341],[-104.1919,38.9186],[-104.2008,38.9091],[-104.2203,38.9056],[-104.2422,38.9133],[-104.2666,38.9324],[-104.2766,38.9484]]]}},{"type":"Feature","properties":{"c":"#00ff00","v0":0.002,"v1":0.003},"geometry":{"type":"Polygon","coordinates":[[[-90.4482,38.9772],[-90.4227,38.9857],[-90.4067,38.9818],[-90.4001,38.9656],[-90.4051,38.9542],[-90.4217,38.9476],[-90.4377,38.9515],[-90.4532,38.9659],[-90.4482,38.9772]],[[-90.4333,38.973],[-90.4165,38.973],[-90.4135,38.9685],[-90.4245,38.9593],[-90.4329,38.9593],[-90.4388,38.9685],[-90.4333,38.973]]]}},{"type":"Feature","properties":{"c":"#00ff00","v0":0.002,"v1":0.003},"geometry":{"type":"Polygon","coordinates":[[[-90.9574,38.8113],[-90.9258,38.8305],[-90.885,38.8399],[-90.835,38.8398],[-90.7974,38.8302],[-90.7723,38.8112],[-90.7673,38.7955],[-90.7824,38.783],[-90.81,38.7782],[-90.85,38.7811],[-90.885,38.7774],[-90.915,38.7671],[-90.9408,38.7719],[-90.9624,38.7918],[-90.9574,38.8113]],[[-90.9529,38.8072],[-90.9376,38.818],[-90.9179,38.818],[-90.8936,38.8072],[-90.8936,38.7942],[-90.9179,38.7791],[-90.9376,38.7791],[-90.9529,38.7942],[-90.9529,38.8072]],[[-90.8293,38.8174],[-90.8106,38.8174],[-90.8034,38.8134],[-90.8078,38.8056],[-90.8172,38.8056],[-90.8315,38.8134],[-90.8293,38.8174]]]}},{"type":"Feature","properties":{"c":"#00ff00","v0":0.002,"v1":0.003},"geometry":{"type":"Polygon","coordinates":[[[-104.8942,38.8079],[-104.8781,38.82],[-104.865,38.8245],[-104.855,38.8212],[-104.8348,38.8074],[-104.8045,38.7828],[-104.7909,38.7628],[-104.794,38.7472],[-104.8191,38.7326],[-104.8664,38.7191],[-104.8931,38.7347],[-104.8992,38.7794],[-104.8942,38.8079]],[[-104.8707,38.7516],[-104.8569,38.7759],[-104.8404,38.7837],[-104.8211,38.775],[-104.8161,38.7603],[-104.8254,38.7397],[-104.84,38.7281],[-104.86,38.7255],[-104.8719,38.728],[-104.8757,38.7356],[-104.8707,38.7516]]]}},{"type":"Feature","properties":{"c":"#00ff00","v0":0.002,"v1":0.003},"geometry":{"type":"Polygon","coordinates":[[[-88.3023,38.7594],[-88.2941,38.7682],[-88.2809,38.7682],[-88.2627,38.7594],[-88.2577,38.7495],[-88.2659,38.7384],[-88.2791,38.7384],[-88.2973,38.7495],[-88.3023,38.7594]]]}},{"type":"Feature","properties":{"c":"#00ff00","v0":0.002,"v1":0.003},"geometry":{"type":"Polygon","coordinates":[[[-108.7587,38.6957],[-108.7529,38.7018],[-108.7442,38.7018],[-108.7327,38.6957],[-108.7356,38.6926],[-108.7529,38.6926],[-108.7587,38.6957]]]}},{"type":"Feature","properties":{"c":"#00ff00","v0":0.002,"v1":0.003},"geometry":{"type":"Polygon","coordinates":[[[-90.3894,38.6809],[-90.3754,38.6887],[-90.3688,38.6868],[-90.3696,38.6752],[-90.3766,38.6713],[-90.3898,38.6751],[-90.3894,38.6809]]]}},{"type":"Feature","properties":{"c":"#00ff00","v0":0.002,"v1":0.003},"geometry":{"type":"Polygon","coordinates":[[[-104.5057,38.3248],[-104.4604,38.4032],[-104.4108,38.4502],[-104.3569,38.466],[-104.3172,38.4856],[-104.2917,38.509],[-104.2821,38.5324],[-104.2885,38.5558],[-104.2613,38.569],[-104.2004,38.5718],[-104.14,38.5867],[-104.08,38.6137],[-104.04,38.6418],[-104.02,38.671],[-103.985,38.6648],[-103.935,38.6233],[-103.9132,38.582],[-103.9195,38.5411],[-103.9648,38.4776],[-104.0491,38.3914],[-104.1059,38.3071],[-104.1353,38.2246],[-104.16,38.1813],[-104.18,38.1772],[-104.205,38.18],[-104.235,38.1898],[-104.2713,38.1899],[-104.314,38.1803],[-104.3389,38.207],[-104.346,38.2698],[-104.3546,38.3037],[-104.3649,38.3087],[-104.395,38.3019],[-104.445,38.2832],[-104.4846,38.2767],[-104.5138,38.2826],[-104.5057,38.3248]],[[-104.4655,38.331],[-104.4152,38.3904],[-104.37,38.4233],[-104.33,38.4298],[-104.295,38.4237],[-104.265,38.4052],[-104.245,38.3987],[-104.235,38.4044],[-104.2277,38.416],[-104.2232,38.4336],[-104.2318,38.4541],[-104.2537,38.4776],[-104.256,38.4933],[-104.2387,38.5013],[-104.215,38.5003],[-104.185,38.4904],[-104.16,38.5078],[-104.14,38.5526],[-104.12,38.5766],[-104.1,38.5801],[-104.0774,38.5743],[-104.0521,38.5594],[-104.0381,38.5441],[-104.0353,38.5285],[-104.044,38.5089],[-104.0641,38.4854],[-104.0733,38.4541],[-104.0715,38.4149],[-104.0905,38.3651],[-104.1302,38.3046],[-104.1728,38.2693],[-104.2185,38.2592],[-104.2685,38.272],[-104.3228,38.3077],[-104.375,38.3168],[-104.425,38.2993],[-104.4602,38.2933],[-104.4805,38.2986],[-104.4655,38.331]]]}},{"type":"Feature","properties":{"c":"#00ff00","v0":0.002,"v1":0.003},"geometry":{"type":"Polygon","coordinates":[[[-105.1322,38.6187],[-105.1307,38.6271],[-105.1209,38.6311],[-105.1026,38.6304],[-105.0976,38.6243],[-105.1059,38.6128],[-105.1157,38.6089],[-105.1272,38.6126],[-105.1322,38.6187]]]}},{"type":"Feature","properties":{"c":"#00ff00","v0":0.002,"v1":0.003},"geometry":{"type":"Polygon","coordinates":[[[-104.9124,38.6065],[-104.8975,38.6217],[-104.87,38.6309],[-104.83,38.6341],[-104.8059,38.6148],[-104.7977,38.5729],[-104.8127,38.5457],[-104.8509,38.5334],[-104.8825,38.5451],[-104.9074,38.5809],[-104.9124,38.6065]],[[-104.9002,38.6035],[-104.8934,38.6128],[-104.87,38.6183],[-104.83,38.62],[-104.8089,38.6037],[-104.8067,38.5692],[-104.8184,38.548],[-104.8438,38.5402],[-104.8683,38.5519],[-104.8919,38.5832],[-104.9002,38.6035]]]}},{"type":"Feature","properties":{"c":"#00ff00","v0":0.002,"v1":0.003},"geometry":{"type":"Polygon","coordinates":[[[-108.4524,38.4296],[-108.4375,38.4356],[-108.4261,38.4356],[-108.4184,38.4296],[-108.4184,38.4226],[-108.4261,38.4144],[-108.4375,38.4144],[-108.4524,38.4226],[-108.4524,38.4296]]]}},{"type":"Feature","properties":{"c":"#00ff00","v0":0.002,"v1":0.003},"geometry":{"type":"Polygon","coordinates":[[[-105.3032,38.3483],[-105.2878,38.3483],[-105.2826,38.3423],[-105.2875,38.3302],[-105.2952,38.3302],[-105.3056,38.3423],[-105.3032,38.3483]]]}},{"type":"Feature","properties":{"c":"#00ff00","v0":0.002,"v1":0.003},"geometry":{"type":"Polygon","coordinates":[[[-105.9241,38.3311],[-105.9014,38.328],[-105.8708,38.3084],[-105.8323,38.2722],[-105.836,38.258],[-105.8819,38.2659],[-105.9126,38.2855],[-105.9279,38.3169],[-105.9241,38.3311]]]}},{"type":"Feature","properties":{"c":"#00ff00","v0":0.002,"v1":0.003},"geometry":{"type":"Polygon","coordinates":[[[-105.2292,38.2438],[-105.2164,38.2546],[-105.195,38.2609],[-105.165,38.2627],[-105.14,38.2545],[-105.12,38.2361],[-105.09,38.2244],[-105.05,38.2192],[-105.0013,38.1946],[-104.9439,38.1504],[-104.9189,38.115],[-104.9263,38.0883],[-104.9434,38.0647],[-104.9701,38.0442],[-104.9801,38.0219],[-104.9734,37.9978],[-104.955,37.9894],[-104.925,37.9965],[-104.9043,37.9928],[-104.893,37.9782],[-104.901,37.963],[-104.9283,37.9472],[-104.9341,37.9117],[-104.9184,37.8564],[-104.9205,37.8164],[-104.9402,37.7915],[-104.9598,37.7836],[-104.9795,37.7927],[-104.9991,37.8209],[-105.0185,37.8683],[-105.0447,37.9038],[-105.0779,37.9275],[-105.0984,37.9535],[-105.1061,37.9818],[-105.125,37.996],[-105.155,37.9959],[-105.1858,38.0132],[-105.2175,38.048],[-105.2161,38.0772],[-105.1814,38.1008],[-105.182,38.1441],[-105.2177,38.207],[-105.2292,38.2438]],[[-105.2013,38.2384],[-105.1838,38.2384],[-105.1638,38.2296],[-105.1413,38.2119],[-105.11,38.2058],[-105.07,38.2113],[-105.0335,38.2045],[-105.0005,38.1852],[-104.9761,38.1638],[-104.9601,38.1402],[-104.9515,38.1196],[-104.9505,38.1022],[-104.9676,38.0786],[-105.0028,38.0488],[-104.9962,37.9866],[-104.9477,37.892],[-104.9301,37.8314],[-104.9434,37.805],[-104.9587,37.7971],[-104.9762,37.8077],[-104.994,37.8367],[-105.0121,37.8841],[-105.0367,37.9196],[-105.0675,37.9433],[-105.0753,37.9748],[-105.0601,38.0142],[-105.0619,38.0383],[-105.0806,38.0472],[-105.105,38.0401],[-105.135,38.0171],[-105.1629,38.0166],[-105.1887,38.0386],[-105.2034,38.0536],[-105.2069,38.0615],[-105.1892,38.0811],[-105.1503,38.1126],[-105.1416,38.1362],[-105.1632,38.152],[-105.1748,38.1716],[-105.1764,38.1952],[-105.1854,38.2148],[-105.2018,38.2306],[-105.2013,38.2384]]]}},{"type":"Feature","properties":{"c":"#00ff00","v0":0.002,"v1":0.003},"geometry":{"type":"Polygon","coordinates":[[[-99.8976,38.0892],[-99.8792,38.1053],[-99.8618,38.1092],[-99.8454,38.101],[-99.8404,38.092],[-99.8468,38.0821],[-99.8642,38.0782],[-99.8926,38.0802],[-99.8976,38.0892]]]}},{"type":"Feature","properties":{"c":"#00ff00","v0":0.002,"v1":0.003},"geometry":{"type":"Polygon","coordinates":[[[-104.382,38.0142],[-104.3252,38.0693],[-104.2851,38.1007],[-104.2617,38.1082],[-104.2534,38.1003],[-104.2602,38.077],[-104.2887,38.0418],[-104.3388,37.9945],[-104.3755,37.9748],[-104.3988,37.9827],[-104.382,38.0142]]]}},{"type":"Feature","properties":{"c":"#00ff00","v0":0.002,"v1":0.003},"geometry":{"type":"Polygon","coordinates":[[[-104.0165,37.9642],[-103.9988,37.9825],[-103.9802,37.9825],[-103.9607,37.9642],[-103.9607,37.9487],[-103.9802,37.9359],[-103.9988,37.9359],[-104.0165,37.9487],[-104.0165,37.9642]],[[-103.9996,37.9595],[-103.9932,37.9683],[-103.9849,37.9683],[-103.9747,37.9595],[-103.9779,37.9551],[-103.9945,37.9551],[-103.9996,37.9595]]]}},{"type":"Feature","properties":{"c":"#00ff00","v0":0.002,"v1":0.003},"geometry":{"type":"Polygon","coordinates":[[[-105.3992,37.9078],[-105.3849,37.9078],[-105.3808,37.9036],[-105.3869,37.8954],[-105.3941,37.8954],[-105.4022,37.9036],[-105.3992,37.9078]]]}},{"type":"Feature","properties":{"c":"#00ff00","v0":0.002,"v1":0.003},"geometry":{"type":"Polygon","coordinates":[[[-99.7687,37.8381],[-99.7562,37.8567],[-99.73,37.8661],[-99.69,37.8663],[-99.655,37.8751],[-99.625,37.8923],[-99.6046,37.8986],[-99.5938,37.8942],[-99.6038,37.8732],[-99.6346,37.8357],[-99.675,37.8117],[-99.725,37.8011],[-99.7562,37.8041],[-99.7687,37.8206],[-99.7687,37.8381]],[[-99.7507,37.8328],[-99.7502,37.8406],[-99.7419,37.8446],[-99.7258,37.8446],[-99.7261,37.8406],[-99.7426,37.8328],[-99.7507,37.8328]]]}},{"type":"Feature","properties":{"c":"#00ff00","v0":0.002,"v1":0.003},"geometry":{"type":"Polygon","coordinates":[[[-100.1559,37.6812],[-100.1386,37.7022],[-100.117,37.718],[-100.0911,37.7286],[-100.0664,37.7577],[-100.0428,37.8051],[-100.0207,37.8302],[-100.0002,37.8329],[-99.9809,37.8211],[-99.9626,37.7946],[-99.9627,37.7577],[-99.9812,37.7102],[-99.9803,37.678],[-99.9601,37.6611],[-99.927,37.6453],[-99.8811,37.6305],[-99.8661,37.6122],[-99.882,37.5904],[-99.91,37.5922],[-99.95,37.6175],[-99.985,37.6179],[-100.015,37.5934],[-100.0636,37.6035],[-100.1309,37.6483],[-100.1559,37.6812]],[[-100.0963,37.655],[-100.0654,37.6552],[-100.0445,37.6473],[-100.0335,37.6312],[-100.0489,37.6311],[-100.0908,37.6469],[-100.0963,37.655]]]}},{"type":"Feature","properties":{"c":"#00ff00","v0":0.002,"v1":0.003},"geometry":{"type":"Polygon","coordinates":[[[-112.9111,37.6152],[-112.8925,37.6627],[-112.8649,37.7008],[-112.8283,37.7294],[-112.7959,37.7413],[-112.7676,37.7364],[-112.7509,37.726],[-112.7459,37.7102],[-112.755,37.6996],[-112.7783,37.6941],[-112.81,37.6627],[-112.85,37.6053],[-112.88,37.5745],[-112.9,37.5703],[-112.9126,37.574],[-112.9178,37.5856],[-112.9111,37.6152]],[[-112.8949,37.6113],[-112.8808,37.6509],[-112.8629,37.677],[-112.841,37.6898],[-112.83,37.6864],[-112.83,37.6666],[-112.8391,37.6523],[-112.8573,37.6434],[-112.869,37.6271],[-112.8742,37.6033],[-112.8831,37.5914],[-112.8956,37.5914],[-112.8949,37.6113]]]}},{"type":"Feature","properties":{"c":"#00ff00","v0":0.002,"v1":0.003},"geometry":{"type":"Polygon","coordinates":[[[-97.5369,37.6786],[-97.5272,37.6944],[-97.5093,37.7054],[-97.4831,37.7116],[-97.4753,37.7037],[-97.486,37.6817],[-97.4827,37.6548],[-97.4654,37.6231],[-97.4701,37.6095],[-97.4967,37.6139],[-97.518,37.6298],[-97.5339,37.657],[-97.5369,37.6786]]]}},{"type":"Feature","properties":{"c":"#00ff00","v0":0.002,"v1":0.003},"geometry":{"type":"Polygon","coordinates":[[[-97.316,37.6921],[-97.2987,37.7033],[-97.2804,37.7072],[-97.2612,37.7039],[-97.2513,37.6984],[-97.2506,37.6904],[-97.2602,37.6835],[-97.2801,37.6776],[-97.2987,37.6776],[-97.316,37.6835],[-97.316,37.6921]]]}},{"type":"Feature","properties":{"c":"#00ff00","v0":0.002,"v1":0.003},"geometry":{"type":"Polygon","coordinates":[[[-102.5669,37.6345],[-102.5423,37.6572],[-102.5288,37.6572],[-102.5265,37.6345],[-102.5365,37.6188],[-102.5588,37.6103],[-102.5723,37.6103],[-102.5769,37.6188],[-102.5669,37.6345]]]}},{"type":"Feature","properties":{"c":"#00ff00","v0":0.002,"v1":0.003},"geometry":{"type":"Polygon","coordinates":[[[-100.4158,37.6],[-100.4119,37.6172],[-100.4,37.6304],[-100.38,37.6397],[-100.3263,37.6311],[-100.2389,37.6047],[-100.2289,37.5759],[-100.2963,37.5447],[-100.3519,37.5447],[-100.3958,37.5759],[-100.4158,37.6]],[[-100.3891,37.6125],[-100.3764,37.623],[-100.3469,37.6191],[-100.3006,37.6007],[-100.2956,37.5846],[-100.3319,37.5708],[-100.3614,37.5748],[-100.3841,37.5965],[-100.3891,37.6125]]]}},{"type":"Feature","properties":{"c":"#00ff00","v0":0.002,"v1":0.003},"geometry":{"type":"Polygon","coordinates":[[[-98.6019,37.5806],[-98.5806,37.5906],[-98.5606,37.5906],[-98.5418,37.5806],[-98.5418,37.5708],[-98.5606,37.5612],[-98.5806,37.5612],[-98.6019,37.5708],[-98.6019,37.5806]]]}},{"type":"Feature","properties":{"c":"#00ff00","v0":0.002,"v1":0.003},"geometry":{"type":"Polygon","coordinates":[[[-97.4203,37.5662],[-97.3868,37.5792],[-97.3624,37.5792],[-97.3472,37.5662],[-97.3522,37.5505],[-97.3774,37.5321],[-97.4018,37.5321],[-97.4253,37.5505],[-97.4203,37.5662]],[[-97.4157,37.5638],[-97.3986,37.5719],[-97.3815,37.5719],[-97.3645,37.5638],[-97.3645,37.5526],[-97.3815,37.5383],[-97.3986,37.5383],[-97.4157,37.5526],[-97.4157,37.5638]]]}},{"type":"Feature","properties":{"c":"#00ff00","v0":0.002,"v1":0.003},"geometry":{"type":"Polygon","coordinates":[[[-100.9464,37.5091],[-100.8821,37.5348],[-100.8354,37.5388],[-100.8062,37.521],[-100.8062,37.4918],[-100.8354,37.4509],[-100.8821,37.447],[-100.9464,37.4799],[-100.9464,37.5091]]]}},{"type":"Feature","properties":{"c":"#00ff00","v0":0.002,"v1":0.003},"geometry":{"type":"Polygon","coordinates":[[[-101.1751,37.5171],[-101.1584,37.5269],[-101.1302,37.5269],[-101.0906,37.5171],[-101.0956,37.5076],[-101.1452,37.4986],[-101.1734,37.4986],[-101.1801,37.5076],[-101.1751,37.5171]]]}},{"type":"Feature","properties":{"c":"#00ff00","v0":0.002,"v1":0.003},"geometry":{"type":"Polygon","coordinates":[[[-99.9729,37.5266],[-99.9176,37.5236],[-99.8783,37.5038],[-99.855,37.467],[-99.85,37.437],[-99.8633,37.4137],[-99.88,37.4043],[-99.9,37.409],[-99.9326,37.4405],[-99.9779,37.4989],[-99.9729,37.5266]],[[-99.9119,37.4556],[-99.8973,37.4694],[-99.882,37.4654],[-99.8661,37.4437],[-99.8661,37.4286],[-99.882,37.4202],[-99.8973,37.4241],[-99.9119,37.4405],[-99.9119,37.4556]]]}},{"type":"Feature","properties":{"c":"#00ff00","v0":0.002,"v1":0.003},"geometry":{"type":"Polygon","coordinates":[[[-101.2997,37.4554],[-101.2932,37.4688],[-101.2812,37.4767],[-101.2637,37.4792],[-101.2637,37.4673],[-101.2812,37.4412],[-101.2932,37.4332],[-101.2997,37.4435],[-101.2997,37.4554]]]}},{"type":"Feature","properties":{"c":"#00ff00","v0":0.002,"v1":0.003},"geometry":{"type":"Polygon","coordinates":[[[-98.4654,37.4528],[-98.4551,37.461],[-98.435,37.4625],[-98.405,37.4571],[-98.38,37.4584],[-98.36,37.4664],[-98.3407,37.4649],[-98.322,37.4541],[-98.317,37.4433],[-98.3257,37.4326],[-98.355,37.4261],[-98.405,37.4237],[-98.4401,37.4291],[-98.4604,37.4422],[-98.4654,37.4528]]]}},{"type":"Feature","properties":{"c":"#00ff00","v0":0.002,"v1":0.003},"geometry":{"type":"Polygon","coordinates":[[[-105.0488,37.3541],[-105.0096,37.3873],[-104.97,37.4028],[-104.93,37.4004],[-104.895,37.4051],[-104.865,37.4169],[-104.8397,37.4174],[-104.8192,37.4065],[-104.8142,37.3948],[-104.8247,37.3825],[-104.86,37.3656],[-104.92,37.3442],[-104.97,37.3306],[-105.01,37.3246],[-105.0396,37.3256],[-105.0588,37.3335],[-105.0488,37.3541]],[[-105.0257,37.364],[-105.0019,37.3852],[-104.975,37.3946],[-104.945,37.3923],[-104.9239,37.3857],[-104.9116,37.3747],[-104.9166,37.3623],[-104.9389,37.3485],[-104.97,37.3411],[-105.01,37.3402],[-105.0319,37.3431],[-105.0357,37.3499],[-105.0257,37.364]]]}},{"type":"Feature","properties":{"c":"#00ff00","v0":0.002,"v1":0.003},"geometry":{"type":"Polygon","coordinates":[[[-100.0717,37.3959],[-100.0572,37.4175],[-100.04,37.4286],[-100.02,37.4292],[-100.0,37.4202],[-99.98,37.4016],[-99.955,37.3876],[-99.925,37.3782],[-99.895,37.3757],[-99.865,37.3799],[-99.8328,37.3709],[-99.7983,37.3486],[-99.7883,37.3341],[-99.8028,37.3274],[-99.82,37.3311],[-99.84,37.3449],[-99.865,37.3436],[-99.895,37.327],[-99.935,37.3185],[-99.985,37.3181],[-100.0272,37.3347],[-100.0617,37.3683],[-100.0717,37.3959]],[[-100.0513,37.405],[-100.0257,37.4129],[-100.0071,37.404],[-99.9957,37.3782],[-99.9731,37.3583],[-99.9392,37.3444],[-99.9443,37.3374],[-99.9883,37.3374],[-100.0238,37.3533],[-100.0507,37.3851],[-100.0513,37.405]]]}},{"type":"Feature","properties":{"c":"#00ff00","v0":0.002,"v1":0.003},"geometry":{"type":"Polygon","coordinates":[[[-105.184,37.3668],[-105.1613,37.3939],[-105.1388,37.4018],[-105.1164,37.3907],[-105.0986,37.3732],[-105.0852,37.3494],[-105.0863,37.3295],[-105.1018,37.3136],[-105.1097,37.293],[-105.1099,37.2677],[-105.1241,37.2558],[-105.1523,37.2572],[-105.1737,37.2818],[-105.1881,37.3295],[-105.184,37.3668]],[[-105.1737,37.3643],[-105.1579,37.3862],[-105.1385,37.3862],[-105.1156,37.3643],[-105.1156,37.3455],[-105.1385,37.3297],[-105.1579,37.3297],[-105.1737,37.3455],[-105.1737,37.3643]],[[-105.1517,37.2779],[-105.1372,37.2861],[-105.1268,37.2861],[-105.1203,37.2779],[-105.1203,37.2698],[-105.1268,37.2618],[-105.1372,37.2618],[-105.1517,37.2698],[-105.1517,37.2779]]]}},{"type":"Feature","properties":{"c":"#00ff00","v0":0.002,"v1":0.003},"geometry":{"type":"Polygon","coordinates":[[[-98.0402,37.3868],[-98.0201,37.39],[-98.0081,37.3861],[-98.0042,37.3748],[-98.0092,37.3667],[-98.0231,37.3616],[-98.0351,37.3656],[-98.0452,37.3786],[-98.0402,37.3868]]]}},{"type":"Feature","properties":{"c":"#00ff00","v0":0.002,"v1":0.003},"geometry":{"type":"Polygon","coordinates":[[[-98.4591,37.3726],[-98.4397,37.3793],[-98.4194,37.3753],[-98.3983,37.3607],[-98.4033,37.3512],[-98.4344,37.3469],[-98.4547,37.3508],[-98.4641,37.3631],[-98.4591,37.3726]]]}},{"type":"Feature","properties":{"c":"#00ff00","v0":0.002,"v1":0.003},"geometry":{"type":"Polygon","coordinates":[[[-97.3173,37.3173],[-97.2991,37.3407],[-97.275,37.3523],[-97.245,37.3521],[-97.2207,37.3444],[-97.202,37.3291],[-97.1922,37.3056],[-97.1913,37.2738],[-97.1956,37.254],[-97.2052,37.2463],[-97.23,37.243],[-97.27,37.2442],[-97.2991,37.2601],[-97.3173,37.2904],[-97.3173,37.3173]],[[-97.3133,37.3162],[-97.2978,37.3375],[-97.275,37.348],[-97.245,37.3479],[-97.222,37.3413],[-97.2061,37.3281],[-97.1993,37.3056],[-97.2019,37.2738],[-97.2248,37.2563],[-97.2683,37.253],[-97.2978,37.2649],[-97.3133,37.2921],[-97.3133,37.3162]]]}},{"type":"Feature","properties":{"c":"#00ff00","v0":0.002,"v1":0.003},"geometry":{"type":"Polygon","coordinates":[[[-103.699,37.0107],[-103.6797,37.0267],[-103.6618,37.0307],[-103.6455,37.0227],[-103.6455,37.0123],[-103.6618,36.9995],[-103.6797,36.9955],[-103.699,37.0003],[-103.699,37.0107]]]}},{"type":"Feature","properties":{"c":"#00ff00","v0":0.002,"v1":0.003},"geometry":{"type":"Polygon","coordinates":[[[-101.5558,37.0001],[-101.5386,37.0269],[-101.52,37.041],[-101.5,37.0424],[-101.4805,37.037],[-101.4614,37.0248],[-101.4535,37.0067],[-101.4567,36.9828],[-101.4662,36.9657],[-101.4821,36.9556],[-101.502,36.9516],[-101.5259,36.9537],[-101.5445,36.9628],[-101.5578,36.9788],[-101.5558,37.0001]],[[-101.5069,36.9941],[-101.4956,37.0087],[-101.4879,37.0087],[-101.4836,36.9941],[-101.4892,36.9868],[-101.5047,36.9868],[-101.5069,36.9941]]]}},{"type":"Feature","properties":{"c":"#00ff00","v0":0.002,"v1":0.003},"geometry":{"type":"Polygon","coordinates":[[[-102.6975,36.9165],[-102.6792,36.9357],[-102.6543,36.9397],[-102.6229,36.9285],[-102.592,36.8908],[-102.5615,36.8268],[-102.5529,36.7708],[-102.5659,36.7227],[-102.5818,36.698],[-102.6006,36.6966],[-102.6257,36.7047],[-102.6571,36.722],[-102.6647,36.7427],[-102.6485,36.7668],[-102.657,36.8108],[-102.6901,36.8748],[-102.6975,36.9165]],[[-102.6844,36.9144],[-102.6615,36.9295],[-102.6399,36.9295],[-102.6196,36.9144],[-102.6065,36.8908],[-102.6006,36.8588],[-102.5879,36.8308],[-102.5683,36.8068],[-102.5664,36.7744],[-102.5821,36.7336],[-102.6058,36.7175],[-102.6374,36.7263],[-102.6462,36.7427],[-102.6323,36.7668],[-102.643,36.8108],[-102.6782,36.8748],[-102.6844,36.9144]]]}},{"type":"Feature","properties":{"c":"#00ff00","v0":0.002,"v1":0.003},"geometry":{"type":"Polygon","coordinates":[[[-104.9832,36.6604],[-104.9611,36.6802],[-104.9251,36.6842],[-104.8754,36.6724],[-104.8557,36.6545],[-104.8662,36.6304],[-104.8679,36.6064],[-104.861,36.5823],[-104.8657,36.57],[-104.8819,36.5694],[-104.8952,36.5775],[-104.9056,36.5941],[-104.9317,36.6144],[-104.9734,36.6385],[-104.9832,36.6604]],[[-104.9595,36.6582],[-104.9398,36.6737],[-104.92,36.68],[-104.9,36.6772],[-104.8846,36.6695],[-104.8739,36.6568],[-104.8789,36.6442],[-104.8996,36.6314],[-104.9248,36.6314],[-104.9545,36.6442],[-104.9595,36.6582]]]}},{"type":"Feature","properties":{"c":"#00ff00","v0":0.002,"v1":0.003},"geometry":{"type":"Polygon","coordinates":[[[-98.0717,36.5485],[-98.0572,36.5693],[-98.0352,36.5773],[-98.0057,36.5726],[-97.9957,36.5604],[-98.0052,36.5408],[-98.0272,36.5328],[-98.0617,36.5363],[-98.0717,36.5485]],[[-98.0519,36.5602],[-98.0373,36.5722],[-98.0233,36.5763],[-98.0099,36.5722],[-98.0078,36.5622],[-98.0171,36.5461],[-98.0311,36.5421],[-98.0499,36.5501],[-98.0519,36.5602]]]}},{"type":"Feature","properties":{"c":"#00ff00","v0":0.002,"v1":0.003},"geometry":{"type":"Polygon","coordinates":[[[-99.3311,36.5262],[-99.3304,36.5347],[-99.3242,36.5387],[-99.3125,36.5383],[-99.3075,36.5326],[-99.3092,36.5215],[-99.3154,36.5175],[-99.3261,36.5205],[-99.3311,36.5262]]]}},{"type":"Feature","properties":{"c":"#00ff00","v0":0.002,"v1":0.003},"geometry":{"type":"Polygon","coordinates":[[[-115.2923,36.3978],[-115.2774,36.4068],[-115.26,36.4092],[-115.24,36.4048],[-115.2215,36.3882],[-115.2046,36.3594],[-115.1996,36.3419],[-115.2065,36.3358],[-115.225,36.3363],[-115.255,36.3435],[-115.2774,36.3586],[-115.2923,36.3818],[-115.2923,36.3978]],[[-115.2765,36.3827],[-115.2588,36.3938],[-115.2397,36.3897],[-115.2192,36.3707],[-115.2192,36.3582],[-115.2397,36.3525],[-115.2588,36.3565],[-115.2765,36.3703],[-115.2765,36.3827]]]}},{"type":"Feature","properties":{"c":"#00ff00","v0":0.002,"v1":0.003},"geometry":{"type":"Polygon","coordinates":[[[-106.1931,35.9623],[-106.1777,35.9722],[-106.1553,35.9641],[-106.1259,35.938],[-106.1209,35.9087],[-106.1403,35.876],[-106.1551,35.8598],[-106.1653,35.86],[-106.178,35.8845],[-106.1931,35.9331],[-106.1931,35.9623]],[[-106.1739,35.9454],[-106.1713,35.9539],[-106.165,35.9541],[-106.155,35.9461],[-106.15,35.9362],[-106.15,35.9243],[-106.1563,35.924],[-106.1689,35.9355],[-106.1739,35.9454]]]}},{"type":"Feature","properties":{"c":"#00ff00","v0":0.002,"v1":0.003},"geometry":{"type":"Polygon","coordinates":[[[-114.8032,35.9171],[-114.7944,35.9337],[-114.775,35.9424],[-114.745,35.9433],[-114.7371,35.9309],[-114.7513,35.9054],[-114.7663,35.8917],[-114.7821,35.89],[-114.7944,35.894],[-114.8032,35.9039],[-114.8032,35.9171]],[[-114.7933,35.9136],[-114.7911,35.9232],[-114.7807,35.9272],[-114.7621,35.9257],[-114.7571,35.9188],[-114.7657,35.9064],[-114.7761,35.9023],[-114.7883,35.9066],[-114.7933,35.9136]]]}},{"type":"Feature","properties":{"c":"#00ff00","v0":0.002,"v1":0.003},"geometry":{"type":"Polygon","coordinates":[[[-115.2057,35.8642],[-115.1943,35.8723],[-115.1804,35.8683],[-115.1639,35.8521],[-115.1643,35.8418],[-115.1814,35.8376],[-115.1953,35.8416],[-115.206,35.854],[-115.2057,35.8642]]]}},{"type":"Feature","properties":{"c":"#00ff00","v0":0.002,"v1":0.003},"geometry":{"type":"Polygon","coordinates":[[[-102.1145,35.854],[-102.0982,35.8741],[-102.08,35.8823],[-102.06,35.8786],[-102.0351,35.8645],[-102.0054,35.84],[-101.991,35.8156],[-101.9919,35.7913],[-102.0018,35.7739],[-102.0206,35.7636],[-102.04,35.7612],[-102.06,35.7668],[-102.0832,35.7882],[-102.1095,35.8254],[-102.1145,35.854]],[[-102.1087,35.8521],[-102.0962,35.8684],[-102.08,35.8751],[-102.06,35.8722],[-102.0369,35.86],[-102.0106,35.8385],[-101.9997,35.8156],[-102.0044,35.7913],[-102.0226,35.7791],[-102.0542,35.7792],[-102.0812,35.7954],[-102.1037,35.8278],[-102.1087,35.8521]]]}},{"type":"Feature","properties":{"c":"#00ff00","v0":0.002,"v1":0.003},"geometry":{"type":"Polygon","coordinates":[[[-115.2724,35.7081],[-115.2575,35.7284],[-115.2391,35.7366],[-115.2173,35.7325],[-115.2048,35.7223],[-115.2018,35.706],[-115.2077,35.6916],[-115.2226,35.6789],[-115.2425,35.6789],[-115.2674,35.6916],[-115.2724,35.7081]]]}},{"type":"Feature","properties":{"c":"#00ff00","v0":0.002,"v1":0.003},"geometry":{"type":"Polygon","coordinates":[[[-115.3351,35.6862],[-115.3317,35.6951],[-115.3213,35.6992],[-115.3038,35.6983],[-115.2988,35.6911],[-115.3063,35.6775],[-115.3167,35.6734],[-115.3301,35.6789],[-115.3351,35.6862]]]}},{"type":"Feature","properties":{"c":"#00ff00","v0":0.002,"v1":0.003},"geometry":{"type":"Polygon","coordinates":[[[-106.1667,35.6587],[-106.1556,35.6776],[-106.14,35.6892],[-106.12,35.6935],[-106.0993,35.6759],[-106.0779,35.6364],[-106.0679,35.5996],[-106.0693,35.5653],[-106.0813,35.5491],[-106.104,35.5507],[-106.1295,35.576],[-106.158,35.6248],[-106.1667,35.6587]],[[-106.1468,35.6556],[-106.1356,35.6685],[-106.125,35.6734],[-106.115,35.6705],[-106.107,35.66],[-106.1011,35.642],[-106.1011,35.629],[-106.107,35.6212],[-106.1206,35.6253],[-106.1418,35.6412],[-106.1468,35.6556]]]}},{"type":"Feature","properties":{"c":"#00ff00","v0":0.002,"v1":0.003},"geometry":{"type":"Polygon","coordinates":[[[-115.0009,35.5805],[-114.967,35.6058],[-114.9518,35.6017],[-114.9554,35.5683],[-114.9704,35.5494],[-114.9968,35.545],[-115.012,35.5491],[-115.0159,35.5616],[-115.0009,35.5805]]]}},{"type":"Feature","properties":{"c":"#00ff00","v0":0.002,"v1":0.003},"geometry":{"type":"Polygon","coordinates":[[[-115.0576,35.4753],[-115.0525,35.4856],[-115.045,35.4884],[-115.035,35.4837],[-115.03,35.471],[-115.03,35.4501],[-115.0375,35.4473],[-115.0526,35.4626],[-115.0576,35.4753]]]}},{"type":"Feature","properties":{"c":"#00ff00","v0":0.002,"v1":0.003},"geometry":{"type":"Polygon","coordinates":[[[-101.341,35.4459],[-101.3337,35.4624],[-101.32,35.4733],[-101.3,35.4787],[-101.2737,35.4704],[-101.2412,35.4485],[-101.2362,35.4245],[-101.2587,35.3982],[-101.2887,35.3982],[-101.326,35.4245],[-101.341,35.4459]],[[-101.3226,35.4463],[-101.3009,35.4636],[-101.2797,35.4596],[-101.2592,35.4341],[-101.2592,35.4164],[-101.2797,35.4066],[-101.3009,35.4107],[-101.3226,35.4286],[-101.3226,35.4463]]]}},{"type":"Feature","properties":{"c":"#00ff00","v0":0.002,"v1":0.003},"geometry":{"type":"Polygon","coordinates":[[[-106.0342,35.4412],[-106.0181,35.4484],[-105.98,35.4496],[-105.92,35.4447],[-105.88,35.4486],[-105.86,35.4614],[-105.8532,35.4562],[-105.8596,35.4329],[-105.8796,35.4169],[-105.9132,35.4081],[-105.945,35.39],[-105.975,35.3626],[-106.0,35.3512],[-106.02,35.3559],[-106.0331,35.3781],[-106.0392,35.4178],[-106.0342,35.4412]],[[-106.0162,35.4103],[-106.0121,35.4209],[-106.0047,35.425],[-105.994,35.4225],[-105.9911,35.4091],[-105.9957,35.3846],[-106.0031,35.3805],[-106.0133,35.3969],[-106.0162,35.4103]]]}},{"type":"Feature","properties":{"c":"#00ff00","v0":0.002,"v1":0.003},"geometry":{"type":"Polygon","coordinates":[[[-76.4072,35.2694],[-76.3957,35.2918],[-76.365,35.318],[-76.315,35.3479],[-76.2598,35.3693],[-76.1995,35.3822],[-76.1676,35.3846],[-76.1643,35.3765],[-76.176,35.3642],[-76.2026,35.3479],[-76.2225,35.3275],[-76.2358,35.303],[-76.2694,35.2719],[-76.3231,35.2341],[-76.36,35.2166],[-76.38,35.2194],[-76.3957,35.2302],[-76.4072,35.2488],[-76.4072,35.2694]],[[-76.392,35.2703],[-76.3773,35.2946],[-76.34,35.3136],[-76.28,35.3274],[-76.27,35.3109],[-76.31,35.264],[-76.34,35.238],[-76.36,35.2329],[-76.3773,35.2373],[-76.392,35.2512],[-76.392,35.2703]]]}},{"type":"Feature","properties":{"c":"#00ff00","v0":0.002,"v1":0.003},"geometry":{"type":"Polygon","coordinates":[[[-102.6325,35.25],[-102.6047,35.2663],[-102.5806,35.2894],[-102.5602,35.3194],[-102.5256,35.3275],[-102.4769,35.3139],[-102.4769,35.2844],[-102.5256,35.2389],[-102.565,35.2163],[-102.595,35.2166],[-102.6191,35.223],[-102.6373,35.2355],[-102.6325,35.25]]]}},{"type":"Feature","properties":{"c":"#00ff00","v0":0.002,"v1":0.003},"geometry":{"type":"Polygon","coordinates":[[[-101.8617,35.2255],[-101.8497,35.2581],[-101.8352,35.2797],[-101.8184,35.2902],[-101.7632,35.2862],[-101.6695,35.2675],[-101.6209,35.2418],[-101.6175,35.2091],[-101.6343,35.189],[-101.6714,35.1815],[-101.6989,35.1651],[-101.7167,35.14],[-101.7123,35.111],[-101.6857,35.0783],[-101.7068,35.0762],[-101.7756,35.1049],[-101.8244,35.1417],[-101.8533,35.1867],[-101.8617,35.2255]],[[-101.8021,35.2368],[-101.7807,35.2594],[-101.74,35.2662],[-101.68,35.2571],[-101.6445,35.2458],[-101.6336,35.2323],[-101.6586,35.2087],[-101.7195,35.1752],[-101.7632,35.167],[-101.7895,35.1842],[-101.8052,35.201],[-101.8102,35.2173],[-101.8021,35.2368]]]}},{"type":"Feature","properties":{"c":"#00ff00","v0":0.002,"v1":0.003},"geometry":{"type":"Polygon","coordinates":[[[-106.6713,35.1315],[-106.67,35.1396],[-106.6595,35.1447],[-106.6398,35.1467],[-106.6135,35.1426],[-106.5806,35.1325],[-106.5756,35.1205],[-106.5985,35.1067],[-106.6255,35.1067],[-106.6564,35.1205],[-106.6713,35.1315]]]}},{"type":"Feature","properties":{"c":"#00ff00","v0":0.002,"v1":0.003},"geometry":{"type":"Polygon","coordinates":[[[-113.6512,35.0225],[-113.6371,35.0418],[-113.6257,35.0418],[-113.6171,35.0225],[-113.6171,35.0083],[-113.6257,34.9993],[-113.6371,34.9993],[-113.6512,35.0083],[-113.6512,35.0225]]]}},{"type":"Feature","properties":{"c":"#00ff00","v0":0.002,"v1":0.003},"geometry":{"type":"Polygon","coordinates":[[[-101.3302,35.0333],[-101.3157,35.0414],[-101.3089,35.0339],[-101.3096,35.0106],[-101.3168,35.0065],[-101.3305,35.0216],[-101.3302,35.0333]]]}},{"type":"Feature","properties":{"c":"#00ff00","v0":0.002,"v1":0.003},"geometry":{"type":"Polygon","coordinates":[[[-101.086,34.8558],[-101.0753,34.8698],[-101.06,34.8774],[-101.04,34.8786],[-101.0172,34.8675],[-100.9915,34.8441],[-100.9865,34.824],[-101.0022,34.8073],[-101.02,34.7982],[-101.04,34.7969],[-101.0603,34.8094],[-101.081,34.8357],[-101.086,34.8558]],[[-101.0694,34.8549],[-101.0431,34.8672],[-101.0193,34.863],[-100.9979,34.8426],[-100.9929,34.8257],[-101.0043,34.8123],[-101.02,34.8051],[-101.04,34.8041],[-101.0581,34.8149],[-101.0744,34.8375],[-101.0694,34.8549]]]}},{"type":"Feature","properties":{"c":"#00ff00","v0":0.002,"v1":0.003},"geometry":{"type":"Polygon","coordinates":[[[-102.9156,34.8394],[-102.8585,34.8534],[-102.815,34.8579],[-102.785,34.853],[-102.7681,34.846],[-102.7644,34.8369],[-102.7744,34.8231],[-102.7981,34.8044],[-102.83,34.7899],[-102.87,34.7794],[-102.8974,34.7764],[-102.9122,34.7809],[-102.9257,34.7954],[-102.938,34.8201],[-102.9156,34.8394]],[[-102.8854,34.8244],[-102.8618,34.8412],[-102.8344,34.8453],[-102.8033,34.8367],[-102.8033,34.8222],[-102.8344,34.8017],[-102.8618,34.7976],[-102.8854,34.8099],[-102.8854,34.8244]]]}},{"type":"Feature","properties":{"c":"#00ff00","v0":0.002,"v1":0.003},"geometry":{"type":"Polygon","coordinates":[[[-102.254,34.5868],[-102.2247,34.6219],[-102.195,34.6304],[-102.165,34.6123],[-102.145,34.6055],[-102.135,34.61],[-102.1162,34.6345],[-102.0886,34.6788],[-102.0728,34.7092],[-102.0687,34.7256],[-102.0725,34.7394],[-102.0842,34.7505],[-102.105,34.7574],[-102.135,34.76],[-102.15,34.7716],[-102.15,34.7921],[-102.1213,34.7976],[-102.0638,34.7879],[-102.036,34.7667],[-102.038,34.7338],[-102.0267,34.7012],[-102.0022,34.6689],[-101.985,34.653],[-101.975,34.6535],[-101.9188,34.682],[-101.8163,34.7385],[-101.7363,34.7899],[-101.6788,34.8364],[-101.6311,34.8569],[-101.5932,34.8515],[-101.5732,34.8443],[-101.5711,34.8353],[-101.5879,34.8229],[-101.6236,34.8073],[-101.6511,34.779],[-101.6704,34.7379],[-101.7175,34.6969],[-101.7925,34.6559],[-101.855,34.6292],[-101.905,34.6168],[-101.945,34.6151],[-101.975,34.6241],[-102.02,34.6138],[-102.08,34.5842],[-102.135,34.538],[-102.185,34.4753],[-102.219,34.4464],[-102.2371,34.4514],[-102.2517,34.4828],[-102.263,34.5405],[-102.254,34.5868]],[[-102.239,34.5829],[-102.2197,34.61],[-102.2016,34.6182],[-102.1847,34.6076],[-102.1768,34.5816],[-102.178,34.5405],[-102.1864,34.5073],[-102.2021,34.4822],[-102.2197,34.4945],[-102.239,34.5444],[-102.239,34.5829]],[[-101.8136,34.7124],[-101.7445,34.768],[-101.7018,34.7927],[-101.6853,34.7863],[-101.6805,34.7708],[-101.6874,34.7461],[-101.7206,34.7171],[-101.7802,34.6838],[-101.8195,34.6714],[-101.8386,34.6801],[-101.8136,34.7124]]]}},{"type":"Feature","properties":{"c":"#00ff00","v0":0.002,"v1":0.003},"geometry":{"type":"Polygon","coordinates":[[[-103.2909,34.7915],[-103.277,34.8082],[-103.2533,34.8123],[-103.2198,34.8038],[-103.2148,34.7864],[-103.2383,34.7601],[-103.262,34.756],[-103.2859,34.7741],[-103.2909,34.7915]]]}},{"type":"Feature","properties":{"c":"#00ff00","v0":0.002,"v1":0.003},"geometry":{"type":"Polygon","coordinates":[[[-78.371,34.8114],[-78.357,34.8022],[-78.355,34.7952],[-78.365,34.7902],[-78.372,34.7948],[-78.376,34.8089],[-78.371,34.8114]]]}},{"type":"Feature","properties":{"c":"#00ff00","v0":0.002,"v1":0.003},"geometry":{"type":"Polygon","coordinates":[[[-103.1397,34.8001],[-103.1199,34.8013],[-103.1095,34.7971],[-103.1084,34.7878],[-103.1172,34.7831],[-103.1358,34.7831],[-103.1463,34.7872],[-103.1485,34.7954],[-103.1397,34.8001]]]}},{"type":"Feature","properties":{"c":"#00ff00","v0":0.002,"v1":0.003},"geometry":{"type":"Polygon","coordinates":[[[-103.531,34.7446],[-103.517,34.7661],[-103.49,34.7766],[-103.45,34.7763],[-103.4198,34.7697],[-103.3993,34.7567],[-103.3943,34.743],[-103.4048,34.7284],[-103.43,34.7149],[-103.47,34.7026],[-103.4977,34.6975],[-103.5132,34.6998],[-103.5252,34.7092],[-103.5337,34.7256],[-103.531,34.7446]],[[-103.4534,34.7379],[-103.4283,34.7461],[-103.4193,34.7452],[-103.4264,34.7351],[-103.439,34.731],[-103.4569,34.7329],[-103.4534,34.7379]]]}},{"type":"Feature","properties":{"c":"#00ff00","v0":0.002,"v1":0.003},"geometry":{"type":"Polygon","coordinates":[[[-98.7721,34.7246],[-98.744,34.7389],[-98.7154,34.7348],[-98.6862,34.7122],[-98.6762,34.6952],[-98.6854,34.6838],[-98.7,34.678],[-98.72,34.6777],[-98.74,34.6802],[-98.76,34.6853],[-98.774,34.6953],[-98.7821,34.71],[-98.7721,34.7246]],[[-98.7637,34.7223],[-98.7412,34.732],[-98.7196,34.7279],[-98.6989,34.7099],[-98.7039,34.6984],[-98.7346,34.6932],[-98.7562,34.6974],[-98.7687,34.7107],[-98.7637,34.7223]]]}},{"type":"Feature","properties":{"c":"#00ff00","v0":0.002,"v1":0.003},"geometry":{"type":"Polygon","coordinates":[[[-104.0632,34.6938],[-104.0544,34.7123],[-104.0086,34.7205],[-103.9258,34.7184],[-103.9008,34.694],[-103.9336,34.6472],[-103.9794,34.6389],[-104.0382,34.6693],[-104.0632,34.6938]]]}},{"type":"Feature","properties":{"c":"#00ff00","v0":0.002,"v1":0.003},"geometry":{"type":"Polygon","coordinates":[[[-78.3927,34.6477],[-78.3776,34.6728],[-78.3659,34.681],[-78.3577,34.6724],[-78.3577,34.6562],[-78.3659,34.6326],[-78.3776,34.6244],[-78.3927,34.6315],[-78.3927,34.6477]]]}},{"type":"Feature","properties":{"c":"#00ff00","v0":0.002,"v1":0.003},"geometry":{"type":"Polygon","coordinates":[[[-100.7075,34.6434],[-100.6958,34.66],[-100.68,34.6665],[-100.66,34.663],[-100.605,34.6358],[-100.515,34.5848],[-100.464,34.5453],[-100.4519,34.5174],[-100.4569,34.4962],[-100.479,34.482],[-100.5,34.4753],[-100.52,34.4762],[-100.5758,34.5163],[-100.6675,34.5955],[-100.7075,34.6434]],[[-100.6976,34.6409],[-100.6925,34.6524],[-100.6807,34.6565],[-100.662,34.6532],[-100.637,34.6381],[-100.6057,34.6111],[-100.5615,34.5864],[-100.5046,34.564],[-100.4726,34.5405],[-100.4657,34.5157],[-100.4784,34.4993],[-100.5107,34.491],[-100.5702,34.524],[-100.6568,34.5981],[-100.6976,34.6409]]]}},{"type":"Feature","properties":{"c":"#00ff00","v0":0.002,"v1":0.003},"geometry":{"type":"Polygon","coordinates":[[[-100.0861,34.6457],[-100.0754,34.6667],[-100.0568,34.6708],[-100.0305,34.658],[-100.0255,34.636],[-100.0418,34.6047],[-100.0604,34.6006],[-100.0811,34.6236],[-100.0861,34.6457]],[[-100.0778,34.6421],[-100.0726,34.656],[-100.0598,34.6601],[-100.0395,34.6544],[-100.0345,34.6402],[-100.0448,34.6174],[-100.0576,34.6133],[-100.0728,34.6279],[-100.0778,34.6421]]]}},{"type":"Feature","properties":{"c":"#00ff00","v0":0.002,"v1":0.003},"geometry":{"type":"Polygon","coordinates":[[[-99.013,34.5578],[-98.9977,34.5679],[-98.9835,34.5679],[-98.9704,34.5578],[-98.9704,34.5462],[-98.9835,34.5329],[-98.9977,34.5329],[-99.013,34.5462],[-99.013,34.5578]]]}},{"type":"Feature","properties":{"c":"#00ff00","v0":0.002,"v1":0.003},"geometry":{"type":"Polygon","coordinates":[[[-104.0882,34.5407],[-104.0761,34.5495],[-104.0643,34.5454],[-104.053,34.5284],[-104.058,34.5187],[-104.0793,34.5163],[-104.0911,34.5204],[-104.0932,34.531],[-104.0882,34.5407]]]}},{"type":"Feature","properties":{"c":"#00ff00","v0":0.002,"v1":0.003},"geometry":{"type":"Polygon","coordinates":[[[-104.0918,34.3549],[-104.0761,34.3549],[-104.0737,34.3495],[-104.0846,34.3386],[-104.0924,34.3386],[-104.0972,34.3495],[-104.0918,34.3549]]]}},{"type":"Feature","properties":{"c":"#00ff00","v0":0.002,"v1":0.003},"geometry":{"type":"Polygon","coordinates":[[[-102.9836,34.1482],[-102.9801,34.1979],[-102.9663,34.2299],[-102.9421,34.2443],[-102.9189,34.2236],[-102.8966,34.1678],[-102.8894,34.1151],[-102.8973,34.0654],[-102.9085,34.0351],[-102.9228,34.0242],[-102.9431,34.02],[-102.9692,34.0227],[-102.9831,34.0489],[-102.9846,34.0986],[-102.9836,34.1482]],[[-102.9661,34.1486],[-102.9554,34.1989],[-102.9372,34.203],[-102.9117,34.161],[-102.9011,34.1193],[-102.9055,34.0779],[-102.9133,34.0509],[-102.9244,34.0385],[-102.9375,34.0343],[-102.9525,34.0385],[-102.9628,34.0613],[-102.9686,34.1027],[-102.9661,34.1486]]]}},{"type":"Feature","properties":{"c":"#00ff00","v0":0.002,"v1":0.003},"geometry":{"type":"Polygon","coordinates":[[[-99.1126,34.1198],[-99.0842,34.1457],[-99.0587,34.1457],[-99.0361,34.1198],[-99.0361,34.1002],[-99.0587,34.087],[-99.083,34.0829],[-99.109,34.0878],[-99.1232,34.0944],[-99.1256,34.1027],[-99.1126,34.1198]],[[-99.0893,34.1151],[-99.0764,34.1315],[-99.064,34.1315],[-99.0521,34.1151],[-99.0521,34.1037],[-99.064,34.0975],[-99.0764,34.0975],[-99.0893,34.1037],[-99.0893,34.1151]]]}},{"type":"Feature","properties":{"c":"#00ff00","v0":0.002,"v1":0.003},"geometry":{"type":"Polygon","coordinates":[[[-101.8774,34.1113],[-101.8591,34.1202],[-101.835,34.1154],[-101.805,34.0968],[-101.7878,34.0799],[-101.7835,34.0647],[-101.7935,34.0562],[-101.8178,34.0542],[-101.8441,34.0666],[-101.8724,34.0934],[-101.8774,34.1113]]]}},{"type":"Feature","properties":{"c":"#00ff00","v0":0.002,"v1":0.003},"geometry":{"type":"Polygon","coordinates":[[[-99.195,34.0903],[-99.1543,34.0903],[-99.148,34.0851],[-99.176,34.0747],[-99.1963,34.0747],[-99.209,34.0851],[-99.195,34.0903]]]}},{"type":"Feature","properties":{"c":"#00ff00","v0":0.002,"v1":0.003},"geometry":{"type":"Polygon","coordinates":[[[-78.321,34.0121],[-78.3137,34.0214],[-78.3059,34.0214],[-78.2976,34.0121],[-78.3012,34.0074],[-78.3168,34.0074],[-78.321,34.0121]]]}},{"type":"Feature","properties":{"c":"#00ff00","v0":0.002,"v1":0.003},"geometry":{"type":"Polygon","coordinates":[[[-101.2448,33.9844],[-101.2216,34.0046],[-101.2,34.0146],[-101.18,34.0143],[-101.1631,34.0083],[-101.1493,33.9967],[-101.1493,33.9847],[-101.1631,33.9724],[-101.1916,33.9682],[-101.2348,33.9722],[-101.2448,33.9844]]]}},{"type":"Feature","properties":{"c":"#00ff00","v0":0.002,"v1":0.003},"geometry":{"type":"Polygon","coordinates":[[[-78.263,33.9651],[-78.2543,33.9799],[-78.24,33.9891],[-78.22,33.9927],[-78.1988,33.9894],[-78.1763,33.9793],[-78.1611,33.966],[-78.1531,33.9494],[-78.1543,33.9359],[-78.1648,33.9257],[-78.185,33.9202],[-78.215,33.9196],[-78.2393,33.9289],[-78.258,33.9481],[-78.263,33.9651]]]}},{"type":"Feature","properties":{"c":"#00ff00","v0":0.002,"v1":0.003},"geometry":{"type":"Polygon","coordinates":[[[-103.3065,33.9634],[-103.2955,33.975],[-103.2805,33.9791],[-103.2614,33.9759],[-103.2564,33.964],[-103.2655,33.9435],[-103.275,33.9323],[-103.285,33.9303],[-103.2955,33.9364],[-103.3065,33.9506],[-103.3065,33.9634]]]}},{"type":"Feature","properties":{"c":"#00ff00","v0":0.002,"v1":0.003},"geometry":{"type":"Polygon","coordinates":[[[-101.6991,33.9139],[-101.6797,33.9259],[-101.663,33.9218],[-101.649,33.9014],[-101.649,33.8879],[-101.663,33.8812],[-101.6797,33.8853],[-101.6991,33.9004],[-101.6991,33.9139]]]}},{"type":"Feature","properties":{"c":"#00ff00","v0":0.002,"v1":0.003},"geometry":{"type":"Polygon","coordinates":[[[-103.4981,33.8955],[-103.4794,33.9041],[-103.4688,33.8999],[-103.4665,33.8831],[-103.4715,33.8726],[-103.4838,33.8685],[-103.4944,33.8727],[-103.5031,33.8851],[-103.4981,33.8955]]]}},{"type":"Feature","properties":{"c":"#00ff00","v0":0.002,"v1":0.003},"geometry":{"type":"Polygon","coordinates":[[[-101.1237,33.8728],[-101.0879,33.9024],[-101.0636,33.9148],[-101.0507,33.9102],[-101.0457,33.8968],[-101.0486,33.8745],[-101.07,33.8577],[-101.11,33.8461],[-101.1329,33.8448],[-101.1387,33.8536],[-101.1237,33.8728]]]}},{"type":"Feature","properties":{"c":"#00ff00","v0":0.002,"v1":0.003},"geometry":{"type":"Polygon","coordinates":[[[-102.3015,33.829],[-102.3012,33.8373],[-102.2933,33.8416],[-102.2778,33.8418],[-102.2499,33.8294],[-102.2098,33.8042],[-102.1998,33.7871],[-102.2199,33.7782],[-102.2362,33.7824],[-102.2485,33.7996],[-102.2664,33.8124],[-102.2899,33.8207],[-102.3015,33.829]]]}},{"type":"Feature","properties":{"c":"#00ff00","v0":0.002,"v1":0.003},"geometry":{"type":"Polygon","coordinates":[[[-102.6331,33.7329],[-102.6177,33.7486],[-102.61,33.7454],[-102.61,33.7232],[-102.6177,33.7153],[-102.6331,33.7218],[-102.6331,33.7329]]]}},{"type":"Feature","properties":{"c":"#00ff00","v0":0.002,"v1":0.003},"geometry":{"type":"Polygon","coordinates":[[[-112.0672,33.4519],[-112.0557,33.5053],[-112.035,33.5312],[-112.005,33.5295],[-111.975,33.5385],[-111.945,33.5582],[-111.915,33.5566],[-111.885,33.5338],[-111.835,33.5359],[-111.765,33.563],[-111.72,33.5754],[-111.7,33.5731],[-111.6829,33.5895],[-111.6686,33.6244],[-111.6486,33.6462],[-111.6229,33.6548],[-111.6011,33.6506],[-111.5833,33.6337],[-111.5844,33.6044],[-111.6043,33.5627],[-111.5932,33.5275],[-111.5511,33.4986],[-111.51,33.486],[-111.47,33.4897],[-111.4451,33.4875],[-111.4353,33.4793],[-111.4355,33.4502],[-111.4457,33.4001],[-111.4606,33.3653],[-111.4802,33.3459],[-111.515,33.3344],[-111.565,33.3306],[-111.6,33.3406],[-111.62,33.3642],[-111.64,33.3692],[-111.66,33.3555],[-111.685,33.3489],[-111.715,33.3491],[-111.7413,33.339],[-111.764,33.3184],[-111.7776,33.2956],[-111.7819,33.2706],[-111.8005,33.2524],[-111.8335,33.2412],[-111.865,33.2384],[-111.895,33.2439],[-111.9297,33.2621],[-111.9692,33.2928],[-111.9898,33.3291],[-111.9915,33.3708],[-112.0125,33.4001],[-112.0528,33.4168],[-112.0672,33.4519]],[[-111.641,33.6169],[-111.6201,33.6335],[-111.6097,33.629],[-111.6099,33.6031],[-111.615,33.5875],[-111.625,33.582],[-111.6354,33.5865],[-111.6461,33.6012],[-111.641,33.6169]],[[-111.9351,33.3297],[-111.905,33.3728],[-111.8631,33.3811],[-111.8093,33.3548],[-111.7993,33.3247],[-111.8331,33.2907],[-111.875,33.2824],[-111.9251,33.2996],[-111.9351,33.3297]],[[-111.6855,33.4199],[-111.6485,33.4762],[-111.625,33.5037],[-111.615,33.5026],[-111.6144,33.4786],[-111.6233,33.4318],[-111.6433,33.3991],[-111.6744,33.3804],[-111.6935,33.3762],[-111.7005,33.3865],[-111.6855,33.4199]]]}},{"type":"Feature","properties":{"c":"#00ff00","v0":0.002,"v1":0.003},"geometry":{"type":"Polygon","coordinates":[[[-102.4085,33.5496],[-102.3962,33.5651],[-102.38,33.5697],[-102.36,33.5635],[-102.3532,33.5474],[-102.3597,33.5215],[-102.3397,33.4941],[-102.2932,33.4654],[-102.2662,33.4445],[-102.2586,33.4316],[-102.2586,33.4186],[-102.2662,33.4056],[-102.2902,33.4097],[-102.3305,33.4311],[-102.3667,33.4668],[-102.3986,33.5169],[-102.4085,33.5496]]]}},{"type":"Feature","properties":{"c":"#00ff00","v0":0.002,"v1":0.003},"geometry":{"type":"Polygon","coordinates":[[[-103.1524,33.3657],[-103.1375,33.3804],[-103.109,33.3929],[-103.0669,33.4032],[-103.0403,33.4251],[-103.029,33.4585],[-103.015,33.4811],[-102.9983,33.4928],[-102.985,33.5001],[-102.975,33.5029],[-102.9554,33.4886],[-102.9262,33.4574],[-102.9112,33.4327],[-102.9104,33.4145],[-102.9189,33.3978],[-102.9368,33.3826],[-102.9868,33.3632],[-103.0689,33.3395],[-103.1225,33.3353],[-103.1474,33.3507],[-103.1524,33.3657]],[[-103.1313,33.3639],[-103.1171,33.3752],[-103.0989,33.3793],[-103.0768,33.3765],[-103.0752,33.3667],[-103.094,33.35],[-103.1121,33.3458],[-103.1296,33.3541],[-103.1313,33.3639]]]}},{"type":"Feature","properties":{"c":"#00ff00","v0":0.002,"v1":0.003},"geometry":{"type":"Polygon","coordinates":[[[-111.3751,33.2955],[-111.3717,33.3035],[-111.3606,33.3035],[-111.3418,33.2955],[-111.3368,33.2808],[-111.3456,33.2594],[-111.3567,33.2594],[-111.3701,33.2808],[-111.3751,33.2955]]]}},{"type":"Feature","properties":{"c":"#00ff00","v0":0.002,"v1":0.003},"geometry":{"type":"Polygon","coordinates":[[[-102.086,33.2781],[-102.0753,33.2848],[-102.07,33.2806],[-102.07,33.2656],[-102.0753,33.2623],[-102.086,33.2706],[-102.086,33.2781]]]}},{"type":"Feature","properties":{"c":"#00ff00","v0":0.002,"v1":0.003},"geometry":{"type":"Polygon","coordinates":[[[-111.3313,33.1953],[-111.3304,33.2036],[-111.3149,33.2122],[-111.285,33.2211],[-111.2527,33.2211],[-111.2181,33.2122],[-111.2081,33.1879],[-111.2227,33.1479],[-111.25,33.1302],[-111.29,33.1348],[-111.3155,33.1506],[-111.3264,33.1776],[-111.3313,33.1953]],[[-111.3127,33.1788],[-111.3109,33.1878],[-111.3,33.1944],[-111.28,33.1986],[-111.2628,33.1899],[-111.2484,33.1684],[-111.2534,33.1534],[-111.2778,33.145],[-111.2959,33.1491],[-111.3077,33.166],[-111.3127,33.1788]]]}},{"type":"Feature","properties":{"c":"#00ff00","v0":0.002,"v1":0.003},"geometry":{"type":"Polygon","coordinates":[[[-101.8837,33.1734],[-101.8612,33.2049],[-101.8298,33.2175],[-101.7894,33.211],[-101.7894,33.1876],[-101.8298,33.1471],[-101.8612,33.1346],[-101.8837,33.1499],[-101.8837,33.1734]],[[-101.8683,33.1702],[-101.8542,33.1953],[-101.837,33.2078],[-101.8168,33.2078],[-101.8174,33.1911],[-101.8388,33.1576],[-101.8559,33.145],[-101.8688,33.1534],[-101.8683,33.1702]]]}},{"type":"Feature","properties":{"c":"#00ff00","v0":0.002,"v1":0.003},"geometry":{"type":"Polygon","coordinates":[[[-76.9281,33.1755],[-76.916,33.1777],[-76.9099,33.1735],[-76.9096,33.1629],[-76.9156,33.1618],[-76.9279,33.1702],[-76.9281,33.1755]]]}},{"type":"Feature","properties":{"c":"#00ff00","v0":0.002,"v1":0.003},"geometry":{"type":"Polygon","coordinates":[[[-111.1801,33.0948],[-111.1771,33.1032],[-111.1392,33.1149],[-111.0664,33.1301],[-111.005,33.1345],[-110.955,33.1281],[-110.9167,33.108],[-110.8902,33.0741],[-110.8821,33.0361],[-110.8924,32.9942],[-110.9057,32.9685],[-110.9219,32.959],[-110.9812,32.9758],[-111.0836,33.0188],[-111.1465,33.0529],[-111.1699,33.078],[-111.1801,33.0948]],[[-111.1064,33.0641],[-111.0955,33.078],[-111.06,33.0947],[-111.0,33.114],[-110.96,33.1196],[-110.94,33.1114],[-110.9198,33.0906],[-110.8994,33.0571],[-110.8994,33.0316],[-110.9198,33.014],[-110.9755,33.0182],[-111.0664,33.0441],[-111.1064,33.0641]]]}},{"type":"Feature","properties":{"c":"#00ff00","v0":0.002,"v1":0.003},"geometry":{"type":"Polygon","coordinates":[[[-111.4465,32.8641],[-111.4207,32.8809],[-111.3969,32.9145],[-111.3749,32.9648],[-111.3505,32.9924],[-111.3235,32.9973],[-111.3058,32.9931],[-111.2973,32.9799],[-111.2961,32.9606],[-111.3023,32.9355],[-111.2965,32.9169],[-111.2788,32.9051],[-111.2675,32.8883],[-111.2624,32.8665],[-111.2802,32.8473],[-111.3209,32.8305],[-111.3384,32.7963],[-111.3328,32.7448],[-111.34,32.7188],[-111.36,32.7183],[-111.3711,32.7314],[-111.3732,32.7582],[-111.3909,32.78],[-111.4243,32.7969],[-111.4456,32.8179],[-111.4548,32.8431],[-111.4465,32.8641]],[[-111.3624,32.9398],[-111.3408,32.9735],[-111.3254,32.9861],[-111.3163,32.9775],[-111.3163,32.9626],[-111.3254,32.9414],[-111.335,32.9238],[-111.345,32.9097],[-111.3558,32.9078],[-111.3674,32.9178],[-111.3624,32.9398]],[[-111.3287,32.8739],[-111.3162,32.8767],[-111.3097,32.8725],[-111.309,32.8613],[-111.3153,32.8599],[-111.3284,32.8683],[-111.3287,32.8739]]]}},{"type":"Feature","properties":{"c":"#00ff00","v0":0.002,"v1":0.003},"geometry":{"type":"Polygon","coordinates":[[[-111.0466,32.7987],[-111.0355,32.8192],[-111.0187,32.8276],[-110.996,32.8239],[-110.986,32.8018],[-110.9887,32.7612],[-111.0,32.742],[-111.02,32.7442],[-111.0355,32.7561],[-111.0466,32.7777],[-111.0466,32.7987]]]}},{"type":"Feature","properties":{"c":"#00ff00","v0":0.002,"v1":0.003},"geometry":{"type":"Polygon","coordinates":[[[-102.9125,32.759],[-102.9018,32.7674],[-102.8948,32.7674],[-102.8916,32.7588],[-102.895,32.7507],[-102.905,32.7431],[-102.912,32.7431],[-102.9159,32.7509],[-102.9125,32.759]]]}},{"type":"Feature","properties":{"c":"#00ff00","v0":0.002,"v1":0.003},"geometry":{"type":"Polygon","coordinates":[[[-89.471,32.659],[-89.457,32.6693],[-89.4444,32.6693],[-89.4331,32.659],[-89.4331,32.6504],[-89.4444,32.6435],[-89.457,32.6435],[-89.471,32.6504],[-89.471,32.659]]]}},{"type":"Feature","properties":{"c":"#00ff00","v0":0.002,"v1":0.003},"geometry":{"type":"Polygon","coordinates":[[[-88.4476,32.5738],[-88.4353,32.5822],[-88.4244,32.5734],[-88.4148,32.5474],[-88.4209,32.5432],[-88.4428,32.5608],[-88.4476,32.5738]]]}},{"type":"Feature","properties":{"c":"#00ff00","v0":0.002,"v1":0.003},"geometry":{"type":"Polygon","coordinates":[[[-90.6154,32.0864],[-90.5451,32.1003],[-90.5011,32.1173],[-90.4832,32.1372],[-90.4468,32.1599],[-90.3917,32.1853],[-90.3516,32.2065],[-90.3266,32.2234],[-90.3205,32.253],[-90.3334,32.2953],[-90.3124,32.3226],[-90.2575,32.335],[-90.2218,32.3519],[-90.2055,32.3733],[-90.1805,32.383],[-90.1468,32.381],[-90.115,32.3853],[-90.085,32.3958],[-90.055,32.3933],[-90.025,32.3777],[-89.9753,32.3735],[-89.906,32.3805],[-89.866,32.3891],[-89.8553,32.3995],[-89.8428,32.3953],[-89.8284,32.3765],[-89.8134,32.3662],[-89.7978,32.3645],[-89.765,32.3782],[-89.715,32.4071],[-89.68,32.4175],[-89.66,32.4093],[-89.63,32.4092],[-89.59,32.4172],[-89.545,32.4388],[-89.495,32.4739],[-89.43,32.4887],[-89.35,32.483],[-89.3,32.4945],[-89.28,32.5231],[-89.225,32.5487],[-89.135,32.5712],[-89.075,32.5732],[-89.045,32.5547],[-89.01,32.5472],[-88.97,32.5507],[-88.93,32.5476],[-88.89,32.538],[-88.8642,32.5044],[-88.8527,32.4466],[-88.8257,32.4051],[-88.7832,32.3798],[-88.7499,32.3333],[-88.7257,32.2657],[-88.744,32.1895],[-88.8048,32.1049],[-88.8439,32.0605],[-88.8613,32.0565],[-88.9,32.067],[-88.96,32.0919],[-89.0045,32.0981],[-89.0335,32.0857],[-89.0495,32.071],[-89.0524,32.054],[-89.0429,32.0311],[-89.021,32.0023],[-88.99,31.9896],[-88.95,31.993],[-88.915,32.0068],[-88.885,32.0311],[-88.8667,32.0184],[-88.86,31.9686],[-88.87,31.9362],[-88.8967,31.9212],[-88.925,31.9161],[-88.955,31.9212],[-88.995,31.916],[-89.045,31.9007],[-89.095,31.8948],[-89.145,31.8983],[-89.1773,31.8897],[-89.1918,31.8691],[-89.1852,31.8461],[-89.1573,31.8206],[-89.1527,31.8079],[-89.1712,31.8079],[-89.1878,31.8145],[-89.2026,31.8277],[-89.22,31.83],[-89.24,31.8215],[-89.2582,31.8107],[-89.2747,31.7975],[-89.2791,31.7781],[-89.2713,31.7526],[-89.273,31.7319],[-89.2843,31.716],[-89.3,31.7052],[-89.32,31.6995],[-89.3428,31.716],[-89.3684,31.7546],[-89.3934,31.7818],[-89.4178,31.7976],[-89.4472,31.7976],[-89.4815,31.7818],[-89.4965,31.7607],[-89.4922,31.7343],[-89.495,31.7168],[-89.505,31.7083],[-89.519,31.7087],[-89.537,31.7181],[-89.5406,31.7356],[-89.5297,31.7611],[-89.5507,31.7761],[-89.6036,31.7805],[-89.6544,31.7635],[-89.7031,31.7251],[-89.7081,31.6612],[-89.6694,31.5718],[-89.675,31.5277],[-89.725,31.5288],[-89.77,31.5071],[-89.81,31.4624],[-89.84,31.4496],[-89.86,31.4687],[-89.89,31.483],[-89.93,31.4924],[-89.9535,31.5067],[-89.9605,31.5259],[-89.9515,31.544],[-89.9265,31.5611],[-89.908,31.5916],[-89.896,31.6356],[-89.8763,31.6654],[-89.8489,31.681],[-89.8462,31.7101],[-89.8683,31.7526],[-89.8687,31.7866],[-89.8474,31.8121],[-89.8351,31.8457],[-89.8317,31.8873],[-89.86,31.9073],[-89.92,31.9059],[-89.98,31.9143],[-90.04,31.9327],[-90.0756,31.955],[-90.0867,31.9815],[-90.0817,31.9993],[-90.0606,32.0085],[-90.035,32.0101],[-90.005,32.0042],[-89.975,32.0126],[-89.945,32.0354],[-89.915,32.039],[-89.885,32.0235],[-89.86,31.9986],[-89.84,31.9644],[-89.8039,31.9718],[-89.7518,32.021],[-89.7236,32.054],[-89.7194,32.071],[-89.7404,32.0917],[-89.7868,32.1163],[-89.825,32.1629],[-89.8549,32.2314],[-89.8899,32.2732],[-89.93,32.2884],[-89.965,32.3127],[-89.995,32.3462],[-90.0262,32.3513],[-90.0587,32.328],[-90.071,32.3037],[-90.0634,32.2784],[-90.0671,32.2572],[-90.0824,32.2403],[-90.11,32.2308],[-90.15,32.2287],[-90.172,32.2117],[-90.1761,32.18],[-90.1961,32.1413],[-90.232,32.0956],[-90.31,32.0759],[-90.43,32.0823],[-90.51,32.069],[-90.55,32.0361],[-90.5901,32.0346],[-90.6304,32.0645],[-90.6154,32.0864]],[[-89.2193,32.5095],[-89.1998,32.5244],[-89.1818,32.5286],[-89.1655,32.5222],[-89.1752,32.5148],[-89.2111,32.5064],[-89.2193,32.5095]],[[-89.1275,32.4869],[-89.1158,32.49],[-89.107,32.4858],[-89.1011,32.4742],[-89.1011,32.466],[-89.107,32.4611],[-89.1158,32.4653],[-89.1275,32.4786],[-89.1275,32.4869]],[[-89.078,32.2521],[-89.0593,32.2588],[-89.0465,32.2504],[-89.0396,32.2267],[-89.0446,32.2125],[-89.0615,32.2076],[-89.0743,32.2161],[-89.083,32.2379],[-89.078,32.2521]],[[-88.9853,32.4762],[-88.9484,32.4918],[-88.9214,32.4918],[-88.9041,32.4762],[-88.9041,32.4599],[-88.9214,32.443],[-88.9484,32.443],[-88.9853,32.4599],[-88.9853,32.4762]],[[-89.8444,31.7693],[-89.8215,31.7941],[-89.806,31.8026],[-89.798,31.7948],[-89.798,31.7811],[-89.806,31.7615],[-89.815,31.7478],[-89.825,31.7401],[-89.8365,31.7414],[-89.8494,31.7517],[-89.8444,31.7693]],[[-89.9428,32.0013],[-89.9343,32.0147],[-89.9208,32.0189],[-89.9025,32.014],[-89.8975,32.0021],[-89.9058,31.9832],[-89.9193,31.9789],[-89.9378,31.9894],[-89.9428,32.0013]],[[-89.86,31.6035],[-89.8133,31.6371],[-89.7775,31.6499],[-89.7524,31.6418],[-89.7536,31.6292],[-89.781,31.6122],[-89.7986,31.5885],[-89.8062,31.5581],[-89.815,31.5414],[-89.825,31.5386],[-89.8433,31.5496],[-89.87,31.5743],[-89.86,31.6035]],[[-90.4632,32.1176],[-90.4418,32.126],[-90.4359,32.1241],[-90.4453,32.1117],[-90.456,32.1074],[-90.4679,32.1114],[-90.4632,32.1176]],[[-90.372,32.1516],[-90.3573,32.1604],[-90.322,32.1647],[-90.266,32.1643],[-90.2428,32.1557],[-90.2523,32.1387],[-90.2703,32.1264],[-90.2968,32.1186],[-90.3273,32.1228],[-90.362,32.1391],[-90.372,32.1516]],[[-89.9354,32.321],[-89.9318,32.3303],[-89.9239,32.3303],[-89.9118,32.321],[-89.9136,32.3164],[-89.9293,32.3164],[-89.9354,32.321]],[[-89.7374,32.3376],[-89.7191,32.3461],[-89.7076,32.3461],[-89.7027,32.3376],[-89.7027,32.3289],[-89.7076,32.3202],[-89.7191,32.3202],[-89.7374,32.3289],[-89.7374,32.3376]],[[-89.6099,32.3079],[-89.597,32.3586],[-89.553,32.384],[-89.478,32.384],[-89.4429,32.4062],[-89.4476,32.4506],[-89.4145,32.4548],[-89.3434,32.4189],[-89.3356,32.3755],[-89.3909,32.3248],[-89.4164,32.2916],[-89.4121,32.276],[-89.397,32.2633],[-89.3709,32.2536],[-89.3494,32.2318],[-89.3325,32.198],[-89.3371,32.1599],[-89.3634,32.1176],[-89.3829,32.0964],[-89.3955,32.0964],[-89.3988,32.126],[-89.3929,32.1853],[-89.3999,32.2258],[-89.42,32.2476],[-89.45,32.273],[-89.49,32.3021],[-89.53,32.3048],[-89.57,32.2811],[-89.5966,32.2726],[-89.6098,32.2793],[-89.6099,32.3079]],[[-89.2267,32.4397],[-89.2156,32.4497],[-89.2016,32.4497],[-89.1848,32.4397],[-89.1748,32.4262],[-89.1716,32.4093],[-89.16,32.4021],[-89.14,32.4047],[-89.1192,32.4004],[-89.0977,32.3895],[-89.0927,32.3567],[-89.1042,32.3021],[-89.1263,32.2768],[-89.1588,32.2806],[-89.1758,32.291],[-89.1774,32.3079],[-89.1878,32.3248],[-89.2069,32.3417],[-89.2149,32.3629],[-89.2115,32.3882],[-89.2155,32.4093],[-89.2267,32.4262],[-89.2267,32.4397]],[[-89.8417,31.5097],[-89.8339,31.5264],[-89.825,31.5345],[-89.815,31.5341],[-89.81,31.5229],[-89.81,31.501],[-89.8189,31.4929],[-89.8367,31.4986],[-89.8417,31.5097]],[[-89.6818,32.1514],[-89.6094,32.126],[-89.5659,32.1049],[-89.5514,32.0879],[-89.5556,32.0754],[-89.5785,32.0675],[-89.61,32.0706],[-89.65,32.085],[-89.682,32.1101],[-89.706,32.1461],[-89.6818,32.1514]],[[-89.509,32.1557],[-89.5036,32.1726],[-89.4932,32.1842],[-89.4777,32.1904],[-89.4608,32.1735],[-89.4425,32.1334],[-89.4475,32.1101],[-89.4758,32.1038],[-89.4954,32.1123],[-89.5063,32.1356],[-89.509,32.1557]],[[-89.2284,32.1901],[-89.2161,32.2082],[-89.2,32.2144],[-89.18,32.2085],[-89.17,32.1837],[-89.17,32.1401],[-89.1819,32.1212],[-89.2056,32.1272],[-89.2218,32.143],[-89.2303,32.1684],[-89.2284,32.1901]],[[-89.7348,31.8862],[-89.7183,31.9069],[-89.7008,31.9112],[-89.6823,31.8989],[-89.6823,31.8829],[-89.7008,31.8632],[-89.7183,31.8589],[-89.7348,31.8702],[-89.7348,31.8862]],[[-89.6521,31.9225],[-89.6421,31.948],[-89.6303,31.9606],[-89.6168,31.9605],[-89.609,31.9435],[-89.6071,31.9097],[-89.6189,31.8971],[-89.6443,31.9056],[-89.6521,31.9225]],[[-89.5597,31.9666],[-89.5532,31.9782],[-89.543,31.9825],[-89.5289,31.9793],[-89.5239,31.9709],[-89.528,31.9574],[-89.5382,31.9532],[-89.5547,31.9582],[-89.5597,31.9666]],[[-89.2471,32.011],[-89.1957,32.0775],[-89.1548,32.1071],[-89.1245,32.1],[-89.1079,32.0837],[-89.1048,32.0582],[-89.13,32.0245],[-89.1833,31.9825],[-89.22,31.9592],[-89.24,31.9547],[-89.2557,31.9587],[-89.2671,31.9714],[-89.2471,32.011]],[[-89.5461,31.8665],[-89.522,31.8818],[-89.4997,31.8776],[-89.4792,31.8538],[-89.4792,31.8361],[-89.4997,31.8244],[-89.522,31.8287],[-89.5461,31.8488],[-89.5461,31.8665]]]}},{"type":"Feature","properties":{"c":"#00ff00","v0":0.002,"v1":0.003},"geometry":{"type":"Polygon","coordinates":[[[-88.6777,32.4627],[-88.6192,32.5187],[-88.5867,32.5398],[-88.58,32.5259],[-88.585,32.4955],[-88.6017,32.4485],[-88.63,32.4179],[-88.67,32.4039],[-88.6942,32.4063],[-88.7027,32.4252],[-88.6777,32.4627]]]}},{"type":"Feature","properties":{"c":"#00ff00","v0":0.002,"v1":0.003},"geometry":{"type":"Polygon","coordinates":[[[-100.852,32.5031],[-100.8373,32.5051],[-100.829,32.5009],[-100.8269,32.4905],[-100.8319,32.4846],[-100.844,32.4833],[-100.8523,32.4875],[-100.857,32.4973],[-100.852,32.5031]]]}},{"type":"Feature","properties":{"c":"#00ff00","v0":0.002,"v1":0.003},"geometry":{"type":"Polygon","coordinates":[[[-80.3628,32.1208],[-80.3543,32.1357],[-80.34,32.1432],[-80.32,32.1433],[-80.305,32.1273],[-80.2951,32.0954],[-80.3001,32.077],[-80.32,32.0721],[-80.3393,32.0806],[-80.3578,32.1024],[-80.3628,32.1208]],[[-80.3345,32.1166],[-80.3315,32.1231],[-80.325,32.1221],[-80.315,32.1137],[-80.3165,32.1105],[-80.3295,32.1124],[-80.3345,32.1166]]]}},{"type":"Feature","properties":{"c":"#00ff00","v0":0.002,"v1":0.003},"geometry":{"type":"Polygon","coordinates":[[[-100.7673,32.1177],[-100.7558,32.1263],[-100.7459,32.1263],[-100.7377,32.1177],[-100.7435,32.1133],[-100.7633,32.1133],[-100.7673,32.1177]]]}},{"type":"Feature","properties":{"c":"#00ff00","v0":0.002,"v1":0.003},"geometry":{"type":"Polygon","coordinates":[[[-88.7489,32.065],[-88.7096,32.0701],[-88.685,32.0659],[-88.6749,32.0523],[-88.6799,32.0424],[-88.7,32.036],[-88.7246,32.0403],[-88.7539,32.0551],[-88.7489,32.065]]]}},{"type":"Feature","properties":{"c":"#00ff00","v0":0.002,"v1":0.003},"geometry":{"type":"Polygon","coordinates":[[[-80.3268,32.024],[-80.3156,32.0488],[-80.2893,32.0361],[-80.2478,31.9858],[-80.2478,31.9652],[-80.2893,31.974],[-80.3156,31.9868],[-80.3268,32.0033],[-80.3268,32.024]],[[-80.3085,32.0159],[-80.2962,32.0245],[-80.286,32.0203],[-80.2779,32.0032],[-80.2841,31.9989],[-80.3045,32.0074],[-80.3085,32.0159]]]}},{"type":"Feature","properties":{"c":"#00ff00","v0":0.002,"v1":0.003},"geometry":{"type":"Polygon","coordinates":[[[-88.3452,32.0286],[-88.3274,32.0286],[-88.3014,32.0178],[-88.2671,31.9963],[-88.2487,31.9794],[-88.246,31.9669],[-88.257,31.9607],[-88.2818,31.9607],[-88.3092,31.9777],[-88.3391,32.0116],[-88.3452,32.0286]]]}},{"type":"Feature","properties":{"c":"#00ff00","v0":0.002,"v1":0.003},"geometry":{"type":"Polygon","coordinates":[[[-106.8523,31.9994],[-106.8241,32.009],[-106.8048,32.0048],[-106.7945,31.9867],[-106.7995,31.9721],[-106.8198,31.9608],[-106.8391,31.9651],[-106.8573,31.9848],[-106.8523,31.9994]],[[-106.8441,31.9969],[-106.8214,32.0014],[-106.8075,31.9972],[-106.8026,31.9842],[-106.8076,31.9743],[-106.8225,31.9676],[-106.8364,31.9718],[-106.8491,31.987],[-106.8441,31.9969]]]}},{"type":"Feature","properties":{"c":"#00ff00","v0":0.002,"v1":0.003},"geometry":{"type":"Polygon","coordinates":[[[-90.5559,31.9674],[-90.5386,31.9806],[-90.5119,31.9806],[-90.4756,31.9674],[-90.4571,31.9438],[-90.4562,31.9098],[-90.4393,31.8816],[-90.4064,31.8591],[-90.3718,31.8464],[-90.3353,31.8434],[-90.315,31.8334],[-90.311,31.8164],[-90.3193,31.8018],[-90.3398,31.7897],[-90.3631,31.7854],[-90.3894,31.7891],[-90.443,31.8334],[-90.524,31.9183],[-90.5559,31.9674]],[[-90.3699,31.8143],[-90.3566,31.8271],[-90.344,31.8313],[-90.3321,31.827],[-90.3321,31.8181],[-90.344,31.8046],[-90.3566,31.8003],[-90.3699,31.8054],[-90.3699,31.8143]]]}},{"type":"Feature","properties":{"c":"#00ff00","v0":0.002,"v1":0.003},"geometry":{"type":"Polygon","coordinates":[[[-90.4098,31.9545],[-90.3833,31.976],[-90.3554,31.9802],[-90.3261,31.9672],[-90.3211,31.9482],[-90.3404,31.9232],[-90.3683,31.919],[-90.4048,31.9355],[-90.4098,31.9545]]]}},{"type":"Feature","properties":{"c":"#00ff00","v0":0.002,"v1":0.003},"geometry":{"type":"Polygon","coordinates":[[[-100.4952,31.9165],[-100.4917,31.9299],[-100.48,31.9363],[-100.46,31.9357],[-100.4389,31.929],[-100.4167,31.9162],[-100.4021,31.8971],[-100.395,31.8716],[-100.3961,31.8552],[-100.4054,31.8479],[-100.4317,31.8606],[-100.4752,31.8934],[-100.4952,31.9165]]]}},{"type":"Feature","properties":{"c":"#00ff00","v0":0.002,"v1":0.003},"geometry":{"type":"Polygon","coordinates":[[[-90.7101,31.763],[-90.63,31.8433],[-90.5652,31.8603],[-90.5156,31.814],[-90.5053,31.7696],[-90.5344,31.7271],[-90.5592,31.7075],[-90.5797,31.7107],[-90.6,31.7052],[-90.62,31.6909],[-90.65,31.6807],[-90.69,31.6744],[-90.72,31.6842],[-90.7401,31.71],[-90.7101,31.763]],[[-90.7042,31.7476],[-90.6547,31.7971],[-90.615,31.8249],[-90.585,31.8309],[-90.5577,31.8274],[-90.5332,31.8144],[-90.5206,31.7994],[-90.52,31.7824],[-90.5418,31.7654],[-90.5862,31.7484],[-90.6138,31.7289],[-90.6246,31.7069],[-90.65,31.6955],[-90.69,31.6946],[-90.7147,31.7013],[-90.7242,31.7157],[-90.7042,31.7476]]]}},{"type":"Feature","properties":{"c":"#00ff00","v0":0.002,"v1":0.003},"geometry":{"type":"Polygon","coordinates":[[[-100.7288,31.8221],[-100.7029,31.8506],[-100.65,31.862],[-100.57,31.8563],[-100.5068,31.8335],[-100.4605,31.7938],[-100.4378,31.7654],[-100.4388,31.7484],[-100.4569,31.732],[-100.4923,31.7162],[-100.53,31.722],[-100.57,31.7492],[-100.605,31.7592],[-100.635,31.7519],[-100.665,31.7519],[-100.695,31.7592],[-100.7179,31.7742],[-100.7338,31.7966],[-100.7288,31.8221]],[[-100.7208,31.8202],[-100.7003,31.8447],[-100.67,31.852],[-100.63,31.8419],[-100.59,31.8389],[-100.55,31.8428],[-100.5091,31.8228],[-100.4672,31.7789],[-100.4522,31.7482],[-100.4641,31.731],[-100.48,31.7207],[-100.5,31.7174],[-100.53,31.7299],[-100.57,31.7581],[-100.615,31.7698],[-100.665,31.765],[-100.7003,31.7739],[-100.7208,31.7965],[-100.7208,31.8202]]]}},{"type":"Feature","properties":{"c":"#00ff00","v0":0.002,"v1":0.003},"geometry":{"type":"Polygon","coordinates":[[[-90.2511,31.8491],[-90.237,31.8637],[-90.224,31.868],[-90.2121,31.8619],[-90.2121,31.8498],[-90.224,31.8318],[-90.237,31.8275],[-90.2511,31.8371],[-90.2511,31.8491]]]}},{"type":"Feature","properties":{"c":"#00ff00","v0":0.002,"v1":0.003},"geometry":{"type":"Polygon","coordinates":[[[-90.0871,31.7756],[-90.0757,31.813],[-90.06,31.8344],[-90.04,31.8397],[-90.0312,31.8295],[-90.0336,31.8037],[-90.0493,31.7824],[-90.0783,31.7654],[-90.0871,31.7756]]]}},{"type":"Feature","properties":{"c":"#00ff00","v0":0.002,"v1":0.003},"geometry":{"type":"Polygon","coordinates":[[[-100.8186,31.8111],[-100.8129,31.8175],[-100.8041,31.8175],[-100.7922,31.8111],[-100.7922,31.8039],[-100.8041,31.7958],[-100.8129,31.7958],[-100.8186,31.8039],[-100.8186,31.8111]]]}},{"type":"Feature","properties":{"c":"#00ff00","v0":0.002,"v1":0.003},"geometry":{"type":"Polygon","coordinates":[[[-100.3546,31.7771],[-100.3382,31.7835],[-100.3249,31.7793],[-100.3147,31.7643],[-100.3197,31.755],[-100.3399,31.7513],[-100.3532,31.7556],[-100.3596,31.7678],[-100.3546,31.7771]]]}},{"type":"Feature","properties":{"c":"#00ff00","v0":0.002,"v1":0.003},"geometry":{"type":"Polygon","coordinates":[[[-88.402,31.7342],[-88.3807,31.7568],[-88.3616,31.7611],[-88.3449,31.7469],[-88.3449,31.7292],[-88.3616,31.7077],[-88.3807,31.7035],[-88.402,31.7164],[-88.402,31.7342]]]}},{"type":"Feature","properties":{"c":"#00ff00","v0":0.002,"v1":0.003},"geometry":{"type":"Polygon","coordinates":[[[-90.4751,31.7252],[-90.4584,31.7299],[-90.4481,31.7256],[-90.4443,31.7124],[-90.4493,31.7035],[-90.4631,31.6988],[-90.4734,31.703],[-90.4801,31.7162],[-90.4751,31.7252]]]}},{"type":"Feature","properties":{"c":"#00ff00","v0":0.002,"v1":0.003},"geometry":{"type":"Polygon","coordinates":[[[-90.3863,31.6955],[-90.3754,31.7089],[-90.3631,31.7131],[-90.3492,31.7083],[-90.3442,31.7001],[-90.3481,31.6886],[-90.3604,31.6843],[-90.3813,31.6873],[-90.3863,31.6955]]]}},{"type":"Feature","properties":{"c":"#00ff00","v0":0.002,"v1":0.003},"geometry":{"type":"Polygon","coordinates":[[[-89.638,31.707],[-89.6193,31.7095],[-89.61,31.7014],[-89.61,31.6828],[-89.6152,31.673],[-89.6255,31.6722],[-89.6348,31.6803],[-89.6431,31.6973],[-89.638,31.707]]]}},{"type":"Feature","properties":{"c":"#00ff00","v0":0.002,"v1":0.003},"geometry":{"type":"Polygon","coordinates":[[[-90.2044,31.4971],[-90.1937,31.5227],[-90.1907,31.5525],[-90.1956,31.5866],[-90.186,31.6198],[-90.162,31.6521],[-90.135,31.6682],[-90.105,31.6683],[-90.0796,31.6565],[-90.0589,31.6326],[-90.0539,31.6079],[-90.0644,31.5824],[-90.0648,31.5568],[-90.0551,31.5312],[-90.0652,31.5169],[-90.0951,31.5139],[-90.125,31.49],[-90.155,31.4451],[-90.1799,31.438],[-90.1998,31.4689],[-90.2044,31.4971]],[[-90.1771,31.6045],[-90.1457,31.6401],[-90.1159,31.6486],[-90.0878,31.63],[-90.0791,31.6037],[-90.0899,31.5696],[-90.107,31.544],[-90.1303,31.527],[-90.149,31.503],[-90.163,31.472],[-90.175,31.4627],[-90.185,31.4751],[-90.1851,31.4949],[-90.1752,31.522],[-90.1759,31.5483],[-90.1872,31.5739],[-90.1771,31.6045]]]}},{"type":"Feature","properties":{"c":"#00ff00","v0":0.002,"v1":0.003},"geometry":{"type":"Polygon","coordinates":[[[-90.5873,31.5792],[-90.5758,31.5983],[-90.56,31.6067],[-90.54,31.6043],[-90.5277,31.5947],[-90.5232,31.578],[-90.5282,31.5561],[-90.5427,31.5291],[-90.5606,31.5163],[-90.5818,31.5177],[-90.5926,31.5312],[-90.5929,31.5568],[-90.5873,31.5792]],[[-90.5788,31.5764],[-90.5729,31.5901],[-90.5603,31.5943],[-90.541,31.5892],[-90.536,31.5762],[-90.5453,31.5553],[-90.5579,31.551],[-90.5738,31.5634],[-90.5788,31.5764]]]}},{"type":"Feature","properties":{"c":"#00ff00","v0":0.002,"v1":0.003},"geometry":{"type":"Polygon","coordinates":[[[-90.8944,31.5611],[-90.8781,31.5781],[-90.8653,31.5824],[-90.8558,31.5738],[-90.8558,31.5634],[-90.8653,31.5511],[-90.8781,31.5469],[-90.8944,31.5507],[-90.8944,31.5611]]]}},{"type":"Feature","properties":{"c":"#00ff00","v0":0.002,"v1":0.003},"geometry":{"type":"Polygon","coordinates":[[[-107.788,31.5075],[-107.776,31.5196],[-107.745,31.5285],[-107.695,31.5342],[-107.6562,31.5111],[-107.6285,31.4591],[-107.5935,31.4459],[-107.5512,31.4712],[-107.5127,31.4712],[-107.4781,31.4459],[-107.4592,31.4204],[-107.4558,31.3948],[-107.4731,31.3709],[-107.511,31.3488],[-107.545,31.3421],[-107.575,31.3508],[-107.605,31.3492],[-107.635,31.3373],[-107.675,31.3348],[-107.725,31.3417],[-107.7519,31.3714],[-107.7558,31.424],[-107.7668,31.463],[-107.785,31.4886],[-107.788,31.5075]],[[-107.5769,31.4289],[-107.5641,31.4545],[-107.5508,31.4692],[-107.5369,31.4731],[-107.5219,31.4689],[-107.5057,31.4564],[-107.4956,31.4332],[-107.4915,31.399],[-107.5046,31.3756],[-107.5349,31.363],[-107.5583,31.3716],[-107.575,31.4013],[-107.5769,31.4289]],[[-107.755,31.5034],[-107.7117,31.5074],[-107.68,31.5047],[-107.66,31.4954],[-107.6417,31.4679],[-107.6252,31.422],[-107.6269,31.3905],[-107.6469,31.3734],[-107.6701,31.3615],[-107.6967,31.3547],[-107.7183,31.3547],[-107.7349,31.3615],[-107.7428,31.3862],[-107.742,31.4289],[-107.7504,31.463],[-107.7679,31.4886],[-107.755,31.5034]]]}},{"type":"Feature","properties":{"c":"#00ff00","v0":0.002,"v1":0.003},"geometry":{"type":"Polygon","coordinates":[[[-100.7079,31.3609],[-100.6026,31.4555],[-100.5097,31.4726],[-100.4291,31.4122],[-100.4034,31.3649],[-100.4324,31.3307],[-100.4451,31.3051],[-100.4414,31.288],[-100.4252,31.2666],[-100.3964,31.241],[-100.384,31.2129],[-100.388,31.1826],[-100.375,31.1832],[-100.345,31.2149],[-100.317,31.2258],[-100.2909,31.2159],[-100.2781,31.1982],[-100.2785,31.1725],[-100.2501,31.1083],[-100.1927,31.0055],[-100.1622,30.9241],[-100.1586,30.864],[-100.166,30.7996],[-100.1846,30.7308],[-100.2029,30.687],[-100.221,30.6681],[-100.245,30.6593],[-100.275,30.6607],[-100.295,30.6422],[-100.305,30.6038],[-100.32,30.5734],[-100.34,30.5511],[-100.3479,30.5704],[-100.3438,30.6315],[-100.3188,30.689],[-100.2729,30.7429],[-100.2448,30.7902],[-100.2344,30.8308],[-100.2512,30.9112],[-100.2953,31.0312],[-100.3355,31.1026],[-100.3718,31.1254],[-100.417,31.1211],[-100.4709,31.0897],[-100.5059,31.0897],[-100.522,31.121],[-100.5478,31.1467],[-100.5834,31.1668],[-100.5878,31.1939],[-100.5609,31.2281],[-100.5472,31.2538],[-100.5469,31.2709],[-100.5626,31.2867],[-100.5942,31.3012],[-100.625,31.2938],[-100.655,31.2644],[-100.6926,31.2657],[-100.7379,31.2977],[-100.7079,31.3609]],[[-100.5883,31.3817],[-100.5761,31.4153],[-100.56,31.4351],[-100.54,31.4412],[-100.5022,31.4287],[-100.4465,31.3975],[-100.4415,31.3644],[-100.4872,31.3292],[-100.5311,31.3249],[-100.5733,31.3516],[-100.5883,31.3817]],[[-100.3317,31.1861],[-100.3172,31.2048],[-100.31,31.1979],[-100.31,31.1656],[-100.3172,31.1563],[-100.3317,31.17],[-100.3317,31.1861]],[[-100.2894,31.109],[-100.2765,31.1103],[-100.265,31.1046],[-100.255,31.0918],[-100.23,31.044],[-100.1901,30.9612],[-100.1735,30.8769],[-100.1803,30.791],[-100.1953,30.7303],[-100.2184,30.6947],[-100.2352,30.6775],[-100.2456,30.6787],[-100.2535,30.6878],[-100.2589,30.705],[-100.2493,30.7523],[-100.2247,30.8296],[-100.2332,30.9284],[-100.275,31.0484],[-100.2894,31.109]],[[-100.5133,31.1992],[-100.5111,31.2098],[-100.5038,31.2141],[-100.4914,31.2121],[-100.4739,31.1939],[-100.4512,31.1597],[-100.4424,31.1354],[-100.4475,31.121],[-100.4562,31.1124],[-100.4687,31.1097],[-100.4848,31.1297],[-100.5045,31.1725],[-100.5133,31.1992]]]}},{"type":"Feature","properties":{"c":"#00ff00","v0":0.002,"v1":0.003},"geometry":{"type":"Polygon","coordinates":[[[-107.3875,31.4209],[-107.3758,31.4304],[-107.35,31.4299],[-107.31,31.4192],[-107.287,31.4059],[-107.281,31.3899],[-107.286,31.3761],[-107.302,31.3645],[-107.32,31.3716],[-107.34,31.3973],[-107.3608,31.4117],[-107.3825,31.4146],[-107.3875,31.4209]]]}},{"type":"Feature","properties":{"c":"#00ff00","v0":0.002,"v1":0.003},"geometry":{"type":"Polygon","coordinates":[[[-89.9687,31.1511],[-89.9349,31.2025],[-89.9257,31.2538],[-89.9412,31.3051],[-89.9192,31.3545],[-89.8597,31.4022],[-89.8154,31.4022],[-89.7861,31.3545],[-89.7874,31.3136],[-89.8193,31.2794],[-89.8439,31.2373],[-89.8613,31.1871],[-89.875,31.1645],[-89.885,31.1694],[-89.9045,31.1603],[-89.9336,31.1371],[-89.9575,31.1255],[-89.9762,31.1255],[-89.9687,31.1511]]]}},{"type":"Feature","properties":{"c":"#00ff00","v0":0.002,"v1":0.003},"geometry":{"type":"Polygon","coordinates":[[[-90.1041,31.3891],[-90.0814,31.4035],[-90.0648,31.4078],[-90.0545,31.402],[-90.0545,31.3926],[-90.0648,31.3798],[-90.0814,31.3755],[-90.1041,31.3798],[-90.1041,31.3891]]]}},{"type":"Feature","properties":{"c":"#00ff00","v0":0.002,"v1":0.003},"geometry":{"type":"Polygon","coordinates":[[[-90.814,31.3179],[-90.8023,31.3606],[-90.7849,31.3858],[-90.7616,31.3934],[-90.7472,31.3848],[-90.7415,31.3601],[-90.7254,31.335],[-90.6989,31.3093],[-90.6967,31.2979],[-90.7189,31.3007],[-90.745,31.2928],[-90.775,31.2743],[-90.7975,31.2729],[-90.8124,31.2886],[-90.814,31.3179]]]}},{"type":"Feature","properties":{"c":"#00ff00","v0":0.002,"v1":0.003},"geometry":{"type":"Polygon","coordinates":[[[-90.2578,31.2367],[-90.242,31.2538],[-90.2344,31.2794],[-90.2351,31.3136],[-90.219,31.3474],[-90.1863,31.3808],[-90.1666,31.3893],[-90.1597,31.373],[-90.1705,31.3222],[-90.1989,31.2367],[-90.2223,31.1897],[-90.2408,31.1814],[-90.2539,31.1899],[-90.2618,31.2154],[-90.2578,31.2367]],[[-90.2123,31.3193],[-90.1974,31.3306],[-90.19,31.3279],[-90.19,31.3112],[-90.195,31.3003],[-90.205,31.2952],[-90.2124,31.2979],[-90.2173,31.3084],[-90.2123,31.3193]]]}},{"type":"Feature","properties":{"c":"#00ff00","v0":0.002,"v1":0.003},"geometry":{"type":"Polygon","coordinates":[[[-90.6064,31.3368],[-90.5821,31.3491],[-90.5609,31.3448],[-90.5427,31.324],[-90.5427,31.3097],[-90.5609,31.3018],[-90.5821,31.3061],[-90.6064,31.3225],[-90.6064,31.3368]]]}},{"type":"Feature","properties":{"c":"#00ff00","v0":0.002,"v1":0.003},"geometry":{"type":"Polygon","coordinates":[[[-107.8625,31.3311],[-107.8408,31.3318],[-107.8259,31.3276],[-107.8178,31.3183],[-107.8128,31.2965],[-107.8111,31.2623],[-107.8152,31.242],[-107.8251,31.2356],[-107.8373,31.2356],[-107.8519,31.242],[-107.8627,31.2666],[-107.8698,31.3093],[-107.8625,31.3311]]]}},{"type":"Feature","properties":{"c":"#00ff00","v0":0.002,"v1":0.003},"geometry":{"type":"Polygon","coordinates":[[[-90.5453,31.2157],[-90.5351,31.225],[-90.5251,31.225],[-90.5152,31.2157],[-90.5152,31.2077],[-90.5251,31.2011],[-90.5351,31.2011],[-90.5453,31.2077],[-90.5453,31.2157]]]}},{"type":"Feature","properties":{"c":"#00ff00","v0":0.002,"v1":0.003},"geometry":{"type":"Polygon","coordinates":[[[-100.6566,31.118],[-100.6389,31.1373],[-100.6179,31.1416],[-100.5937,31.1308],[-100.5887,31.1136],[-100.6029,31.0899],[-100.62,31.079],[-100.64,31.0811],[-100.6539,31.0887],[-100.6616,31.1018],[-100.6566,31.118]],[[-100.6431,31.1129],[-100.6344,31.1221],[-100.6232,31.1221],[-100.6097,31.1129],[-100.6097,31.1039],[-100.6232,31.0949],[-100.6344,31.0949],[-100.6431,31.1039],[-100.6431,31.1129]]]}},{"type":"Feature","properties":{"c":"#00ff00","v0":0.002,"v1":0.003},"geometry":{"type":"Polygon","coordinates":[[[-89.7748,30.873],[-89.7716,30.8825],[-89.7626,30.8868],[-89.7478,30.8859],[-89.7494,30.8812],[-89.7674,30.8726],[-89.7748,30.873]]]}},{"type":"Feature","properties":{"c":"#00ff00","v0":0.002,"v1":0.003},"geometry":{"type":"Polygon","coordinates":[[[-81.9022,30.6864],[-81.8807,30.735],[-81.8424,30.7522],[-81.7872,30.738],[-81.7656,30.7437],[-81.7778,30.7695],[-81.7704,30.7969],[-81.7435,30.8258],[-81.715,30.8322],[-81.685,30.816],[-81.64,30.8039],[-81.58,30.7959],[-81.5238,30.7551],[-81.4713,30.6816],[-81.4557,30.6276],[-81.4767,30.5932],[-81.543,30.5611],[-81.6543,30.5313],[-81.75,30.5255],[-81.83,30.5436],[-81.8807,30.5801],[-81.9022,30.6347],[-81.9022,30.6864]],[[-81.8696,30.6652],[-81.8565,30.7059],[-81.83,30.7213],[-81.79,30.7112],[-81.7568,30.7124],[-81.7304,30.7247],[-81.7267,30.7394],[-81.7456,30.7566],[-81.7488,30.7783],[-81.7363,30.8044],[-81.715,30.8094],[-81.685,30.7933],[-81.64,30.7812],[-81.58,30.7731],[-81.5427,30.7552],[-81.5281,30.7275],[-81.5336,30.7007],[-81.5593,30.6749],[-81.5716,30.6543],[-81.5705,30.6388],[-81.56,30.6404],[-81.54,30.6593],[-81.52,30.668],[-81.5,30.6667],[-81.4864,30.6608],[-81.4793,30.6501],[-81.4943,30.6323],[-81.5314,30.6073],[-81.57,30.5986],[-81.61,30.6063],[-81.635,30.5944],[-81.645,30.5628],[-81.665,30.5453],[-81.695,30.5418],[-81.7188,30.5448],[-81.7364,30.5541],[-81.7464,30.5674],[-81.7488,30.5846],[-81.76,30.5887],[-81.78,30.5798],[-81.805,30.5801],[-81.835,30.5898],[-81.8565,30.6072],[-81.8696,30.6323],[-81.8696,30.6652]]]}},{"type":"Feature","properties":{"c":"#00ff00","v0":0.002,"v1":0.003},"geometry":{"type":"Polygon","coordinates":[[[-100.7376,30.6251],[-100.7325,30.6888],[-100.72,30.7356],[-100.7,30.7657],[-100.6817,30.7726],[-100.6652,30.7562],[-100.6573,30.7179],[-100.6579,30.6577],[-100.6712,30.6144],[-100.6971,30.5878],[-100.715,30.5726],[-100.725,30.5686],[-100.7325,30.5732],[-100.7376,30.5865],[-100.7376,30.6251]],[[-100.704,30.7207],[-100.6947,30.7349],[-100.6878,30.7392],[-100.6833,30.7336],[-100.6833,30.7169],[-100.6878,30.689],[-100.6947,30.6847],[-100.704,30.704],[-100.704,30.7207]]]}},{"type":"Feature","properties":{"c":"#00ff00","v0":0.002,"v1":0.003},"geometry":{"type":"Polygon","coordinates":[[[-97.4672,30.5932],[-97.4527,30.662],[-97.4166,30.6975],[-97.3589,30.6996],[-97.3287,30.6953],[-97.3262,30.6846],[-97.3473,30.6663],[-97.3919,30.6405],[-97.4293,30.6104],[-97.4594,30.576],[-97.4672,30.5932]],[[-97.3906,30.6838],[-97.3769,30.693],[-97.3642,30.693],[-97.3526,30.6838],[-97.3576,30.6755],[-97.3792,30.668],[-97.3919,30.668],[-97.3956,30.6755],[-97.3906,30.6838]]]}},{"type":"Feature","properties":{"c":"#00ff00","v0":0.002,"v1":0.003},"geometry":{"type":"Polygon","coordinates":[[[-81.8331,30.6463],[-81.8177,30.6491],[-81.8093,30.6448],[-81.8079,30.6334],[-81.8156,30.6319],[-81.8324,30.6405],[-81.8331,30.6463]]]}},{"type":"Feature","properties":{"c":"#00ff00","v0":0.002,"v1":0.003},"geometry":{"type":"Polygon","coordinates":[[[-84.521,30.5751],[-84.487,30.6077],[-84.4307,30.6163],[-84.352,30.6009],[-84.317,30.5859],[-84.3257,30.5714],[-84.3569,30.5542],[-84.4108,30.5343],[-84.4358,30.5132],[-84.4319,30.4909],[-84.4379,30.4909],[-84.4538,30.5132],[-84.4808,30.5329],[-84.519,30.5501],[-84.521,30.5751]]]}},{"type":"Feature","properties":{"c":"#00ff00","v0":0.002,"v1":0.003},"geometry":{"type":"Polygon","coordinates":[[[-84.6778,30.5359],[-84.6459,30.559],[-84.6128,30.5677],[-84.5783,30.5617],[-84.5783,30.5473],[-84.6128,30.5245],[-84.6459,30.5159],[-84.6778,30.5215],[-84.6778,30.5359]]]}},{"type":"Feature","properties":{"c":"#00ff00","v0":0.002,"v1":0.003},"geometry":{"type":"Polygon","coordinates":[[[-100.8244,30.3734],[-100.7844,30.4166],[-100.7458,30.4431],[-100.7086,30.4532],[-100.6986,30.4403],[-100.7158,30.4043],[-100.7247,30.3691],[-100.7253,30.3346],[-100.7417,30.3173],[-100.7739,30.3173],[-100.8036,30.326],[-100.8308,30.3432],[-100.8244,30.3734]],[[-100.7941,30.3519],[-100.777,30.3519],[-100.7738,30.3482],[-100.7846,30.3408],[-100.7932,30.3408],[-100.7995,30.3482],[-100.7941,30.3519]]]}},{"type":"Feature","properties":{"c":"#00ff00","v0":0.002,"v1":0.003},"geometry":{"type":"Polygon","coordinates":[[[-81.8453,30.3606],[-81.8218,30.378],[-81.785,30.3919],[-81.735,30.4022],[-81.691,30.3848],[-81.6529,30.3398],[-81.6074,30.313],[-81.5543,30.3044],[-81.5133,30.289],[-81.4844,30.2669],[-81.465,30.2383],[-81.455,30.2034],[-81.465,30.1834],[-81.495,30.1785],[-81.5335,30.1552],[-81.5806,30.1135],[-81.5933,30.0753],[-81.5716,30.0407],[-81.5631,30.0143],[-81.5677,29.9962],[-81.5817,29.9875],[-81.6052,29.9883],[-81.6365,30.0104],[-81.6756,30.0537],[-81.6932,30.0883],[-81.6895,30.1142],[-81.6986,30.1445],[-81.7205,30.1791],[-81.7266,30.218],[-81.7168,30.2612],[-81.7215,30.2899],[-81.7405,30.304],[-81.7682,30.3126],[-81.8047,30.3158],[-81.8315,30.326],[-81.8485,30.3432],[-81.8453,30.3606]],[[-81.7194,30.3542],[-81.6998,30.359],[-81.68,30.3472],[-81.66,30.3189],[-81.6233,30.2993],[-81.5698,30.2883],[-81.5482,30.2698],[-81.5586,30.2439],[-81.5565,30.2137],[-81.5421,30.1791],[-81.5569,30.1445],[-81.6009,30.1099],[-81.6223,30.084],[-81.6211,30.0666],[-81.6099,30.0493],[-81.5887,30.032],[-81.5811,30.0162],[-81.587,30.002],[-81.6118,30.015],[-81.6553,30.0552],[-81.6749,30.0883],[-81.6707,30.1142],[-81.6797,30.1445],[-81.702,30.1791],[-81.7062,30.218],[-81.6922,30.2612],[-81.6962,30.3001],[-81.7182,30.3346],[-81.7194,30.3542]]]}},{"type":"Feature","properties":{"c":"#00ff00","v0":0.002,"v1":0.003},"geometry":{"type":"Polygon","coordinates":[[[-84.4129,30.2482],[-84.3967,30.2482],[-84.3939,30.2437],[-84.4046,30.2347],[-84.4128,30.2347],[-84.4183,30.2437],[-84.4129,30.2482]]]}},{"type":"Feature","properties":{"c":"#00ff00","v0":0.002,"v1":0.003},"geometry":{"type":"Polygon","coordinates":[[[-98.0931,30.1877],[-98.0879,30.205],[-98.075,30.2137],[-98.0546,30.2137],[-98.0458,30.2021],[-98.0486,30.1791],[-98.0614,30.1704],[-98.0843,30.1762],[-98.0931,30.1877]]]}},{"type":"Feature","properties":{"c":"#00ff00","v0":0.002,"v1":0.003},"geometry":{"type":"Polygon","coordinates":[[[-84.178,30.1501],[-84.1727,30.1612],[-84.1645,30.1656],[-84.1534,30.1631],[-84.1484,30.1561],[-84.1495,30.1448],[-84.1577,30.1404],[-84.173,30.1432],[-84.178,30.1501]]]}},{"type":"Feature","properties":{"c":"#00ff00","v0":0.002,"v1":0.003},"geometry":{"type":"Polygon","coordinates":[[[-101.0612,30.064],[-101.0537,30.0759],[-101.03,30.0821],[-100.99,30.0825],[-100.955,30.0907],[-100.925,30.1066],[-100.8723,30.0961],[-100.797,30.0591],[-100.7412,29.993],[-100.7051,29.8977],[-100.7117,29.8153],[-100.7611,29.7459],[-100.7841,29.7025],[-100.7808,29.6851],[-100.7618,29.6659],[-100.7273,29.6449],[-100.67,29.6311],[-100.59,29.6247],[-100.5,29.6041],[-100.4,29.5693],[-100.3196,29.5134],[-100.2587,29.4365],[-100.2258,29.3762],[-100.221,29.3326],[-100.2088,29.2977],[-100.1891,29.2715],[-100.1848,29.2497],[-100.1958,29.2323],[-100.2485,29.2215],[-100.3428,29.2173],[-100.42,29.2533],[-100.48,29.3294],[-100.555,29.3801],[-100.645,29.4053],[-100.725,29.445],[-100.795,29.4992],[-100.865,29.5378],[-100.935,29.5609],[-100.9788,29.5898],[-100.9963,29.6244],[-101.0051,29.659],[-101.0051,29.6938],[-100.9663,29.7286],[-100.8888,29.7635],[-100.8433,29.7982],[-100.83,29.8328],[-100.83,29.8583],[-100.8433,29.8748],[-100.8651,29.8835],[-100.8954,29.8843],[-100.9252,29.9021],[-100.9547,29.9367],[-100.9639,29.9627],[-100.9527,29.9801],[-100.9505,29.993],[-100.9574,30.0017],[-100.9831,30.0111],[-101.0277,30.0212],[-101.0537,30.0342],[-101.0612,30.0501],[-101.0612,30.064]],[[-100.9295,30.0476],[-100.9165,30.0615],[-100.895,30.0682],[-100.865,30.0677],[-100.824,30.0521],[-100.7721,30.0214],[-100.7337,29.9671],[-100.7089,29.8891],[-100.7015,29.837],[-100.7115,29.811],[-100.7298,29.7868],[-100.7566,29.7646],[-100.7761,29.7559],[-100.7883,29.7608],[-100.8015,29.8153],[-100.8157,29.9194],[-100.8396,29.9741],[-100.8732,29.9795],[-100.9015,29.9969],[-100.9245,30.0261],[-100.9295,30.0476]],[[-100.9857,29.686],[-100.9752,29.7053],[-100.9548,29.714],[-100.9244,29.7121],[-100.8905,29.6894],[-100.8531,29.646],[-100.8433,29.6117],[-100.8611,29.5865],[-100.8943,29.5778],[-100.9429,29.5856],[-100.9731,29.6112],[-100.985,29.6547],[-100.9857,29.686]],[[-101.0418,30.0625],[-101.0206,30.0715],[-101.0025,30.0671],[-100.9874,30.0495],[-100.9924,30.0383],[-101.0175,30.0335],[-101.0356,30.0378],[-101.0468,30.0513],[-101.0418,30.0625]],[[-100.8104,29.6292],[-100.7835,29.6391],[-100.755,29.6346],[-100.725,29.6156],[-100.67,29.605],[-100.59,29.6028],[-100.53,29.5921],[-100.49,29.5729],[-100.445,29.5595],[-100.395,29.5518],[-100.3382,29.5105],[-100.2746,29.4355],[-100.2396,29.3591],[-100.2332,29.2814],[-100.2655,29.2422],[-100.3365,29.2414],[-100.3739,29.2541],[-100.3778,29.2803],[-100.3904,29.3064],[-100.4115,29.3326],[-100.4091,29.3601],[-100.383,29.3889],[-100.375,29.4135],[-100.385,29.4339],[-100.415,29.4466],[-100.465,29.4516],[-100.51,29.4486],[-100.55,29.4376],[-100.6,29.4403],[-100.66,29.4567],[-100.7235,29.5048],[-100.7904,29.5844],[-100.8104,29.6292]]]}},{"type":"Feature","properties":{"c":"#00ff00","v0":0.002,"v1":0.003},"geometry":{"type":"Polygon","coordinates":[[[-101.3292,29.8754],[-101.3164,29.8916],[-101.3007,29.8959],[-101.282,29.8885],[-101.282,29.8745],[-101.3007,29.854],[-101.3164,29.8497],[-101.3292,29.8615],[-101.3292,29.8754]],[[-101.3116,29.8717],[-101.2959,29.8804],[-101.2885,29.8796],[-101.2895,29.8693],[-101.2974,29.865],[-101.3121,29.8666],[-101.3116,29.8717]]]}},{"type":"Feature","properties":{"c":"#00ff00","v0":0.002,"v1":0.003},"geometry":{"type":"Polygon","coordinates":[[[-101.4879,29.8674],[-101.4723,29.8674],[-101.4609,29.8606],[-101.4536,29.8472],[-101.46,29.842],[-101.48,29.8453],[-101.4914,29.852],[-101.4942,29.8622],[-101.4879,29.8674]]]}},{"type":"Feature","properties":{"c":"#00ff00","v0":0.002,"v1":0.003},"geometry":{"type":"Polygon","coordinates":[[[-101.4121,29.8028],[-101.4107,29.8125],[-101.4,29.8172],[-101.38,29.8169],[-101.3629,29.8078],[-101.3488,29.7897],[-101.3538,29.7751],[-101.3779,29.764],[-101.3957,29.7683],[-101.4071,29.7881],[-101.4121,29.8028]]]}},{"type":"Feature","properties":{"c":"#00ff00","v0":0.002,"v1":0.003},"geometry":{"type":"Polygon","coordinates":[[[-81.0366,29.7546],[-81.0297,29.7719],[-81.0122,29.7848],[-80.9841,29.7933],[-80.9687,29.789],[-80.9661,29.7718],[-80.9711,29.7563],[-80.9837,29.7423],[-80.9999,29.7336],[-81.0197,29.7302],[-81.0322,29.7329],[-81.0374,29.7415],[-81.0366,29.7546]]]}},{"type":"Feature","properties":{"c":"#00ff00","v0":0.002,"v1":0.003},"geometry":{"type":"Polygon","coordinates":[[[-98.0139,29.7678],[-98.0113,29.777],[-98.0049,29.777],[-97.9948,29.7678],[-97.9961,29.7633],[-98.0088,29.7633],[-98.0139,29.7678]]]}},{"type":"Feature","properties":{"c":"#00ff00","v0":0.002,"v1":0.003},"geometry":{"type":"Polygon","coordinates":[[[-101.1827,29.5812],[-101.1609,29.5994],[-101.1413,29.6038],[-101.1239,29.5942],[-101.1239,29.577],[-101.1413,29.5521],[-101.1609,29.5477],[-101.1827,29.564],[-101.1827,29.5812]]]}},{"type":"Feature","properties":{"c":"#00ff00","v0":0.002,"v1":0.003},"geometry":{"type":"Polygon","coordinates":[[[-100.2447,29.0392],[-100.2349,29.0549],[-100.225,29.0617],[-100.215,29.0595],[-100.2065,29.0473],[-100.1994,29.025],[-100.2058,29.0095],[-100.2257,29.0008],[-100.2392,29.0051],[-100.2461,29.0226],[-100.2447,29.0392]]]}},{"type":"Feature","properties":{"c":"#00ff00","v0":0.002,"v1":0.003},"geometry":{"type":"Polygon","coordinates":[[[-79.789,29.016],[-79.7763,29.0202],[-79.77,29.0129],[-79.77,28.9941],[-79.7763,28.992],[-79.789,29.0066],[-79.789,29.016]]]}},{"type":"Feature","properties":{"c":"#00ff00","v0":0.002,"v1":0.003},"geometry":{"type":"Polygon","coordinates":[[[-101.3675,28.9334],[-101.3558,28.9474],[-101.3421,28.943],[-101.3264,28.9202],[-101.3264,28.9052],[-101.3421,28.8978],[-101.3558,28.9022],[-101.3675,28.9183],[-101.3675,28.9334]]]}},{"type":"Feature","properties":{"c":"#00ff00","v0":0.002,"v1":0.003},"geometry":{"type":"Polygon","coordinates":[[[-101.2528,28.5959],[-101.2376,28.6014],[-101.2263,28.597],[-101.2188,28.5828],[-101.2238,28.5734],[-101.2413,28.5689],[-101.2526,28.5732],[-101.2578,28.5866],[-101.2528,28.5959]]]}},{"type":"Feature","properties":{"c":"#00ff00","v0":0.002,"v1":0.003},"geometry":{"type":"Polygon","coordinates":[[[-100.7915,28.2951],[-100.7772,28.3319],[-100.76,28.3627],[-100.74,28.3874],[-100.725,28.3981],[-100.715,28.3948],[-100.7031,28.3729],[-100.6894,28.3322],[-100.6928,28.3075],[-100.7135,28.2986],[-100.7304,28.2837],[-100.7435,28.2627],[-100.7622,28.2583],[-100.7865,28.2705],[-100.7915,28.2951]]]}},{"type":"Feature","properties":{"c":"#00ff00","v0":0.002,"v1":0.003},"geometry":{"type":"Polygon","coordinates":[[[-80.7456,28.2194],[-80.7127,28.2458],[-80.6897,28.2744],[-80.6766,28.3053],[-80.655,28.32],[-80.625,28.3186],[-80.6086,28.2944],[-80.6058,28.2473],[-80.5977,28.215],[-80.5844,28.1973],[-80.5859,28.1739],[-80.602,28.1446],[-80.6216,28.1446],[-80.6448,28.1739],[-80.6805,28.1885],[-80.7288,28.1885],[-80.7552,28.1929],[-80.7598,28.2017],[-80.7456,28.2194]]]}},{"type":"Feature","properties":{"c":"#00ff00","v0":0.002,"v1":0.003},"geometry":{"type":"Polygon","coordinates":[[[-80.7508,28.0165],[-80.7502,28.0253],[-80.7412,28.0297],[-80.7238,28.0297],[-80.7241,28.0253],[-80.742,28.0165],[-80.7508,28.0165]]]}},{"type":"Feature","properties":{"c":"#00ff00","v0":0.002,"v1":0.003},"geometry":{"type":"Polygon","coordinates":[[[-80.6868,27.8265],[-80.6745,27.8442],[-80.6682,27.8928],[-80.6679,27.9723],[-80.6433,28.0189],[-80.5944,28.0324],[-80.5594,28.0324],[-80.5382,28.0189],[-80.5114,27.9856],[-80.4789,27.9326],[-80.4603,27.8751],[-80.4555,27.8132],[-80.4624,27.775],[-80.4808,27.7604],[-80.51,27.7671],[-80.55,27.795],[-80.6,27.8066],[-80.66,27.8017],[-80.6907,27.8039],[-80.6922,27.8131],[-80.6868,27.8265]],[[-80.6109,27.8884],[-80.5986,27.9591],[-80.5818,27.9947],[-80.5606,27.9952],[-80.545,27.9809],[-80.535,27.9518],[-80.5154,27.9251],[-80.4863,27.9006],[-80.4726,27.8663],[-80.4744,27.8221],[-80.484,27.7948],[-80.5013,27.7844],[-80.5193,27.7932],[-80.538,27.8213],[-80.5647,27.8398],[-80.5996,27.8486],[-80.6109,27.8884]]]}},{"type":"Feature","properties":{"c":"#00ff00","v0":0.002,"v1":0.003},"geometry":{"type":"Polygon","coordinates":[[[-81.1325,27.9277],[-81.1175,27.9355],[-81.105,27.9265],[-81.095,27.9007],[-81.095,27.8858],[-81.105,27.8817],[-81.1175,27.8907],[-81.1325,27.9127],[-81.1325,27.9277]]]}},{"type":"Feature","properties":{"c":"#00ff00","v0":0.002,"v1":0.003},"geometry":{"type":"Polygon","coordinates":[[[-81.8808,27.7997],[-81.8736,27.8345],[-81.865,27.8517],[-81.855,27.8512],[-81.8473,27.8294],[-81.842,27.7862],[-81.8506,27.769],[-81.8731,27.7779],[-81.8808,27.7997]]]}},{"type":"Feature","properties":{"c":"#00ff00","v0":0.002,"v1":0.003},"geometry":{"type":"Polygon","coordinates":[[[-83.0061,26.9964],[-82.9936,27.0232],[-82.9693,27.0321],[-82.9333,27.0232],[-82.929,27.0022],[-82.9563,26.9692],[-82.9806,26.9603],[-83.0018,26.9755],[-83.0061,26.9964]],[[-82.9846,27.0053],[-82.9673,27.0142],[-82.9614,27.0102],[-82.9671,26.9932],[-82.9758,26.9887],[-82.9875,26.9968],[-82.9846,27.0053]]]}},{"type":"Feature","properties":{"c":"#00ff00","v0":0.002,"v1":0.003},"geometry":{"type":"Polygon","coordinates":[[[-79.3288,26.9485],[-79.3163,26.9508],[-79.3087,26.9464],[-79.3062,26.9352],[-79.3112,26.9284],[-79.3237,26.9262],[-79.3313,26.9306],[-79.3338,26.9418],[-79.3288,26.9485]]]}},{"type":"Feature","properties":{"c":"#00ff00","v0":0.002,"v1":0.003},"geometry":{"type":"Polygon","coordinates":[[[-83.3166,26.92],[-83.2855,26.901],[-83.28,26.8908],[-83.3,26.8895],[-83.3155,26.899],[-83.3266,26.9194],[-83.3166,26.92]]]}},{"type":"Feature","properties":{"c":"#00ff00","v0":0.002,"v1":0.003},"geometry":{"type":"Polygon","coordinates":[[[-83.5407,26.8107],[-83.5336,26.8227],[-83.5206,26.8272],[-83.5019,26.8241],[-83.4969,26.8064],[-83.5056,26.774],[-83.5186,26.7696],[-83.5357,26.793],[-83.5407,26.8107]]]}},{"type":"Feature","properties":{"c":"#00ff00","v0":0.002,"v1":0.003},"geometry":{"type":"Polygon","coordinates":[[[-80.8325,26.2924],[-80.8175,26.3055],[-80.8007,26.301],[-80.782,26.2789],[-80.782,26.2622],[-80.8007,26.251],[-80.8175,26.2555],[-80.8325,26.2757],[-80.8325,26.2924]],[[-80.8167,26.2868],[-80.7989,26.2889],[-80.7889,26.2844],[-80.7867,26.2734],[-80.7917,26.2657],[-80.8039,26.2614],[-80.8139,26.2658],[-80.8217,26.2791],[-80.8167,26.2868]]]}},{"type":"Feature","properties":{"c":"#00ff00","v0":0.002,"v1":0.003},"geometry":{"type":"Polygon","coordinates":[[[-80.6681,25.733],[-80.6556,25.742],[-80.6495,25.7405],[-80.6498,25.7285],[-80.6561,25.724],[-80.6682,25.727],[-80.6681,25.733]]]}},{"type":"Feature","properties":{"c":"#00ff00","v0":0.002,"v1":0.003},"geometry":{"type":"Polygon","coordinates":[[[-80.594,25.5004],[-80.5913,25.5131],[-80.58,25.5192],[-80.56,25.5189],[-80.55,25.5049],[-80.55,25.4773],[-80.5613,25.4711],[-80.584,25.4864],[-80.594,25.5004]]]}},{"type":"Feature","properties":{"c":"#00ff00","v0":0.002,"v1":0.003},"geometry":{"type":"Polygon","coordinates":[[[-80.9625,25.1349],[-80.9542,25.1398],[-80.9452,25.1353],[-80.9355,25.1213],[-80.9355,25.1121],[-80.9452,25.1076],[-80.9542,25.1121],[-80.9625,25.1257],[-80.9625,25.1349]]]}},{"type":"Feature","properties":{"c":"#00ff00","v0":0.002,"v1":0.003},"geometry":{"type":"Polygon","coordinates":[[[-81.7465,24.6425],[-81.7082,24.6789],[-81.6793,24.6986],[-81.6598,24.7018],[-81.6431,24.6973],[-81.6294,24.685],[-81.6244,24.6727],[-81.6281,24.6602],[-81.6639,24.6466],[-81.7317,24.6318],[-81.7465,24.6425]]]}},{"type":"Feature","properties":{"c":"#00ff00","v0":0.002,"v1":0.003},"geometry":{"type":"Polygon","coordinates":[[[-81.5659,24.6424],[-81.5286,24.6785],[-81.5005,24.6922],[-81.4815,24.6833],[-81.4815,24.6583],[-81.5005,24.6172],[-81.52,24.5955],[-81.54,24.5933],[-81.5586,24.6002],[-81.5759,24.6163],[-81.5659,24.6424]]]}},{"type":"Feature","properties":{"c":"#00ff00","v0":0.003,"v1":0.005},"geometry":{"type":"Polygon","coordinates":[[[-110.3103,54.8729],[-110.2834,54.8829],[-110.2595,54.8829],[-110.2385,54.8729],[-110.2435,54.862],[-110.2745,54.8504],[-110.2984,54.8504],[-110.3153,54.862],[-110.3103,54.8729]],[[-110.2962,54.8706],[-110.2787,54.8762],[-110.2642,54.8762],[-110.2526,54.8706],[-110.2576,54.8643],[-110.2792,54.8571],[-110.2937,54.8571],[-110.3012,54.8643],[-110.2962,54.8706]]]}},{"type":"Feature","properties":{"c":"#00ff00","v0":0.003,"v1":0.005},"geometry":{"type":"Polygon","coordinates":[[[-110.4003,54.7566],[-110.3934,54.7645],[-110.3832,54.7674],[-110.3695,54.7652],[-110.3645,54.7593],[-110.3682,54.7498],[-110.3784,54.7469],[-110.3953,54.7507],[-110.4003,54.7566]]]}},{"type":"Feature","properties":{"c":"#00ff00","v0":0.003,"v1":0.005},"geometry":{"type":"Polygon","coordinates":[[[-110.1033,54.7463],[-110.0944,54.7567],[-110.07,54.7601],[-110.03,54.7565],[-110.0049,54.7513],[-109.9947,54.7445],[-109.9947,54.7351],[-110.0049,54.7233],[-110.02,54.7161],[-110.04,54.7135],[-110.06,54.7143],[-110.08,54.7185],[-110.0944,54.7257],[-110.1033,54.7359],[-110.1033,54.7463]],[[-110.0691,54.741],[-110.0297,54.741],[-110.015,54.7375],[-110.025,54.7304],[-110.0447,54.7304],[-110.0741,54.7375],[-110.0691,54.741]]]}},{"type":"Feature","properties":{"c":"#00ff00","v0":0.003,"v1":0.005},"geometry":{"type":"Polygon","coordinates":[[[-110.4756,54.733],[-110.4719,54.74],[-110.4599,54.7429],[-110.4398,54.7417],[-110.4348,54.736],[-110.4449,54.7259],[-110.4569,54.723],[-110.4706,54.7273],[-110.4756,54.733]]]}},{"type":"Feature","properties":{"c":"#00ff00","v0":0.003,"v1":0.005},"geometry":{"type":"Polygon","coordinates":[[[-110.3731,54.7134],[-110.3577,54.7274],[-110.3311,54.7331],[-110.2933,54.7307],[-110.2544,54.7208],[-110.2146,54.7035],[-110.1885,54.6846],[-110.1762,54.6641],[-110.1474,54.6496],[-110.1021,54.6412],[-110.0729,54.6283],[-110.0597,54.6109],[-110.0824,54.5907],[-110.1408,54.5676],[-110.1779,54.5589],[-110.1938,54.5646],[-110.2088,54.5819],[-110.2229,54.6106],[-110.24,54.6264],[-110.26,54.6292],[-110.2736,54.6265],[-110.2807,54.618],[-110.2671,54.5993],[-110.2327,54.5704],[-110.2191,54.5505],[-110.2264,54.5397],[-110.245,54.5364],[-110.275,54.5407],[-110.3097,54.5548],[-110.3491,54.5787],[-110.3622,54.6109],[-110.349,54.6515],[-110.352,54.6804],[-110.3712,54.6977],[-110.3731,54.7134]],[[-110.3499,54.6109],[-110.3342,54.6283],[-110.3268,54.6486],[-110.3276,54.6717],[-110.3351,54.689],[-110.3494,54.7006],[-110.3499,54.7111],[-110.3366,54.7204],[-110.3,54.7166],[-110.24,54.6996],[-110.203,54.6776],[-110.1891,54.6505],[-110.1641,54.6369],[-110.128,54.6366],[-110.1012,54.6308],[-110.0835,54.6195],[-110.0785,54.6098],[-110.0862,54.6017],[-110.105,54.5979],[-110.135,54.5982],[-110.165,54.6064],[-110.195,54.6223],[-110.23,54.6317],[-110.27,54.6344],[-110.2977,54.6332],[-110.313,54.628],[-110.3059,54.6138],[-110.2766,54.5907],[-110.264,54.5735],[-110.268,54.5623],[-110.285,54.5602],[-110.315,54.5672],[-110.3369,54.5785],[-110.3508,54.5943],[-110.3499,54.6109]]]}},{"type":"Feature","properties":{"c":"#00ff00","v0":0.003,"v1":0.005},"geometry":{"type":"Polygon","coordinates":[[[-110.5594,54.6555],[-110.5398,54.6693],[-110.5191,54.6722],[-110.4972,54.6642],[-110.4922,54.6533],[-110.5041,54.6396],[-110.52,54.6329],[-110.54,54.6334],[-110.5548,54.6373],[-110.5644,54.6448],[-110.5594,54.6555]],[[-110.5491,54.6536],[-110.5364,54.6636],[-110.5227,54.6665],[-110.5081,54.6623],[-110.5031,54.6555],[-110.5077,54.6463],[-110.5214,54.6434],[-110.5441,54.6468],[-110.5491,54.6536]]]}},{"type":"Feature","properties":{"c":"#00ff00","v0":0.003,"v1":0.005},"geometry":{"type":"Polygon","coordinates":[[[-109.9624,54.6492],[-109.9408,54.6505],[-109.9288,54.6448],[-109.9265,54.6319],[-109.934,54.6254],[-109.9515,54.6254],[-109.9635,54.6312],[-109.97,54.6428],[-109.9624,54.6492]]]}},{"type":"Feature","properties":{"c":"#00ff00","v0":0.003,"v1":0.005},"geometry":{"type":"Polygon","coordinates":[[[-110.6277,54.607],[-110.6026,54.6165],[-110.5831,54.6165],[-110.5693,54.607],[-110.5693,54.5972],[-110.5831,54.5871],[-110.6026,54.5871],[-110.6277,54.5972],[-110.6277,54.607]]]}},{"type":"Feature","properties":{"c":"#00ff00","v0":0.003,"v1":0.005},"geometry":{"type":"Polygon","coordinates":[[[-110.5628,54.553],[-110.5445,54.5704],[-110.5141,54.5791],[-110.4715,54.5791],[-110.4472,54.5704],[-110.441,54.553],[-110.4495,54.5327],[-110.4726,54.5095],[-110.4656,54.4972],[-110.4285,54.496],[-110.405,54.4798],[-110.395,54.4486],[-110.38,54.4281],[-110.36,54.4182],[-110.325,54.4173],[-110.275,54.4254],[-110.24,54.4271],[-110.22,54.4223],[-110.17,54.4446],[-110.09,54.4938],[-110.015,54.5263],[-109.945,54.5419],[-109.9,54.5417],[-109.88,54.5255],[-109.8522,54.5154],[-109.8166,54.5114],[-109.7973,54.5007],[-109.7943,54.4833],[-109.7811,54.463],[-109.7576,54.4397],[-109.7419,54.4191],[-109.734,54.4012],[-109.7472,54.3837],[-109.7816,54.3667],[-109.797,54.3436],[-109.7935,54.3145],[-109.8012,54.2976],[-109.8204,54.2929],[-109.8443,54.2988],[-109.8728,54.3151],[-109.8978,54.3223],[-109.9193,54.3205],[-109.9525,54.303],[-109.9976,54.2698],[-110.0676,54.2437],[-110.1625,54.2247],[-110.2188,54.2188],[-110.2365,54.2261],[-110.2389,54.2327],[-110.2261,54.2386],[-110.2151,54.2532],[-110.206,54.2765],[-110.2186,54.292],[-110.2529,54.2996],[-110.2798,54.2996],[-110.2994,54.292],[-110.2966,54.2765],[-110.2714,54.2532],[-110.2613,54.2356],[-110.2661,54.224],[-110.2739,54.2162],[-110.2846,54.2125],[-110.32,54.2151],[-110.38,54.224],[-110.4045,54.2405],[-110.3935,54.2645],[-110.3999,54.2853],[-110.4238,54.3028],[-110.4333,54.3203],[-110.4284,54.3378],[-110.4398,54.3553],[-110.4676,54.3728],[-110.4786,54.4004],[-110.4729,54.4381],[-110.4901,54.4613],[-110.5304,54.4702],[-110.5559,54.492],[-110.5666,54.5269],[-110.5628,54.553]],[[-110.5457,54.5435],[-110.5219,54.5651],[-110.4959,54.5738],[-110.4676,54.5696],[-110.4549,54.5617],[-110.4578,54.5501],[-110.4724,54.5356],[-110.4987,54.5182],[-110.5114,54.5027],[-110.5105,54.4893],[-110.515,54.4823],[-110.525,54.4815],[-110.5369,54.494],[-110.5507,54.5198],[-110.5457,54.5435]],[[-110.4616,54.4135],[-110.4594,54.4543],[-110.4512,54.4783],[-110.4371,54.4856],[-110.4237,54.4856],[-110.4111,54.4783],[-110.4085,54.4659],[-110.4158,54.4484],[-110.4128,54.4252],[-110.3993,54.3961],[-110.402,54.3781],[-110.4207,54.3714],[-110.4382,54.3743],[-110.4545,54.3869],[-110.4616,54.4135]],[[-110.3801,54.3346],[-110.3334,54.3575],[-110.2832,54.3633],[-110.2297,54.3521],[-110.2097,54.3403],[-110.2232,54.3278],[-110.27,54.3198],[-110.35,54.316],[-110.3934,54.3164],[-110.4001,54.321],[-110.3801,54.3346]],[[-110.1775,54.3932],[-110.1665,54.4164],[-110.1325,54.4368],[-110.0755,54.4543],[-110.0419,54.4688],[-110.032,54.4804],[-110.0077,54.4823],[-109.9692,54.4744],[-109.94,54.4749],[-109.92,54.4837],[-109.9037,54.4848],[-109.8911,54.478],[-109.9018,54.4601],[-109.9358,54.431],[-109.9421,54.4056],[-109.9207,54.3838],[-109.8994,54.3692],[-109.8781,54.3619],[-109.8831,54.3569],[-109.9144,54.3544],[-109.96,54.3351],[-110.02,54.2992],[-110.0619,54.2859],[-110.0856,54.2952],[-110.1006,54.3121],[-110.1069,54.3364],[-110.1282,54.3568],[-110.1647,54.3733],[-110.1775,54.3932]],[[-110.3351,54.2544],[-110.3184,54.2569],[-110.3092,54.254],[-110.3077,54.2457],[-110.3127,54.2404],[-110.3242,54.2382],[-110.3334,54.2411],[-110.3401,54.2492],[-110.3351,54.2544]]]}},{"type":"Feature","properties":{"c":"#00ff00","v0":0.003,"v1":0.005},"geometry":{"type":"Polygon","coordinates":[[[-110.8374,54.4688],[-110.8191,54.4804],[-110.7994,54.4833],[-110.7783,54.4775],[-110.7733,54.4664],[-110.7844,54.4499],[-110.8,54.442],[-110.82,54.4427],[-110.8341,54.4481],[-110.8424,54.458],[-110.8374,54.4688]],[[-110.8269,54.4667],[-110.8156,54.4742],[-110.8026,54.4742],[-110.7879,54.4667],[-110.7879,54.4591],[-110.8026,54.4513],[-110.8156,54.4513],[-110.8269,54.4591],[-110.8269,54.4667]]]}},{"type":"Feature","properties":{"c":"#00ff00","v0":0.003,"v1":0.005},"geometry":{"type":"Polygon","coordinates":[[[-110.708,54.4135],[-110.6765,54.431],[-110.6652,54.4455],[-110.6741,54.4572],[-110.6715,54.4666],[-110.6572,54.4737],[-110.645,54.458],[-110.635,54.4195],[-110.6174,54.3926],[-110.5921,54.3775],[-110.5821,54.3645],[-110.5874,54.3538],[-110.6,54.347],[-110.62,54.3441],[-110.6534,54.3582],[-110.7003,54.3893],[-110.708,54.4135]],[[-110.6923,54.4077],[-110.6771,54.4135],[-110.6696,54.4126],[-110.6699,54.4049],[-110.6775,54.402],[-110.6924,54.4039],[-110.6923,54.4077]]]}},{"type":"Feature","properties":{"c":"#00ff00","v0":0.003,"v1":0.005},"geometry":{"type":"Polygon","coordinates":[[[-110.5597,54.4094],[-110.5532,54.4186],[-110.5382,54.4215],[-110.5146,54.4181],[-110.5096,54.4112],[-110.5232,54.4006],[-110.5382,54.3977],[-110.5547,54.4024],[-110.5597,54.4094]]]}},{"type":"Feature","properties":{"c":"#00ff00","v0":0.003,"v1":0.005},"geometry":{"type":"Polygon","coordinates":[[[-110.9926,54.3715],[-110.9775,54.3747],[-110.9669,54.3718],[-110.9607,54.3627],[-110.9657,54.3567],[-110.9819,54.3538],[-110.9925,54.3567],[-110.9976,54.3655],[-110.9926,54.3715]]]}},{"type":"Feature","properties":{"c":"#00ff00","v0":0.003,"v1":0.005},"geometry":{"type":"Polygon","coordinates":[[[-109.7288,54.3404],[-109.7163,54.3514],[-109.705,54.356],[-109.695,54.3541],[-109.6821,54.3428],[-109.6663,54.322],[-109.6613,54.3062],[-109.6671,54.2955],[-109.68,54.2899],[-109.7,54.2894],[-109.7163,54.3006],[-109.7288,54.3235],[-109.7288,54.3404]]]}},{"type":"Feature","properties":{"c":"#00ff00","v0":0.003,"v1":0.005},"geometry":{"type":"Polygon","coordinates":[[[-109.6118,54.2453],[-109.5973,54.2529],[-109.5849,54.25],[-109.5747,54.2365],[-109.5797,54.228],[-109.5999,54.2244],[-109.6123,54.2273],[-109.6168,54.2368],[-109.6118,54.2453]]]}},{"type":"Feature","properties":{"c":"#00ff00","v0":0.003,"v1":0.005},"geometry":{"type":"Polygon","coordinates":[[[-123.0946,53.6631],[-123.0649,53.6834],[-123.0304,53.6923],[-122.9911,53.6897],[-122.9331,53.6707],[-122.8564,53.6351],[-122.819,53.6025],[-122.8209,53.5728],[-122.8392,53.552],[-122.8739,53.5402],[-122.9059,53.5343],[-122.9353,53.5346],[-122.9562,53.5524],[-122.9685,53.5878],[-122.9935,53.6076],[-123.0312,53.6118],[-123.0649,53.6237],[-123.0946,53.6432],[-123.0946,53.6631]],[[-123.0595,53.659],[-123.0532,53.6712],[-123.0361,53.6771],[-123.0084,53.6768],[-122.9984,53.6683],[-123.0061,53.6515],[-123.0232,53.6456],[-123.0495,53.6505],[-123.0595,53.659]],[[-122.93,53.608],[-122.9167,53.613],[-122.9076,53.61],[-122.9028,53.5991],[-122.9078,53.5932],[-122.9226,53.5924],[-122.9317,53.5953],[-122.935,53.6021],[-122.93,53.608]]]}},{"type":"Feature","properties":{"c":"#00ff00","v0":0.003,"v1":0.005},"geometry":{"type":"Polygon","coordinates":[[[-114.3552,53.5847],[-114.2948,53.6144],[-114.221,53.6314],[-114.1337,53.6358],[-114.08,53.6464],[-114.06,53.6631],[-114.0253,53.6579],[-113.976,53.6309],[-113.9453,53.5936],[-113.9333,53.5461],[-113.9379,53.5234],[-113.9593,53.5255],[-113.975,53.5316],[-113.985,53.5418],[-113.9986,53.5408],[-114.0158,53.5285],[-114.0214,53.5134],[-114.0154,53.4956],[-114.0168,53.483],[-114.0256,53.4756],[-114.07,53.467],[-114.15,53.4573],[-114.2069,53.461],[-114.2407,53.4781],[-114.2657,53.4966],[-114.2819,53.5165],[-114.31,53.5315],[-114.35,53.5416],[-114.3738,53.5524],[-114.3815,53.564],[-114.3552,53.5847]],[[-114.3306,53.573],[-114.3035,53.5792],[-114.275,53.5925],[-114.245,53.6129],[-114.2,53.6196],[-114.14,53.6127],[-114.096,53.5994],[-114.068,53.5797],[-114.0612,53.555],[-114.0756,53.5253],[-114.0768,53.5045],[-114.0648,53.4926],[-114.0766,53.4865],[-114.1122,53.4863],[-114.145,53.4818],[-114.175,53.4732],[-114.19,53.4743],[-114.19,53.4852],[-114.1764,53.4926],[-114.1492,53.4965],[-114.1442,53.5102],[-114.1614,53.5335],[-114.2135,53.5514],[-114.3006,53.5637],[-114.3306,53.573]]]}},{"type":"Feature","properties":{"c":"#00ff00","v0":0.003,"v1":0.005},"geometry":{"type":"Polygon","coordinates":[[[-113.8233,53.5155],[-113.7878,53.5257],[-113.7611,53.5287],[-113.7434,53.5244],[-113.7302,53.5164],[-113.7215,53.5045],[-113.7254,53.4915],[-113.7418,53.4775],[-113.76,53.4694],[-113.78,53.4672],[-113.8028,53.4772],[-113.8283,53.4994],[-113.8233,53.5155]],[[-113.807,53.5141],[-113.7823,53.5213],[-113.7594,53.5183],[-113.7381,53.5051],[-113.7331,53.4934],[-113.7444,53.483],[-113.76,53.4774],[-113.78,53.4767],[-113.7973,53.4849],[-113.812,53.5019],[-113.807,53.5141]]]}},{"type":"Feature","properties":{"c":"#00ff00","v0":0.003,"v1":0.005},"geometry":{"type":"Polygon","coordinates":[[[-113.5733,53.4206],[-113.5578,53.4315],[-113.5406,53.4315],[-113.5217,53.4206],[-113.5217,53.4102],[-113.5406,53.4003],[-113.5578,53.4003],[-113.5733,53.4102],[-113.5733,53.4206]],[[-113.5584,53.4181],[-113.5528,53.4239],[-113.5447,53.4239],[-113.5341,53.4181],[-113.5369,53.4152],[-113.553,53.4152],[-113.5584,53.4181]]]}},{"type":"Feature","properties":{"c":"#00ff00","v0":0.003,"v1":0.005},"geometry":{"type":"Polygon","coordinates":[[[-113.5175,53.3491],[-113.4992,53.3602],[-113.4835,53.3602],[-113.4706,53.3491],[-113.4706,53.3386],[-113.4835,53.3288],[-113.4992,53.3288],[-113.5175,53.3386],[-113.5175,53.3491]]]}},{"type":"Feature","properties":{"c":"#00ff00","v0":0.003,"v1":0.005},"geometry":{"type":"Polygon","coordinates":[[[-107.8435,52.6613],[-107.8212,52.6688],[-107.785,52.6596],[-107.735,52.6337],[-107.69,52.6183],[-107.65,52.6134],[-107.6229,52.6135],[-107.6086,52.6185],[-107.5958,52.6302],[-107.5845,52.6484],[-107.5816,52.6657],[-107.5872,52.6822],[-107.625,52.6893],[-107.695,52.6872],[-107.744,52.6941],[-107.7719,52.7101],[-107.782,52.7242],[-107.7742,52.7363],[-107.7503,52.7522],[-107.7101,52.7718],[-107.6326,52.7537],[-107.5178,52.6977],[-107.4807,52.6514],[-107.5214,52.615],[-107.5388,52.5922],[-107.5329,52.5831],[-107.51,52.5923],[-107.47,52.6199],[-107.41,52.647],[-107.33,52.6734],[-107.291,52.6672],[-107.2929,52.6284],[-107.2798,52.5998],[-107.2516,52.5816],[-107.2356,52.5541],[-107.2319,52.5172],[-107.25,52.4977],[-107.29,52.4955],[-107.34,52.4822],[-107.4,52.4578],[-107.44,52.4468],[-107.46,52.4495],[-107.495,52.4667],[-107.545,52.4983],[-107.59,52.5094],[-107.63,52.5001],[-107.675,52.501],[-107.725,52.5122],[-107.7634,52.5284],[-107.7901,52.5497],[-107.8163,52.5846],[-107.8419,52.6332],[-107.8435,52.6613]],[[-107.7686,52.7242],[-107.7584,52.7363],[-107.7375,52.7468],[-107.7058,52.7557],[-107.6731,52.7496],[-107.6393,52.7286],[-107.6443,52.7123],[-107.6881,52.7008],[-107.7259,52.7008],[-107.7577,52.7123],[-107.7686,52.7242]],[[-107.4941,52.5359],[-107.4647,52.5601],[-107.4269,52.5723],[-107.3808,52.5724],[-107.3542,52.5603],[-107.3469,52.536],[-107.3549,52.5129],[-107.3783,52.491],[-107.405,52.4801],[-107.435,52.4804],[-107.4647,52.4913],[-107.4941,52.513],[-107.4941,52.5359]],[[-107.8199,52.6376],[-107.8133,52.6464],[-107.785,52.6394],[-107.735,52.6167],[-107.685,52.6007],[-107.635,52.5913],[-107.6103,52.5709],[-107.611,52.5395],[-107.621,52.5208],[-107.6403,52.5147],[-107.68,52.5215],[-107.74,52.5411],[-107.7833,52.5715],[-107.8099,52.6127],[-107.8199,52.6376]]]}},{"type":"Feature","properties":{"c":"#00ff00","v0":0.003,"v1":0.005},"geometry":{"type":"Polygon","coordinates":[[[-108.068,52.6705],[-108.0427,52.6724],[-108.0291,52.6663],[-108.0274,52.6523],[-108.035,52.6453],[-108.0518,52.6453],[-108.0653,52.6514],[-108.0755,52.6635],[-108.068,52.6705]]]}},{"type":"Feature","properties":{"c":"#00ff00","v0":0.003,"v1":0.005},"geometry":{"type":"Polygon","coordinates":[[[-108.13,52.555],[-108.09,52.5686],[-108.0572,52.5686],[-108.0315,52.555],[-108.0265,52.5413],[-108.0422,52.5276],[-108.075,52.5276],[-108.125,52.5413],[-108.13,52.555]],[[-108.0978,52.553],[-108.0793,52.5626],[-108.0613,52.5626],[-108.0438,52.553],[-108.0438,52.5436],[-108.0613,52.5344],[-108.0793,52.5344],[-108.0978,52.5436],[-108.0978,52.553]]]}},{"type":"Feature","properties":{"c":"#00ff00","v0":0.003,"v1":0.005},"geometry":{"type":"Polygon","coordinates":[[[-107.9731,52.5277],[-107.9577,52.5354],[-107.9448,52.5354],[-107.9345,52.5277],[-107.9345,52.518],[-107.9448,52.5062],[-107.9577,52.5062],[-107.9731,52.518],[-107.9731,52.5277]]]}},{"type":"Feature","properties":{"c":"#00ff00","v0":0.003,"v1":0.005},"geometry":{"type":"Polygon","coordinates":[[[-107.1572,52.5388],[-107.1391,52.5443],[-107.1242,52.5412],[-107.1127,52.5296],[-107.1127,52.5212],[-107.1242,52.5161],[-107.1391,52.5191],[-107.1572,52.5304],[-107.1572,52.5388]]]}},{"type":"Feature","properties":{"c":"#00ff00","v0":0.003,"v1":0.005},"geometry":{"type":"Polygon","coordinates":[[[-107.0096,52.3343],[-106.9965,52.3454],[-106.9825,52.3485],[-106.9676,52.3434],[-106.9676,52.3365],[-106.9825,52.3276],[-106.9965,52.3246],[-107.0096,52.3273],[-107.0096,52.3343]]]}},{"type":"Feature","properties":{"c":"#00ff00","v0":0.003,"v1":0.005},"geometry":{"type":"Polygon","coordinates":[[[-111.8071,52.0754],[-111.7824,52.0837],[-111.7641,52.0991],[-111.7523,52.1215],[-111.7373,52.1369],[-111.7191,52.1454],[-111.695,52.1458],[-111.665,52.138],[-111.6405,52.1246],[-111.6216,52.1054],[-111.6216,52.0873],[-111.6405,52.0702],[-111.6924,52.0641],[-111.7771,52.0688],[-111.8071,52.0754]],[[-111.7379,52.1142],[-111.7326,52.1265],[-111.7199,52.1346],[-111.7,52.1384],[-111.6784,52.1354],[-111.6553,52.1254],[-111.6395,52.1112],[-111.6309,52.0927],[-111.6375,52.0801],[-111.6592,52.0733],[-111.6877,52.0794],[-111.723,52.0985],[-111.7379,52.1142]]]}},{"type":"Feature","properties":{"c":"#00ff00","v0":0.003,"v1":0.005},"geometry":{"type":"Polygon","coordinates":[[[-107.1859,52.111],[-107.1753,52.1168],[-107.1644,52.1168],[-107.1531,52.111],[-107.1531,52.1046],[-107.1644,52.0977],[-107.1753,52.0977],[-107.1859,52.1046],[-107.1859,52.111]]]}},{"type":"Feature","properties":{"c":"#00ff00","v0":0.003,"v1":0.005},"geometry":{"type":"Polygon","coordinates":[[[-113.427,51.9164],[-113.4023,51.927],[-113.3765,51.9239],[-113.3496,51.9072],[-113.3496,51.894],[-113.3765,51.8844],[-113.4023,51.8875],[-113.427,51.9032],[-113.427,51.9164]],[[-113.4132,51.9139],[-113.3977,51.9194],[-113.3811,51.9163],[-113.3632,51.9046],[-113.3632,51.8965],[-113.3811,51.8919],[-113.3977,51.895],[-113.4132,51.9057],[-113.4132,51.9139]]]}},{"type":"Feature","properties":{"c":"#00ff00","v0":0.003,"v1":0.005},"geometry":{"type":"Polygon","coordinates":[[[-111.2929,51.9136],[-111.2776,51.9186],[-111.2668,51.9186],[-111.2604,51.9136],[-111.268,51.9111],[-111.2897,51.9111],[-111.2929,51.9136]]]}},{"type":"Feature","properties":{"c":"#00ff00","v0":0.003,"v1":0.005},"geometry":{"type":"Polygon","coordinates":[[[-111.4056,51.8908],[-111.3952,51.8995],[-111.3857,51.9026],[-111.377,51.9001],[-111.3822,51.8957],[-111.4012,51.8895],[-111.4056,51.8908]]]}},{"type":"Feature","properties":{"c":"#00ff00","v0":0.003,"v1":0.005},"geometry":{"type":"Polygon","coordinates":[[[-112.9757,51.7628],[-112.947,51.7628],[-112.942,51.7593],[-112.9607,51.7522],[-112.975,51.7522],[-112.9851,51.7593],[-112.9757,51.7628]]]}},{"type":"Feature","properties":{"c":"#00ff00","v0":0.003,"v1":0.005},"geometry":{"type":"Polygon","coordinates":[[[-111.5081,51.7415],[-111.496,51.7483],[-111.485,51.7499],[-111.475,51.746],[-111.47,51.7376],[-111.47,51.7244],[-111.4768,51.7167],[-111.4905,51.7144],[-111.5016,51.7195],[-111.5099,51.7318],[-111.5081,51.7415]]]}},{"type":"Feature","properties":{"c":"#00ff00","v0":0.003,"v1":0.005},"geometry":{"type":"Polygon","coordinates":[[[-113.4788,51.6581],[-113.4596,51.6718],[-113.4384,51.6718],[-113.4153,51.6581],[-113.4153,51.6453],[-113.4384,51.6332],[-113.4596,51.6332],[-113.4788,51.6453],[-113.4788,51.6581]],[[-113.4692,51.656],[-113.4564,51.6655],[-113.4422,51.6655],[-113.4266,51.656],[-113.4266,51.6473],[-113.4422,51.6395],[-113.4564,51.6395],[-113.4692,51.6473],[-113.4692,51.656]]]}},{"type":"Feature","properties":{"c":"#00ff00","v0":0.003,"v1":0.005},"geometry":{"type":"Polygon","coordinates":[[[-112.5227,51.6568],[-112.5009,51.6678],[-112.4641,51.6709],[-112.4124,51.6661],[-112.3924,51.6602],[-112.4041,51.6533],[-112.4409,51.6502],[-112.5027,51.6509],[-112.5227,51.6568]]]}},{"type":"Feature","properties":{"c":"#00ff00","v0":0.003,"v1":0.005},"geometry":{"type":"Polygon","coordinates":[[[-113.4206,51.6061],[-113.4135,51.6152],[-113.4,51.6208],[-113.38,51.6232],[-113.34,51.6083],[-113.28,51.576],[-113.25,51.5518],[-113.25,51.5355],[-113.26,51.5273],[-113.28,51.5272],[-113.2976,51.5364],[-113.3129,51.555],[-113.3422,51.5674],[-113.3854,51.5736],[-113.4113,51.5829],[-113.4198,51.5954],[-113.4206,51.6061]],[[-113.3957,51.6027],[-113.3786,51.6049],[-113.3635,51.6018],[-113.3506,51.5934],[-113.3556,51.5878],[-113.3785,51.5851],[-113.3936,51.5882],[-113.4007,51.5971],[-113.3957,51.6027]]]}},{"type":"Feature","properties":{"c":"#00ff00","v0":0.003,"v1":0.005},"geometry":{"type":"Polygon","coordinates":[[[-113.0726,51.5795],[-113.0575,51.5851],[-113.0445,51.5851],[-113.0334,51.5795],[-113.0334,51.5723],[-113.0445,51.5635],[-113.0575,51.5635],[-113.0726,51.5723],[-113.0726,51.5795]]]}},{"type":"Feature","properties":{"c":"#00ff00","v0":0.003,"v1":0.005},"geometry":{"type":"Polygon","coordinates":[[[-113.7843,51.3993],[-113.772,51.418],[-113.771,51.4398],[-113.7813,51.4647],[-113.7829,51.4834],[-113.7757,51.4959],[-113.7566,51.5014],[-113.7255,51.5],[-113.69,51.5067],[-113.65,51.5213],[-113.6246,51.5251],[-113.6138,51.5181],[-113.6087,51.5021],[-113.6094,51.4772],[-113.622,51.4585],[-113.6465,51.446],[-113.6638,51.4273],[-113.6738,51.4024],[-113.7016,51.3856],[-113.7472,51.3769],[-113.7751,51.3769],[-113.7853,51.3856],[-113.7843,51.3993]],[[-113.6858,51.4877],[-113.6619,51.5086],[-113.6439,51.518],[-113.6317,51.5157],[-113.6317,51.5048],[-113.6439,51.4854],[-113.6619,51.4761],[-113.6858,51.4768],[-113.6858,51.4877]]]}},{"type":"Feature","properties":{"c":"#00ff00","v0":0.003,"v1":0.005},"geometry":{"type":"Polygon","coordinates":[[[-113.6704,51.3243],[-113.6529,51.368],[-113.6106,51.4054],[-113.5435,51.4365],[-113.49,51.4346],[-113.45,51.3997],[-113.395,51.3895],[-113.325,51.4042],[-113.25,51.3938],[-113.17,51.3584],[-113.11,51.3412],[-113.07,51.342],[-113.03,51.3479],[-112.99,51.3588],[-112.9487,51.355],[-112.9061,51.3367],[-112.8911,51.322],[-112.9037,51.311],[-112.945,51.3035],[-113.015,51.2995],[-113.0589,51.2799],[-113.0766,51.2449],[-113.1102,51.2242],[-113.1595,51.218],[-113.2044,51.2023],[-113.2448,51.1772],[-113.2645,51.1521],[-113.2634,51.127],[-113.2747,51.1108],[-113.2982,51.1034],[-113.34,51.1139],[-113.4,51.1423],[-113.432,51.1679],[-113.436,51.1908],[-113.4293,51.2274],[-113.4119,51.2774],[-113.4099,51.3138],[-113.4233,51.3364],[-113.435,51.3481],[-113.445,51.349],[-113.4541,51.3439],[-113.4622,51.3329],[-113.4658,51.3181],[-113.4649,51.2993],[-113.4808,51.2891],[-113.5136,51.2875],[-113.55,51.2706],[-113.59,51.2386],[-113.62,51.226],[-113.64,51.2329],[-113.6573,51.2529],[-113.6719,51.2859],[-113.6704,51.3243]],[[-113.4114,51.2229],[-113.3971,51.2391],[-113.38,51.2491],[-113.36,51.2529],[-113.3392,51.248],[-113.3176,51.2342],[-113.309,51.2211],[-113.3132,51.2086],[-113.329,51.1961],[-113.3563,51.1836],[-113.38,51.18],[-113.4,51.1852],[-113.4121,51.1946],[-113.4164,51.2081],[-113.4114,51.2229]],[[-113.3236,51.3423],[-113.3145,51.3471],[-113.3038,51.3471],[-113.2914,51.3423],[-113.2914,51.3354],[-113.3038,51.3262],[-113.3145,51.3262],[-113.3236,51.3354],[-113.3236,51.3423]],[[-113.1845,51.2951],[-113.1748,51.3054],[-113.1589,51.3085],[-113.1366,51.3045],[-113.1316,51.298],[-113.1439,51.2892],[-113.1598,51.2861],[-113.1795,51.2887],[-113.1845,51.2951]],[[-113.6454,51.3181],[-113.6268,51.3243],[-113.6073,51.3181],[-113.5869,51.2993],[-113.585,51.2805],[-113.6017,51.2617],[-113.6212,51.2679],[-113.6436,51.2993],[-113.6454,51.3181]],[[-113.5999,51.3808],[-113.58,51.3875],[-113.5606,51.3813],[-113.5418,51.3621],[-113.5418,51.3509],[-113.5606,51.3478],[-113.58,51.3541],[-113.5999,51.3696],[-113.5999,51.3808]]]}},{"type":"Feature","properties":{"c":"#00ff00","v0":0.003,"v1":0.005},"geometry":{"type":"Polygon","coordinates":[[[-111.6127,51.2828],[-111.5976,51.2935],[-111.5808,51.2935],[-111.5623,51.2828],[-111.5623,51.272],[-111.5808,51.2613],[-111.5976,51.2613],[-111.6127,51.272],[-111.6127,51.2828]]]}},{"type":"Feature","properties":{"c":"#00ff00","v0":0.003,"v1":0.005},"geometry":{"type":"Polygon","coordinates":[[[-109.232,51.2891],[-109.204,51.2875],[-109.1868,51.2812],[-109.1804,51.2703],[-109.1854,51.2644],[-109.2018,51.2633],[-109.219,51.2696],[-109.237,51.2831],[-109.232,51.2891]]]}},{"type":"Feature","properties":{"c":"#00ff00","v0":0.003,"v1":0.005},"geometry":{"type":"Polygon","coordinates":[[[-106.7895,51.2399],[-106.7782,51.2399],[-106.7743,51.2367],[-106.7776,51.2305],[-106.7832,51.2305],[-106.7911,51.2367],[-106.7895,51.2399]]]}},{"type":"Feature","properties":{"c":"#00ff00","v0":0.003,"v1":0.005},"geometry":{"type":"Polygon","coordinates":[[[-115.2219,51.1839],[-115.214,51.1971],[-115.195,51.205],[-115.165,51.2074],[-115.13,51.1966],[-115.09,51.1725],[-115.0606,51.1458],[-115.0419,51.1166],[-115.0419,51.0895],[-115.0606,51.0646],[-115.0879,51.0552],[-115.1236,51.0612],[-115.1399,51.0768],[-115.1368,51.1019],[-115.1579,51.1302],[-115.2032,51.1615],[-115.2219,51.1839]],[[-115.2011,51.182],[-115.1937,51.1916],[-115.18,51.1963],[-115.16,51.1963],[-115.1337,51.1852],[-115.1012,51.1632],[-115.0759,51.1396],[-115.0578,51.1145],[-115.0541,51.0959],[-115.0647,51.0839],[-115.0788,51.0776],[-115.0964,51.0771],[-115.1027,51.0862],[-115.0978,51.1051],[-115.1227,51.1302],[-115.1774,51.1615],[-115.2011,51.182]]]}},{"type":"Feature","properties":{"c":"#00ff00","v0":0.003,"v1":0.005},"geometry":{"type":"Polygon","coordinates":[[[-105.9555,51.168],[-105.9385,51.1747],[-105.9276,51.1716],[-105.9227,51.1586],[-105.9277,51.1507],[-105.9426,51.1478],[-105.9535,51.1509],[-105.9605,51.1601],[-105.9555,51.168]]]}},{"type":"Feature","properties":{"c":"#00ff00","v0":0.003,"v1":0.005},"geometry":{"type":"Polygon","coordinates":[[[-115.3315,51.1116],[-115.3038,51.1309],[-115.2818,51.1403],[-115.2654,51.1398],[-115.2604,51.1295],[-115.2668,51.1092],[-115.285,51.0965],[-115.315,51.0916],[-115.3338,51.0923],[-115.3415,51.0987],[-115.3315,51.1116]]]}},{"type":"Feature","properties":{"c":"#00ff00","v0":0.003,"v1":0.005},"geometry":{"type":"Polygon","coordinates":[[[-113.4946,51.1295],[-113.4649,51.1343],[-113.4457,51.1249],[-113.437,51.1012],[-113.447,51.0869],[-113.4757,51.0818],[-113.4949,51.0912],[-113.5046,51.1151],[-113.4946,51.1295]]]}},{"type":"Feature","properties":{"c":"#00ff00","v0":0.003,"v1":0.005},"geometry":{"type":"Polygon","coordinates":[[[-113.4065,51.0799],[-113.3955,51.0862],[-113.38,51.0819],[-113.36,51.0672],[-113.3351,51.0578],[-113.3054,51.0537],[-113.3104,51.0364],[-113.3501,51.0059],[-113.38,50.9964],[-113.4,51.0081],[-113.4105,51.0296],[-113.4115,51.0611],[-113.4065,51.0799]]]}},{"type":"Feature","properties":{"c":"#00ff00","v0":0.003,"v1":0.005},"geometry":{"type":"Polygon","coordinates":[[[-119.4419,51.0422],[-119.434,51.0486],[-119.4267,51.0486],[-119.4201,51.0422],[-119.424,51.0391],[-119.4386,51.0391],[-119.4419,51.0422]]]}},{"type":"Feature","properties":{"c":"#00ff00","v0":0.003,"v1":0.005},"geometry":{"type":"Polygon","coordinates":[[[-115.3746,51.0448],[-115.3582,51.0562],[-115.3401,51.0593],[-115.3202,51.0542],[-115.3152,51.0442],[-115.3251,51.0293],[-115.3432,51.0261],[-115.3696,51.0348],[-115.3746,51.0448]]]}},{"type":"Feature","properties":{"c":"#00ff00","v0":0.003,"v1":0.005},"geometry":{"type":"Polygon","coordinates":[[[-105.2102,50.9826],[-105.1967,50.9956],[-105.18,50.9998],[-105.16,50.9953],[-105.1458,50.9857],[-105.1375,50.9709],[-105.1375,50.957],[-105.1458,50.9438],[-105.155,50.9352],[-105.165,50.9312],[-105.1817,50.9409],[-105.2052,50.9644],[-105.2102,50.9826]],[[-105.1893,50.9795],[-105.1764,50.9863],[-105.165,50.9826],[-105.155,50.9684],[-105.155,50.9586],[-105.165,50.9532],[-105.1764,50.9569],[-105.1893,50.9697],[-105.1893,50.9795]]]}},{"type":"Feature","properties":{"c":"#00ff00","v0":0.003,"v1":0.005},"geometry":{"type":"Polygon","coordinates":[[[-119.4457,50.9796],[-119.4352,50.9865],[-119.4244,50.9865],[-119.4133,50.9796],[-119.4133,50.9737],[-119.4244,50.9689],[-119.4352,50.9689],[-119.4457,50.9737],[-119.4457,50.9796]]]}},{"type":"Feature","properties":{"c":"#00ff00","v0":0.003,"v1":0.005},"geometry":{"type":"Polygon","coordinates":[[[-113.9885,50.9037],[-113.9666,50.9352],[-113.9342,50.962],[-113.8914,50.984],[-113.845,50.9918],[-113.795,50.9852],[-113.7664,50.9678],[-113.7593,50.9398],[-113.7643,50.9161],[-113.7814,50.8968],[-113.835,50.8826],[-113.925,50.8735],[-113.9774,50.8737],[-113.9921,50.8832],[-113.9885,50.9037]],[[-113.8668,50.968],[-113.8556,50.9769],[-113.8426,50.98],[-113.8279,50.9775],[-113.8229,50.9719],[-113.8276,50.9635],[-113.8406,50.9603],[-113.8618,50.9625],[-113.8668,50.968]],[[-113.9219,50.9215],[-113.9006,50.9382],[-113.886,50.9413],[-113.8781,50.9309],[-113.8779,50.9194],[-113.8853,50.9068],[-113.8988,50.9005],[-113.9183,50.9005],[-113.9291,50.9037],[-113.9314,50.91],[-113.9219,50.9215]],[[-113.827,50.9158],[-113.8157,50.921],[-113.8083,50.921],[-113.8049,50.9158],[-113.8049,50.9105],[-113.8083,50.9051],[-113.8157,50.9051],[-113.827,50.9105],[-113.827,50.9158]]]}},{"type":"Feature","properties":{"c":"#00ff00","v0":0.003,"v1":0.005},"geometry":{"type":"Polygon","coordinates":[[[-113.4269,50.9636],[-113.4094,50.9636],[-113.408,50.9601],[-113.4227,50.9532],[-113.4314,50.9532],[-113.4343,50.9601],[-113.4269,50.9636]]]}},{"type":"Feature","properties":{"c":"#00ff00","v0":0.003,"v1":0.005},"geometry":{"type":"Polygon","coordinates":[[[-113.0313,50.9174],[-113.0171,50.926],[-113.0015,50.926],[-112.9845,50.9174],[-112.9845,50.9081],[-113.0015,50.8981],[-113.0171,50.8981],[-113.0313,50.9081],[-113.0313,50.9174]]]}},{"type":"Feature","properties":{"c":"#00ff00","v0":0.003,"v1":0.005},"geometry":{"type":"Polygon","coordinates":[[[-104.1213,50.9273],[-104.1004,50.9305],[-104.0886,50.9273],[-104.0857,50.9179],[-104.0907,50.9103],[-104.1036,50.9045],[-104.1154,50.9077],[-104.1263,50.9197],[-104.1213,50.9273]]]}},{"type":"Feature","properties":{"c":"#00ff00","v0":0.003,"v1":0.005},"geometry":{"type":"Polygon","coordinates":[[[-103.9983,50.8951],[-103.9794,50.9096],[-103.9603,50.9127],[-103.941,50.9046],[-103.936,50.8941],[-103.9453,50.8813],[-103.9644,50.8781],[-103.9933,50.8846],[-103.9983,50.8951]],[[-103.992,50.8915],[-103.9907,50.8988],[-103.9791,50.9019],[-103.9573,50.901],[-103.9473,50.8967],[-103.9491,50.8892],[-103.9607,50.886],[-103.982,50.8873],[-103.992,50.8915]]]}},{"type":"Feature","properties":{"c":"#00ff00","v0":0.003,"v1":0.005},"geometry":{"type":"Polygon","coordinates":[[[-105.6964,50.643],[-105.6788,50.6594],[-105.655,50.6679],[-105.625,50.6687],[-105.6035,50.6859],[-105.5906,50.7195],[-105.5798,50.7647],[-105.571,50.8216],[-105.5892,50.8564],[-105.6344,50.869],[-105.6604,50.8816],[-105.6672,50.8942],[-105.6654,50.9036],[-105.6551,50.9098],[-105.63,50.9082],[-105.59,50.8989],[-105.55,50.8951],[-105.51,50.8969],[-105.4794,50.8922],[-105.4581,50.8809],[-105.4481,50.8626],[-105.4494,50.8373],[-105.41,50.8243],[-105.33,50.8238],[-105.28,50.8141],[-105.26,50.7952],[-105.235,50.7834],[-105.205,50.7784],[-105.179,50.785],[-105.1571,50.8031],[-105.1421,50.8237],[-105.134,50.8467],[-105.115,50.8573],[-105.085,50.8555],[-105.06,50.8391],[-105.04,50.808],[-105.015,50.8068],[-104.985,50.8354],[-104.9616,50.8339],[-104.9447,50.8026],[-104.9489,50.7774],[-104.9742,50.7584],[-104.9833,50.7394],[-104.9762,50.7204],[-104.979,50.7046],[-104.9917,50.6919],[-104.996,50.6753],[-104.992,50.6546],[-105.01,50.6458],[-105.05,50.649],[-105.0722,50.6466],[-105.0767,50.6388],[-105.0517,50.6334],[-104.9972,50.6304],[-104.96,50.6199],[-104.94,50.602],[-104.915,50.604],[-104.885,50.6259],[-104.85,50.6325],[-104.81,50.624],[-104.77,50.6209],[-104.73,50.6231],[-104.69,50.6406],[-104.65,50.6732],[-104.6,50.693],[-104.54,50.7001],[-104.495,50.7096],[-104.465,50.7215],[-104.43,50.7262],[-104.39,50.7238],[-104.35,50.7283],[-104.31,50.7397],[-104.2718,50.7305],[-104.2354,50.7006],[-104.2204,50.6811],[-104.2268,50.6722],[-104.25,50.6651],[-104.29,50.6598],[-104.335,50.6458],[-104.385,50.6229],[-104.445,50.6202],[-104.515,50.6377],[-104.5733,50.634],[-104.62,50.6092],[-104.6429,50.5873],[-104.6419,50.5682],[-104.631,50.546],[-104.6102,50.5206],[-104.5853,50.5015],[-104.5563,50.4888],[-104.5452,50.4728],[-104.5521,50.4537],[-104.5473,50.4346],[-104.5309,50.4155],[-104.533,50.3964],[-104.5536,50.3773],[-104.5476,50.3486],[-104.5149,50.3103],[-104.5035,50.2847],[-104.5135,50.2719],[-104.5463,50.2596],[-104.6021,50.2478],[-104.6394,50.2446],[-104.6583,50.25],[-104.6726,50.2719],[-104.6824,50.3103],[-104.703,50.3448],[-104.7343,50.3756],[-104.765,50.3803],[-104.795,50.359],[-104.83,50.3501],[-104.87,50.3533],[-104.894,50.3518],[-104.902,50.3454],[-104.8934,50.3358],[-104.8681,50.323],[-104.8525,50.3071],[-104.8466,50.2879],[-104.8502,50.2744],[-104.8634,50.2664],[-104.893,50.2696],[-104.939,50.2839],[-104.9632,50.2975],[-104.9656,50.3103],[-104.9602,50.323],[-104.9469,50.3358],[-104.9477,50.3458],[-104.9626,50.3531],[-104.995,50.3549],[-105.045,50.3511],[-105.09,50.3535],[-105.13,50.3622],[-105.1643,50.3605],[-105.193,50.3483],[-105.203,50.3318],[-105.1943,50.311],[-105.2,50.2983],[-105.22,50.2937],[-105.235,50.294],[-105.245,50.2992],[-105.2632,50.3215],[-105.2896,50.3608],[-105.2896,50.3949],[-105.2632,50.4237],[-105.2285,50.4492],[-105.1856,50.4713],[-105.1805,50.4983],[-105.2133,50.5301],[-105.2271,50.565],[-105.2218,50.6031],[-105.2369,50.6394],[-105.2723,50.6738],[-105.295,50.6921],[-105.305,50.6943],[-105.313,50.6866],[-105.3191,50.669],[-105.3197,50.6476],[-105.3149,50.6222],[-105.3216,50.6063],[-105.3399,50.6],[-105.3642,50.5981],[-105.3947,50.6007],[-105.415,50.6188],[-105.425,50.6524],[-105.445,50.6695],[-105.475,50.6699],[-105.495,50.6758],[-105.505,50.6871],[-105.5248,50.6878],[-105.5544,50.6779],[-105.56,50.6634],[-105.5416,50.6444],[-105.5368,50.6328],[-105.5456,50.6285],[-105.565,50.6288],[-105.595,50.6337],[-105.63,50.6318],[-105.67,50.6233],[-105.6938,50.623],[-105.7014,50.6309],[-105.6964,50.643]],[[-105.5606,50.7268],[-105.5503,50.7584],[-105.549,50.7869],[-105.5568,50.8121],[-105.5546,50.8343],[-105.5425,50.8532],[-105.5298,50.8642],[-105.5166,50.8671],[-105.4969,50.8514],[-105.4707,50.8168],[-105.4679,50.7932],[-105.4885,50.7805],[-105.5066,50.7599],[-105.5222,50.7312],[-105.5389,50.7154],[-105.5568,50.7124],[-105.5606,50.7268]],[[-105.4547,50.7394],[-105.4516,50.7458],[-105.445,50.7467],[-105.435,50.742],[-105.435,50.735],[-105.445,50.7256],[-105.4516,50.7248],[-105.4547,50.7324],[-105.4547,50.7394]],[[-105.4199,50.7938],[-105.4,50.8075],[-105.37,50.8099],[-105.33,50.8009],[-105.3061,50.7876],[-105.2983,50.7703],[-105.3083,50.7445],[-105.3361,50.7102],[-105.3592,50.6944],[-105.3775,50.697],[-105.3843,50.7109],[-105.3795,50.7363],[-105.3903,50.7584],[-105.4167,50.7774],[-105.4199,50.7938]],[[-105.2777,50.7281],[-105.2726,50.7371],[-105.255,50.741],[-105.225,50.7399],[-105.1982,50.7322],[-105.1747,50.718],[-105.1547,50.6981],[-105.1382,50.6723],[-105.135,50.6561],[-105.145,50.6495],[-105.16,50.6484],[-105.18,50.6531],[-105.2126,50.6725],[-105.2577,50.7066],[-105.2777,50.7281]],[[-105.1117,50.8374],[-105.0978,50.8374],[-105.0957,50.8313],[-105.1052,50.8192],[-105.1121,50.8192],[-105.1164,50.8313],[-105.1117,50.8374]],[[-105.1377,50.7393],[-105.0926,50.7454],[-105.0656,50.7422],[-105.0567,50.7298],[-105.0667,50.7154],[-105.0956,50.699],[-105.1226,50.7022],[-105.1477,50.7249],[-105.1377,50.7393]],[[-105.009,50.4442],[-104.9894,50.4442],[-104.9802,50.441],[-104.9816,50.4346],[-104.9914,50.4346],[-105.0097,50.441],[-105.009,50.4442]],[[-104.8535,50.6007],[-104.8378,50.6086],[-104.81,50.6104],[-104.77,50.6059],[-104.7381,50.5956],[-104.7144,50.5795],[-104.7144,50.5662],[-104.7381,50.5558],[-104.77,50.553],[-104.81,50.5576],[-104.8378,50.5691],[-104.8535,50.5876],[-104.8535,50.6007]],[[-104.6519,50.6523],[-104.6373,50.6617],[-104.6219,50.6617],[-104.6057,50.6523],[-104.6057,50.6427],[-104.6219,50.6329],[-104.6373,50.6329],[-104.6519,50.6427],[-104.6519,50.6523]],[[-104.4947,50.684],[-104.4516,50.7063],[-104.4179,50.7126],[-104.3937,50.703],[-104.3774,50.6888],[-104.3691,50.6697],[-104.3812,50.6535],[-104.4137,50.6402],[-104.4516,50.6433],[-104.4947,50.6631],[-104.4947,50.684]],[[-105.246,50.387],[-105.2353,50.4002],[-105.2261,50.4002],[-105.2184,50.387],[-105.2184,50.3771],[-105.2261,50.3704],[-105.2353,50.3704],[-105.246,50.3771],[-105.246,50.387]],[[-105.2012,50.5778],[-105.1946,50.5905],[-105.1809,50.6009],[-105.1603,50.609],[-105.1291,50.609],[-105.0872,50.6009],[-105.0636,50.5905],[-105.0583,50.5778],[-105.0714,50.5587],[-105.1028,50.5333],[-105.1114,50.5138],[-105.0971,50.5001],[-105.0964,50.4938],[-105.1092,50.4947],[-105.1378,50.5142],[-105.1823,50.5523],[-105.2012,50.5778]],[[-105.1283,50.7827],[-105.1161,50.7997],[-105.11,50.8003],[-105.11,50.7845],[-105.1161,50.776],[-105.1283,50.7748],[-105.1283,50.7827]],[[-104.7353,50.5],[-104.7184,50.5098],[-104.705,50.505],[-104.695,50.4856],[-104.695,50.4745],[-104.705,50.4718],[-104.7184,50.4766],[-104.7353,50.4889],[-104.7353,50.5]],[[-105.0969,50.389],[-105.079,50.4062],[-105.055,50.4105],[-105.025,50.4021],[-104.9712,50.4062],[-104.8937,50.4231],[-104.8493,50.4346],[-104.8379,50.441],[-104.8386,50.4537],[-104.8513,50.4728],[-104.8457,50.4869],[-104.8219,50.496],[-104.79,50.487],[-104.75,50.4597],[-104.715,50.4464],[-104.685,50.447],[-104.6651,50.4497],[-104.6553,50.4545],[-104.6511,50.4697],[-104.6525,50.4951],[-104.6474,50.5083],[-104.6358,50.5092],[-104.617,50.4965],[-104.5909,50.4701],[-104.6002,50.4346],[-104.6448,50.39],[-104.6428,50.3621],[-104.5943,50.351],[-104.5585,50.3287],[-104.5354,50.2951],[-104.5554,50.2721],[-104.6185,50.2598],[-104.6533,50.263],[-104.66,50.2817],[-104.65,50.2929],[-104.6233,50.2966],[-104.608,50.303],[-104.604,50.3121],[-104.619,50.323],[-104.653,50.3357],[-104.6711,50.3485],[-104.6734,50.3613],[-104.6984,50.3804],[-104.7461,50.4059],[-104.775,50.4185],[-104.785,50.4182],[-104.7924,50.4087],[-104.7973,50.3899],[-104.8073,50.3756],[-104.8224,50.3659],[-104.87,50.3646],[-104.95,50.3716],[-105.01,50.3714],[-105.05,50.364],[-105.079,50.3653],[-105.0969,50.3754],[-105.0969,50.389]],[[-104.947,50.3103],[-104.9376,50.323],[-104.9271,50.3295],[-104.9157,50.3297],[-104.903,50.3265],[-104.889,50.3199],[-104.8812,50.3103],[-104.8796,50.2975],[-104.8866,50.288],[-104.9022,50.2818],[-104.9204,50.285],[-104.9413,50.2976],[-104.947,50.3103]],[[-104.5887,50.4086],[-104.5762,50.4138],[-104.5646,50.4138],[-104.5537,50.4086],[-104.5537,50.4012],[-104.5646,50.3916],[-104.5762,50.3916],[-104.5887,50.4012],[-104.5887,50.4086]]]}},{"type":"Feature","properties":{"c":"#00ff00","v0":0.003,"v1":0.005},"geometry":{"type":"Polygon","coordinates":[[[-102.531,50.8686],[-102.517,50.8806],[-102.5,50.8877],[-102.48,50.89],[-102.46,50.8891],[-102.44,50.885],[-102.4261,50.8779],[-102.4182,50.8677],[-102.4282,50.8544],[-102.4561,50.8379],[-102.4818,50.8316],[-102.5053,50.8355],[-102.5223,50.8437],[-102.5328,50.8564],[-102.531,50.8686]],[[-102.5103,50.8679],[-102.4834,50.8783],[-102.4595,50.8783],[-102.4385,50.8679],[-102.4385,50.8565],[-102.4595,50.844],[-102.48,50.8394],[-102.5,50.8425],[-102.5134,50.8488],[-102.5203,50.858],[-102.5103,50.8679]]]}},{"type":"Feature","properties":{"c":"#00ff00","v0":0.003,"v1":0.005},"geometry":{"type":"Polygon","coordinates":[[[-115.0584,50.8287],[-115.0395,50.8365],[-115.0092,50.8365],[-114.9675,50.8287],[-114.9675,50.817],[-115.0092,50.8014],[-115.0395,50.8014],[-115.0584,50.817],[-115.0584,50.8287]]]}},{"type":"Feature","properties":{"c":"#00ff00","v0":0.003,"v1":0.005},"geometry":{"type":"Polygon","coordinates":[[[-111.0671,50.8294],[-111.0424,50.8386],[-111.017,50.8386],[-110.9911,50.8294],[-110.9791,50.8153],[-110.981,50.7963],[-110.9939,50.7737],[-111.018,50.7473],[-111.0397,50.7378],[-111.0591,50.7452],[-111.0715,50.7679],[-111.0768,50.8058],[-111.0671,50.8294]],[[-111.0567,50.8162],[-111.0522,50.8242],[-111.0377,50.8273],[-111.0132,50.8256],[-111.0032,50.8137],[-111.0077,50.7914],[-111.015,50.779],[-111.025,50.7763],[-111.0372,50.7842],[-111.0517,50.8028],[-111.0567,50.8162]]]}},{"type":"Feature","properties":{"c":"#00ff00","v0":0.003,"v1":0.005},"geometry":{"type":"Polygon","coordinates":[[[-106.2846,50.7565],[-106.2749,50.7716],[-106.25,50.7835],[-106.21,50.7922],[-106.185,50.8049],[-106.175,50.8216],[-106.16,50.8331],[-106.14,50.8396],[-106.1,50.8427],[-106.04,50.8423],[-105.97,50.8348],[-105.89,50.8201],[-105.83,50.8187],[-105.79,50.8305],[-105.7627,50.8303],[-105.7481,50.8182],[-105.7581,50.8029],[-105.7927,50.7845],[-105.81,50.7675],[-105.81,50.7521],[-105.855,50.7368],[-105.945,50.7216],[-106.055,50.7137],[-106.185,50.7132],[-106.2599,50.722],[-106.2796,50.7399],[-106.2846,50.7565]],[[-106.2658,50.7568],[-106.2419,50.7725],[-106.199,50.7756],[-106.137,50.7663],[-106.112,50.7776],[-106.124,50.8098],[-106.105,50.821],[-106.055,50.8112],[-106.01,50.81],[-105.97,50.8174],[-105.9422,50.8189],[-105.9265,50.8144],[-105.9073,50.7995],[-105.8846,50.7742],[-105.8775,50.7576],[-105.8858,50.7498],[-105.92,50.7397],[-105.98,50.7274],[-106.03,50.7246],[-106.07,50.7314],[-106.125,50.7309],[-106.195,50.7229],[-106.2419,50.7264],[-106.2658,50.7414],[-106.2658,50.7568]]]}},{"type":"Feature","properties":{"c":"#00ff00","v0":0.003,"v1":0.005},"geometry":{"type":"Polygon","coordinates":[[[-101.2609,50.7338],[-101.2536,50.7543],[-101.24,50.7671],[-101.22,50.7721],[-101.195,50.7615],[-101.165,50.7353],[-101.145,50.7238],[-101.135,50.7272],[-101.1384,50.7371],[-101.1553,50.7534],[-101.1652,50.7774],[-101.168,50.809],[-101.1595,50.8284],[-101.1398,50.8357],[-101.1,50.8173],[-101.04,50.7732],[-101.0,50.7291],[-100.98,50.6849],[-100.94,50.6503],[-100.88,50.6255],[-100.825,50.6159],[-100.775,50.6215],[-100.7425,50.6111],[-100.7275,50.5846],[-100.7525,50.5665],[-100.8175,50.5567],[-100.87,50.5399],[-100.91,50.5162],[-100.98,50.5021],[-101.08,50.4978],[-101.1371,50.5018],[-101.1512,50.5143],[-101.1553,50.5492],[-101.1496,50.6063],[-101.1567,50.6444],[-101.1766,50.6634],[-101.203,50.6793],[-101.2358,50.6919],[-101.2553,50.7046],[-101.2614,50.7173],[-101.2609,50.7338]],[[-101.1459,50.8154],[-101.1353,50.822],[-101.1229,50.822],[-101.1088,50.8154],[-101.0988,50.7992],[-101.0929,50.7734],[-101.1,50.7625],[-101.12,50.7666],[-101.1353,50.7796],[-101.1459,50.8013],[-101.1459,50.8154]],[[-101.2347,50.7157],[-101.2182,50.7253],[-101.2019,50.7221],[-101.1858,50.7062],[-101.1858,50.6971],[-101.2019,50.6948],[-101.2182,50.698],[-101.2347,50.7066],[-101.2347,50.7157]],[[-101.12,50.5536],[-101.1133,50.5688],[-101.1,50.5805],[-101.08,50.5888],[-101.06,50.5931],[-101.04,50.5935],[-101.017,50.5882],[-100.9909,50.577],[-100.9815,50.5619],[-100.9886,50.5428],[-101.0066,50.5279],[-101.0355,50.5171],[-101.065,50.5135],[-101.095,50.5171],[-101.1133,50.5257],[-101.12,50.5392],[-101.12,50.5536]]]}},{"type":"Feature","properties":{"c":"#00ff00","v0":0.003,"v1":0.005},"geometry":{"type":"Polygon","coordinates":[[[-104.1885,50.7746],[-104.1495,50.8008],[-104.1051,50.8134],[-104.0553,50.8126],[-104.0353,50.8053],[-104.0451,50.7917],[-104.0708,50.7759],[-104.1125,50.7579],[-104.1475,50.7475],[-104.1758,50.7448],[-104.1945,50.7479],[-104.2035,50.757],[-104.1885,50.7746]]]}},{"type":"Feature","properties":{"c":"#00ff00","v0":0.003,"v1":0.005},"geometry":{"type":"Polygon","coordinates":[[[-119.3475,50.7624],[-119.3358,50.7639],[-119.3287,50.7608],[-119.3261,50.7529],[-119.3311,50.7483],[-119.3437,50.7472],[-119.3508,50.7504],[-119.3525,50.7578],[-119.3475,50.7624]]]}},{"type":"Feature","properties":{"c":"#00ff00","v0":0.003,"v1":0.005},"geometry":{"type":"Polygon","coordinates":[[[-111.1251,50.7162],[-111.115,50.7267],[-111.105,50.7308],[-111.095,50.7286],[-111.095,50.7175],[-111.105,50.6975],[-111.115,50.6933],[-111.1251,50.7051],[-111.1251,50.7162]]]}},{"type":"Feature","properties":{"c":"#00ff00","v0":0.003,"v1":0.005},"geometry":{"type":"Polygon","coordinates":[[[-98.2764,50.726],[-98.2588,50.7308],[-98.2462,50.7276],[-98.2386,50.7165],[-98.2436,50.7085],[-98.2612,50.7037],[-98.2738,50.7069],[-98.2814,50.718],[-98.2764,50.726]]]}},{"type":"Feature","properties":{"c":"#00ff00","v0":0.003,"v1":0.005},"geometry":{"type":"Polygon","coordinates":[[[-101.8703,50.6539],[-101.8436,50.6666],[-101.8318,50.6793],[-101.8349,50.6919],[-101.8298,50.7001],[-101.8166,50.7038],[-101.8146,50.7007],[-101.8238,50.6906],[-101.8229,50.6824],[-101.8121,50.6761],[-101.7795,50.6697],[-101.7252,50.6634],[-101.6947,50.6476],[-101.6879,50.6222],[-101.6909,50.6042],[-101.7036,50.5935],[-101.725,50.5874],[-101.755,50.5858],[-101.7984,50.6006],[-101.8552,50.6319],[-101.8703,50.6539]],[[-101.8018,50.6498],[-101.7406,50.6542],[-101.7077,50.6446],[-101.703,50.6212],[-101.713,50.6065],[-101.7377,50.6005],[-101.7706,50.6101],[-101.8118,50.6351],[-101.8018,50.6498]]]}},{"type":"Feature","properties":{"c":"#00ff00","v0":0.003,"v1":0.005},"geometry":{"type":"Polygon","coordinates":[[[-105.9067,50.6771],[-105.8956,50.6855],[-105.8815,50.6855],[-105.8646,50.6771],[-105.8646,50.6685],[-105.8815,50.6595],[-105.8956,50.6595],[-105.9067,50.6685],[-105.9067,50.6771]]]}},{"type":"Feature","properties":{"c":"#00ff00","v0":0.003,"v1":0.005},"geometry":{"type":"Polygon","coordinates":[[[-111.1732,50.6374],[-111.1711,50.6426],[-111.1642,50.6426],[-111.1525,50.6374],[-111.1535,50.6349],[-111.1674,50.6349],[-111.1732,50.6374]]]}},{"type":"Feature","properties":{"c":"#00ff00","v0":0.003,"v1":0.005},"geometry":{"type":"Polygon","coordinates":[[[-119.5607,50.5713],[-119.5402,50.5966],[-119.5073,50.5997],[-119.4618,50.5808],[-119.4518,50.558],[-119.4773,50.531],[-119.505,50.5206],[-119.535,50.5268],[-119.5552,50.537],[-119.5657,50.5515],[-119.5607,50.5713]],[[-119.5319,50.5495],[-119.5306,50.5566],[-119.5226,50.5598],[-119.5077,50.5591],[-119.5027,50.5529],[-119.5076,50.5414],[-119.5156,50.5382],[-119.5269,50.5434],[-119.5319,50.5495]]]}},{"type":"Feature","properties":{"c":"#00ff00","v0":0.003,"v1":0.005},"geometry":{"type":"Polygon","coordinates":[[[-100.6367,50.5968],[-100.6156,50.5968],[-100.6113,50.5938],[-100.6238,50.5877],[-100.6343,50.5877],[-100.6429,50.5938],[-100.6367,50.5968]]]}},{"type":"Feature","properties":{"c":"#00ff00","v0":0.003,"v1":0.005},"geometry":{"type":"Polygon","coordinates":[[[-110.2058,50.5868],[-110.1953,50.5923],[-110.1862,50.5923],[-110.1786,50.5868],[-110.1839,50.5841],[-110.202,50.5841],[-110.2058,50.5868]]]}},{"type":"Feature","properties":{"c":"#00ff00","v0":0.003,"v1":0.005},"geometry":{"type":"Polygon","coordinates":[[[-105.8161,50.5754],[-105.7987,50.5835],[-105.7809,50.5835],[-105.7626,50.5754],[-105.7626,50.5673],[-105.7809,50.559],[-105.7987,50.559],[-105.8161,50.5673],[-105.8161,50.5754]]]}},{"type":"Feature","properties":{"c":"#00ff00","v0":0.003,"v1":0.005},"geometry":{"type":"Polygon","coordinates":[[[-119.0738,50.5269],[-119.067,50.5396],[-119.0502,50.5496],[-119.0234,50.5568],[-118.9928,50.5568],[-118.9585,50.5496],[-118.9635,50.5309],[-119.0078,50.5008],[-119.035,50.4855],[-119.045,50.4851],[-119.0568,50.4939],[-119.0704,50.5117],[-119.0738,50.5269]]]}},{"type":"Feature","properties":{"c":"#00ff00","v0":0.003,"v1":0.005},"geometry":{"type":"Polygon","coordinates":[[[-119.4264,50.5154],[-119.4021,50.5304],[-119.39,50.5264],[-119.39,50.5035],[-119.395,50.4901],[-119.405,50.4864],[-119.4171,50.4904],[-119.4314,50.502],[-119.4264,50.5154]]]}},{"type":"Feature","properties":{"c":"#00ff00","v0":0.003,"v1":0.005},"geometry":{"type":"Polygon","coordinates":[[[-118.7509,50.5133],[-118.737,50.5243],[-118.725,50.5274],[-118.7149,50.5229],[-118.7219,50.5174],[-118.7459,50.511],[-118.7509,50.5133]]]}},{"type":"Feature","properties":{"c":"#00ff00","v0":0.003,"v1":0.005},"geometry":{"type":"Polygon","coordinates":[[[-100.8128,50.5209],[-100.7976,50.5215],[-100.7893,50.5183],[-100.7879,50.5113],[-100.7929,50.5068],[-100.8043,50.5046],[-100.8126,50.5078],[-100.8178,50.5163],[-100.8128,50.5209]]]}},{"type":"Feature","properties":{"c":"#00ff00","v0":0.003,"v1":0.005},"geometry":{"type":"Polygon","coordinates":[[[-110.076,50.5011],[-110.0587,50.5132],[-110.0436,50.5164],[-110.0309,50.5107],[-110.0259,50.5011],[-110.0286,50.4875],[-110.0437,50.4843],[-110.071,50.4915],[-110.076,50.5011]]]}},{"type":"Feature","properties":{"c":"#00ff00","v0":0.003,"v1":0.005},"geometry":{"type":"Polygon","coordinates":[[[-118.9485,50.4842],[-118.9362,50.488],[-118.9225,50.4848],[-118.9074,50.4747],[-118.9074,50.4677],[-118.9225,50.4637],[-118.9362,50.4668],[-118.9485,50.4772],[-118.9485,50.4842]]]}},{"type":"Feature","properties":{"c":"#00ff00","v0":0.003,"v1":0.005},"geometry":{"type":"Polygon","coordinates":[[[-118.8358,50.4569],[-118.8118,50.4569],[-118.8073,50.4522],[-118.8224,50.4426],[-118.8345,50.4426],[-118.8434,50.4522],[-118.8358,50.4569]]]}},{"type":"Feature","properties":{"c":"#00ff00","v0":0.003,"v1":0.005},"geometry":{"type":"Polygon","coordinates":[[[-100.917,50.4489],[-100.9123,50.4582],[-100.905,50.4603],[-100.895,50.455],[-100.89,50.4495],[-100.89,50.4437],[-100.8973,50.4417],[-100.912,50.4434],[-100.917,50.4489]]]}},{"type":"Feature","properties":{"c":"#00ff00","v0":0.003,"v1":0.005},"geometry":{"type":"Polygon","coordinates":[[[-110.0129,50.3837],[-110.011,50.3902],[-110.005,50.3917],[-109.995,50.3882],[-109.996,50.3849],[-110.0079,50.3819],[-110.0129,50.3837]]]}},{"type":"Feature","properties":{"c":"#00ff00","v0":0.003,"v1":0.005},"geometry":{"type":"Polygon","coordinates":[[[-118.456,50.3732],[-118.4253,50.3843],[-118.4022,50.3843],[-118.3867,50.3732],[-118.3867,50.3594],[-118.4022,50.3428],[-118.4253,50.3428],[-118.456,50.3594],[-118.456,50.3732]],[[-118.4291,50.3677],[-118.4115,50.3677],[-118.4095,50.3652],[-118.4232,50.3603],[-118.432,50.3603],[-118.4359,50.3652],[-118.4291,50.3677]]]}},{"type":"Feature","properties":{"c":"#00ff00","v0":0.003,"v1":0.005},"geometry":{"type":"Polygon","coordinates":[[[-101.5859,50.3727],[-101.562,50.3826],[-101.5453,50.3794],[-101.536,50.3631],[-101.541,50.3518],[-101.5603,50.3456],[-101.577,50.3488],[-101.5909,50.3614],[-101.5859,50.3727]]]}},{"type":"Feature","properties":{"c":"#00ff00","v0":0.003,"v1":0.005},"geometry":{"type":"Polygon","coordinates":[[[-110.4176,50.3592],[-110.4125,50.3678],[-110.4027,50.371],[-110.3881,50.3688],[-110.3831,50.3631],[-110.3877,50.354],[-110.3975,50.3508],[-110.4126,50.3536],[-110.4176,50.3592]]]}},{"type":"Feature","properties":{"c":"#00ff00","v0":0.003,"v1":0.005},"geometry":{"type":"Polygon","coordinates":[[[-106.04,50.323],[-106.0328,50.3358],[-106.0144,50.346],[-105.9848,50.3537],[-105.9535,50.3505],[-105.9205,50.3365],[-105.9155,50.3239],[-105.9385,50.3127],[-105.9734,50.3095],[-106.0202,50.3143],[-106.04,50.323]],[[-105.9971,50.3342],[-105.979,50.3438],[-105.9601,50.3438],[-105.9402,50.3342],[-105.9402,50.3259],[-105.9601,50.319],[-105.979,50.319],[-105.9971,50.3259],[-105.9971,50.3342]]]}},{"type":"Feature","properties":{"c":"#00ff00","v0":0.003,"v1":0.005},"geometry":{"type":"Polygon","coordinates":[[[-110.2422,50.3136],[-110.2341,50.333],[-110.215,50.3445],[-110.185,50.3483],[-110.155,50.3409],[-110.125,50.3224],[-110.085,50.3079],[-110.035,50.2974],[-109.9941,50.2823],[-109.9623,50.2626],[-109.9673,50.2457],[-110.0091,50.2316],[-110.055,50.2249],[-110.105,50.2256],[-110.154,50.2326],[-110.2019,50.246],[-110.2309,50.2655],[-110.2412,50.2911],[-110.2422,50.3136]],[[-110.2273,50.311],[-110.2158,50.3254],[-110.2,50.333],[-110.18,50.3337],[-110.1548,50.317],[-110.1243,50.2827],[-110.1143,50.2631],[-110.1248,50.2582],[-110.15,50.2589],[-110.19,50.265],[-110.2158,50.277],[-110.2273,50.2949],[-110.2273,50.311]]]}},{"type":"Feature","properties":{"c":"#00ff00","v0":0.003,"v1":0.005},"geometry":{"type":"Polygon","coordinates":[[[-106.114,50.3071],[-106.107,50.3135],[-106.1048,50.3103],[-106.1073,50.2975],[-106.1108,50.2943],[-106.1153,50.3007],[-106.114,50.3071]]]}},{"type":"Feature","properties":{"c":"#00ff00","v0":0.003,"v1":0.005},"geometry":{"type":"Polygon","coordinates":[[[-104.7962,50.2963],[-104.7921,50.3066],[-104.785,50.3104],[-104.775,50.3076],[-104.7684,50.2993],[-104.7652,50.2853],[-104.7702,50.2771],[-104.7834,50.2746],[-104.7921,50.2778],[-104.7962,50.2867],[-104.7962,50.2963]]]}},{"type":"Feature","properties":{"c":"#00ff00","v0":0.003,"v1":0.005},"geometry":{"type":"Polygon","coordinates":[[[-101.7588,50.2228],[-101.7263,50.2397],[-101.7025,50.2589],[-101.6875,50.2804],[-101.6649,50.2911],[-101.6347,50.2911],[-101.6157,50.2847],[-101.608,50.2719],[-101.6105,50.2591],[-101.6233,50.2463],[-101.6448,50.2379],[-101.6749,50.2337],[-101.7,50.2217],[-101.72,50.202],[-101.7413,50.1977],[-101.7638,50.2088],[-101.7588,50.2228]],[[-101.6786,50.2717],[-101.6595,50.284],[-101.6417,50.284],[-101.6252,50.2717],[-101.6252,50.26],[-101.6417,50.249],[-101.6595,50.249],[-101.6786,50.26],[-101.6786,50.2717]]]}},{"type":"Feature","properties":{"c":"#00ff00","v0":0.003,"v1":0.005},"geometry":{"type":"Polygon","coordinates":[[[-97.8571,50.1343],[-97.8266,50.1792],[-97.801,50.2064],[-97.7803,50.2161],[-97.74,50.2227],[-97.68,50.2263],[-97.6415,50.2247],[-97.6245,50.2178],[-97.6196,50.2048],[-97.6269,50.1856],[-97.6234,50.1631],[-97.609,50.1375],[-97.6074,50.1215],[-97.6186,50.1151],[-97.6756,50.1067],[-97.7785,50.0965],[-97.8406,50.0965],[-97.8617,50.1067],[-97.8571,50.1343]],[[-97.7939,50.1488],[-97.778,50.1714],[-97.7525,50.181],[-97.7176,50.1776],[-97.7076,50.1655],[-97.7225,50.1447],[-97.74,50.1321],[-97.76,50.1277],[-97.778,50.1285],[-97.7939,50.1345],[-97.7939,50.1488]]]}},{"type":"Feature","properties":{"c":"#00ff00","v0":0.003,"v1":0.005},"geometry":{"type":"Polygon","coordinates":[[[-104.9581,50.1937],[-104.9527,50.2035],[-104.94,50.211],[-104.92,50.2162],[-104.885,50.2111],[-104.835,50.1957],[-104.801,50.1817],[-104.7831,50.1693],[-104.7761,50.1535],[-104.78,50.1343],[-104.794,50.1205],[-104.818,50.112],[-104.84,50.1092],[-104.86,50.112],[-104.8927,50.1323],[-104.9381,50.1699],[-104.9581,50.1937]],[[-104.9325,50.1937],[-104.9175,50.2034],[-104.885,50.2018],[-104.835,50.1888],[-104.8028,50.1711],[-104.7884,50.1487],[-104.7884,50.1325],[-104.8028,50.1224],[-104.825,50.1179],[-104.855,50.1189],[-104.8875,50.1368],[-104.9225,50.1714],[-104.9325,50.1937]]]}},{"type":"Feature","properties":{"c":"#00ff00","v0":0.003,"v1":0.005},"geometry":{"type":"Polygon","coordinates":[[[-105.7197,50.1558],[-105.7132,50.1669],[-105.695,50.1704],[-105.665,50.1663],[-105.645,50.1689],[-105.635,50.1782],[-105.6242,50.1811],[-105.6127,50.1777],[-105.6177,50.1723],[-105.6392,50.165],[-105.655,50.1546],[-105.665,50.141],[-105.6832,50.1382],[-105.7097,50.1463],[-105.7197,50.1558]]]}},{"type":"Feature","properties":{"c":"#00ff00","v0":0.003,"v1":0.005},"geometry":{"type":"Polygon","coordinates":[[[-101.6821,50.052],[-101.674,50.0606],[-101.6618,50.0606],[-101.6455,50.052],[-101.6455,50.0436],[-101.6618,50.0354],[-101.674,50.0354],[-101.6821,50.0436],[-101.6821,50.052]]]}},{"type":"Feature","properties":{"c":"#00ff00","v0":0.003,"v1":0.005},"geometry":{"type":"Polygon","coordinates":[[[-93.1851,49.9931],[-93.1767,50.0123],[-93.1619,50.0261],[-93.1406,50.0344],[-93.125,50.0468],[-93.115,50.0632],[-93.105,50.0719],[-93.095,50.0729],[-93.0743,50.0605],[-93.0428,50.0348],[-93.0528,50.0048],[-93.1043,49.9704],[-93.14,49.9527],[-93.16,49.9518],[-93.1748,49.9594],[-93.1845,49.9754],[-93.1851,49.9931]]]}},{"type":"Feature","properties":{"c":"#00ff00","v0":0.003,"v1":0.005},"geometry":{"type":"Polygon","coordinates":[[[-97.4691,50.0123],[-97.4627,50.0188],[-97.4571,50.0185],[-97.4524,50.0117],[-97.4556,50.0084],[-97.4668,50.0089],[-97.4691,50.0123]]]}},{"type":"Feature","properties":{"c":"#00ff00","v0":0.003,"v1":0.005},"geometry":{"type":"Polygon","coordinates":[[[-92.8762,49.8514],[-92.8751,49.8965],[-92.8694,49.9255],[-92.8591,49.9384],[-92.8329,49.9515],[-92.791,49.9648],[-92.75,49.9703],[-92.71,49.9679],[-92.67,49.9703],[-92.63,49.9777],[-92.6138,49.9722],[-92.6215,49.9539],[-92.6392,49.9352],[-92.6668,49.9158],[-92.6707,49.8933],[-92.6507,49.8675],[-92.6431,49.847],[-92.6477,49.8318],[-92.675,49.8167],[-92.725,49.8017],[-92.755,49.7866],[-92.765,49.7714],[-92.795,49.7696],[-92.845,49.7813],[-92.8717,49.7975],[-92.875,49.8184],[-92.8762,49.8514]],[[-92.8283,49.8334],[-92.8161,49.8426],[-92.785,49.8491],[-92.735,49.8529],[-92.7046,49.8515],[-92.6939,49.845],[-92.6939,49.8373],[-92.7046,49.8286],[-92.7411,49.8253],[-92.8033,49.8277],[-92.8283,49.8334]]]}},{"type":"Feature","properties":{"c":"#00ff00","v0":0.003,"v1":0.005},"geometry":{"type":"Polygon","coordinates":[[[-111.0539,49.9184],[-110.998,49.9428],[-110.9576,49.9493],[-110.9328,49.9377],[-110.9215,49.9255],[-110.9238,49.9126],[-110.9512,49.892],[-111.0037,49.8635],[-111.043,49.8635],[-111.0689,49.892],[-111.0539,49.9184]],[[-111.0366,49.9062],[-110.9922,49.9319],[-110.9619,49.9416],[-110.9458,49.9352],[-110.9406,49.9255],[-110.9462,49.9126],[-110.9643,49.9004],[-110.9948,49.8887],[-111.0222,49.8855],[-111.0466,49.8907],[-111.0366,49.9062]]]}},{"type":"Feature","properties":{"c":"#00ff00","v0":0.003,"v1":0.005},"geometry":{"type":"Polygon","coordinates":[[[-110.1623,49.8707],[-110.1525,49.8772],[-110.1463,49.8772],[-110.1436,49.8707],[-110.1485,49.8675],[-110.161,49.8675],[-110.1623,49.8707]]]}},{"type":"Feature","properties":{"c":"#00ff00","v0":0.003,"v1":0.005},"geometry":{"type":"Polygon","coordinates":[[[-110.3945,49.8083],[-110.3915,49.819],[-110.3762,49.8287],[-110.3486,49.8374],[-110.3386,49.8253],[-110.3462,49.7924],[-110.3569,49.7762],[-110.3708,49.7769],[-110.3823,49.7837],[-110.3914,49.7966],[-110.3945,49.8083]]]}},{"type":"Feature","properties":{"c":"#00ff00","v0":0.003,"v1":0.005},"geometry":{"type":"Polygon","coordinates":[[[-122.685,49.8068],[-122.675,49.8143],[-122.6641,49.8143],[-122.6522,49.8068],[-122.6522,49.7981],[-122.6641,49.7884],[-122.675,49.7884],[-122.685,49.7981],[-122.685,49.8068]]]}},{"type":"Feature","properties":{"c":"#00ff00","v0":0.003,"v1":0.005},"geometry":{"type":"Polygon","coordinates":[[[-122.6899,49.7568],[-122.6766,49.7676],[-122.6497,49.7676],[-122.6092,49.7568],[-122.5842,49.7465],[-122.5747,49.7369],[-122.595,49.7298],[-122.645,49.7253],[-122.6766,49.7301],[-122.6899,49.7443],[-122.6899,49.7568]],[[-122.6618,49.7417],[-122.6532,49.7481],[-122.6479,49.7481],[-122.646,49.7417],[-122.6503,49.7384],[-122.6609,49.7384],[-122.6618,49.7417]]]}},{"type":"Feature","properties":{"c":"#00ff00","v0":0.003,"v1":0.005},"geometry":{"type":"Polygon","coordinates":[[[-110.4616,49.7664],[-110.4539,49.7707],[-110.4457,49.7675],[-110.4372,49.7567],[-110.4372,49.7498],[-110.4457,49.7467],[-110.4539,49.7499],[-110.4616,49.7595],[-110.4616,49.7664]]]}},{"type":"Feature","properties":{"c":"#00ff00","v0":0.003,"v1":0.005},"geometry":{"type":"Polygon","coordinates":[[[-123.837,49.731],[-123.819,49.7419],[-123.8,49.7325],[-123.78,49.7028],[-123.76,49.6854],[-123.74,49.6804],[-123.72,49.6815],[-123.7,49.6887],[-123.6861,49.6877],[-123.6784,49.6784],[-123.7034,49.6644],[-123.7611,49.6457],[-123.796,49.6392],[-123.8081,49.645],[-123.8221,49.6673],[-123.838,49.7061],[-123.837,49.731]]]}},{"type":"Feature","properties":{"c":"#00ff00","v0":0.003,"v1":0.005},"geometry":{"type":"Polygon","coordinates":[[[-124.3057,49.5886],[-124.2952,49.5997],[-124.2778,49.6062],[-124.2533,49.6081],[-124.2333,49.6046],[-124.2178,49.5959],[-124.2093,49.5829],[-124.208,49.5657],[-124.2332,49.5636],[-124.285,49.5766],[-124.3057,49.5886]]]}},{"type":"Feature","properties":{"c":"#00ff00","v0":0.003,"v1":0.005},"geometry":{"type":"Polygon","coordinates":[[[-123.9401,49.578],[-123.9334,49.5939],[-123.915,49.606],[-123.885,49.6143],[-123.835,49.5993],[-123.765,49.5609],[-123.71,49.5413],[-123.67,49.5405],[-123.6188,49.5184],[-123.5563,49.475],[-123.5263,49.4437],[-123.5288,49.4248],[-123.54,49.4137],[-123.56,49.4103],[-123.595,49.4153],[-123.645,49.4287],[-123.69,49.4484],[-123.73,49.4746],[-123.78,49.4898],[-123.84,49.494],[-123.8884,49.5147],[-123.9251,49.5516],[-123.9401,49.578]],[[-123.9157,49.5753],[-123.9119,49.5856],[-123.9,49.5892],[-123.88,49.5861],[-123.8693,49.5712],[-123.8678,49.5445],[-123.8797,49.5409],[-123.905,49.5604],[-123.9157,49.5753]]]}},{"type":"Feature","properties":{"c":"#00ff00","v0":0.003,"v1":0.005},"geometry":{"type":"Polygon","coordinates":[[[-122.1691,49.5999],[-122.1564,49.6076],[-122.1444,49.6076],[-122.1333,49.5999],[-122.1333,49.5921],[-122.1444,49.5843],[-122.1564,49.5843],[-122.1691,49.5921],[-122.1691,49.5999]]]}},{"type":"Feature","properties":{"c":"#00ff00","v0":0.003,"v1":0.005},"geometry":{"type":"Polygon","coordinates":[[[-122.7214,49.4749],[-122.7138,49.4922],[-122.7,49.5017],[-122.68,49.5033],[-122.6566,49.4849],[-122.6298,49.4465],[-122.6198,49.4211],[-122.6266,49.4089],[-122.65,49.4096],[-122.69,49.4231],[-122.7138,49.4389],[-122.7214,49.4571],[-122.7214,49.4749]],[[-122.6984,49.4695],[-122.6892,49.476],[-122.686,49.471],[-122.6887,49.4546],[-122.6932,49.4513],[-122.6997,49.4613],[-122.6984,49.4695]]]}},{"type":"Feature","properties":{"c":"#00ff00","v0":0.003,"v1":0.005},"geometry":{"type":"Polygon","coordinates":[[[-123.0023,49.4715],[-122.9941,49.482],[-122.9816,49.4853],[-122.9649,49.4812],[-122.9649,49.4741],[-122.9816,49.4637],[-122.9941,49.4605],[-123.0023,49.4643],[-123.0023,49.4715]]]}},{"type":"Feature","properties":{"c":"#00ff00","v0":0.003,"v1":0.005},"geometry":{"type":"Polygon","coordinates":[[[-124.042,49.3788],[-124.0207,49.4121],[-123.99,49.4334],[-123.95,49.4427],[-123.9228,49.4456],[-123.9083,49.442],[-123.9063,49.4239],[-123.9167,49.3914],[-123.9489,49.3695],[-124.003,49.3583],[-124.0357,49.3551],[-124.047,49.3598],[-124.042,49.3788]],[[-123.9938,49.4073],[-123.9779,49.4196],[-123.96,49.4248],[-123.94,49.4228],[-123.9331,49.4134],[-123.9392,49.3966],[-123.9492,49.3854],[-123.9631,49.3798],[-123.9779,49.3831],[-123.9938,49.3951],[-123.9938,49.4073]]]}},{"type":"Feature","properties":{"c":"#00ff00","v0":0.003,"v1":0.005},"geometry":{"type":"Polygon","coordinates":[[[-123.2155,49.3803],[-123.1985,49.4168],[-123.17,49.4236],[-123.13,49.4007],[-123.0975,49.402],[-123.0726,49.4275],[-123.0476,49.4425],[-123.0225,49.4472],[-123.0064,49.4375],[-122.9993,49.4133],[-123.0071,49.3882],[-123.0298,49.3621],[-123.0493,49.3491],[-123.0654,49.3491],[-123.0826,49.3584],[-123.1009,49.377],[-123.13,49.3786],[-123.17,49.3631],[-123.1985,49.357],[-123.2155,49.3604],[-123.2155,49.3803]],[[-123.0476,49.4174],[-123.0316,49.4239],[-123.0252,49.4218],[-123.0284,49.4111],[-123.0364,49.4079],[-123.0492,49.4121],[-123.0476,49.4174]]]}},{"type":"Feature","properties":{"c":"#00ff00","v0":0.003,"v1":0.005},"geometry":{"type":"Polygon","coordinates":[[[-122.9635,49.4113],[-122.9278,49.4314],[-122.885,49.4412],[-122.835,49.4406],[-122.8024,49.437],[-122.7871,49.4305],[-122.7747,49.4174],[-122.7649,49.3979],[-122.7725,49.3814],[-122.7975,49.3678],[-122.83,49.3642],[-122.87,49.3704],[-122.905,49.3711],[-122.935,49.366],[-122.9578,49.3729],[-122.9735,49.3917],[-122.9635,49.4113]],[[-122.8374,49.4072],[-122.8191,49.4192],[-122.8035,49.4192],[-122.7904,49.4072],[-122.7904,49.3975],[-122.8035,49.39],[-122.8191,49.39],[-122.8374,49.3975],[-122.8374,49.4072]],[[-122.9393,49.4071],[-122.9198,49.4188],[-122.9049,49.4221],[-122.8947,49.4168],[-122.8997,49.4074],[-122.9199,49.3939],[-122.9348,49.3907],[-122.9443,49.3977],[-122.9393,49.4071]]]}},{"type":"Feature","properties":{"c":"#00ff00","v0":0.003,"v1":0.005},"geometry":{"type":"Polygon","coordinates":[[[-122.2458,49.4108],[-122.2353,49.43],[-122.225,49.438],[-122.215,49.4349],[-122.208,49.4286],[-122.204,49.419],[-122.2142,49.4109],[-122.2388,49.4044],[-122.2458,49.4108]]]}},{"type":"Feature","properties":{"c":"#00ff00","v0":0.003,"v1":0.005},"geometry":{"type":"Polygon","coordinates":[[[-122.7044,49.3784],[-122.6786,49.3849],[-122.6718,49.3795],[-122.6839,49.3623],[-122.6968,49.359],[-122.7104,49.3698],[-122.7044,49.3784]]]}},{"type":"Feature","properties":{"c":"#00ff00","v0":0.003,"v1":0.005},"geometry":{"type":"Polygon","coordinates":[[[-122.5648,49.323],[-122.5353,49.3491],[-122.508,49.3647],[-122.4827,49.3699],[-122.4675,49.3633],[-122.4624,49.3451],[-122.4695,49.3263],[-122.4885,49.3067],[-122.5111,49.2952],[-122.537,49.2917],[-122.5574,49.2949],[-122.5721,49.305],[-122.5648,49.323]]]}},{"type":"Feature","properties":{"c":"#00ff00","v0":0.003,"v1":0.005},"geometry":{"type":"Polygon","coordinates":[[[-122.8421,49.3143],[-122.834,49.323],[-122.8212,49.3197],[-122.8035,49.3045],[-122.8035,49.2951],[-122.8212,49.2914],[-122.834,49.2947],[-122.8421,49.3049],[-122.8421,49.3143]]]}},{"type":"Feature","properties":{"c":"#00ff00","v0":0.003,"v1":0.005},"geometry":{"type":"Polygon","coordinates":[[[-123.0799,49.2639],[-123.0733,49.2762],[-123.058,49.2795],[-123.0341,49.2737],[-123.0291,49.2631],[-123.043,49.2475],[-123.0583,49.2443],[-123.0749,49.2533],[-123.0799,49.2639]]]}},{"type":"Feature","properties":{"c":"#00ff00","v0":0.003,"v1":0.005},"geometry":{"type":"Polygon","coordinates":[[[-122.409,49.2773],[-122.3963,49.2903],[-122.3818,49.287],[-122.3655,49.2675],[-122.3655,49.2564],[-122.3818,49.2535],[-122.3963,49.2568],[-122.409,49.2662],[-122.409,49.2773]]]}},{"type":"Feature","properties":{"c":"#00ff00","v0":0.003,"v1":0.005},"geometry":{"type":"Polygon","coordinates":[[[-110.033,49.2708],[-110.017,49.2708],[-110.0142,49.2674],[-110.0247,49.2604],[-110.0328,49.2604],[-110.0383,49.2674],[-110.033,49.2708]]]}},{"type":"Feature","properties":{"c":"#00ff00","v0":0.003,"v1":0.005},"geometry":{"type":"Polygon","coordinates":[[[-81.8225,49.2736],[-81.8142,49.2791],[-81.7981,49.2791],[-81.7743,49.2736],[-81.7743,49.2673],[-81.7981,49.2603],[-81.8142,49.2603],[-81.8225,49.2673],[-81.8225,49.2736]]]}},{"type":"Feature","properties":{"c":"#00ff00","v0":0.003,"v1":0.005},"geometry":{"type":"Polygon","coordinates":[[[-67.9545,49.1968],[-67.9515,49.2055],[-67.94,49.2103],[-67.92,49.2111],[-67.9103,49.2068],[-67.9109,49.1972],[-67.9224,49.1925],[-67.9448,49.1925],[-67.9545,49.1968]]]}},{"type":"Feature","properties":{"c":"#00ff00","v0":0.003,"v1":0.005},"geometry":{"type":"Polygon","coordinates":[[[-121.6176,49.1533],[-121.5992,49.1533],[-121.5895,49.15],[-121.5884,49.1434],[-121.5976,49.1434],[-121.617,49.15],[-121.6176,49.1533]]]}},{"type":"Feature","properties":{"c":"#00ff00","v0":0.003,"v1":0.005},"geometry":{"type":"Polygon","coordinates":[[[-124.0841,49.1317],[-124.0614,49.141],[-124.0374,49.141],[-124.0121,49.1317],[-124.0071,49.1226],[-124.0224,49.1136],[-124.0464,49.1136],[-124.0791,49.1226],[-124.0841,49.1317]]]}},{"type":"Feature","properties":{"c":"#00ff00","v0":0.003,"v1":0.005},"geometry":{"type":"Polygon","coordinates":[[[-122.5287,49.1107],[-122.5199,49.1303],[-122.5091,49.1418],[-122.4964,49.1451],[-122.47,49.1439],[-122.43,49.1384],[-122.4,49.1298],[-122.38,49.1181],[-122.36,49.114],[-122.34,49.1174],[-122.3264,49.108],[-122.3192,49.0858],[-122.3292,49.065],[-122.3564,49.0455],[-122.385,49.046],[-122.415,49.0665],[-122.4535,49.0795],[-122.5004,49.085],[-122.5262,49.0911],[-122.5309,49.0976],[-122.5287,49.1107]]]}},{"type":"Feature","properties":{"c":"#00ff00","v0":0.003,"v1":0.005},"geometry":{"type":"Polygon","coordinates":[[[-123.8461,49.0787],[-123.8354,49.0866],[-123.8235,49.0866],[-123.8104,49.0787],[-123.8104,49.0707],[-123.8235,49.0627],[-123.8354,49.0627],[-123.8461,49.0707],[-123.8461,49.0787]]]}},{"type":"Feature","properties":{"c":"#00ff00","v0":0.003,"v1":0.005},"geometry":{"type":"Polygon","coordinates":[[[-122.285,49.0632],[-122.2617,49.0665],[-122.2454,49.0633],[-122.2363,49.0534],[-122.2413,49.0449],[-122.2604,49.0378],[-122.2767,49.041],[-122.29,49.0547],[-122.285,49.0632]]]}},{"type":"Feature","properties":{"c":"#00ff00","v0":0.003,"v1":0.005},"geometry":{"type":"Polygon","coordinates":[[[-123.9583,48.9475],[-123.9528,48.9555],[-123.9425,48.9555],[-123.9274,48.9475],[-123.9224,48.941],[-123.9275,48.9359],[-123.9378,48.9359],[-123.9533,48.941],[-123.9583,48.9475]]]}},{"type":"Feature","properties":{"c":"#00ff00","v0":0.003,"v1":0.005},"geometry":{"type":"Polygon","coordinates":[[[-123.7109,48.8967],[-123.697,48.9084],[-123.6781,48.9084],[-123.6542,48.8967],[-123.6542,48.8857],[-123.6781,48.8753],[-123.697,48.8753],[-123.7109,48.8857],[-123.7109,48.8967]]]}},{"type":"Feature","properties":{"c":"#00ff00","v0":0.003,"v1":0.005},"geometry":{"type":"Polygon","coordinates":[[[-121.8637,48.7646],[-121.8546,48.7755],[-121.8374,48.782],[-121.8123,48.7844],[-121.8073,48.7735],[-121.8224,48.7493],[-121.8396,48.7427],[-121.8587,48.7537],[-121.8637,48.7646]]]}},{"type":"Feature","properties":{"c":"#00ff00","v0":0.003,"v1":0.005},"geometry":{"type":"Polygon","coordinates":[[[-122.0601,48.6735],[-122.0489,48.6867],[-122.0299,48.6972],[-122.0033,48.7052],[-121.9806,48.6986],[-121.9619,48.6774],[-121.9769,48.6608],[-122.0256,48.6486],[-122.0539,48.6486],[-122.0618,48.6608],[-122.0601,48.6735]]]}},{"type":"Feature","properties":{"c":"#00ff00","v0":0.003,"v1":0.005},"geometry":{"type":"Polygon","coordinates":[[[-83.0401,48.059],[-83.0334,48.0659],[-83.02,48.0672],[-83.0,48.063],[-82.9866,48.0529],[-82.9799,48.0368],[-82.9849,48.0275],[-83.0016,48.0249],[-83.0184,48.0316],[-83.0351,48.0475],[-83.0401,48.059]]]}},{"type":"Feature","properties":{"c":"#00ff00","v0":0.003,"v1":0.005},"geometry":{"type":"Polygon","coordinates":[[[-71.0739,47.9648],[-71.058,47.9707],[-71.04,47.9714],[-71.02,47.9669],[-71.01,47.9546],[-71.01,47.9344],[-71.015,47.9218],[-71.025,47.9167],[-71.035,47.9168],[-71.045,47.922],[-71.058,47.9339],[-71.0739,47.9525],[-71.0739,47.9648]]]}},{"type":"Feature","properties":{"c":"#00ff00","v0":0.003,"v1":0.005},"geometry":{"type":"Polygon","coordinates":[[[-71.4922,47.4489],[-71.4374,47.5001],[-71.3725,47.5237],[-71.2975,47.5199],[-71.2642,47.5045],[-71.2725,47.4774],[-71.305,47.4573],[-71.3617,47.4442],[-71.405,47.4294],[-71.435,47.413],[-71.4652,47.406],[-71.4955,47.4085],[-71.5129,47.4132],[-71.5173,47.42],[-71.4922,47.4489]]]}},{"type":"Feature","properties":{"c":"#00ff00","v0":0.003,"v1":0.005},"geometry":{"type":"Polygon","coordinates":[[[-71.1292,47.5069],[-71.1164,47.5119],[-71.11,47.5086],[-71.11,47.4972],[-71.115,47.4905],[-71.125,47.4885],[-71.1314,47.4917],[-71.1342,47.5002],[-71.1292,47.5069]]]}},{"type":"Feature","properties":{"c":"#00ff00","v0":0.003,"v1":0.005},"geometry":{"type":"Polygon","coordinates":[[[-71.6306,47.3661],[-71.5902,47.3872],[-71.5585,47.3872],[-71.5356,47.3661],[-71.5322,47.3455],[-71.5484,47.3251],[-71.5453,47.3116],[-71.5228,47.3048],[-71.5131,47.298],[-71.5163,47.2912],[-71.536,47.2741],[-71.572,47.2467],[-71.6052,47.2637],[-71.6356,47.325],[-71.6306,47.3661]]]}},{"type":"Feature","properties":{"c":"#00ff00","v0":0.003,"v1":0.005},"geometry":{"type":"Polygon","coordinates":[[[-84.5793,47.3535],[-84.5731,47.3764],[-84.56,47.3873],[-84.54,47.3862],[-84.5173,47.3646],[-84.4919,47.3225],[-84.4919,47.299],[-84.5173,47.2941],[-84.5431,47.3043],[-84.5693,47.3295],[-84.5793,47.3535]]]}},{"type":"Feature","properties":{"c":"#00ff00","v0":0.003,"v1":0.005},"geometry":{"type":"Polygon","coordinates":[[[-72.0315,47.3166],[-72.0172,47.32],[-72.0093,47.3166],[-72.008,47.3065],[-72.013,47.3005],[-72.0243,47.2987],[-72.0322,47.3021],[-72.0365,47.3107],[-72.0315,47.3166]]]}},{"type":"Feature","properties":{"c":"#00ff00","v0":0.003,"v1":0.005},"geometry":{"type":"Polygon","coordinates":[[[-84.6548,47.2669],[-84.6383,47.2794],[-84.6124,47.2828],[-84.5772,47.2771],[-84.551,47.2607],[-84.5337,47.2335],[-84.5266,47.2132],[-84.5297,47.1996],[-84.546,47.1923],[-84.5753,47.1914],[-84.6083,47.2084],[-84.6448,47.2433],[-84.6548,47.2669]],[[-84.6189,47.2511],[-84.613,47.259],[-84.6,47.2605],[-84.58,47.2555],[-84.5673,47.2413],[-84.5618,47.218],[-84.5668,47.2078],[-84.5823,47.2106],[-84.598,47.2207],[-84.6139,47.2383],[-84.6189,47.2511]]]}},{"type":"Feature","properties":{"c":"#00ff00","v0":0.003,"v1":0.005},"geometry":{"type":"Polygon","coordinates":[[[-101.2287,47.1015],[-101.2162,47.1093],[-101.2029,47.1093],[-101.1888,47.1015],[-101.1888,47.0934],[-101.2029,47.0852],[-101.2162,47.0852],[-101.2287,47.0934],[-101.2287,47.1015]]]}},{"type":"Feature","properties":{"c":"#00ff00","v0":0.003,"v1":0.005},"geometry":{"type":"Polygon","coordinates":[[[-71.3549,47.0131],[-71.3383,47.035],[-71.32,47.047],[-71.3,47.0489],[-71.2821,47.0447],[-71.2664,47.0345],[-71.2664,47.0193],[-71.2821,46.9991],[-71.3,46.988],[-71.32,46.9861],[-71.3383,46.9894],[-71.3549,46.9979],[-71.3549,47.0131]],[[-71.3379,47.0223],[-71.3193,47.0354],[-71.3012,47.0388],[-71.2837,47.0325],[-71.2837,47.0206],[-71.3012,47.003],[-71.3193,46.9996],[-71.3379,47.0104],[-71.3379,47.0223]]]}},{"type":"Feature","properties":{"c":"#00ff00","v0":0.003,"v1":0.005},"geometry":{"type":"Polygon","coordinates":[[[-101.7394,47.0083],[-101.7198,47.0207],[-101.71,47.0199],[-101.71,47.006],[-101.715,46.9964],[-101.725,46.9911],[-101.7348,46.9918],[-101.7444,46.9987],[-101.7394,47.0083]]]}},{"type":"Feature","properties":{"c":"#00ff00","v0":0.003,"v1":0.005},"geometry":{"type":"Polygon","coordinates":[[[-101.4832,46.9936],[-101.4744,47.0038],[-101.4692,47.0038],[-101.4677,46.9936],[-101.4721,46.9885],[-101.4824,46.9885],[-101.4832,46.9936]]]}},{"type":"Feature","properties":{"c":"#00ff00","v0":0.003,"v1":0.005},"geometry":{"type":"Polygon","coordinates":[[[-100.7069,46.8518],[-100.6823,46.879],[-100.65,46.8925],[-100.61,46.8923],[-100.59,46.8863],[-100.59,46.8745],[-100.6087,46.8576],[-100.6462,46.8355],[-100.6762,46.8242],[-100.6987,46.8237],[-100.7123,46.8271],[-100.7169,46.8345],[-100.7069,46.8518]]]}},{"type":"Feature","properties":{"c":"#00ff00","v0":0.003,"v1":0.005},"geometry":{"type":"Polygon","coordinates":[[[-72.5828,46.8705],[-72.5743,46.8804],[-72.5619,46.8804],[-72.5458,46.8705],[-72.5458,46.8608],[-72.5619,46.8511],[-72.5743,46.8511],[-72.5828,46.8608],[-72.5828,46.8705]]]}},{"type":"Feature","properties":{"c":"#00ff00","v0":0.003,"v1":0.005},"geometry":{"type":"Polygon","coordinates":[[[-100.8715,46.8484],[-100.8572,46.8686],[-100.8379,46.8686],[-100.8136,46.8484],[-100.8136,46.8343],[-100.8379,46.8266],[-100.8572,46.8266],[-100.8715,46.8343],[-100.8715,46.8484]]]}},{"type":"Feature","properties":{"c":"#00ff00","v0":0.003,"v1":0.005},"geometry":{"type":"Polygon","coordinates":[[[-71.7574,46.8432],[-71.7391,46.8531],[-71.724,46.8531],[-71.7119,46.8432],[-71.7119,46.8331],[-71.724,46.8229],[-71.7391,46.8229],[-71.7574,46.8331],[-71.7574,46.8432]]]}},{"type":"Feature","properties":{"c":"#00ff00","v0":0.003,"v1":0.005},"geometry":{"type":"Polygon","coordinates":[[[-72.7191,46.7472],[-72.713,46.7568],[-72.7,46.7633],[-72.68,46.7666],[-72.6628,46.7583],[-72.6485,46.7385],[-72.6535,46.7224],[-72.6778,46.7098],[-72.698,46.7132],[-72.7141,46.7326],[-72.7191,46.7472]],[[-72.6974,46.7462],[-72.6791,46.754],[-72.6673,46.7505],[-72.6619,46.7359],[-72.6669,46.726],[-72.6823,46.7207],[-72.6941,46.7241],[-72.7024,46.7363],[-72.6974,46.7462]]]}},{"type":"Feature","properties":{"c":"#00ff00","v0":0.003,"v1":0.005},"geometry":{"type":"Polygon","coordinates":[[[-72.2582,46.7046],[-72.2495,46.7115],[-72.2439,46.7115],[-72.2415,46.7046],[-72.2459,46.7012],[-72.257,46.7012],[-72.2582,46.7046]]]}},{"type":"Feature","properties":{"c":"#00ff00","v0":0.003,"v1":0.005},"geometry":{"type":"Polygon","coordinates":[[[-72.8013,46.6378],[-72.7804,46.6482],[-72.7646,46.6482],[-72.7537,46.6378],[-72.7587,46.6278],[-72.7796,46.6183],[-72.7954,46.6183],[-72.8063,46.6278],[-72.8013,46.6378]]]}},{"type":"Feature","properties":{"c":"#00ff00","v0":0.003,"v1":0.005},"geometry":{"type":"Polygon","coordinates":[[[-71.9954,46.5382],[-71.9785,46.5418],[-71.9601,46.5384],[-71.9402,46.5279],[-71.9402,46.521],[-71.9601,46.5177],[-71.9785,46.5211],[-71.9954,46.5313],[-71.9954,46.5382]]]}},{"type":"Feature","properties":{"c":"#00ff00","v0":0.003,"v1":0.005},"geometry":{"type":"Polygon","coordinates":[[[-83.5673,46.419],[-83.5424,46.4322],[-83.5205,46.4322],[-83.5014,46.419],[-83.5014,46.4018],[-83.5205,46.3806],[-83.5424,46.3806],[-83.5673,46.4018],[-83.5673,46.419]],[[-83.5521,46.4164],[-83.5374,46.4243],[-83.5244,46.4243],[-83.5131,46.4164],[-83.5131,46.4076],[-83.5244,46.3981],[-83.5374,46.3981],[-83.5521,46.4076],[-83.5521,46.4164]]]}},{"type":"Feature","properties":{"c":"#00ff00","v0":0.003,"v1":0.005},"geometry":{"type":"Polygon","coordinates":[[[-84.4577,46.2116],[-84.4392,46.2245],[-84.4173,46.221],[-84.3919,46.2012],[-84.3919,46.1859],[-84.4173,46.1751],[-84.4392,46.1785],[-84.4577,46.1963],[-84.4577,46.2116]],[[-84.4458,46.2086],[-84.4306,46.2155],[-84.4158,46.2121],[-84.4017,46.1982],[-84.4034,46.1884],[-84.4211,46.1827],[-84.4359,46.1862],[-84.4476,46.1988],[-84.4458,46.2086]]]}},{"type":"Feature","properties":{"c":"#00ff00","v0":0.003,"v1":0.005},"geometry":{"type":"Polygon","coordinates":[[[-83.8705,46.1483],[-83.8435,46.1732],[-83.815,46.189],[-83.785,46.1959],[-83.755,46.1945],[-83.725,46.1849],[-83.7014,46.1691],[-83.6843,46.147],[-83.6793,46.1305],[-83.6864,46.1197],[-83.725,46.1098],[-83.795,46.1008],[-83.8435,46.1062],[-83.8705,46.126],[-83.8705,46.1483]],[[-83.8577,46.1463],[-83.8379,46.1671],[-83.8135,46.1809],[-83.7845,46.188],[-83.7579,46.188],[-83.7337,46.1809],[-83.7152,46.1671],[-83.7025,46.1463],[-83.7296,46.1282],[-83.7965,46.1128],[-83.8394,46.1128],[-83.8582,46.1282],[-83.8577,46.1463]]]}},{"type":"Feature","properties":{"c":"#00ff00","v0":0.003,"v1":0.005},"geometry":{"type":"Polygon","coordinates":[[[-83.6472,46.1826],[-83.6357,46.1928],[-83.6215,46.1928],[-83.6045,46.1826],[-83.5995,46.1736],[-83.6065,46.1659],[-83.6207,46.1659],[-83.6422,46.1736],[-83.6472,46.1826]]]}},{"type":"Feature","properties":{"c":"#00ff00","v0":0.003,"v1":0.005},"geometry":{"type":"Polygon","coordinates":[[[-71.3762,46.1531],[-71.3721,46.1597],[-71.3633,46.1597],[-71.35,46.1531],[-71.352,46.1497],[-71.3695,46.1497],[-71.3762,46.1531]]]}},{"type":"Feature","properties":{"c":"#00ff00","v0":0.003,"v1":0.005},"geometry":{"type":"Polygon","coordinates":[[[-83.5971,46.1275],[-83.579,46.1385],[-83.5571,46.135],[-83.5314,46.1171],[-83.5314,46.1032],[-83.5571,46.0933],[-83.579,46.0967],[-83.5971,46.1136],[-83.5971,46.1275]],[[-83.5789,46.1233],[-83.5596,46.1259],[-83.5471,46.1225],[-83.5413,46.1129],[-83.5463,46.1063],[-83.5621,46.1026],[-83.5746,46.106],[-83.5839,46.1167],[-83.5789,46.1233]]]}},{"type":"Feature","properties":{"c":"#00ff00","v0":0.003,"v1":0.005},"geometry":{"type":"Polygon","coordinates":[[[-71.7244,46.1273],[-71.7148,46.1378],[-71.701,46.1412],[-71.683,46.1377],[-71.678,46.1295],[-71.686,46.1168],[-71.6998,46.1133],[-71.7194,46.1191],[-71.7244,46.1273]]]}},{"type":"Feature","properties":{"c":"#00ff00","v0":0.003,"v1":0.005},"geometry":{"type":"Polygon","coordinates":[[[-83.141,46.006],[-83.1337,46.0239],[-83.125,46.0332],[-83.115,46.0341],[-83.1045,46.0217],[-83.0934,45.996],[-83.0984,45.9818],[-83.1195,45.979],[-83.1337,45.9825],[-83.141,45.9922],[-83.141,46.006]]]}},{"type":"Feature","properties":{"c":"#00ff00","v0":0.003,"v1":0.005},"geometry":{"type":"Polygon","coordinates":[[[-98.8323,45.9589],[-98.8166,45.9658],[-98.8056,45.9589],[-98.7993,45.938],[-98.8046,45.9265],[-98.8215,45.9242],[-98.8325,45.9311],[-98.8376,45.9473],[-98.8323,45.9589]]]}},{"type":"Feature","properties":{"c":"#00ff00","v0":0.003,"v1":0.005},"geometry":{"type":"Polygon","coordinates":[[[-98.7416,45.945],[-98.7339,45.952],[-98.7243,45.952],[-98.713,45.945],[-98.713,45.9368],[-98.7243,45.9275],[-98.7339,45.9275],[-98.7416,45.9368],[-98.7416,45.945]]]}},{"type":"Feature","properties":{"c":"#00ff00","v0":0.003,"v1":0.005},"geometry":{"type":"Polygon","coordinates":[[[-98.9946,45.8689],[-98.9515,45.8907],[-98.9165,45.8977],[-98.8895,45.8898],[-98.8768,45.8789],[-98.8784,45.8649],[-98.8869,45.8532],[-98.9023,45.8436],[-98.93,45.837],[-98.97,45.8334],[-98.9965,45.8382],[-99.0096,45.8514],[-98.9946,45.8689]]]}},{"type":"Feature","properties":{"c":"#00ff00","v0":0.003,"v1":0.005},"geometry":{"type":"Polygon","coordinates":[[[-98.739,45.9018],[-98.7197,45.906],[-98.7061,45.9025],[-98.6984,45.8914],[-98.7034,45.8828],[-98.7211,45.8766],[-98.7347,45.8801],[-98.744,45.8932],[-98.739,45.9018]]]}},{"type":"Feature","properties":{"c":"#00ff00","v0":0.003,"v1":0.005},"geometry":{"type":"Polygon","coordinates":[[[-80.714,45.8301],[-80.6998,45.858],[-80.672,45.8701],[-80.6307,45.8665],[-80.6,45.8551],[-80.58,45.8359],[-80.545,45.8205],[-80.495,45.8088],[-80.4688,45.7993],[-80.4663,45.792],[-80.4813,45.7797],[-80.5138,45.7626],[-80.5778,45.7696],[-80.6734,45.8006],[-80.714,45.8301]],[[-80.5627,45.7918],[-80.5542,45.7988],[-80.5414,45.7988],[-80.5241,45.7918],[-80.5191,45.7854],[-80.5264,45.7796],[-80.5392,45.7796],[-80.5577,45.7854],[-80.5627,45.7918]]]}},{"type":"Feature","properties":{"c":"#00ff00","v0":0.003,"v1":0.005},"geometry":{"type":"Polygon","coordinates":[[[-83.3485,45.8239],[-83.3228,45.8394],[-83.295,45.8462],[-83.265,45.8444],[-83.24,45.8332],[-83.2201,45.8126],[-83.2073,45.7883],[-83.2016,45.7604],[-83.1852,45.7394],[-83.1582,45.7255],[-83.151,45.715],[-83.1637,45.7078],[-83.18,45.7112],[-83.2,45.7251],[-83.23,45.7338],[-83.27,45.7374],[-83.3078,45.7585],[-83.3435,45.7969],[-83.3485,45.8239]],[[-83.3336,45.8203],[-83.3179,45.8285],[-83.295,45.8303],[-83.265,45.8257],[-83.2414,45.8146],[-83.2241,45.7971],[-83.2191,45.7787],[-83.2264,45.7595],[-83.245,45.7495],[-83.275,45.7487],[-83.3029,45.7653],[-83.3286,45.7992],[-83.3336,45.8203]]]}},{"type":"Feature","properties":{"c":"#00ff00","v0":0.003,"v1":0.005},"geometry":{"type":"Polygon","coordinates":[[[-98.3831,45.4848],[-98.3744,45.4931],[-98.36,45.4957],[-98.34,45.4924],[-98.3291,45.4812],[-98.3273,45.4621],[-98.3373,45.4513],[-98.3591,45.4487],[-98.3744,45.4558],[-98.3831,45.4723],[-98.3831,45.4848]]]}},{"type":"Feature","properties":{"c":"#00ff00","v0":0.003,"v1":0.005},"geometry":{"type":"Polygon","coordinates":[[[-98.4713,45.4287],[-98.4571,45.4372],[-98.4461,45.4337],[-98.4384,45.4182],[-98.4434,45.4086],[-98.4611,45.405],[-98.4721,45.4085],[-98.4763,45.4192],[-98.4713,45.4287]]]}},{"type":"Feature","properties":{"c":"#00ff00","v0":0.003,"v1":0.005},"geometry":{"type":"Polygon","coordinates":[[[-75.9873,45.1052],[-75.9758,45.1141],[-75.9637,45.1141],[-75.951,45.1052],[-75.951,45.0967],[-75.9637,45.0887],[-75.9758,45.0887],[-75.9873,45.0967],[-75.9873,45.1052]]]}},{"type":"Feature","properties":{"c":"#00ff00","v0":0.003,"v1":0.005},"geometry":{"type":"Polygon","coordinates":[[[-76.2367,45.0717],[-76.2189,45.0986],[-76.1965,45.1092],[-76.1696,45.1035],[-76.1596,45.088],[-76.1665,45.0628],[-76.1889,45.0522],[-76.2267,45.0563],[-76.2367,45.0717]]]}},{"type":"Feature","properties":{"c":"#00ff00","v0":0.003,"v1":0.005},"geometry":{"type":"Polygon","coordinates":[[[-76.2993,45.0058],[-76.2798,45.0139],[-76.25,45.0137],[-76.21,45.0053],[-76.17,44.9883],[-76.13,44.9627],[-76.085,44.9544],[-76.035,44.9633],[-76.0119,44.9798],[-76.0158,45.0039],[-76.0108,45.0201],[-75.9969,45.0284],[-75.97,45.0272],[-75.93,45.0164],[-75.9046,45.0051],[-75.8938,44.9935],[-75.913,44.9805],[-75.9624,44.9664],[-76.0028,44.9452],[-76.0343,44.9168],[-76.065,44.9095],[-76.095,44.9233],[-76.13,44.9263],[-76.17,44.9186],[-76.2022,44.9223],[-76.2265,44.9375],[-76.2515,44.9459],[-76.2772,44.9472],[-76.2948,44.9614],[-76.3043,44.9883],[-76.2993,45.0058]]]}},{"type":"Feature","properties":{"c":"#00ff00","v0":0.003,"v1":0.005},"geometry":{"type":"Polygon","coordinates":[[[-84.8085,44.9278],[-84.7828,44.9497],[-84.758,44.9603],[-84.7341,44.9596],[-84.7091,44.9317],[-84.683,44.8764],[-84.7,44.8584],[-84.76,44.8776],[-84.7978,44.8946],[-84.8135,44.9094],[-84.8085,44.9278]]]}},{"type":"Feature","properties":{"c":"#00ff00","v0":0.003,"v1":0.005},"geometry":{"type":"Polygon","coordinates":[[[-73.9864,44.9384],[-73.9755,44.9531],[-73.9559,44.9566],[-73.9277,44.949],[-73.9227,44.9361],[-73.9409,44.9181],[-73.9605,44.9146],[-73.9814,44.9255],[-73.9864,44.9384]],[[-73.9745,44.9352],[-73.9715,44.9436],[-73.9599,44.9471],[-73.9396,44.9458],[-73.9346,44.9389],[-73.9449,44.9265],[-73.9565,44.9229],[-73.9695,44.9283],[-73.9745,44.9352]]]}},{"type":"Feature","properties":{"c":"#00ff00","v0":0.003,"v1":0.005},"geometry":{"type":"Polygon","coordinates":[[[-82.6484,44.6827],[-82.6112,44.7253],[-82.5754,44.7502],[-82.541,44.7573],[-82.5248,44.7466],[-82.5269,44.7182],[-82.5384,44.6898],[-82.5595,44.6614],[-82.59,44.6415],[-82.63,44.63],[-82.6542,44.6335],[-82.6627,44.6521],[-82.6484,44.6827]],[[-82.6368,44.679],[-82.6056,44.7143],[-82.58,44.7351],[-82.56,44.7416],[-82.5467,44.7381],[-82.5402,44.7248],[-82.5443,44.704],[-82.559,44.6755],[-82.5822,44.6552],[-82.6141,44.6428],[-82.6356,44.6428],[-82.6468,44.6552],[-82.6368,44.679]]]}},{"type":"Feature","properties":{"c":"#00ff00","v0":0.003,"v1":0.005},"geometry":{"type":"Polygon","coordinates":[[[-87.6609,44.638],[-87.6536,44.6482],[-87.6368,44.6518],[-87.6105,44.6487],[-87.6055,44.6391],[-87.6218,44.623],[-87.6386,44.6195],[-87.6559,44.6284],[-87.6609,44.638]]]}},{"type":"Feature","properties":{"c":"#00ff00","v0":0.003,"v1":0.005},"geometry":{"type":"Polygon","coordinates":[[[-78.9858,44.5703],[-78.9753,44.5876],[-78.95,44.6024],[-78.91,44.6147],[-78.8768,44.6167],[-78.8504,44.6085],[-78.8379,44.5973],[-78.8392,44.583],[-78.8474,44.5724],[-78.8625,44.5655],[-78.885,44.5617],[-78.915,44.5611],[-78.94,44.5542],[-78.96,44.541],[-78.9753,44.5412],[-78.9858,44.5548],[-78.9858,44.5703]]]}},{"type":"Feature","properties":{"c":"#00ff00","v0":0.003,"v1":0.005},"geometry":{"type":"Polygon","coordinates":[[[-78.9864,44.5115],[-78.9755,44.5254],[-78.969,44.5254],[-78.9671,44.5115],[-78.9726,44.5046],[-78.9855,44.5046],[-78.9864,44.5115]]]}},{"type":"Feature","properties":{"c":"#00ff00","v0":0.003,"v1":0.005},"geometry":{"type":"Polygon","coordinates":[[[-79.6659,44.0984],[-79.642,44.1162],[-79.6192,44.1162],[-79.5976,44.0984],[-79.5976,44.0813],[-79.6192,44.0649],[-79.642,44.0649],[-79.6659,44.0813],[-79.6659,44.0984]],[[-79.6555,44.0958],[-79.6385,44.1086],[-79.6223,44.1086],[-79.6069,44.0958],[-79.6069,44.0836],[-79.6223,44.072],[-79.6385,44.072],[-79.6555,44.0836],[-79.6555,44.0958]]]}},{"type":"Feature","properties":{"c":"#00ff00","v0":0.003,"v1":0.005},"geometry":{"type":"Polygon","coordinates":[[[-79.618,43.9852],[-79.5993,44.0067],[-79.575,44.0168],[-79.545,44.0156],[-79.5237,43.9868],[-79.5111,43.9306],[-79.5211,43.9013],[-79.5537,43.8992],[-79.5843,43.9172],[-79.613,43.9553],[-79.618,43.9852]],[[-79.6068,43.9826],[-79.5956,43.9988],[-79.5762,44.006],[-79.5486,44.0041],[-79.5361,43.9816],[-79.5385,43.9384],[-79.5473,43.9167],[-79.5624,43.9165],[-79.5806,43.9309],[-79.6018,43.9599],[-79.6068,43.9826]]]}},{"type":"Feature","properties":{"c":"#00ff00","v0":0.003,"v1":0.005},"geometry":{"type":"Polygon","coordinates":[[[-70.4063,43.9354],[-70.3954,43.9436],[-70.3824,43.9436],[-70.3671,43.9354],[-70.3671,43.9247],[-70.3824,43.9116],[-70.3954,43.9116],[-70.4063,43.9247],[-70.4063,43.9354]]]}},{"type":"Feature","properties":{"c":"#00ff00","v0":0.003,"v1":0.005},"geometry":{"type":"Polygon","coordinates":[[[-91.1077,43.8827],[-91.0959,43.9009],[-91.0758,43.9081],[-91.0474,43.9043],[-91.0424,43.8923],[-91.0608,43.8722],[-91.0809,43.865],[-91.1027,43.8707],[-91.1077,43.8827]]]}},{"type":"Feature","properties":{"c":"#00ff00","v0":0.003,"v1":0.005},"geometry":{"type":"Polygon","coordinates":[[[-79.5042,43.735],[-79.4947,43.7467],[-79.4766,43.7503],[-79.4497,43.7459],[-79.4325,43.7328],[-79.4249,43.7111],[-79.4283,43.6909],[-79.4428,43.6721],[-79.46,43.6656],[-79.48,43.6716],[-79.4947,43.6883],[-79.5042,43.7156],[-79.5042,43.735]],[[-79.4904,43.722],[-79.4814,43.7364],[-79.4701,43.7425],[-79.4567,43.7401],[-79.45,43.7234],[-79.45,43.6924],[-79.455,43.6766],[-79.465,43.676],[-79.4762,43.6855],[-79.4887,43.705],[-79.4904,43.722]]]}},{"type":"Feature","properties":{"c":"#00ff00","v0":0.003,"v1":0.005},"geometry":{"type":"Polygon","coordinates":[[[-92.0563,43.545],[-92.0388,43.5531],[-92.0271,43.5531],[-92.0213,43.545],[-92.0263,43.537],[-92.0421,43.5288],[-92.0538,43.5288],[-92.0613,43.537],[-92.0563,43.545]]]}},{"type":"Feature","properties":{"c":"#00ff00","v0":0.003,"v1":0.005},"geometry":{"type":"Polygon","coordinates":[[[-88.4918,43.416],[-88.4773,43.4273],[-88.4618,43.4309],[-88.4453,43.4269],[-88.4403,43.411],[-88.4468,43.3833],[-88.4596,43.3723],[-88.4787,43.3783],[-88.4909,43.3886],[-88.4964,43.4031],[-88.4918,43.416]]]}},{"type":"Feature","properties":{"c":"#00ff00","v0":0.003,"v1":0.005},"geometry":{"type":"Polygon","coordinates":[[[-81.4105,43.3731],[-81.3835,43.3856],[-81.3593,43.382],[-81.3379,43.3622],[-81.3379,43.3465],[-81.3593,43.335],[-81.3835,43.3387],[-81.4105,43.3574],[-81.4105,43.3731]]]}},{"type":"Feature","properties":{"c":"#00ff00","v0":0.003,"v1":0.005},"geometry":{"type":"Polygon","coordinates":[[[-80.3003,43.3578],[-80.2801,43.3689],[-80.2654,43.3689],[-80.2562,43.3578],[-80.2612,43.347],[-80.2804,43.3366],[-80.2951,43.3366],[-80.3053,43.347],[-80.3003,43.3578]]]}},{"type":"Feature","properties":{"c":"#00ff00","v0":0.003,"v1":0.005},"geometry":{"type":"Polygon","coordinates":[[[-80.8076,43.0663],[-80.7825,43.0774],[-80.763,43.0811],[-80.749,43.0772],[-80.739,43.068],[-80.733,43.0534],[-80.74,43.0405],[-80.76,43.0294],[-80.7825,43.0331],[-80.8076,43.0515],[-80.8076,43.0663]],[[-80.7882,43.0622],[-80.7761,43.0653],[-80.7661,43.0617],[-80.7584,43.0513],[-80.7633,43.0461],[-80.7806,43.0461],[-80.7906,43.0497],[-80.7931,43.057],[-80.7882,43.0622]]]}},{"type":"Feature","properties":{"c":"#00ff00","v0":0.003,"v1":0.005},"geometry":{"type":"Polygon","coordinates":[[[-88.5951,42.9955],[-88.5784,43.0112],[-88.5566,43.0149],[-88.5298,43.0064],[-88.5248,42.9897],[-88.5416,42.9646],[-88.56,42.955],[-88.58,42.9607],[-88.5934,42.9696],[-88.6001,42.9816],[-88.5951,42.9955]]]}},{"type":"Feature","properties":{"c":"#00ff00","v0":0.003,"v1":0.005},"geometry":{"type":"Polygon","coordinates":[[[-80.0836,42.8561],[-80.0479,42.8863],[-79.995,42.9091],[-79.925,42.9246],[-79.86,42.9246],[-79.8,42.9092],[-79.7561,42.89],[-79.7283,42.8672],[-79.7483,42.8399],[-79.8161,42.8081],[-79.87,42.8019],[-79.91,42.8213],[-79.95,42.8245],[-79.99,42.8114],[-80.0329,42.814],[-80.0786,42.832],[-80.0836,42.8561]],[[-80.025,42.8773],[-80.015,42.891],[-79.985,42.8993],[-79.935,42.9023],[-79.8789,42.8991],[-79.8166,42.8898],[-79.7784,42.8777],[-79.7644,42.8631],[-79.7806,42.8421],[-79.8269,42.8147],[-79.8588,42.8037],[-79.8764,42.8091],[-79.8914,42.8219],[-79.9038,42.8423],[-79.93,42.8517],[-79.97,42.85],[-80.0,42.8545],[-80.02,42.8651],[-80.025,42.8773]]]}},{"type":"Feature","properties":{"c":"#00ff00","v0":0.003,"v1":0.005},"geometry":{"type":"Polygon","coordinates":[[[-88.7999,42.8264],[-88.7729,42.8264],[-88.7421,42.818],[-88.7074,42.8011],[-88.69,42.7865],[-88.69,42.7743],[-88.695,42.7665],[-88.705,42.7629],[-88.715,42.7685],[-88.725,42.7831],[-88.7508,42.7994],[-88.7925,42.8174],[-88.7999,42.8264]]]}},{"type":"Feature","properties":{"c":"#00ff00","v0":0.003,"v1":0.005},"geometry":{"type":"Polygon","coordinates":[[[-78.2704,42.7604],[-78.2612,42.775],[-78.2399,42.7888],[-78.2066,42.8017],[-78.18,42.8096],[-78.16,42.8125],[-78.1441,42.8097],[-78.1323,42.8013],[-78.1423,42.7761],[-78.1741,42.7341],[-78.205,42.7151],[-78.235,42.7191],[-78.2562,42.729],[-78.2687,42.745],[-78.2704,42.7604]],[[-78.2509,42.7599],[-78.237,42.7738],[-78.2129,42.7811],[-78.1786,42.782],[-78.1736,42.769],[-78.1979,42.7421],[-78.222,42.7348],[-78.2459,42.7469],[-78.2509,42.7599]]]}},{"type":"Feature","properties":{"c":"#00ff00","v0":0.003,"v1":0.005},"geometry":{"type":"Polygon","coordinates":[[[-88.8581,42.5511],[-88.8527,42.5592],[-88.8403,42.5592],[-88.821,42.5511],[-88.816,42.5436],[-88.8253,42.5367],[-88.8377,42.5367],[-88.8531,42.5436],[-88.8581,42.5511]]]}},{"type":"Feature","properties":{"c":"#00ff00","v0":0.003,"v1":0.005},"geometry":{"type":"Polygon","coordinates":[[[-91.5227,42.5059],[-91.5142,42.5122],[-91.5039,42.5122],[-91.4918,42.5059],[-91.4918,42.4984],[-91.5039,42.4894],[-91.5142,42.4894],[-91.5227,42.4984],[-91.5227,42.5059]]]}},{"type":"Feature","properties":{"c":"#00ff00","v0":0.003,"v1":0.005},"geometry":{"type":"Polygon","coordinates":[[[-91.3209,42.3012],[-91.3136,42.3116],[-91.3022,42.3116],[-91.2865,42.3012],[-91.2865,42.2918],[-91.3022,42.2834],[-91.3136,42.2834],[-91.3209,42.2918],[-91.3209,42.3012]]]}},{"type":"Feature","properties":{"c":"#00ff00","v0":0.003,"v1":0.005},"geometry":{"type":"Polygon","coordinates":[[[-91.2341,42.188],[-91.218,42.2088],[-91.1933,42.2163],[-91.16,42.2102],[-91.119,42.1702],[-91.0704,42.096],[-91.007,42.0377],[-90.929,41.9952],[-90.8582,41.9431],[-90.7945,41.8815],[-90.7653,41.8395],[-90.7705,41.8171],[-90.7873,41.8006],[-90.8158,41.79],[-90.8396,41.79],[-90.8588,41.8006],[-90.9021,41.8395],[-90.9694,41.9065],[-91.0198,41.9656],[-91.0533,42.0167],[-91.113,42.0761],[-91.1991,42.1438],[-91.2341,42.188]],[[-91.2256,42.1855],[-91.2152,42.2015],[-91.1978,42.2089],[-91.1733,42.2078],[-91.1463,42.1887],[-91.1169,42.1516],[-91.0992,42.1185],[-91.0931,42.0892],[-91.1252,42.1004],[-91.1956,42.1518],[-91.2256,42.1855]],[[-90.9886,41.9751],[-90.9762,41.9859],[-90.9549,41.9859],[-90.9246,41.9751],[-90.8781,41.94],[-90.8151,41.8804],[-90.7853,41.842],[-90.7884,41.8248],[-90.805,41.8165],[-90.835,41.817],[-90.8805,41.8442],[-90.9416,41.8981],[-90.9778,41.9362],[-90.9891,41.9586],[-90.9886,41.9751]]]}},{"type":"Feature","properties":{"c":"#00ff00","v0":0.003,"v1":0.005},"geometry":{"type":"Polygon","coordinates":[[[-71.0482,42.135],[-71.0227,42.1387],[-71.0061,42.135],[-70.9984,42.1238],[-71.0034,42.1134],[-71.0211,42.1037],[-71.0377,42.1074],[-71.0532,42.1245],[-71.0482,42.135]]]}},{"type":"Feature","properties":{"c":"#00ff00","v0":0.003,"v1":0.005},"geometry":{"type":"Polygon","coordinates":[[[-93.4076,41.9469],[-93.3959,41.9607],[-93.3815,41.9644],[-93.3644,41.958],[-93.3644,41.9478],[-93.3815,41.9337],[-93.3959,41.93],[-93.4076,41.9366],[-93.4076,41.9469]]]}},{"type":"Feature","properties":{"c":"#00ff00","v0":0.003,"v1":0.005},"geometry":{"type":"Polygon","coordinates":[[[-93.8845,41.9288],[-93.8693,41.9362],[-93.8575,41.9325],[-93.849,41.9176],[-93.8511,41.9073],[-93.8637,41.9014],[-93.8755,41.9051],[-93.8865,41.9184],[-93.8845,41.9288]]]}},{"type":"Feature","properties":{"c":"#00ff00","v0":0.003,"v1":0.005},"geometry":{"type":"Polygon","coordinates":[[[-71.3469,41.913],[-71.3356,41.9187],[-71.3122,41.9076],[-71.2765,41.8795],[-71.2615,41.8567],[-71.2672,41.839],[-71.28,41.8314],[-71.3,41.834],[-71.3206,41.8541],[-71.3419,41.8915],[-71.3469,41.913]]]}},{"type":"Feature","properties":{"c":"#00ff00","v0":0.003,"v1":0.005},"geometry":{"type":"Polygon","coordinates":[[[-91.0518,41.8695],[-91.0373,41.8775],[-91.0258,41.8738],[-91.0173,41.8584],[-91.0173,41.8479],[-91.0258,41.8425],[-91.0373,41.8462],[-91.0518,41.8591],[-91.0518,41.8695]]]}},{"type":"Feature","properties":{"c":"#00ff00","v0":0.003,"v1":0.005},"geometry":{"type":"Polygon","coordinates":[[[-71.2174,41.8103],[-71.1991,41.819],[-71.1806,41.819],[-71.1618,41.8103],[-71.1618,41.8005],[-71.1806,41.7895],[-71.1991,41.7895],[-71.2174,41.8005],[-71.2174,41.8103]]]}},{"type":"Feature","properties":{"c":"#00ff00","v0":0.003,"v1":0.005},"geometry":{"type":"Polygon","coordinates":[[[-96.4283,41.3683],[-96.4084,41.4209],[-96.3664,41.4619],[-96.3021,41.4914],[-96.23,41.4845],[-96.15,41.4412],[-96.1106,41.4077],[-96.1117,41.384],[-96.0967,41.3722],[-96.0656,41.3724],[-96.0493,41.3574],[-96.048,41.3272],[-96.0376,41.3008],[-96.0183,41.2782],[-95.9795,41.2557],[-95.9211,41.2331],[-95.9115,41.2096],[-95.9505,41.1852],[-95.995,41.1694],[-96.045,41.162],[-96.115,41.1806],[-96.205,41.2249],[-96.26,41.2649],[-96.28,41.3007],[-96.31,41.3165],[-96.35,41.3124],[-96.3871,41.3183],[-96.4212,41.3342],[-96.4283,41.3683]]]}},{"type":"Feature","properties":{"c":"#00ff00","v0":0.003,"v1":0.005},"geometry":{"type":"Polygon","coordinates":[[[-90.7789,41.4219],[-90.7596,41.4315],[-90.7445,41.4278],[-90.7335,41.4107],[-90.7431,41.4059],[-90.7734,41.4134],[-90.7789,41.4219]]]}},{"type":"Feature","properties":{"c":"#00ff00","v0":0.003,"v1":0.005},"geometry":{"type":"Polygon","coordinates":[[[-90.6695,41.3906],[-90.6565,41.3975],[-90.6432,41.3975],[-90.6297,41.3906],[-90.6297,41.3824],[-90.6432,41.3731],[-90.6565,41.3731],[-90.6695,41.3824],[-90.6695,41.3906]]]}},{"type":"Feature","properties":{"c":"#00ff00","v0":0.003,"v1":0.005},"geometry":{"type":"Polygon","coordinates":[[[-94.1098,41.1949],[-94.0966,41.2012],[-94.0886,41.2012],[-94.0858,41.1949],[-94.0924,41.1917],[-94.1084,41.1917],[-94.1098,41.1949]]]}},{"type":"Feature","properties":{"c":"#00ff00","v0":0.003,"v1":0.005},"geometry":{"type":"Polygon","coordinates":[[[-95.9508,41.1356],[-95.9369,41.1437],[-95.9201,41.14],[-95.9004,41.1243],[-95.8954,41.1126],[-95.9051,41.105],[-95.9219,41.1088],[-95.9458,41.1239],[-95.9508,41.1356]]]}},{"type":"Feature","properties":{"c":"#00ff00","v0":0.003,"v1":0.005},"geometry":{"type":"Polygon","coordinates":[[[-95.8547,41.111],[-95.8382,41.1303],[-95.81,41.1409],[-95.77,41.1431],[-95.765,41.1257],[-95.795,41.0888],[-95.8178,41.0706],[-95.8335,41.071],[-95.8468,41.0787],[-95.8575,41.0938],[-95.8547,41.111]]]}},{"type":"Feature","properties":{"c":"#00ff00","v0":0.003,"v1":0.005},"geometry":{"type":"Polygon","coordinates":[[[-96.1887,41.0976],[-96.169,41.1202],[-96.1469,41.1338],[-96.1223,41.1384],[-96.105,41.1376],[-96.095,41.1314],[-96.0908,41.1178],[-96.0925,41.0968],[-96.1075,41.0822],[-96.1358,41.0742],[-96.1621,41.0742],[-96.1864,41.0822],[-96.1887,41.0976]]]}},{"type":"Feature","properties":{"c":"#00ff00","v0":0.003,"v1":0.005},"geometry":{"type":"Polygon","coordinates":[[[-88.6303,41.1014],[-88.6067,41.1014],[-88.6037,41.0966],[-88.6212,41.0872],[-88.633,41.0872],[-88.6391,41.0966],[-88.6303,41.1014]]]}},{"type":"Feature","properties":{"c":"#00ff00","v0":0.003,"v1":0.005},"geometry":{"type":"Polygon","coordinates":[[[-95.6285,41.0327],[-95.6028,41.0461],[-95.5782,41.0499],[-95.5546,41.044],[-95.5546,41.0309],[-95.5782,41.0106],[-95.6028,41.0069],[-95.6285,41.0196],[-95.6285,41.0327]]]}},{"type":"Feature","properties":{"c":"#00ff00","v0":0.003,"v1":0.005},"geometry":{"type":"Polygon","coordinates":[[[-89.0748,40.5643],[-89.0583,40.5799],[-89.0399,40.5837],[-89.0198,40.5757],[-89.0128,40.5641],[-89.0187,40.5489],[-89.0287,40.539],[-89.0429,40.5345],[-89.0583,40.5383],[-89.0748,40.5504],[-89.0748,40.5643]]]}},{"type":"Feature","properties":{"c":"#00ff00","v0":0.003,"v1":0.005},"geometry":{"type":"Polygon","coordinates":[[[-98.4553,40.4725],[-98.4384,40.487],[-98.4217,40.4832],[-98.405,40.4611],[-98.405,40.4473],[-98.4217,40.4418],[-98.4384,40.4456],[-98.4553,40.4587],[-98.4553,40.4725]]]}},{"type":"Feature","properties":{"c":"#00ff00","v0":0.003,"v1":0.005},"geometry":{"type":"Polygon","coordinates":[[[-98.4211,40.3867],[-98.4004,40.4123],[-98.375,40.4192],[-98.345,40.4075],[-98.305,40.4036],[-98.255,40.4075],[-98.2242,40.4044],[-98.2127,40.3942],[-98.2177,40.3792],[-98.2392,40.3594],[-98.28,40.3469],[-98.34,40.3417],[-98.3854,40.3478],[-98.4161,40.3652],[-98.4211,40.3867]]]}},{"type":"Feature","properties":{"c":"#00ff00","v0":0.003,"v1":0.005},"geometry":{"type":"Polygon","coordinates":[[[-98.1188,40.3646],[-98.0996,40.3766],[-98.0822,40.3766],[-98.0666,40.3646],[-98.0716,40.3536],[-98.0972,40.3436],[-98.1146,40.3436],[-98.1238,40.3536],[-98.1188,40.3646]]]}},{"type":"Feature","properties":{"c":"#00ff00","v0":0.003,"v1":0.005},"geometry":{"type":"Polygon","coordinates":[[[-98.5098,40.2734],[-98.4966,40.286],[-98.47,40.2857],[-98.43,40.2726],[-98.395,40.2472],[-98.365,40.2096],[-98.37,40.1812],[-98.41,40.1619],[-98.44,40.1538],[-98.46,40.1571],[-98.4816,40.1859],[-98.5048,40.2401],[-98.5098,40.2734]]]}},{"type":"Feature","properties":{"c":"#00ff00","v0":0.003,"v1":0.005},"geometry":{"type":"Polygon","coordinates":[[[-97.8107,40.2576],[-97.7836,40.2689],[-97.7622,40.2651],[-97.7465,40.2461],[-97.7415,40.2319],[-97.7472,40.2225],[-97.76,40.2171],[-97.78,40.2157],[-97.7986,40.2242],[-97.8157,40.2427],[-97.8107,40.2576]]]}},{"type":"Feature","properties":{"c":"#00ff00","v0":0.003,"v1":0.005},"geometry":{"type":"Polygon","coordinates":[[[-98.3031,40.2155],[-98.2944,40.2343],[-98.26,40.246],[-98.2,40.2506],[-98.175,40.2392],[-98.185,40.2119],[-98.215,40.1956],[-98.265,40.1903],[-98.2944,40.1923],[-98.3031,40.2015],[-98.3031,40.2155]]]}},{"type":"Feature","properties":{"c":"#00ff00","v0":0.003,"v1":0.005},"geometry":{"type":"Polygon","coordinates":[[[-89.4994,40.229],[-89.478,40.2137],[-89.4729,40.2057],[-89.4843,40.2051],[-89.495,40.2127],[-89.5051,40.2287],[-89.4994,40.229]]]}},{"type":"Feature","properties":{"c":"#00ff00","v0":0.003,"v1":0.005},"geometry":{"type":"Polygon","coordinates":[[[-98.136,40.2124],[-98.1187,40.2251],[-98.0927,40.2212],[-98.058,40.201],[-98.053,40.1875],[-98.0777,40.1807],[-98.1037,40.1846],[-98.131,40.1989],[-98.136,40.2124]]]}},{"type":"Feature","properties":{"c":"#00ff00","v0":0.003,"v1":0.005},"geometry":{"type":"Polygon","coordinates":[[[-98.0279,40.1297],[-98.0241,40.1602],[-98.0141,40.1816],[-97.998,40.1939],[-97.96,40.2028],[-97.9,40.2084],[-97.86,40.2073],[-97.84,40.1997],[-97.83,40.1754],[-97.83,40.1343],[-97.865,40.1062],[-97.935,40.0911],[-97.985,40.0913],[-98.0149,40.1067],[-98.0279,40.1297]],[[-97.9122,40.1656],[-97.8974,40.1762],[-97.8818,40.1762],[-97.8654,40.1656],[-97.8654,40.1553],[-97.8818,40.1455],[-97.8974,40.1455],[-97.9122,40.1553],[-97.9122,40.1656]]]}},{"type":"Feature","properties":{"c":"#00ff00","v0":0.003,"v1":0.005},"geometry":{"type":"Polygon","coordinates":[[[-89.3843,40.1769],[-89.3614,40.1795],[-89.349,40.1757],[-89.3471,40.1654],[-89.3521,40.1578],[-89.364,40.153],[-89.3764,40.1569],[-89.3893,40.1693],[-89.3843,40.1769]]]}},{"type":"Feature","properties":{"c":"#00ff00","v0":0.003,"v1":0.005},"geometry":{"type":"Polygon","coordinates":[[[-98.3474,40.0926],[-98.3358,40.1104],[-98.315,40.1183],[-98.285,40.1164],[-98.2588,40.1114],[-98.2365,40.1032],[-98.2224,40.0914],[-98.2167,40.0761],[-98.2279,40.0615],[-98.256,40.0477],[-98.285,40.0446],[-98.315,40.0522],[-98.3358,40.063],[-98.3474,40.0768],[-98.3474,40.0926]]]}},{"type":"Feature","properties":{"c":"#00ff00","v0":0.003,"v1":0.005},"geometry":{"type":"Polygon","coordinates":[[[-97.6451,40.0742],[-97.635,40.0857],[-97.6242,40.0896],[-97.6126,40.0857],[-97.6076,40.0788],[-97.6092,40.0689],[-97.62,40.0651],[-97.6401,40.0673],[-97.6451,40.0742]]]}},{"type":"Feature","properties":{"c":"#00ff00","v0":0.003,"v1":0.005},"geometry":{"type":"Polygon","coordinates":[[[-98.2671,39.8092],[-98.2557,39.8121],[-98.25,39.8066],[-98.25,39.7927],[-98.2557,39.7913],[-98.2671,39.8023],[-98.2671,39.8092]]]}},{"type":"Feature","properties":{"c":"#00ff00","v0":0.003,"v1":0.005},"geometry":{"type":"Polygon","coordinates":[[[-105.2019,39.7208],[-105.194,39.7313],[-105.1827,39.7351],[-105.1681,39.7323],[-105.1631,39.7246],[-105.1677,39.7119],[-105.179,39.708],[-105.1969,39.713],[-105.2019,39.7208]]]}},{"type":"Feature","properties":{"c":"#00ff00","v0":0.003,"v1":0.005},"geometry":{"type":"Polygon","coordinates":[[[-104.7324,39.7219],[-104.7175,39.7346],[-104.7011,39.7346],[-104.6832,39.7219],[-104.6832,39.7061],[-104.7011,39.6873],[-104.7175,39.6873],[-104.7324,39.7061],[-104.7324,39.7219]]]}},{"type":"Feature","properties":{"c":"#00ff00","v0":0.003,"v1":0.005},"geometry":{"type":"Polygon","coordinates":[[[-96.1267,39.6734],[-96.1156,39.6815],[-96.1069,39.6815],[-96.1007,39.6734],[-96.1007,39.6658],[-96.1069,39.6586],[-96.1156,39.6586],[-96.1267,39.6658],[-96.1267,39.6734]]]}},{"type":"Feature","properties":{"c":"#00ff00","v0":0.003,"v1":0.005},"geometry":{"type":"Polygon","coordinates":[[[-104.7807,39.6434],[-104.7736,39.6532],[-104.755,39.6596],[-104.725,39.6626],[-104.7016,39.6385],[-104.6849,39.5871],[-104.6799,39.5543],[-104.6866,39.5399],[-104.71,39.5374],[-104.75,39.5468],[-104.7684,39.5656],[-104.7652,39.5937],[-104.7688,39.6154],[-104.7791,39.6308],[-104.7807,39.6434]]]}},{"type":"Feature","properties":{"c":"#00ff00","v0":0.003,"v1":0.005},"geometry":{"type":"Polygon","coordinates":[[[-98.4436,39.6565],[-98.4345,39.6618],[-98.4232,39.6579],[-98.4097,39.645],[-98.4097,39.636],[-98.4232,39.6309],[-98.4345,39.6348],[-98.4436,39.6475],[-98.4436,39.6565]]]}},{"type":"Feature","properties":{"c":"#00ff00","v0":0.003,"v1":0.005},"geometry":{"type":"Polygon","coordinates":[[[-96.0485,39.6301],[-96.0362,39.6439],[-96.022,39.6478],[-96.0061,39.6416],[-96.0011,39.6316],[-96.007,39.6178],[-96.0212,39.6139],[-96.0435,39.6201],[-96.0485,39.6301]]]}},{"type":"Feature","properties":{"c":"#00ff00","v0":0.003,"v1":0.005},"geometry":{"type":"Polygon","coordinates":[[[-101.6711,39.3803],[-101.6704,39.3884],[-101.66,39.3941],[-101.64,39.3972],[-101.615,39.3962],[-101.585,39.391],[-101.5648,39.3815],[-101.5545,39.3676],[-101.5745,39.3604],[-101.6248,39.3596],[-101.6554,39.3635],[-101.6661,39.372],[-101.6711,39.3803]]]}},{"type":"Feature","properties":{"c":"#00ff00","v0":0.003,"v1":0.005},"geometry":{"type":"Polygon","coordinates":[[[-108.3261,39.0352],[-108.3056,39.0352],[-108.299,39.0317],[-108.3063,39.0248],[-108.3166,39.0248],[-108.3297,39.0317],[-108.3261,39.0352]]]}},{"type":"Feature","properties":{"c":"#00ff00","v0":0.003,"v1":0.005},"geometry":{"type":"Polygon","coordinates":[[[-108.246,38.9801],[-108.2353,38.9941],[-108.2267,38.9941],[-108.2201,38.9801],[-108.2201,38.9694],[-108.2267,38.962],[-108.2353,38.962],[-108.246,38.9694],[-108.246,38.9801]]]}},{"type":"Feature","properties":{"c":"#00ff00","v0":0.003,"v1":0.005},"geometry":{"type":"Polygon","coordinates":[[[-105.0648,38.9528],[-105.0549,38.9746],[-105.045,38.9848],[-105.035,38.9832],[-105.02,38.9698],[-105.0,38.9445],[-104.9655,38.9188],[-104.9165,38.8927],[-104.8928,38.8758],[-104.8946,38.868],[-104.9091,38.8595],[-104.9364,38.8502],[-104.96,38.8595],[-104.98,38.8872],[-105.005,38.9037],[-105.035,38.9088],[-105.0549,38.919],[-105.0648,38.9343],[-105.0648,38.9528]]]}},{"type":"Feature","properties":{"c":"#00ff00","v0":0.003,"v1":0.005},"geometry":{"type":"Polygon","coordinates":[[[-104.2766,38.9484],[-104.2722,38.9613],[-104.26,38.9686],[-104.24,38.9703],[-104.2211,38.9638],[-104.2033,38.9492],[-104.1935,38.9341],[-104.1919,38.9186],[-104.2008,38.9091],[-104.2203,38.9056],[-104.2422,38.9133],[-104.2666,38.9324],[-104.2766,38.9484]]]}},{"type":"Feature","properties":{"c":"#00ff00","v0":0.003,"v1":0.005},"geometry":{"type":"Polygon","coordinates":[[[-90.4333,38.973],[-90.4165,38.973],[-90.4135,38.9685],[-90.4245,38.9593],[-90.4329,38.9593],[-90.4388,38.9685],[-90.4333,38.973]]]}},{"type":"Feature","properties":{"c":"#00ff00","v0":0.003,"v1":0.005},"geometry":{"type":"Polygon","coordinates":[[[-90.9529,38.8072],[-90.9376,38.818],[-90.9179,38.818],[-90.8936,38.8072],[-90.8936,38.7942],[-90.9179,38.7791],[-90.9376,38.7791],[-90.9529,38.7942],[-90.9529,38.8072]]]}},{"type":"Feature","properties":{"c":"#00ff00","v0":0.003,"v1":0.005},"geometry":{"type":"Polygon","coordinates":[[[-90.8293,38.8174],[-90.8106,38.8174],[-90.8034,38.8134],[-90.8078,38.8056],[-90.8172,38.8056],[-90.8315,38.8134],[-90.8293,38.8174]]]}},{"type":"Feature","properties":{"c":"#00ff00","v0":0.003,"v1":0.005},"geometry":{"type":"Polygon","coordinates":[[[-104.9734,38.7913],[-104.9578,38.8016],[-104.9454,38.8016],[-104.9362,38.7913],[-104.9412,38.7803],[-104.9604,38.7686],[-104.9728,38.7686],[-104.9784,38.7803],[-104.9734,38.7913]]]}},{"type":"Feature","properties":{"c":"#00ff00","v0":0.003,"v1":0.005},"geometry":{"type":"Polygon","coordinates":[[[-104.8707,38.7516],[-104.8569,38.7759],[-104.8404,38.7837],[-104.8211,38.775],[-104.8161,38.7603],[-104.8254,38.7397],[-104.84,38.7281],[-104.86,38.7255],[-104.8719,38.728],[-104.8757,38.7356],[-104.8707,38.7516]]]}},{"type":"Feature","properties":{"c":"#00ff00","v0":0.003,"v1":0.005},"geometry":{"type":"Polygon","coordinates":[[[-104.9002,38.6035],[-104.8934,38.6128],[-104.87,38.6183],[-104.83,38.62],[-104.8089,38.6037],[-104.8067,38.5692],[-104.8184,38.548],[-104.8438,38.5402],[-104.8683,38.5519],[-104.8919,38.5832],[-104.9002,38.6035]],[[-104.8433,38.5858],[-104.8344,38.591],[-104.83,38.5863],[-104.83,38.5715],[-104.8344,38.5689],[-104.8433,38.5785],[-104.8433,38.5858]]]}},{"type":"Feature","properties":{"c":"#00ff00","v0":0.003,"v1":0.005},"geometry":{"type":"Polygon","coordinates":[[[-104.4655,38.331],[-104.4152,38.3904],[-104.37,38.4233],[-104.33,38.4298],[-104.295,38.4237],[-104.265,38.4052],[-104.245,38.3987],[-104.235,38.4044],[-104.2277,38.416],[-104.2232,38.4336],[-104.2318,38.4541],[-104.2537,38.4776],[-104.256,38.4933],[-104.2387,38.5013],[-104.215,38.5003],[-104.185,38.4904],[-104.16,38.5078],[-104.14,38.5526],[-104.12,38.5766],[-104.1,38.5801],[-104.0774,38.5743],[-104.0521,38.5594],[-104.0381,38.5441],[-104.0353,38.5285],[-104.044,38.5089],[-104.0641,38.4854],[-104.0733,38.4541],[-104.0715,38.4149],[-104.0905,38.3651],[-104.1302,38.3046],[-104.1728,38.2693],[-104.2185,38.2592],[-104.2685,38.272],[-104.3228,38.3077],[-104.375,38.3168],[-104.425,38.2993],[-104.4602,38.2933],[-104.4805,38.2986],[-104.4655,38.331]],[[-104.1349,38.4137],[-104.1183,38.4189],[-104.109,38.415],[-104.1071,38.4019],[-104.1121,38.3932],[-104.124,38.3889],[-104.1333,38.3928],[-104.1399,38.4049],[-104.1349,38.4137]]]}},{"type":"Feature","properties":{"c":"#00ff00","v0":0.003,"v1":0.005},"geometry":{"type":"Polygon","coordinates":[[[-105.2013,38.2384],[-105.1838,38.2384],[-105.1638,38.2296],[-105.1413,38.2119],[-105.11,38.2058],[-105.07,38.2113],[-105.0335,38.2045],[-105.0005,38.1852],[-104.9761,38.1638],[-104.9601,38.1402],[-104.9515,38.1196],[-104.9505,38.1022],[-104.9676,38.0786],[-105.0028,38.0488],[-104.9962,37.9866],[-104.9477,37.892],[-104.9301,37.8314],[-104.9434,37.805],[-104.9587,37.7971],[-104.9762,37.8077],[-104.994,37.8367],[-105.0121,37.8841],[-105.0367,37.9196],[-105.0675,37.9433],[-105.0753,37.9748],[-105.0601,38.0142],[-105.0619,38.0383],[-105.0806,38.0472],[-105.105,38.0401],[-105.135,38.0171],[-105.1629,38.0166],[-105.1887,38.0386],[-105.2034,38.0536],[-105.2069,38.0615],[-105.1892,38.0811],[-105.1503,38.1126],[-105.1416,38.1362],[-105.1632,38.152],[-105.1748,38.1716],[-105.1764,38.1952],[-105.1854,38.2148],[-105.2018,38.2306],[-105.2013,38.2384]]]}},{"type":"Feature","properties":{"c":"#00ff00","v0":0.003,"v1":0.005},"geometry":{"type":"Polygon","coordinates":[[[-103.9996,37.9595],[-103.9932,37.9683],[-103.9849,37.9683],[-103.9747,37.9595],[-103.9779,37.9551],[-103.9945,37.9551],[-103.9996,37.9595]]]}},{"type":"Feature","properties":{"c":"#00ff00","v0":0.003,"v1":0.005},"geometry":{"type":"Polygon","coordinates":[[[-99.7507,37.8328],[-99.7502,37.8406],[-99.7419,37.8446],[-99.7258,37.8446],[-99.7261,37.8406],[-99.7426,37.8328],[-99.7507,37.8328]]]}},{"type":"Feature","properties":{"c":"#00ff00","v0":0.003,"v1":0.005},"geometry":{"type":"Polygon","coordinates":[[[-112.8949,37.6113],[-112.8808,37.6509],[-112.8629,37.677],[-112.841,37.6898],[-112.83,37.6864],[-112.83,37.6666],[-112.8391,37.6523],[-112.8573,37.6434],[-112.869,37.6271],[-112.8742,37.6033],[-112.8831,37.5914],[-112.8956,37.5914],[-112.8949,37.6113]]]}},{"type":"Feature","properties":{"c":"#00ff00","v0":0.003,"v1":0.005},"geometry":{"type":"Polygon","coordinates":[[[-100.0963,37.655],[-100.0654,37.6552],[-100.0445,37.6473],[-100.0335,37.6312],[-100.0489,37.6311],[-100.0908,37.6469],[-100.0963,37.655]]]}},{"type":"Feature","properties":{"c":"#00ff00","v0":0.003,"v1":0.005},"geometry":{"type":"Polygon","coordinates":[[[-100.3891,37.6125],[-100.3764,37.623],[-100.3469,37.6191],[-100.3006,37.6007],[-100.2956,37.5846],[-100.3319,37.5708],[-100.3614,37.5748],[-100.3841,37.5965],[-100.3891,37.6125]]]}},{"type":"Feature","properties":{"c":"#00ff00","v0":0.003,"v1":0.005},"geometry":{"type":"Polygon","coordinates":[[[-97.4157,37.5638],[-97.3986,37.5719],[-97.3815,37.5719],[-97.3645,37.5638],[-97.3645,37.5526],[-97.3815,37.5383],[-97.3986,37.5383],[-97.4157,37.5526],[-97.4157,37.5638]]]}},{"type":"Feature","properties":{"c":"#00ff00","v0":0.003,"v1":0.005},"geometry":{"type":"Polygon","coordinates":[[[-99.9119,37.4556],[-99.8973,37.4694],[-99.882,37.4654],[-99.8661,37.4437],[-99.8661,37.4286],[-99.882,37.4202],[-99.8973,37.4241],[-99.9119,37.4405],[-99.9119,37.4556]]]}},{"type":"Feature","properties":{"c":"#00ff00","v0":0.003,"v1":0.005},"geometry":{"type":"Polygon","coordinates":[[[-100.0513,37.405],[-100.0257,37.4129],[-100.0071,37.404],[-99.9957,37.3782],[-99.9731,37.3583],[-99.9392,37.3444],[-99.9443,37.3374],[-99.9883,37.3374],[-100.0238,37.3533],[-100.0507,37.3851],[-100.0513,37.405]]]}},{"type":"Feature","properties":{"c":"#00ff00","v0":0.003,"v1":0.005},"geometry":{"type":"Polygon","coordinates":[[[-105.1737,37.3643],[-105.1579,37.3862],[-105.1385,37.3862],[-105.1156,37.3643],[-105.1156,37.3455],[-105.1385,37.3297],[-105.1579,37.3297],[-105.1737,37.3455],[-105.1737,37.3643]]]}},{"type":"Feature","properties":{"c":"#00ff00","v0":0.003,"v1":0.005},"geometry":{"type":"Polygon","coordinates":[[[-105.0257,37.364],[-105.0019,37.3852],[-104.975,37.3946],[-104.945,37.3923],[-104.9239,37.3857],[-104.9116,37.3747],[-104.9166,37.3623],[-104.9389,37.3485],[-104.97,37.3411],[-105.01,37.3402],[-105.0319,37.3431],[-105.0357,37.3499],[-105.0257,37.364]],[[-104.9891,37.373],[-104.9764,37.3804],[-104.9623,37.3804],[-104.9468,37.373],[-104.9468,37.3657],[-104.9623,37.3587],[-104.9764,37.3587],[-104.9891,37.3657],[-104.9891,37.373]]]}},{"type":"Feature","properties":{"c":"#00ff00","v0":0.003,"v1":0.005},"geometry":{"type":"Polygon","coordinates":[[[-97.3133,37.3162],[-97.2978,37.3375],[-97.275,37.348],[-97.245,37.3479],[-97.222,37.3413],[-97.2061,37.3281],[-97.1993,37.3056],[-97.2019,37.2738],[-97.2248,37.2563],[-97.2683,37.253],[-97.2978,37.2649],[-97.3133,37.2921],[-97.3133,37.3162]],[[-97.3052,37.3141],[-97.2951,37.331],[-97.275,37.3395],[-97.245,37.3396],[-97.2231,37.3312],[-97.2094,37.3141],[-97.2038,37.2977],[-97.2064,37.2818],[-97.2232,37.2686],[-97.2544,37.2581],[-97.2801,37.2661],[-97.3002,37.2924],[-97.3052,37.3141]]]}},{"type":"Feature","properties":{"c":"#00ff00","v0":0.003,"v1":0.005},"geometry":{"type":"Polygon","coordinates":[[[-105.1517,37.2779],[-105.1372,37.2861],[-105.1268,37.2861],[-105.1203,37.2779],[-105.1203,37.2698],[-105.1268,37.2618],[-105.1372,37.2618],[-105.1517,37.2698],[-105.1517,37.2779]]]}},{"type":"Feature","properties":{"c":"#00ff00","v0":0.003,"v1":0.005},"geometry":{"type":"Polygon","coordinates":[[[-101.5069,36.9941],[-101.4956,37.0087],[-101.4879,37.0087],[-101.4836,36.9941],[-101.4892,36.9868],[-101.5047,36.9868],[-101.5069,36.9941]]]}},{"type":"Feature","properties":{"c":"#00ff00","v0":0.003,"v1":0.005},"geometry":{"type":"Polygon","coordinates":[[[-102.6844,36.9144],[-102.6615,36.9295],[-102.6399,36.9295],[-102.6196,36.9144],[-102.6065,36.8908],[-102.6006,36.8588],[-102.5879,36.8308],[-102.5683,36.8068],[-102.5664,36.7744],[-102.5821,36.7336],[-102.6058,36.7175],[-102.6374,36.7263],[-102.6462,36.7427],[-102.6323,36.7668],[-102.643,36.8108],[-102.6782,36.8748],[-102.6844,36.9144]],[[-102.666,36.9092],[-102.6553,36.9139],[-102.645,36.9084],[-102.635,36.8928],[-102.635,36.8825],[-102.645,36.8775],[-102.6553,36.883],[-102.666,36.8989],[-102.666,36.9092]]]}},{"type":"Feature","properties":{"c":"#00ff00","v0":0.003,"v1":0.005},"geometry":{"type":"Polygon","coordinates":[[[-104.9595,36.6582],[-104.9398,36.6737],[-104.92,36.68],[-104.9,36.6772],[-104.8846,36.6695],[-104.8739,36.6568],[-104.8789,36.6442],[-104.8996,36.6314],[-104.9248,36.6314],[-104.9545,36.6442],[-104.9595,36.6582]]]}},{"type":"Feature","properties":{"c":"#00ff00","v0":0.003,"v1":0.005},"geometry":{"type":"Polygon","coordinates":[[[-98.0519,36.5602],[-98.0373,36.5722],[-98.0233,36.5763],[-98.0099,36.5722],[-98.0078,36.5622],[-98.0171,36.5461],[-98.0311,36.5421],[-98.0499,36.5501],[-98.0519,36.5602]]]}},{"type":"Feature","properties":{"c":"#00ff00","v0":0.003,"v1":0.005},"geometry":{"type":"Polygon","coordinates":[[[-115.2765,36.3827],[-115.2588,36.3938],[-115.2397,36.3897],[-115.2192,36.3707],[-115.2192,36.3582],[-115.2397,36.3525],[-115.2588,36.3565],[-115.2765,36.3703],[-115.2765,36.3827]]]}},{"type":"Feature","properties":{"c":"#00ff00","v0":0.003,"v1":0.005},"geometry":{"type":"Polygon","coordinates":[[[-106.1739,35.9454],[-106.1713,35.9539],[-106.165,35.9541],[-106.155,35.9461],[-106.15,35.9362],[-106.15,35.9243],[-106.1563,35.924],[-106.1689,35.9355],[-106.1739,35.9454]]]}},{"type":"Feature","properties":{"c":"#00ff00","v0":0.003,"v1":0.005},"geometry":{"type":"Polygon","coordinates":[[[-114.7933,35.9136],[-114.7911,35.9232],[-114.7807,35.9272],[-114.7621,35.9257],[-114.7571,35.9188],[-114.7657,35.9064],[-114.7761,35.9023],[-114.7883,35.9066],[-114.7933,35.9136]]]}},{"type":"Feature","properties":{"c":"#00ff00","v0":0.003,"v1":0.005},"geometry":{"type":"Polygon","coordinates":[[[-102.1087,35.8521],[-102.0962,35.8684],[-102.08,35.8751],[-102.06,35.8722],[-102.0369,35.86],[-102.0106,35.8385],[-101.9997,35.8156],[-102.0044,35.7913],[-102.0226,35.7791],[-102.0542,35.7792],[-102.0812,35.7954],[-102.1037,35.8278],[-102.1087,35.8521]],[[-102.0993,35.8493],[-102.0931,35.8598],[-102.08,35.8637],[-102.06,35.8608],[-102.0402,35.8515],[-102.0207,35.8357],[-102.0113,35.8197],[-102.0122,35.8034],[-102.0169,35.7918],[-102.0256,35.7849],[-102.04,35.7841],[-102.06,35.7894],[-102.0781,35.805],[-102.0943,35.831],[-102.0993,35.8493]]]}},{"type":"Feature","properties":{"c":"#00ff00","v0":0.003,"v1":0.005},"geometry":{"type":"Polygon","coordinates":[[[-106.1468,35.6556],[-106.1356,35.6685],[-106.125,35.6734],[-106.115,35.6705],[-106.107,35.66],[-106.1011,35.642],[-106.1011,35.629],[-106.107,35.6212],[-106.1206,35.6253],[-106.1418,35.6412],[-106.1468,35.6556]]]}},{"type":"Feature","properties":{"c":"#00ff00","v0":0.003,"v1":0.005},"geometry":{"type":"Polygon","coordinates":[[[-101.3226,35.4463],[-101.3009,35.4636],[-101.2797,35.4596],[-101.2592,35.4341],[-101.2592,35.4164],[-101.2797,35.4066],[-101.3009,35.4107],[-101.3226,35.4286],[-101.3226,35.4463]]]}},{"type":"Feature","properties":{"c":"#00ff00","v0":0.003,"v1":0.005},"geometry":{"type":"Polygon","coordinates":[[[-106.0162,35.4103],[-106.0121,35.4209],[-106.0047,35.425],[-105.994,35.4225],[-105.9911,35.4091],[-105.9957,35.3846],[-106.0031,35.3805],[-106.0133,35.3969],[-106.0162,35.4103]]]}},{"type":"Feature","properties":{"c":"#00ff00","v0":0.003,"v1":0.005},"geometry":{"type":"Polygon","coordinates":[[[-76.392,35.2703],[-76.3773,35.2946],[-76.34,35.3136],[-76.28,35.3274],[-76.27,35.3109],[-76.31,35.264],[-76.34,35.238],[-76.36,35.2329],[-76.3773,35.2373],[-76.392,35.2512],[-76.392,35.2703]],[[-76.3716,35.2804],[-76.3572,35.2923],[-76.343,35.2964],[-76.329,35.2927],[-76.329,35.281],[-76.343,35.2615],[-76.3572,35.2574],[-76.3716,35.2688],[-76.3716,35.2804]]]}},{"type":"Feature","properties":{"c":"#00ff00","v0":0.003,"v1":0.005},"geometry":{"type":"Polygon","coordinates":[[[-101.8021,35.2368],[-101.7807,35.2594],[-101.74,35.2662],[-101.68,35.2571],[-101.6445,35.2458],[-101.6336,35.2323],[-101.6586,35.2087],[-101.7195,35.1752],[-101.7632,35.167],[-101.7895,35.1842],[-101.8052,35.201],[-101.8102,35.2173],[-101.8021,35.2368]]]}},{"type":"Feature","properties":{"c":"#00ff00","v0":0.003,"v1":0.005},"geometry":{"type":"Polygon","coordinates":[[[-101.0694,34.8549],[-101.0431,34.8672],[-101.0193,34.863],[-100.9979,34.8426],[-100.9929,34.8257],[-101.0043,34.8123],[-101.02,34.8051],[-101.04,34.8041],[-101.0581,34.8149],[-101.0744,34.8375],[-101.0694,34.8549]],[[-101.0569,34.8397],[-101.039,34.8543],[-101.0226,34.8543],[-101.0079,34.8397],[-101.0079,34.8272],[-101.0226,34.8169],[-101.039,34.8169],[-101.0569,34.8272],[-101.0569,34.8397]]]}},{"type":"Feature","properties":{"c":"#00ff00","v0":0.003,"v1":0.005},"geometry":{"type":"Polygon","coordinates":[[[-102.8854,34.8244],[-102.8618,34.8412],[-102.8344,34.8453],[-102.8033,34.8367],[-102.8033,34.8222],[-102.8344,34.8017],[-102.8618,34.7976],[-102.8854,34.8099],[-102.8854,34.8244]]]}},{"type":"Feature","properties":{"c":"#00ff00","v0":0.003,"v1":0.005},"geometry":{"type":"Polygon","coordinates":[[[-101.8136,34.7124],[-101.7445,34.768],[-101.7018,34.7927],[-101.6853,34.7863],[-101.6805,34.7708],[-101.6874,34.7461],[-101.7206,34.7171],[-101.7802,34.6838],[-101.8195,34.6714],[-101.8386,34.6801],[-101.8136,34.7124]]]}},{"type":"Feature","properties":{"c":"#00ff00","v0":0.003,"v1":0.005},"geometry":{"type":"Polygon","coordinates":[[[-103.4534,34.7379],[-103.4283,34.7461],[-103.4193,34.7452],[-103.4264,34.7351],[-103.439,34.731],[-103.4569,34.7329],[-103.4534,34.7379]]]}},{"type":"Feature","properties":{"c":"#00ff00","v0":0.003,"v1":0.005},"geometry":{"type":"Polygon","coordinates":[[[-98.7637,34.7223],[-98.7412,34.732],[-98.7196,34.7279],[-98.6989,34.7099],[-98.7039,34.6984],[-98.7346,34.6932],[-98.7562,34.6974],[-98.7687,34.7107],[-98.7637,34.7223]]]}},{"type":"Feature","properties":{"c":"#00ff00","v0":0.003,"v1":0.005},"geometry":{"type":"Polygon","coordinates":[[[-100.6976,34.6409],[-100.6925,34.6524],[-100.6807,34.6565],[-100.662,34.6532],[-100.637,34.6381],[-100.6057,34.6111],[-100.5615,34.5864],[-100.5046,34.564],[-100.4726,34.5405],[-100.4657,34.5157],[-100.4784,34.4993],[-100.5107,34.491],[-100.5702,34.524],[-100.6568,34.5981],[-100.6976,34.6409]],[[-100.5512,34.55],[-100.5104,34.5445],[-100.4876,34.5362],[-100.4829,34.5253],[-100.4879,34.5156],[-100.5026,34.5071],[-100.5254,34.5153],[-100.5562,34.5403],[-100.5512,34.55]]]}},{"type":"Feature","properties":{"c":"#00ff00","v0":0.003,"v1":0.005},"geometry":{"type":"Polygon","coordinates":[[[-100.0778,34.6421],[-100.0726,34.656],[-100.0598,34.6601],[-100.0395,34.6544],[-100.0345,34.6402],[-100.0448,34.6174],[-100.0576,34.6133],[-100.0728,34.6279],[-100.0778,34.6421]]]}},{"type":"Feature","properties":{"c":"#00ff00","v0":0.003,"v1":0.005},"geometry":{"type":"Polygon","coordinates":[[[-102.239,34.5829],[-102.2197,34.61],[-102.2016,34.6182],[-102.1847,34.6076],[-102.1768,34.5816],[-102.178,34.5405],[-102.1864,34.5073],[-102.2021,34.4822],[-102.2197,34.4945],[-102.239,34.5444],[-102.239,34.5829]]]}},{"type":"Feature","properties":{"c":"#00ff00","v0":0.003,"v1":0.005},"geometry":{"type":"Polygon","coordinates":[[[-102.9661,34.1486],[-102.9554,34.1989],[-102.9372,34.203],[-102.9117,34.161],[-102.9011,34.1193],[-102.9055,34.0779],[-102.9133,34.0509],[-102.9244,34.0385],[-102.9375,34.0343],[-102.9525,34.0385],[-102.9628,34.0613],[-102.9686,34.1027],[-102.9661,34.1486]]]}},{"type":"Feature","properties":{"c":"#00ff00","v0":0.003,"v1":0.005},"geometry":{"type":"Polygon","coordinates":[[[-99.0893,34.1151],[-99.0764,34.1315],[-99.064,34.1315],[-99.0521,34.1151],[-99.0521,34.1037],[-99.064,34.0975],[-99.0764,34.0975],[-99.0893,34.1037],[-99.0893,34.1151]]]}},{"type":"Feature","properties":{"c":"#00ff00","v0":0.003,"v1":0.005},"geometry":{"type":"Polygon","coordinates":[[[-111.641,33.6169],[-111.6201,33.6335],[-111.6097,33.629],[-111.6099,33.6031],[-111.615,33.5875],[-111.625,33.582],[-111.6354,33.5865],[-111.6461,33.6012],[-111.641,33.6169]]]}},{"type":"Feature","properties":{"c":"#00ff00","v0":0.003,"v1":0.005},"geometry":{"type":"Polygon","coordinates":[[[-111.6855,33.4199],[-111.6485,33.4762],[-111.625,33.5037],[-111.615,33.5026],[-111.6144,33.4786],[-111.6233,33.4318],[-111.6433,33.3991],[-111.6744,33.3804],[-111.6935,33.3762],[-111.7005,33.3865],[-111.6855,33.4199]]]}},{"type":"Feature","properties":{"c":"#00ff00","v0":0.003,"v1":0.005},"geometry":{"type":"Polygon","coordinates":[[[-111.9351,33.3297],[-111.905,33.3728],[-111.8631,33.3811],[-111.8093,33.3548],[-111.7993,33.3247],[-111.8331,33.2907],[-111.875,33.2824],[-111.9251,33.2996],[-111.9351,33.3297]]]}},{"type":"Feature","properties":{"c":"#00ff00","v0":0.003,"v1":0.005},"geometry":{"type":"Polygon","coordinates":[[[-103.1313,33.3639],[-103.1171,33.3752],[-103.0989,33.3793],[-103.0768,33.3765],[-103.0752,33.3667],[-103.094,33.35],[-103.1121,33.3458],[-103.1296,33.3541],[-103.1313,33.3639]]]}},{"type":"Feature","properties":{"c":"#00ff00","v0":0.003,"v1":0.005},"geometry":{"type":"Polygon","coordinates":[[[-101.8683,33.1702],[-101.8542,33.1953],[-101.837,33.2078],[-101.8168,33.2078],[-101.8174,33.1911],[-101.8388,33.1576],[-101.8559,33.145],[-101.8688,33.1534],[-101.8683,33.1702]]]}},{"type":"Feature","properties":{"c":"#00ff00","v0":0.003,"v1":0.005},"geometry":{"type":"Polygon","coordinates":[[[-111.3127,33.1788],[-111.3109,33.1878],[-111.3,33.1944],[-111.28,33.1986],[-111.2628,33.1899],[-111.2484,33.1684],[-111.2534,33.1534],[-111.2778,33.145],[-111.2959,33.1491],[-111.3077,33.166],[-111.3127,33.1788]]]}},{"type":"Feature","properties":{"c":"#00ff00","v0":0.003,"v1":0.005},"geometry":{"type":"Polygon","coordinates":[[[-111.1064,33.0641],[-111.0955,33.078],[-111.06,33.0947],[-111.0,33.114],[-110.96,33.1196],[-110.94,33.1114],[-110.9198,33.0906],[-110.8994,33.0571],[-110.8994,33.0316],[-110.9198,33.014],[-110.9755,33.0182],[-111.0664,33.0441],[-111.1064,33.0641]]]}},{"type":"Feature","properties":{"c":"#00ff00","v0":0.003,"v1":0.005},"geometry":{"type":"Polygon","coordinates":[[[-111.3624,32.9398],[-111.3408,32.9735],[-111.3254,32.9861],[-111.3163,32.9775],[-111.3163,32.9626],[-111.3254,32.9414],[-111.335,32.9238],[-111.345,32.9097],[-111.3558,32.9078],[-111.3674,32.9178],[-111.3624,32.9398]]]}},{"type":"Feature","properties":{"c":"#00ff00","v0":0.003,"v1":0.005},"geometry":{"type":"Polygon","coordinates":[[[-111.3287,32.8739],[-111.3162,32.8767],[-111.3097,32.8725],[-111.309,32.8613],[-111.3153,32.8599],[-111.3284,32.8683],[-111.3287,32.8739]]]}},{"type":"Feature","properties":{"c":"#00ff00","v0":0.003,"v1":0.005},"geometry":{"type":"Polygon","coordinates":[[[-89.2193,32.5095],[-89.1998,32.5244],[-89.1818,32.5286],[-89.1655,32.5222],[-89.1752,32.5148],[-89.2111,32.5064],[-89.2193,32.5095]]]}},{"type":"Feature","properties":{"c":"#00ff00","v0":0.003,"v1":0.005},"geometry":{"type":"Polygon","coordinates":[[[-89.1275,32.4869],[-89.1158,32.49],[-89.107,32.4858],[-89.1011,32.4742],[-89.1011,32.466],[-89.107,32.4611],[-89.1158,32.4653],[-89.1275,32.4786],[-89.1275,32.4869]]]}},{"type":"Feature","properties":{"c":"#00ff00","v0":0.003,"v1":0.005},"geometry":{"type":"Polygon","coordinates":[[[-88.9853,32.4762],[-88.9484,32.4918],[-88.9214,32.4918],[-88.9041,32.4762],[-88.9041,32.4599],[-88.9214,32.443],[-88.9484,32.443],[-88.9853,32.4599],[-88.9853,32.4762]]]}},{"type":"Feature","properties":{"c":"#00ff00","v0":0.003,"v1":0.005},"geometry":{"type":"Polygon","coordinates":[[[-89.6099,32.3079],[-89.597,32.3586],[-89.553,32.384],[-89.478,32.384],[-89.4429,32.4062],[-89.4476,32.4506],[-89.4145,32.4548],[-89.3434,32.4189],[-89.3356,32.3755],[-89.3909,32.3248],[-89.4164,32.2916],[-89.4121,32.276],[-89.397,32.2633],[-89.3709,32.2536],[-89.3494,32.2318],[-89.3325,32.198],[-89.3371,32.1599],[-89.3634,32.1176],[-89.3829,32.0964],[-89.3955,32.0964],[-89.3988,32.126],[-89.3929,32.1853],[-89.3999,32.2258],[-89.42,32.2476],[-89.45,32.273],[-89.49,32.3021],[-89.53,32.3048],[-89.57,32.2811],[-89.5966,32.2726],[-89.6098,32.2793],[-89.6099,32.3079]]]}},{"type":"Feature","properties":{"c":"#00ff00","v0":0.003,"v1":0.005},"geometry":{"type":"Polygon","coordinates":[[[-89.2267,32.4397],[-89.2156,32.4497],[-89.2016,32.4497],[-89.1848,32.4397],[-89.1748,32.4262],[-89.1716,32.4093],[-89.16,32.4021],[-89.14,32.4047],[-89.1192,32.4004],[-89.0977,32.3895],[-89.0927,32.3567],[-89.1042,32.3021],[-89.1263,32.2768],[-89.1588,32.2806],[-89.1758,32.291],[-89.1774,32.3079],[-89.1878,32.3248],[-89.2069,32.3417],[-89.2149,32.3629],[-89.2115,32.3882],[-89.2155,32.4093],[-89.2267,32.4262],[-89.2267,32.4397]]]}},{"type":"Feature","properties":{"c":"#00ff00","v0":0.003,"v1":0.005},"geometry":{"type":"Polygon","coordinates":[[[-89.7374,32.3376],[-89.7191,32.3461],[-89.7076,32.3461],[-89.7027,32.3376],[-89.7027,32.3289],[-89.7076,32.3202],[-89.7191,32.3202],[-89.7374,32.3289],[-89.7374,32.3376]]]}},{"type":"Feature","properties":{"c":"#00ff00","v0":0.003,"v1":0.005},"geometry":{"type":"Polygon","coordinates":[[[-89.9354,32.321],[-89.9318,32.3303],[-89.9239,32.3303],[-89.9118,32.321],[-89.9136,32.3164],[-89.9293,32.3164],[-89.9354,32.321]]]}},{"type":"Feature","properties":{"c":"#00ff00","v0":0.003,"v1":0.005},"geometry":{"type":"Polygon","coordinates":[[[-89.078,32.2521],[-89.0593,32.2588],[-89.0465,32.2504],[-89.0396,32.2267],[-89.0446,32.2125],[-89.0615,32.2076],[-89.0743,32.2161],[-89.083,32.2379],[-89.078,32.2521]]]}},{"type":"Feature","properties":{"c":"#00ff00","v0":0.003,"v1":0.005},"geometry":{"type":"Polygon","coordinates":[[[-89.2284,32.1901],[-89.2161,32.2082],[-89.2,32.2144],[-89.18,32.2085],[-89.17,32.1837],[-89.17,32.1401],[-89.1819,32.1212],[-89.2056,32.1272],[-89.2218,32.143],[-89.2303,32.1684],[-89.2284,32.1901]]]}},{"type":"Feature","properties":{"c":"#00ff00","v0":0.003,"v1":0.005},"geometry":{"type":"Polygon","coordinates":[[[-89.509,32.1557],[-89.5036,32.1726],[-89.4932,32.1842],[-89.4777,32.1904],[-89.4608,32.1735],[-89.4425,32.1334],[-89.4475,32.1101],[-89.4758,32.1038],[-89.4954,32.1123],[-89.5063,32.1356],[-89.509,32.1557]]]}},{"type":"Feature","properties":{"c":"#00ff00","v0":0.003,"v1":0.005},"geometry":{"type":"Polygon","coordinates":[[[-90.372,32.1516],[-90.3573,32.1604],[-90.322,32.1647],[-90.266,32.1643],[-90.2428,32.1557],[-90.2523,32.1387],[-90.2703,32.1264],[-90.2968,32.1186],[-90.3273,32.1228],[-90.362,32.1391],[-90.372,32.1516]]]}},{"type":"Feature","properties":{"c":"#00ff00","v0":0.003,"v1":0.005},"geometry":{"type":"Polygon","coordinates":[[[-89.6818,32.1514],[-89.6094,32.126],[-89.5659,32.1049],[-89.5514,32.0879],[-89.5556,32.0754],[-89.5785,32.0675],[-89.61,32.0706],[-89.65,32.085],[-89.682,32.1101],[-89.706,32.1461],[-89.6818,32.1514]]]}},{"type":"Feature","properties":{"c":"#00ff00","v0":0.003,"v1":0.005},"geometry":{"type":"Polygon","coordinates":[[[-90.4632,32.1176],[-90.4418,32.126],[-90.4359,32.1241],[-90.4453,32.1117],[-90.456,32.1074],[-90.4679,32.1114],[-90.4632,32.1176]]]}},{"type":"Feature","properties":{"c":"#00ff00","v0":0.003,"v1":0.005},"geometry":{"type":"Polygon","coordinates":[[[-80.3345,32.1166],[-80.3315,32.1231],[-80.325,32.1221],[-80.315,32.1137],[-80.3165,32.1105],[-80.3295,32.1124],[-80.3345,32.1166]]]}},{"type":"Feature","properties":{"c":"#00ff00","v0":0.003,"v1":0.005},"geometry":{"type":"Polygon","coordinates":[[[-89.2471,32.011],[-89.1957,32.0775],[-89.1548,32.1071],[-89.1245,32.1],[-89.1079,32.0837],[-89.1048,32.0582],[-89.13,32.0245],[-89.1833,31.9825],[-89.22,31.9592],[-89.24,31.9547],[-89.2557,31.9587],[-89.2671,31.9714],[-89.2471,32.011]]]}},{"type":"Feature","properties":{"c":"#00ff00","v0":0.003,"v1":0.005},"geometry":{"type":"Polygon","coordinates":[[[-80.3085,32.0159],[-80.2962,32.0245],[-80.286,32.0203],[-80.2779,32.0032],[-80.2841,31.9989],[-80.3045,32.0074],[-80.3085,32.0159]]]}},{"type":"Feature","properties":{"c":"#00ff00","v0":0.003,"v1":0.005},"geometry":{"type":"Polygon","coordinates":[[[-89.9428,32.0013],[-89.9343,32.0147],[-89.9208,32.0189],[-89.9025,32.014],[-89.8975,32.0021],[-89.9058,31.9832],[-89.9193,31.9789],[-89.9378,31.9894],[-89.9428,32.0013]]]}},{"type":"Feature","properties":{"c":"#00ff00","v0":0.003,"v1":0.005},"geometry":{"type":"Polygon","coordinates":[[[-106.8441,31.9969],[-106.8214,32.0014],[-106.8075,31.9972],[-106.8026,31.9842],[-106.8076,31.9743],[-106.8225,31.9676],[-106.8364,31.9718],[-106.8491,31.987],[-106.8441,31.9969]]]}},{"type":"Feature","properties":{"c":"#00ff00","v0":0.003,"v1":0.005},"geometry":{"type":"Polygon","coordinates":[[[-89.5597,31.9666],[-89.5532,31.9782],[-89.543,31.9825],[-89.5289,31.9793],[-89.5239,31.9709],[-89.528,31.9574],[-89.5382,31.9532],[-89.5547,31.9582],[-89.5597,31.9666]]]}},{"type":"Feature","properties":{"c":"#00ff00","v0":0.003,"v1":0.005},"geometry":{"type":"Polygon","coordinates":[[[-89.6521,31.9225],[-89.6421,31.948],[-89.6303,31.9606],[-89.6168,31.9605],[-89.609,31.9435],[-89.6071,31.9097],[-89.6189,31.8971],[-89.6443,31.9056],[-89.6521,31.9225]]]}},{"type":"Feature","properties":{"c":"#00ff00","v0":0.003,"v1":0.005},"geometry":{"type":"Polygon","coordinates":[[[-89.7348,31.8862],[-89.7183,31.9069],[-89.7008,31.9112],[-89.6823,31.8989],[-89.6823,31.8829],[-89.7008,31.8632],[-89.7183,31.8589],[-89.7348,31.8702],[-89.7348,31.8862]]]}},{"type":"Feature","properties":{"c":"#00ff00","v0":0.003,"v1":0.005},"geometry":{"type":"Polygon","coordinates":[[[-89.5461,31.8665],[-89.522,31.8818],[-89.4997,31.8776],[-89.4792,31.8538],[-89.4792,31.8361],[-89.4997,31.8244],[-89.522,31.8287],[-89.5461,31.8488],[-89.5461,31.8665]]]}},{"type":"Feature","properties":{"c":"#00ff00","v0":0.003,"v1":0.005},"geometry":{"type":"Polygon","coordinates":[[[-100.7208,31.8202],[-100.7003,31.8447],[-100.67,31.852],[-100.63,31.8419],[-100.59,31.8389],[-100.55,31.8428],[-100.5091,31.8228],[-100.4672,31.7789],[-100.4522,31.7482],[-100.4641,31.731],[-100.48,31.7207],[-100.5,31.7174],[-100.53,31.7299],[-100.57,31.7581],[-100.615,31.7698],[-100.665,31.765],[-100.7003,31.7739],[-100.7208,31.7965],[-100.7208,31.8202]],[[-100.706,31.8183],[-100.682,31.8392],[-100.655,31.8412],[-100.625,31.8243],[-100.59,31.82],[-100.55,31.8283],[-100.5125,31.8136],[-100.4775,31.7758],[-100.4725,31.7498],[-100.4975,31.7357],[-100.53,31.7438],[-100.57,31.774],[-100.61,31.7842],[-100.65,31.7743],[-100.682,31.7789],[-100.706,31.7982],[-100.706,31.8183]]]}},{"type":"Feature","properties":{"c":"#00ff00","v0":0.003,"v1":0.005},"geometry":{"type":"Polygon","coordinates":[[[-90.7042,31.7476],[-90.6547,31.7971],[-90.615,31.8249],[-90.585,31.8309],[-90.5577,31.8274],[-90.5332,31.8144],[-90.5206,31.7994],[-90.52,31.7824],[-90.5418,31.7654],[-90.5862,31.7484],[-90.6138,31.7289],[-90.6246,31.7069],[-90.65,31.6955],[-90.69,31.6946],[-90.7147,31.7013],[-90.7242,31.7157],[-90.7042,31.7476]]]}},{"type":"Feature","properties":{"c":"#00ff00","v0":0.003,"v1":0.005},"geometry":{"type":"Polygon","coordinates":[[[-90.3699,31.8143],[-90.3566,31.8271],[-90.344,31.8313],[-90.3321,31.827],[-90.3321,31.8181],[-90.344,31.8046],[-90.3566,31.8003],[-90.3699,31.8054],[-90.3699,31.8143]]]}},{"type":"Feature","properties":{"c":"#00ff00","v0":0.003,"v1":0.005},"geometry":{"type":"Polygon","coordinates":[[[-89.8444,31.7693],[-89.8215,31.7941],[-89.806,31.8026],[-89.798,31.7948],[-89.798,31.7811],[-89.806,31.7615],[-89.815,31.7478],[-89.825,31.7401],[-89.8365,31.7414],[-89.8494,31.7517],[-89.8444,31.7693]]]}},{"type":"Feature","properties":{"c":"#00ff00","v0":0.003,"v1":0.005},"geometry":{"type":"Polygon","coordinates":[[[-90.1771,31.6045],[-90.1457,31.6401],[-90.1159,31.6486],[-90.0878,31.63],[-90.0791,31.6037],[-90.0899,31.5696],[-90.107,31.544],[-90.1303,31.527],[-90.149,31.503],[-90.163,31.472],[-90.175,31.4627],[-90.185,31.4751],[-90.1851,31.4949],[-90.1752,31.522],[-90.1759,31.5483],[-90.1872,31.5739],[-90.1771,31.6045]]]}},{"type":"Feature","properties":{"c":"#00ff00","v0":0.003,"v1":0.005},"geometry":{"type":"Polygon","coordinates":[[[-89.86,31.6035],[-89.8133,31.6371],[-89.7775,31.6499],[-89.7524,31.6418],[-89.7536,31.6292],[-89.781,31.6122],[-89.7986,31.5885],[-89.8062,31.5581],[-89.815,31.5414],[-89.825,31.5386],[-89.8433,31.5496],[-89.87,31.5743],[-89.86,31.6035]]]}},{"type":"Feature","properties":{"c":"#00ff00","v0":0.003,"v1":0.005},"geometry":{"type":"Polygon","coordinates":[[[-90.5788,31.5764],[-90.5729,31.5901],[-90.5603,31.5943],[-90.541,31.5892],[-90.536,31.5762],[-90.5453,31.5553],[-90.5579,31.551],[-90.5738,31.5634],[-90.5788,31.5764]]]}},{"type":"Feature","properties":{"c":"#00ff00","v0":0.003,"v1":0.005},"geometry":{"type":"Polygon","coordinates":[[[-89.8417,31.5097],[-89.8339,31.5264],[-89.825,31.5345],[-89.815,31.5341],[-89.81,31.5229],[-89.81,31.501],[-89.8189,31.4929],[-89.8367,31.4986],[-89.8417,31.5097]]]}},{"type":"Feature","properties":{"c":"#00ff00","v0":0.003,"v1":0.005},"geometry":{"type":"Polygon","coordinates":[[[-107.755,31.5034],[-107.7117,31.5074],[-107.68,31.5047],[-107.66,31.4954],[-107.6417,31.4679],[-107.6252,31.422],[-107.6269,31.3905],[-107.6469,31.3734],[-107.6701,31.3615],[-107.6967,31.3547],[-107.7183,31.3547],[-107.7349,31.3615],[-107.7428,31.3862],[-107.742,31.4289],[-107.7504,31.463],[-107.7679,31.4886],[-107.755,31.5034]],[[-107.7047,31.4422],[-107.6816,31.4602],[-107.675,31.4529],[-107.685,31.4203],[-107.6966,31.4113],[-107.7097,31.4259],[-107.7047,31.4422]]]}},{"type":"Feature","properties":{"c":"#00ff00","v0":0.003,"v1":0.005},"geometry":{"type":"Polygon","coordinates":[[[-107.5769,31.4289],[-107.5641,31.4545],[-107.5508,31.4692],[-107.5369,31.4731],[-107.5219,31.4689],[-107.5057,31.4564],[-107.4956,31.4332],[-107.4915,31.399],[-107.5046,31.3756],[-107.5349,31.363],[-107.5583,31.3716],[-107.575,31.4013],[-107.5769,31.4289]],[[-107.5424,31.4378],[-107.5341,31.4472],[-107.53,31.4452],[-107.53,31.4318],[-107.5341,31.4271],[-107.5424,31.4311],[-107.5424,31.4378]]]}},{"type":"Feature","properties":{"c":"#00ff00","v0":0.003,"v1":0.005},"geometry":{"type":"Polygon","coordinates":[[[-100.5883,31.3817],[-100.5761,31.4153],[-100.56,31.4351],[-100.54,31.4412],[-100.5022,31.4287],[-100.4465,31.3975],[-100.4415,31.3644],[-100.4872,31.3292],[-100.5311,31.3249],[-100.5733,31.3516],[-100.5883,31.3817]]]}},{"type":"Feature","properties":{"c":"#00ff00","v0":0.003,"v1":0.005},"geometry":{"type":"Polygon","coordinates":[[[-90.2123,31.3193],[-90.1974,31.3306],[-90.19,31.3279],[-90.19,31.3112],[-90.195,31.3003],[-90.205,31.2952],[-90.2124,31.2979],[-90.2173,31.3084],[-90.2123,31.3193]]]}},{"type":"Feature","properties":{"c":"#00ff00","v0":0.003,"v1":0.005},"geometry":{"type":"Polygon","coordinates":[[[-100.5133,31.1992],[-100.5111,31.2098],[-100.5038,31.2141],[-100.4914,31.2121],[-100.4739,31.1939],[-100.4512,31.1597],[-100.4424,31.1354],[-100.4475,31.121],[-100.4562,31.1124],[-100.4687,31.1097],[-100.4848,31.1297],[-100.5045,31.1725],[-100.5133,31.1992]]]}},{"type":"Feature","properties":{"c":"#00ff00","v0":0.003,"v1":0.005},"geometry":{"type":"Polygon","coordinates":[[[-100.3317,31.1861],[-100.3172,31.2048],[-100.31,31.1979],[-100.31,31.1656],[-100.3172,31.1563],[-100.3317,31.17],[-100.3317,31.1861]]]}},{"type":"Feature","properties":{"c":"#00ff00","v0":0.003,"v1":0.005},"geometry":{"type":"Polygon","coordinates":[[[-100.6431,31.1129],[-100.6344,31.1221],[-100.6232,31.1221],[-100.6097,31.1129],[-100.6097,31.1039],[-100.6232,31.0949],[-100.6344,31.0949],[-100.6431,31.1039],[-100.6431,31.1129]]]}},{"type":"Feature","properties":{"c":"#00ff00","v0":0.003,"v1":0.005},"geometry":{"type":"Polygon","coordinates":[[[-100.2894,31.109],[-100.2765,31.1103],[-100.265,31.1046],[-100.255,31.0918],[-100.23,31.044],[-100.1901,30.9612],[-100.1735,30.8769],[-100.1803,30.791],[-100.1953,30.7303],[-100.2184,30.6947],[-100.2352,30.6775],[-100.2456,30.6787],[-100.2535,30.6878],[-100.2589,30.705],[-100.2493,30.7523],[-100.2247,30.8296],[-100.2332,30.9284],[-100.275,31.0484],[-100.2894,31.109]]]}},{"type":"Feature","properties":{"c":"#00ff00","v0":0.003,"v1":0.005},"geometry":{"type":"Polygon","coordinates":[[[-81.8696,30.6652],[-81.8565,30.7059],[-81.83,30.7213],[-81.79,30.7112],[-81.7568,30.7124],[-81.7304,30.7247],[-81.7267,30.7394],[-81.7456,30.7566],[-81.7488,30.7783],[-81.7363,30.8044],[-81.715,30.8094],[-81.685,30.7933],[-81.64,30.7812],[-81.58,30.7731],[-81.5427,30.7552],[-81.5281,30.7275],[-81.5336,30.7007],[-81.5593,30.6749],[-81.5716,30.6543],[-81.5705,30.6388],[-81.56,30.6404],[-81.54,30.6593],[-81.52,30.668],[-81.5,30.6667],[-81.4864,30.6608],[-81.4793,30.6501],[-81.4943,30.6323],[-81.5314,30.6073],[-81.57,30.5986],[-81.61,30.6063],[-81.635,30.5944],[-81.645,30.5628],[-81.665,30.5453],[-81.695,30.5418],[-81.7188,30.5448],[-81.7364,30.5541],[-81.7464,30.5674],[-81.7488,30.5846],[-81.76,30.5887],[-81.78,30.5798],[-81.805,30.5801],[-81.835,30.5898],[-81.8565,30.6072],[-81.8696,30.6323],[-81.8696,30.6652]],[[-81.8331,30.6463],[-81.8177,30.6491],[-81.8093,30.6448],[-81.8079,30.6334],[-81.8156,30.6319],[-81.8324,30.6405],[-81.8331,30.6463]]]}},{"type":"Feature","properties":{"c":"#00ff00","v0":0.003,"v1":0.005},"geometry":{"type":"Polygon","coordinates":[[[-100.704,30.7207],[-100.6947,30.7349],[-100.6878,30.7392],[-100.6833,30.7336],[-100.6833,30.7169],[-100.6878,30.689],[-100.6947,30.6847],[-100.704,30.704],[-100.704,30.7207]]]}},{"type":"Feature","properties":{"c":"#00ff00","v0":0.003,"v1":0.005},"geometry":{"type":"Polygon","coordinates":[[[-97.3906,30.6838],[-97.3769,30.693],[-97.3642,30.693],[-97.3526,30.6838],[-97.3576,30.6755],[-97.3792,30.668],[-97.3919,30.668],[-97.3956,30.6755],[-97.3906,30.6838]]]}},{"type":"Feature","properties":{"c":"#00ff00","v0":0.003,"v1":0.005},"geometry":{"type":"Polygon","coordinates":[[[-100.7941,30.3519],[-100.777,30.3519],[-100.7738,30.3482],[-100.7846,30.3408],[-100.7932,30.3408],[-100.7995,30.3482],[-100.7941,30.3519]]]}},{"type":"Feature","properties":{"c":"#00ff00","v0":0.003,"v1":0.005},"geometry":{"type":"Polygon","coordinates":[[[-81.7194,30.3542],[-81.6998,30.359],[-81.68,30.3472],[-81.66,30.3189],[-81.6233,30.2993],[-81.5698,30.2883],[-81.5482,30.2698],[-81.5586,30.2439],[-81.5565,30.2137],[-81.5421,30.1791],[-81.5569,30.1445],[-81.6009,30.1099],[-81.6223,30.084],[-81.6211,30.0666],[-81.6099,30.0493],[-81.5887,30.032],[-81.5811,30.0162],[-81.587,30.002],[-81.6118,30.015],[-81.6553,30.0552],[-81.6749,30.0883],[-81.6707,30.1142],[-81.6797,30.1445],[-81.702,30.1791],[-81.7062,30.218],[-81.6922,30.2612],[-81.6962,30.3001],[-81.7182,30.3346],[-81.7194,30.3542]],[[-81.6507,30.2388],[-81.6369,30.2545],[-81.63,30.2485],[-81.63,30.2206],[-81.6369,30.2128],[-81.6507,30.2249],[-81.6507,30.2388]]]}},{"type":"Feature","properties":{"c":"#00ff00","v0":0.003,"v1":0.005},"geometry":{"type":"Polygon","coordinates":[[[-101.0418,30.0625],[-101.0206,30.0715],[-101.0025,30.0671],[-100.9874,30.0495],[-100.9924,30.0383],[-101.0175,30.0335],[-101.0356,30.0378],[-101.0468,30.0513],[-101.0418,30.0625]]]}},{"type":"Feature","properties":{"c":"#00ff00","v0":0.003,"v1":0.005},"geometry":{"type":"Polygon","coordinates":[[[-100.9295,30.0476],[-100.9165,30.0615],[-100.895,30.0682],[-100.865,30.0677],[-100.824,30.0521],[-100.7721,30.0214],[-100.7337,29.9671],[-100.7089,29.8891],[-100.7015,29.837],[-100.7115,29.811],[-100.7298,29.7868],[-100.7566,29.7646],[-100.7761,29.7559],[-100.7883,29.7608],[-100.8015,29.8153],[-100.8157,29.9194],[-100.8396,29.9741],[-100.8732,29.9795],[-100.9015,29.9969],[-100.9245,30.0261],[-100.9295,30.0476]],[[-100.7825,29.9052],[-100.7742,29.9462],[-100.7578,29.9505],[-100.7334,29.9182],[-100.7198,29.8847],[-100.7172,29.85],[-100.7244,29.822],[-100.7415,29.8007],[-100.755,29.7922],[-100.765,29.7967],[-100.7742,29.8203],[-100.7825,29.8633],[-100.7825,29.9052]]]}},{"type":"Feature","properties":{"c":"#00ff00","v0":0.003,"v1":0.005},"geometry":{"type":"Polygon","coordinates":[[[-101.3116,29.8717],[-101.2959,29.8804],[-101.2885,29.8796],[-101.2895,29.8693],[-101.2974,29.865],[-101.3121,29.8666],[-101.3116,29.8717]]]}},{"type":"Feature","properties":{"c":"#00ff00","v0":0.003,"v1":0.005},"geometry":{"type":"Polygon","coordinates":[[[-100.9857,29.686],[-100.9752,29.7053],[-100.9548,29.714],[-100.9244,29.7121],[-100.8905,29.6894],[-100.8531,29.646],[-100.8433,29.6117],[-100.8611,29.5865],[-100.8943,29.5778],[-100.9429,29.5856],[-100.9731,29.6112],[-100.985,29.6547],[-100.9857,29.686]],[[-100.9342,29.6264],[-100.9181,29.6306],[-100.9072,29.6262],[-100.9016,29.6133],[-100.9066,29.6045],[-100.9222,29.5998],[-100.9331,29.6041],[-100.9392,29.6175],[-100.9342,29.6264]]]}},{"type":"Feature","properties":{"c":"#00ff00","v0":0.003,"v1":0.005},"geometry":{"type":"Polygon","coordinates":[[[-100.8104,29.6292],[-100.7835,29.6391],[-100.755,29.6346],[-100.725,29.6156],[-100.67,29.605],[-100.59,29.6028],[-100.53,29.5921],[-100.49,29.5729],[-100.445,29.5595],[-100.395,29.5518],[-100.3382,29.5105],[-100.2746,29.4355],[-100.2396,29.3591],[-100.2332,29.2814],[-100.2655,29.2422],[-100.3365,29.2414],[-100.3739,29.2541],[-100.3778,29.2803],[-100.3904,29.3064],[-100.4115,29.3326],[-100.4091,29.3601],[-100.383,29.3889],[-100.375,29.4135],[-100.385,29.4339],[-100.415,29.4466],[-100.465,29.4516],[-100.51,29.4486],[-100.55,29.4376],[-100.6,29.4403],[-100.66,29.4567],[-100.7235,29.5048],[-100.7904,29.5844],[-100.8104,29.6292]],[[-100.6127,29.4889],[-100.6109,29.4965],[-100.6036,29.4965],[-100.5907,29.4889],[-100.5916,29.4851],[-100.6063,29.4851],[-100.6127,29.4889]],[[-100.4156,29.5077],[-100.3985,29.5182],[-100.3824,29.5182],[-100.3672,29.5077],[-100.3622,29.4977],[-100.3674,29.4881],[-100.3835,29.4881],[-100.4106,29.4977],[-100.4156,29.5077]]]}},{"type":"Feature","properties":{"c":"#00ff00","v0":0.003,"v1":0.005},"geometry":{"type":"Polygon","coordinates":[[[-80.6109,27.8884],[-80.5986,27.9591],[-80.5818,27.9947],[-80.5606,27.9952],[-80.545,27.9809],[-80.535,27.9518],[-80.5154,27.9251],[-80.4863,27.9006],[-80.4726,27.8663],[-80.4744,27.8221],[-80.484,27.7948],[-80.5013,27.7844],[-80.5193,27.7932],[-80.538,27.8213],[-80.5647,27.8398],[-80.5996,27.8486],[-80.6109,27.8884]]]}},{"type":"Feature","properties":{"c":"#00ff00","v0":0.003,"v1":0.005},"geometry":{"type":"Polygon","coordinates":[[[-82.9846,27.0053],[-82.9673,27.0142],[-82.9614,27.0102],[-82.9671,26.9932],[-82.9758,26.9887],[-82.9875,26.9968],[-82.9846,27.0053]]]}},{"type":"Feature","properties":{"c":"#00ff00","v0":0.003,"v1":0.005},"geometry":{"type":"Polygon","coordinates":[[[-80.8167,26.2868],[-80.7989,26.2889],[-80.7889,26.2844],[-80.7867,26.2734],[-80.7917,26.2657],[-80.8039,26.2614],[-80.8139,26.2658],[-80.8217,26.2791],[-80.8167,26.2868]]]}},{"type":"Feature","properties":{"c":"#80ff00","v0":0.005,"v1":0.008},"geometry":{"type":"Polygon","coordinates":[[[-110.2962,54.8706],[-110.2787,54.8762],[-110.2642,54.8762],[-110.2526,54.8706],[-110.2576,54.8643],[-110.2792,54.8571],[-110.2937,54.8571],[-110.3012,54.8643],[-110.2962,54.8706]]]}},{"type":"Feature","properties":{"c":"#80ff00","v0":0.005,"v1":0.008},"geometry":{"type":"Polygon","coordinates":[[[-110.0691,54.741],[-110.0297,54.741],[-110.015,54.7375],[-110.025,54.7304],[-110.0447,54.7304],[-110.0741,54.7375],[-110.0691,54.741]]]}},{"type":"Feature","properties":{"c":"#80ff00","v0":0.005,"v1":0.008},"geometry":{"type":"Polygon","coordinates":[[[-110.3499,54.6109],[-110.3342,54.6283],[-110.3268,54.6486],[-110.3276,54.6717],[-110.3351,54.689],[-110.3494,54.7006],[-110.3499,54.7111],[-110.3366,54.7204],[-110.3,54.7166],[-110.24,54.6996],[-110.203,54.6776],[-110.1891,54.6505],[-110.1641,54.6369],[-110.128,54.6366],[-110.1012,54.6308],[-110.0835,54.6195],[-110.0785,54.6098],[-110.0862,54.6017],[-110.105,54.5979],[-110.135,54.5982],[-110.165,54.6064],[-110.195,54.6223],[-110.23,54.6317],[-110.27,54.6344],[-110.2977,54.6332],[-110.313,54.628],[-110.3059,54.6138],[-110.2766,54.5907],[-110.264,54.5735],[-110.268,54.5623],[-110.285,54.5602],[-110.315,54.5672],[-110.3369,54.5785],[-110.3508,54.5943],[-110.3499,54.6109]],[[-110.3089,54.6669],[-110.2963,54.6805],[-110.275,54.6856],[-110.245,54.6823],[-110.2247,54.6755],[-110.2142,54.6652],[-110.2142,54.6568],[-110.2247,54.6501],[-110.2473,54.6472],[-110.282,54.6481],[-110.3033,54.6515],[-110.3112,54.6572],[-110.3089,54.6669]],[[-110.3334,54.5941],[-110.3311,54.6009],[-110.325,54.6037],[-110.315,54.6024],[-110.3048,54.5961],[-110.2944,54.5847],[-110.3005,54.582],[-110.3232,54.5878],[-110.3334,54.5941]]]}},{"type":"Feature","properties":{"c":"#80ff00","v0":0.005,"v1":0.008},"geometry":{"type":"Polygon","coordinates":[[[-110.5491,54.6536],[-110.5364,54.6636],[-110.5227,54.6665],[-110.5081,54.6623],[-110.5031,54.6555],[-110.5077,54.6463],[-110.5214,54.6434],[-110.5441,54.6468],[-110.5491,54.6536]]]}},{"type":"Feature","properties":{"c":"#80ff00","v0":0.005,"v1":0.008},"geometry":{"type":"Polygon","coordinates":[[[-110.5457,54.5435],[-110.5219,54.5651],[-110.4959,54.5738],[-110.4676,54.5696],[-110.4549,54.5617],[-110.4578,54.5501],[-110.4724,54.5356],[-110.4987,54.5182],[-110.5114,54.5027],[-110.5105,54.4893],[-110.515,54.4823],[-110.525,54.4815],[-110.5369,54.494],[-110.5507,54.5198],[-110.5457,54.5435]],[[-110.5219,54.5505],[-110.5006,54.563],[-110.485,54.5665],[-110.475,54.5611],[-110.48,54.5519],[-110.5,54.5388],[-110.5156,54.5353],[-110.5269,54.5413],[-110.5219,54.5505]]]}},{"type":"Feature","properties":{"c":"#80ff00","v0":0.005,"v1":0.008},"geometry":{"type":"Polygon","coordinates":[[[-110.4616,54.4135],[-110.4594,54.4543],[-110.4512,54.4783],[-110.4371,54.4856],[-110.4237,54.4856],[-110.4111,54.4783],[-110.4085,54.4659],[-110.4158,54.4484],[-110.4128,54.4252],[-110.3993,54.3961],[-110.402,54.3781],[-110.4207,54.3714],[-110.4382,54.3743],[-110.4545,54.3869],[-110.4616,54.4135]]]}},{"type":"Feature","properties":{"c":"#80ff00","v0":0.005,"v1":0.008},"geometry":{"type":"Polygon","coordinates":[[[-110.1775,54.3932],[-110.1665,54.4164],[-110.1325,54.4368],[-110.0755,54.4543],[-110.0419,54.4688],[-110.032,54.4804],[-110.0077,54.4823],[-109.9692,54.4744],[-109.94,54.4749],[-109.92,54.4837],[-109.9037,54.4848],[-109.8911,54.478],[-109.9018,54.4601],[-109.9358,54.431],[-109.9421,54.4056],[-109.9207,54.3838],[-109.8994,54.3692],[-109.8781,54.3619],[-109.8831,54.3569],[-109.9144,54.3544],[-109.96,54.3351],[-110.02,54.2992],[-110.0619,54.2859],[-110.0856,54.2952],[-110.1006,54.3121],[-110.1069,54.3364],[-110.1282,54.3568],[-110.1647,54.3733],[-110.1775,54.3932]],[[-110.146,54.4111],[-110.1353,54.4237],[-110.115,54.431],[-110.085,54.433],[-110.0429,54.4209],[-109.9886,54.3946],[-109.9611,54.3757],[-109.9604,54.364],[-109.9775,54.3491],[-110.0125,54.3308],[-110.0603,54.3425],[-110.121,54.384],[-110.146,54.4111]]]}},{"type":"Feature","properties":{"c":"#80ff00","v0":0.005,"v1":0.008},"geometry":{"type":"Polygon","coordinates":[[[-110.8269,54.4667],[-110.8156,54.4742],[-110.8026,54.4742],[-110.7879,54.4667],[-110.7879,54.4591],[-110.8026,54.4513],[-110.8156,54.4513],[-110.8269,54.4591],[-110.8269,54.4667]]]}},{"type":"Feature","properties":{"c":"#80ff00","v0":0.005,"v1":0.008},"geometry":{"type":"Polygon","coordinates":[[[-110.6923,54.4077],[-110.6771,54.4135],[-110.6696,54.4126],[-110.6699,54.4049],[-110.6775,54.402],[-110.6924,54.4039],[-110.6923,54.4077]]]}},{"type":"Feature","properties":{"c":"#80ff00","v0":0.005,"v1":0.008},"geometry":{"type":"Polygon","coordinates":[[[-110.3801,54.3346],[-110.3334,54.3575],[-110.2832,54.3633],[-110.2297,54.3521],[-110.2097,54.3403],[-110.2232,54.3278],[-110.27,54.3198],[-110.35,54.316],[-110.3934,54.3164],[-110.4001,54.321],[-110.3801,54.3346]]]}},{"type":"Feature","properties":{"c":"#80ff00","v0":0.005,"v1":0.008},"geometry":{"type":"Polygon","coordinates":[[[-110.3351,54.2544],[-110.3184,54.2569],[-110.3092,54.254],[-110.3077,54.2457],[-110.3127,54.2404],[-110.3242,54.2382],[-110.3334,54.2411],[-110.3401,54.2492],[-110.3351,54.2544]]]}},{"type":"Feature","properties":{"c":"#80ff00","v0":0.005,"v1":0.008},"geometry":{"type":"Polygon","coordinates":[[[-123.0595,53.659],[-123.0532,53.6712],[-123.0361,53.6771],[-123.0084,53.6768],[-122.9984,53.6683],[-123.0061,53.6515],[-123.0232,53.6456],[-123.0495,53.6505],[-123.0595,53.659]]]}},{"type":"Feature","properties":{"c":"#80ff00","v0":0.005,"v1":0.008},"geometry":{"type":"Polygon","coordinates":[[[-122.93,53.608],[-122.9167,53.613],[-122.9076,53.61],[-122.9028,53.5991],[-122.9078,53.5932],[-122.9226,53.5924],[-122.9317,53.5953],[-122.935,53.6021],[-122.93,53.608]]]}},{"type":"Feature","properties":{"c":"#80ff00","v0":0.005,"v1":0.008},"geometry":{"type":"Polygon","coordinates":[[[-114.3306,53.573],[-114.3035,53.5792],[-114.275,53.5925],[-114.245,53.6129],[-114.2,53.6196],[-114.14,53.6127],[-114.096,53.5994],[-114.068,53.5797],[-114.0612,53.555],[-114.0756,53.5253],[-114.0768,53.5045],[-114.0648,53.4926],[-114.0766,53.4865],[-114.1122,53.4863],[-114.145,53.4818],[-114.175,53.4732],[-114.19,53.4743],[-114.19,53.4852],[-114.1764,53.4926],[-114.1492,53.4965],[-114.1442,53.5102],[-114.1614,53.5335],[-114.2135,53.5514],[-114.3006,53.5637],[-114.3306,53.573]],[[-114.1354,53.5601],[-114.1185,53.5643],[-114.1052,53.5613],[-114.0955,53.5512],[-114.1005,53.5436],[-114.1202,53.5387],[-114.1335,53.5416],[-114.1404,53.5525],[-114.1354,53.5601]]]}},{"type":"Feature","properties":{"c":"#80ff00","v0":0.005,"v1":0.008},"geometry":{"type":"Polygon","coordinates":[[[-113.807,53.5141],[-113.7823,53.5213],[-113.7594,53.5183],[-113.7381,53.5051],[-113.7331,53.4934],[-113.7444,53.483],[-113.76,53.4774],[-113.78,53.4767],[-113.7973,53.4849],[-113.812,53.5019],[-113.807,53.5141]],[[-113.795,53.5033],[-113.7783,53.5128],[-113.7624,53.5128],[-113.7472,53.5033],[-113.7472,53.4943],[-113.7624,53.4859],[-113.7783,53.4859],[-113.795,53.4943],[-113.795,53.5033]]]}},{"type":"Feature","properties":{"c":"#80ff00","v0":0.005,"v1":0.008},"geometry":{"type":"Polygon","coordinates":[[[-113.5584,53.4181],[-113.5528,53.4239],[-113.5447,53.4239],[-113.5341,53.4181],[-113.5369,53.4152],[-113.553,53.4152],[-113.5584,53.4181]]]}},{"type":"Feature","properties":{"c":"#80ff00","v0":0.005,"v1":0.008},"geometry":{"type":"Polygon","coordinates":[[[-107.7686,52.7242],[-107.7584,52.7363],[-107.7375,52.7468],[-107.7058,52.7557],[-107.6731,52.7496],[-107.6393,52.7286],[-107.6443,52.7123],[-107.6881,52.7008],[-107.7259,52.7008],[-107.7577,52.7123],[-107.7686,52.7242]],[[-107.7502,52.7235],[-107.7367,52.7343],[-107.7203,52.7373],[-107.701,52.7326],[-107.696,52.724],[-107.7053,52.7117],[-107.7217,52.7086],[-107.7452,52.7149],[-107.7502,52.7235]]]}},{"type":"Feature","properties":{"c":"#80ff00","v0":0.005,"v1":0.008},"geometry":{"type":"Polygon","coordinates":[[[-107.8199,52.6376],[-107.8133,52.6464],[-107.785,52.6394],[-107.735,52.6167],[-107.685,52.6007],[-107.635,52.5913],[-107.6103,52.5709],[-107.611,52.5395],[-107.621,52.5208],[-107.6403,52.5147],[-107.68,52.5215],[-107.74,52.5411],[-107.7833,52.5715],[-107.8099,52.6127],[-107.8199,52.6376]],[[-107.7333,52.5737],[-107.6911,52.576],[-107.662,52.5669],[-107.646,52.5463],[-107.646,52.5354],[-107.662,52.5341],[-107.6911,52.5432],[-107.7333,52.5627],[-107.7333,52.5737]]]}},{"type":"Feature","properties":{"c":"#80ff00","v0":0.005,"v1":0.008},"geometry":{"type":"Polygon","coordinates":[[[-107.4941,52.5359],[-107.4647,52.5601],[-107.4269,52.5723],[-107.3808,52.5724],[-107.3542,52.5603],[-107.3469,52.536],[-107.3549,52.5129],[-107.3783,52.491],[-107.405,52.4801],[-107.435,52.4804],[-107.4647,52.4913],[-107.4941,52.513],[-107.4941,52.5359]],[[-107.4657,52.5295],[-107.4552,52.5409],[-107.44,52.547],[-107.42,52.5478],[-107.401,52.5391],[-107.3829,52.5208],[-107.3879,52.5062],[-107.416,52.4953],[-107.4402,52.4983],[-107.4607,52.5153],[-107.4657,52.5295]]]}},{"type":"Feature","properties":{"c":"#80ff00","v0":0.005,"v1":0.008},"geometry":{"type":"Polygon","coordinates":[[[-108.0978,52.553],[-108.0793,52.5626],[-108.0613,52.5626],[-108.0438,52.553],[-108.0438,52.5436],[-108.0613,52.5344],[-108.0793,52.5344],[-108.0978,52.5436],[-108.0978,52.553]]]}},{"type":"Feature","properties":{"c":"#80ff00","v0":0.005,"v1":0.008},"geometry":{"type":"Polygon","coordinates":[[[-111.7379,52.1142],[-111.7326,52.1265],[-111.7199,52.1346],[-111.7,52.1384],[-111.6784,52.1354],[-111.6553,52.1254],[-111.6395,52.1112],[-111.6309,52.0927],[-111.6375,52.0801],[-111.6592,52.0733],[-111.6877,52.0794],[-111.723,52.0985],[-111.7379,52.1142]],[[-111.7196,52.1133],[-111.7132,52.1236],[-111.7,52.1278],[-111.68,52.126],[-111.6646,52.1147],[-111.6539,52.0939],[-111.6589,52.0842],[-111.6796,52.0855],[-111.6982,52.0917],[-111.7146,52.1026],[-111.7196,52.1133]]]}},{"type":"Feature","properties":{"c":"#80ff00","v0":0.005,"v1":0.008},"geometry":{"type":"Polygon","coordinates":[[[-113.4132,51.9139],[-113.3977,51.9194],[-113.3811,51.9163],[-113.3632,51.9046],[-113.3632,51.8965],[-113.3811,51.8919],[-113.3977,51.895],[-113.4132,51.9057],[-113.4132,51.9139]]]}},{"type":"Feature","properties":{"c":"#80ff00","v0":0.005,"v1":0.008},"geometry":{"type":"Polygon","coordinates":[[[-113.4692,51.656],[-113.4564,51.6655],[-113.4422,51.6655],[-113.4266,51.656],[-113.4266,51.6473],[-113.4422,51.6395],[-113.4564,51.6395],[-113.4692,51.6473],[-113.4692,51.656]]]}},{"type":"Feature","properties":{"c":"#80ff00","v0":0.005,"v1":0.008},"geometry":{"type":"Polygon","coordinates":[[[-113.3957,51.6027],[-113.3786,51.6049],[-113.3635,51.6018],[-113.3506,51.5934],[-113.3556,51.5878],[-113.3785,51.5851],[-113.3936,51.5882],[-113.4007,51.5971],[-113.3957,51.6027]]]}},{"type":"Feature","properties":{"c":"#80ff00","v0":0.005,"v1":0.008},"geometry":{"type":"Polygon","coordinates":[[[-113.6858,51.4877],[-113.6619,51.5086],[-113.6439,51.518],[-113.6317,51.5157],[-113.6317,51.5048],[-113.6439,51.4854],[-113.6619,51.4761],[-113.6858,51.4768],[-113.6858,51.4877]]]}},{"type":"Feature","properties":{"c":"#80ff00","v0":0.005,"v1":0.008},"geometry":{"type":"Polygon","coordinates":[[[-113.5999,51.3808],[-113.58,51.3875],[-113.5606,51.3813],[-113.5418,51.3621],[-113.5418,51.3509],[-113.5606,51.3478],[-113.58,51.3541],[-113.5999,51.3696],[-113.5999,51.3808]]]}},{"type":"Feature","properties":{"c":"#80ff00","v0":0.005,"v1":0.008},"geometry":{"type":"Polygon","coordinates":[[[-113.6454,51.3181],[-113.6268,51.3243],[-113.6073,51.3181],[-113.5869,51.2993],[-113.585,51.2805],[-113.6017,51.2617],[-113.6212,51.2679],[-113.6436,51.2993],[-113.6454,51.3181]]]}},{"type":"Feature","properties":{"c":"#80ff00","v0":0.005,"v1":0.008},"geometry":{"type":"Polygon","coordinates":[[[-113.1845,51.2951],[-113.1748,51.3054],[-113.1589,51.3085],[-113.1366,51.3045],[-113.1316,51.298],[-113.1439,51.2892],[-113.1598,51.2861],[-113.1795,51.2887],[-113.1845,51.2951]]]}},{"type":"Feature","properties":{"c":"#80ff00","v0":0.005,"v1":0.008},"geometry":{"type":"Polygon","coordinates":[[[-113.4114,51.2229],[-113.3971,51.2391],[-113.38,51.2491],[-113.36,51.2529],[-113.3392,51.248],[-113.3176,51.2342],[-113.309,51.2211],[-113.3132,51.2086],[-113.329,51.1961],[-113.3563,51.1836],[-113.38,51.18],[-113.4,51.1852],[-113.4121,51.1946],[-113.4164,51.2081],[-113.4114,51.2229]],[[-113.3853,51.218],[-113.3751,51.2243],[-113.3641,51.2243],[-113.3524,51.218],[-113.3524,51.2114],[-113.3641,51.2045],[-113.3751,51.2045],[-113.3853,51.2114],[-113.3853,51.218]]]}},{"type":"Feature","properties":{"c":"#80ff00","v0":0.005,"v1":0.008},"geometry":{"type":"Polygon","coordinates":[[[-115.2011,51.182],[-115.1937,51.1916],[-115.18,51.1963],[-115.16,51.1963],[-115.1337,51.1852],[-115.1012,51.1632],[-115.0759,51.1396],[-115.0578,51.1145],[-115.0541,51.0959],[-115.0647,51.0839],[-115.0788,51.0776],[-115.0964,51.0771],[-115.1027,51.0862],[-115.0978,51.1051],[-115.1227,51.1302],[-115.1774,51.1615],[-115.2011,51.182]]]}},{"type":"Feature","properties":{"c":"#80ff00","v0":0.005,"v1":0.008},"geometry":{"type":"Polygon","coordinates":[[[-105.1893,50.9795],[-105.1764,50.9863],[-105.165,50.9826],[-105.155,50.9684],[-105.155,50.9586],[-105.165,50.9532],[-105.1764,50.9569],[-105.1893,50.9697],[-105.1893,50.9795]]]}},{"type":"Feature","properties":{"c":"#80ff00","v0":0.005,"v1":0.008},"geometry":{"type":"Polygon","coordinates":[[[-113.8668,50.968],[-113.8556,50.9769],[-113.8426,50.98],[-113.8279,50.9775],[-113.8229,50.9719],[-113.8276,50.9635],[-113.8406,50.9603],[-113.8618,50.9625],[-113.8668,50.968]]]}},{"type":"Feature","properties":{"c":"#80ff00","v0":0.005,"v1":0.008},"geometry":{"type":"Polygon","coordinates":[[[-113.9219,50.9215],[-113.9006,50.9382],[-113.886,50.9413],[-113.8781,50.9309],[-113.8779,50.9194],[-113.8853,50.9068],[-113.8988,50.9005],[-113.9183,50.9005],[-113.9291,50.9037],[-113.9314,50.91],[-113.9219,50.9215]]]}},{"type":"Feature","properties":{"c":"#80ff00","v0":0.005,"v1":0.008},"geometry":{"type":"Polygon","coordinates":[[[-113.827,50.9158],[-113.8157,50.921],[-113.8083,50.921],[-113.8049,50.9158],[-113.8049,50.9105],[-113.8083,50.9051],[-113.8157,50.9051],[-113.827,50.9105],[-113.827,50.9158]]]}},{"type":"Feature","properties":{"c":"#80ff00","v0":0.005,"v1":0.008},"geometry":{"type":"Polygon","coordinates":[[[-103.992,50.8915],[-103.9907,50.8988],[-103.9791,50.9019],[-103.9573,50.901],[-103.9473,50.8967],[-103.9491,50.8892],[-103.9607,50.886],[-103.982,50.8873],[-103.992,50.8915]]]}},{"type":"Feature","properties":{"c":"#80ff00","v0":0.005,"v1":0.008},"geometry":{"type":"Polygon","coordinates":[[[-102.5103,50.8679],[-102.4834,50.8783],[-102.4595,50.8783],[-102.4385,50.8679],[-102.4385,50.8565],[-102.4595,50.844],[-102.48,50.8394],[-102.5,50.8425],[-102.5134,50.8488],[-102.5203,50.858],[-102.5103,50.8679]],[[-102.489,50.8627],[-102.4626,50.8627],[-102.4545,50.8592],[-102.4648,50.8523],[-102.478,50.8523],[-102.4941,50.8592],[-102.489,50.8627]]]}},{"type":"Feature","properties":{"c":"#80ff00","v0":0.005,"v1":0.008},"geometry":{"type":"Polygon","coordinates":[[[-105.5606,50.7268],[-105.5503,50.7584],[-105.549,50.7869],[-105.5568,50.8121],[-105.5546,50.8343],[-105.5425,50.8532],[-105.5298,50.8642],[-105.5166,50.8671],[-105.4969,50.8514],[-105.4707,50.8168],[-105.4679,50.7932],[-105.4885,50.7805],[-105.5066,50.7599],[-105.5222,50.7312],[-105.5389,50.7154],[-105.5568,50.7124],[-105.5606,50.7268]],[[-105.5386,50.8177],[-105.5195,50.8289],[-105.5036,50.8289],[-105.4909,50.8177],[-105.4909,50.8065],[-105.5036,50.7951],[-105.5195,50.7951],[-105.5386,50.8065],[-105.5386,50.8177]]]}},{"type":"Feature","properties":{"c":"#80ff00","v0":0.005,"v1":0.008},"geometry":{"type":"Polygon","coordinates":[[[-105.1117,50.8374],[-105.0978,50.8374],[-105.0957,50.8313],[-105.1052,50.8192],[-105.1121,50.8192],[-105.1164,50.8313],[-105.1117,50.8374]]]}},{"type":"Feature","properties":{"c":"#80ff00","v0":0.005,"v1":0.008},"geometry":{"type":"Polygon","coordinates":[[[-111.0567,50.8162],[-111.0522,50.8242],[-111.0377,50.8273],[-111.0132,50.8256],[-111.0032,50.8137],[-111.0077,50.7914],[-111.015,50.779],[-111.025,50.7763],[-111.0372,50.7842],[-111.0517,50.8028],[-111.0567,50.8162]]]}},{"type":"Feature","properties":{"c":"#80ff00","v0":0.005,"v1":0.008},"geometry":{"type":"Polygon","coordinates":[[[-106.2658,50.7568],[-106.2419,50.7725],[-106.199,50.7756],[-106.137,50.7663],[-106.112,50.7776],[-106.124,50.8098],[-106.105,50.821],[-106.055,50.8112],[-106.01,50.81],[-105.97,50.8174],[-105.9422,50.8189],[-105.9265,50.8144],[-105.9073,50.7995],[-105.8846,50.7742],[-105.8775,50.7576],[-105.8858,50.7498],[-105.92,50.7397],[-105.98,50.7274],[-106.03,50.7246],[-106.07,50.7314],[-106.125,50.7309],[-106.195,50.7229],[-106.2419,50.7264],[-106.2658,50.7414],[-106.2658,50.7568]],[[-105.9856,50.7918],[-105.9752,50.8017],[-105.9648,50.8049],[-105.9545,50.8013],[-105.9545,50.7951],[-105.9648,50.7862],[-105.9752,50.783],[-105.9856,50.7856],[-105.9856,50.7918]],[[-106.2508,50.7528],[-106.2369,50.7606],[-106.2256,50.7606],[-106.2169,50.7528],[-106.2169,50.7451],[-106.2256,50.7375],[-106.2369,50.7375],[-106.2508,50.7451],[-106.2508,50.7528]]]}},{"type":"Feature","properties":{"c":"#80ff00","v0":0.005,"v1":0.008},"geometry":{"type":"Polygon","coordinates":[[[-101.1459,50.8154],[-101.1353,50.822],[-101.1229,50.822],[-101.1088,50.8154],[-101.0988,50.7992],[-101.0929,50.7734],[-101.1,50.7625],[-101.12,50.7666],[-101.1353,50.7796],[-101.1459,50.8013],[-101.1459,50.8154]]]}},{"type":"Feature","properties":{"c":"#80ff00","v0":0.005,"v1":0.008},"geometry":{"type":"Polygon","coordinates":[[[-105.4199,50.7938],[-105.4,50.8075],[-105.37,50.8099],[-105.33,50.8009],[-105.3061,50.7876],[-105.2983,50.7703],[-105.3083,50.7445],[-105.3361,50.7102],[-105.3592,50.6944],[-105.3775,50.697],[-105.3843,50.7109],[-105.3795,50.7363],[-105.3903,50.7584],[-105.4167,50.7774],[-105.4199,50.7938]],[[-105.3995,50.7907],[-105.3932,50.7983],[-105.3817,50.7983],[-105.365,50.7907],[-105.36,50.7834],[-105.3667,50.7763],[-105.3782,50.7763],[-105.3945,50.7834],[-105.3995,50.7907]]]}},{"type":"Feature","properties":{"c":"#80ff00","v0":0.005,"v1":0.008},"geometry":{"type":"Polygon","coordinates":[[[-105.1283,50.7827],[-105.1161,50.7997],[-105.11,50.8003],[-105.11,50.7845],[-105.1161,50.776],[-105.1283,50.7748],[-105.1283,50.7827]]]}},{"type":"Feature","properties":{"c":"#80ff00","v0":0.005,"v1":0.008},"geometry":{"type":"Polygon","coordinates":[[[-105.2777,50.7281],[-105.2726,50.7371],[-105.255,50.741],[-105.225,50.7399],[-105.1982,50.7322],[-105.1747,50.718],[-105.1547,50.6981],[-105.1382,50.6723],[-105.135,50.6561],[-105.145,50.6495],[-105.16,50.6484],[-105.18,50.6531],[-105.2126,50.6725],[-105.2577,50.7066],[-105.2777,50.7281]],[[-105.2348,50.7133],[-105.2183,50.718],[-105.2046,50.7117],[-105.1937,50.6943],[-105.2019,50.6919],[-105.2294,50.7046],[-105.2348,50.7133]]]}},{"type":"Feature","properties":{"c":"#80ff00","v0":0.005,"v1":0.008},"geometry":{"type":"Polygon","coordinates":[[[-101.2347,50.7157],[-101.2182,50.7253],[-101.2019,50.7221],[-101.1858,50.7062],[-101.1858,50.6971],[-101.2019,50.6948],[-101.2182,50.698],[-101.2347,50.7066],[-101.2347,50.7157]]]}},{"type":"Feature","properties":{"c":"#80ff00","v0":0.005,"v1":0.008},"geometry":{"type":"Polygon","coordinates":[[[-104.4947,50.684],[-104.4516,50.7063],[-104.4179,50.7126],[-104.3937,50.703],[-104.3774,50.6888],[-104.3691,50.6697],[-104.3812,50.6535],[-104.4137,50.6402],[-104.4516,50.6433],[-104.4947,50.6631],[-104.4947,50.684]],[[-104.4649,50.6795],[-104.4416,50.6926],[-104.4258,50.6926],[-104.4173,50.6795],[-104.4223,50.6681],[-104.4408,50.6585],[-104.4566,50.6585],[-104.4699,50.6681],[-104.4649,50.6795]]]}},{"type":"Feature","properties":{"c":"#80ff00","v0":0.005,"v1":0.008},"geometry":{"type":"Polygon","coordinates":[[[-104.6519,50.6523],[-104.6373,50.6617],[-104.6219,50.6617],[-104.6057,50.6523],[-104.6057,50.6427],[-104.6219,50.6329],[-104.6373,50.6329],[-104.6519,50.6427],[-104.6519,50.6523]]]}},{"type":"Feature","properties":{"c":"#80ff00","v0":0.005,"v1":0.008},"geometry":{"type":"Polygon","coordinates":[[[-101.8018,50.6498],[-101.7406,50.6542],[-101.7077,50.6446],[-101.703,50.6212],[-101.713,50.6065],[-101.7377,50.6005],[-101.7706,50.6101],[-101.8118,50.6351],[-101.8018,50.6498]],[[-101.7615,50.639],[-101.7405,50.6472],[-101.725,50.644],[-101.7149,50.6295],[-101.7199,50.6198],[-101.74,50.6152],[-101.7555,50.6183],[-101.7665,50.6294],[-101.7615,50.639]]]}},{"type":"Feature","properties":{"c":"#80ff00","v0":0.005,"v1":0.008},"geometry":{"type":"Polygon","coordinates":[[[-105.2012,50.5778],[-105.1946,50.5905],[-105.1809,50.6009],[-105.1603,50.609],[-105.1291,50.609],[-105.0872,50.6009],[-105.0636,50.5905],[-105.0583,50.5778],[-105.0714,50.5587],[-105.1028,50.5333],[-105.1114,50.5138],[-105.0971,50.5001],[-105.0964,50.4938],[-105.1092,50.4947],[-105.1378,50.5142],[-105.1823,50.5523],[-105.2012,50.5778]],[[-105.1583,50.5759],[-105.1528,50.5849],[-105.1404,50.5881],[-105.1213,50.5854],[-105.1163,50.5796],[-105.1254,50.5707],[-105.1378,50.5675],[-105.1533,50.5701],[-105.1583,50.5759]]]}},{"type":"Feature","properties":{"c":"#80ff00","v0":0.005,"v1":0.008},"geometry":{"type":"Polygon","coordinates":[[[-104.8535,50.6007],[-104.8378,50.6086],[-104.81,50.6104],[-104.77,50.6059],[-104.7381,50.5956],[-104.7144,50.5795],[-104.7144,50.5662],[-104.7381,50.5558],[-104.77,50.553],[-104.81,50.5576],[-104.8378,50.5691],[-104.8535,50.5876],[-104.8535,50.6007]]]}},{"type":"Feature","properties":{"c":"#80ff00","v0":0.005,"v1":0.008},"geometry":{"type":"Polygon","coordinates":[[[-101.12,50.5536],[-101.1133,50.5688],[-101.1,50.5805],[-101.08,50.5888],[-101.06,50.5931],[-101.04,50.5935],[-101.017,50.5882],[-100.9909,50.577],[-100.9815,50.5619],[-100.9886,50.5428],[-101.0066,50.5279],[-101.0355,50.5171],[-101.065,50.5135],[-101.095,50.5171],[-101.1133,50.5257],[-101.12,50.5392],[-101.12,50.5536]],[[-101.0908,50.5518],[-101.0769,50.5634],[-101.0609,50.5634],[-101.0426,50.5518],[-101.0426,50.5422],[-101.0609,50.5347],[-101.0769,50.5347],[-101.0908,50.5422],[-101.0908,50.5518]]]}},{"type":"Feature","properties":{"c":"#80ff00","v0":0.005,"v1":0.008},"geometry":{"type":"Polygon","coordinates":[[[-119.5319,50.5495],[-119.5306,50.5566],[-119.5226,50.5598],[-119.5077,50.5591],[-119.5027,50.5529],[-119.5076,50.5414],[-119.5156,50.5382],[-119.5269,50.5434],[-119.5319,50.5495]]]}},{"type":"Feature","properties":{"c":"#80ff00","v0":0.005,"v1":0.008},"geometry":{"type":"Polygon","coordinates":[[[-105.0969,50.389],[-105.079,50.4062],[-105.055,50.4105],[-105.025,50.4021],[-104.9712,50.4062],[-104.8937,50.4231],[-104.8493,50.4346],[-104.8379,50.441],[-104.8386,50.4537],[-104.8513,50.4728],[-104.8457,50.4869],[-104.8219,50.496],[-104.79,50.487],[-104.75,50.4597],[-104.715,50.4464],[-104.685,50.447],[-104.6651,50.4497],[-104.6553,50.4545],[-104.6511,50.4697],[-104.6525,50.4951],[-104.6474,50.5083],[-104.6358,50.5092],[-104.617,50.4965],[-104.5909,50.4701],[-104.6002,50.4346],[-104.6448,50.39],[-104.6428,50.3621],[-104.5943,50.351],[-104.5585,50.3287],[-104.5354,50.2951],[-104.5554,50.2721],[-104.6185,50.2598],[-104.6533,50.263],[-104.66,50.2817],[-104.65,50.2929],[-104.6233,50.2966],[-104.608,50.303],[-104.604,50.3121],[-104.619,50.323],[-104.653,50.3357],[-104.6711,50.3485],[-104.6734,50.3613],[-104.6984,50.3804],[-104.7461,50.4059],[-104.775,50.4185],[-104.785,50.4182],[-104.7924,50.4087],[-104.7973,50.3899],[-104.8073,50.3756],[-104.8224,50.3659],[-104.87,50.3646],[-104.95,50.3716],[-105.01,50.3714],[-105.05,50.364],[-105.079,50.3653],[-105.0969,50.3754],[-105.0969,50.389]],[[-104.9345,50.3983],[-104.8915,50.4084],[-104.8589,50.4084],[-104.8367,50.3983],[-104.8317,50.3882],[-104.8439,50.3782],[-104.87,50.3736],[-104.91,50.3744],[-104.9365,50.3794],[-104.9495,50.3886],[-104.9345,50.3983]]]}},{"type":"Feature","properties":{"c":"#80ff00","v0":0.005,"v1":0.008},"geometry":{"type":"Polygon","coordinates":[[[-105.246,50.387],[-105.2353,50.4002],[-105.2261,50.4002],[-105.2184,50.387],[-105.2184,50.3771],[-105.2261,50.3704],[-105.2353,50.3704],[-105.246,50.3771],[-105.246,50.387]]]}},{"type":"Feature","properties":{"c":"#80ff00","v0":0.005,"v1":0.008},"geometry":{"type":"Polygon","coordinates":[[[-104.5887,50.4086],[-104.5762,50.4138],[-104.5646,50.4138],[-104.5537,50.4086],[-104.5537,50.4012],[-104.5646,50.3916],[-104.5762,50.3916],[-104.5887,50.4012],[-104.5887,50.4086]]]}},{"type":"Feature","properties":{"c":"#80ff00","v0":0.005,"v1":0.008},"geometry":{"type":"Polygon","coordinates":[[[-118.4291,50.3677],[-118.4115,50.3677],[-118.4095,50.3652],[-118.4232,50.3603],[-118.432,50.3603],[-118.4359,50.3652],[-118.4291,50.3677]]]}},{"type":"Feature","properties":{"c":"#80ff00","v0":0.005,"v1":0.008},"geometry":{"type":"Polygon","coordinates":[[[-105.9971,50.3342],[-105.979,50.3438],[-105.9601,50.3438],[-105.9402,50.3342],[-105.9402,50.3259],[-105.9601,50.319],[-105.979,50.319],[-105.9971,50.3259],[-105.9971,50.3342]]]}},{"type":"Feature","properties":{"c":"#80ff00","v0":0.005,"v1":0.008},"geometry":{"type":"Polygon","coordinates":[[[-110.2273,50.311],[-110.2158,50.3254],[-110.2,50.333],[-110.18,50.3337],[-110.1548,50.317],[-110.1243,50.2827],[-110.1143,50.2631],[-110.1248,50.2582],[-110.15,50.2589],[-110.19,50.265],[-110.2158,50.277],[-110.2273,50.2949],[-110.2273,50.311]],[[-110.2094,50.3085],[-110.1965,50.3178],[-110.1821,50.3178],[-110.1663,50.3085],[-110.1663,50.2983],[-110.1821,50.2871],[-110.1965,50.2871],[-110.2094,50.2983],[-110.2094,50.3085]]]}},{"type":"Feature","properties":{"c":"#80ff00","v0":0.005,"v1":0.008},"geometry":{"type":"Polygon","coordinates":[[[-104.947,50.3103],[-104.9376,50.323],[-104.9271,50.3295],[-104.9157,50.3297],[-104.903,50.3265],[-104.889,50.3199],[-104.8812,50.3103],[-104.8796,50.2975],[-104.8866,50.288],[-104.9022,50.2818],[-104.9204,50.285],[-104.9413,50.2976],[-104.947,50.3103]]]}},{"type":"Feature","properties":{"c":"#80ff00","v0":0.005,"v1":0.008},"geometry":{"type":"Polygon","coordinates":[[[-101.6786,50.2717],[-101.6595,50.284],[-101.6417,50.284],[-101.6252,50.2717],[-101.6252,50.26],[-101.6417,50.249],[-101.6595,50.249],[-101.6786,50.26],[-101.6786,50.2717]]]}},{"type":"Feature","properties":{"c":"#80ff00","v0":0.005,"v1":0.008},"geometry":{"type":"Polygon","coordinates":[[[-104.9325,50.1937],[-104.9175,50.2034],[-104.885,50.2018],[-104.835,50.1888],[-104.8028,50.1711],[-104.7884,50.1487],[-104.7884,50.1325],[-104.8028,50.1224],[-104.825,50.1179],[-104.855,50.1189],[-104.8875,50.1368],[-104.9225,50.1714],[-104.9325,50.1937]],[[-104.894,50.1665],[-104.8913,50.1733],[-104.875,50.1777],[-104.845,50.1796],[-104.8213,50.1763],[-104.8038,50.1675],[-104.7946,50.1567],[-104.7938,50.1439],[-104.8075,50.1335],[-104.8358,50.1254],[-104.8613,50.1318],[-104.884,50.1527],[-104.894,50.1665]]]}},{"type":"Feature","properties":{"c":"#80ff00","v0":0.005,"v1":0.008},"geometry":{"type":"Polygon","coordinates":[[[-97.7939,50.1488],[-97.778,50.1714],[-97.7525,50.181],[-97.7176,50.1776],[-97.7076,50.1655],[-97.7225,50.1447],[-97.74,50.1321],[-97.76,50.1277],[-97.778,50.1285],[-97.7939,50.1345],[-97.7939,50.1488]]]}},{"type":"Feature","properties":{"c":"#80ff00","v0":0.005,"v1":0.008},"geometry":{"type":"Polygon","coordinates":[[[-111.0366,49.9062],[-110.9922,49.9319],[-110.9619,49.9416],[-110.9458,49.9352],[-110.9406,49.9255],[-110.9462,49.9126],[-110.9643,49.9004],[-110.9948,49.8887],[-111.0222,49.8855],[-111.0466,49.8907],[-111.0366,49.9062]]]}},{"type":"Feature","properties":{"c":"#80ff00","v0":0.005,"v1":0.008},"geometry":{"type":"Polygon","coordinates":[[[-92.8283,49.8334],[-92.8161,49.8426],[-92.785,49.8491],[-92.735,49.8529],[-92.7046,49.8515],[-92.6939,49.845],[-92.6939,49.8373],[-92.7046,49.8286],[-92.7411,49.8253],[-92.8033,49.8277],[-92.8283,49.8334]]]}},{"type":"Feature","properties":{"c":"#80ff00","v0":0.005,"v1":0.008},"geometry":{"type":"Polygon","coordinates":[[[-122.6618,49.7417],[-122.6532,49.7481],[-122.6479,49.7481],[-122.646,49.7417],[-122.6503,49.7384],[-122.6609,49.7384],[-122.6618,49.7417]]]}},{"type":"Feature","properties":{"c":"#80ff00","v0":0.005,"v1":0.008},"geometry":{"type":"Polygon","coordinates":[[[-123.9157,49.5753],[-123.9119,49.5856],[-123.9,49.5892],[-123.88,49.5861],[-123.8693,49.5712],[-123.8678,49.5445],[-123.8797,49.5409],[-123.905,49.5604],[-123.9157,49.5753]]]}},{"type":"Feature","properties":{"c":"#80ff00","v0":0.005,"v1":0.008},"geometry":{"type":"Polygon","coordinates":[[[-122.6984,49.4695],[-122.6892,49.476],[-122.686,49.471],[-122.6887,49.4546],[-122.6932,49.4513],[-122.6997,49.4613],[-122.6984,49.4695]]]}},{"type":"Feature","properties":{"c":"#80ff00","v0":0.005,"v1":0.008},"geometry":{"type":"Polygon","coordinates":[[[-123.9938,49.4073],[-123.9779,49.4196],[-123.96,49.4248],[-123.94,49.4228],[-123.9331,49.4134],[-123.9392,49.3966],[-123.9492,49.3854],[-123.9631,49.3798],[-123.9779,49.3831],[-123.9938,49.3951],[-123.9938,49.4073]]]}},{"type":"Feature","properties":{"c":"#80ff00","v0":0.005,"v1":0.008},"geometry":{"type":"Polygon","coordinates":[[[-123.0476,49.4174],[-123.0316,49.4239],[-123.0252,49.4218],[-123.0284,49.4111],[-123.0364,49.4079],[-123.0492,49.4121],[-123.0476,49.4174]]]}},{"type":"Feature","properties":{"c":"#80ff00","v0":0.005,"v1":0.008},"geometry":{"type":"Polygon","coordinates":[[[-122.9393,49.4071],[-122.9198,49.4188],[-122.9049,49.4221],[-122.8947,49.4168],[-122.8997,49.4074],[-122.9199,49.3939],[-122.9348,49.3907],[-122.9443,49.3977],[-122.9393,49.4071]]]}},{"type":"Feature","properties":{"c":"#80ff00","v0":0.005,"v1":0.008},"geometry":{"type":"Polygon","coordinates":[[[-122.8374,49.4072],[-122.8191,49.4192],[-122.8035,49.4192],[-122.7904,49.4072],[-122.7904,49.3975],[-122.8035,49.39],[-122.8191,49.39],[-122.8374,49.3975],[-122.8374,49.4072]]]}},{"type":"Feature","properties":{"c":"#80ff00","v0":0.005,"v1":0.008},"geometry":{"type":"Polygon","coordinates":[[[-84.6189,47.2511],[-84.613,47.259],[-84.6,47.2605],[-84.58,47.2555],[-84.5673,47.2413],[-84.5618,47.218],[-84.5668,47.2078],[-84.5823,47.2106],[-84.598,47.2207],[-84.6139,47.2383],[-84.6189,47.2511]]]}},{"type":"Feature","properties":{"c":"#80ff00","v0":0.005,"v1":0.008},"geometry":{"type":"Polygon","coordinates":[[[-71.3379,47.0223],[-71.3193,47.0354],[-71.3012,47.0388],[-71.2837,47.0325],[-71.2837,47.0206],[-71.3012,47.003],[-71.3193,46.9996],[-71.3379,47.0104],[-71.3379,47.0223]],[[-71.3247,47.0197],[-71.3149,47.0276],[-71.3054,47.0276],[-71.2961,47.0197],[-71.301,47.0158],[-71.32,47.0158],[-71.3247,47.0197]]]}},{"type":"Feature","properties":{"c":"#80ff00","v0":0.005,"v1":0.008},"geometry":{"type":"Polygon","coordinates":[[[-72.6974,46.7462],[-72.6791,46.754],[-72.6673,46.7505],[-72.6619,46.7359],[-72.6669,46.726],[-72.6823,46.7207],[-72.6941,46.7241],[-72.7024,46.7363],[-72.6974,46.7462]]]}},{"type":"Feature","properties":{"c":"#80ff00","v0":0.005,"v1":0.008},"geometry":{"type":"Polygon","coordinates":[[[-83.5521,46.4164],[-83.5374,46.4243],[-83.5244,46.4243],[-83.5131,46.4164],[-83.5131,46.4076],[-83.5244,46.3981],[-83.5374,46.3981],[-83.5521,46.4076],[-83.5521,46.4164]]]}},{"type":"Feature","properties":{"c":"#80ff00","v0":0.005,"v1":0.008},"geometry":{"type":"Polygon","coordinates":[[[-84.4458,46.2086],[-84.4306,46.2155],[-84.4158,46.2121],[-84.4017,46.1982],[-84.4034,46.1884],[-84.4211,46.1827],[-84.4359,46.1862],[-84.4476,46.1988],[-84.4458,46.2086]]]}},{"type":"Feature","properties":{"c":"#80ff00","v0":0.005,"v1":0.008},"geometry":{"type":"Polygon","coordinates":[[[-83.8577,46.1463],[-83.8379,46.1671],[-83.8135,46.1809],[-83.7845,46.188],[-83.7579,46.188],[-83.7337,46.1809],[-83.7152,46.1671],[-83.7025,46.1463],[-83.7296,46.1282],[-83.7965,46.1128],[-83.8394,46.1128],[-83.8582,46.1282],[-83.8577,46.1463]],[[-83.8333,46.1478],[-83.8044,46.1715],[-83.7779,46.1819],[-83.7537,46.1789],[-83.7353,46.1705],[-83.7228,46.1567],[-83.7199,46.145],[-83.7266,46.1356],[-83.75,46.1278],[-83.79,46.1215],[-83.8194,46.1227],[-83.8383,46.1315],[-83.8333,46.1478]]]}},{"type":"Feature","properties":{"c":"#80ff00","v0":0.005,"v1":0.008},"geometry":{"type":"Polygon","coordinates":[[[-83.5789,46.1233],[-83.5596,46.1259],[-83.5471,46.1225],[-83.5413,46.1129],[-83.5463,46.1063],[-83.5621,46.1026],[-83.5746,46.106],[-83.5839,46.1167],[-83.5789,46.1233]]]}},{"type":"Feature","properties":{"c":"#80ff00","v0":0.005,"v1":0.008},"geometry":{"type":"Polygon","coordinates":[[[-83.3336,45.8203],[-83.3179,45.8285],[-83.295,45.8303],[-83.265,45.8257],[-83.2414,45.8146],[-83.2241,45.7971],[-83.2191,45.7787],[-83.2264,45.7595],[-83.245,45.7495],[-83.275,45.7487],[-83.3029,45.7653],[-83.3286,45.7992],[-83.3336,45.8203]],[[-83.2924,45.7924],[-83.2641,45.8005],[-83.2453,45.797],[-83.2358,45.7819],[-83.2408,45.7693],[-83.2603,45.7591],[-83.2791,45.7626],[-83.2974,45.7797],[-83.2924,45.7924]]]}},{"type":"Feature","properties":{"c":"#80ff00","v0":0.005,"v1":0.008},"geometry":{"type":"Polygon","coordinates":[[[-80.5627,45.7918],[-80.5542,45.7988],[-80.5414,45.7988],[-80.5241,45.7918],[-80.5191,45.7854],[-80.5264,45.7796],[-80.5392,45.7796],[-80.5577,45.7854],[-80.5627,45.7918]]]}},{"type":"Feature","properties":{"c":"#80ff00","v0":0.005,"v1":0.008},"geometry":{"type":"Polygon","coordinates":[[[-73.9745,44.9352],[-73.9715,44.9436],[-73.9599,44.9471],[-73.9396,44.9458],[-73.9346,44.9389],[-73.9449,44.9265],[-73.9565,44.9229],[-73.9695,44.9283],[-73.9745,44.9352]]]}},{"type":"Feature","properties":{"c":"#80ff00","v0":0.005,"v1":0.008},"geometry":{"type":"Polygon","coordinates":[[[-82.6368,44.679],[-82.6056,44.7143],[-82.58,44.7351],[-82.56,44.7416],[-82.5467,44.7381],[-82.5402,44.7248],[-82.5443,44.704],[-82.559,44.6755],[-82.5822,44.6552],[-82.6141,44.6428],[-82.6356,44.6428],[-82.6468,44.6552],[-82.6368,44.679]],[[-82.6079,44.6862],[-82.5788,44.7075],[-82.5706,44.7047],[-82.5835,44.6778],[-82.5972,44.6636],[-82.6116,44.6621],[-82.6197,44.6649],[-82.6216,44.672],[-82.6079,44.6862]]]}},{"type":"Feature","properties":{"c":"#80ff00","v0":0.005,"v1":0.008},"geometry":{"type":"Polygon","coordinates":[[[-79.6555,44.0958],[-79.6385,44.1086],[-79.6223,44.1086],[-79.6069,44.0958],[-79.6069,44.0836],[-79.6223,44.072],[-79.6385,44.072],[-79.6555,44.0836],[-79.6555,44.0958]]]}},{"type":"Feature","properties":{"c":"#80ff00","v0":0.005,"v1":0.008},"geometry":{"type":"Polygon","coordinates":[[[-79.6068,43.9826],[-79.5956,43.9988],[-79.5762,44.006],[-79.5486,44.0041],[-79.5361,43.9816],[-79.5385,43.9384],[-79.5473,43.9167],[-79.5624,43.9165],[-79.5806,43.9309],[-79.6018,43.9599],[-79.6068,43.9826]],[[-79.5882,43.9807],[-79.5761,43.9933],[-79.5634,43.9969],[-79.5503,43.9915],[-79.5503,43.9802],[-79.5634,43.963],[-79.5761,43.9594],[-79.5882,43.9694],[-79.5882,43.9807]]]}},{"type":"Feature","properties":{"c":"#80ff00","v0":0.005,"v1":0.008},"geometry":{"type":"Polygon","coordinates":[[[-79.4904,43.722],[-79.4814,43.7364],[-79.4701,43.7425],[-79.4567,43.7401],[-79.45,43.7234],[-79.45,43.6924],[-79.455,43.6766],[-79.465,43.676],[-79.4762,43.6855],[-79.4887,43.705],[-79.4904,43.722]]]}},{"type":"Feature","properties":{"c":"#80ff00","v0":0.005,"v1":0.008},"geometry":{"type":"Polygon","coordinates":[[[-80.7882,43.0622],[-80.7761,43.0653],[-80.7661,43.0617],[-80.7584,43.0513],[-80.7633,43.0461],[-80.7806,43.0461],[-80.7906,43.0497],[-80.7931,43.057],[-80.7882,43.0622]]]}},{"type":"Feature","properties":{"c":"#80ff00","v0":0.005,"v1":0.008},"geometry":{"type":"Polygon","coordinates":[[[-80.025,42.8773],[-80.015,42.891],[-79.985,42.8993],[-79.935,42.9023],[-79.8789,42.8991],[-79.8166,42.8898],[-79.7784,42.8777],[-79.7644,42.8631],[-79.7806,42.8421],[-79.8269,42.8147],[-79.8588,42.8037],[-79.8764,42.8091],[-79.8914,42.8219],[-79.9038,42.8423],[-79.93,42.8517],[-79.97,42.85],[-80.0,42.8545],[-80.02,42.8651],[-80.025,42.8773]],[[-79.8714,42.8497],[-79.8571,42.867],[-79.8371,42.8707],[-79.8113,42.8607],[-79.8021,42.8484],[-79.8093,42.8337],[-79.8222,42.8228],[-79.8407,42.8156],[-79.8571,42.8193],[-79.8714,42.8338],[-79.8714,42.8497]]]}},{"type":"Feature","properties":{"c":"#80ff00","v0":0.005,"v1":0.008},"geometry":{"type":"Polygon","coordinates":[[[-78.2509,42.7599],[-78.237,42.7738],[-78.2129,42.7811],[-78.1786,42.782],[-78.1736,42.769],[-78.1979,42.7421],[-78.222,42.7348],[-78.2459,42.7469],[-78.2509,42.7599]]]}},{"type":"Feature","properties":{"c":"#80ff00","v0":0.005,"v1":0.008},"geometry":{"type":"Polygon","coordinates":[[[-91.2256,42.1855],[-91.2152,42.2015],[-91.1978,42.2089],[-91.1733,42.2078],[-91.1463,42.1887],[-91.1169,42.1516],[-91.0992,42.1185],[-91.0931,42.0892],[-91.1252,42.1004],[-91.1956,42.1518],[-91.2256,42.1855]],[[-91.2159,42.1821],[-91.212,42.1911],[-91.2,42.1964],[-91.18,42.198],[-91.1654,42.1898],[-91.1563,42.1718],[-91.1613,42.1606],[-91.1804,42.1564],[-91.197,42.1601],[-91.2109,42.1717],[-91.2159,42.1821]]]}},{"type":"Feature","properties":{"c":"#80ff00","v0":0.005,"v1":0.008},"geometry":{"type":"Polygon","coordinates":[[[-90.9886,41.9751],[-90.9762,41.9859],[-90.9549,41.9859],[-90.9246,41.9751],[-90.8781,41.94],[-90.8151,41.8804],[-90.7853,41.842],[-90.7884,41.8248],[-90.805,41.8165],[-90.835,41.817],[-90.8805,41.8442],[-90.9416,41.8981],[-90.9778,41.9362],[-90.9891,41.9586],[-90.9886,41.9751]],[[-90.9629,41.9577],[-90.941,41.9634],[-90.9109,41.9448],[-90.8727,41.9019],[-90.8577,41.8783],[-90.8659,41.8742],[-90.896,41.8928],[-90.9479,41.9342],[-90.9629,41.9577]]]}},{"type":"Feature","properties":{"c":"#80ff00","v0":0.005,"v1":0.008},"geometry":{"type":"Polygon","coordinates":[[[-97.9122,40.1656],[-97.8974,40.1762],[-97.8818,40.1762],[-97.8654,40.1656],[-97.8654,40.1553],[-97.8818,40.1455],[-97.8974,40.1455],[-97.9122,40.1553],[-97.9122,40.1656]]]}},{"type":"Feature","properties":{"c":"#80ff00","v0":0.005,"v1":0.008},"geometry":{"type":"Polygon","coordinates":[[[-104.8433,38.5858],[-104.8344,38.591],[-104.83,38.5863],[-104.83,38.5715],[-104.8344,38.5689],[-104.8433,38.5785],[-104.8433,38.5858]]]}},{"type":"Feature","properties":{"c":"#80ff00","v0":0.005,"v1":0.008},"geometry":{"type":"Polygon","coordinates":[[[-104.1349,38.4137],[-104.1183,38.4189],[-104.109,38.415],[-104.1071,38.4019],[-104.1121,38.3932],[-104.124,38.3889],[-104.1333,38.3928],[-104.1399,38.4049],[-104.1349,38.4137]]]}},{"type":"Feature","properties":{"c":"#80ff00","v0":0.005,"v1":0.008},"geometry":{"type":"Polygon","coordinates":[[[-104.9891,37.373],[-104.9764,37.3804],[-104.9623,37.3804],[-104.9468,37.373],[-104.9468,37.3657],[-104.9623,37.3587],[-104.9764,37.3587],[-104.9891,37.3657],[-104.9891,37.373]]]}},{"type":"Feature","properties":{"c":"#80ff00","v0":0.005,"v1":0.008},"geometry":{"type":"Polygon","coordinates":[[[-97.3052,37.3141],[-97.2951,37.331],[-97.275,37.3395],[-97.245,37.3396],[-97.2231,37.3312],[-97.2094,37.3141],[-97.2038,37.2977],[-97.2064,37.2818],[-97.2232,37.2686],[-97.2544,37.2581],[-97.2801,37.2661],[-97.3002,37.2924],[-97.3052,37.3141]],[[-97.2984,37.3113],[-97.2928,37.3227],[-97.28,37.3305],[-97.26,37.3347],[-97.2425,37.333],[-97.2274,37.3253],[-97.2183,37.3136],[-97.2153,37.2977],[-97.2178,37.284],[-97.2259,37.2724],[-97.24,37.2657],[-97.26,37.2639],[-97.2778,37.2736],[-97.2934,37.2949],[-97.2984,37.3113]]]}},{"type":"Feature","properties":{"c":"#80ff00","v0":0.005,"v1":0.008},"geometry":{"type":"Polygon","coordinates":[[[-102.666,36.9092],[-102.6553,36.9139],[-102.645,36.9084],[-102.635,36.8928],[-102.635,36.8825],[-102.645,36.8775],[-102.6553,36.883],[-102.666,36.8989],[-102.666,36.9092]]]}},{"type":"Feature","properties":{"c":"#80ff00","v0":0.005,"v1":0.008},"geometry":{"type":"Polygon","coordinates":[[[-102.0993,35.8493],[-102.0931,35.8598],[-102.08,35.8637],[-102.06,35.8608],[-102.0402,35.8515],[-102.0207,35.8357],[-102.0113,35.8197],[-102.0122,35.8034],[-102.0169,35.7918],[-102.0256,35.7849],[-102.04,35.7841],[-102.06,35.7894],[-102.0781,35.805],[-102.0943,35.831],[-102.0993,35.8493]],[[-102.0693,35.8408],[-102.0431,35.8344],[-102.03,35.8239],[-102.03,35.8091],[-102.04,35.8038],[-102.06,35.8078],[-102.0731,35.8183],[-102.0793,35.8354],[-102.0693,35.8408]]]}},{"type":"Feature","properties":{"c":"#80ff00","v0":0.005,"v1":0.008},"geometry":{"type":"Polygon","coordinates":[[[-76.3716,35.2804],[-76.3572,35.2923],[-76.343,35.2964],[-76.329,35.2927],[-76.329,35.281],[-76.343,35.2615],[-76.3572,35.2574],[-76.3716,35.2688],[-76.3716,35.2804]]]}},{"type":"Feature","properties":{"c":"#80ff00","v0":0.005,"v1":0.008},"geometry":{"type":"Polygon","coordinates":[[[-101.0569,34.8397],[-101.039,34.8543],[-101.0226,34.8543],[-101.0079,34.8397],[-101.0079,34.8272],[-101.0226,34.8169],[-101.039,34.8169],[-101.0569,34.8272],[-101.0569,34.8397]]]}},{"type":"Feature","properties":{"c":"#80ff00","v0":0.005,"v1":0.008},"geometry":{"type":"Polygon","coordinates":[[[-100.5512,34.55],[-100.5104,34.5445],[-100.4876,34.5362],[-100.4829,34.5253],[-100.4879,34.5156],[-100.5026,34.5071],[-100.5254,34.5153],[-100.5562,34.5403],[-100.5512,34.55]]]}},{"type":"Feature","properties":{"c":"#80ff00","v0":0.005,"v1":0.008},"geometry":{"type":"Polygon","coordinates":[[[-100.706,31.8183],[-100.682,31.8392],[-100.655,31.8412],[-100.625,31.8243],[-100.59,31.82],[-100.55,31.8283],[-100.5125,31.8136],[-100.4775,31.7758],[-100.4725,31.7498],[-100.4975,31.7357],[-100.53,31.7438],[-100.57,31.774],[-100.61,31.7842],[-100.65,31.7743],[-100.682,31.7789],[-100.706,31.7982],[-100.706,31.8183]],[[-100.6901,31.8139],[-100.6767,31.826],[-100.6636,31.8217],[-100.6509,31.8012],[-100.6576,31.7951],[-100.6838,31.8036],[-100.6901,31.8139]],[[-100.556,31.8087],[-100.5387,31.8102],[-100.52,31.8027],[-100.5,31.7859],[-100.49,31.7691],[-100.49,31.7522],[-100.5087,31.7598],[-100.546,31.7918],[-100.556,31.8087]]]}},{"type":"Feature","properties":{"c":"#80ff00","v0":0.005,"v1":0.008},"geometry":{"type":"Polygon","coordinates":[[[-107.7047,31.4422],[-107.6816,31.4602],[-107.675,31.4529],[-107.685,31.4203],[-107.6966,31.4113],[-107.7097,31.4259],[-107.7047,31.4422]]]}},{"type":"Feature","properties":{"c":"#80ff00","v0":0.005,"v1":0.008},"geometry":{"type":"Polygon","coordinates":[[[-107.5424,31.4378],[-107.5341,31.4472],[-107.53,31.4452],[-107.53,31.4318],[-107.5341,31.4271],[-107.5424,31.4311],[-107.5424,31.4378]]]}},{"type":"Feature","properties":{"c":"#80ff00","v0":0.005,"v1":0.008},"geometry":{"type":"Polygon","coordinates":[[[-81.6507,30.2388],[-81.6369,30.2545],[-81.63,30.2485],[-81.63,30.2206],[-81.6369,30.2128],[-81.6507,30.2249],[-81.6507,30.2388]]]}},{"type":"Feature","properties":{"c":"#80ff00","v0":0.005,"v1":0.008},"geometry":{"type":"Polygon","coordinates":[[[-100.7825,29.9052],[-100.7742,29.9462],[-100.7578,29.9505],[-100.7334,29.9182],[-100.7198,29.8847],[-100.7172,29.85],[-100.7244,29.822],[-100.7415,29.8007],[-100.755,29.7922],[-100.765,29.7967],[-100.7742,29.8203],[-100.7825,29.8633],[-100.7825,29.9052]],[[-100.7547,29.8733],[-100.7516,29.885],[-100.7462,29.885],[-100.7387,29.8733],[-100.7387,29.8601],[-100.7462,29.8454],[-100.7516,29.8454],[-100.7547,29.8601],[-100.7547,29.8733]]]}},{"type":"Feature","properties":{"c":"#80ff00","v0":0.005,"v1":0.008},"geometry":{"type":"Polygon","coordinates":[[[-100.9342,29.6264],[-100.9181,29.6306],[-100.9072,29.6262],[-100.9016,29.6133],[-100.9066,29.6045],[-100.9222,29.5998],[-100.9331,29.6041],[-100.9392,29.6175],[-100.9342,29.6264]]]}},{"type":"Feature","properties":{"c":"#80ff00","v0":0.005,"v1":0.008},"geometry":{"type":"Polygon","coordinates":[[[-100.4156,29.5077],[-100.3985,29.5182],[-100.3824,29.5182],[-100.3672,29.5077],[-100.3622,29.4977],[-100.3674,29.4881],[-100.3835,29.4881],[-100.4106,29.4977],[-100.4156,29.5077]]]}},{"type":"Feature","properties":{"c":"#80ff00","v0":0.005,"v1":0.008},"geometry":{"type":"Polygon","coordinates":[[[-100.6127,29.4889],[-100.6109,29.4965],[-100.6036,29.4965],[-100.5907,29.4889],[-100.5916,29.4851],[-100.6063,29.4851],[-100.6127,29.4889]]]}},{"type":"Feature","properties":{"c":"#ffff00","v0":0.008,"v1":0.012},"geometry":{"type":"Polygon","coordinates":[[[-110.3089,54.6669],[-110.2963,54.6805],[-110.275,54.6856],[-110.245,54.6823],[-110.2247,54.6755],[-110.2142,54.6652],[-110.2142,54.6568],[-110.2247,54.6501],[-110.2473,54.6472],[-110.282,54.6481],[-110.3033,54.6515],[-110.3112,54.6572],[-110.3089,54.6669]]]}},{"type":"Feature","properties":{"c":"#ffff00","v0":0.008,"v1":0.012},"geometry":{"type":"Polygon","coordinates":[[[-110.3334,54.5941],[-110.3311,54.6009],[-110.325,54.6037],[-110.315,54.6024],[-110.3048,54.5961],[-110.2944,54.5847],[-110.3005,54.582],[-110.3232,54.5878],[-110.3334,54.5941]]]}},{"type":"Feature","properties":{"c":"#ffff00","v0":0.008,"v1":0.012},"geometry":{"type":"Polygon","coordinates":[[[-110.5219,54.5505],[-110.5006,54.563],[-110.485,54.5665],[-110.475,54.5611],[-110.48,54.5519],[-110.5,54.5388],[-110.5156,54.5353],[-110.5269,54.5413],[-110.5219,54.5505]]]}},{"type":"Feature","properties":{"c":"#ffff00","v0":0.008,"v1":0.012},"geometry":{"type":"Polygon","coordinates":[[[-110.146,54.4111],[-110.1353,54.4237],[-110.115,54.431],[-110.085,54.433],[-110.0429,54.4209],[-109.9886,54.3946],[-109.9611,54.3757],[-109.9604,54.364],[-109.9775,54.3491],[-110.0125,54.3308],[-110.0603,54.3425],[-110.121,54.384],[-110.146,54.4111]],[[-110.123,54.4089],[-110.1143,54.4172],[-110.095,54.4191],[-110.065,54.4147],[-110.035,54.4045],[-110.005,54.3886],[-109.9878,54.375],[-109.9835,54.3638],[-109.9935,54.3547],[-110.0178,54.3477],[-110.0543,54.3594],[-110.103,54.3897],[-110.123,54.4089]]]}},{"type":"Feature","properties":{"c":"#ffff00","v0":0.008,"v1":0.012},"geometry":{"type":"Polygon","coordinates":[[[-114.1354,53.5601],[-114.1185,53.5643],[-114.1052,53.5613],[-114.0955,53.5512],[-114.1005,53.5436],[-114.1202,53.5387],[-114.1335,53.5416],[-114.1404,53.5525],[-114.1354,53.5601]]]}},{"type":"Feature","properties":{"c":"#ffff00","v0":0.008,"v1":0.012},"geometry":{"type":"Polygon","coordinates":[[[-113.795,53.5033],[-113.7783,53.5128],[-113.7624,53.5128],[-113.7472,53.5033],[-113.7472,53.4943],[-113.7624,53.4859],[-113.7783,53.4859],[-113.795,53.4943],[-113.795,53.5033]]]}},{"type":"Feature","properties":{"c":"#ffff00","v0":0.008,"v1":0.012},"geometry":{"type":"Polygon","coordinates":[[[-107.7502,52.7235],[-107.7367,52.7343],[-107.7203,52.7373],[-107.701,52.7326],[-107.696,52.724],[-107.7053,52.7117],[-107.7217,52.7086],[-107.7452,52.7149],[-107.7502,52.7235]]]}},{"type":"Feature","properties":{"c":"#ffff00","v0":0.008,"v1":0.012},"geometry":{"type":"Polygon","coordinates":[[[-107.7333,52.5737],[-107.6911,52.576],[-107.662,52.5669],[-107.646,52.5463],[-107.646,52.5354],[-107.662,52.5341],[-107.6911,52.5432],[-107.7333,52.5627],[-107.7333,52.5737]]]}},{"type":"Feature","properties":{"c":"#ffff00","v0":0.008,"v1":0.012},"geometry":{"type":"Polygon","coordinates":[[[-107.4657,52.5295],[-107.4552,52.5409],[-107.44,52.547],[-107.42,52.5478],[-107.401,52.5391],[-107.3829,52.5208],[-107.3879,52.5062],[-107.416,52.4953],[-107.4402,52.4983],[-107.4607,52.5153],[-107.4657,52.5295]],[[-107.4411,52.5269],[-107.4204,52.533],[-107.4054,52.5299],[-107.3963,52.5178],[-107.4013,52.509],[-107.4204,52.5036],[-107.4354,52.5067],[-107.4461,52.5181],[-107.4411,52.5269]]]}},{"type":"Feature","properties":{"c":"#ffff00","v0":0.008,"v1":0.012},"geometry":{"type":"Polygon","coordinates":[[[-111.7196,52.1133],[-111.7132,52.1236],[-111.7,52.1278],[-111.68,52.126],[-111.6646,52.1147],[-111.6539,52.0939],[-111.6589,52.0842],[-111.6796,52.0855],[-111.6982,52.0917],[-111.7146,52.1026],[-111.7196,52.1133]]]}},{"type":"Feature","properties":{"c":"#ffff00","v0":0.008,"v1":0.012},"geometry":{"type":"Polygon","coordinates":[[[-113.3853,51.218],[-113.3751,51.2243],[-113.3641,51.2243],[-113.3524,51.218],[-113.3524,51.2114],[-113.3641,51.2045],[-113.3751,51.2045],[-113.3853,51.2114],[-113.3853,51.218]]]}},{"type":"Feature","properties":{"c":"#ffff00","v0":0.008,"v1":0.012},"geometry":{"type":"Polygon","coordinates":[[[-102.489,50.8627],[-102.4626,50.8627],[-102.4545,50.8592],[-102.4648,50.8523],[-102.478,50.8523],[-102.4941,50.8592],[-102.489,50.8627]]]}},{"type":"Feature","properties":{"c":"#ffff00","v0":0.008,"v1":0.012},"geometry":{"type":"Polygon","coordinates":[[[-105.5386,50.8177],[-105.5195,50.8289],[-105.5036,50.8289],[-105.4909,50.8177],[-105.4909,50.8065],[-105.5036,50.7951],[-105.5195,50.7951],[-105.5386,50.8065],[-105.5386,50.8177]]]}},{"type":"Feature","properties":{"c":"#ffff00","v0":0.008,"v1":0.012},"geometry":{"type":"Polygon","coordinates":[[[-105.9856,50.7918],[-105.9752,50.8017],[-105.9648,50.8049],[-105.9545,50.8013],[-105.9545,50.7951],[-105.9648,50.7862],[-105.9752,50.783],[-105.9856,50.7856],[-105.9856,50.7918]]]}},{"type":"Feature","properties":{"c":"#ffff00","v0":0.008,"v1":0.012},"geometry":{"type":"Polygon","coordinates":[[[-105.3995,50.7907],[-105.3932,50.7983],[-105.3817,50.7983],[-105.365,50.7907],[-105.36,50.7834],[-105.3667,50.7763],[-105.3782,50.7763],[-105.3945,50.7834],[-105.3995,50.7907]]]}},{"type":"Feature","properties":{"c":"#ffff00","v0":0.008,"v1":0.012},"geometry":{"type":"Polygon","coordinates":[[[-106.2508,50.7528],[-106.2369,50.7606],[-106.2256,50.7606],[-106.2169,50.7528],[-106.2169,50.7451],[-106.2256,50.7375],[-106.2369,50.7375],[-106.2508,50.7451],[-106.2508,50.7528]]]}},{"type":"Feature","properties":{"c":"#ffff00","v0":0.008,"v1":0.012},"geometry":{"type":"Polygon","coordinates":[[[-105.2348,50.7133],[-105.2183,50.718],[-105.2046,50.7117],[-105.1937,50.6943],[-105.2019,50.6919],[-105.2294,50.7046],[-105.2348,50.7133]]]}},{"type":"Feature","properties":{"c":"#ffff00","v0":0.008,"v1":0.012},"geometry":{"type":"Polygon","coordinates":[[[-104.4649,50.6795],[-104.4416,50.6926],[-104.4258,50.6926],[-104.4173,50.6795],[-104.4223,50.6681],[-104.4408,50.6585],[-104.4566,50.6585],[-104.4699,50.6681],[-104.4649,50.6795]]]}},{"type":"Feature","properties":{"c":"#ffff00","v0":0.008,"v1":0.012},"geometry":{"type":"Polygon","coordinates":[[[-101.7615,50.639],[-101.7405,50.6472],[-101.725,50.644],[-101.7149,50.6295],[-101.7199,50.6198],[-101.74,50.6152],[-101.7555,50.6183],[-101.7665,50.6294],[-101.7615,50.639]]]}},{"type":"Feature","properties":{"c":"#ffff00","v0":0.008,"v1":0.012},"geometry":{"type":"Polygon","coordinates":[[[-105.1583,50.5759],[-105.1528,50.5849],[-105.1404,50.5881],[-105.1213,50.5854],[-105.1163,50.5796],[-105.1254,50.5707],[-105.1378,50.5675],[-105.1533,50.5701],[-105.1583,50.5759]]]}},{"type":"Feature","properties":{"c":"#ffff00","v0":0.008,"v1":0.012},"geometry":{"type":"Polygon","coordinates":[[[-101.0908,50.5518],[-101.0769,50.5634],[-101.0609,50.5634],[-101.0426,50.5518],[-101.0426,50.5422],[-101.0609,50.5347],[-101.0769,50.5347],[-101.0908,50.5422],[-101.0908,50.5518]]]}},{"type":"Feature","properties":{"c":"#ffff00","v0":0.008,"v1":0.012},"geometry":{"type":"Polygon","coordinates":[[[-104.9345,50.3983],[-104.8915,50.4084],[-104.8589,50.4084],[-104.8367,50.3983],[-104.8317,50.3882],[-104.8439,50.3782],[-104.87,50.3736],[-104.91,50.3744],[-104.9365,50.3794],[-104.9495,50.3886],[-104.9345,50.3983]]]}},{"type":"Feature","properties":{"c":"#ffff00","v0":0.008,"v1":0.012},"geometry":{"type":"Polygon","coordinates":[[[-110.2094,50.3085],[-110.1965,50.3178],[-110.1821,50.3178],[-110.1663,50.3085],[-110.1663,50.2983],[-110.1821,50.2871],[-110.1965,50.2871],[-110.2094,50.2983],[-110.2094,50.3085]]]}},{"type":"Feature","properties":{"c":"#ffff00","v0":0.008,"v1":0.012},"geometry":{"type":"Polygon","coordinates":[[[-104.894,50.1665],[-104.8913,50.1733],[-104.875,50.1777],[-104.845,50.1796],[-104.8213,50.1763],[-104.8038,50.1675],[-104.7946,50.1567],[-104.7938,50.1439],[-104.8075,50.1335],[-104.8358,50.1254],[-104.8613,50.1318],[-104.884,50.1527],[-104.894,50.1665]],[[-104.8721,50.1561],[-104.8574,50.1676],[-104.8378,50.1676],[-104.8134,50.1561],[-104.8084,50.1449],[-104.8228,50.1341],[-104.8424,50.1341],[-104.8671,50.1449],[-104.8721,50.1561]]]}},{"type":"Feature","properties":{"c":"#ffff00","v0":0.008,"v1":0.012},"geometry":{"type":"Polygon","coordinates":[[[-71.3247,47.0197],[-71.3149,47.0276],[-71.3054,47.0276],[-71.2961,47.0197],[-71.301,47.0158],[-71.32,47.0158],[-71.3247,47.0197]]]}},{"type":"Feature","properties":{"c":"#ffff00","v0":0.008,"v1":0.012},"geometry":{"type":"Polygon","coordinates":[[[-83.8333,46.1478],[-83.8044,46.1715],[-83.7779,46.1819],[-83.7537,46.1789],[-83.7353,46.1705],[-83.7228,46.1567],[-83.7199,46.145],[-83.7266,46.1356],[-83.75,46.1278],[-83.79,46.1215],[-83.8194,46.1227],[-83.8383,46.1315],[-83.8333,46.1478]],[[-83.8075,46.156],[-83.7825,46.1685],[-83.7614,46.1685],[-83.7442,46.156],[-83.7492,46.1455],[-83.7764,46.137],[-83.7975,46.137],[-83.8125,46.1455],[-83.8075,46.156]]]}},{"type":"Feature","properties":{"c":"#ffff00","v0":0.008,"v1":0.012},"geometry":{"type":"Polygon","coordinates":[[[-83.2924,45.7924],[-83.2641,45.8005],[-83.2453,45.797],[-83.2358,45.7819],[-83.2408,45.7693],[-83.2603,45.7591],[-83.2791,45.7626],[-83.2974,45.7797],[-83.2924,45.7924]]]}},{"type":"Feature","properties":{"c":"#ffff00","v0":0.008,"v1":0.012},"geometry":{"type":"Polygon","coordinates":[[[-82.6079,44.6862],[-82.5788,44.7075],[-82.5706,44.7047],[-82.5835,44.6778],[-82.5972,44.6636],[-82.6116,44.6621],[-82.6197,44.6649],[-82.6216,44.672],[-82.6079,44.6862]]]}},{"type":"Feature","properties":{"c":"#ffff00","v0":0.008,"v1":0.012},"geometry":{"type":"Polygon","coordinates":[[[-79.5882,43.9807],[-79.5761,43.9933],[-79.5634,43.9969],[-79.5503,43.9915],[-79.5503,43.9802],[-79.5634,43.963],[-79.5761,43.9594],[-79.5882,43.9694],[-79.5882,43.9807]]]}},{"type":"Feature","properties":{"c":"#ffff00","v0":0.008,"v1":0.012},"geometry":{"type":"Polygon","coordinates":[[[-79.8714,42.8497],[-79.8571,42.867],[-79.8371,42.8707],[-79.8113,42.8607],[-79.8021,42.8484],[-79.8093,42.8337],[-79.8222,42.8228],[-79.8407,42.8156],[-79.8571,42.8193],[-79.8714,42.8338],[-79.8714,42.8497]]]}},{"type":"Feature","properties":{"c":"#ffff00","v0":0.008,"v1":0.012},"geometry":{"type":"Polygon","coordinates":[[[-91.2159,42.1821],[-91.212,42.1911],[-91.2,42.1964],[-91.18,42.198],[-91.1654,42.1898],[-91.1563,42.1718],[-91.1613,42.1606],[-91.1804,42.1564],[-91.197,42.1601],[-91.2109,42.1717],[-91.2159,42.1821]]]}},{"type":"Feature","properties":{"c":"#ffff00","v0":0.008,"v1":0.012},"geometry":{"type":"Polygon","coordinates":[[[-90.9629,41.9577],[-90.941,41.9634],[-90.9109,41.9448],[-90.8727,41.9019],[-90.8577,41.8783],[-90.8659,41.8742],[-90.896,41.8928],[-90.9479,41.9342],[-90.9629,41.9577]]]}},{"type":"Feature","properties":{"c":"#ffff00","v0":0.008,"v1":0.012},"geometry":{"type":"Polygon","coordinates":[[[-97.2984,37.3113],[-97.2928,37.3227],[-97.28,37.3305],[-97.26,37.3347],[-97.2425,37.333],[-97.2274,37.3253],[-97.2183,37.3136],[-97.2153,37.2977],[-97.2178,37.284],[-97.2259,37.2724],[-97.24,37.2657],[-97.26,37.2639],[-97.2778,37.2736],[-97.2934,37.2949],[-97.2984,37.3113]],[[-97.2793,37.3112],[-97.2598,37.3223],[-97.2439,37.3184],[-97.2316,37.2993],[-97.2366,37.2859],[-97.2589,37.2784],[-97.2748,37.2824],[-97.2843,37.2979],[-97.2793,37.3112]]]}},{"type":"Feature","properties":{"c":"#ffff00","v0":0.008,"v1":0.012},"geometry":{"type":"Polygon","coordinates":[[[-102.0693,35.8408],[-102.0431,35.8344],[-102.03,35.8239],[-102.03,35.8091],[-102.04,35.8038],[-102.06,35.8078],[-102.0731,35.8183],[-102.0793,35.8354],[-102.0693,35.8408]]]}},{"type":"Feature","properties":{"c":"#ffff00","v0":0.008,"v1":0.012},"geometry":{"type":"Polygon","coordinates":[[[-100.6901,31.8139],[-100.6767,31.826],[-100.6636,31.8217],[-100.6509,31.8012],[-100.6576,31.7951],[-100.6838,31.8036],[-100.6901,31.8139]]]}},{"type":"Feature","properties":{"c":"#ffff00","v0":0.008,"v1":0.012},"geometry":{"type":"Polygon","coordinates":[[[-100.556,31.8087],[-100.5387,31.8102],[-100.52,31.8027],[-100.5,31.7859],[-100.49,31.7691],[-100.49,31.7522],[-100.5087,31.7598],[-100.546,31.7918],[-100.556,31.8087]]]}},{"type":"Feature","properties":{"c":"#ffff00","v0":0.008,"v1":0.012},"geometry":{"type":"Polygon","coordinates":[[[-100.7547,29.8733],[-100.7516,29.885],[-100.7462,29.885],[-100.7387,29.8733],[-100.7387,29.8601],[-100.7462,29.8454],[-100.7516,29.8454],[-100.7547,29.8601],[-100.7547,29.8733]]]}},{"type":"Feature","properties":{"c":"#ff8000","v0":0.012,"v1":0.016},"geometry":{"type":"Polygon","coordinates":[[[-110.123,54.4089],[-110.1143,54.4172],[-110.095,54.4191],[-110.065,54.4147],[-110.035,54.4045],[-110.005,54.3886],[-109.9878,54.375],[-109.9835,54.3638],[-109.9935,54.3547],[-110.0178,54.3477],[-110.0543,54.3594],[-110.103,54.3897],[-110.123,54.4089]],[[-110.0805,54.4032],[-110.0602,54.3999],[-110.0369,54.3911],[-110.0107,54.377],[-109.9989,54.367],[-110.0015,54.3611],[-110.0146,54.3595],[-110.0382,54.3621],[-110.0602,54.3738],[-110.0805,54.3945],[-110.0805,54.4032]]]}},{"type":"Feature","properties":{"c":"#ff8000","v0":0.012,"v1":0.016},"geometry":{"type":"Polygon","coordinates":[[[-107.4411,52.5269],[-107.4204,52.533],[-107.4054,52.5299],[-107.3963,52.5178],[-107.4013,52.509],[-107.4204,52.5036],[-107.4354,52.5067],[-107.4461,52.5181],[-107.4411,52.5269]],[[-107.4269,52.524],[-107.4156,52.5244],[-107.4098,52.5214],[-107.4094,52.5149],[-107.415,52.5147],[-107.4267,52.5208],[-107.4269,52.524]]]}},{"type":"Feature","properties":{"c":"#ff8000","v0":0.012,"v1":0.016},"geometry":{"type":"Polygon","coordinates":[[[-104.8721,50.1561],[-104.8574,50.1676],[-104.8378,50.1676],[-104.8134,50.1561],[-104.8084,50.1449],[-104.8228,50.1341],[-104.8424,50.1341],[-104.8671,50.1449],[-104.8721,50.1561]],[[-104.8612,50.154],[-104.8537,50.1612],[-104.8411,50.1612],[-104.8232,50.154],[-104.8182,50.1469],[-104.8261,50.1399],[-104.8387,50.1399],[-104.8562,50.1469],[-104.8612,50.154]]]}},{"type":"Feature","properties":{"c":"#ff8000","v0":0.012,"v1":0.016},"geometry":{"type":"Polygon","coordinates":[[[-83.8075,46.156],[-83.7825,46.1685],[-83.7614,46.1685],[-83.7442,46.156],[-83.7492,46.1455],[-83.7764,46.137],[-83.7975,46.137],[-83.8125,46.1455],[-83.8075,46.156]],[[-83.7872,46.1534],[-83.7757,46.1606],[-83.7676,46.1606],[-83.7629,46.1534],[-83.7687,46.1497],[-83.7848,46.1497],[-83.7872,46.1534]]]}},{"type":"Feature","properties":{"c":"#ff8000","v0":0.012,"v1":0.016},"geometry":{"type":"Polygon","coordinates":[[[-97.2793,37.3112],[-97.2598,37.3223],[-97.2439,37.3184],[-97.2316,37.2993],[-97.2366,37.2859],[-97.2589,37.2784],[-97.2748,37.2824],[-97.2843,37.2979],[-97.2793,37.3112]],[[-97.2695,37.3085],[-97.2565,37.3143],[-97.2478,37.3103],[-97.2434,37.2966],[-97.2484,37.2894],[-97.2628,37.2888],[-97.2715,37.2928],[-97.2745,37.3013],[-97.2695,37.3085]]]}},{"type":"Feature","properties":{"c":"#ff0000","v0":0.016,"v1":0.02},"geometry":{"type":"Polygon","coordinates":[[[-110.0805,54.4032],[-110.0602,54.3999],[-110.0369,54.3911],[-110.0107,54.377],[-109.9989,54.367],[-110.0015,54.3611],[-110.0146,54.3595],[-110.0382,54.3621],[-110.0602,54.3738],[-110.0805,54.3945],[-110.0805,54.4032]]]}},{"type":"Feature","properties":{"c":"#ff0000","v0":0.016,"v1":0.02},"geometry":{"type":"Polygon","coordinates":[[[-107.4269,52.524],[-107.4156,52.5244],[-107.4098,52.5214],[-107.4094,52.5149],[-107.415,52.5147],[-107.4267,52.5208],[-107.4269,52.524]]]}},{"type":"Feature","properties":{"c":"#ff0000","v0":0.016,"v1":0.02},"geometry":{"type":"Polygon","coordinates":[[[-104.8612,50.154],[-104.8537,50.1612],[-104.8411,50.1612],[-104.8232,50.154],[-104.8182,50.1469],[-104.8261,50.1399],[-104.8387,50.1399],[-104.8562,50.1469],[-104.8612,50.154]]]}},{"type":"Feature","properties":{"c":"#ff0000","v0":0.016,"v1":0.02},"geometry":{"type":"Polygon","coordinates":[[[-83.7872,46.1534],[-83.7757,46.1606],[-83.7676,46.1606],[-83.7629,46.1534],[-83.7687,46.1497],[-83.7848,46.1497],[-83.7872,46.1534]]]}},{"type":"Feature","properties":{"c":"#ff0000","v0":0.016,"v1":0.02},"geometry":{"type":"Polygon","coordinates":[[[-97.2695,37.3085],[-97.2565,37.3143],[-97.2478,37.3103],[-97.2434,37.2966],[-97.2484,37.2894],[-97.2628,37.2888],[-97.2715,37.2928],[-97.2745,37.3013],[-97.2695,37.3085]]]}}]}