{"type":"FeatureCollection","features":[{"type":"Feature","properties":{"c":"#00ff00","v0":0.002,"v1":0.003},"geometry":{"type":"Polygon","coordinates":[[[-109.848,54.4093],[-109.8227,54.4182],[-109.8041,54.4182],[-109.7922,54.4093],[-109.7972,54.3994],[-109.8191,54.3886],[-109.8377,54.3886],[-109.853,54.3994],[-109.848,54.4093]],[[-109.8421,54.4072],[-109.834,54.4119],[-109.8228,54.4119],[-109.8083,54.4072],[-109.8083,54.4012],[-109.8228,54.3941],[-109.834,54.3941],[-109.8421,54.4012],[-109.8421,54.4072]]]}},{"type":"Feature","properties":{"c":"#00ff00","v0":0.002,"v1":0.003},"geometry":{"type":"Polygon","coordinates":[[[-110.0757,54.3761],[-110.0586,54.3886],[-110.0396,54.3915],[-110.0187,54.3849],[-110.0187,54.3748],[-110.0396,54.3614],[-110.0586,54.3585],[-110.0757,54.3661],[-110.0757,54.3761]],[[-110.0562,54.3728],[-110.0379,54.3786],[-110.0291,54.3783],[-110.0297,54.372],[-110.0389,54.3691],[-110.0566,54.3696],[-110.0562,54.3728]]]}},{"type":"Feature","properties":{"c":"#00ff00","v0":0.002,"v1":0.003},"geometry":{"type":"Polygon","coordinates":[[[-122.8797,54.1405],[-122.8732,54.1491],[-122.8593,54.1521],[-122.8379,54.1493],[-122.8329,54.1415],[-122.8443,54.1288],[-122.8582,54.1259],[-122.8747,54.1327],[-122.8797,54.1405]]]}},{"type":"Feature","properties":{"c":"#00ff00","v0":0.002,"v1":0.003},"geometry":{"type":"Polygon","coordinates":[[[-122.5462,53.871],[-122.5354,53.8814],[-122.5218,53.8843],[-122.5053,53.8798],[-122.5053,53.8731],[-122.5218,53.8642],[-122.5354,53.8613],[-122.5462,53.8643],[-122.5462,53.871]]]}},{"type":"Feature","properties":{"c":"#00ff00","v0":0.002,"v1":0.003},"geometry":{"type":"Polygon","coordinates":[[[-122.9296,53.8544],[-122.9165,53.8553],[-122.909,53.8523],[-122.9069,53.8456],[-122.9119,53.8419],[-122.924,53.8412],[-122.9315,53.8442],[-122.9346,53.8507],[-122.9296,53.8544]]]}},{"type":"Feature","properties":{"c":"#00ff00","v0":0.002,"v1":0.003},"geometry":{"type":"Polygon","coordinates":[[[-122.5305,53.7876],[-122.5168,53.7966],[-122.5081,53.7966],[-122.5042,53.7876],[-122.5111,53.7831],[-122.5286,53.7831],[-122.5305,53.7876]]]}},{"type":"Feature","properties":{"c":"#00ff00","v0":0.002,"v1":0.003},"geometry":{"type":"Polygon","coordinates":[[[-122.3694,53.7511],[-122.3565,53.7579],[-122.3399,53.7579],[-122.3197,53.7511],[-122.3197,53.7441],[-122.3399,53.7369],[-122.3565,53.7369],[-122.3694,53.7441],[-122.3694,53.7511]]]}},{"type":"Feature","properties":{"c":"#00ff00","v0":0.002,"v1":0.003},"geometry":{"type":"Polygon","coordinates":[[[-114.3082,53.61],[-114.2827,53.6191],[-114.2596,53.6162],[-114.2387,53.6011],[-114.2437,53.5898],[-114.2746,53.5823],[-114.2977,53.5852],[-114.3132,53.5987],[-114.3082,53.61]],[[-114.2978,53.6086],[-114.2793,53.6148],[-114.2621,53.6118],[-114.2462,53.5997],[-114.2512,53.5914],[-114.2771,53.5871],[-114.2943,53.59],[-114.3028,53.6003],[-114.2978,53.6086]]]}},{"type":"Feature","properties":{"c":"#00ff00","v0":0.002,"v1":0.003},"geometry":{"type":"Polygon","coordinates":[[[-113.8587,53.6092],[-113.8529,53.6167],[-113.8419,53.6197],[-113.8257,53.6181],[-113.8207,53.6121],[-113.8269,53.6016],[-113.8379,53.5986],[-113.8537,53.6032],[-113.8587,53.6092]]]}},{"type":"Feature","properties":{"c":"#00ff00","v0":0.002,"v1":0.003},"geometry":{"type":"Polygon","coordinates":[[[-123.0093,53.5976],[-122.9831,53.6057],[-122.9614,53.6057],[-122.9443,53.5976],[-122.9443,53.5891],[-122.9614,53.5802],[-122.9831,53.5802],[-123.0093,53.5891],[-123.0093,53.5976]]]}},{"type":"Feature","properties":{"c":"#00ff00","v0":0.002,"v1":0.003},"geometry":{"type":"Polygon","coordinates":[[[-114.5269,53.5357],[-114.5023,53.5388],[-114.4877,53.5358],[-114.4831,53.5268],[-114.4931,53.5208],[-114.5177,53.5178],[-114.5323,53.5207],[-114.5369,53.5297],[-114.5269,53.5357]]]}},{"type":"Feature","properties":{"c":"#00ff00","v0":0.002,"v1":0.003},"geometry":{"type":"Polygon","coordinates":[[[-107.2253,52.6865],[-107.2151,52.6962],[-107.2,52.7017],[-107.18,52.7032],[-107.1558,52.6954],[-107.1275,52.6782],[-107.1325,52.6662],[-107.1708,52.6593],[-107.2001,52.6624],[-107.2203,52.6753],[-107.2253,52.6865]],[[-107.211,52.686],[-107.197,52.6944],[-107.1764,52.6944],[-107.1491,52.686],[-107.1441,52.6767],[-107.1614,52.6665],[-107.182,52.6665],[-107.206,52.6767],[-107.211,52.686]]]}},{"type":"Feature","properties":{"c":"#00ff00","v0":0.002,"v1":0.003},"geometry":{"type":"Polygon","coordinates":[[[-107.6287,52.5153],[-107.6162,52.5226],[-107.58,52.5284],[-107.52,52.5329],[-107.475,52.5423],[-107.445,52.5566],[-107.42,52.5628],[-107.4,52.5608],[-107.3802,52.5508],[-107.3605,52.5328],[-107.3555,52.5104],[-107.3652,52.4836],[-107.39,52.4642],[-107.43,52.4523],[-107.4629,52.4535],[-107.4887,52.4679],[-107.5287,52.4784],[-107.5829,52.4849],[-107.6162,52.494],[-107.6287,52.5058],[-107.6287,52.5153]],[[-107.5874,52.5143],[-107.5225,52.5197],[-107.47,52.5298],[-107.43,52.5448],[-107.4019,52.5483],[-107.3858,52.5401],[-107.3738,52.5269],[-107.3659,52.5086],[-107.3689,52.4908],[-107.383,52.4735],[-107.4,52.4626],[-107.42,52.458],[-107.445,52.4637],[-107.475,52.4796],[-107.52,52.4897],[-107.58,52.4938],[-107.6125,52.4999],[-107.6174,52.5077],[-107.5874,52.5143]]]}},{"type":"Feature","properties":{"c":"#00ff00","v0":0.002,"v1":0.003},"geometry":{"type":"Polygon","coordinates":[[[-107.0944,52.2834],[-107.0781,52.2906],[-107.0635,52.2876],[-107.0505,52.2742],[-107.0516,52.2645],[-107.0666,52.2583],[-107.0813,52.2614],[-107.0954,52.2736],[-107.0944,52.2834]],[[-107.0784,52.2798],[-107.0683,52.2798],[-107.0649,52.2761],[-107.0683,52.2687],[-107.0734,52.2687],[-107.0801,52.2761],[-107.0784,52.2798]]]}},{"type":"Feature","properties":{"c":"#00ff00","v0":0.002,"v1":0.003},"geometry":{"type":"Polygon","coordinates":[[[-114.3911,51.8553],[-114.377,51.867],[-114.36,51.8721],[-114.34,51.8706],[-114.3255,51.8585],[-114.3164,51.8359],[-114.3214,51.8218],[-114.3405,51.8161],[-114.362,51.8222],[-114.3861,51.8403],[-114.3911,51.8553]]]}},{"type":"Feature","properties":{"c":"#00ff00","v0":0.002,"v1":0.003},"geometry":{"type":"Polygon","coordinates":[[[-114.0735,51.5354],[-114.0578,51.5521],[-114.0356,51.5552],[-114.0069,51.5447],[-114.0019,51.5318],[-114.0206,51.5164],[-114.0428,51.5133],[-114.0685,51.5224],[-114.0735,51.5354]]]}},{"type":"Feature","properties":{"c":"#00ff00","v0":0.002,"v1":0.003},"geometry":{"type":"Polygon","coordinates":[[[-113.5423,51.4316],[-113.5341,51.44],[-113.5243,51.4431],[-113.5129,51.4409],[-113.5079,51.4354],[-113.5093,51.4267],[-113.5191,51.4236],[-113.5373,51.4261],[-113.5423,51.4316]]]}},{"type":"Feature","properties":{"c":"#00ff00","v0":0.002,"v1":0.003},"geometry":{"type":"Polygon","coordinates":[[[-93.5526,51.4206],[-93.5375,51.4322],[-93.5253,51.4353],[-93.5159,51.43],[-93.5159,51.421],[-93.5253,51.4084],[-93.535,51.4012],[-93.545,51.3993],[-93.5525,51.4025],[-93.5576,51.4107],[-93.5526,51.4206]]]}},{"type":"Feature","properties":{"c":"#00ff00","v0":0.002,"v1":0.003},"geometry":{"type":"Polygon","coordinates":[[[-101.5143,51.3329],[-101.4981,51.3437],[-101.4818,51.3437],[-101.4653,51.3329],[-101.4653,51.3227],[-101.4818,51.3131],[-101.4981,51.3131],[-101.5143,51.3227],[-101.5143,51.3329]],[[-101.5035,51.3308],[-101.4945,51.3374],[-101.4853,51.3374],[-101.4758,51.3308],[-101.4758,51.3251],[-101.4853,51.3203],[-101.4945,51.3203],[-101.5035,51.3251],[-101.5035,51.3308]]]}},{"type":"Feature","properties":{"c":"#00ff00","v0":0.002,"v1":0.003},"geometry":{"type":"Polygon","coordinates":[[[-114.6954,51.2358],[-114.6785,51.2528],[-114.6624,51.259],[-114.6472,51.2546],[-114.6422,51.2421],[-114.6474,51.2216],[-114.66,51.2114],[-114.68,51.2115],[-114.6935,51.2155],[-114.7004,51.2234],[-114.6954,51.2358]]]}},{"type":"Feature","properties":{"c":"#00ff00","v0":0.002,"v1":0.003},"geometry":{"type":"Polygon","coordinates":[[[-93.5726,51.1698],[-93.5575,51.2303],[-93.539,51.2522],[-93.5169,51.2356],[-93.5141,51.2148],[-93.5303,51.1898],[-93.5339,51.1553],[-93.5247,51.1113],[-93.5226,51.0835],[-93.5275,51.0718],[-93.538,51.0687],[-93.554,51.0741],[-93.5666,51.0925],[-93.5756,51.1239],[-93.5726,51.1698]]]}},{"type":"Feature","properties":{"c":"#00ff00","v0":0.002,"v1":0.003},"geometry":{"type":"Polygon","coordinates":[[[-113.4303,51.1848],[-113.4168,51.1999],[-113.4,51.2087],[-113.38,51.2112],[-113.3671,51.1942],[-113.3614,51.1578],[-113.37,51.1396],[-113.3931,51.1396],[-113.4127,51.149],[-113.4289,51.1678],[-113.4303,51.1848]],[[-113.4155,51.184],[-113.3985,51.1976],[-113.385,51.2027],[-113.375,51.1992],[-113.37,51.1843],[-113.37,51.1577],[-113.3792,51.1464],[-113.3977,51.1502],[-113.4112,51.1584],[-113.4198,51.171],[-113.4155,51.184]]]}},{"type":"Feature","properties":{"c":"#00ff00","v0":0.002,"v1":0.003},"geometry":{"type":"Polygon","coordinates":[[[-114.3668,51.1687],[-114.3556,51.1768],[-114.3401,51.1768],[-114.3203,51.1687],[-114.3153,51.1606],[-114.3251,51.1525],[-114.3406,51.1525],[-114.3618,51.1606],[-114.3668,51.1687]]]}},{"type":"Feature","properties":{"c":"#00ff00","v0":0.002,"v1":0.003},"geometry":{"type":"Polygon","coordinates":[[[-114.2066,51.1436],[-114.1822,51.1516],[-114.1639,51.1485],[-114.1518,51.1342],[-114.1568,51.1232],[-114.1789,51.1156],[-114.1972,51.1187],[-114.2116,51.1326],[-114.2066,51.1436]],[[-114.1974,51.1418],[-114.1791,51.1461],[-114.1668,51.143],[-114.1603,51.1324],[-114.1653,51.125],[-114.1818,51.1208],[-114.1941,51.124],[-114.2024,51.1344],[-114.1974,51.1418]]]}},{"type":"Feature","properties":{"c":"#00ff00","v0":0.002,"v1":0.003},"geometry":{"type":"Polygon","coordinates":[[[-114.4943,51.0219],[-114.4781,51.0378],[-114.4527,51.0441],[-114.4182,51.0408],[-114.4043,51.0296],[-114.4109,51.0108],[-114.4231,50.9963],[-114.441,50.9863],[-114.46,50.9837],[-114.48,50.9885],[-114.4931,50.9967],[-114.4993,51.0082],[-114.4943,51.0219]],[[-114.4833,51.0213],[-114.4611,51.0359],[-114.4411,51.0391],[-114.4234,51.0307],[-114.4234,51.0167],[-114.4411,50.9972],[-114.4611,50.994],[-114.4833,51.0073],[-114.4833,51.0213]]]}},{"type":"Feature","properties":{"c":"#00ff00","v0":0.002,"v1":0.003},"geometry":{"type":"Polygon","coordinates":[[[-113.677,51.0172],[-113.6723,51.0239],[-113.6626,51.0239],[-113.6479,51.0172],[-113.6503,51.0139],[-113.6697,51.0139],[-113.677,51.0172]]]}},{"type":"Feature","properties":{"c":"#00ff00","v0":0.002,"v1":0.003},"geometry":{"type":"Polygon","coordinates":[[[-114.2768,50.9793],[-114.2661,50.9856],[-114.2603,50.9856],[-114.2593,50.9793],[-114.2647,50.9762],[-114.2763,50.9762],[-114.2768,50.9793]]]}},{"type":"Feature","properties":{"c":"#00ff00","v0":0.002,"v1":0.003},"geometry":{"type":"Polygon","coordinates":[[[-114.5986,50.7268],[-114.5588,50.7584],[-114.5467,50.786],[-114.5622,50.8095],[-114.5437,50.8379],[-114.4911,50.8712],[-114.4591,50.9005],[-114.4477,50.9258],[-114.429,50.9456],[-114.403,50.9602],[-114.3757,50.9665],[-114.3472,50.9645],[-114.3406,50.951],[-114.356,50.9258],[-114.3566,50.9037],[-114.3425,50.8848],[-114.3466,50.8595],[-114.3688,50.8279],[-114.4074,50.7928],[-114.4625,50.754],[-114.51,50.7264],[-114.55,50.7101],[-114.5821,50.7042],[-114.6064,50.7087],[-114.5986,50.7268]],[[-114.3996,50.9415],[-114.3772,50.9478],[-114.372,50.9451],[-114.384,50.9334],[-114.3952,50.9302],[-114.4056,50.9357],[-114.3996,50.9415]],[[-114.5174,50.829],[-114.4725,50.8628],[-114.44,50.8823],[-114.42,50.8874],[-114.4003,50.8863],[-114.3808,50.879],[-114.3777,50.8595],[-114.3909,50.8279],[-114.4056,50.8069],[-114.4219,50.7964],[-114.445,50.7877],[-114.475,50.7806],[-114.5025,50.7858],[-114.5274,50.8034],[-114.5174,50.829]],[[-114.5262,50.7543],[-114.5154,50.7652],[-114.5053,50.7684],[-114.4958,50.7638],[-114.4958,50.757],[-114.5053,50.7478],[-114.5154,50.7446],[-114.5262,50.7475],[-114.5262,50.7543]]]}},{"type":"Feature","properties":{"c":"#00ff00","v0":0.002,"v1":0.003},"geometry":{"type":"Polygon","coordinates":[[[-112.1713,50.9335],[-112.1571,50.949],[-112.13,50.9556],[-112.09,50.9532],[-112.0664,50.9455],[-112.0592,50.9323],[-112.0792,50.9144],[-112.1264,50.8918],[-112.1571,50.8918],[-112.1713,50.9144],[-112.1713,50.9335]],[[-112.1451,50.9293],[-112.1217,50.9365],[-112.1029,50.9365],[-112.0886,50.9293],[-112.0936,50.9195],[-112.1179,50.907],[-112.135,50.9008],[-112.145,50.9011],[-112.1517,50.9073],[-112.1551,50.9196],[-112.1451,50.9293]]]}},{"type":"Feature","properties":{"c":"#00ff00","v0":0.002,"v1":0.003},"geometry":{"type":"Polygon","coordinates":[[[-101.4928,50.9182],[-101.4776,50.9283],[-101.462,50.9283],[-101.4459,50.9182],[-101.4459,50.9077],[-101.462,50.8969],[-101.4776,50.8969],[-101.4928,50.9077],[-101.4928,50.9182]],[[-101.4802,50.9157],[-101.4734,50.9207],[-101.4659,50.9207],[-101.4578,50.9157],[-101.4578,50.9107],[-101.4659,50.9059],[-101.4734,50.9059],[-101.4802,50.9107],[-101.4802,50.9157]]]}},{"type":"Feature","properties":{"c":"#00ff00","v0":0.002,"v1":0.003},"geometry":{"type":"Polygon","coordinates":[[[-114.1794,50.7717],[-114.1598,50.792],[-114.0951,50.8142],[-113.9852,50.8381],[-113.9218,50.8564],[-113.9051,50.869],[-113.9052,50.8848],[-113.9221,50.9037],[-113.9254,50.9155],[-113.9151,50.9203],[-113.9055,50.9203],[-113.8966,50.9155],[-113.8796,50.8974],[-113.8544,50.8658],[-113.8488,50.8387],[-113.8629,50.816],[-113.8982,50.7939],[-113.9545,50.7723],[-114.0095,50.7611],[-114.0632,50.7601],[-114.1,50.7537],[-114.12,50.7418],[-114.14,50.7364],[-114.16,50.7374],[-114.1748,50.7438],[-114.1844,50.7556],[-114.1794,50.7717]],[[-114.1719,50.7685],[-114.1573,50.7824],[-114.115,50.7983],[-114.045,50.8163],[-113.995,50.8253],[-113.965,50.8255],[-113.935,50.8339],[-113.905,50.8505],[-113.8828,50.8566],[-113.8684,50.8522],[-113.8661,50.8406],[-113.8759,50.8216],[-113.8981,50.8119],[-113.9327,50.8114],[-113.965,50.7999],[-113.995,50.7775],[-114.03,50.7681],[-114.07,50.7718],[-114.105,50.7653],[-114.135,50.7487],[-114.1573,50.7457],[-114.1719,50.7563],[-114.1719,50.7685]]]}},{"type":"Feature","properties":{"c":"#00ff00","v0":0.002,"v1":0.003},"geometry":{"type":"Polygon","coordinates":[[[-105.1209,50.9054],[-105.1003,50.9152],[-105.085,50.9078],[-105.075,50.8832],[-105.08,50.8694],[-105.1,50.8664],[-105.1153,50.8738],[-105.1259,50.8916],[-105.1209,50.9054]],[[-105.1151,50.8926],[-105.1117,50.902],[-105.105,50.906],[-105.095,50.9046],[-105.0891,50.8968],[-105.0873,50.8825],[-105.094,50.8785],[-105.1092,50.8848],[-105.1151,50.8926]]]}},{"type":"Feature","properties":{"c":"#00ff00","v0":0.002,"v1":0.003},"geometry":{"type":"Polygon","coordinates":[[[-115.2619,50.8921],[-115.254,50.9006],[-115.24,50.9038],[-115.22,50.9019],[-115.204,50.8914],[-115.1921,50.8722],[-115.1971,50.8605],[-115.219,50.8561],[-115.239,50.8624],[-115.2569,50.8794],[-115.2619,50.8921]],[[-115.2424,50.8887],[-115.2208,50.8903],[-115.2093,50.884],[-115.208,50.8698],[-115.2135,50.8627],[-115.226,50.8627],[-115.2375,50.869],[-115.2479,50.8816],[-115.2424,50.8887]]]}},{"type":"Feature","properties":{"c":"#00ff00","v0":0.002,"v1":0.003},"geometry":{"type":"Polygon","coordinates":[[[-112.3131,50.8789],[-112.2844,50.8862],[-112.2494,50.883],[-112.2082,50.8695],[-112.2182,50.86],[-112.2794,50.8547],[-112.3144,50.8579],[-112.3231,50.8695],[-112.3131,50.8789]]]}},{"type":"Feature","properties":{"c":"#00ff00","v0":0.002,"v1":0.003},"geometry":{"type":"Polygon","coordinates":[[[-114.7495,50.8144],[-114.7232,50.8443],[-114.6886,50.8632],[-114.6459,50.8713],[-114.6216,50.869],[-114.6155,50.8564],[-114.618,50.8437],[-114.6292,50.8311],[-114.6585,50.816],[-114.7062,50.7983],[-114.7382,50.792],[-114.7545,50.797],[-114.7495,50.8144]],[[-114.7042,50.8323],[-114.6947,50.8474],[-114.68,50.8537],[-114.6601,50.8513],[-114.6549,50.8437],[-114.6643,50.8311],[-114.679,50.8248],[-114.6989,50.8248],[-114.7042,50.8323]]]}},{"type":"Feature","properties":{"c":"#00ff00","v0":0.002,"v1":0.003},"geometry":{"type":"Polygon","coordinates":[[[-111.094,50.8249],[-111.0647,50.8504],[-111.0334,50.863],[-111.0002,50.8628],[-110.9952,50.845],[-111.0184,50.8096],[-111.045,50.7915],[-111.075,50.7907],[-111.0947,50.7957],[-111.104,50.8067],[-111.094,50.8249]],[[-111.0918,50.8203],[-111.0773,50.8366],[-111.0542,50.8492],[-111.0227,50.8582],[-111.0035,50.8595],[-110.9966,50.8532],[-111.0023,50.8375],[-111.0208,50.8125],[-111.04,50.798],[-111.06,50.7942],[-111.0773,50.7972],[-111.0918,50.8072],[-111.0918,50.8203]]]}},{"type":"Feature","properties":{"c":"#00ff00","v0":0.002,"v1":0.003},"geometry":{"type":"Polygon","coordinates":[[[-118.3264,50.839],[-118.3155,50.842],[-118.3092,50.8389],[-118.3075,50.8295],[-118.3125,50.8245],[-118.3242,50.824],[-118.3305,50.8271],[-118.3314,50.834],[-118.3264,50.839]]]}},{"type":"Feature","properties":{"c":"#00ff00","v0":0.002,"v1":0.003},"geometry":{"type":"Polygon","coordinates":[[[-113.5605,50.8185],[-113.5537,50.8311],[-113.5444,50.8374],[-113.5325,50.8374],[-113.5232,50.8311],[-113.5163,50.8185],[-113.5171,50.8059],[-113.5257,50.7935],[-113.5385,50.7935],[-113.5555,50.8059],[-113.5605,50.8185]]]}},{"type":"Feature","properties":{"c":"#00ff00","v0":0.002,"v1":0.003},"geometry":{"type":"Polygon","coordinates":[[[-105.0845,50.7552],[-105.0721,50.7932],[-105.0569,50.8153],[-105.039,50.8217],[-105.015,50.822],[-104.985,50.8164],[-104.96,50.8209],[-104.94,50.8357],[-104.9329,50.8291],[-104.9388,50.8009],[-104.9738,50.7685],[-105.0379,50.7318],[-105.0752,50.7192],[-105.0855,50.7306],[-105.0845,50.7552]],[[-105.0637,50.7748],[-105.0546,50.8011],[-105.04,50.8149],[-105.02,50.8162],[-105.0006,50.8125],[-104.9818,50.8038],[-104.9868,50.7877],[-105.0156,50.764],[-105.0379,50.7513],[-105.0536,50.7497],[-105.0631,50.7521],[-105.0666,50.7584],[-105.0637,50.7748]]]}},{"type":"Feature","properties":{"c":"#00ff00","v0":0.002,"v1":0.003},"geometry":{"type":"Polygon","coordinates":[[[-113.7233,50.7902],[-113.7144,50.797],[-113.7018,50.797],[-113.6854,50.7902],[-113.6854,50.7815],[-113.7018,50.7708],[-113.7144,50.7708],[-113.7233,50.7815],[-113.7233,50.7902]]]}},{"type":"Feature","properties":{"c":"#00ff00","v0":0.002,"v1":0.003},"geometry":{"type":"Polygon","coordinates":[[[-113.3667,50.802],[-113.3556,50.8069],[-113.3435,50.8069],[-113.3304,50.802],[-113.3304,50.7953],[-113.3435,50.7868],[-113.3556,50.7868],[-113.3667,50.7953],[-113.3667,50.802]]]}},{"type":"Feature","properties":{"c":"#00ff00","v0":0.002,"v1":0.003},"geometry":{"type":"Polygon","coordinates":[[[-113.3535,50.7419],[-113.3378,50.7533],[-113.3236,50.7533],[-113.3108,50.7419],[-113.3108,50.7305],[-113.3236,50.7188],[-113.3378,50.7188],[-113.3535,50.7305],[-113.3535,50.7419]]]}},{"type":"Feature","properties":{"c":"#00ff00","v0":0.002,"v1":0.003},"geometry":{"type":"Polygon","coordinates":[[[-105.2502,50.7382],[-105.2367,50.742],[-105.22,50.7287],[-105.2,50.6983],[-105.201,50.6837],[-105.223,50.685],[-105.2397,50.6983],[-105.2512,50.7236],[-105.2502,50.7382]]]}},{"type":"Feature","properties":{"c":"#00ff00","v0":0.002,"v1":0.003},"geometry":{"type":"Polygon","coordinates":[[[-104.8984,50.6793],[-104.8875,50.6919],[-104.864,50.7048],[-104.828,50.7178],[-104.7874,50.7147],[-104.7421,50.6953],[-104.7271,50.6752],[-104.7424,50.6545],[-104.78,50.645],[-104.84,50.6469],[-104.8785,50.6541],[-104.8954,50.6666],[-104.8984,50.6793]],[[-104.8683,50.6834],[-104.8294,50.7045],[-104.7906,50.7076],[-104.7518,50.6929],[-104.7368,50.6789],[-104.7456,50.6654],[-104.78,50.6585],[-104.84,50.6582],[-104.8744,50.6617],[-104.8833,50.6692],[-104.8683,50.6834]]]}},{"type":"Feature","properties":{"c":"#00ff00","v0":0.002,"v1":0.003},"geometry":{"type":"Polygon","coordinates":[[[-109.761,50.6621],[-109.727,50.6911],[-109.695,50.7048],[-109.665,50.7033],[-109.65,50.6983],[-109.65,50.6898],[-109.67,50.6727],[-109.71,50.647],[-109.74,50.6333],[-109.76,50.6316],[-109.772,50.635],[-109.776,50.6434],[-109.761,50.6621]],[[-109.7188,50.6793],[-109.7057,50.6919],[-109.6913,50.6983],[-109.6755,50.6983],[-109.6732,50.6915],[-109.6844,50.678],[-109.6988,50.6717],[-109.7165,50.6725],[-109.7188,50.6793]]]}},{"type":"Feature","properties":{"c":"#00ff00","v0":0.002,"v1":0.003},"geometry":{"type":"Polygon","coordinates":[[[-105.1116,50.6528],[-105.0972,50.6634],[-105.085,50.6642],[-105.075,50.6554],[-105.0554,50.6564],[-105.0261,50.6674],[-105.015,50.6824],[-105.022,50.7014],[-105.0166,50.7135],[-104.9989,50.7186],[-104.98,50.7183],[-104.96,50.7126],[-104.937,50.691],[-104.9111,50.6536],[-104.9011,50.6311],[-104.907,50.6236],[-104.93,50.6193],[-104.97,50.6183],[-105.01,50.625],[-105.05,50.6393],[-105.0822,50.6468],[-105.1066,50.6473],[-105.1116,50.6528]],[[-105.0092,50.6567],[-104.9831,50.6749],[-104.9599,50.6717],[-104.9397,50.6472],[-104.9447,50.633],[-104.9749,50.6292],[-104.9981,50.6323],[-105.0142,50.6425],[-105.0092,50.6567]]]}},{"type":"Feature","properties":{"c":"#00ff00","v0":0.002,"v1":0.003},"geometry":{"type":"Polygon","coordinates":[[[-104.5055,50.7039],[-104.4952,50.7152],[-104.4829,50.7184],[-104.4688,50.7134],[-104.4638,50.7061],[-104.4679,50.6964],[-104.4802,50.6932],[-104.5005,50.6966],[-104.5055,50.7039]]]}},{"type":"Feature","properties":{"c":"#00ff00","v0":0.002,"v1":0.003},"geometry":{"type":"Polygon","coordinates":[[[-114.2576,50.6557],[-114.2259,50.672],[-114.1951,50.672],[-114.1653,50.6557],[-114.1553,50.6432],[-114.1651,50.6345],[-114.185,50.6282],[-114.215,50.6244],[-114.2409,50.6288],[-114.2626,50.6413],[-114.2576,50.6557]],[[-114.2431,50.6525],[-114.221,50.6623],[-114.201,50.6623],[-114.1829,50.6525],[-114.1879,50.6439],[-114.216,50.6366],[-114.236,50.6366],[-114.2481,50.6439],[-114.2431,50.6525]]]}},{"type":"Feature","properties":{"c":"#00ff00","v0":0.002,"v1":0.003},"geometry":{"type":"Polygon","coordinates":[[[-114.068,50.6646],[-114.056,50.6734],[-114.0461,50.6734],[-114.0382,50.6646],[-114.0442,50.6602],[-114.064,50.6602],[-114.068,50.6646]]]}},{"type":"Feature","properties":{"c":"#00ff00","v0":0.002,"v1":0.003},"geometry":{"type":"Polygon","coordinates":[[[-109.9852,50.6239],[-109.9617,50.6528],[-109.935,50.6705],[-109.905,50.6772],[-109.8887,50.6755],[-109.886,50.6653],[-109.9008,50.6444],[-109.9329,50.6127],[-109.9593,50.5962],[-109.9798,50.595],[-109.9917,50.5982],[-109.9952,50.6057],[-109.9852,50.6239]]]}},{"type":"Feature","properties":{"c":"#00ff00","v0":0.002,"v1":0.003},"geometry":{"type":"Polygon","coordinates":[[[-114.0308,50.6385],[-114.0303,50.6456],[-114.02,50.6522],[-114.0,50.658],[-113.98,50.6596],[-113.96,50.6568],[-113.9461,50.6503],[-113.9384,50.64],[-113.9484,50.6295],[-113.9761,50.6188],[-114.0003,50.6188],[-114.0208,50.6295],[-114.0308,50.6385]],[[-114.0011,50.6387],[-113.9804,50.6465],[-113.9653,50.6465],[-113.9558,50.6387],[-113.9608,50.6317],[-113.9803,50.6253],[-113.9954,50.6253],[-114.0061,50.6317],[-114.0011,50.6387]]]}},{"type":"Feature","properties":{"c":"#00ff00","v0":0.002,"v1":0.003},"geometry":{"type":"Polygon","coordinates":[[[-101.2405,50.6276],[-101.2335,50.6384],[-101.21,50.6499],[-101.17,50.662],[-101.1296,50.6565],[-101.0888,50.6336],[-101.0704,50.6127],[-101.0746,50.5936],[-101.0658,50.5746],[-101.0442,50.5555],[-101.0355,50.5396],[-101.0398,50.5269],[-101.0568,50.5206],[-101.0864,50.5206],[-101.1091,50.5333],[-101.1248,50.5587],[-101.152,50.5764],[-101.1907,50.5863],[-101.2185,50.599],[-101.2355,50.6145],[-101.2405,50.6276]],[[-101.2176,50.6299],[-101.1859,50.6453],[-101.1479,50.6421],[-101.1037,50.6204],[-101.0887,50.6025],[-101.1029,50.5886],[-101.13,50.5839],[-101.17,50.5885],[-101.2009,50.5986],[-101.2226,50.6143],[-101.2176,50.6299]],[[-101.0907,50.546],[-101.0782,50.546],[-101.0742,50.5428],[-101.0787,50.5365],[-101.085,50.5365],[-101.0929,50.5428],[-101.0907,50.546]]]}},{"type":"Feature","properties":{"c":"#00ff00","v0":0.002,"v1":0.003},"geometry":{"type":"Polygon","coordinates":[[[-114.3587,50.6502],[-114.3529,50.6556],[-114.3455,50.6556],[-114.3364,50.6502],[-114.3392,50.6476],[-114.3541,50.6476],[-114.3587,50.6502]]]}},{"type":"Feature","properties":{"c":"#00ff00","v0":0.002,"v1":0.003},"geometry":{"type":"Polygon","coordinates":[[[-105.259,50.4251],[-105.239,50.4378],[-105.2364,50.4697],[-105.2512,50.5206],[-105.2415,50.5661],[-105.2072,50.6063],[-105.175,50.6296],[-105.145,50.6358],[-105.1161,50.6221],[-105.0883,50.5883],[-105.0902,50.5587],[-105.122,50.5333],[-105.1303,50.511],[-105.1151,50.4919],[-105.1232,50.4784],[-105.1544,50.4704],[-105.173,50.4577],[-105.1791,50.4402],[-105.1941,50.4251],[-105.218,50.4124],[-105.2385,50.406],[-105.2556,50.406],[-105.2654,50.4092],[-105.2678,50.4155],[-105.259,50.4251]],[[-105.2195,50.5492],[-105.1984,50.5809],[-105.1734,50.5991],[-105.1445,50.6037],[-105.1231,50.5974],[-105.1094,50.5801],[-105.1194,50.5548],[-105.1531,50.5215],[-105.18,50.5035],[-105.2,50.5008],[-105.215,50.5079],[-105.225,50.5248],[-105.2195,50.5492]]]}},{"type":"Feature","properties":{"c":"#00ff00","v0":0.002,"v1":0.003},"geometry":{"type":"Polygon","coordinates":[[[-104.6395,50.6266],[-104.6332,50.6354],[-104.62,50.6403],[-104.6,50.6412],[-104.5829,50.6336],[-104.5688,50.6175],[-104.5738,50.6057],[-104.5979,50.5981],[-104.6182,50.6013],[-104.6345,50.6152],[-104.6395,50.6266]],[[-104.6226,50.6254],[-104.6098,50.6317],[-104.5979,50.6285],[-104.5869,50.6158],[-104.5886,50.6083],[-104.6029,50.6061],[-104.6147,50.6092],[-104.6242,50.6179],[-104.6226,50.6254]]]}},{"type":"Feature","properties":{"c":"#00ff00","v0":0.002,"v1":0.003},"geometry":{"type":"Polygon","coordinates":[[[-114.4988,50.6134],[-114.4929,50.6213],[-114.485,50.618],[-114.475,50.6037],[-114.475,50.5955],[-114.485,50.5934],[-114.4929,50.5967],[-114.4988,50.6052],[-114.4988,50.6134]]]}},{"type":"Feature","properties":{"c":"#00ff00","v0":0.002,"v1":0.003},"geometry":{"type":"Polygon","coordinates":[[[-105.7986,50.6031],[-105.7795,50.6156],[-105.735,50.6181],[-105.665,50.6106],[-105.6229,50.6044],[-105.6088,50.5993],[-105.6007,50.5905],[-105.5987,50.5778],[-105.6057,50.5646],[-105.6219,50.5509],[-105.64,50.5431],[-105.66,50.5411],[-105.7,50.5491],[-105.76,50.567],[-105.7945,50.5811],[-105.8036,50.5916],[-105.7986,50.6031]],[[-105.7903,50.6014],[-105.7768,50.6105],[-105.735,50.6113],[-105.665,50.6038],[-105.6244,50.5929],[-105.6131,50.5786],[-105.6131,50.5661],[-105.6244,50.5556],[-105.64,50.5493],[-105.66,50.5472],[-105.7018,50.5588],[-105.7653,50.5841],[-105.7903,50.6014]]]}},{"type":"Feature","properties":{"c":"#00ff00","v0":0.002,"v1":0.003},"geometry":{"type":"Polygon","coordinates":[[[-105.4368,50.5995],[-105.4189,50.6048],[-105.4025,50.5984],[-105.3876,50.5804],[-105.3919,50.5714],[-105.4153,50.5714],[-105.4317,50.5778],[-105.4411,50.5905],[-105.4368,50.5995]]]}},{"type":"Feature","properties":{"c":"#00ff00","v0":0.002,"v1":0.003},"geometry":{"type":"Polygon","coordinates":[[[-109.8615,50.5771],[-109.8538,50.5884],[-109.84,50.5964],[-109.82,50.6009],[-109.8138,50.592],[-109.8213,50.5698],[-109.8351,50.5619],[-109.8553,50.5682],[-109.8615,50.5771]]]}},{"type":"Feature","properties":{"c":"#00ff00","v0":0.002,"v1":0.003},"geometry":{"type":"Polygon","coordinates":[[[-114.7699,50.5333],[-114.7584,50.5587],[-114.747,50.573],[-114.7357,50.5761],[-114.7122,50.5602],[-114.6765,50.5253],[-114.6715,50.5015],[-114.6972,50.4889],[-114.7264,50.4921],[-114.7592,50.5111],[-114.7699,50.5333]],[[-114.7498,50.5301],[-114.7366,50.5492],[-114.7243,50.546],[-114.7128,50.5206],[-114.7194,50.511],[-114.7441,50.5174],[-114.7498,50.5301]]]}},{"type":"Feature","properties":{"c":"#00ff00","v0":0.002,"v1":0.003},"geometry":{"type":"Polygon","coordinates":[[[-104.4499,50.5248],[-104.4366,50.5333],[-104.405,50.5358],[-104.355,50.5323],[-104.3223,50.5217],[-104.307,50.504],[-104.294,50.4728],[-104.2834,50.4283],[-104.291,50.4031],[-104.317,50.3974],[-104.3395,50.3974],[-104.3584,50.4031],[-104.3856,50.4187],[-104.421,50.4442],[-104.4431,50.4728],[-104.452,50.5047],[-104.4499,50.5248]],[[-104.4319,50.513],[-104.4173,50.5232],[-104.3895,50.5264],[-104.3484,50.5225],[-104.326,50.5047],[-104.3224,50.4728],[-104.3128,50.4474],[-104.2973,50.4283],[-104.293,50.4155],[-104.2998,50.4092],[-104.3149,50.4061],[-104.3383,50.4063],[-104.3679,50.4191],[-104.4036,50.4443],[-104.4259,50.4697],[-104.4347,50.4951],[-104.4319,50.513]]]}},{"type":"Feature","properties":{"c":"#00ff00","v0":0.002,"v1":0.003},"geometry":{"type":"Polygon","coordinates":[[[-100.7398,50.4169],[-100.6933,50.4644],[-100.65,50.499],[-100.61,50.521],[-100.5783,50.5323],[-100.5548,50.5329],[-100.5402,50.5269],[-100.5344,50.5142],[-100.5457,50.4951],[-100.574,50.4697],[-100.581,50.4506],[-100.5667,50.4378],[-100.5635,50.4219],[-100.5712,50.4028],[-100.5656,50.3837],[-100.5467,50.3645],[-100.5387,50.3486],[-100.5415,50.3358],[-100.5547,50.3254],[-100.5782,50.3175],[-100.605,50.3149],[-100.635,50.3178],[-100.6783,50.3377],[-100.7348,50.3747],[-100.7398,50.4169]],[[-100.711,50.4346],[-100.6313,50.4919],[-100.5802,50.5206],[-100.5577,50.5206],[-100.5624,50.5015],[-100.5944,50.4633],[-100.6035,50.4378],[-100.5896,50.4251],[-100.5851,50.4123],[-100.5901,50.3996],[-100.5821,50.3837],[-100.5611,50.3645],[-100.5535,50.3486],[-100.5591,50.3358],[-100.5839,50.3289],[-100.628,50.328],[-100.6752,50.3471],[-100.7257,50.3864],[-100.711,50.4346]]]}},{"type":"Feature","properties":{"c":"#00ff00","v0":0.002,"v1":0.003},"geometry":{"type":"Polygon","coordinates":[[[-118.2713,50.5033],[-118.2438,50.5197],[-118.2178,50.5197],[-118.1935,50.5033],[-118.1885,50.4911],[-118.2028,50.483],[-118.2288,50.483],[-118.2663,50.4911],[-118.2713,50.5033]]]}},{"type":"Feature","properties":{"c":"#00ff00","v0":0.002,"v1":0.003},"geometry":{"type":"Polygon","coordinates":[[[-102.1128,50.5013],[-102.0976,50.5136],[-102.08,50.5168],[-102.06,50.5108],[-102.055,50.5011],[-102.065,50.4876],[-102.08,50.481],[-102.1,50.4812],[-102.1126,50.4847],[-102.1178,50.4917],[-102.1128,50.5013]]]}},{"type":"Feature","properties":{"c":"#00ff00","v0":0.002,"v1":0.003},"geometry":{"type":"Polygon","coordinates":[[[-104.253,50.4871],[-104.2377,50.4965],[-104.2207,50.4965],[-104.202,50.4871],[-104.202,50.4775],[-104.2207,50.4678],[-104.2377,50.4678],[-104.253,50.4775],[-104.253,50.4871]]]}},{"type":"Feature","properties":{"c":"#00ff00","v0":0.002,"v1":0.003},"geometry":{"type":"Polygon","coordinates":[[[-104.759,50.4541],[-104.7397,50.4739],[-104.7159,50.4803],[-104.6877,50.4732],[-104.6777,50.4604],[-104.6859,50.4418],[-104.7,50.4313],[-104.72,50.4288],[-104.7397,50.4317],[-104.759,50.44],[-104.759,50.4541]],[[-104.7447,50.4626],[-104.7216,50.4738],[-104.7022,50.4738],[-104.6865,50.4626],[-104.6865,50.4512],[-104.7022,50.4399],[-104.72,50.436],[-104.74,50.4395],[-104.7516,50.4452],[-104.7547,50.453],[-104.7447,50.4626]]]}},{"type":"Feature","properties":{"c":"#00ff00","v0":0.002,"v1":0.003},"geometry":{"type":"Polygon","coordinates":[[[-105.3796,50.4489],[-105.3732,50.4583],[-105.3624,50.4615],[-105.3473,50.4584],[-105.3423,50.4507],[-105.3474,50.4382],[-105.3582,50.435],[-105.3746,50.4411],[-105.3796,50.4489]]]}},{"type":"Feature","properties":{"c":"#00ff00","v0":0.002,"v1":0.003},"geometry":{"type":"Polygon","coordinates":[[[-101.725,50.4588],[-101.715,50.4627],[-101.7077,50.4595],[-101.7031,50.4493],[-101.7081,50.4474],[-101.7227,50.4537],[-101.725,50.4588]]]}},{"type":"Feature","properties":{"c":"#00ff00","v0":0.002,"v1":0.003},"geometry":{"type":"Polygon","coordinates":[[[-118.7524,50.4345],[-118.7375,50.4407],[-118.7085,50.4343],[-118.6654,50.4154],[-118.6504,50.4036],[-118.6635,50.399],[-118.6925,50.4053],[-118.7374,50.4228],[-118.7524,50.4345]]]}},{"type":"Feature","properties":{"c":"#00ff00","v0":0.002,"v1":0.003},"geometry":{"type":"Polygon","coordinates":[[[-105.091,50.3852],[-105.077,50.3946],[-105.055,50.396],[-105.025,50.3893],[-105.0111,50.3782],[-105.0134,50.3627],[-105.0084,50.3519],[-104.9961,50.3459],[-104.9785,50.3523],[-104.9555,50.3711],[-104.9494,50.3932],[-104.9602,50.4187],[-104.9567,50.4366],[-104.9389,50.4468],[-104.9221,50.45],[-104.9064,50.4461],[-104.886,50.4315],[-104.8609,50.406],[-104.865,50.3773],[-104.8983,50.3454],[-104.9153,50.3198],[-104.9161,50.3007],[-104.9299,50.2852],[-104.9566,50.2733],[-104.9864,50.2701],[-105.0192,50.2756],[-105.0512,50.3039],[-105.0824,50.3549],[-105.091,50.3852]],[[-104.9455,50.4247],[-104.9352,50.4365],[-104.925,50.4415],[-104.915,50.4397],[-104.9,50.427],[-104.88,50.4036],[-104.88,50.3888],[-104.9,50.3825],[-104.9202,50.3892],[-104.9405,50.4089],[-104.9455,50.4247]],[[-105.068,50.3805],[-105.0548,50.3805],[-105.0474,50.3709],[-105.0459,50.3518],[-105.0525,50.3518],[-105.0673,50.3709],[-105.068,50.3805]],[[-105.0344,50.3318],[-105.0315,50.3366],[-105.02,50.3355],[-105.0,50.3285],[-104.98,50.3337],[-104.96,50.3509],[-104.9432,50.3584],[-104.9296,50.3561],[-104.9296,50.3372],[-104.9432,50.3016],[-104.965,50.2841],[-104.995,50.2846],[-105.0165,50.296],[-105.0294,50.3183],[-105.0344,50.3318]]]}},{"type":"Feature","properties":{"c":"#00ff00","v0":0.002,"v1":0.003},"geometry":{"type":"Polygon","coordinates":[[[-102.4632,50.3868],[-102.4384,50.4251],[-102.417,50.447],[-102.399,50.4525],[-102.3675,50.4494],[-102.3224,50.4374],[-102.2922,50.4219],[-102.2769,50.4028],[-102.2745,50.3862],[-102.2848,50.3721],[-102.31,50.3702],[-102.35,50.3805],[-102.385,50.3742],[-102.415,50.3512],[-102.4414,50.3467],[-102.4643,50.3607],[-102.4632,50.3868]],[[-102.4115,50.4356],[-102.3972,50.4439],[-102.37,50.4421],[-102.33,50.4302],[-102.3036,50.4133],[-102.2909,50.3914],[-102.2959,50.3795],[-102.3186,50.3777],[-102.3522,50.3904],[-102.3965,50.4178],[-102.4115,50.4356]],[[-102.4568,50.3753],[-102.4389,50.3906],[-102.4214,50.3938],[-102.4043,50.3849],[-102.3975,50.3741],[-102.4011,50.3613],[-102.4097,50.3527],[-102.4232,50.3482],[-102.4389,50.3514],[-102.4568,50.3623],[-102.4568,50.3753]]]}},{"type":"Feature","properties":{"c":"#00ff00","v0":0.002,"v1":0.003},"geometry":{"type":"Polygon","coordinates":[[[-114.1989,50.4123],[-114.1839,50.4251],[-114.1599,50.4331],[-114.1266,50.4363],[-114.0849,50.43],[-114.0348,50.414],[-114.0148,50.4018],[-114.0249,50.3935],[-114.045,50.3931],[-114.075,50.4006],[-114.105,50.3967],[-114.135,50.3812],[-114.1641,50.3816],[-114.1922,50.3978],[-114.1989,50.4123]],[[-114.1889,50.4113],[-114.1763,50.4218],[-114.1512,50.425],[-114.1135,50.4208],[-114.1085,50.4095],[-114.1362,50.3911],[-114.1613,50.3879],[-114.1839,50.3999],[-114.1889,50.4113]]]}},{"type":"Feature","properties":{"c":"#00ff00","v0":0.002,"v1":0.003},"geometry":{"type":"Polygon","coordinates":[[[-104.6859,50.3872],[-104.6753,50.4008],[-104.6418,50.4103],[-104.5854,50.4159],[-104.5573,50.4155],[-104.5576,50.4092],[-104.5708,50.4049],[-104.5969,50.4027],[-104.62,50.3943],[-104.64,50.3796],[-104.6603,50.3744],[-104.6809,50.3784],[-104.6859,50.3872]]]}},{"type":"Feature","properties":{"c":"#00ff00","v0":0.002,"v1":0.003},"geometry":{"type":"Polygon","coordinates":[[[-104.2529,50.3966],[-104.2376,50.4033],[-104.2242,50.4033],[-104.2125,50.3966],[-104.2125,50.3887],[-104.2242,50.3798],[-104.2376,50.3798],[-104.2529,50.3887],[-104.2529,50.3966]]]}},{"type":"Feature","properties":{"c":"#00ff00","v0":0.002,"v1":0.003},"geometry":{"type":"Polygon","coordinates":[[[-102.1391,50.3581],[-102.1243,50.39],[-102.1002,50.4046],[-102.0667,50.4019],[-102.0455,50.3891],[-102.0364,50.3663],[-102.0414,50.3448],[-102.0605,50.3246],[-102.08,50.3133],[-102.1,50.3108],[-102.1191,50.3177],[-102.1373,50.334],[-102.1391,50.3581]],[[-102.1285,50.3668],[-102.1162,50.3904],[-102.1,50.4021],[-102.08,50.402],[-102.0629,50.3965],[-102.0486,50.3858],[-102.0411,50.3741],[-102.0404,50.3613],[-102.0526,50.3453],[-102.0775,50.3259],[-102.0994,50.3195],[-102.1181,50.3261],[-102.1293,50.3358],[-102.1329,50.3486],[-102.1285,50.3668]]]}},{"type":"Feature","properties":{"c":"#00ff00","v0":0.002,"v1":0.003},"geometry":{"type":"Polygon","coordinates":[[[-104.5103,50.3461],[-104.4968,50.354],[-104.4838,50.354],[-104.4715,50.3461],[-104.4715,50.3379],[-104.4838,50.3292],[-104.4968,50.3292],[-104.5103,50.3379],[-104.5103,50.3461]]]}},{"type":"Feature","properties":{"c":"#00ff00","v0":0.002,"v1":0.003},"geometry":{"type":"Polygon","coordinates":[[[-102.2592,50.3358],[-102.254,50.3486],[-102.246,50.3552],[-102.2353,50.3556],[-102.2167,50.3461],[-102.19,50.3265],[-102.19,50.3136],[-102.2167,50.3076],[-102.2379,50.3108],[-102.2538,50.3232],[-102.2592,50.3358]]]}},{"type":"Feature","properties":{"c":"#00ff00","v0":0.002,"v1":0.003},"geometry":{"type":"Polygon","coordinates":[[[-114.1378,50.3346],[-114.1326,50.345],[-114.1273,50.345],[-114.1219,50.3346],[-114.1245,50.3294],[-114.1351,50.3294],[-114.1378,50.3346]]]}},{"type":"Feature","properties":{"c":"#00ff00","v0":0.002,"v1":0.003},"geometry":{"type":"Polygon","coordinates":[[[-110.2293,50.3121],[-110.2031,50.3286],[-110.175,50.3361],[-110.145,50.3345],[-110.1238,50.3294],[-110.1114,50.3209],[-110.1069,50.3103],[-110.1103,50.2975],[-110.1215,50.2871],[-110.1405,50.2791],[-110.165,50.2764],[-110.195,50.2789],[-110.2181,50.2861],[-110.2343,50.2979],[-110.2293,50.3121]],[[-110.2154,50.3106],[-110.1985,50.3239],[-110.1727,50.3271],[-110.1382,50.3201],[-110.1235,50.3103],[-110.1286,50.2975],[-110.1409,50.2886],[-110.1603,50.2835],[-110.1835,50.2867],[-110.2104,50.2982],[-110.2154,50.3106]]]}},{"type":"Feature","properties":{"c":"#00ff00","v0":0.002,"v1":0.003},"geometry":{"type":"Polygon","coordinates":[[[-105.5445,50.3103],[-105.5107,50.323],[-105.4898,50.3166],[-105.4818,50.2911],[-105.4909,50.2763],[-105.517,50.2722],[-105.5378,50.2786],[-105.5535,50.2954],[-105.5445,50.3103]],[[-105.5375,50.3068],[-105.5192,50.3125],[-105.505,50.307],[-105.495,50.2901],[-105.5,50.2808],[-105.52,50.2791],[-105.5342,50.2847],[-105.5425,50.2975],[-105.5375,50.3068]]]}},{"type":"Feature","properties":{"c":"#00ff00","v0":0.002,"v1":0.003},"geometry":{"type":"Polygon","coordinates":[[[-105.3191,50.2463],[-105.3034,50.2591],[-105.3011,50.2751],[-105.3121,50.2943],[-105.3107,50.3108],[-105.2969,50.3247],[-105.2816,50.3247],[-105.2647,50.3108],[-105.2638,50.2943],[-105.2791,50.2751],[-105.2781,50.2559],[-105.2609,50.2368],[-105.2617,50.2244],[-105.2806,50.2189],[-105.2992,50.2221],[-105.3177,50.234],[-105.3191,50.2463]],[[-105.3067,50.243],[-105.2956,50.2491],[-105.2842,50.2491],[-105.2725,50.243],[-105.2725,50.236],[-105.2842,50.2282],[-105.2956,50.2282],[-105.3067,50.236],[-105.3067,50.243]]]}},{"type":"Feature","properties":{"c":"#00ff00","v0":0.002,"v1":0.003},"geometry":{"type":"Polygon","coordinates":[[[-100.7965,50.3221],[-100.7788,50.3329],[-100.7595,50.3361],[-100.7384,50.3316],[-100.7221,50.3103],[-100.7106,50.2719],[-100.6902,50.24],[-100.661,50.2144],[-100.6473,50.1868],[-100.6491,50.1574],[-100.635,50.1517],[-100.605,50.1699],[-100.5819,50.1783],[-100.5656,50.1767],[-100.5427,50.1631],[-100.5131,50.1375],[-100.5012,50.115],[-100.5071,50.0957],[-100.52,50.0843],[-100.54,50.0809],[-100.6018,50.0938],[-100.7054,50.1229],[-100.7621,50.1439],[-100.7719,50.1567],[-100.7708,50.1792],[-100.7586,50.2112],[-100.7657,50.2495],[-100.7921,50.2943],[-100.7965,50.3221]],[[-100.7821,50.3186],[-100.7607,50.3227],[-100.75,50.3175],[-100.75,50.3032],[-100.7607,50.3012],[-100.7821,50.3115],[-100.7821,50.3186]],[[-100.7581,50.1849],[-100.7394,50.2285],[-100.7128,50.2381],[-100.6784,50.2137],[-100.6642,50.1888],[-100.6702,50.1631],[-100.6774,50.1461],[-100.6858,50.1376],[-100.7,50.133],[-100.72,50.1325],[-100.7394,50.14],[-100.7581,50.1554],[-100.7581,50.1849]],[[-100.6113,50.1349],[-100.5838,50.1552],[-100.555,50.1545],[-100.525,50.1329],[-100.5092,50.1163],[-100.5076,50.1048],[-100.5176,50.0962],[-100.5392,50.0907],[-100.5688,50.0971],[-100.6063,50.1155],[-100.6113,50.1349]]]}},{"type":"Feature","properties":{"c":"#00ff00","v0":0.002,"v1":0.003},"geometry":{"type":"Polygon","coordinates":[[[-100.5959,50.2707],[-100.5786,50.2809],[-100.5619,50.2809],[-100.5457,50.2707],[-100.5457,50.2598],[-100.5619,50.2483],[-100.5786,50.2483],[-100.5959,50.2598],[-100.5959,50.2707]],[[-100.586,50.2681],[-100.5753,50.2733],[-100.5654,50.2733],[-100.5563,50.2681],[-100.5563,50.2619],[-100.5654,50.2546],[-100.5753,50.2546],[-100.586,50.2619],[-100.586,50.2681]]]}},{"type":"Feature","properties":{"c":"#00ff00","v0":0.002,"v1":0.003},"geometry":{"type":"Polygon","coordinates":[[[-110.6085,50.207],[-110.5428,50.2436],[-110.4998,50.2628],[-110.4794,50.2646],[-110.4703,50.2591],[-110.4726,50.2463],[-110.5028,50.2265],[-110.5609,50.1996],[-110.6,50.1834],[-110.62,50.1778],[-110.6328,50.1784],[-110.6385,50.1853],[-110.6085,50.207]]]}},{"type":"Feature","properties":{"c":"#00ff00","v0":0.002,"v1":0.003},"geometry":{"type":"Polygon","coordinates":[[[-101.8656,50.2436],[-101.8552,50.2509],[-101.8353,50.2477],[-101.806,50.234],[-101.801,50.2247],[-101.8203,50.2199],[-101.8402,50.2231],[-101.8606,50.2343],[-101.8656,50.2436]]]}},{"type":"Feature","properties":{"c":"#00ff00","v0":0.002,"v1":0.003},"geometry":{"type":"Polygon","coordinates":[[[-105.2117,50.2333],[-105.1839,50.2456],[-105.155,50.2441],[-105.125,50.2289],[-105.0991,50.2228],[-105.0773,50.2257],[-105.0599,50.2208],[-105.0469,50.208],[-105.0422,50.1952],[-105.0458,50.1824],[-105.0582,50.1735],[-105.0794,50.1686],[-105.1,50.175],[-105.12,50.1925],[-105.145,50.2012],[-105.175,50.201],[-105.1989,50.2074],[-105.2167,50.2206],[-105.2117,50.2333]],[[-105.1994,50.2317],[-105.1798,50.2408],[-105.1624,50.2376],[-105.1472,50.2221],[-105.1522,50.2127],[-105.1774,50.2095],[-105.1948,50.2127],[-105.2044,50.2223],[-105.1994,50.2317]],[[-105.0959,50.2044],[-105.0786,50.2101],[-105.0667,50.2069],[-105.06,50.1948],[-105.065,50.1866],[-105.0817,50.1823],[-105.0936,50.1855],[-105.1009,50.1962],[-105.0959,50.2044]]]}},{"type":"Feature","properties":{"c":"#00ff00","v0":0.002,"v1":0.003},"geometry":{"type":"Polygon","coordinates":[[[-104.8219,50.2112],[-104.8066,50.2304],[-104.7886,50.24],[-104.768,50.24],[-104.7435,50.2176],[-104.7149,50.1727],[-104.703,50.1432],[-104.7077,50.1288],[-104.725,50.119],[-104.755,50.1137],[-104.78,50.114],[-104.8,50.1197],[-104.8149,50.1423],[-104.8246,50.1818],[-104.8219,50.2112]],[[-104.8111,50.2095],[-104.797,50.2253],[-104.7828,50.2317],[-104.7685,50.2287],[-104.7494,50.208],[-104.7256,50.1695],[-104.716,50.1439],[-104.7205,50.1311],[-104.7346,50.1228],[-104.7582,50.1191],[-104.78,50.1215],[-104.8,50.1299],[-104.812,50.1509],[-104.8161,50.1847],[-104.8111,50.2095]]]}},{"type":"Feature","properties":{"c":"#00ff00","v0":0.002,"v1":0.003},"geometry":{"type":"Polygon","coordinates":[[[-104.659,50.2102],[-104.6397,50.2275],[-104.6181,50.2307],[-104.5944,50.2198],[-104.5894,50.2056],[-104.6031,50.188],[-104.62,50.1794],[-104.64,50.1799],[-104.6547,50.1855],[-104.664,50.1962],[-104.659,50.2102]],[[-104.6512,50.2084],[-104.6371,50.2219],[-104.6212,50.2251],[-104.6036,50.218],[-104.5986,50.2075],[-104.6062,50.1938],[-104.6221,50.1906],[-104.6462,50.1979],[-104.6512,50.2084]]]}},{"type":"Feature","properties":{"c":"#00ff00","v0":0.002,"v1":0.003},"geometry":{"type":"Polygon","coordinates":[[[-97.8153,50.1857],[-97.7984,50.2053],[-97.7748,50.2053],[-97.7443,50.1857],[-97.7443,50.1663],[-97.7748,50.1469],[-97.7984,50.1469],[-97.8153,50.1663],[-97.8153,50.1857]],[[-97.8062,50.1828],[-97.7954,50.1966],[-97.7786,50.1966],[-97.7559,50.1828],[-97.7559,50.1696],[-97.7786,50.157],[-97.7954,50.157],[-97.8062,50.1696],[-97.8062,50.1828]]]}},{"type":"Feature","properties":{"c":"#00ff00","v0":0.002,"v1":0.003},"geometry":{"type":"Polygon","coordinates":[[[-105.6392,50.0907],[-105.6197,50.0996],[-105.6031,50.0996],[-105.5893,50.0907],[-105.5893,50.0811],[-105.6031,50.0709],[-105.6197,50.0709],[-105.6392,50.0811],[-105.6392,50.0907]]]}},{"type":"Feature","properties":{"c":"#00ff00","v0":0.002,"v1":0.003},"geometry":{"type":"Polygon","coordinates":[[[-100.8806,50.092],[-100.8602,50.1037],[-100.8403,50.1037],[-100.8208,50.092],[-100.8208,50.0787],[-100.8403,50.0638],[-100.8602,50.0638],[-100.8806,50.0787],[-100.8806,50.092]],[[-100.8698,50.0901],[-100.8566,50.0978],[-100.8432,50.0978],[-100.8295,50.0901],[-100.8295,50.081],[-100.8432,50.0707],[-100.8566,50.0707],[-100.8698,50.081],[-100.8698,50.0901]]]}},{"type":"Feature","properties":{"c":"#00ff00","v0":0.002,"v1":0.003},"geometry":{"type":"Polygon","coordinates":[[[-105.5147,50.0889],[-105.4982,50.0942],[-105.4872,50.091],[-105.4815,50.0792],[-105.4865,50.0712],[-105.5022,50.067],[-105.5132,50.0702],[-105.5197,50.0809],[-105.5147,50.0889]]]}},{"type":"Feature","properties":{"c":"#00ff00","v0":0.002,"v1":0.003},"geometry":{"type":"Polygon","coordinates":[[[-102.1568,49.9771],[-102.1523,49.9903],[-102.1356,50.0031],[-102.1069,50.0157],[-102.0881,50.0316],[-102.0792,50.0509],[-102.0641,50.0605],[-102.0428,50.0605],[-102.0293,50.0541],[-102.0234,50.0413],[-102.0281,50.0284],[-102.0433,50.0156],[-102.0539,49.9963],[-102.0598,49.9706],[-102.0796,49.9557],[-102.1132,49.9517],[-102.1373,49.9549],[-102.1518,49.9653],[-102.1568,49.9771]],[[-102.0714,50.0383],[-102.0705,50.0453],[-102.0619,50.0485],[-102.0458,50.048],[-102.0408,50.0423],[-102.0469,50.0315],[-102.0555,50.0283],[-102.0664,50.0327],[-102.0714,50.0383]],[[-102.1357,49.9788],[-102.1186,49.9953],[-102.0985,49.9985],[-102.0755,49.9884],[-102.0705,49.9764],[-102.0835,49.9623],[-102.1036,49.9591],[-102.1307,49.9667],[-102.1357,49.9788]]]}},{"type":"Feature","properties":{"c":"#00ff00","v0":0.002,"v1":0.003},"geometry":{"type":"Polygon","coordinates":[[[-100.5949,50.0163],[-100.5783,50.0306],[-100.56,50.038],[-100.54,50.0385],[-100.5235,50.0346],[-100.5104,50.0262],[-100.5104,50.0162],[-100.5235,50.0045],[-100.5483,50.0013],[-100.5849,50.0065],[-100.5949,50.0163]]]}},{"type":"Feature","properties":{"c":"#00ff00","v0":0.002,"v1":0.003},"geometry":{"type":"Polygon","coordinates":[[[-101.6833,50.0012],[-101.6744,50.011],[-101.665,50.0152],[-101.655,50.0138],[-101.6427,50.0056],[-101.6281,49.9908],[-101.6281,49.9812],[-101.6427,49.9766],[-101.6594,49.9798],[-101.6783,49.9908],[-101.6833,50.0012]]]}},{"type":"Feature","properties":{"c":"#00ff00","v0":0.002,"v1":0.003},"geometry":{"type":"Polygon","coordinates":[[[-100.8847,49.9062],[-100.8416,49.9577],[-100.7876,49.9883],[-100.7225,49.998],[-100.673,49.9948],[-100.6391,49.9786],[-100.6216,49.9609],[-100.6204,49.9416],[-100.6324,49.9258],[-100.6575,49.9134],[-100.695,49.9068],[-100.745,49.906],[-100.79,49.8928],[-100.83,49.8671],[-100.8641,49.8608],[-100.8922,49.8739],[-100.8847,49.9062]],[[-100.8752,49.9026],[-100.8317,49.9468],[-100.775,49.9723],[-100.705,49.9789],[-100.66,49.9776],[-100.64,49.9683],[-100.6304,49.9558],[-100.6311,49.9399],[-100.6411,49.9273],[-100.6604,49.9181],[-100.7,49.9125],[-100.76,49.9105],[-100.805,49.8974],[-100.835,49.8732],[-100.8617,49.8659],[-100.8852,49.8756],[-100.8752,49.9026]]]}},{"type":"Feature","properties":{"c":"#00ff00","v0":0.002,"v1":0.003},"geometry":{"type":"Polygon","coordinates":[[[-111.1999,49.9267],[-111.1933,49.9419],[-111.175,49.9543],[-111.145,49.9638],[-111.105,49.965],[-111.055,49.9578],[-111.021,49.9422],[-111.003,49.9182],[-110.998,49.9023],[-111.006,49.8946],[-111.04,49.8869],[-111.1,49.8794],[-111.1483,49.8865],[-111.1849,49.9082],[-111.1999,49.9267]],[[-111.1931,49.9255],[-111.1877,49.9384],[-111.1713,49.9491],[-111.1438,49.9576],[-111.11,49.959],[-111.07,49.9532],[-111.0391,49.9393],[-111.0172,49.9172],[-111.0372,49.9],[-111.0991,49.8875],[-111.1465,49.8907],[-111.1794,49.9096],[-111.1931,49.9255]]]}},{"type":"Feature","properties":{"c":"#00ff00","v0":0.002,"v1":0.003},"geometry":{"type":"Polygon","coordinates":[[[-102.3359,49.9255],[-102.3292,49.9384],[-102.3168,49.9463],[-102.2989,49.9491],[-102.2808,49.9395],[-102.2625,49.9173],[-102.2625,49.9021],[-102.2808,49.894],[-102.3023,49.8972],[-102.327,49.9118],[-102.3359,49.9255]],[[-102.3167,49.9245],[-102.2989,49.9352],[-102.285,49.932],[-102.2749,49.9148],[-102.2749,49.9046],[-102.285,49.9014],[-102.2989,49.9047],[-102.3167,49.9143],[-102.3167,49.9245]]]}},{"type":"Feature","properties":{"c":"#00ff00","v0":0.002,"v1":0.003},"geometry":{"type":"Polygon","coordinates":[[[-92.6566,49.9381],[-92.6389,49.9503],[-92.6213,49.9503],[-92.6038,49.9381],[-92.6038,49.9268],[-92.6213,49.9164],[-92.6389,49.9164],[-92.6566,49.9268],[-92.6566,49.9381]],[[-92.6474,49.9361],[-92.6358,49.9445],[-92.6243,49.9445],[-92.613,49.9361],[-92.613,49.9288],[-92.6243,49.9224],[-92.6358,49.9224],[-92.6474,49.9288],[-92.6474,49.9361]]]}},{"type":"Feature","properties":{"c":"#00ff00","v0":0.002,"v1":0.003},"geometry":{"type":"Polygon","coordinates":[[[-111.3126,49.874],[-111.3067,49.8869],[-111.2953,49.8952],[-111.2784,49.8991],[-111.2594,49.8927],[-111.2381,49.8759],[-111.2381,49.8611],[-111.2594,49.8482],[-111.2814,49.8482],[-111.3042,49.8611],[-111.3126,49.874]],[[-111.2949,49.874],[-111.2783,49.887],[-111.262,49.887],[-111.246,49.874],[-111.246,49.8627],[-111.262,49.8531],[-111.2783,49.8531],[-111.2949,49.8627],[-111.2949,49.874]]]}},{"type":"Feature","properties":{"c":"#00ff00","v0":0.002,"v1":0.003},"geometry":{"type":"Polygon","coordinates":[[[-113.2687,49.8707],[-113.2566,49.8772],[-113.2504,49.8768],[-113.2501,49.8694],[-113.2562,49.8662],[-113.2686,49.8671],[-113.2687,49.8707]]]}},{"type":"Feature","properties":{"c":"#00ff00","v0":0.002,"v1":0.003},"geometry":{"type":"Polygon","coordinates":[[[-101.4232,49.8241],[-101.3877,49.8405],[-101.3616,49.8437],[-101.3447,49.8338],[-101.336,49.8192],[-101.3355,49.7998],[-101.3489,49.7863],[-101.3763,49.7787],[-101.3996,49.7787],[-101.4189,49.7863],[-101.4316,49.7966],[-101.4378,49.8095],[-101.4232,49.8241]],[[-101.4168,49.8222],[-101.3856,49.8347],[-101.3619,49.8315],[-101.3458,49.8125],[-101.3408,49.7986],[-101.3469,49.7897],[-101.36,49.7839],[-101.38,49.7812],[-101.4006,49.7888],[-101.4218,49.8069],[-101.4168,49.8222]]]}},{"type":"Feature","properties":{"c":"#00ff00","v0":0.002,"v1":0.003},"geometry":{"type":"Polygon","coordinates":[[[-100.8262,49.8114],[-100.8021,49.8281],[-100.78,49.8366],[-100.76,49.8369],[-100.7432,49.8317],[-100.7296,49.8212],[-100.7396,49.8078],[-100.7732,49.7915],[-100.8,49.7845],[-100.82,49.787],[-100.8321,49.7919],[-100.8362,49.7993],[-100.8262,49.8114]],[[-100.8098,49.8095],[-100.7911,49.8224],[-100.7708,49.8256],[-100.749,49.8192],[-100.7461,49.8113],[-100.762,49.8019],[-100.7823,49.7987],[-100.8069,49.8016],[-100.8098,49.8095]]]}},{"type":"Feature","properties":{"c":"#00ff00","v0":0.002,"v1":0.003},"geometry":{"type":"Polygon","coordinates":[[[-101.2074,49.7574],[-101.1825,49.7695],[-101.1605,49.7695],[-101.1414,49.7574],[-101.1414,49.7452],[-101.1605,49.7328],[-101.1825,49.7328],[-101.2074,49.7452],[-101.2074,49.7574]],[[-101.1962,49.7555],[-101.1787,49.7639],[-101.1634,49.7639],[-101.1501,49.7555],[-101.1501,49.747],[-101.1634,49.7384],[-101.1787,49.7384],[-101.1962,49.747],[-101.1962,49.7555]]]}},{"type":"Feature","properties":{"c":"#00ff00","v0":0.002,"v1":0.003},"geometry":{"type":"Polygon","coordinates":[[[-93.0803,49.7527],[-93.0601,49.7554],[-93.0481,49.7522],[-93.0442,49.743],[-93.0492,49.7364],[-93.0631,49.7322],[-93.0751,49.7354],[-93.0853,49.7461],[-93.0803,49.7527]]]}},{"type":"Feature","properties":{"c":"#00ff00","v0":0.002,"v1":0.003},"geometry":{"type":"Polygon","coordinates":[[[-67.3497,49.7545],[-67.3366,49.7609],[-67.3195,49.7609],[-67.2984,49.7545],[-67.2934,49.7476],[-67.3045,49.7401],[-67.3216,49.7401],[-67.3447,49.7476],[-67.3497,49.7545]]]}},{"type":"Feature","properties":{"c":"#00ff00","v0":0.002,"v1":0.003},"geometry":{"type":"Polygon","coordinates":[[[-100.8223,49.6567],[-100.7874,49.6742],[-100.757,49.6775],[-100.731,49.6664],[-100.731,49.6433],[-100.757,49.6084],[-100.7815,49.5922],[-100.8045,49.5947],[-100.8219,49.609],[-100.8338,49.6349],[-100.8223,49.6567]],[[-100.81,49.6541],[-100.7833,49.6666],[-100.7616,49.6698],[-100.7447,49.6638],[-100.7497,49.6463],[-100.7766,49.6174],[-100.7983,49.6141],[-100.815,49.6366],[-100.81,49.6541]]]}},{"type":"Feature","properties":{"c":"#00ff00","v0":0.002,"v1":0.003},"geometry":{"type":"Polygon","coordinates":[[[-124.0475,49.3654],[-124.0119,49.3979],[-123.973,49.4258],[-123.931,49.449],[-123.9068,49.4588],[-123.9003,49.4551],[-123.9203,49.422],[-123.9668,49.3597],[-124.0,49.3284],[-124.02,49.3283],[-124.0388,49.3335],[-124.0565,49.3439],[-124.0475,49.3654]],[[-124.0528,49.3529],[-124.0509,49.3604],[-124.0383,49.3669],[-124.0149,49.3724],[-123.9999,49.383],[-123.9933,49.3987],[-123.9794,49.4085],[-123.9581,49.4123],[-123.9467,49.4077],[-123.9452,49.3947],[-123.9552,49.3849],[-123.9767,49.3784],[-123.9893,49.3654],[-123.9931,49.3458],[-124.0097,49.3393],[-124.0391,49.3458],[-124.0528,49.3529]]]}},{"type":"Feature","properties":{"c":"#00ff00","v0":0.002,"v1":0.003},"geometry":{"type":"Polygon","coordinates":[[[-122.8577,49.2901],[-122.8392,49.3025],[-122.8184,49.3025],[-122.7953,49.2901],[-122.7953,49.2764],[-122.8184,49.2615],[-122.8392,49.2615],[-122.8577,49.2764],[-122.8577,49.2901]],[[-122.8506,49.2885],[-122.8369,49.2979],[-122.821,49.2979],[-122.8029,49.2885],[-122.8029,49.2781],[-122.821,49.2665],[-122.8369,49.2665],[-122.8506,49.2781],[-122.8506,49.2885]]]}},{"type":"Feature","properties":{"c":"#00ff00","v0":0.002,"v1":0.003},"geometry":{"type":"Polygon","coordinates":[[[-122.3738,49.2358],[-122.3579,49.2441],[-122.3404,49.2441],[-122.3211,49.2358],[-122.3211,49.2253],[-122.3404,49.2126],[-122.3579,49.2126],[-122.3738,49.2253],[-122.3738,49.2358]],[[-122.3574,49.2323],[-122.3391,49.2337],[-122.3302,49.2304],[-122.3307,49.2225],[-122.3387,49.2186],[-122.3542,49.2186],[-122.3631,49.2219],[-122.3654,49.2284],[-122.3574,49.2323]]]}},{"type":"Feature","properties":{"c":"#00ff00","v0":0.002,"v1":0.003},"geometry":{"type":"Polygon","coordinates":[[[-122.1419,49.1663],[-122.1232,49.1663],[-122.1179,49.1626],[-122.126,49.155],[-122.1353,49.155],[-122.1459,49.1626],[-122.1419,49.1663]]]}},{"type":"Feature","properties":{"c":"#00ff00","v0":0.002,"v1":0.003},"geometry":{"type":"Polygon","coordinates":[[[-72.1833,48.9599],[-72.1832,48.9665],[-72.1766,48.9698],[-72.1637,48.9698],[-72.1572,48.9665],[-72.1572,48.9599],[-72.1637,48.9566],[-72.1768,48.9566],[-72.1833,48.9599]]]}},{"type":"Feature","properties":{"c":"#00ff00","v0":0.002,"v1":0.003},"geometry":{"type":"Polygon","coordinates":[[[-70.9222,48.8304],[-70.9141,48.8408],[-70.9019,48.8441],[-70.8856,48.8402],[-70.8806,48.8312],[-70.8869,48.8169],[-70.8991,48.8136],[-70.9172,48.8213],[-70.9222,48.8304]]]}},{"type":"Feature","properties":{"c":"#00ff00","v0":0.002,"v1":0.003},"geometry":{"type":"Polygon","coordinates":[[[-72.2345,48.827],[-72.2182,48.8307],[-72.2074,48.8274],[-72.2023,48.8171],[-72.2073,48.8103],[-72.2224,48.8069],[-72.2332,48.8102],[-72.2395,48.8201],[-72.2345,48.827]]]}},{"type":"Feature","properties":{"c":"#00ff00","v0":0.002,"v1":0.003},"geometry":{"type":"Polygon","coordinates":[[[-122.3725,48.6715],[-122.3575,48.6808],[-122.3414,48.6808],[-122.3242,48.6715],[-122.3242,48.661],[-122.3414,48.6493],[-122.3575,48.6493],[-122.3725,48.661],[-122.3725,48.6715]],[[-122.3534,48.6668],[-122.3376,48.6668],[-122.3347,48.6633],[-122.3449,48.6562],[-122.3528,48.6562],[-122.3585,48.6633],[-122.3534,48.6668]]]}},{"type":"Feature","properties":{"c":"#00ff00","v0":0.002,"v1":0.003},"geometry":{"type":"Polygon","coordinates":[[[-71.5334,48.6827],[-71.5178,48.6879],[-71.5081,48.6846],[-71.5044,48.6728],[-71.5094,48.6657],[-71.5231,48.6633],[-71.5328,48.6666],[-71.5384,48.6756],[-71.5334,48.6827]]]}},{"type":"Feature","properties":{"c":"#00ff00","v0":0.002,"v1":0.003},"geometry":{"type":"Polygon","coordinates":[[[-71.335,48.5646],[-71.3183,48.5717],[-71.3049,48.5684],[-71.2948,48.5547],[-71.2998,48.5462],[-71.3199,48.543],[-71.3333,48.5463],[-71.34,48.5562],[-71.335,48.5646]]]}},{"type":"Feature","properties":{"c":"#00ff00","v0":0.002,"v1":0.003},"geometry":{"type":"Polygon","coordinates":[[[-77.8102,48.5537],[-77.7834,48.5654],[-77.7623,48.5654],[-77.7468,48.5537],[-77.7418,48.5427],[-77.7473,48.5326],[-77.76,48.5251],[-77.78,48.5202],[-77.7984,48.5253],[-77.8152,48.5403],[-77.8102,48.5537]],[[-77.8009,48.5521],[-77.7803,48.5605],[-77.7648,48.5605],[-77.7543,48.5521],[-77.7593,48.542],[-77.7798,48.5305],[-77.7953,48.5305],[-77.8059,48.542],[-77.8009,48.5521]]]}},{"type":"Feature","properties":{"c":"#00ff00","v0":0.002,"v1":0.003},"geometry":{"type":"Polygon","coordinates":[[[-71.6895,48.4603],[-71.6765,48.4709],[-71.6632,48.4742],[-71.6495,48.4703],[-71.6475,48.4617],[-71.6572,48.4484],[-71.6553,48.4351],[-71.6419,48.4219],[-71.6389,48.4096],[-71.6463,48.3982],[-71.6586,48.3949],[-71.6757,48.3996],[-71.6818,48.4119],[-71.6769,48.4318],[-71.6798,48.4451],[-71.6906,48.4517],[-71.6895,48.4603]]]}},{"type":"Feature","properties":{"c":"#00ff00","v0":0.002,"v1":0.003},"geometry":{"type":"Polygon","coordinates":[[[-67.8264,48.4177],[-67.8155,48.4227],[-67.8006,48.4194],[-67.7817,48.4078],[-67.7817,48.3983],[-67.8006,48.3911],[-67.8155,48.3944],[-67.8264,48.4083],[-67.8264,48.4177]]]}},{"type":"Feature","properties":{"c":"#00ff00","v0":0.002,"v1":0.003},"geometry":{"type":"Polygon","coordinates":[[[-71.1764,48.3658],[-71.1721,48.3733],[-71.1629,48.3733],[-71.1486,48.3658],[-71.1507,48.3621],[-71.1693,48.3621],[-71.1764,48.3658]]]}},{"type":"Feature","properties":{"c":"#00ff00","v0":0.002,"v1":0.003},"geometry":{"type":"Polygon","coordinates":[[[-71.4758,48.3146],[-71.4586,48.3261],[-71.4427,48.3261],[-71.4282,48.3146],[-71.4282,48.3041],[-71.4427,48.2944],[-71.4586,48.2944],[-71.4758,48.3041],[-71.4758,48.3146]],[[-71.4659,48.3124],[-71.4553,48.3195],[-71.4467,48.3195],[-71.4402,48.3124],[-71.4455,48.3089],[-71.4626,48.3089],[-71.4659,48.3124]]]}},{"type":"Feature","properties":{"c":"#00ff00","v0":0.002,"v1":0.003},"geometry":{"type":"Polygon","coordinates":[[[-71.0547,47.9299],[-71.0382,47.9463],[-71.0194,47.9497],[-70.9981,47.9399],[-70.9856,47.9284],[-70.9817,47.915],[-70.9923,47.9035],[-71.0174,47.8938],[-71.0382,47.8972],[-71.0547,47.9135],[-71.0547,47.9299]],[[-71.04,47.9255],[-71.02,47.9331],[-71.0064,47.9297],[-70.9991,47.9154],[-71.0041,47.9061],[-71.0214,47.9018],[-71.035,47.9051],[-71.045,47.9162],[-71.04,47.9255]]]}},{"type":"Feature","properties":{"c":"#00ff00","v0":0.002,"v1":0.003},"geometry":{"type":"Polygon","coordinates":[[[-72.4379,47.8977],[-72.4193,47.9035],[-72.4057,47.9002],[-72.3971,47.8877],[-72.4021,47.8785],[-72.4207,47.8728],[-72.4343,47.8761],[-72.4429,47.8886],[-72.4379,47.8977]],[[-72.4273,47.8954],[-72.4158,47.8964],[-72.4092,47.8931],[-72.4077,47.8853],[-72.4127,47.8809],[-72.4242,47.8799],[-72.4308,47.8832],[-72.4323,47.891],[-72.4273,47.8954]]]}},{"type":"Feature","properties":{"c":"#00ff00","v0":0.002,"v1":0.003},"geometry":{"type":"Polygon","coordinates":[[[-72.2338,46.5132],[-72.2313,46.5218],[-72.2237,46.5252],[-72.2112,46.5235],[-72.2062,46.5183],[-72.2087,46.5096],[-72.2163,46.5062],[-72.2288,46.508],[-72.2338,46.5132]]]}},{"type":"Feature","properties":{"c":"#00ff00","v0":0.002,"v1":0.003},"geometry":{"type":"Polygon","coordinates":[[[-71.2969,46.4988],[-71.279,46.5064],[-71.2619,46.503],[-71.2456,46.4885],[-71.2506,46.4783],[-71.2769,46.4724],[-71.294,46.4758],[-71.3019,46.4886],[-71.2969,46.4988]],[[-71.2872,46.4968],[-71.2757,46.5002],[-71.2653,46.4967],[-71.256,46.4864],[-71.261,46.4807],[-71.2803,46.4796],[-71.2907,46.4831],[-71.2922,46.4911],[-71.2872,46.4968]]]}},{"type":"Feature","properties":{"c":"#00ff00","v0":0.002,"v1":0.003},"geometry":{"type":"Polygon","coordinates":[[[-71.1633,46.3073],[-71.1411,46.3181],[-71.1246,46.3147],[-71.1138,46.297],[-71.1188,46.2846],[-71.1396,46.2776],[-71.1561,46.281],[-71.1683,46.295],[-71.1633,46.3073]],[[-71.1548,46.3052],[-71.1383,46.3117],[-71.1277,46.3083],[-71.123,46.2948],[-71.128,46.2866],[-71.1427,46.2835],[-71.1533,46.287],[-71.1598,46.297],[-71.1548,46.3052]]]}},{"type":"Feature","properties":{"c":"#00ff00","v0":0.002,"v1":0.003},"geometry":{"type":"Polygon","coordinates":[[[-80.6982,45.8618],[-80.6927,45.8694],[-80.6756,45.8728],[-80.6468,45.8722],[-80.6242,45.8684],[-80.6076,45.8615],[-80.5961,45.8475],[-80.5897,45.8266],[-80.5624,45.8155],[-80.5141,45.814],[-80.4845,45.807],[-80.4736,45.7945],[-80.4712,45.7813],[-80.4773,45.7674],[-80.5027,45.7635],[-80.5476,45.7696],[-80.59,45.79],[-80.63,45.8246],[-80.6627,45.8459],[-80.6882,45.8539],[-80.6982,45.8618]],[[-80.5498,45.7936],[-80.5233,45.8043],[-80.5022,45.8043],[-80.4866,45.7936],[-80.4866,45.7821],[-80.5022,45.7698],[-80.5233,45.7698],[-80.5498,45.7821],[-80.5498,45.7936]]]}},{"type":"Feature","properties":{"c":"#00ff00","v0":0.002,"v1":0.003},"geometry":{"type":"Polygon","coordinates":[[[-73.9462,45.7361],[-73.9354,45.7434],[-73.92,45.7412],[-73.9,45.7297],[-73.88,45.7255],[-73.86,45.7289],[-73.8437,45.7206],[-73.8312,45.7006],[-73.8362,45.6882],[-73.8587,45.6833],[-73.8904,45.6938],[-73.9312,45.7196],[-73.9462,45.7361]]]}},{"type":"Feature","properties":{"c":"#00ff00","v0":0.002,"v1":0.003},"geometry":{"type":"Polygon","coordinates":[[[-63.6978,45.0906],[-63.6926,45.0988],[-63.6824,45.0988],[-63.6672,45.0906],[-63.6622,45.0829],[-63.6674,45.0757],[-63.6776,45.0757],[-63.6928,45.0829],[-63.6978,45.0906]]]}},{"type":"Feature","properties":{"c":"#00ff00","v0":0.002,"v1":0.003},"geometry":{"type":"Polygon","coordinates":[[[-76.129,45.0472],[-76.103,45.0531],[-76.0799,45.0461],[-76.0597,45.026],[-76.0647,45.014],[-76.0949,45.0103],[-76.118,45.0173],[-76.134,45.0352],[-76.129,45.0472]],[[-76.117,45.0344],[-76.1123,45.043],[-76.1006,45.043],[-76.0817,45.0344],[-76.0767,45.0261],[-76.0856,45.0184],[-76.0973,45.0184],[-76.112,45.0261],[-76.117,45.0344]]]}},{"type":"Feature","properties":{"c":"#00ff00","v0":0.002,"v1":0.003},"geometry":{"type":"Polygon","coordinates":[[[-93.7762,44.908],[-93.7721,44.9186],[-93.7626,44.9222],[-93.7478,44.9186],[-93.7428,44.9109],[-93.7476,44.8989],[-93.7571,44.8954],[-93.7712,44.9002],[-93.7762,44.908]]]}},{"type":"Feature","properties":{"c":"#00ff00","v0":0.002,"v1":0.003},"geometry":{"type":"Polygon","coordinates":[[[-64.3253,44.9078],[-64.3151,44.9181],[-64.3,44.9231],[-64.28,44.923],[-64.2608,44.9108],[-64.2424,44.8865],[-64.2474,44.8712],[-64.2758,44.865],[-64.3001,44.8721],[-64.3203,44.8925],[-64.3253,44.9078]],[[-64.3076,44.9056],[-64.2825,44.9114],[-64.2638,44.9043],[-64.2514,44.8843],[-64.2564,44.8729],[-64.2788,44.8701],[-64.2975,44.8772],[-64.3126,44.8942],[-64.3076,44.9056]]]}},{"type":"Feature","properties":{"c":"#00ff00","v0":0.002,"v1":0.003},"geometry":{"type":"Polygon","coordinates":[[[-75.7419,44.8658],[-75.734,44.877],[-75.718,44.8806],[-75.6939,44.8764],[-75.6889,44.8657],[-75.703,44.8483],[-75.719,44.8448],[-75.7369,44.855],[-75.7419,44.8658]],[[-75.727,44.8644],[-75.7157,44.8728],[-75.7062,44.8728],[-75.6987,44.8644],[-75.7043,44.8602],[-75.7232,44.8602],[-75.727,44.8644]]]}},{"type":"Feature","properties":{"c":"#00ff00","v0":0.002,"v1":0.003},"geometry":{"type":"Polygon","coordinates":[[[-70.052,44.3066],[-70.0373,44.3105],[-70.0251,44.307],[-70.0154,44.2958],[-70.0204,44.287],[-70.0401,44.2804],[-70.0523,44.284],[-70.057,44.2977],[-70.052,44.3066]]]}},{"type":"Feature","properties":{"c":"#00ff00","v0":0.002,"v1":0.003},"geometry":{"type":"Polygon","coordinates":[[[-71.196,44.27],[-71.1787,44.2866],[-71.159,44.2902],[-71.1369,44.2807],[-71.1369,44.2661],[-71.159,44.2464],[-71.1787,44.2429],[-71.196,44.2554],[-71.196,44.27]],[[-71.1863,44.2671],[-71.1754,44.2781],[-71.1638,44.2816],[-71.1513,44.2778],[-71.1513,44.2688],[-71.1638,44.2546],[-71.1754,44.251],[-71.1863,44.2581],[-71.1863,44.2671]]]}},{"type":"Feature","properties":{"c":"#00ff00","v0":0.002,"v1":0.003},"geometry":{"type":"Polygon","coordinates":[[[-70.1091,44.2007],[-70.0759,44.2222],[-70.0638,44.2186],[-70.0729,44.1899],[-70.0856,44.1738],[-70.1019,44.1702],[-70.1139,44.1738],[-70.1217,44.1846],[-70.1091,44.2007]]]}},{"type":"Feature","properties":{"c":"#00ff00","v0":0.002,"v1":0.003},"geometry":{"type":"Polygon","coordinates":[[[-61.5094,44.1666],[-61.4965,44.1773],[-61.4799,44.1773],[-61.4598,44.1666],[-61.4598,44.1552],[-61.4799,44.143],[-61.4965,44.143],[-61.5094,44.1552],[-61.5094,44.1666]],[[-61.49,44.1613],[-61.4744,44.1613],[-61.4724,44.158],[-61.4841,44.1515],[-61.4919,44.1515],[-61.4958,44.158],[-61.49,44.1613]]]}},{"type":"Feature","properties":{"c":"#00ff00","v0":0.002,"v1":0.003},"geometry":{"type":"Polygon","coordinates":[[[-68.1699,44.0948],[-68.1433,44.1055],[-68.135,44.0994],[-68.145,44.0764],[-68.155,44.0643],[-68.165,44.0629],[-68.1733,44.0691],[-68.1799,44.0827],[-68.1699,44.0948]]]}},{"type":"Feature","properties":{"c":"#00ff00","v0":0.002,"v1":0.003},"geometry":{"type":"Polygon","coordinates":[[[-72.8369,44.091],[-72.819,44.0941],[-72.795,44.0902],[-72.765,44.0792],[-72.7469,44.0669],[-72.7408,44.0532],[-72.7648,44.0571],[-72.8188,44.0787],[-72.8369,44.091]]]}},{"type":"Feature","properties":{"c":"#00ff00","v0":0.002,"v1":0.003},"geometry":{"type":"Polygon","coordinates":[[[-79.605,43.9703],[-79.595,43.9908],[-79.575,44.0021],[-79.545,44.004],[-79.5222,44.001],[-79.5065,43.9929],[-79.4944,43.978],[-79.4859,43.9564],[-79.5038,43.9355],[-79.5479,43.9154],[-79.58,43.919],[-79.6,43.9463],[-79.605,43.9703]],[[-79.5929,43.9572],[-79.5776,43.9802],[-79.56,43.9906],[-79.54,43.9882],[-79.5239,43.9803],[-79.5116,43.9668],[-79.5166,43.9484],[-79.5389,43.9251],[-79.5626,43.9215],[-79.5879,43.9376],[-79.5929,43.9572]]]}},{"type":"Feature","properties":{"c":"#00ff00","v0":0.002,"v1":0.003},"geometry":{"type":"Polygon","coordinates":[[[-73.3797,43.8477],[-73.3732,43.8537],[-73.3627,43.8537],[-73.348,43.8477],[-73.3513,43.8447],[-73.3724,43.8447],[-73.3797,43.8477]]]}},{"type":"Feature","properties":{"c":"#00ff00","v0":0.002,"v1":0.003},"geometry":{"type":"Polygon","coordinates":[[[-75.629,43.8188],[-75.6163,43.8247],[-75.6065,43.8247],[-75.5995,43.8188],[-75.5995,43.8116],[-75.6065,43.803],[-75.6163,43.803],[-75.629,43.8116],[-75.629,43.8188]]]}},{"type":"Feature","properties":{"c":"#00ff00","v0":0.002,"v1":0.003},"geometry":{"type":"Polygon","coordinates":[[[-70.0388,43.7545],[-69.9925,43.7762],[-69.9646,43.7955],[-69.9549,43.8126],[-69.94,43.8206],[-69.92,43.8197],[-69.925,43.7947],[-69.955,43.7457],[-69.993,43.7268],[-70.0389,43.7381],[-70.0388,43.7545]]]}},{"type":"Feature","properties":{"c":"#00ff00","v0":0.002,"v1":0.003},"geometry":{"type":"Polygon","coordinates":[[[-69.77,43.8084],[-69.7567,43.8223],[-69.7439,43.8259],[-69.7316,43.8192],[-69.7252,43.8087],[-69.7247,43.7942],[-69.7323,43.7834],[-69.748,43.7762],[-69.7611,43.7798],[-69.7715,43.7942],[-69.77,43.8084]]]}},{"type":"Feature","properties":{"c":"#00ff00","v0":0.002,"v1":0.003},"geometry":{"type":"Polygon","coordinates":[[[-79.4057,43.7355],[-79.3819,43.7481],[-79.3626,43.7481],[-79.3477,43.7355],[-79.3527,43.7233],[-79.3776,43.7114],[-79.3969,43.7114],[-79.4107,43.7233],[-79.4057,43.7355]],[[-79.3935,43.7331],[-79.3778,43.7409],[-79.3665,43.7409],[-79.3595,43.7331],[-79.3645,43.7259],[-79.3815,43.7194],[-79.3928,43.7194],[-79.3985,43.7259],[-79.3935,43.7331]]]}},{"type":"Feature","properties":{"c":"#00ff00","v0":0.002,"v1":0.003},"geometry":{"type":"Polygon","coordinates":[[[-81.1258,43.7075],[-81.1153,43.7217],[-81.0972,43.7254],[-81.0717,43.7183],[-81.0667,43.7056],[-81.0822,43.6874],[-81.1003,43.6838],[-81.1208,43.6948],[-81.1258,43.7075]],[[-81.1174,43.7053],[-81.1125,43.7152],[-81.1005,43.7188],[-81.0815,43.7161],[-81.0765,43.7078],[-81.0855,43.6938],[-81.0975,43.6902],[-81.1124,43.6969],[-81.1174,43.7053]]]}},{"type":"Feature","properties":{"c":"#00ff00","v0":0.002,"v1":0.003},"geometry":{"type":"Polygon","coordinates":[[[-96.9055,43.6504],[-96.8818,43.6662],[-96.8607,43.6698],[-96.8421,43.6612],[-96.8299,43.6497],[-96.824,43.6352],[-96.8333,43.6217],[-96.8578,43.6092],[-96.8788,43.6056],[-96.8963,43.6108],[-96.9082,43.6207],[-96.9143,43.6352],[-96.9055,43.6504]],[[-96.8977,43.6486],[-96.8792,43.6608],[-96.8609,43.6572],[-96.8428,43.6377],[-96.8428,43.6236],[-96.8609,43.615],[-96.8792,43.6186],[-96.8977,43.6345],[-96.8977,43.6486]]]}},{"type":"Feature","properties":{"c":"#00ff00","v0":0.002,"v1":0.003},"geometry":{"type":"Polygon","coordinates":[[[-70.1759,43.6737],[-70.1586,43.6783],[-70.135,43.6677],[-70.105,43.6419],[-70.0916,43.6251],[-70.0948,43.6174],[-70.1124,43.6135],[-70.1443,43.6135],[-70.1664,43.628],[-70.1785,43.6569],[-70.1759,43.6737]]]}},{"type":"Feature","properties":{"c":"#00ff00","v0":0.002,"v1":0.003},"geometry":{"type":"Polygon","coordinates":[[[-69.8018,43.6326],[-69.7806,43.6418],[-69.764,43.6418],[-69.752,43.6326],[-69.757,43.6191],[-69.779,43.6013],[-69.7956,43.6013],[-69.8068,43.6191],[-69.8018,43.6326]]]}},{"type":"Feature","properties":{"c":"#00ff00","v0":0.002,"v1":0.003},"geometry":{"type":"Polygon","coordinates":[[[-70.7524,43.5885],[-70.7508,43.5966],[-70.7409,43.6002],[-70.7227,43.5994],[-70.7177,43.5938],[-70.7259,43.5835],[-70.7358,43.5799],[-70.7474,43.583],[-70.7524,43.5885]]]}},{"type":"Feature","properties":{"c":"#00ff00","v0":0.002,"v1":0.003},"geometry":{"type":"Polygon","coordinates":[[[-69.7319,43.5564],[-69.664,43.5871],[-69.6087,43.5835],[-69.5662,43.5455],[-69.5662,43.5187],[-69.6087,43.503],[-69.655,43.4931],[-69.705,43.489],[-69.739,43.5004],[-69.7569,43.5275],[-69.7319,43.5564]],[[-69.7126,43.5431],[-69.6842,43.5474],[-69.6629,43.5438],[-69.6486,43.5323],[-69.6586,43.5243],[-69.6929,43.52],[-69.7142,43.5236],[-69.7226,43.5352],[-69.7126,43.5431]]]}},{"type":"Feature","properties":{"c":"#00ff00","v0":0.002,"v1":0.003},"geometry":{"type":"Polygon","coordinates":[[[-70.9302,43.5302],[-70.9139,43.5374],[-70.9003,43.5338],[-70.8896,43.5193],[-70.8957,43.5109],[-70.9186,43.5087],[-70.9321,43.5124],[-70.9363,43.5218],[-70.9302,43.5302]]]}},{"type":"Feature","properties":{"c":"#00ff00","v0":0.002,"v1":0.003},"geometry":{"type":"Polygon","coordinates":[[[-96.8686,43.4767],[-96.8429,43.4931],[-96.8213,43.4967],[-96.8039,43.4876],[-96.8089,43.4725],[-96.8363,43.4516],[-96.8579,43.4479],[-96.8736,43.4616],[-96.8686,43.4767]],[[-96.8554,43.4721],[-96.8336,43.4794],[-96.8277,43.4757],[-96.8376,43.4612],[-96.8484,43.4576],[-96.8603,43.4649],[-96.8554,43.4721]]]}},{"type":"Feature","properties":{"c":"#00ff00","v0":0.002,"v1":0.003},"geometry":{"type":"Polygon","coordinates":[[[-96.7488,43.4498],[-96.7229,43.4706],[-96.69,43.4817],[-96.65,43.4833],[-96.6269,43.4729],[-96.6208,43.4506],[-96.6256,43.4213],[-96.6413,43.385],[-96.6773,43.385],[-96.7335,43.4213],[-96.7488,43.4498]],[[-96.6995,43.4591],[-96.6798,43.4693],[-96.6614,43.473],[-96.6442,43.47],[-96.6442,43.4514],[-96.6614,43.4171],[-96.6798,43.4135],[-96.6995,43.4405],[-96.6995,43.4591]]]}},{"type":"Feature","properties":{"c":"#00ff00","v0":0.002,"v1":0.003},"geometry":{"type":"Polygon","coordinates":[[[-71.1478,43.4497],[-71.1359,43.4703],[-71.12,43.4846],[-71.1,43.4926],[-71.095,43.4802],[-71.105,43.4474],[-71.12,43.4288],[-71.14,43.4246],[-71.1509,43.4267],[-71.1528,43.4352],[-71.1478,43.4497]]]}},{"type":"Feature","properties":{"c":"#00ff00","v0":0.002,"v1":0.003},"geometry":{"type":"Polygon","coordinates":[[[-69.848,43.4467],[-69.8097,43.4612],[-69.7996,43.4612],[-69.8176,43.4467],[-69.8367,43.4395],[-69.857,43.4395],[-69.848,43.4467]]]}},{"type":"Feature","properties":{"c":"#00ff00","v0":0.002,"v1":0.003},"geometry":{"type":"Polygon","coordinates":[[[-70.2713,43.2176],[-70.2348,43.2394],[-70.2149,43.2592],[-70.2116,43.2768],[-70.1712,43.2986],[-70.0935,43.3247],[-70.041,43.3486],[-70.0136,43.3704],[-70.0028,43.3959],[-70.0085,43.4249],[-69.996,43.4391],[-69.9653,43.4383],[-69.9451,43.431],[-69.9353,43.4173],[-69.9334,43.3922],[-69.9394,43.3559],[-69.9493,43.3331],[-69.9631,43.3238],[-69.9859,43.3202],[-70.0176,43.3222],[-70.0166,43.305],[-69.983,43.2686],[-69.9914,43.2249],[-70.042,43.1738],[-70.093,43.1451],[-70.1443,43.1386],[-70.1999,43.1532],[-70.2597,43.1888],[-70.2713,43.2176]],[[-70.249,43.2109],[-70.2363,43.2195],[-70.22,43.22],[-70.2,43.2124],[-70.18,43.2153],[-70.16,43.2288],[-70.13,43.2332],[-70.09,43.2285],[-70.0684,43.2359],[-70.0651,43.2552],[-70.0705,43.2722],[-70.0847,43.2868],[-70.0863,43.2965],[-70.0754,43.3015],[-70.052,43.2905],[-70.016,43.2638],[-70.011,43.2338],[-70.037,43.2008],[-70.065,43.1765],[-70.095,43.1611],[-70.125,43.1541],[-70.155,43.1555],[-70.18,43.1669],[-70.2,43.1884],[-70.2213,43.201],[-70.244,43.2048],[-70.249,43.2109]],[[-70.0117,43.3558],[-69.9972,43.3629],[-69.9819,43.3629],[-69.9658,43.3558],[-69.9658,43.3477],[-69.9819,43.3386],[-69.9972,43.3386],[-70.0117,43.3477],[-70.0117,43.3558]]]}},{"type":"Feature","properties":{"c":"#00ff00","v0":0.002,"v1":0.003},"geometry":{"type":"Polygon","coordinates":[[[-96.5566,43.3981],[-96.5389,43.4024],[-96.5246,43.3988],[-96.5139,43.3872],[-96.5189,43.3805],[-96.5396,43.3789],[-96.5539,43.3826],[-96.5616,43.3914],[-96.5566,43.3981]]]}},{"type":"Feature","properties":{"c":"#00ff00","v0":0.002,"v1":0.003},"geometry":{"type":"Polygon","coordinates":[[[-81.4208,43.3721],[-81.4136,43.3826],[-81.395,43.3885],[-81.365,43.3897],[-81.3427,43.3844],[-81.3281,43.3727],[-81.322,43.3595],[-81.3245,43.345],[-81.3418,43.3354],[-81.3739,43.3309],[-81.3986,43.3382],[-81.4158,43.3573],[-81.4208,43.3721]],[[-81.3966,43.3704],[-81.3693,43.3777],[-81.3504,43.3741],[-81.3399,43.3595],[-81.3435,43.3481],[-81.3612,43.3399],[-81.3801,43.3435],[-81.4002,43.359],[-81.3966,43.3704]]]}},{"type":"Feature","properties":{"c":"#00ff00","v0":0.002,"v1":0.003},"geometry":{"type":"Polygon","coordinates":[[[-73.1733,43.2839],[-73.1578,43.2927],[-73.133,43.2927],[-73.0989,43.2839],[-73.0813,43.2758],[-73.0801,43.2686],[-73.0942,43.2613],[-73.1236,43.254],[-73.1489,43.2576],[-73.1703,43.2722],[-73.1733,43.2839]]]}},{"type":"Feature","properties":{"c":"#00ff00","v0":0.002,"v1":0.003},"geometry":{"type":"Polygon","coordinates":[[[-109.6785,43.2709],[-109.6595,43.2828],[-109.6434,43.2828],[-109.6303,43.2709],[-109.6303,43.2597],[-109.6434,43.2492],[-109.6595,43.2492],[-109.6785,43.2597],[-109.6785,43.2709]]]}},{"type":"Feature","properties":{"c":"#00ff00","v0":0.002,"v1":0.003},"geometry":{"type":"Polygon","coordinates":[[[-63.6072,43.2491],[-63.5824,43.2758],[-63.5516,43.2794],[-63.5149,43.26],[-63.4999,43.2436],[-63.5066,43.23],[-63.52,43.2199],[-63.54,43.2134],[-63.5674,43.2165],[-63.6022,43.2294],[-63.6072,43.2491]],[[-63.5919,43.2449],[-63.5773,43.2632],[-63.5546,43.2669],[-63.5237,43.2559],[-63.5187,43.2421],[-63.5396,43.2257],[-63.5623,43.222],[-63.5869,43.2312],[-63.5919,43.2449]]]}},{"type":"Feature","properties":{"c":"#00ff00","v0":0.002,"v1":0.003},"geometry":{"type":"Polygon","coordinates":[[[-73.4827,43.2103],[-73.4328,43.2467],[-73.398,43.2649],[-73.3783,43.2649],[-73.3602,43.2285],[-73.3437,43.1556],[-73.3481,43.1045],[-73.3735,43.0753],[-73.3925,43.0643],[-73.4049,43.0716],[-73.4099,43.0899],[-73.4073,43.1191],[-73.422,43.1368],[-73.454,43.143],[-73.4794,43.1575],[-73.4983,43.1806],[-73.4827,43.2103]],[[-73.4696,43.2041],[-73.4165,43.2282],[-73.3831,43.2246],[-73.3692,43.1932],[-73.3742,43.1708],[-73.3981,43.1576],[-73.4315,43.1612],[-73.4746,43.1818],[-73.4696,43.2041]]]}},{"type":"Feature","properties":{"c":"#00ff00","v0":0.002,"v1":0.003},"geometry":{"type":"Polygon","coordinates":[[[-63.7832,43.2241],[-63.7611,43.2299],[-63.7447,43.2262],[-63.7341,43.2132],[-63.7391,43.2035],[-63.7597,43.1973],[-63.7761,43.2009],[-63.7882,43.2145],[-63.7832,43.2241]]]}},{"type":"Feature","properties":{"c":"#00ff00","v0":0.002,"v1":0.003},"geometry":{"type":"Polygon","coordinates":[[[-69.5964,43.1372],[-69.5788,43.1443],[-69.5537,43.1334],[-69.5211,43.1044],[-69.5061,43.0782],[-69.5087,43.0548],[-69.52,43.0407],[-69.54,43.0358],[-69.5588,43.0365],[-69.5764,43.0429],[-69.5902,43.068],[-69.6002,43.1118],[-69.5964,43.1372]],[[-69.5671,43.0667],[-69.5557,43.0787],[-69.542,43.0787],[-69.5261,43.0667],[-69.5261,43.0568],[-69.542,43.049],[-69.5557,43.049],[-69.5671,43.0568],[-69.5671,43.0667]]]}},{"type":"Feature","properties":{"c":"#00ff00","v0":0.002,"v1":0.003},"geometry":{"type":"Polygon","coordinates":[[[-73.6445,43.1243],[-73.6348,43.1347],[-73.62,43.1398],[-73.6,43.1396],[-73.5831,43.1271],[-73.5692,43.1023],[-73.5792,43.0926],[-73.6131,43.0979],[-73.6348,43.1052],[-73.6445,43.1145],[-73.6445,43.1243]]]}},{"type":"Feature","properties":{"c":"#00ff00","v0":0.002,"v1":0.003},"geometry":{"type":"Polygon","coordinates":[[[-73.7084,43.038],[-73.6828,43.051],[-73.662,43.0473],[-73.646,43.027],[-73.651,43.013],[-73.677,43.0055],[-73.6978,43.0091],[-73.7134,43.024],[-73.7084,43.038]],[[-73.6973,43.0352],[-73.6791,43.0426],[-73.6647,43.0426],[-73.6541,43.0352],[-73.6541,43.0261],[-73.6647,43.0154],[-73.6791,43.0154],[-73.6973,43.0261],[-73.6973,43.0352]]]}},{"type":"Feature","properties":{"c":"#00ff00","v0":0.002,"v1":0.003},"geometry":{"type":"Polygon","coordinates":[[[-73.9691,42.9681],[-73.9164,42.9877],[-73.8822,42.995],[-73.8665,42.99],[-73.8539,42.9729],[-73.8443,42.9436],[-73.8222,42.9251],[-73.7874,42.9172],[-73.7553,42.8842],[-73.7259,42.8261],[-73.7309,42.7901],[-73.7703,42.7761],[-73.805,42.7743],[-73.835,42.7847],[-73.865,42.789],[-73.895,42.7872],[-73.9154,42.7927],[-73.9262,42.8054],[-73.9262,42.8274],[-73.9154,42.8587],[-73.9314,42.8953],[-73.9741,42.9373],[-73.9691,42.9681]],[[-73.9327,42.9517],[-73.9042,42.9679],[-73.885,42.9743],[-73.875,42.9708],[-73.8693,42.9591],[-73.8678,42.939],[-73.8428,42.9167],[-73.7943,42.892],[-73.7599,42.859],[-73.7398,42.8177],[-73.7448,42.7916],[-73.7749,42.7808],[-73.805,42.7827],[-73.835,42.7974],[-73.865,42.8033],[-73.895,42.8002],[-73.9075,42.8203],[-73.9024,42.8635],[-73.9116,42.8997],[-73.9351,42.929],[-73.9327,42.9517]]]}},{"type":"Feature","properties":{"c":"#00ff00","v0":0.002,"v1":0.003},"geometry":{"type":"Polygon","coordinates":[[[-73.4997,42.9494],[-73.4799,42.9609],[-73.4634,42.9609],[-73.4501,42.9494],[-73.4501,42.9369],[-73.4634,42.9235],[-73.4799,42.9235],[-73.4997,42.9369],[-73.4997,42.9494]],[[-73.4904,42.9466],[-73.4768,42.9525],[-73.4669,42.9525],[-73.4607,42.9466],[-73.4607,42.9393],[-73.4669,42.9305],[-73.4768,42.9305],[-73.4904,42.9393],[-73.4904,42.9466]]]}},{"type":"Feature","properties":{"c":"#00ff00","v0":0.002,"v1":0.003},"geometry":{"type":"Polygon","coordinates":[[[-73.8022,42.6575],[-73.7577,42.6722],[-73.7233,42.6942],[-73.6988,42.7236],[-73.671,42.7457],[-73.6397,42.7604],[-73.6338,42.7934],[-73.6531,42.8447],[-73.6546,42.887],[-73.6382,42.9201],[-73.6209,42.9347],[-73.6027,42.9309],[-73.5927,42.9183],[-73.5909,42.8969],[-73.57,42.8842],[-73.53,42.8804],[-73.5,42.8631],[-73.48,42.8325],[-73.46,42.8182],[-73.44,42.8204],[-73.4233,42.8153],[-73.41,42.8031],[-73.4018,42.786],[-73.3986,42.764],[-73.4193,42.7457],[-73.4637,42.731],[-73.4919,42.716],[-73.504,42.7006],[-73.5262,42.6896],[-73.5585,42.6829],[-73.5817,42.6575],[-73.5959,42.6133],[-73.6298,42.5765],[-73.6834,42.5471],[-73.7202,42.5289],[-73.7401,42.5222],[-73.7582,42.5222],[-73.7745,42.5289],[-73.7645,42.5452],[-73.7282,42.5711],[-73.7098,42.5932],[-73.7093,42.6115],[-73.7343,42.623],[-73.7848,42.6277],[-73.8136,42.635],[-73.8208,42.6451],[-73.8022,42.6575]],[[-73.6404,42.8626],[-73.6335,42.8764],[-73.62,42.8766],[-73.6,42.8634],[-73.575,42.8618],[-73.545,42.872],[-73.5214,42.8718],[-73.5043,42.8611],[-73.4949,42.8484],[-73.4933,42.8337],[-73.5019,42.8181],[-73.5206,42.8015],[-73.55,42.7941],[-73.59,42.7958],[-73.6163,42.8004],[-73.6288,42.808],[-73.6373,42.8227],[-73.6417,42.8447],[-73.6404,42.8626]],[[-73.7599,42.655],[-73.7266,42.6648],[-73.6906,42.6868],[-73.6518,42.7212],[-73.6051,42.742],[-73.5506,42.7493],[-73.505,42.7678],[-73.4683,42.7974],[-73.4417,42.8084],[-73.425,42.8008],[-73.4152,42.786],[-73.4121,42.764],[-73.4304,42.7493],[-73.4701,42.742],[-73.5,42.7281],[-73.52,42.7078],[-73.545,42.6949],[-73.575,42.6894],[-73.594,42.6665],[-73.6019,42.6262],[-73.6119,42.6016],[-73.624,42.5929],[-73.6404,42.5856],[-73.6611,42.5795],[-73.6761,42.5909],[-73.6854,42.6196],[-73.7116,42.638],[-73.7549,42.6461],[-73.7599,42.655]]]}},{"type":"Feature","properties":{"c":"#00ff00","v0":0.002,"v1":0.003},"geometry":{"type":"Polygon","coordinates":[[[-73.0029,42.8912],[-72.9943,42.9036],[-72.975,42.9092],[-72.945,42.9081],[-72.9241,42.891],[-72.9124,42.8577],[-72.9115,42.8337],[-72.9214,42.8191],[-72.9423,42.8136],[-72.9741,42.8175],[-72.9943,42.8358],[-73.0029,42.8686],[-73.0029,42.8912]],[[-72.9888,42.8896],[-72.9763,42.8986],[-72.965,42.9002],[-72.955,42.8946],[-72.9414,42.8791],[-72.9241,42.8538],[-72.9191,42.8352],[-72.9264,42.8235],[-72.9441,42.8198],[-72.9722,42.8242],[-72.9885,42.8411],[-72.9929,42.8704],[-72.9888,42.8896]]]}},{"type":"Feature","properties":{"c":"#00ff00","v0":0.002,"v1":0.003},"geometry":{"type":"Polygon","coordinates":[[[-69.4281,42.8601],[-69.4027,42.8688],[-69.3788,42.8651],[-69.3565,42.8491],[-69.2945,42.8264],[-69.1927,42.7971],[-69.1538,42.7677],[-69.1779,42.7383],[-69.21,42.7251],[-69.25,42.7283],[-69.31,42.7488],[-69.39,42.7867],[-69.4327,42.8182],[-69.4381,42.8432],[-69.4281,42.8601]],[[-69.3558,42.8272],[-69.2453,42.7993],[-69.19,42.7754],[-69.19,42.7555],[-69.195,42.7428],[-69.205,42.7373],[-69.245,42.743],[-69.315,42.7597],[-69.3653,42.7864],[-69.3958,42.8228],[-69.3558,42.8272]]]}},{"type":"Feature","properties":{"c":"#00ff00","v0":0.002,"v1":0.003},"geometry":{"type":"Polygon","coordinates":[[[-71.7117,42.8133],[-71.6972,42.8163],[-71.67,42.8087],[-71.63,42.7903],[-71.615,42.7774],[-71.625,42.7701],[-71.645,42.768],[-71.675,42.771],[-71.6972,42.7823],[-71.7117,42.8019],[-71.7117,42.8133]]]}},{"type":"Feature","properties":{"c":"#00ff00","v0":0.002,"v1":0.003},"geometry":{"type":"Polygon","coordinates":[[[-71.4037,42.8023],[-71.3946,42.8127],[-71.3833,42.8163],[-71.37,42.8133],[-71.365,42.8059],[-71.3683,42.7944],[-71.3796,42.7907],[-71.3987,42.7949],[-71.4037,42.8023]]]}},{"type":"Feature","properties":{"c":"#00ff00","v0":0.002,"v1":0.003},"geometry":{"type":"Polygon","coordinates":[[[-71.1344,42.6452],[-71.0915,42.6647],[-71.056,42.6978],[-71.028,42.7444],[-70.998,42.7741],[-70.966,42.7869],[-70.945,42.7859],[-70.935,42.7711],[-70.9481,42.7537],[-70.9844,42.7336],[-71.0044,42.7084],[-71.0081,42.678],[-71.025,42.6622],[-71.055,42.661],[-71.085,42.6491],[-71.115,42.6265],[-71.1365,42.6202],[-71.1494,42.6303],[-71.1344,42.6452]]]}},{"type":"Feature","properties":{"c":"#00ff00","v0":0.002,"v1":0.003},"geometry":{"type":"Polygon","coordinates":[[[-69.1074,42.7714],[-69.0804,42.7787],[-69.0616,42.7787],[-69.0511,42.7714],[-69.0468,42.758],[-69.0489,42.7387],[-69.06,42.7292],[-69.08,42.7297],[-69.0977,42.7394],[-69.1132,42.7583],[-69.1074,42.7714]],[[-69.0938,42.7574],[-69.0913,42.7662],[-69.0836,42.7699],[-69.0709,42.7684],[-69.0659,42.761],[-69.0686,42.7475],[-69.0763,42.7438],[-69.0888,42.75],[-69.0938,42.7574]]]}},{"type":"Feature","properties":{"c":"#00ff00","v0":0.002,"v1":0.003},"geometry":{"type":"Polygon","coordinates":[[[-71.8561,42.6837],[-71.8387,42.692],[-71.8245,42.692],[-71.8136,42.6837],[-71.8186,42.6715],[-71.8395,42.6555],[-71.8537,42.6555],[-71.8611,42.6715],[-71.8561,42.6837]]]}},{"type":"Feature","properties":{"c":"#00ff00","v0":0.002,"v1":0.003},"geometry":{"type":"Polygon","coordinates":[[[-69.1454,42.6842],[-69.1351,42.6935],[-69.1233,42.6972],[-69.1098,42.6952],[-69.1098,42.6875],[-69.1233,42.674],[-69.1351,42.6703],[-69.1454,42.6765],[-69.1454,42.6842]]]}},{"type":"Feature","properties":{"c":"#00ff00","v0":0.002,"v1":0.003},"geometry":{"type":"Polygon","coordinates":[[[-71.7249,42.5273],[-71.715,42.5467],[-71.6867,42.5688],[-71.6401,42.5936],[-71.6201,42.6122],[-71.6267,42.6248],[-71.6414,42.6321],[-71.6642,42.6343],[-71.6768,42.6428],[-71.6791,42.6575],[-71.6527,42.6708],[-71.5976,42.6826],[-71.5586,42.6863],[-71.5359,42.6818],[-71.5139,42.6611],[-71.4925,42.6244],[-71.4525,42.5986],[-71.3939,42.5839],[-71.3608,42.5655],[-71.3532,42.5434],[-71.3396,42.5286],[-71.3201,42.5213],[-71.3153,42.5135],[-71.3251,42.5055],[-71.3351,42.5092],[-71.3453,42.5246],[-71.3603,42.533],[-71.3801,42.5344],[-71.42,42.5286],[-71.48,42.5155],[-71.525,42.5222],[-71.555,42.5489],[-71.6,42.5432],[-71.66,42.5051],[-71.6968,42.4865],[-71.7105,42.4876],[-71.7204,42.4955],[-71.7267,42.5102],[-71.7249,42.5273]],[[-71.5813,42.6396],[-71.5604,42.648],[-71.54,42.6399],[-71.52,42.6154],[-71.4874,42.5928],[-71.4423,42.5721],[-71.4323,42.5568],[-71.4574,42.547],[-71.48,42.5434],[-71.5,42.546],[-71.525,42.5586],[-71.555,42.5809],[-71.5754,42.6029],[-71.5863,42.6246],[-71.5813,42.6396]]]}},{"type":"Feature","properties":{"c":"#00ff00","v0":0.002,"v1":0.003},"geometry":{"type":"Polygon","coordinates":[[[-71.4534,42.6553],[-71.4378,42.6656],[-71.4224,42.6656],[-71.4072,42.6553],[-71.4072,42.6448],[-71.4224,42.6343],[-71.4378,42.6343],[-71.4534,42.6448],[-71.4534,42.6553]]]}},{"type":"Feature","properties":{"c":"#00ff00","v0":0.002,"v1":0.003},"geometry":{"type":"Polygon","coordinates":[[[-71.8517,42.6108],[-71.8506,42.6205],[-71.845,42.6254],[-71.835,42.6255],[-71.83,42.6179],[-71.83,42.6026],[-71.8356,42.5978],[-71.8467,42.6032],[-71.8517,42.6108]]]}},{"type":"Feature","properties":{"c":"#00ff00","v0":0.002,"v1":0.003},"geometry":{"type":"Polygon","coordinates":[[[-75.1714,42.5961],[-75.1571,42.6059],[-75.1425,42.6059],[-75.1275,42.5961],[-75.1275,42.5862],[-75.1425,42.5761],[-75.1571,42.5761],[-75.1714,42.5862],[-75.1714,42.5961]]]}},{"type":"Feature","properties":{"c":"#00ff00","v0":0.002,"v1":0.003},"geometry":{"type":"Polygon","coordinates":[[[-74.0583,42.5645],[-74.0128,42.5994],[-73.9494,42.5957],[-73.8682,42.5535],[-73.8458,42.5213],[-73.8823,42.4991],[-73.9033,42.4733],[-73.909,42.4438],[-73.9413,42.4265],[-74.0004,42.4214],[-74.04,42.4262],[-74.06,42.4408],[-74.0728,42.4728],[-74.0783,42.5223],[-74.0583,42.5645]],[[-74.0439,42.5579],[-74.008,42.5795],[-73.9797,42.5795],[-73.959,42.5579],[-73.954,42.5383],[-73.9647,42.5209],[-73.98,42.5092],[-74.0,42.5033],[-74.02,42.5043],[-74.04,42.5123],[-74.053,42.524],[-74.0589,42.5394],[-74.0439,42.5579]]]}},{"type":"Feature","properties":{"c":"#00ff00","v0":0.002,"v1":0.003},"geometry":{"type":"Polygon","coordinates":[[[-72.122,42.3927],[-72.114,42.4085],[-72.0998,42.4159],[-72.0794,42.4148],[-72.0676,42.4106],[-72.0644,42.4032],[-72.0746,42.3922],[-72.0982,42.3774],[-72.114,42.3737],[-72.122,42.3811],[-72.122,42.3927]]]}},{"type":"Feature","properties":{"c":"#00ff00","v0":0.002,"v1":0.003},"geometry":{"type":"Polygon","coordinates":[[[-72.1103,42.3155],[-72.0968,42.3248],[-72.082,42.3248],[-72.066,42.3155],[-72.056,42.2929],[-72.052,42.2569],[-72.0668,42.2569],[-72.1003,42.2929],[-72.1103,42.3155]]]}},{"type":"Feature","properties":{"c":"#00ff00","v0":0.002,"v1":0.003},"geometry":{"type":"Polygon","coordinates":[[[-70.6787,42.3145],[-70.646,42.3219],[-70.6347,42.3178],[-70.6449,42.3022],[-70.66,42.2945],[-70.68,42.2949],[-70.6913,42.2991],[-70.6938,42.3069],[-70.6787,42.3145]]]}},{"type":"Feature","properties":{"c":"#00ff00","v0":0.002,"v1":0.003},"geometry":{"type":"Polygon","coordinates":[[[-74.4468,42.2139],[-74.4356,42.2271],[-74.415,42.2316],[-74.385,42.2273],[-74.355,42.2322],[-74.325,42.2464],[-74.3052,42.2641],[-74.2956,42.2854],[-74.2756,42.2999],[-74.2452,42.3077],[-74.2143,42.2744],[-74.1829,42.2],[-74.1779,42.1555],[-74.1993,42.1411],[-74.23,42.1419],[-74.27,42.158],[-74.305,42.1614],[-74.335,42.1523],[-74.37,42.1545],[-74.41,42.1678],[-74.4356,42.1826],[-74.4468,42.199],[-74.4468,42.2139]],[[-74.2677,42.2862],[-74.2559,42.2962],[-74.2428,42.2962],[-74.2283,42.2862],[-74.2283,42.2752],[-74.2428,42.2631],[-74.2559,42.2631],[-74.2677,42.2752],[-74.2677,42.2862]],[[-74.4325,42.2107],[-74.4175,42.2176],[-74.4017,42.2138],[-74.385,42.1995],[-74.385,42.189],[-74.4017,42.1823],[-74.4175,42.186],[-74.4325,42.2002],[-74.4325,42.2107]],[[-74.2646,42.1974],[-74.2549,42.2073],[-74.24,42.2113],[-74.22,42.2092],[-74.2024,42.2006],[-74.1871,42.1852],[-74.1812,42.1702],[-74.1848,42.1553],[-74.1975,42.1477],[-74.2192,42.1474],[-74.2399,42.1585],[-74.2596,42.1811],[-74.2646,42.1974]]]}},{"type":"Feature","properties":{"c":"#00ff00","v0":0.002,"v1":0.003},"geometry":{"type":"Polygon","coordinates":[[[-74.5201,42.2833],[-74.5,42.2874],[-74.485,42.2837],[-74.475,42.272],[-74.48,42.2627],[-74.5,42.2556],[-74.515,42.2594],[-74.5251,42.274],[-74.5201,42.2833]]]}},{"type":"Feature","properties":{"c":"#00ff00","v0":0.002,"v1":0.003},"geometry":{"type":"Polygon","coordinates":[[[-73.1433,42.2263],[-73.1344,42.2349],[-73.1251,42.2349],[-73.1154,42.2263],[-73.1198,42.222],[-73.1384,42.222],[-73.1433,42.2263]]]}},{"type":"Feature","properties":{"c":"#00ff00","v0":0.002,"v1":0.003},"geometry":{"type":"Polygon","coordinates":[[[-71.2196,41.9771],[-71.1999,41.9918],[-71.165,41.9986],[-71.115,41.9977],[-71.0774,42.0015],[-71.0523,42.01],[-71.0371,42.0217],[-71.0318,42.0366],[-71.0387,42.0589],[-71.0578,42.0886],[-71.053,42.1215],[-71.0243,42.1576],[-71.0044,42.1761],[-70.9932,42.1771],[-70.95,42.1442],[-70.8748,42.0774],[-70.8532,42.0329],[-70.8851,42.0106],[-70.8994,41.9772],[-70.8961,41.9325],[-70.9082,41.8804],[-70.9355,41.8208],[-70.9272,41.7649],[-70.8835,41.7127],[-70.8813,41.6753],[-70.9205,41.6529],[-70.9385,41.6268],[-70.9353,41.5969],[-70.9129,41.5632],[-70.8712,41.5258],[-70.8457,41.4846],[-70.8362,41.4396],[-70.867,41.3946],[-70.9382,41.3496],[-70.9728,41.31],[-70.9709,41.2758],[-70.9887,41.2721],[-71.026,41.2987],[-71.0401,41.3496],[-71.031,41.4246],[-71.0495,41.4771],[-71.0956,41.507],[-71.1241,41.5333],[-71.135,41.5557],[-71.0932,41.5894],[-70.9989,41.6342],[-70.9529,41.6604],[-70.9552,41.6679],[-70.9648,41.6862],[-70.9816,41.7153],[-71.025,41.7239],[-71.095,41.7118],[-71.1477,41.7458],[-71.1832,41.8256],[-71.1944,41.8804],[-71.1813,41.9102],[-71.1884,41.9362],[-71.2158,41.9586],[-71.2196,41.9771]],[[-70.9266,41.4247],[-70.9022,41.44],[-70.8827,41.4437],[-70.8682,41.436],[-70.8682,41.4258],[-70.8827,41.4131],[-70.9022,41.4093],[-70.9266,41.4145],[-70.9266,41.4247]],[[-71.1485,41.9725],[-71.0828,41.9781],[-71.0375,41.9707],[-71.0124,41.9502],[-71.0041,41.9251],[-71.0125,41.8953],[-71.0301,41.8748],[-71.0567,41.8636],[-71.0885,41.8599],[-71.1255,41.8636],[-71.1533,41.8916],[-71.172,41.9437],[-71.1485,41.9725]],[[-71.0393,42.1177],[-71.0198,42.1463],[-71.005,42.1609],[-70.995,42.1614],[-70.99,42.1495],[-70.99,42.1254],[-70.9604,42.0997],[-70.9011,42.0725],[-70.9011,42.0463],[-70.9604,42.0211],[-71.0048,42.0322],[-71.0343,42.0797],[-71.0393,42.1177]]]}},{"type":"Feature","properties":{"c":"#00ff00","v0":0.002,"v1":0.003},"geometry":{"type":"Polygon","coordinates":[[[-73.1139,42.0626],[-73.0958,42.07],[-73.0876,42.0681],[-73.0892,42.0569],[-73.0982,42.0532],[-73.1147,42.057],[-73.1139,42.0626]]]}},{"type":"Feature","properties":{"c":"#00ff00","v0":0.002,"v1":0.003},"geometry":{"type":"Polygon","coordinates":[[[-93.524,42.0624],[-93.5147,42.0695],[-93.5073,42.0695],[-93.5018,42.0624],[-93.5065,42.0589],[-93.5212,42.0589],[-93.524,42.0624]]]}},{"type":"Feature","properties":{"c":"#00ff00","v0":0.002,"v1":0.003},"geometry":{"type":"Polygon","coordinates":[[[-70.7941,42.0477],[-70.7758,42.0552],[-70.7724,42.0525],[-70.7841,42.0396],[-70.7933,42.0359],[-70.7999,42.0413],[-70.7941,42.0477]]]}},{"type":"Feature","properties":{"c":"#00ff00","v0":0.002,"v1":0.003},"geometry":{"type":"Polygon","coordinates":[[[-93.9758,41.9144],[-93.9719,41.9228],[-93.945,41.9281],[-93.895,41.9303],[-93.8607,41.9373],[-93.8422,41.949],[-93.8472,41.9569],[-93.8757,41.9612],[-93.894,41.9686],[-93.902,41.9793],[-93.892,41.999],[-93.864,42.0279],[-93.8157,42.0316],[-93.7472,42.0102],[-93.7189,41.9883],[-93.7311,41.966],[-93.7256,41.9474],[-93.7027,41.9325],[-93.6959,41.9176],[-93.7053,41.9026],[-93.75,41.8858],[-93.83,41.867],[-93.89,41.8631],[-93.93,41.8741],[-93.9569,41.8872],[-93.9708,41.9025],[-93.9758,41.9144]],[[-93.7999,42.0027],[-93.7933,42.0093],[-93.7828,42.0093],[-93.7683,42.0027],[-93.7683,41.9947],[-93.7828,41.9853],[-93.7933,41.9853],[-93.7999,41.9947],[-93.7999,42.0027]],[[-93.9362,41.9068],[-93.9054,41.9001],[-93.865,41.9084],[-93.815,41.9317],[-93.7839,41.9388],[-93.7716,41.9297],[-93.7766,41.9159],[-93.7989,41.8975],[-93.84,41.8893],[-93.9,41.8914],[-93.9354,41.8969],[-93.9462,41.9058],[-93.9362,41.9068]]]}},{"type":"Feature","properties":{"c":"#00ff00","v0":0.002,"v1":0.003},"geometry":{"type":"Polygon","coordinates":[[[-93.4282,41.8953],[-93.396,41.9548],[-93.3725,41.9847],[-93.3575,41.985],[-93.3374,41.9627],[-93.3123,41.9178],[-93.3022,41.8916],[-93.3072,41.8842],[-93.3398,41.8738],[-93.3999,41.8605],[-93.4336,41.8568],[-93.4407,41.8626],[-93.4282,41.8953]]]}},{"type":"Feature","properties":{"c":"#00ff00","v0":0.002,"v1":0.003},"geometry":{"type":"Polygon","coordinates":[[[-73.7541,41.9586],[-73.7515,41.966],[-73.7201,41.977],[-73.66,41.9916],[-73.6227,41.9954],[-73.6082,41.9882],[-73.6209,41.9734],[-73.6607,41.9511],[-73.688,41.9293],[-73.7027,41.908],[-73.7193,41.9005],[-73.7378,41.907],[-73.7491,41.9214],[-73.7533,41.9437],[-73.7541,41.9586]]]}},{"type":"Feature","properties":{"c":"#00ff00","v0":0.002,"v1":0.003},"geometry":{"type":"Polygon","coordinates":[[[-70.7975,41.9851],[-70.7792,41.986],[-70.7687,41.9823],[-70.7661,41.9739],[-70.7738,41.9697],[-70.7917,41.9697],[-70.8021,41.9734],[-70.8052,41.9809],[-70.7975,41.9851]]]}},{"type":"Feature","properties":{"c":"#00ff00","v0":0.002,"v1":0.003},"geometry":{"type":"Polygon","coordinates":[[[-91.3281,41.9477],[-91.3027,41.9632],[-91.295,41.9627],[-91.305,41.9463],[-91.3177,41.9386],[-91.3331,41.9395],[-91.3281,41.9477]]]}},{"type":"Feature","properties":{"c":"#00ff00","v0":0.002,"v1":0.003},"geometry":{"type":"Polygon","coordinates":[[[-71.6831,41.8722],[-71.661,41.8854],[-71.645,41.891],[-71.635,41.8888],[-71.6283,41.8784],[-71.625,41.8599],[-71.635,41.8481],[-71.6583,41.8431],[-71.676,41.8468],[-71.6881,41.8593],[-71.6831,41.8722]]]}},{"type":"Feature","properties":{"c":"#00ff00","v0":0.002,"v1":0.003},"geometry":{"type":"Polygon","coordinates":[[[-73.6139,41.8131],[-73.598,41.8275],[-73.5787,41.8275],[-73.556,41.8131],[-73.551,41.8006],[-73.5637,41.79],[-73.583,41.79],[-73.6089,41.8006],[-73.6139,41.8131]]]}},{"type":"Feature","properties":{"c":"#00ff00","v0":0.002,"v1":0.003},"geometry":{"type":"Polygon","coordinates":[[[-71.5572,41.799],[-71.5391,41.8149],[-71.5226,41.8186],[-71.5078,41.8101],[-71.4993,41.7985],[-71.4972,41.7836],[-71.5046,41.7721],[-71.5215,41.7641],[-71.5391,41.7679],[-71.5572,41.7833],[-71.5572,41.799]],[[-71.5483,41.7961],[-71.5361,41.8064],[-71.525,41.8027],[-71.5149,41.785],[-71.5149,41.7746],[-71.525,41.7717],[-71.5361,41.7754],[-71.5483,41.7858],[-71.5483,41.7961]]]}},{"type":"Feature","properties":{"c":"#00ff00","v0":0.002,"v1":0.003},"geometry":{"type":"Polygon","coordinates":[[[-94.1126,41.8085],[-94.0975,41.8137],[-94.065,41.8128],[-94.015,41.8057],[-93.9722,41.7881],[-93.9365,41.7602],[-93.92,41.7388],[-93.9226,41.7239],[-93.9554,41.7179],[-94.0185,41.7208],[-94.0675,41.7432],[-94.1026,41.785],[-94.1126,41.8085]],[[-94.0457,41.7685],[-94.0219,41.783],[-93.9913,41.7755],[-93.954,41.7461],[-93.959,41.7313],[-94.0061,41.7313],[-94.0366,41.7388],[-94.0506,41.7537],[-94.0457,41.7685]]]}},{"type":"Feature","properties":{"c":"#00ff00","v0":0.002,"v1":0.003},"geometry":{"type":"Polygon","coordinates":[[[-93.2955,41.783],[-93.2785,41.7969],[-93.2656,41.7969],[-93.2569,41.783],[-93.2619,41.77],[-93.2806,41.7577],[-93.2935,41.7577],[-93.3005,41.77],[-93.2955,41.783]]]}},{"type":"Feature","properties":{"c":"#00ff00","v0":0.002,"v1":0.003},"geometry":{"type":"Polygon","coordinates":[[[-75.4357,41.6978],[-75.3919,41.7202],[-75.35,41.725],[-75.31,41.7122],[-75.255,41.725],[-75.185,41.7634],[-75.138,41.781],[-75.114,41.7777],[-75.144,41.7298],[-75.228,41.6372],[-75.3,41.6009],[-75.36,41.621],[-75.4069,41.6449],[-75.4407,41.6727],[-75.4357,41.6978]]]}},{"type":"Feature","properties":{"c":"#00ff00","v0":0.002,"v1":0.003},"geometry":{"type":"Polygon","coordinates":[[[-68.9294,41.7541],[-68.9165,41.7699],[-68.8972,41.7699],[-68.8717,41.7541],[-68.8717,41.7418],[-68.8972,41.7328],[-68.9165,41.7328],[-68.9294,41.7418],[-68.9294,41.7541]]]}},{"type":"Feature","properties":{"c":"#00ff00","v0":0.002,"v1":0.003},"geometry":{"type":"Polygon","coordinates":[[[-73.0407,41.7463],[-73.0196,41.7463],[-73.0143,41.7427],[-73.0248,41.7355],[-73.0353,41.7355],[-73.0459,41.7427],[-73.0407,41.7463]]]}},{"type":"Feature","properties":{"c":"#00ff00","v0":0.002,"v1":0.003},"geometry":{"type":"Polygon","coordinates":[[[-93.691,41.6977],[-93.6737,41.7201],[-93.6637,41.7164],[-93.6611,41.6865],[-93.641,41.6567],[-93.6034,41.6268],[-93.591,41.6003],[-93.6037,41.5774],[-93.625,41.5643],[-93.655,41.5612],[-93.675,41.5635],[-93.685,41.5714],[-93.6877,41.5957],[-93.683,41.6363],[-93.6854,41.6641],[-93.695,41.6791],[-93.691,41.6977]],[[-93.668,41.605],[-93.656,41.6213],[-93.6388,41.6251],[-93.6165,41.6162],[-93.6115,41.6042],[-93.6238,41.5889],[-93.64,41.5813],[-93.66,41.5814],[-93.671,41.5853],[-93.673,41.593],[-93.668,41.605]]]}},{"type":"Feature","properties":{"c":"#00ff00","v0":0.002,"v1":0.003},"geometry":{"type":"Polygon","coordinates":[[[-73.7936,41.6775],[-73.7779,41.6894],[-73.76,41.6938],[-73.74,41.6908],[-73.7293,41.6699],[-73.7278,41.6312],[-73.7457,41.6268],[-73.7829,41.6567],[-73.7936,41.6775]]]}},{"type":"Feature","properties":{"c":"#00ff00","v0":0.002,"v1":0.003},"geometry":{"type":"Polygon","coordinates":[[[-71.5813,41.619],[-71.5604,41.6335],[-71.5415,41.6297],[-71.5245,41.6078],[-71.5295,41.5936],[-71.5565,41.5871],[-71.5754,41.5908],[-71.5863,41.6048],[-71.5813,41.619]],[[-71.5709,41.6153],[-71.557,41.6223],[-71.5475,41.6186],[-71.5425,41.6041],[-71.5475,41.5963],[-71.5625,41.5951],[-71.572,41.5989],[-71.5759,41.6075],[-71.5709,41.6153]]]}},{"type":"Feature","properties":{"c":"#00ff00","v0":0.002,"v1":0.003},"geometry":{"type":"Polygon","coordinates":[[[-88.1294,41.5733],[-88.1165,41.5859],[-88.1006,41.5859],[-88.0817,41.5733],[-88.0817,41.5603],[-88.1006,41.5469],[-88.1165,41.5469],[-88.1294,41.5603],[-88.1294,41.5733]],[[-88.1178,41.5707],[-88.1126,41.5782],[-88.1038,41.5782],[-88.0915,41.5707],[-88.0915,41.5633],[-88.1038,41.5561],[-88.1126,41.5561],[-88.1178,41.5633],[-88.1178,41.5707]]]}},{"type":"Feature","properties":{"c":"#00ff00","v0":0.002,"v1":0.003},"geometry":{"type":"Polygon","coordinates":[[[-93.0674,41.5477],[-93.0558,41.5691],[-93.045,41.5798],[-93.035,41.5796],[-93.0277,41.5614],[-93.0231,41.5252],[-93.0303,41.507],[-93.0495,41.507],[-93.0626,41.5145],[-93.0697,41.5295],[-93.0674,41.5477]],[[-93.0469,41.5331],[-93.0356,41.5253],[-93.035,41.5209],[-93.045,41.52],[-93.0506,41.5239],[-93.0519,41.5326],[-93.0469,41.5331]]]}},{"type":"Feature","properties":{"c":"#00ff00","v0":0.002,"v1":0.003},"geometry":{"type":"Polygon","coordinates":[[[-75.4236,41.5033],[-75.4122,41.5258],[-75.3933,41.537],[-75.3671,41.537],[-75.3613,41.522],[-75.3758,41.4921],[-75.3748,41.4619],[-75.3583,41.4315],[-75.361,41.4165],[-75.3831,41.4169],[-75.4029,41.4359],[-75.4205,41.4733],[-75.4236,41.5033]]]}},{"type":"Feature","properties":{"c":"#00ff00","v0":0.002,"v1":0.003},"geometry":{"type":"Polygon","coordinates":[[[-71.5952,41.5085],[-71.5784,41.5113],[-71.5693,41.5075],[-71.5678,41.4972],[-71.5762,41.4958],[-71.5945,41.5033],[-71.5952,41.5085]]]}},{"type":"Feature","properties":{"c":"#00ff00","v0":0.002,"v1":0.003},"geometry":{"type":"Polygon","coordinates":[[[-93.3819,41.4546],[-93.3737,41.4696],[-93.3546,41.482],[-93.3249,41.4919],[-93.29,41.495],[-93.25,41.4915],[-93.2247,41.4828],[-93.214,41.469],[-93.224,41.4511],[-93.2547,41.4292],[-93.29,41.4185],[-93.33,41.419],[-93.359,41.4262],[-93.377,41.4401],[-93.3819,41.4546]],[[-93.3694,41.4546],[-93.3592,41.4696],[-93.343,41.4802],[-93.321,41.4864],[-93.295,41.489],[-93.265,41.4881],[-93.2422,41.4813],[-93.2265,41.4685],[-93.2315,41.4529],[-93.2572,41.4344],[-93.29,41.4258],[-93.33,41.4269],[-93.3561,41.4323],[-93.3684,41.4422],[-93.3694,41.4546]]]}},{"type":"Feature","properties":{"c":"#00ff00","v0":0.002,"v1":0.003},"geometry":{"type":"Polygon","coordinates":[[[-69.3547,41.2895],[-69.3498,41.3045],[-69.3311,41.3233],[-69.2986,41.3458],[-69.2793,41.3816],[-69.2731,41.4305],[-69.26,41.4647],[-69.24,41.484],[-69.2253,41.4857],[-69.216,41.47],[-69.227,41.4134],[-69.2584,41.3158],[-69.2831,41.2636],[-69.301,41.2569],[-69.3218,41.2606],[-69.3454,41.2749],[-69.3547,41.2895]],[[-69.3269,41.3045],[-69.2972,41.3195],[-69.2842,41.3136],[-69.2881,41.2867],[-69.3,41.273],[-69.32,41.2725],[-69.3329,41.2784],[-69.3388,41.2908],[-69.3269,41.3045]]]}},{"type":"Feature","properties":{"c":"#00ff00","v0":0.002,"v1":0.003},"geometry":{"type":"Polygon","coordinates":[[[-73.0954,41.4649],[-73.0785,41.4706],[-73.055,41.4665],[-73.025,41.4527],[-73.0092,41.4386],[-73.0075,41.4243],[-73.031,41.4284],[-73.0796,41.4508],[-73.0954,41.4649]]]}},{"type":"Feature","properties":{"c":"#00ff00","v0":0.002,"v1":0.003},"geometry":{"type":"Polygon","coordinates":[[[-93.149,41.4331],[-93.1363,41.435],[-93.1287,41.4312],[-93.1262,41.4218],[-93.1312,41.4161],[-93.1437,41.4142],[-93.1513,41.418],[-93.154,41.4274],[-93.149,41.4331]]]}},{"type":"Feature","properties":{"c":"#00ff00","v0":0.002,"v1":0.003},"geometry":{"type":"Polygon","coordinates":[[[-72.7715,41.3816],[-72.7572,41.4005],[-72.7369,41.408],[-72.7108,41.4041],[-72.7008,41.3895],[-72.7069,41.3644],[-72.72,41.3502],[-72.74,41.3471],[-72.7572,41.3522],[-72.7715,41.3655],[-72.7715,41.3816]],[[-72.757,41.3807],[-72.739,41.398],[-72.7227,41.4017],[-72.708,41.392],[-72.708,41.3786],[-72.7227,41.3617],[-72.739,41.3579],[-72.757,41.3674],[-72.757,41.3807]]]}},{"type":"Feature","properties":{"c":"#00ff00","v0":0.002,"v1":0.003},"geometry":{"type":"Polygon","coordinates":[[[-73.0577,41.363],[-73.0392,41.3749],[-73.0092,41.3599],[-72.9676,41.318],[-72.9676,41.2834],[-73.0092,41.2563],[-73.0382,41.245],[-73.0546,41.2496],[-73.0583,41.2632],[-73.0492,41.2857],[-73.0503,41.312],[-73.0614,41.3421],[-73.0577,41.363]],[[-73.0479,41.3595],[-73.036,41.3645],[-73.0183,41.357],[-72.9948,41.337],[-72.9819,41.3158],[-72.9798,41.2932],[-72.9883,41.282],[-73.0075,41.282],[-73.0263,41.3008],[-73.0447,41.3383],[-73.0479,41.3595]]]}},{"type":"Feature","properties":{"c":"#00ff00","v0":0.002,"v1":0.003},"geometry":{"type":"Polygon","coordinates":[[[-72.6667,41.3214],[-72.6422,41.3403],[-72.6,41.3519],[-72.54,41.3565],[-72.5,41.3453],[-72.48,41.3184],[-72.455,41.3053],[-72.425,41.3061],[-72.4017,41.2966],[-72.3852,41.2768],[-72.3952,41.2644],[-72.4317,41.2594],[-72.4568,41.2669],[-72.4705,41.287],[-72.4855,41.2976],[-72.5018,41.2987],[-72.5221,41.2874],[-72.5464,41.2637],[-72.5714,41.2479],[-72.5971,41.2399],[-72.6202,41.2399],[-72.6406,41.2479],[-72.6578,41.2669],[-72.6718,41.297],[-72.6667,41.3214]],[[-72.4428,41.2854],[-72.4343,41.2922],[-72.4236,41.2922],[-72.4108,41.2854],[-72.4108,41.278],[-72.4236,41.2701],[-72.4343,41.2701],[-72.4428,41.278],[-72.4428,41.2854]],[[-72.644,41.3197],[-72.608,41.335],[-72.5715,41.3387],[-72.5344,41.3309],[-72.5294,41.3201],[-72.5565,41.3063],[-72.5687,41.2913],[-72.566,41.275],[-72.576,41.2612],[-72.5987,41.2498],[-72.6193,41.2498],[-72.6379,41.2612],[-72.651,41.2782],[-72.6584,41.3008],[-72.644,41.3197]]]}},{"type":"Feature","properties":{"c":"#00ff00","v0":0.002,"v1":0.003},"geometry":{"type":"Polygon","coordinates":[[[-72.8629,41.304],[-72.8543,41.3181],[-72.8377,41.3219],[-72.8131,41.3153],[-72.8081,41.3042],[-72.8227,41.2887],[-72.8393,41.2849],[-72.8579,41.293],[-72.8629,41.304]],[[-72.8521,41.3009],[-72.8507,41.3088],[-72.8437,41.3126],[-72.831,41.3122],[-72.826,41.3072],[-72.8287,41.2977],[-72.8357,41.2939],[-72.8471,41.296],[-72.8521,41.3009]]]}},{"type":"Feature","properties":{"c":"#00ff00","v0":0.002,"v1":0.003},"geometry":{"type":"Polygon","coordinates":[[[-73.1979,41.2997],[-73.1793,41.3052],[-73.1674,41.3015],[-73.1622,41.2885],[-73.1672,41.2806],[-73.1824,41.2778],[-73.1943,41.2815],[-73.2029,41.2918],[-73.1979,41.2997]]]}},{"type":"Feature","properties":{"c":"#00ff00","v0":0.002,"v1":0.003},"geometry":{"type":"Polygon","coordinates":[[[-72.3531,41.3151],[-72.351,41.3212],[-72.3443,41.3212],[-72.333,41.3151],[-72.3341,41.312],[-72.3475,41.312],[-72.3531,41.3151]]]}},{"type":"Feature","properties":{"c":"#00ff00","v0":0.002,"v1":0.003},"geometry":{"type":"Polygon","coordinates":[[[-104.745,41.2744],[-104.7083,41.2894],[-104.6786,41.2894],[-104.6557,41.2744],[-104.6557,41.2599],[-104.6786,41.2459],[-104.7083,41.2459],[-104.745,41.2599],[-104.745,41.2744]],[[-104.7069,41.2709],[-104.6956,41.2788],[-104.6841,41.2788],[-104.6722,41.2709],[-104.6722,41.2639],[-104.6841,41.2577],[-104.6956,41.2577],[-104.7069,41.2639],[-104.7069,41.2709]]]}},{"type":"Feature","properties":{"c":"#00ff00","v0":0.002,"v1":0.003},"geometry":{"type":"Polygon","coordinates":[[[-69.3251,41.0524],[-69.3083,41.075],[-69.3028,41.1014],[-69.3086,41.1315],[-69.3062,41.1551],[-69.2954,41.1722],[-69.285,41.185],[-69.275,41.1934],[-69.255,41.195],[-69.225,41.1899],[-69.2,41.2038],[-69.18,41.2366],[-69.155,41.2506],[-69.125,41.2458],[-69.1038,41.2305],[-69.0914,41.2047],[-69.1076,41.1691],[-69.1523,41.124],[-69.1785,41.0856],[-69.1862,41.0542],[-69.215,41.0328],[-69.265,41.0214],[-69.3009,41.022],[-69.3227,41.0347],[-69.3251,41.0524]],[[-69.3006,41.0601],[-69.2669,41.0983],[-69.2313,41.1247],[-69.1938,41.1393],[-69.1838,41.1219],[-69.2013,41.0727],[-69.23,41.0427],[-69.27,41.0318],[-69.2969,41.0301],[-69.3106,41.0374],[-69.3006,41.0601]]]}},{"type":"Feature","properties":{"c":"#00ff00","v0":0.002,"v1":0.003},"geometry":{"type":"Polygon","coordinates":[[[-70.8111,41.2112],[-70.8104,41.2202],[-70.805,41.224],[-70.795,41.2228],[-70.79,41.2156],[-70.79,41.2023],[-70.7954,41.1984],[-70.8061,41.204],[-70.8111,41.2112]]]}},{"type":"Feature","properties":{"c":"#00ff00","v0":0.002,"v1":0.003},"geometry":{"type":"Polygon","coordinates":[[[-105.2276,41.0923],[-105.2159,41.1044],[-105.16,41.1203],[-105.06,41.1402],[-105.0,41.1473],[-104.98,41.1417],[-104.9629,41.1295],[-104.9488,41.1107],[-104.9538,41.0878],[-104.9779,41.0606],[-105.015,41.0449],[-105.065,41.0408],[-105.105,41.0317],[-105.135,41.0176],[-105.16,41.0131],[-105.18,41.0183],[-105.2009,41.0372],[-105.2226,41.0699],[-105.2276,41.0923]],[[-105.2162,41.0923],[-105.1987,41.1044],[-105.15,41.1184],[-105.07,41.1343],[-105.016,41.1396],[-104.9881,41.1342],[-104.9685,41.124],[-104.9573,41.1089],[-104.9663,41.0878],[-104.9954,41.0606],[-105.045,41.0422],[-105.115,41.0324],[-105.165,41.034],[-105.195,41.0471],[-105.2137,41.0618],[-105.2212,41.0781],[-105.2162,41.0923]]]}},{"type":"Feature","properties":{"c":"#00ff00","v0":0.002,"v1":0.003},"geometry":{"type":"Polygon","coordinates":[[[-69.4669,41.1195],[-69.4556,41.1256],[-69.4358,41.1256],[-69.4074,41.1195],[-69.4024,41.1101],[-69.4208,41.0975],[-69.4406,41.0975],[-69.4619,41.1101],[-69.4669,41.1195]]]}},{"type":"Feature","properties":{"c":"#00ff00","v0":0.002,"v1":0.003},"geometry":{"type":"Polygon","coordinates":[[[-73.2531,41.0674],[-73.2122,41.0599],[-73.1846,41.0486],[-73.1703,41.0335],[-73.1731,41.026],[-73.1929,41.026],[-73.2205,41.0373],[-73.2559,41.0599],[-73.2531,41.0674]]]}},{"type":"Feature","properties":{"c":"#00ff00","v0":0.002,"v1":0.003},"geometry":{"type":"Polygon","coordinates":[[[-69.5538,40.9974],[-69.5379,41.031],[-69.5126,41.0461],[-69.4777,41.0427],[-69.4708,41.0184],[-69.4918,40.9731],[-69.5128,40.9505],[-69.5337,40.9505],[-69.5485,40.958],[-69.5573,40.9731],[-69.5538,40.9974]],[[-69.5421,40.9925],[-69.534,41.0162],[-69.52,41.0301],[-69.5,41.0343],[-69.495,41.0184],[-69.505,40.9823],[-69.515,40.9626],[-69.525,40.9593],[-69.534,40.9634],[-69.5421,40.9749],[-69.5421,40.9925]]]}},{"type":"Feature","properties":{"c":"#00ff00","v0":0.002,"v1":0.003},"geometry":{"type":"Polygon","coordinates":[[[-72.5845,40.9731],[-72.5731,40.9882],[-72.5659,40.992],[-72.5629,40.9844],[-72.5686,40.9769],[-72.583,40.9693],[-72.5845,40.9731]]]}},{"type":"Feature","properties":{"c":"#00ff00","v0":0.002,"v1":0.003},"geometry":{"type":"Polygon","coordinates":[[[-72.9584,40.8699],[-72.9528,40.8902],[-72.93,40.9079],[-72.89,40.9229],[-72.86,40.94],[-72.84,40.9592],[-72.79,40.9749],[-72.71,40.9872],[-72.658,40.9751],[-72.634,40.9385],[-72.6018,40.9127],[-72.5613,40.8976],[-72.5311,40.8787],[-72.511,40.856],[-72.5082,40.8257],[-72.5226,40.7879],[-72.5298,40.7386],[-72.5299,40.6779],[-72.58,40.6398],[-72.68,40.6243],[-72.7558,40.6319],[-72.8073,40.6626],[-72.8473,40.7134],[-72.8758,40.7842],[-72.905,40.824],[-72.935,40.8327],[-72.9528,40.8427],[-72.9584,40.8541],[-72.9584,40.8699]],[[-72.7201,40.9698],[-72.7,40.9783],[-72.6859,40.9783],[-72.6777,40.9698],[-72.6827,40.962],[-72.7009,40.9548],[-72.715,40.9548],[-72.7251,40.962],[-72.7201,40.9698]],[[-72.8997,40.8843],[-72.8532,40.9033],[-72.8257,40.9259],[-72.8171,40.9524],[-72.7998,40.9656],[-72.7738,40.9656],[-72.7463,40.9316],[-72.7173,40.8635],[-72.7146,40.81],[-72.7382,40.7711],[-72.76,40.7474],[-72.78,40.739],[-72.8,40.7392],[-72.82,40.7481],[-72.8532,40.7831],[-72.8997,40.8443],[-72.8997,40.8843]]]}},{"type":"Feature","properties":{"c":"#00ff00","v0":0.002,"v1":0.003},"geometry":{"type":"Polygon","coordinates":[[[-69.1763,40.9547],[-69.1721,40.963],[-69.1649,40.963],[-69.1547,40.9547],[-69.1568,40.9505],[-69.1712,40.9505],[-69.1763,40.9547]]]}},{"type":"Feature","properties":{"c":"#00ff00","v0":0.002,"v1":0.003},"geometry":{"type":"Polygon","coordinates":[[[-73.7435,40.8749],[-73.7284,40.8749],[-73.7231,40.871],[-73.7277,40.8632],[-73.7353,40.8632],[-73.7458,40.871],[-73.7435,40.8749]]]}},{"type":"Feature","properties":{"c":"#00ff00","v0":0.002,"v1":0.003},"geometry":{"type":"Polygon","coordinates":[[[-71.2243,40.8786],[-71.2148,40.8861],[-71.205,40.8821],[-71.195,40.8666],[-71.195,40.8558],[-71.205,40.8496],[-71.2148,40.8537],[-71.2243,40.8678],[-71.2243,40.8786]]]}},{"type":"Feature","properties":{"c":"#00ff00","v0":0.002,"v1":0.003},"geometry":{"type":"Polygon","coordinates":[[[-70.0447,40.7137],[-70.0349,40.7244],[-70.0234,40.7282],[-70.0101,40.725],[-70.0101,40.716],[-70.0234,40.7012],[-70.0349,40.6974],[-70.0447,40.7047],[-70.0447,40.7137]]]}},{"type":"Feature","properties":{"c":"#00ff00","v0":0.002,"v1":0.003},"geometry":{"type":"Polygon","coordinates":[[[-72.3175,40.6685],[-72.3125,40.6799],[-72.305,40.6819],[-72.295,40.6743],[-72.29,40.6621],[-72.29,40.6451],[-72.295,40.6364],[-72.305,40.6361],[-72.3125,40.6426],[-72.3175,40.6561],[-72.3175,40.6685]]]}},{"type":"Feature","properties":{"c":"#00ff00","v0":0.002,"v1":0.003},"geometry":{"type":"Polygon","coordinates":[[[-75.0157,40.6104],[-74.9852,40.6269],[-74.9518,40.6269],[-74.9154,40.6104],[-74.9102,40.5945],[-74.9362,40.5793],[-74.9375,40.5603],[-74.9142,40.5375],[-74.9094,40.5132],[-74.9231,40.4874],[-74.9365,40.476],[-74.9494,40.479],[-74.9617,40.5033],[-74.9735,40.5489],[-74.9922,40.5793],[-75.018,40.5945],[-75.0157,40.6104]]]}},{"type":"Feature","properties":{"c":"#00ff00","v0":0.002,"v1":0.003},"geometry":{"type":"Polygon","coordinates":[[[-70.1415,40.6242],[-70.1205,40.6381],[-70.11,40.6367],[-70.11,40.62],[-70.1205,40.6131],[-70.1415,40.6159],[-70.1415,40.6242]]]}},{"type":"Feature","properties":{"c":"#00ff00","v0":0.002,"v1":0.003},"geometry":{"type":"Polygon","coordinates":[[[-70.0061,40.5938],[-69.9687,40.6075],[-69.9346,40.6075],[-69.9037,40.5938],[-69.9037,40.5739],[-69.9346,40.548],[-69.9687,40.548],[-70.0061,40.5739],[-70.0061,40.5938]],[[-69.9699,40.5907],[-69.9442,40.5983],[-69.9281,40.5945],[-69.9215,40.5793],[-69.9261,40.5672],[-69.942,40.5581],[-69.9582,40.5619],[-69.9745,40.5786],[-69.9699,40.5907]]]}},{"type":"Feature","properties":{"c":"#00ff00","v0":0.002,"v1":0.003},"geometry":{"type":"Polygon","coordinates":[[[-73.8787,40.5193],[-73.8729,40.5362],[-73.865,40.5448],[-73.855,40.5451],[-73.8541,40.5329],[-73.8622,40.5081],[-73.8701,40.4995],[-73.8778,40.5071],[-73.8787,40.5193]]]}},{"type":"Feature","properties":{"c":"#00ff00","v0":0.002,"v1":0.003},"geometry":{"type":"Polygon","coordinates":[[[-72.0891,40.5418],[-72.0764,40.5427],[-72.0692,40.5389],[-72.0677,40.5304],[-72.0741,40.5299],[-72.0883,40.5375],[-72.0891,40.5418]]]}},{"type":"Feature","properties":{"c":"#00ff00","v0":0.002,"v1":0.003},"geometry":{"type":"Polygon","coordinates":[[[-70.658,40.4251],[-70.626,40.4362],[-70.5972,40.4362],[-70.5717,40.4251],[-70.5767,40.4138],[-70.6122,40.4021],[-70.641,40.4021],[-70.663,40.4138],[-70.658,40.4251]]]}},{"type":"Feature","properties":{"c":"#00ff00","v0":0.002,"v1":0.003},"geometry":{"type":"Polygon","coordinates":[[[-74.901,40.3337],[-74.827,40.3752],[-74.785,40.3516],[-74.775,40.2628],[-74.775,40.2155],[-74.785,40.2097],[-74.805,40.21],[-74.835,40.2165],[-74.85,40.2357],[-74.85,40.2678],[-74.87,40.2866],[-74.91,40.2921],[-74.932,40.2994],[-74.936,40.3084],[-74.901,40.3337]]]}},{"type":"Feature","properties":{"c":"#00ff00","v0":0.002,"v1":0.003},"geometry":{"type":"Polygon","coordinates":[[[-71.725,40.3282],[-71.7029,40.3282],[-71.6964,40.3243],[-71.7055,40.3166],[-71.7165,40.3166],[-71.7295,40.3243],[-71.725,40.3282]]]}},{"type":"Feature","properties":{"c":"#00ff00","v0":0.002,"v1":0.003},"geometry":{"type":"Polygon","coordinates":[[[-76.6725,40.2214],[-76.6503,40.2214],[-76.647,40.2165],[-76.6623,40.2067],[-76.6734,40.2067],[-76.6802,40.2165],[-76.6725,40.2214]]]}},{"type":"Feature","properties":{"c":"#00ff00","v0":0.002,"v1":0.003},"geometry":{"type":"Polygon","coordinates":[[[-72.6641,40.196],[-72.6547,40.2065],[-72.6273,40.2142],[-72.5819,40.219],[-72.5619,40.2139],[-72.5673,40.1991],[-72.59,40.1829],[-72.63,40.1654],[-72.6547,40.1652],[-72.6641,40.1823],[-72.6641,40.196]]]}},{"type":"Feature","properties":{"c":"#00ff00","v0":0.002,"v1":0.003},"geometry":{"type":"Polygon","coordinates":[[[-72.8871,40.1297],[-72.8549,40.1602],[-72.8277,40.1755],[-72.8056,40.1755],[-72.7994,40.1602],[-72.8091,40.1297],[-72.8329,40.108],[-72.871,40.0953],[-72.8933,40.0953],[-72.8999,40.108],[-72.8871,40.1297]]]}},{"type":"Feature","properties":{"c":"#00ff00","v0":0.002,"v1":0.003},"geometry":{"type":"Polygon","coordinates":[[[-78.1619,39.8757],[-78.154,39.8887],[-78.1475,39.8887],[-78.1426,39.8757],[-78.1466,39.8692],[-78.1594,39.8692],[-78.1619,39.8757]]]}},{"type":"Feature","properties":{"c":"#00ff00","v0":0.002,"v1":0.003},"geometry":{"type":"Polygon","coordinates":[[[-77.9579,39.7034],[-77.9393,39.71],[-77.9257,39.7062],[-77.9171,39.6919],[-77.9221,39.6814],[-77.9407,39.6748],[-77.9543,39.6786],[-77.9629,39.6929],[-77.9579,39.7034]],[[-77.9473,39.7007],[-77.9358,39.7019],[-77.9292,39.698],[-77.9277,39.6892],[-77.9327,39.6841],[-77.9442,39.6829],[-77.9508,39.6868],[-77.9523,39.6957],[-77.9473,39.7007]]]}},{"type":"Feature","properties":{"c":"#00ff00","v0":0.002,"v1":0.003},"geometry":{"type":"Polygon","coordinates":[[[-92.5687,39.613],[-92.5562,39.6235],[-92.5432,39.6235],[-92.5296,39.613],[-92.5296,39.6029],[-92.5432,39.5933],[-92.5562,39.5933],[-92.5687,39.6029],[-92.5687,39.613]]]}},{"type":"Feature","properties":{"c":"#00ff00","v0":0.002,"v1":0.003},"geometry":{"type":"Polygon","coordinates":[[[-75.4061,39.5897],[-75.382,39.6153],[-75.365,39.627],[-75.355,39.6248],[-75.36,39.6096],[-75.38,39.5813],[-75.395,39.5654],[-75.405,39.5617],[-75.412,39.5641],[-75.4161,39.5726],[-75.4061,39.5897]]]}},{"type":"Feature","properties":{"c":"#00ff00","v0":0.002,"v1":0.003},"geometry":{"type":"Polygon","coordinates":[[[-77.5935,39.6077],[-77.577,39.6077],[-77.5741,39.6038],[-77.5847,39.5961],[-77.593,39.5961],[-77.5989,39.6038],[-77.5935,39.6077]]]}},{"type":"Feature","properties":{"c":"#00ff00","v0":0.002,"v1":0.003},"geometry":{"type":"Polygon","coordinates":[[[-74.5441,39.49],[-74.5347,39.5014],[-74.525,39.5048],[-74.515,39.5002],[-74.4926,39.4791],[-74.4579,39.4414],[-74.4179,39.4187],[-74.3726,39.4111],[-74.35,39.4014],[-74.35,39.3896],[-74.38,39.3756],[-74.44,39.3593],[-74.4787,39.3575],[-74.4962,39.3699],[-74.5159,39.4032],[-74.5379,39.4573],[-74.5441,39.49]],[[-74.4748,39.3964],[-74.4716,39.4059],[-74.4642,39.4059],[-74.4525,39.3964],[-74.4541,39.3916],[-74.469,39.3916],[-74.4748,39.3964]]]}},{"type":"Feature","properties":{"c":"#00ff00","v0":0.002,"v1":0.003},"geometry":{"type":"Polygon","coordinates":[[[-74.9996,39.319],[-74.9932,39.3284],[-74.9853,39.3284],[-74.9759,39.319],[-74.9759,39.3102],[-74.9853,39.302],[-74.9932,39.302],[-74.9996,39.3102],[-74.9996,39.319]]]}},{"type":"Feature","properties":{"c":"#00ff00","v0":0.002,"v1":0.003},"geometry":{"type":"Polygon","coordinates":[[[-76.3608,38.9407],[-76.3136,38.9694],[-76.28,38.9985],[-76.26,39.0281],[-76.2352,39.0526],[-76.2056,39.0721],[-76.2106,39.1279],[-76.2502,39.2201],[-76.24,39.2548],[-76.18,39.2321],[-76.1447,39.2248],[-76.1341,39.2329],[-76.1333,39.2485],[-76.1421,39.2717],[-76.1374,39.2906],[-76.1191,39.3052],[-76.085,39.3118],[-76.035,39.3105],[-75.9892,39.3032],[-75.9477,39.29],[-75.9182,39.2717],[-75.9009,39.2485],[-75.8967,39.2156],[-75.9056,39.173],[-75.9247,39.142],[-75.954,39.1226],[-75.9761,39.0973],[-75.991,39.0663],[-75.9862,39.0391],[-75.9618,39.0158],[-75.9667,38.9691],[-76.0011,38.8991],[-76.0138,38.8446],[-76.0047,38.8057],[-76.0226,38.779],[-76.0675,38.7646],[-76.1,38.7851],[-76.12,38.8406],[-76.19,38.8551],[-76.31,38.8284],[-76.3612,38.8312],[-76.3437,38.8635],[-76.3473,38.8913],[-76.3721,38.9147],[-76.3608,38.9407]],[[-76.1176,39.2876],[-76.0992,39.296],[-76.0728,39.296],[-76.0385,39.2876],[-76.0385,39.2762],[-76.0728,39.262],[-76.0992,39.262],[-76.1176,39.2762],[-76.1176,39.2876]],[[-76.3384,38.9342],[-76.3195,38.9498],[-76.295,38.9577],[-76.265,38.9579],[-76.2498,38.9385],[-76.2494,38.8993],[-76.2594,38.8775],[-76.2798,38.8731],[-76.3045,38.8848],[-76.3334,38.9125],[-76.3384,38.9342]],[[-76.1992,39.2092],[-76.1531,39.1848],[-76.1215,39.1576],[-76.1044,39.1278],[-76.1147,39.1167],[-76.1524,39.1245],[-76.184,39.1516],[-76.2095,39.1981],[-76.1992,39.2092]],[[-76.0786,39.1148],[-76.0595,39.1189],[-76.0444,39.115],[-76.0333,39.1032],[-76.0383,39.0963],[-76.0594,39.0943],[-76.0745,39.0982],[-76.0836,39.1079],[-76.0786,39.1148]],[[-76.1361,39.0244],[-76.132,39.0339],[-76.12,39.038],[-76.1,39.0367],[-76.073,39.0164],[-76.039,38.9771],[-76.024,38.9478],[-76.028,38.9286],[-76.048,38.9286],[-76.0841,38.9478],[-76.1111,38.973],[-76.1292,39.0041],[-76.1361,39.0244]]]}},{"type":"Feature","properties":{"c":"#00ff00","v0":0.002,"v1":0.003},"geometry":{"type":"Polygon","coordinates":[[[-75.8574,39.264],[-75.8461,39.2872],[-75.8278,39.2989],[-75.8026,39.2991],[-75.795,39.2762],[-75.805,39.2303],[-75.8233,39.2186],[-75.8498,39.2411],[-75.8574,39.264]]]}},{"type":"Feature","properties":{"c":"#00ff00","v0":0.002,"v1":0.003},"geometry":{"type":"Polygon","coordinates":[[[-74.5013,39.2904],[-74.4804,39.3043],[-74.454,39.3043],[-74.4221,39.2904],[-74.4171,39.2743],[-74.439,39.2561],[-74.4654,39.2561],[-74.4963,39.2743],[-74.5013,39.2904]],[[-74.4806,39.2866],[-74.4602,39.293],[-74.4446,39.2892],[-74.4337,39.275],[-74.4387,39.2668],[-74.4596,39.2648],[-74.4752,39.2686],[-74.4856,39.2784],[-74.4806,39.2866]]]}},{"type":"Feature","properties":{"c":"#00ff00","v0":0.002,"v1":0.003},"geometry":{"type":"Polygon","coordinates":[[[-77.2533,39.237],[-77.2244,39.2683],[-77.1806,39.2683],[-77.1219,39.237],[-77.1119,39.2096],[-77.1506,39.186],[-77.1944,39.186],[-77.2433,39.2096],[-77.2533,39.237]],[[-77.231,39.2442],[-77.2037,39.2589],[-77.1788,39.255],[-77.1565,39.2326],[-77.1515,39.2158],[-77.1638,39.2045],[-77.1881,39.2045],[-77.2243,39.2158],[-77.243,39.2253],[-77.2441,39.233],[-77.231,39.2442]]]}},{"type":"Feature","properties":{"c":"#00ff00","v0":0.002,"v1":0.003},"geometry":{"type":"Polygon","coordinates":[[[-77.0593,39.2357],[-76.9998,39.2644],[-76.9584,39.276],[-76.9351,39.2706],[-76.9351,39.2399],[-76.9584,39.1838],[-76.98,39.1556],[-77.0,39.1553],[-77.0298,39.1717],[-77.0693,39.2048],[-77.0593,39.2357]]]}},{"type":"Feature","properties":{"c":"#00ff00","v0":0.002,"v1":0.003},"geometry":{"type":"Polygon","coordinates":[[[-76.3983,39.171],[-76.3479,39.1633],[-76.316,39.1516],[-76.3026,39.1361],[-76.3157,39.1245],[-76.3555,39.1167],[-76.3874,39.1284],[-76.4114,39.1594],[-76.3983,39.171]]]}},{"type":"Feature","properties":{"c":"#00ff00","v0":0.002,"v1":0.003},"geometry":{"type":"Polygon","coordinates":[[[-77.5514,38.9682],[-77.5238,38.9897],[-77.5083,39.0169],[-77.5049,39.0498],[-77.4949,39.07],[-77.4783,39.0775],[-77.44,39.077],[-77.38,39.0685],[-77.3374,39.0569],[-77.3121,39.0424],[-77.2999,39.008],[-77.3008,38.9536],[-77.3234,38.9169],[-77.3678,38.8979],[-77.4,38.8886],[-77.42,38.8891],[-77.445,38.9006],[-77.475,38.9232],[-77.505,38.9344],[-77.535,38.9343],[-77.5538,38.9401],[-77.5614,38.9517],[-77.5514,38.9682]],[[-77.4955,38.9916],[-77.4652,39.0288],[-77.4262,39.0443],[-77.3786,39.0383],[-77.3581,39.0158],[-77.3646,38.9769],[-77.3784,38.9497],[-77.3995,38.9341],[-77.4347,38.9341],[-77.4842,38.9497],[-77.5093,38.9614],[-77.5102,38.9691],[-77.4955,38.9916]]]}},{"type":"Feature","properties":{"c":"#00ff00","v0":0.002,"v1":0.003},"geometry":{"type":"Polygon","coordinates":[[[-74.8076,38.8983],[-74.7959,38.9044],[-74.7816,38.9005],[-74.7649,38.8866],[-74.7708,38.8836],[-74.7992,38.8913],[-74.8076,38.8983]]]}},{"type":"Feature","properties":{"c":"#00ff00","v0":0.002,"v1":0.003},"geometry":{"type":"Polygon","coordinates":[[[-75.4214,38.8073],[-75.4138,38.8182],[-75.4,38.8244],[-75.38,38.8258],[-75.3635,38.8125],[-75.3504,38.7846],[-75.3642,38.7784],[-75.4048,38.794],[-75.4214,38.8073]]]}},{"type":"Feature","properties":{"c":"#00ff00","v0":0.002,"v1":0.003},"geometry":{"type":"Polygon","coordinates":[[[-74.978,38.7522],[-74.946,38.7778],[-74.905,38.8002],[-74.855,38.8192],[-74.8231,38.8259],[-74.8093,38.8202],[-74.7988,38.7784],[-74.7918,38.7004],[-74.7987,38.6448],[-74.8196,38.6117],[-74.86,38.5966],[-74.92,38.5996],[-74.9481,38.624],[-74.9444,38.6697],[-74.9554,38.7043],[-74.9811,38.7277],[-74.978,38.7522]],[[-74.8726,38.6496],[-74.8428,38.6574],[-74.8334,38.6474],[-74.8445,38.6194],[-74.857,38.6077],[-74.8709,38.6122],[-74.8803,38.6223],[-74.8851,38.6379],[-74.8726,38.6496]]]}},{"type":"Feature","properties":{"c":"#00ff00","v0":0.002,"v1":0.003},"geometry":{"type":"Polygon","coordinates":[[[-90.4437,38.6887],[-90.4261,38.6809],[-90.425,38.677],[-90.4404,38.677],[-90.4492,38.6809],[-90.4514,38.6887],[-90.4437,38.6887]]]}},{"type":"Feature","properties":{"c":"#00ff00","v0":0.002,"v1":0.003},"geometry":{"type":"Polygon","coordinates":[[[-75.9522,38.6653],[-75.9482,38.6731],[-75.9356,38.677],[-75.9144,38.677],[-75.9054,38.6728],[-75.9085,38.6646],[-75.9211,38.6607],[-75.9432,38.6611],[-75.9522,38.6653]]]}},{"type":"Feature","properties":{"c":"#00ff00","v0":0.002,"v1":0.003},"geometry":{"type":"Polygon","coordinates":[[[-76.0108,38.6087],[-75.9969,38.6283],[-75.9851,38.6361],[-75.9752,38.6321],[-75.9752,38.6198],[-75.9851,38.5992],[-75.9969,38.5914],[-76.0108,38.5964],[-76.0108,38.6087]]]}},{"type":"Feature","properties":{"c":"#00ff00","v0":0.002,"v1":0.003},"geometry":{"type":"Polygon","coordinates":[[[-74.9843,38.569],[-74.9614,38.5717],[-74.95,38.5664],[-74.95,38.5531],[-74.956,38.5439],[-74.9681,38.5388],[-74.9795,38.5441],[-74.9903,38.5598],[-74.9843,38.569]]]}},{"type":"Feature","properties":{"c":"#00ff00","v0":0.002,"v1":0.003},"geometry":{"type":"Polygon","coordinates":[[[-78.408,38.5404],[-78.396,38.5486],[-78.3844,38.5486],[-78.3731,38.5404],[-78.3731,38.5333],[-78.3844,38.5274],[-78.396,38.5274],[-78.408,38.5333],[-78.408,38.5404]]]}},{"type":"Feature","properties":{"c":"#00ff00","v0":0.002,"v1":0.003},"geometry":{"type":"Polygon","coordinates":[[[-97.2822,37.299],[-97.2741,37.3175],[-97.26,37.3271],[-97.24,37.3278],[-97.2252,37.3106],[-97.2157,37.2754],[-97.2157,37.2544],[-97.2252,37.2476],[-97.2441,37.2555],[-97.2722,37.2783],[-97.2822,37.299]],[[-97.2684,37.2977],[-97.2571,37.3136],[-97.2461,37.3192],[-97.2354,37.3145],[-97.23,37.3016],[-97.23,37.2805],[-97.241,37.2749],[-97.2631,37.2848],[-97.2684,37.2977]]]}},{"type":"Feature","properties":{"c":"#00ff00","v0":0.002,"v1":0.003},"geometry":{"type":"Polygon","coordinates":[[[-94.0199,37.2616],[-94.0133,37.269],[-94.0037,37.269],[-93.9911,37.2616],[-93.9911,37.2535],[-94.0037,37.2447],[-94.0133,37.2447],[-94.0199,37.2535],[-94.0199,37.2616]]]}},{"type":"Feature","properties":{"c":"#00ff00","v0":0.002,"v1":0.003},"geometry":{"type":"Polygon","coordinates":[[[-93.8505,36.914],[-93.8368,36.9284],[-93.825,36.9336],[-93.815,36.9296],[-93.815,36.9213],[-93.825,36.9087],[-93.8368,36.9035],[-93.8505,36.9057],[-93.8505,36.914]]]}},{"type":"Feature","properties":{"c":"#00ff00","v0":0.002,"v1":0.003},"geometry":{"type":"Polygon","coordinates":[[[-94.3032,36.8652],[-94.2944,36.878],[-94.285,36.8832],[-94.275,36.8809],[-94.2794,36.8745],[-94.2982,36.8641],[-94.3032,36.8652]]]}},{"type":"Feature","properties":{"c":"#00ff00","v0":0.002,"v1":0.003},"geometry":{"type":"Polygon","coordinates":[[[-94.069,36.8226],[-94.043,36.8462],[-94.025,36.8414],[-94.015,36.8084],[-94.02,36.7892],[-94.04,36.7838],[-94.058,36.7886],[-94.074,36.8034],[-94.069,36.8226]]]}},{"type":"Feature","properties":{"c":"#00ff00","v0":0.002,"v1":0.003},"geometry":{"type":"Polygon","coordinates":[[[-94.7123,36.5622],[-94.7044,36.5783],[-94.6895,36.5863],[-94.6675,36.5863],[-94.661,36.5783],[-94.67,36.5622],[-94.6849,36.5542],[-94.7058,36.5542],[-94.7123,36.5622]]]}},{"type":"Feature","properties":{"c":"#00ff00","v0":0.002,"v1":0.003},"geometry":{"type":"Polygon","coordinates":[[[-98.8805,36.4364],[-98.8602,36.4583],[-98.8398,36.4623],[-98.8194,36.4485],[-98.8119,36.4336],[-98.8171,36.4175],[-98.8273,36.4067],[-98.8424,36.4012],[-98.8602,36.4052],[-98.8805,36.4188],[-98.8805,36.4364]],[[-98.8687,36.4329],[-98.8562,36.4478],[-98.8439,36.4518],[-98.8318,36.445],[-98.8318,36.434],[-98.8439,36.4189],[-98.8562,36.4149],[-98.8687,36.422],[-98.8687,36.4329]]]}},{"type":"Feature","properties":{"c":"#00ff00","v0":0.002,"v1":0.003},"geometry":{"type":"Polygon","coordinates":[[[-94.8435,36.3611],[-94.8148,36.3611],[-94.8079,36.3563],[-94.8226,36.3468],[-94.837,36.3468],[-94.8509,36.3563],[-94.8435,36.3611]]]}},{"type":"Feature","properties":{"c":"#00ff00","v0":0.002,"v1":0.003},"geometry":{"type":"Polygon","coordinates":[[[-94.6678,36.3306],[-94.6293,36.334],[-94.6031,36.33],[-94.5893,36.3185],[-94.5943,36.3094],[-94.6181,36.3028],[-94.6443,36.3068],[-94.6728,36.3215],[-94.6678,36.3306]]]}},{"type":"Feature","properties":{"c":"#00ff00","v0":0.002,"v1":0.003},"geometry":{"type":"Polygon","coordinates":[[[-94.9912,36.2281],[-94.9165,36.2523],[-94.9069,36.2454],[-94.9623,36.2074],[-94.995,36.1875],[-95.005,36.1857],[-95.0146,36.1926],[-95.0239,36.2082],[-94.9912,36.2281]]]}},{"type":"Feature","properties":{"c":"#00ff00","v0":0.002,"v1":0.003},"geometry":{"type":"Polygon","coordinates":[[[-95.5118,36.1716],[-95.4968,36.1797],[-95.4895,36.1785],[-95.4898,36.168],[-95.4973,36.164],[-95.512,36.1664],[-95.5118,36.1716]]]}},{"type":"Feature","properties":{"c":"#00ff00","v0":0.002,"v1":0.003},"geometry":{"type":"Polygon","coordinates":[[[-95.9124,36.0666],[-95.902,36.0909],[-95.8813,36.103],[-95.8503,36.103],[-95.8436,36.0926],[-95.8612,36.0718],[-95.8819,36.0597],[-95.9057,36.0562],[-95.9124,36.0666]]]}},{"type":"Feature","properties":{"c":"#00ff00","v0":0.002,"v1":0.003},"geometry":{"type":"Polygon","coordinates":[[[-95.9693,36.0221],[-95.9507,36.0221],[-95.9436,36.0189],[-95.9479,36.0125],[-95.9572,36.0125],[-95.9715,36.0189],[-95.9693,36.0221]]]}},{"type":"Feature","properties":{"c":"#00ff00","v0":0.002,"v1":0.003},"geometry":{"type":"Polygon","coordinates":[[[-96.195,35.722],[-96.1117,35.8025],[-96.0591,35.839],[-96.0372,35.8315],[-96.0326,35.8115],[-96.0452,35.7791],[-96.0478,35.7507],[-96.0404,35.7263],[-96.05,35.7145],[-96.0767,35.715],[-96.1,35.6993],[-96.12,35.6674],[-96.1567,35.6589],[-96.21,35.6741],[-96.195,35.722]],[[-96.1829,35.7068],[-96.161,35.7246],[-96.1436,35.7287],[-96.1309,35.719],[-96.1309,35.703],[-96.1436,35.6806],[-96.161,35.6766],[-96.1829,35.6908],[-96.1829,35.7068]]]}},{"type":"Feature","properties":{"c":"#00ff00","v0":0.002,"v1":0.003},"geometry":{"type":"Polygon","coordinates":[[[-95.3387,35.6449],[-95.3196,35.6688],[-95.3069,35.6688],[-95.3008,35.6449],[-95.3058,35.6288],[-95.3219,35.6207],[-95.3346,35.6207],[-95.3437,35.6288],[-95.3387,35.6449]]]}},{"type":"Feature","properties":{"c":"#00ff00","v0":0.002,"v1":0.003},"geometry":{"type":"Polygon","coordinates":[[[-95.7923,35.6222],[-95.7908,35.6333],[-95.785,35.6385],[-95.775,35.6378],[-95.7626,35.6282],[-95.7477,35.6097],[-95.7477,35.5979],[-95.7626,35.5928],[-95.7758,35.5969],[-95.7873,35.6101],[-95.7923,35.6222]]]}},{"type":"Feature","properties":{"c":"#00ff00","v0":0.002,"v1":0.003},"geometry":{"type":"Polygon","coordinates":[[[-101.3387,35.367],[-101.3062,35.3889],[-101.2889,35.4093],[-101.2866,35.4282],[-101.2716,35.4391],[-101.2439,35.442],[-101.2125,35.4297],[-101.1774,35.4024],[-101.1324,35.3814],[-101.0775,35.3667],[-101.0388,35.3422],[-101.0165,35.3079],[-101.0215,35.2699],[-101.0538,35.2282],[-101.085,35.2149],[-101.115,35.2301],[-101.155,35.2342],[-101.205,35.2272],[-101.2373,35.2283],[-101.2519,35.2373],[-101.2593,35.25],[-101.2596,35.2663],[-101.2423,35.2826],[-101.2074,35.2988],[-101.19,35.3178],[-101.19,35.3396],[-101.21,35.3572],[-101.25,35.3705],[-101.275,35.3674],[-101.285,35.3478],[-101.3,35.3347],[-101.32,35.328],[-101.3362,35.3325],[-101.3487,35.3482],[-101.3387,35.367]],[[-101.256,35.4093],[-101.252,35.418],[-101.24,35.4221],[-101.22,35.4217],[-101.207,35.4133],[-101.2011,35.3969],[-101.2061,35.3868],[-101.222,35.3829],[-101.237,35.3869],[-101.251,35.399],[-101.256,35.4093]],[[-101.1666,35.3194],[-101.1626,35.3438],[-101.1529,35.3582],[-101.1376,35.3626],[-101.11,35.3591],[-101.07,35.348],[-101.0435,35.3295],[-101.0305,35.3037],[-101.0405,35.279],[-101.0735,35.2554],[-101.1087,35.2514],[-101.146,35.2668],[-101.1657,35.2826],[-101.1676,35.299],[-101.1666,35.3194]],[[-101.2368,35.263],[-101.2323,35.2728],[-101.2202,35.2769],[-101.2007,35.2753],[-101.1957,35.2672],[-101.2052,35.2528],[-101.2173,35.2487],[-101.2318,35.255],[-101.2368,35.263]],[[-101.3353,35.3619],[-101.3184,35.3736],[-101.3059,35.3736],[-101.2978,35.3619],[-101.2978,35.3506],[-101.3059,35.3395],[-101.3184,35.3395],[-101.3353,35.3506],[-101.3353,35.3619]]]}},{"type":"Feature","properties":{"c":"#00ff00","v0":0.002,"v1":0.003},"geometry":{"type":"Polygon","coordinates":[[[-101.5083,35.2071],[-101.4694,35.2357],[-101.4194,35.2398],[-101.3582,35.2194],[-101.3382,35.1999],[-101.3594,35.1813],[-101.4094,35.1772],[-101.4883,35.1876],[-101.5083,35.2071]],[[-101.4924,35.202],[-101.4641,35.2205],[-101.4224,35.2246],[-101.3671,35.2143],[-101.3471,35.2022],[-101.3624,35.1883],[-101.4041,35.1842],[-101.4724,35.1899],[-101.4924,35.202]]]}},{"type":"Feature","properties":{"c":"#00ff00","v0":0.002,"v1":0.003},"geometry":{"type":"Polygon","coordinates":[[[-101.6168,35.1809],[-101.5989,35.1898],[-101.578,35.1898],[-101.5541,35.1809],[-101.5541,35.1679],[-101.578,35.1508],[-101.5989,35.1508],[-101.6168,35.1679],[-101.6168,35.1809]],[[-101.6019,35.1769],[-101.5806,35.1778],[-101.5694,35.1737],[-101.5683,35.1646],[-101.5783,35.1595],[-101.5994,35.1584],[-101.6106,35.1625],[-101.6119,35.1718],[-101.6019,35.1769]]]}},{"type":"Feature","properties":{"c":"#00ff00","v0":0.002,"v1":0.003},"geometry":{"type":"Polygon","coordinates":[[[-101.9859,35.0986],[-101.9353,35.1393],[-101.8938,35.1556],[-101.8614,35.1477],[-101.8474,35.1356],[-101.8518,35.1192],[-101.878,35.0982],[-101.926,35.0726],[-101.96,35.0589],[-101.98,35.057],[-101.9953,35.0616],[-102.0059,35.0727],[-101.9859,35.0986]],[[-101.9777,35.0965],[-101.9326,35.133],[-101.8977,35.1494],[-101.8731,35.1456],[-101.8626,35.1356],[-101.8662,35.1192],[-101.8885,35.1009],[-101.9295,35.0806],[-101.9626,35.0724],[-101.9877,35.0763],[-101.9777,35.0965]]]}},{"type":"Feature","properties":{"c":"#00ff00","v0":0.002,"v1":0.003},"geometry":{"type":"Polygon","coordinates":[[[-102.0683,34.9686],[-102.0561,34.9786],[-102.0462,34.9786],[-102.0387,34.9686],[-102.0387,34.9605],[-102.0462,34.9544],[-102.0561,34.9544],[-102.0683,34.9605],[-102.0683,34.9686]]]}},{"type":"Feature","properties":{"c":"#00ff00","v0":0.002,"v1":0.003},"geometry":{"type":"Polygon","coordinates":[[[-98.8246,34.8073],[-98.8015,34.8228],[-98.735,34.8185],[-98.625,34.7944],[-98.566,34.7785],[-98.558,34.7706],[-98.558,34.7429],[-98.566,34.6954],[-98.61,34.6548],[-98.69,34.6211],[-98.74,34.6045],[-98.76,34.6051],[-98.7614,34.6211],[-98.7441,34.6524],[-98.7467,34.6763],[-98.7693,34.6927],[-98.7945,34.7256],[-98.8223,34.7749],[-98.8246,34.8073]],[[-98.7642,34.7234],[-98.7547,34.7356],[-98.715,34.7442],[-98.645,34.7492],[-98.6062,34.7473],[-98.5985,34.7383],[-98.5958,34.7215],[-98.5979,34.6968],[-98.6218,34.6738],[-98.6673,34.6524],[-98.7097,34.6607],[-98.7492,34.6985],[-98.7642,34.7234]]]}},{"type":"Feature","properties":{"c":"#00ff00","v0":0.002,"v1":0.003},"geometry":{"type":"Polygon","coordinates":[[[-98.9695,34.5405],[-98.9553,34.5487],[-98.9487,34.5452],[-98.9496,34.5299],[-98.9566,34.5258],[-98.9699,34.5328],[-98.9695,34.5405]]]}},{"type":"Feature","properties":{"c":"#00ff00","v0":0.002,"v1":0.003},"geometry":{"type":"Polygon","coordinates":[[[-99.4135,34.2863],[-99.3845,34.3144],[-99.36,34.3312],[-99.34,34.3368],[-99.3199,34.3228],[-99.2996,34.2891],[-99.3096,34.2626],[-99.3499,34.2432],[-99.38,34.2359],[-99.4,34.2406],[-99.4145,34.2503],[-99.4235,34.265],[-99.4135,34.2863]],[[-99.4006,34.2781],[-99.3802,34.2896],[-99.3655,34.2855],[-99.3566,34.2657],[-99.3616,34.2546],[-99.3805,34.2522],[-99.3952,34.2564],[-99.4056,34.267],[-99.4006,34.2781]]]}},{"type":"Feature","properties":{"c":"#00ff00","v0":0.002,"v1":0.003},"geometry":{"type":"Polygon","coordinates":[[[-98.891,34.2604],[-98.877,34.2697],[-98.867,34.2697],[-98.861,34.2604],[-98.868,34.2558],[-98.888,34.2558],[-98.891,34.2604]]]}},{"type":"Feature","properties":{"c":"#00ff00","v0":0.002,"v1":0.003},"geometry":{"type":"Polygon","coordinates":[[[-98.4781,34.2177],[-98.4594,34.2407],[-98.4226,34.2531],[-98.3679,34.2549],[-98.3506,34.2434],[-98.3708,34.2186],[-98.3831,34.1922],[-98.3877,34.1643],[-98.4,34.1428],[-98.42,34.1276],[-98.4444,34.1415],[-98.4731,34.1846],[-98.4781,34.2177]],[[-98.4642,34.2127],[-98.4547,34.2257],[-98.44,34.2304],[-98.42,34.2268],[-98.41,34.2079],[-98.41,34.1737],[-98.42,34.16],[-98.44,34.1669],[-98.4547,34.1793],[-98.4642,34.1972],[-98.4642,34.2127]]]}},{"type":"Feature","properties":{"c":"#00ff00","v0":0.002,"v1":0.003},"geometry":{"type":"Polygon","coordinates":[[[-99.1157,34.1613],[-99.1119,34.1709],[-99.1021,34.1751],[-99.0862,34.1737],[-99.0812,34.1637],[-99.0871,34.1449],[-99.0969,34.1407],[-99.1107,34.1513],[-99.1157,34.1613]]]}},{"type":"Feature","properties":{"c":"#00ff00","v0":0.002,"v1":0.003},"geometry":{"type":"Polygon","coordinates":[[[-99.2896,34.0838],[-99.2765,34.1039],[-99.26,34.1174],[-99.24,34.1242],[-99.2199,34.1265],[-99.1998,34.1244],[-99.1823,34.1151],[-99.1673,34.0986],[-99.1724,34.0783],[-99.1975,34.0542],[-99.225,34.0421],[-99.255,34.0418],[-99.2765,34.0496],[-99.2896,34.0657],[-99.2896,34.0838]],[[-99.2674,34.0847],[-99.2425,34.1067],[-99.22,34.1163],[-99.2,34.1137],[-99.1861,34.1069],[-99.1782,34.0958],[-99.1832,34.081],[-99.2011,34.0624],[-99.225,34.0538],[-99.255,34.0552],[-99.2725,34.0603],[-99.2774,34.0693],[-99.2674,34.0847]]]}},{"type":"Feature","properties":{"c":"#00ff00","v0":0.002,"v1":0.003},"geometry":{"type":"Polygon","coordinates":[[[-98.7742,33.8913],[-98.7534,33.8913],[-98.7498,33.8874],[-98.7633,33.8798],[-98.7736,33.8798],[-98.7809,33.8874],[-98.7742,33.8913]]]}},{"type":"Feature","properties":{"c":"#00ff00","v0":0.002,"v1":0.003},"geometry":{"type":"Polygon","coordinates":[[[-98.4785,33.8474],[-98.4595,33.8592],[-98.4444,33.8551],[-98.4333,33.8349],[-98.4383,33.8218],[-98.4594,33.8158],[-98.4745,33.82],[-98.4835,33.8343],[-98.4785,33.8474]],[[-98.4688,33.844],[-98.4563,33.8492],[-98.449,33.845],[-98.447,33.8316],[-98.4533,33.829],[-98.4678,33.8373],[-98.4688,33.844]]]}},{"type":"Feature","properties":{"c":"#00ff00","v0":0.002,"v1":0.003},"geometry":{"type":"Polygon","coordinates":[[[-98.6943,33.8126],[-98.6781,33.8214],[-98.666,33.8214],[-98.658,33.8126],[-98.663,33.803],[-98.681,33.7926],[-98.6931,33.7926],[-98.6993,33.803],[-98.6943,33.8126]]]}},{"type":"Feature","properties":{"c":"#00ff00","v0":0.002,"v1":0.003},"geometry":{"type":"Polygon","coordinates":[[[-99.0428,33.735],[-99.0209,33.7548],[-98.9946,33.759],[-98.9639,33.7475],[-98.9589,33.7276],[-98.9796,33.6993],[-99.0,33.6868],[-99.02,33.6902],[-99.0359,33.7001],[-99.0478,33.7168],[-99.0428,33.735]],[[-99.0346,33.7329],[-99.0182,33.7486],[-98.9971,33.7528],[-98.9714,33.7454],[-98.9664,33.7301],[-98.9821,33.7068],[-99.0032,33.7027],[-99.0296,33.7176],[-99.0346,33.7329]]]}},{"type":"Feature","properties":{"c":"#00ff00","v0":0.002,"v1":0.003},"geometry":{"type":"Polygon","coordinates":[[[-99.8005,33.5794],[-99.769,33.5877],[-99.7574,33.5833],[-99.7658,33.566],[-99.7816,33.5618],[-99.8047,33.5708],[-99.8005,33.5794]]]}},{"type":"Feature","properties":{"c":"#00ff00","v0":0.002,"v1":0.003},"geometry":{"type":"Polygon","coordinates":[[[-100.0297,33.303],[-100.0166,33.3262],[-100.0,33.3373],[-99.98,33.3365],[-99.9544,33.3166],[-99.9233,33.2776],[-99.9074,33.2497],[-99.9067,33.2329],[-99.9278,33.2246],[-99.9707,33.2246],[-100.0032,33.2413],[-100.0252,33.2747],[-100.0297,33.303]],[[-100.0077,33.3115],[-99.9959,33.3183],[-99.9872,33.3099],[-99.9815,33.2865],[-99.9865,33.2772],[-100.0022,33.2822],[-100.0109,33.2906],[-100.0127,33.3023],[-100.0077,33.3115]],[[-99.971,33.2588],[-99.957,33.2604],[-99.9484,33.2562],[-99.9453,33.2463],[-99.9523,33.2455],[-99.9694,33.2538],[-99.971,33.2588]]]}},{"type":"Feature","properties":{"c":"#00ff00","v0":0.002,"v1":0.003},"geometry":{"type":"Polygon","coordinates":[[[-88.7395,33.281],[-88.7332,33.2935],[-88.72,33.3012],[-88.7,33.3042],[-88.6719,33.2938],[-88.6358,33.2699],[-88.6183,33.2538],[-88.6195,33.2455],[-88.6475,33.2442],[-88.7025,33.2499],[-88.7332,33.2583],[-88.7395,33.2693],[-88.7395,33.281]],[[-88.7223,33.2794],[-88.7141,33.2888],[-88.7038,33.2888],[-88.6914,33.2794],[-88.6914,33.2716],[-88.7038,33.2652],[-88.7141,33.2652],[-88.7223,33.2716],[-88.7223,33.2794]]]}},{"type":"Feature","properties":{"c":"#00ff00","v0":0.002,"v1":0.003},"geometry":{"type":"Polygon","coordinates":[[[-97.5025,32.9807],[-97.4942,32.9957],[-97.4814,32.9999],[-97.4643,32.9933],[-97.4593,32.9819],[-97.4664,32.9657],[-97.4792,32.9615],[-97.4975,32.9693],[-97.5025,32.9807]]]}},{"type":"Feature","properties":{"c":"#00ff00","v0":0.002,"v1":0.003},"geometry":{"type":"Polygon","coordinates":[[[-100.6166,32.7464],[-100.6014,32.7632],[-100.5779,32.7747],[-100.546,32.7809],[-100.5259,32.7683],[-100.5178,32.7369],[-100.5228,32.7145],[-100.5409,32.701],[-100.5685,32.7053],[-100.6056,32.7271],[-100.6166,32.7464]],[[-100.5945,32.7435],[-100.5782,32.7545],[-100.5609,32.7545],[-100.5427,32.7435],[-100.5377,32.7322],[-100.5459,32.7205],[-100.5632,32.7205],[-100.5895,32.7322],[-100.5945,32.7435]]]}},{"type":"Feature","properties":{"c":"#00ff00","v0":0.002,"v1":0.003},"geometry":{"type":"Polygon","coordinates":[[[-101.4045,32.7422],[-101.3933,32.7506],[-101.3883,32.7488],[-101.3894,32.7368],[-101.395,32.7326],[-101.405,32.7362],[-101.4045,32.7422]]]}},{"type":"Feature","properties":{"c":"#00ff00","v0":0.002,"v1":0.003},"geometry":{"type":"Polygon","coordinates":[[[-100.6982,32.6463],[-100.6927,32.665],[-100.6744,32.665],[-100.6431,32.6463],[-100.6381,32.6319],[-100.6594,32.6216],[-100.6777,32.6216],[-100.6932,32.6319],[-100.6982,32.6463]]]}},{"type":"Feature","properties":{"c":"#00ff00","v0":0.002,"v1":0.003},"geometry":{"type":"Polygon","coordinates":[[[-101.5918,32.5086],[-101.5773,32.5217],[-101.565,32.5174],[-101.5549,32.496],[-101.5599,32.4851],[-101.58,32.4847],[-101.5923,32.4889],[-101.5968,32.4977],[-101.5918,32.5086]]]}},{"type":"Feature","properties":{"c":"#00ff00","v0":0.002,"v1":0.003},"geometry":{"type":"Polygon","coordinates":[[[-97.2142,32.3552],[-97.1981,32.3651],[-97.188,32.3609],[-97.184,32.3425],[-97.189,32.3312],[-97.203,32.327],[-97.2131,32.3313],[-97.2192,32.3439],[-97.2142,32.3552]]]}},{"type":"Feature","properties":{"c":"#00ff00","v0":0.002,"v1":0.003},"geometry":{"type":"Polygon","coordinates":[[[-100.853,32.3039],[-100.8377,32.3128],[-100.8247,32.3128],[-100.814,32.3039],[-100.814,32.2947],[-100.8247,32.2852],[-100.8377,32.2852],[-100.853,32.2947],[-100.853,32.3039]]]}},{"type":"Feature","properties":{"c":"#00ff00","v0":0.002,"v1":0.003},"geometry":{"type":"Polygon","coordinates":[[[-101.287,31.7479],[-101.2623,31.7641],[-101.2425,31.7683],[-101.2274,31.7607],[-101.2274,31.745],[-101.2425,31.7214],[-101.2623,31.7171],[-101.287,31.7323],[-101.287,31.7479]]]}},{"type":"Feature","properties":{"c":"#00ff00","v0":0.002,"v1":0.003},"geometry":{"type":"Polygon","coordinates":[[[-100.6197,31.2749],[-100.5599,31.3],[-100.5271,31.3043],[-100.5212,31.2877],[-100.5312,31.27],[-100.5571,31.2512],[-100.585,31.2409],[-100.615,31.2391],[-100.6349,31.2443],[-100.6447,31.2563],[-100.6197,31.2749]]]}},{"type":"Feature","properties":{"c":"#00ff00","v0":0.002,"v1":0.003},"geometry":{"type":"Polygon","coordinates":[[[-102.041,28.7036],[-101.9937,28.7138],[-101.9625,28.7138],[-101.9476,28.7036],[-101.9476,28.6932],[-101.9625,28.6825],[-101.9937,28.6825],[-102.041,28.6932],[-102.041,28.7036]]]}},{"type":"Feature","properties":{"c":"#00ff00","v0":0.002,"v1":0.003},"geometry":{"type":"Polygon","coordinates":[[[-102.1673,28.6843],[-102.1558,28.691],[-102.1442,28.691],[-102.1325,28.6843],[-102.1382,28.681],[-102.1614,28.681],[-102.1673,28.6843]]]}},{"type":"Feature","properties":{"c":"#00ff00","v0":0.002,"v1":0.003},"geometry":{"type":"Polygon","coordinates":[[[-81.6633,23.9274],[-81.6411,23.9557],[-81.6175,23.9602],[-81.5926,23.9411],[-81.5926,23.9106],[-81.6175,23.8687],[-81.6368,23.8504],[-81.6505,23.8557],[-81.6616,23.8721],[-81.6701,23.8995],[-81.6633,23.9274]],[[-81.6558,23.924],[-81.6386,23.9455],[-81.6207,23.9455],[-81.6021,23.924],[-81.6021,23.9006],[-81.6207,23.8753],[-81.6386,23.8753],[-81.6558,23.9006],[-81.6558,23.924]]]}},{"type":"Feature","properties":{"c":"#00ff00","v0":0.002,"v1":0.003},"geometry":{"type":"Polygon","coordinates":[[[-81.1718,23.9004],[-81.1573,23.9114],[-81.1439,23.9068],[-81.1316,23.8867],[-81.1316,23.8723],[-81.1439,23.8635],[-81.1573,23.8681],[-81.1718,23.886],[-81.1718,23.9004]]]}},{"type":"Feature","properties":{"c":"#00ff00","v0":0.003,"v1":0.005},"geometry":{"type":"Polygon","coordinates":[[[-109.8421,54.4072],[-109.834,54.4119],[-109.8228,54.4119],[-109.8083,54.4072],[-109.8083,54.4012],[-109.8228,54.3941],[-109.834,54.3941],[-109.8421,54.4012],[-109.8421,54.4072]]]}},{"type":"Feature","properties":{"c":"#00ff00","v0":0.003,"v1":0.005},"geometry":{"type":"Polygon","coordinates":[[[-110.0562,54.3728],[-110.0379,54.3786],[-110.0291,54.3783],[-110.0297,54.372],[-110.0389,54.3691],[-110.0566,54.3696],[-110.0562,54.3728]]]}},{"type":"Feature","properties":{"c":"#00ff00","v0":0.003,"v1":0.005},"geometry":{"type":"Polygon","coordinates":[[[-114.2978,53.6086],[-114.2793,53.6148],[-114.2621,53.6118],[-114.2462,53.5997],[-114.2512,53.5914],[-114.2771,53.5871],[-114.2943,53.59],[-114.3028,53.6003],[-114.2978,53.6086]]]}},{"type":"Feature","properties":{"c":"#00ff00","v0":0.003,"v1":0.005},"geometry":{"type":"Polygon","coordinates":[[[-107.211,52.686],[-107.197,52.6944],[-107.1764,52.6944],[-107.1491,52.686],[-107.1441,52.6767],[-107.1614,52.6665],[-107.182,52.6665],[-107.206,52.6767],[-107.211,52.686]]]}},{"type":"Feature","properties":{"c":"#00ff00","v0":0.003,"v1":0.005},"geometry":{"type":"Polygon","coordinates":[[[-107.5874,52.5143],[-107.5225,52.5197],[-107.47,52.5298],[-107.43,52.5448],[-107.4019,52.5483],[-107.3858,52.5401],[-107.3738,52.5269],[-107.3659,52.5086],[-107.3689,52.4908],[-107.383,52.4735],[-107.4,52.4626],[-107.42,52.458],[-107.445,52.4637],[-107.475,52.4796],[-107.52,52.4897],[-107.58,52.4938],[-107.6125,52.4999],[-107.6174,52.5077],[-107.5874,52.5143]],[[-107.4618,52.5049],[-107.4539,52.5158],[-107.44,52.5239],[-107.42,52.5291],[-107.4015,52.5237],[-107.3846,52.5075],[-107.3796,52.4935],[-107.3865,52.4817],[-107.4,52.4735],[-107.42,52.4691],[-107.4389,52.475],[-107.4568,52.4913],[-107.4618,52.5049]]]}},{"type":"Feature","properties":{"c":"#00ff00","v0":0.003,"v1":0.005},"geometry":{"type":"Polygon","coordinates":[[[-107.0784,52.2798],[-107.0683,52.2798],[-107.0649,52.2761],[-107.0683,52.2687],[-107.0734,52.2687],[-107.0801,52.2761],[-107.0784,52.2798]]]}},{"type":"Feature","properties":{"c":"#00ff00","v0":0.003,"v1":0.005},"geometry":{"type":"Polygon","coordinates":[[[-101.5035,51.3308],[-101.4945,51.3374],[-101.4853,51.3374],[-101.4758,51.3308],[-101.4758,51.3251],[-101.4853,51.3203],[-101.4945,51.3203],[-101.5035,51.3251],[-101.5035,51.3308]]]}},{"type":"Feature","properties":{"c":"#00ff00","v0":0.003,"v1":0.005},"geometry":{"type":"Polygon","coordinates":[[[-113.4155,51.184],[-113.3985,51.1976],[-113.385,51.2027],[-113.375,51.1992],[-113.37,51.1843],[-113.37,51.1577],[-113.3792,51.1464],[-113.3977,51.1502],[-113.4112,51.1584],[-113.4198,51.171],[-113.4155,51.184]]]}},{"type":"Feature","properties":{"c":"#00ff00","v0":0.003,"v1":0.005},"geometry":{"type":"Polygon","coordinates":[[[-114.1974,51.1418],[-114.1791,51.1461],[-114.1668,51.143],[-114.1603,51.1324],[-114.1653,51.125],[-114.1818,51.1208],[-114.1941,51.124],[-114.2024,51.1344],[-114.1974,51.1418]]]}},{"type":"Feature","properties":{"c":"#00ff00","v0":0.003,"v1":0.005},"geometry":{"type":"Polygon","coordinates":[[[-114.4833,51.0213],[-114.4611,51.0359],[-114.4411,51.0391],[-114.4234,51.0307],[-114.4234,51.0167],[-114.4411,50.9972],[-114.4611,50.994],[-114.4833,51.0073],[-114.4833,51.0213]],[[-114.4725,51.018],[-114.4575,51.0261],[-114.4457,51.0261],[-114.437,51.018],[-114.437,51.0096],[-114.4457,51.001],[-114.4575,51.001],[-114.4725,51.0096],[-114.4725,51.018]]]}},{"type":"Feature","properties":{"c":"#00ff00","v0":0.003,"v1":0.005},"geometry":{"type":"Polygon","coordinates":[[[-114.3996,50.9415],[-114.3772,50.9478],[-114.372,50.9451],[-114.384,50.9334],[-114.3952,50.9302],[-114.4056,50.9357],[-114.3996,50.9415]]]}},{"type":"Feature","properties":{"c":"#00ff00","v0":0.003,"v1":0.005},"geometry":{"type":"Polygon","coordinates":[[[-112.1451,50.9293],[-112.1217,50.9365],[-112.1029,50.9365],[-112.0886,50.9293],[-112.0936,50.9195],[-112.1179,50.907],[-112.135,50.9008],[-112.145,50.9011],[-112.1517,50.9073],[-112.1551,50.9196],[-112.1451,50.9293]]]}},{"type":"Feature","properties":{"c":"#00ff00","v0":0.003,"v1":0.005},"geometry":{"type":"Polygon","coordinates":[[[-101.4802,50.9157],[-101.4734,50.9207],[-101.4659,50.9207],[-101.4578,50.9157],[-101.4578,50.9107],[-101.4659,50.9059],[-101.4734,50.9059],[-101.4802,50.9107],[-101.4802,50.9157]]]}},{"type":"Feature","properties":{"c":"#00ff00","v0":0.003,"v1":0.005},"geometry":{"type":"Polygon","coordinates":[[[-105.1151,50.8926],[-105.1117,50.902],[-105.105,50.906],[-105.095,50.9046],[-105.0891,50.8968],[-105.0873,50.8825],[-105.094,50.8785],[-105.1092,50.8848],[-105.1151,50.8926]]]}},{"type":"Feature","properties":{"c":"#00ff00","v0":0.003,"v1":0.005},"geometry":{"type":"Polygon","coordinates":[[[-115.2424,50.8887],[-115.2208,50.8903],[-115.2093,50.884],[-115.208,50.8698],[-115.2135,50.8627],[-115.226,50.8627],[-115.2375,50.869],[-115.2479,50.8816],[-115.2424,50.8887]]]}},{"type":"Feature","properties":{"c":"#00ff00","v0":0.003,"v1":0.005},"geometry":{"type":"Polygon","coordinates":[[[-114.5174,50.829],[-114.4725,50.8628],[-114.44,50.8823],[-114.42,50.8874],[-114.4003,50.8863],[-114.3808,50.879],[-114.3777,50.8595],[-114.3909,50.8279],[-114.4056,50.8069],[-114.4219,50.7964],[-114.445,50.7877],[-114.475,50.7806],[-114.5025,50.7858],[-114.5274,50.8034],[-114.5174,50.829]],[[-114.4695,50.8311],[-114.4638,50.8437],[-114.4532,50.8525],[-114.4377,50.8574],[-114.4262,50.8543],[-114.4186,50.843],[-114.4186,50.8317],[-114.4262,50.8201],[-114.4406,50.817],[-114.4617,50.8222],[-114.4695,50.8311]]]}},{"type":"Feature","properties":{"c":"#00ff00","v0":0.003,"v1":0.005},"geometry":{"type":"Polygon","coordinates":[[[-111.0918,50.8203],[-111.0773,50.8366],[-111.0542,50.8492],[-111.0227,50.8582],[-111.0035,50.8595],[-110.9966,50.8532],[-111.0023,50.8375],[-111.0208,50.8125],[-111.04,50.798],[-111.06,50.7942],[-111.0773,50.7972],[-111.0918,50.8072],[-111.0918,50.8203]],[[-111.0703,50.8177],[-111.0568,50.8287],[-111.046,50.8319],[-111.0379,50.8271],[-111.0379,50.8204],[-111.046,50.8116],[-111.0568,50.8084],[-111.0703,50.8109],[-111.0703,50.8177]]]}},{"type":"Feature","properties":{"c":"#00ff00","v0":0.003,"v1":0.005},"geometry":{"type":"Polygon","coordinates":[[[-114.7042,50.8323],[-114.6947,50.8474],[-114.68,50.8537],[-114.6601,50.8513],[-114.6549,50.8437],[-114.6643,50.8311],[-114.679,50.8248],[-114.6989,50.8248],[-114.7042,50.8323]]]}},{"type":"Feature","properties":{"c":"#00ff00","v0":0.003,"v1":0.005},"geometry":{"type":"Polygon","coordinates":[[[-114.1719,50.7685],[-114.1573,50.7824],[-114.115,50.7983],[-114.045,50.8163],[-113.995,50.8253],[-113.965,50.8255],[-113.935,50.8339],[-113.905,50.8505],[-113.8828,50.8566],[-113.8684,50.8522],[-113.8661,50.8406],[-113.8759,50.8216],[-113.8981,50.8119],[-113.9327,50.8114],[-113.965,50.7999],[-113.995,50.7775],[-114.03,50.7681],[-114.07,50.7718],[-114.105,50.7653],[-114.135,50.7487],[-114.1573,50.7457],[-114.1719,50.7563],[-114.1719,50.7685]]]}},{"type":"Feature","properties":{"c":"#00ff00","v0":0.003,"v1":0.005},"geometry":{"type":"Polygon","coordinates":[[[-105.0637,50.7748],[-105.0546,50.8011],[-105.04,50.8149],[-105.02,50.8162],[-105.0006,50.8125],[-104.9818,50.8038],[-104.9868,50.7877],[-105.0156,50.764],[-105.0379,50.7513],[-105.0536,50.7497],[-105.0631,50.7521],[-105.0666,50.7584],[-105.0637,50.7748]],[[-105.0313,50.8004],[-105.0171,50.8022],[-105.0072,50.7991],[-105.0017,50.7909],[-105.0067,50.7845],[-105.0222,50.7797],[-105.0321,50.7829],[-105.0363,50.794],[-105.0313,50.8004]]]}},{"type":"Feature","properties":{"c":"#00ff00","v0":0.003,"v1":0.005},"geometry":{"type":"Polygon","coordinates":[[[-114.5262,50.7543],[-114.5154,50.7652],[-114.5053,50.7684],[-114.4958,50.7638],[-114.4958,50.757],[-114.5053,50.7478],[-114.5154,50.7446],[-114.5262,50.7475],[-114.5262,50.7543]]]}},{"type":"Feature","properties":{"c":"#00ff00","v0":0.003,"v1":0.005},"geometry":{"type":"Polygon","coordinates":[[[-104.8683,50.6834],[-104.8294,50.7045],[-104.7906,50.7076],[-104.7518,50.6929],[-104.7368,50.6789],[-104.7456,50.6654],[-104.78,50.6585],[-104.84,50.6582],[-104.8744,50.6617],[-104.8833,50.6692],[-104.8683,50.6834]]]}},{"type":"Feature","properties":{"c":"#00ff00","v0":0.003,"v1":0.005},"geometry":{"type":"Polygon","coordinates":[[[-109.7188,50.6793],[-109.7057,50.6919],[-109.6913,50.6983],[-109.6755,50.6983],[-109.6732,50.6915],[-109.6844,50.678],[-109.6988,50.6717],[-109.7165,50.6725],[-109.7188,50.6793]]]}},{"type":"Feature","properties":{"c":"#00ff00","v0":0.003,"v1":0.005},"geometry":{"type":"Polygon","coordinates":[[[-105.0092,50.6567],[-104.9831,50.6749],[-104.9599,50.6717],[-104.9397,50.6472],[-104.9447,50.633],[-104.9749,50.6292],[-104.9981,50.6323],[-105.0142,50.6425],[-105.0092,50.6567]]]}},{"type":"Feature","properties":{"c":"#00ff00","v0":0.003,"v1":0.005},"geometry":{"type":"Polygon","coordinates":[[[-114.2431,50.6525],[-114.221,50.6623],[-114.201,50.6623],[-114.1829,50.6525],[-114.1879,50.6439],[-114.216,50.6366],[-114.236,50.6366],[-114.2481,50.6439],[-114.2431,50.6525]]]}},{"type":"Feature","properties":{"c":"#00ff00","v0":0.003,"v1":0.005},"geometry":{"type":"Polygon","coordinates":[[[-114.0011,50.6387],[-113.9804,50.6465],[-113.9653,50.6465],[-113.9558,50.6387],[-113.9608,50.6317],[-113.9803,50.6253],[-113.9954,50.6253],[-114.0061,50.6317],[-114.0011,50.6387]]]}},{"type":"Feature","properties":{"c":"#00ff00","v0":0.003,"v1":0.005},"geometry":{"type":"Polygon","coordinates":[[[-101.2176,50.6299],[-101.1859,50.6453],[-101.1479,50.6421],[-101.1037,50.6204],[-101.0887,50.6025],[-101.1029,50.5886],[-101.13,50.5839],[-101.17,50.5885],[-101.2009,50.5986],[-101.2226,50.6143],[-101.2176,50.6299]],[[-101.203,50.6256],[-101.181,50.6324],[-101.1644,50.6292],[-101.1533,50.6161],[-101.1583,50.6079],[-101.1794,50.6046],[-101.196,50.6078],[-101.208,50.6174],[-101.203,50.6256]]]}},{"type":"Feature","properties":{"c":"#00ff00","v0":0.003,"v1":0.005},"geometry":{"type":"Polygon","coordinates":[[[-104.6226,50.6254],[-104.6098,50.6317],[-104.5979,50.6285],[-104.5869,50.6158],[-104.5886,50.6083],[-104.6029,50.6061],[-104.6147,50.6092],[-104.6242,50.6179],[-104.6226,50.6254]]]}},{"type":"Feature","properties":{"c":"#00ff00","v0":0.003,"v1":0.005},"geometry":{"type":"Polygon","coordinates":[[[-105.7903,50.6014],[-105.7768,50.6105],[-105.735,50.6113],[-105.665,50.6038],[-105.6244,50.5929],[-105.6131,50.5786],[-105.6131,50.5661],[-105.6244,50.5556],[-105.64,50.5493],[-105.66,50.5472],[-105.7018,50.5588],[-105.7653,50.5841],[-105.7903,50.6014]],[[-105.7114,50.5857],[-105.6705,50.5889],[-105.6434,50.5857],[-105.6303,50.5762],[-105.6353,50.5673],[-105.6584,50.559],[-105.6855,50.5622],[-105.7164,50.5768],[-105.7114,50.5857]]]}},{"type":"Feature","properties":{"c":"#00ff00","v0":0.003,"v1":0.005},"geometry":{"type":"Polygon","coordinates":[[[-105.2195,50.5492],[-105.1984,50.5809],[-105.1734,50.5991],[-105.1445,50.6037],[-105.1231,50.5974],[-105.1094,50.5801],[-105.1194,50.5548],[-105.1531,50.5215],[-105.18,50.5035],[-105.2,50.5008],[-105.215,50.5079],[-105.225,50.5248],[-105.2195,50.5492]]]}},{"type":"Feature","properties":{"c":"#00ff00","v0":0.003,"v1":0.005},"geometry":{"type":"Polygon","coordinates":[[[-114.7498,50.5301],[-114.7366,50.5492],[-114.7243,50.546],[-114.7128,50.5206],[-114.7194,50.511],[-114.7441,50.5174],[-114.7498,50.5301]]]}},{"type":"Feature","properties":{"c":"#00ff00","v0":0.003,"v1":0.005},"geometry":{"type":"Polygon","coordinates":[[[-101.0907,50.546],[-101.0782,50.546],[-101.0742,50.5428],[-101.0787,50.5365],[-101.085,50.5365],[-101.0929,50.5428],[-101.0907,50.546]]]}},{"type":"Feature","properties":{"c":"#00ff00","v0":0.003,"v1":0.005},"geometry":{"type":"Polygon","coordinates":[[[-104.4319,50.513],[-104.4173,50.5232],[-104.3895,50.5264],[-104.3484,50.5225],[-104.326,50.5047],[-104.3224,50.4728],[-104.3128,50.4474],[-104.2973,50.4283],[-104.293,50.4155],[-104.2998,50.4092],[-104.3149,50.4061],[-104.3383,50.4063],[-104.3679,50.4191],[-104.4036,50.4443],[-104.4259,50.4697],[-104.4347,50.4951],[-104.4319,50.513]],[[-104.3931,50.4792],[-104.3835,50.4983],[-104.3715,50.5089],[-104.3572,50.5111],[-104.35,50.4991],[-104.35,50.4728],[-104.355,50.4577],[-104.365,50.4537],[-104.377,50.4561],[-104.391,50.4652],[-104.3931,50.4792]]]}},{"type":"Feature","properties":{"c":"#00ff00","v0":0.003,"v1":0.005},"geometry":{"type":"Polygon","coordinates":[[[-100.711,50.4346],[-100.6313,50.4919],[-100.5802,50.5206],[-100.5577,50.5206],[-100.5624,50.5015],[-100.5944,50.4633],[-100.6035,50.4378],[-100.5896,50.4251],[-100.5851,50.4123],[-100.5901,50.3996],[-100.5821,50.3837],[-100.5611,50.3645],[-100.5535,50.3486],[-100.5591,50.3358],[-100.5839,50.3289],[-100.628,50.328],[-100.6752,50.3471],[-100.7257,50.3864],[-100.711,50.4346]],[[-100.7163,50.4082],[-100.6854,50.4128],[-100.6486,50.4032],[-100.6058,50.3796],[-100.5826,50.3613],[-100.5788,50.3486],[-100.5902,50.34],[-100.6167,50.3356],[-100.6554,50.3516],[-100.7063,50.3878],[-100.7163,50.4082]]]}},{"type":"Feature","properties":{"c":"#00ff00","v0":0.003,"v1":0.005},"geometry":{"type":"Polygon","coordinates":[[[-104.7447,50.4626],[-104.7216,50.4738],[-104.7022,50.4738],[-104.6865,50.4626],[-104.6865,50.4512],[-104.7022,50.4399],[-104.72,50.436],[-104.74,50.4395],[-104.7516,50.4452],[-104.7547,50.453],[-104.7447,50.4626]],[[-104.7294,50.4596],[-104.7165,50.465],[-104.7071,50.465],[-104.7013,50.4596],[-104.7013,50.4542],[-104.7071,50.4489],[-104.7165,50.4489],[-104.7294,50.4542],[-104.7294,50.4596]]]}},{"type":"Feature","properties":{"c":"#00ff00","v0":0.003,"v1":0.005},"geometry":{"type":"Polygon","coordinates":[[[-102.4115,50.4356],[-102.3972,50.4439],[-102.37,50.4421],[-102.33,50.4302],[-102.3036,50.4133],[-102.2909,50.3914],[-102.2959,50.3795],[-102.3186,50.3777],[-102.3522,50.3904],[-102.3965,50.4178],[-102.4115,50.4356]]]}},{"type":"Feature","properties":{"c":"#00ff00","v0":0.003,"v1":0.005},"geometry":{"type":"Polygon","coordinates":[[[-104.9455,50.4247],[-104.9352,50.4365],[-104.925,50.4415],[-104.915,50.4397],[-104.9,50.427],[-104.88,50.4036],[-104.88,50.3888],[-104.9,50.3825],[-104.9202,50.3892],[-104.9405,50.4089],[-104.9455,50.4247]]]}},{"type":"Feature","properties":{"c":"#00ff00","v0":0.003,"v1":0.005},"geometry":{"type":"Polygon","coordinates":[[[-114.1889,50.4113],[-114.1763,50.4218],[-114.1512,50.425],[-114.1135,50.4208],[-114.1085,50.4095],[-114.1362,50.3911],[-114.1613,50.3879],[-114.1839,50.3999],[-114.1889,50.4113]],[[-114.1701,50.4092],[-114.1567,50.4158],[-114.1462,50.4158],[-114.1387,50.4092],[-114.1387,50.4027],[-114.1462,50.3961],[-114.1567,50.3961],[-114.1701,50.4027],[-114.1701,50.4092]]]}},{"type":"Feature","properties":{"c":"#00ff00","v0":0.003,"v1":0.005},"geometry":{"type":"Polygon","coordinates":[[[-102.4568,50.3753],[-102.4389,50.3906],[-102.4214,50.3938],[-102.4043,50.3849],[-102.3975,50.3741],[-102.4011,50.3613],[-102.4097,50.3527],[-102.4232,50.3482],[-102.4389,50.3514],[-102.4568,50.3623],[-102.4568,50.3753]],[[-102.4426,50.3714],[-102.4342,50.3788],[-102.4264,50.3788],[-102.4193,50.3714],[-102.4235,50.3677],[-102.4391,50.3677],[-102.4426,50.3714]]]}},{"type":"Feature","properties":{"c":"#00ff00","v0":0.003,"v1":0.005},"geometry":{"type":"Polygon","coordinates":[[[-102.1285,50.3668],[-102.1162,50.3904],[-102.1,50.4021],[-102.08,50.402],[-102.0629,50.3965],[-102.0486,50.3858],[-102.0411,50.3741],[-102.0404,50.3613],[-102.0526,50.3453],[-102.0775,50.3259],[-102.0994,50.3195],[-102.1181,50.3261],[-102.1293,50.3358],[-102.1329,50.3486],[-102.1285,50.3668]],[[-102.1122,50.3747],[-102.0974,50.3888],[-102.0802,50.3888],[-102.0606,50.3747],[-102.0606,50.3587],[-102.0802,50.3406],[-102.0974,50.3406],[-102.1122,50.3587],[-102.1122,50.3747]]]}},{"type":"Feature","properties":{"c":"#00ff00","v0":0.003,"v1":0.005},"geometry":{"type":"Polygon","coordinates":[[[-105.068,50.3805],[-105.0548,50.3805],[-105.0474,50.3709],[-105.0459,50.3518],[-105.0525,50.3518],[-105.0673,50.3709],[-105.068,50.3805]]]}},{"type":"Feature","properties":{"c":"#00ff00","v0":0.003,"v1":0.005},"geometry":{"type":"Polygon","coordinates":[[[-105.0344,50.3318],[-105.0315,50.3366],[-105.02,50.3355],[-105.0,50.3285],[-104.98,50.3337],[-104.96,50.3509],[-104.9432,50.3584],[-104.9296,50.3561],[-104.9296,50.3372],[-104.9432,50.3016],[-104.965,50.2841],[-104.995,50.2846],[-105.0165,50.296],[-105.0294,50.3183],[-105.0344,50.3318]]]}},{"type":"Feature","properties":{"c":"#00ff00","v0":0.003,"v1":0.005},"geometry":{"type":"Polygon","coordinates":[[[-110.2154,50.3106],[-110.1985,50.3239],[-110.1727,50.3271],[-110.1382,50.3201],[-110.1235,50.3103],[-110.1286,50.2975],[-110.1409,50.2886],[-110.1603,50.2835],[-110.1835,50.2867],[-110.2104,50.2982],[-110.2154,50.3106]],[[-110.1933,50.3083],[-110.1778,50.3171],[-110.164,50.3171],[-110.152,50.3083],[-110.152,50.3012],[-110.164,50.2958],[-110.1778,50.2958],[-110.1933,50.3012],[-110.1933,50.3083]]]}},{"type":"Feature","properties":{"c":"#00ff00","v0":0.003,"v1":0.005},"geometry":{"type":"Polygon","coordinates":[[[-100.7821,50.3186],[-100.7607,50.3227],[-100.75,50.3175],[-100.75,50.3032],[-100.7607,50.3012],[-100.7821,50.3115],[-100.7821,50.3186]]]}},{"type":"Feature","properties":{"c":"#00ff00","v0":0.003,"v1":0.005},"geometry":{"type":"Polygon","coordinates":[[[-105.5375,50.3068],[-105.5192,50.3125],[-105.505,50.307],[-105.495,50.2901],[-105.5,50.2808],[-105.52,50.2791],[-105.5342,50.2847],[-105.5425,50.2975],[-105.5375,50.3068]]]}},{"type":"Feature","properties":{"c":"#00ff00","v0":0.003,"v1":0.005},"geometry":{"type":"Polygon","coordinates":[[[-100.586,50.2681],[-100.5753,50.2733],[-100.5654,50.2733],[-100.5563,50.2681],[-100.5563,50.2619],[-100.5654,50.2546],[-100.5753,50.2546],[-100.586,50.2619],[-100.586,50.2681]]]}},{"type":"Feature","properties":{"c":"#00ff00","v0":0.003,"v1":0.005},"geometry":{"type":"Polygon","coordinates":[[[-105.3067,50.243],[-105.2956,50.2491],[-105.2842,50.2491],[-105.2725,50.243],[-105.2725,50.236],[-105.2842,50.2282],[-105.2956,50.2282],[-105.3067,50.236],[-105.3067,50.243]]]}},{"type":"Feature","properties":{"c":"#00ff00","v0":0.003,"v1":0.005},"geometry":{"type":"Polygon","coordinates":[[[-105.1994,50.2317],[-105.1798,50.2408],[-105.1624,50.2376],[-105.1472,50.2221],[-105.1522,50.2127],[-105.1774,50.2095],[-105.1948,50.2127],[-105.2044,50.2223],[-105.1994,50.2317]]]}},{"type":"Feature","properties":{"c":"#00ff00","v0":0.003,"v1":0.005},"geometry":{"type":"Polygon","coordinates":[[[-100.7581,50.1849],[-100.7394,50.2285],[-100.7128,50.2381],[-100.6784,50.2137],[-100.6642,50.1888],[-100.6702,50.1631],[-100.6774,50.1461],[-100.6858,50.1376],[-100.7,50.133],[-100.72,50.1325],[-100.7394,50.14],[-100.7581,50.1554],[-100.7581,50.1849]],[[-100.7476,50.1716],[-100.7359,50.1884],[-100.72,50.1969],[-100.7,50.1969],[-100.6919,50.1853],[-100.6958,50.162],[-100.7058,50.1489],[-100.7219,50.1461],[-100.7359,50.1493],[-100.7476,50.1585],[-100.7476,50.1716]]]}},{"type":"Feature","properties":{"c":"#00ff00","v0":0.003,"v1":0.005},"geometry":{"type":"Polygon","coordinates":[[[-104.8111,50.2095],[-104.797,50.2253],[-104.7828,50.2317],[-104.7685,50.2287],[-104.7494,50.208],[-104.7256,50.1695],[-104.716,50.1439],[-104.7205,50.1311],[-104.7346,50.1228],[-104.7582,50.1191],[-104.78,50.1215],[-104.8,50.1299],[-104.812,50.1509],[-104.8161,50.1847],[-104.8111,50.2095]],[[-104.7951,50.1631],[-104.792,50.1888],[-104.7854,50.2015],[-104.7751,50.2014],[-104.7624,50.1854],[-104.7473,50.1535],[-104.7473,50.1358],[-104.7624,50.1325],[-104.7766,50.1357],[-104.7899,50.1455],[-104.7951,50.1631]]]}},{"type":"Feature","properties":{"c":"#00ff00","v0":0.003,"v1":0.005},"geometry":{"type":"Polygon","coordinates":[[[-104.6512,50.2084],[-104.6371,50.2219],[-104.6212,50.2251],[-104.6036,50.218],[-104.5986,50.2075],[-104.6062,50.1938],[-104.6221,50.1906],[-104.6462,50.1979],[-104.6512,50.2084]]]}},{"type":"Feature","properties":{"c":"#00ff00","v0":0.003,"v1":0.005},"geometry":{"type":"Polygon","coordinates":[[[-105.0959,50.2044],[-105.0786,50.2101],[-105.0667,50.2069],[-105.06,50.1948],[-105.065,50.1866],[-105.0817,50.1823],[-105.0936,50.1855],[-105.1009,50.1962],[-105.0959,50.2044]]]}},{"type":"Feature","properties":{"c":"#00ff00","v0":0.003,"v1":0.005},"geometry":{"type":"Polygon","coordinates":[[[-97.8062,50.1828],[-97.7954,50.1966],[-97.7786,50.1966],[-97.7559,50.1828],[-97.7559,50.1696],[-97.7786,50.157],[-97.7954,50.157],[-97.8062,50.1696],[-97.8062,50.1828]]]}},{"type":"Feature","properties":{"c":"#00ff00","v0":0.003,"v1":0.005},"geometry":{"type":"Polygon","coordinates":[[[-100.6113,50.1349],[-100.5838,50.1552],[-100.555,50.1545],[-100.525,50.1329],[-100.5092,50.1163],[-100.5076,50.1048],[-100.5176,50.0962],[-100.5392,50.0907],[-100.5688,50.0971],[-100.6063,50.1155],[-100.6113,50.1349]]]}},{"type":"Feature","properties":{"c":"#00ff00","v0":0.003,"v1":0.005},"geometry":{"type":"Polygon","coordinates":[[[-100.8698,50.0901],[-100.8566,50.0978],[-100.8432,50.0978],[-100.8295,50.0901],[-100.8295,50.081],[-100.8432,50.0707],[-100.8566,50.0707],[-100.8698,50.081],[-100.8698,50.0901]]]}},{"type":"Feature","properties":{"c":"#00ff00","v0":0.003,"v1":0.005},"geometry":{"type":"Polygon","coordinates":[[[-102.0714,50.0383],[-102.0705,50.0453],[-102.0619,50.0485],[-102.0458,50.048],[-102.0408,50.0423],[-102.0469,50.0315],[-102.0555,50.0283],[-102.0664,50.0327],[-102.0714,50.0383]]]}},{"type":"Feature","properties":{"c":"#00ff00","v0":0.003,"v1":0.005},"geometry":{"type":"Polygon","coordinates":[[[-102.1357,49.9788],[-102.1186,49.9953],[-102.0985,49.9985],[-102.0755,49.9884],[-102.0705,49.9764],[-102.0835,49.9623],[-102.1036,49.9591],[-102.1307,49.9667],[-102.1357,49.9788]]]}},{"type":"Feature","properties":{"c":"#00ff00","v0":0.003,"v1":0.005},"geometry":{"type":"Polygon","coordinates":[[[-100.8752,49.9026],[-100.8317,49.9468],[-100.775,49.9723],[-100.705,49.9789],[-100.66,49.9776],[-100.64,49.9683],[-100.6304,49.9558],[-100.6311,49.9399],[-100.6411,49.9273],[-100.6604,49.9181],[-100.7,49.9125],[-100.76,49.9105],[-100.805,49.8974],[-100.835,49.8732],[-100.8617,49.8659],[-100.8852,49.8756],[-100.8752,49.9026]],[[-100.7141,49.9393],[-100.698,49.9541],[-100.6788,49.9606],[-100.6564,49.9586],[-100.6514,49.9496],[-100.6638,49.9335],[-100.683,49.9271],[-100.7091,49.9303],[-100.7141,49.9393]],[[-100.8696,49.8853],[-100.8565,49.8949],[-100.85,49.8941],[-100.85,49.8828],[-100.8565,49.878],[-100.8696,49.8796],[-100.8696,49.8853]]]}},{"type":"Feature","properties":{"c":"#00ff00","v0":0.003,"v1":0.005},"geometry":{"type":"Polygon","coordinates":[[[-111.1931,49.9255],[-111.1877,49.9384],[-111.1713,49.9491],[-111.1438,49.9576],[-111.11,49.959],[-111.07,49.9532],[-111.0391,49.9393],[-111.0172,49.9172],[-111.0372,49.9],[-111.0991,49.8875],[-111.1465,49.8907],[-111.1794,49.9096],[-111.1931,49.9255]],[[-111.1809,49.9254],[-111.1736,49.938],[-111.16,49.9465],[-111.14,49.9508],[-111.1074,49.9445],[-111.0622,49.9275],[-111.0622,49.9114],[-111.1074,49.8959],[-111.1436,49.8959],[-111.1709,49.9114],[-111.1809,49.9254]]]}},{"type":"Feature","properties":{"c":"#00ff00","v0":0.003,"v1":0.005},"geometry":{"type":"Polygon","coordinates":[[[-92.6474,49.9361],[-92.6358,49.9445],[-92.6243,49.9445],[-92.613,49.9361],[-92.613,49.9288],[-92.6243,49.9224],[-92.6358,49.9224],[-92.6474,49.9288],[-92.6474,49.9361]]]}},{"type":"Feature","properties":{"c":"#00ff00","v0":0.003,"v1":0.005},"geometry":{"type":"Polygon","coordinates":[[[-102.3167,49.9245],[-102.2989,49.9352],[-102.285,49.932],[-102.2749,49.9148],[-102.2749,49.9046],[-102.285,49.9014],[-102.2989,49.9047],[-102.3167,49.9143],[-102.3167,49.9245]]]}},{"type":"Feature","properties":{"c":"#00ff00","v0":0.003,"v1":0.005},"geometry":{"type":"Polygon","coordinates":[[[-111.2949,49.874],[-111.2783,49.887],[-111.262,49.887],[-111.246,49.874],[-111.246,49.8627],[-111.262,49.8531],[-111.2783,49.8531],[-111.2949,49.8627],[-111.2949,49.874]]]}},{"type":"Feature","properties":{"c":"#00ff00","v0":0.003,"v1":0.005},"geometry":{"type":"Polygon","coordinates":[[[-101.4168,49.8222],[-101.3856,49.8347],[-101.3619,49.8315],[-101.3458,49.8125],[-101.3408,49.7986],[-101.3469,49.7897],[-101.36,49.7839],[-101.38,49.7812],[-101.4006,49.7888],[-101.4218,49.8069],[-101.4168,49.8222]],[[-101.4082,49.82],[-101.3827,49.828],[-101.365,49.8248],[-101.355,49.8103],[-101.36,49.799],[-101.38,49.7911],[-101.3977,49.7943],[-101.4132,49.8087],[-101.4082,49.82]]]}},{"type":"Feature","properties":{"c":"#00ff00","v0":0.003,"v1":0.005},"geometry":{"type":"Polygon","coordinates":[[[-100.8098,49.8095],[-100.7911,49.8224],[-100.7708,49.8256],[-100.749,49.8192],[-100.7461,49.8113],[-100.762,49.8019],[-100.7823,49.7987],[-100.8069,49.8016],[-100.8098,49.8095]]]}},{"type":"Feature","properties":{"c":"#00ff00","v0":0.003,"v1":0.005},"geometry":{"type":"Polygon","coordinates":[[[-101.1962,49.7555],[-101.1787,49.7639],[-101.1634,49.7639],[-101.1501,49.7555],[-101.1501,49.747],[-101.1634,49.7384],[-101.1787,49.7384],[-101.1962,49.747],[-101.1962,49.7555]]]}},{"type":"Feature","properties":{"c":"#00ff00","v0":0.003,"v1":0.005},"geometry":{"type":"Polygon","coordinates":[[[-100.81,49.6541],[-100.7833,49.6666],[-100.7616,49.6698],[-100.7447,49.6638],[-100.7497,49.6463],[-100.7766,49.6174],[-100.7983,49.6141],[-100.815,49.6366],[-100.81,49.6541]]]}},{"type":"Feature","properties":{"c":"#00ff00","v0":0.003,"v1":0.005},"geometry":{"type":"Polygon","coordinates":[[[-124.0528,49.3529],[-124.0509,49.3604],[-124.0383,49.3669],[-124.0149,49.3724],[-123.9999,49.383],[-123.9933,49.3987],[-123.9794,49.4085],[-123.9581,49.4123],[-123.9467,49.4077],[-123.9452,49.3947],[-123.9552,49.3849],[-123.9767,49.3784],[-123.9893,49.3654],[-123.9931,49.3458],[-124.0097,49.3393],[-124.0391,49.3458],[-124.0528,49.3529]]]}},{"type":"Feature","properties":{"c":"#00ff00","v0":0.003,"v1":0.005},"geometry":{"type":"Polygon","coordinates":[[[-122.8506,49.2885],[-122.8369,49.2979],[-122.821,49.2979],[-122.8029,49.2885],[-122.8029,49.2781],[-122.821,49.2665],[-122.8369,49.2665],[-122.8506,49.2781],[-122.8506,49.2885]]]}},{"type":"Feature","properties":{"c":"#00ff00","v0":0.003,"v1":0.005},"geometry":{"type":"Polygon","coordinates":[[[-122.3574,49.2323],[-122.3391,49.2337],[-122.3302,49.2304],[-122.3307,49.2225],[-122.3387,49.2186],[-122.3542,49.2186],[-122.3631,49.2219],[-122.3654,49.2284],[-122.3574,49.2323]]]}},{"type":"Feature","properties":{"c":"#00ff00","v0":0.003,"v1":0.005},"geometry":{"type":"Polygon","coordinates":[[[-122.3534,48.6668],[-122.3376,48.6668],[-122.3347,48.6633],[-122.3449,48.6562],[-122.3528,48.6562],[-122.3585,48.6633],[-122.3534,48.6668]]]}},{"type":"Feature","properties":{"c":"#00ff00","v0":0.003,"v1":0.005},"geometry":{"type":"Polygon","coordinates":[[[-77.8009,48.5521],[-77.7803,48.5605],[-77.7648,48.5605],[-77.7543,48.5521],[-77.7593,48.542],[-77.7798,48.5305],[-77.7953,48.5305],[-77.8059,48.542],[-77.8009,48.5521]]]}},{"type":"Feature","properties":{"c":"#00ff00","v0":0.003,"v1":0.005},"geometry":{"type":"Polygon","coordinates":[[[-71.4659,48.3124],[-71.4553,48.3195],[-71.4467,48.3195],[-71.4402,48.3124],[-71.4455,48.3089],[-71.4626,48.3089],[-71.4659,48.3124]]]}},{"type":"Feature","properties":{"c":"#00ff00","v0":0.003,"v1":0.005},"geometry":{"type":"Polygon","coordinates":[[[-71.04,47.9255],[-71.02,47.9331],[-71.0064,47.9297],[-70.9991,47.9154],[-71.0041,47.9061],[-71.0214,47.9018],[-71.035,47.9051],[-71.045,47.9162],[-71.04,47.9255]]]}},{"type":"Feature","properties":{"c":"#00ff00","v0":0.003,"v1":0.005},"geometry":{"type":"Polygon","coordinates":[[[-72.4273,47.8954],[-72.4158,47.8964],[-72.4092,47.8931],[-72.4077,47.8853],[-72.4127,47.8809],[-72.4242,47.8799],[-72.4308,47.8832],[-72.4323,47.891],[-72.4273,47.8954]]]}},{"type":"Feature","properties":{"c":"#00ff00","v0":0.003,"v1":0.005},"geometry":{"type":"Polygon","coordinates":[[[-71.2872,46.4968],[-71.2757,46.5002],[-71.2653,46.4967],[-71.256,46.4864],[-71.261,46.4807],[-71.2803,46.4796],[-71.2907,46.4831],[-71.2922,46.4911],[-71.2872,46.4968]]]}},{"type":"Feature","properties":{"c":"#00ff00","v0":0.003,"v1":0.005},"geometry":{"type":"Polygon","coordinates":[[[-71.1548,46.3052],[-71.1383,46.3117],[-71.1277,46.3083],[-71.123,46.2948],[-71.128,46.2866],[-71.1427,46.2835],[-71.1533,46.287],[-71.1598,46.297],[-71.1548,46.3052]]]}},{"type":"Feature","properties":{"c":"#00ff00","v0":0.003,"v1":0.005},"geometry":{"type":"Polygon","coordinates":[[[-80.5498,45.7936],[-80.5233,45.8043],[-80.5022,45.8043],[-80.4866,45.7936],[-80.4866,45.7821],[-80.5022,45.7698],[-80.5233,45.7698],[-80.5498,45.7821],[-80.5498,45.7936]]]}},{"type":"Feature","properties":{"c":"#00ff00","v0":0.003,"v1":0.005},"geometry":{"type":"Polygon","coordinates":[[[-76.117,45.0344],[-76.1123,45.043],[-76.1006,45.043],[-76.0817,45.0344],[-76.0767,45.0261],[-76.0856,45.0184],[-76.0973,45.0184],[-76.112,45.0261],[-76.117,45.0344]]]}},{"type":"Feature","properties":{"c":"#00ff00","v0":0.003,"v1":0.005},"geometry":{"type":"Polygon","coordinates":[[[-64.3076,44.9056],[-64.2825,44.9114],[-64.2638,44.9043],[-64.2514,44.8843],[-64.2564,44.8729],[-64.2788,44.8701],[-64.2975,44.8772],[-64.3126,44.8942],[-64.3076,44.9056]],[[-64.2939,44.8922],[-64.2913,44.8995],[-64.2838,44.8995],[-64.2715,44.8922],[-64.2728,44.8885],[-64.2877,44.8885],[-64.2939,44.8922]]]}},{"type":"Feature","properties":{"c":"#00ff00","v0":0.003,"v1":0.005},"geometry":{"type":"Polygon","coordinates":[[[-75.727,44.8644],[-75.7157,44.8728],[-75.7062,44.8728],[-75.6987,44.8644],[-75.7043,44.8602],[-75.7232,44.8602],[-75.727,44.8644]]]}},{"type":"Feature","properties":{"c":"#00ff00","v0":0.003,"v1":0.005},"geometry":{"type":"Polygon","coordinates":[[[-71.1863,44.2671],[-71.1754,44.2781],[-71.1638,44.2816],[-71.1513,44.2778],[-71.1513,44.2688],[-71.1638,44.2546],[-71.1754,44.251],[-71.1863,44.2581],[-71.1863,44.2671]]]}},{"type":"Feature","properties":{"c":"#00ff00","v0":0.003,"v1":0.005},"geometry":{"type":"Polygon","coordinates":[[[-61.49,44.1613],[-61.4744,44.1613],[-61.4724,44.158],[-61.4841,44.1515],[-61.4919,44.1515],[-61.4958,44.158],[-61.49,44.1613]]]}},{"type":"Feature","properties":{"c":"#00ff00","v0":0.003,"v1":0.005},"geometry":{"type":"Polygon","coordinates":[[[-79.5929,43.9572],[-79.5776,43.9802],[-79.56,43.9906],[-79.54,43.9882],[-79.5239,43.9803],[-79.5116,43.9668],[-79.5166,43.9484],[-79.5389,43.9251],[-79.5626,43.9215],[-79.5879,43.9376],[-79.5929,43.9572]],[[-79.5763,43.9505],[-79.5721,43.9604],[-79.5636,43.964],[-79.5507,43.9613],[-79.5457,43.9542],[-79.5486,43.9424],[-79.5571,43.9388],[-79.5713,43.9434],[-79.5763,43.9505]]]}},{"type":"Feature","properties":{"c":"#00ff00","v0":0.003,"v1":0.005},"geometry":{"type":"Polygon","coordinates":[[[-79.3935,43.7331],[-79.3778,43.7409],[-79.3665,43.7409],[-79.3595,43.7331],[-79.3645,43.7259],[-79.3815,43.7194],[-79.3928,43.7194],[-79.3985,43.7259],[-79.3935,43.7331]]]}},{"type":"Feature","properties":{"c":"#00ff00","v0":0.003,"v1":0.005},"geometry":{"type":"Polygon","coordinates":[[[-81.1174,43.7053],[-81.1125,43.7152],[-81.1005,43.7188],[-81.0815,43.7161],[-81.0765,43.7078],[-81.0855,43.6938],[-81.0975,43.6902],[-81.1124,43.6969],[-81.1174,43.7053]]]}},{"type":"Feature","properties":{"c":"#00ff00","v0":0.003,"v1":0.005},"geometry":{"type":"Polygon","coordinates":[[[-96.8977,43.6486],[-96.8792,43.6608],[-96.8609,43.6572],[-96.8428,43.6377],[-96.8428,43.6236],[-96.8609,43.615],[-96.8792,43.6186],[-96.8977,43.6345],[-96.8977,43.6486]],[[-96.8804,43.6424],[-96.8647,43.6424],[-96.8601,43.6384],[-96.8667,43.6304],[-96.8746,43.6304],[-96.8837,43.6384],[-96.8804,43.6424]]]}},{"type":"Feature","properties":{"c":"#00ff00","v0":0.003,"v1":0.005},"geometry":{"type":"Polygon","coordinates":[[[-69.7126,43.5431],[-69.6842,43.5474],[-69.6629,43.5438],[-69.6486,43.5323],[-69.6586,43.5243],[-69.6929,43.52],[-69.7142,43.5236],[-69.7226,43.5352],[-69.7126,43.5431]]]}},{"type":"Feature","properties":{"c":"#00ff00","v0":0.003,"v1":0.005},"geometry":{"type":"Polygon","coordinates":[[[-96.8554,43.4721],[-96.8336,43.4794],[-96.8277,43.4757],[-96.8376,43.4612],[-96.8484,43.4576],[-96.8603,43.4649],[-96.8554,43.4721]]]}},{"type":"Feature","properties":{"c":"#00ff00","v0":0.003,"v1":0.005},"geometry":{"type":"Polygon","coordinates":[[[-96.6995,43.4591],[-96.6798,43.4693],[-96.6614,43.473],[-96.6442,43.47],[-96.6442,43.4514],[-96.6614,43.4171],[-96.6798,43.4135],[-96.6995,43.4405],[-96.6995,43.4591]]]}},{"type":"Feature","properties":{"c":"#00ff00","v0":0.003,"v1":0.005},"geometry":{"type":"Polygon","coordinates":[[[-81.3966,43.3704],[-81.3693,43.3777],[-81.3504,43.3741],[-81.3399,43.3595],[-81.3435,43.3481],[-81.3612,43.3399],[-81.3801,43.3435],[-81.4002,43.359],[-81.3966,43.3704]]]}},{"type":"Feature","properties":{"c":"#00ff00","v0":0.003,"v1":0.005},"geometry":{"type":"Polygon","coordinates":[[[-70.0117,43.3558],[-69.9972,43.3629],[-69.9819,43.3629],[-69.9658,43.3558],[-69.9658,43.3477],[-69.9819,43.3386],[-69.9972,43.3386],[-70.0117,43.3477],[-70.0117,43.3558]]]}},{"type":"Feature","properties":{"c":"#00ff00","v0":0.003,"v1":0.005},"geometry":{"type":"Polygon","coordinates":[[[-70.249,43.2109],[-70.2363,43.2195],[-70.22,43.22],[-70.2,43.2124],[-70.18,43.2153],[-70.16,43.2288],[-70.13,43.2332],[-70.09,43.2285],[-70.0684,43.2359],[-70.0651,43.2552],[-70.0705,43.2722],[-70.0847,43.2868],[-70.0863,43.2965],[-70.0754,43.3015],[-70.052,43.2905],[-70.016,43.2638],[-70.011,43.2338],[-70.037,43.2008],[-70.065,43.1765],[-70.095,43.1611],[-70.125,43.1541],[-70.155,43.1555],[-70.18,43.1669],[-70.2,43.1884],[-70.2213,43.201],[-70.244,43.2048],[-70.249,43.2109]]]}},{"type":"Feature","properties":{"c":"#00ff00","v0":0.003,"v1":0.005},"geometry":{"type":"Polygon","coordinates":[[[-63.5919,43.2449],[-63.5773,43.2632],[-63.5546,43.2669],[-63.5237,43.2559],[-63.5187,43.2421],[-63.5396,43.2257],[-63.5623,43.222],[-63.5869,43.2312],[-63.5919,43.2449]]]}},{"type":"Feature","properties":{"c":"#00ff00","v0":0.003,"v1":0.005},"geometry":{"type":"Polygon","coordinates":[[[-73.4696,43.2041],[-73.4165,43.2282],[-73.3831,43.2246],[-73.3692,43.1932],[-73.3742,43.1708],[-73.3981,43.1576],[-73.4315,43.1612],[-73.4746,43.1818],[-73.4696,43.2041]]]}},{"type":"Feature","properties":{"c":"#00ff00","v0":0.003,"v1":0.005},"geometry":{"type":"Polygon","coordinates":[[[-69.5671,43.0667],[-69.5557,43.0787],[-69.542,43.0787],[-69.5261,43.0667],[-69.5261,43.0568],[-69.542,43.049],[-69.5557,43.049],[-69.5671,43.0568],[-69.5671,43.0667]]]}},{"type":"Feature","properties":{"c":"#00ff00","v0":0.003,"v1":0.005},"geometry":{"type":"Polygon","coordinates":[[[-73.6973,43.0352],[-73.6791,43.0426],[-73.6647,43.0426],[-73.6541,43.0352],[-73.6541,43.0261],[-73.6647,43.0154],[-73.6791,43.0154],[-73.6973,43.0261],[-73.6973,43.0352]]]}},{"type":"Feature","properties":{"c":"#00ff00","v0":0.003,"v1":0.005},"geometry":{"type":"Polygon","coordinates":[[[-73.9327,42.9517],[-73.9042,42.9679],[-73.885,42.9743],[-73.875,42.9708],[-73.8693,42.9591],[-73.8678,42.939],[-73.8428,42.9167],[-73.7943,42.892],[-73.7599,42.859],[-73.7398,42.8177],[-73.7448,42.7916],[-73.7749,42.7808],[-73.805,42.7827],[-73.835,42.7974],[-73.865,42.8033],[-73.895,42.8002],[-73.9075,42.8203],[-73.9024,42.8635],[-73.9116,42.8997],[-73.9351,42.929],[-73.9327,42.9517]],[[-73.8364,42.8687],[-73.8055,42.8653],[-73.7797,42.8543],[-73.759,42.8357],[-73.7503,42.8191],[-73.7534,42.8044],[-73.7703,42.7971],[-73.8011,42.7971],[-73.8254,42.8154],[-73.8431,42.8521],[-73.8364,42.8687]]]}},{"type":"Feature","properties":{"c":"#00ff00","v0":0.003,"v1":0.005},"geometry":{"type":"Polygon","coordinates":[[[-73.4904,42.9466],[-73.4768,42.9525],[-73.4669,42.9525],[-73.4607,42.9466],[-73.4607,42.9393],[-73.4669,42.9305],[-73.4768,42.9305],[-73.4904,42.9393],[-73.4904,42.9466]]]}},{"type":"Feature","properties":{"c":"#00ff00","v0":0.003,"v1":0.005},"geometry":{"type":"Polygon","coordinates":[[[-72.9888,42.8896],[-72.9763,42.8986],[-72.965,42.9002],[-72.955,42.8946],[-72.9414,42.8791],[-72.9241,42.8538],[-72.9191,42.8352],[-72.9264,42.8235],[-72.9441,42.8198],[-72.9722,42.8242],[-72.9885,42.8411],[-72.9929,42.8704],[-72.9888,42.8896]],[[-72.9687,42.8455],[-72.9562,42.8544],[-72.9454,42.8544],[-72.9362,42.8455],[-72.9362,42.8365],[-72.9454,42.8274],[-72.9562,42.8274],[-72.9687,42.8365],[-72.9687,42.8455]]]}},{"type":"Feature","properties":{"c":"#00ff00","v0":0.003,"v1":0.005},"geometry":{"type":"Polygon","coordinates":[[[-73.6404,42.8626],[-73.6335,42.8764],[-73.62,42.8766],[-73.6,42.8634],[-73.575,42.8618],[-73.545,42.872],[-73.5214,42.8718],[-73.5043,42.8611],[-73.4949,42.8484],[-73.4933,42.8337],[-73.5019,42.8181],[-73.5206,42.8015],[-73.55,42.7941],[-73.59,42.7958],[-73.6163,42.8004],[-73.6288,42.808],[-73.6373,42.8227],[-73.6417,42.8447],[-73.6404,42.8626]],[[-73.5472,42.8457],[-73.5357,42.855],[-73.5242,42.855],[-73.5126,42.8457],[-73.5126,42.8351],[-73.5242,42.8233],[-73.5357,42.8233],[-73.5472,42.8351],[-73.5472,42.8457]]]}},{"type":"Feature","properties":{"c":"#00ff00","v0":0.003,"v1":0.005},"geometry":{"type":"Polygon","coordinates":[[[-69.3558,42.8272],[-69.2453,42.7993],[-69.19,42.7754],[-69.19,42.7555],[-69.195,42.7428],[-69.205,42.7373],[-69.245,42.743],[-69.315,42.7597],[-69.3653,42.7864],[-69.3958,42.8228],[-69.3558,42.8272]],[[-69.3482,42.7994],[-69.3361,42.8041],[-69.3272,42.8004],[-69.3216,42.7884],[-69.3277,42.786],[-69.3454,42.7934],[-69.3482,42.7994]]]}},{"type":"Feature","properties":{"c":"#00ff00","v0":0.003,"v1":0.005},"geometry":{"type":"Polygon","coordinates":[[[-73.7599,42.655],[-73.7266,42.6648],[-73.6906,42.6868],[-73.6518,42.7212],[-73.6051,42.742],[-73.5506,42.7493],[-73.505,42.7678],[-73.4683,42.7974],[-73.4417,42.8084],[-73.425,42.8008],[-73.4152,42.786],[-73.4121,42.764],[-73.4304,42.7493],[-73.4701,42.742],[-73.5,42.7281],[-73.52,42.7078],[-73.545,42.6949],[-73.575,42.6894],[-73.594,42.6665],[-73.6019,42.6262],[-73.6119,42.6016],[-73.624,42.5929],[-73.6404,42.5856],[-73.6611,42.5795],[-73.6761,42.5909],[-73.6854,42.6196],[-73.7116,42.638],[-73.7549,42.6461],[-73.7599,42.655]],[[-73.4656,42.7719],[-73.4552,42.7803],[-73.4441,42.7803],[-73.4322,42.7719],[-73.4322,42.7637],[-73.4441,42.7558],[-73.4552,42.7558],[-73.4656,42.7637],[-73.4656,42.7719]]]}},{"type":"Feature","properties":{"c":"#00ff00","v0":0.003,"v1":0.005},"geometry":{"type":"Polygon","coordinates":[[[-69.0938,42.7574],[-69.0913,42.7662],[-69.0836,42.7699],[-69.0709,42.7684],[-69.0659,42.761],[-69.0686,42.7475],[-69.0763,42.7438],[-69.0888,42.75],[-69.0938,42.7574]]]}},{"type":"Feature","properties":{"c":"#00ff00","v0":0.003,"v1":0.005},"geometry":{"type":"Polygon","coordinates":[[[-71.5813,42.6396],[-71.5604,42.648],[-71.54,42.6399],[-71.52,42.6154],[-71.4874,42.5928],[-71.4423,42.5721],[-71.4323,42.5568],[-71.4574,42.547],[-71.48,42.5434],[-71.5,42.546],[-71.525,42.5586],[-71.555,42.5809],[-71.5754,42.6029],[-71.5863,42.6246],[-71.5813,42.6396]]]}},{"type":"Feature","properties":{"c":"#00ff00","v0":0.003,"v1":0.005},"geometry":{"type":"Polygon","coordinates":[[[-74.0439,42.5579],[-74.008,42.5795],[-73.9797,42.5795],[-73.959,42.5579],[-73.954,42.5383],[-73.9647,42.5209],[-73.98,42.5092],[-74.0,42.5033],[-74.02,42.5043],[-74.04,42.5123],[-74.053,42.524],[-74.0589,42.5394],[-74.0439,42.5579]]]}},{"type":"Feature","properties":{"c":"#00ff00","v0":0.003,"v1":0.005},"geometry":{"type":"Polygon","coordinates":[[[-74.2677,42.2862],[-74.2559,42.2962],[-74.2428,42.2962],[-74.2283,42.2862],[-74.2283,42.2752],[-74.2428,42.2631],[-74.2559,42.2631],[-74.2677,42.2752],[-74.2677,42.2862]]]}},{"type":"Feature","properties":{"c":"#00ff00","v0":0.003,"v1":0.005},"geometry":{"type":"Polygon","coordinates":[[[-74.4325,42.2107],[-74.4175,42.2176],[-74.4017,42.2138],[-74.385,42.1995],[-74.385,42.189],[-74.4017,42.1823],[-74.4175,42.186],[-74.4325,42.2002],[-74.4325,42.2107]]]}},{"type":"Feature","properties":{"c":"#00ff00","v0":0.003,"v1":0.005},"geometry":{"type":"Polygon","coordinates":[[[-74.2646,42.1974],[-74.2549,42.2073],[-74.24,42.2113],[-74.22,42.2092],[-74.2024,42.2006],[-74.1871,42.1852],[-74.1812,42.1702],[-74.1848,42.1553],[-74.1975,42.1477],[-74.2192,42.1474],[-74.2399,42.1585],[-74.2596,42.1811],[-74.2646,42.1974]]]}},{"type":"Feature","properties":{"c":"#00ff00","v0":0.003,"v1":0.005},"geometry":{"type":"Polygon","coordinates":[[[-71.0393,42.1177],[-71.0198,42.1463],[-71.005,42.1609],[-70.995,42.1614],[-70.99,42.1495],[-70.99,42.1254],[-70.9604,42.0997],[-70.9011,42.0725],[-70.9011,42.0463],[-70.9604,42.0211],[-71.0048,42.0322],[-71.0343,42.0797],[-71.0393,42.1177]]]}},{"type":"Feature","properties":{"c":"#00ff00","v0":0.003,"v1":0.005},"geometry":{"type":"Polygon","coordinates":[[[-93.7999,42.0027],[-93.7933,42.0093],[-93.7828,42.0093],[-93.7683,42.0027],[-93.7683,41.9947],[-93.7828,41.9853],[-93.7933,41.9853],[-93.7999,41.9947],[-93.7999,42.0027]]]}},{"type":"Feature","properties":{"c":"#00ff00","v0":0.003,"v1":0.005},"geometry":{"type":"Polygon","coordinates":[[[-71.1485,41.9725],[-71.0828,41.9781],[-71.0375,41.9707],[-71.0124,41.9502],[-71.0041,41.9251],[-71.0125,41.8953],[-71.0301,41.8748],[-71.0567,41.8636],[-71.0885,41.8599],[-71.1255,41.8636],[-71.1533,41.8916],[-71.172,41.9437],[-71.1485,41.9725]],[[-71.1192,41.9325],[-71.1081,41.9474],[-71.0921,41.9511],[-71.0711,41.9437],[-71.068,41.9301],[-71.0827,41.9104],[-71.0987,41.9067],[-71.1161,41.919],[-71.1192,41.9325]]]}},{"type":"Feature","properties":{"c":"#00ff00","v0":0.003,"v1":0.005},"geometry":{"type":"Polygon","coordinates":[[[-93.9362,41.9068],[-93.9054,41.9001],[-93.865,41.9084],[-93.815,41.9317],[-93.7839,41.9388],[-93.7716,41.9297],[-93.7766,41.9159],[-93.7989,41.8975],[-93.84,41.8893],[-93.9,41.8914],[-93.9354,41.8969],[-93.9462,41.9058],[-93.9362,41.9068]]]}},{"type":"Feature","properties":{"c":"#00ff00","v0":0.003,"v1":0.005},"geometry":{"type":"Polygon","coordinates":[[[-71.5483,41.7961],[-71.5361,41.8064],[-71.525,41.8027],[-71.5149,41.785],[-71.5149,41.7746],[-71.525,41.7717],[-71.5361,41.7754],[-71.5483,41.7858],[-71.5483,41.7961]]]}},{"type":"Feature","properties":{"c":"#00ff00","v0":0.003,"v1":0.005},"geometry":{"type":"Polygon","coordinates":[[[-94.0457,41.7685],[-94.0219,41.783],[-93.9913,41.7755],[-93.954,41.7461],[-93.959,41.7313],[-94.0061,41.7313],[-94.0366,41.7388],[-94.0506,41.7537],[-94.0457,41.7685]]]}},{"type":"Feature","properties":{"c":"#00ff00","v0":0.003,"v1":0.005},"geometry":{"type":"Polygon","coordinates":[[[-93.668,41.605],[-93.656,41.6213],[-93.6388,41.6251],[-93.6165,41.6162],[-93.6115,41.6042],[-93.6238,41.5889],[-93.64,41.5813],[-93.66,41.5814],[-93.671,41.5853],[-93.673,41.593],[-93.668,41.605]]]}},{"type":"Feature","properties":{"c":"#00ff00","v0":0.003,"v1":0.005},"geometry":{"type":"Polygon","coordinates":[[[-71.5709,41.6153],[-71.557,41.6223],[-71.5475,41.6186],[-71.5425,41.6041],[-71.5475,41.5963],[-71.5625,41.5951],[-71.572,41.5989],[-71.5759,41.6075],[-71.5709,41.6153]]]}},{"type":"Feature","properties":{"c":"#00ff00","v0":0.003,"v1":0.005},"geometry":{"type":"Polygon","coordinates":[[[-88.1178,41.5707],[-88.1126,41.5782],[-88.1038,41.5782],[-88.0915,41.5707],[-88.0915,41.5633],[-88.1038,41.5561],[-88.1126,41.5561],[-88.1178,41.5633],[-88.1178,41.5707]]]}},{"type":"Feature","properties":{"c":"#00ff00","v0":0.003,"v1":0.005},"geometry":{"type":"Polygon","coordinates":[[[-93.0469,41.5331],[-93.0356,41.5253],[-93.035,41.5209],[-93.045,41.52],[-93.0506,41.5239],[-93.0519,41.5326],[-93.0469,41.5331]]]}},{"type":"Feature","properties":{"c":"#00ff00","v0":0.003,"v1":0.005},"geometry":{"type":"Polygon","coordinates":[[[-93.3694,41.4546],[-93.3592,41.4696],[-93.343,41.4802],[-93.321,41.4864],[-93.295,41.489],[-93.265,41.4881],[-93.2422,41.4813],[-93.2265,41.4685],[-93.2315,41.4529],[-93.2572,41.4344],[-93.29,41.4258],[-93.33,41.4269],[-93.3561,41.4323],[-93.3684,41.4422],[-93.3694,41.4546]],[[-93.3364,41.4547],[-93.3188,41.4699],[-93.2926,41.4737],[-93.2579,41.466],[-93.2479,41.4566],[-93.2626,41.4455],[-93.2888,41.4417],[-93.3264,41.4453],[-93.3364,41.4547]]]}},{"type":"Feature","properties":{"c":"#00ff00","v0":0.003,"v1":0.005},"geometry":{"type":"Polygon","coordinates":[[[-70.9266,41.4247],[-70.9022,41.44],[-70.8827,41.4437],[-70.8682,41.436],[-70.8682,41.4258],[-70.8827,41.4131],[-70.9022,41.4093],[-70.9266,41.4145],[-70.9266,41.4247]]]}},{"type":"Feature","properties":{"c":"#00ff00","v0":0.003,"v1":0.005},"geometry":{"type":"Polygon","coordinates":[[[-72.757,41.3807],[-72.739,41.398],[-72.7227,41.4017],[-72.708,41.392],[-72.708,41.3786],[-72.7227,41.3617],[-72.739,41.3579],[-72.757,41.3674],[-72.757,41.3807]]]}},{"type":"Feature","properties":{"c":"#00ff00","v0":0.003,"v1":0.005},"geometry":{"type":"Polygon","coordinates":[[[-73.0479,41.3595],[-73.036,41.3645],[-73.0183,41.357],[-72.9948,41.337],[-72.9819,41.3158],[-72.9798,41.2932],[-72.9883,41.282],[-73.0075,41.282],[-73.0263,41.3008],[-73.0447,41.3383],[-73.0479,41.3595]]]}},{"type":"Feature","properties":{"c":"#00ff00","v0":0.003,"v1":0.005},"geometry":{"type":"Polygon","coordinates":[[[-72.644,41.3197],[-72.608,41.335],[-72.5715,41.3387],[-72.5344,41.3309],[-72.5294,41.3201],[-72.5565,41.3063],[-72.5687,41.2913],[-72.566,41.275],[-72.576,41.2612],[-72.5987,41.2498],[-72.6193,41.2498],[-72.6379,41.2612],[-72.651,41.2782],[-72.6584,41.3008],[-72.644,41.3197]]]}},{"type":"Feature","properties":{"c":"#00ff00","v0":0.003,"v1":0.005},"geometry":{"type":"Polygon","coordinates":[[[-69.3269,41.3045],[-69.2972,41.3195],[-69.2842,41.3136],[-69.2881,41.2867],[-69.3,41.273],[-69.32,41.2725],[-69.3329,41.2784],[-69.3388,41.2908],[-69.3269,41.3045]]]}},{"type":"Feature","properties":{"c":"#00ff00","v0":0.003,"v1":0.005},"geometry":{"type":"Polygon","coordinates":[[[-72.8521,41.3009],[-72.8507,41.3088],[-72.8437,41.3126],[-72.831,41.3122],[-72.826,41.3072],[-72.8287,41.2977],[-72.8357,41.2939],[-72.8471,41.296],[-72.8521,41.3009]]]}},{"type":"Feature","properties":{"c":"#00ff00","v0":0.003,"v1":0.005},"geometry":{"type":"Polygon","coordinates":[[[-104.7069,41.2709],[-104.6956,41.2788],[-104.6841,41.2788],[-104.6722,41.2709],[-104.6722,41.2639],[-104.6841,41.2577],[-104.6956,41.2577],[-104.7069,41.2639],[-104.7069,41.2709]]]}},{"type":"Feature","properties":{"c":"#00ff00","v0":0.003,"v1":0.005},"geometry":{"type":"Polygon","coordinates":[[[-72.4428,41.2854],[-72.4343,41.2922],[-72.4236,41.2922],[-72.4108,41.2854],[-72.4108,41.278],[-72.4236,41.2701],[-72.4343,41.2701],[-72.4428,41.278],[-72.4428,41.2854]]]}},{"type":"Feature","properties":{"c":"#00ff00","v0":0.003,"v1":0.005},"geometry":{"type":"Polygon","coordinates":[[[-69.3006,41.0601],[-69.2669,41.0983],[-69.2313,41.1247],[-69.1938,41.1393],[-69.1838,41.1219],[-69.2013,41.0727],[-69.23,41.0427],[-69.27,41.0318],[-69.2969,41.0301],[-69.3106,41.0374],[-69.3006,41.0601]]]}},{"type":"Feature","properties":{"c":"#00ff00","v0":0.003,"v1":0.005},"geometry":{"type":"Polygon","coordinates":[[[-105.2162,41.0923],[-105.1987,41.1044],[-105.15,41.1184],[-105.07,41.1343],[-105.016,41.1396],[-104.9881,41.1342],[-104.9685,41.124],[-104.9573,41.1089],[-104.9663,41.0878],[-104.9954,41.0606],[-105.045,41.0422],[-105.115,41.0324],[-105.165,41.034],[-105.195,41.0471],[-105.2137,41.0618],[-105.2212,41.0781],[-105.2162,41.0923]],[[-105.1654,41.0976],[-105.0751,41.1203],[-105.02,41.1305],[-105.0,41.1283],[-104.9839,41.1207],[-104.9716,41.1078],[-104.9766,41.0908],[-104.9989,41.0698],[-105.045,41.0559],[-105.115,41.0492],[-105.16,41.0479],[-105.18,41.052],[-105.1951,41.0621],[-105.2054,41.0782],[-105.1654,41.0976]]]}},{"type":"Feature","properties":{"c":"#00ff00","v0":0.003,"v1":0.005},"geometry":{"type":"Polygon","coordinates":[[[-69.5421,40.9925],[-69.534,41.0162],[-69.52,41.0301],[-69.5,41.0343],[-69.495,41.0184],[-69.505,40.9823],[-69.515,40.9626],[-69.525,40.9593],[-69.534,40.9634],[-69.5421,40.9749],[-69.5421,40.9925]]]}},{"type":"Feature","properties":{"c":"#00ff00","v0":0.003,"v1":0.005},"geometry":{"type":"Polygon","coordinates":[[[-72.7201,40.9698],[-72.7,40.9783],[-72.6859,40.9783],[-72.6777,40.9698],[-72.6827,40.962],[-72.7009,40.9548],[-72.715,40.9548],[-72.7251,40.962],[-72.7201,40.9698]]]}},{"type":"Feature","properties":{"c":"#00ff00","v0":0.003,"v1":0.005},"geometry":{"type":"Polygon","coordinates":[[[-72.8997,40.8843],[-72.8532,40.9033],[-72.8257,40.9259],[-72.8171,40.9524],[-72.7998,40.9656],[-72.7738,40.9656],[-72.7463,40.9316],[-72.7173,40.8635],[-72.7146,40.81],[-72.7382,40.7711],[-72.76,40.7474],[-72.78,40.739],[-72.8,40.7392],[-72.82,40.7481],[-72.8532,40.7831],[-72.8997,40.8443],[-72.8997,40.8843]],[[-72.8409,40.8522],[-72.8203,40.8674],[-72.8011,40.8674],[-72.7833,40.8522],[-72.7833,40.8347],[-72.8011,40.8149],[-72.8203,40.8149],[-72.8409,40.8347],[-72.8409,40.8522]]]}},{"type":"Feature","properties":{"c":"#00ff00","v0":0.003,"v1":0.005},"geometry":{"type":"Polygon","coordinates":[[[-69.9699,40.5907],[-69.9442,40.5983],[-69.9281,40.5945],[-69.9215,40.5793],[-69.9261,40.5672],[-69.942,40.5581],[-69.9582,40.5619],[-69.9745,40.5786],[-69.9699,40.5907]]]}},{"type":"Feature","properties":{"c":"#00ff00","v0":0.003,"v1":0.005},"geometry":{"type":"Polygon","coordinates":[[[-77.9473,39.7007],[-77.9358,39.7019],[-77.9292,39.698],[-77.9277,39.6892],[-77.9327,39.6841],[-77.9442,39.6829],[-77.9508,39.6868],[-77.9523,39.6957],[-77.9473,39.7007]]]}},{"type":"Feature","properties":{"c":"#00ff00","v0":0.003,"v1":0.005},"geometry":{"type":"Polygon","coordinates":[[[-74.4748,39.3964],[-74.4716,39.4059],[-74.4642,39.4059],[-74.4525,39.3964],[-74.4541,39.3916],[-74.469,39.3916],[-74.4748,39.3964]]]}},{"type":"Feature","properties":{"c":"#00ff00","v0":0.003,"v1":0.005},"geometry":{"type":"Polygon","coordinates":[[[-76.1176,39.2876],[-76.0992,39.296],[-76.0728,39.296],[-76.0385,39.2876],[-76.0385,39.2762],[-76.0728,39.262],[-76.0992,39.262],[-76.1176,39.2762],[-76.1176,39.2876]]]}},{"type":"Feature","properties":{"c":"#00ff00","v0":0.003,"v1":0.005},"geometry":{"type":"Polygon","coordinates":[[[-74.4806,39.2866],[-74.4602,39.293],[-74.4446,39.2892],[-74.4337,39.275],[-74.4387,39.2668],[-74.4596,39.2648],[-74.4752,39.2686],[-74.4856,39.2784],[-74.4806,39.2866]]]}},{"type":"Feature","properties":{"c":"#00ff00","v0":0.003,"v1":0.005},"geometry":{"type":"Polygon","coordinates":[[[-77.231,39.2442],[-77.2037,39.2589],[-77.1788,39.255],[-77.1565,39.2326],[-77.1515,39.2158],[-77.1638,39.2045],[-77.1881,39.2045],[-77.2243,39.2158],[-77.243,39.2253],[-77.2441,39.233],[-77.231,39.2442]]]}},{"type":"Feature","properties":{"c":"#00ff00","v0":0.003,"v1":0.005},"geometry":{"type":"Polygon","coordinates":[[[-76.1992,39.2092],[-76.1531,39.1848],[-76.1215,39.1576],[-76.1044,39.1278],[-76.1147,39.1167],[-76.1524,39.1245],[-76.184,39.1516],[-76.2095,39.1981],[-76.1992,39.2092]]]}},{"type":"Feature","properties":{"c":"#00ff00","v0":0.003,"v1":0.005},"geometry":{"type":"Polygon","coordinates":[[[-76.0786,39.1148],[-76.0595,39.1189],[-76.0444,39.115],[-76.0333,39.1032],[-76.0383,39.0963],[-76.0594,39.0943],[-76.0745,39.0982],[-76.0836,39.1079],[-76.0786,39.1148]]]}},{"type":"Feature","properties":{"c":"#00ff00","v0":0.003,"v1":0.005},"geometry":{"type":"Polygon","coordinates":[[[-77.4955,38.9916],[-77.4652,39.0288],[-77.4262,39.0443],[-77.3786,39.0383],[-77.3581,39.0158],[-77.3646,38.9769],[-77.3784,38.9497],[-77.3995,38.9341],[-77.4347,38.9341],[-77.4842,38.9497],[-77.5093,38.9614],[-77.5102,38.9691],[-77.4955,38.9916]]]}},{"type":"Feature","properties":{"c":"#00ff00","v0":0.003,"v1":0.005},"geometry":{"type":"Polygon","coordinates":[[[-76.1361,39.0244],[-76.132,39.0339],[-76.12,39.038],[-76.1,39.0367],[-76.073,39.0164],[-76.039,38.9771],[-76.024,38.9478],[-76.028,38.9286],[-76.048,38.9286],[-76.0841,38.9478],[-76.1111,38.973],[-76.1292,39.0041],[-76.1361,39.0244]]]}},{"type":"Feature","properties":{"c":"#00ff00","v0":0.003,"v1":0.005},"geometry":{"type":"Polygon","coordinates":[[[-76.3384,38.9342],[-76.3195,38.9498],[-76.295,38.9577],[-76.265,38.9579],[-76.2498,38.9385],[-76.2494,38.8993],[-76.2594,38.8775],[-76.2798,38.8731],[-76.3045,38.8848],[-76.3334,38.9125],[-76.3384,38.9342]]]}},{"type":"Feature","properties":{"c":"#00ff00","v0":0.003,"v1":0.005},"geometry":{"type":"Polygon","coordinates":[[[-74.8726,38.6496],[-74.8428,38.6574],[-74.8334,38.6474],[-74.8445,38.6194],[-74.857,38.6077],[-74.8709,38.6122],[-74.8803,38.6223],[-74.8851,38.6379],[-74.8726,38.6496]]]}},{"type":"Feature","properties":{"c":"#00ff00","v0":0.003,"v1":0.005},"geometry":{"type":"Polygon","coordinates":[[[-97.2684,37.2977],[-97.2571,37.3136],[-97.2461,37.3192],[-97.2354,37.3145],[-97.23,37.3016],[-97.23,37.2805],[-97.241,37.2749],[-97.2631,37.2848],[-97.2684,37.2977]]]}},{"type":"Feature","properties":{"c":"#00ff00","v0":0.003,"v1":0.005},"geometry":{"type":"Polygon","coordinates":[[[-98.8687,36.4329],[-98.8562,36.4478],[-98.8439,36.4518],[-98.8318,36.445],[-98.8318,36.434],[-98.8439,36.4189],[-98.8562,36.4149],[-98.8687,36.422],[-98.8687,36.4329]]]}},{"type":"Feature","properties":{"c":"#00ff00","v0":0.003,"v1":0.005},"geometry":{"type":"Polygon","coordinates":[[[-96.1829,35.7068],[-96.161,35.7246],[-96.1436,35.7287],[-96.1309,35.719],[-96.1309,35.703],[-96.1436,35.6806],[-96.161,35.6766],[-96.1829,35.6908],[-96.1829,35.7068]]]}},{"type":"Feature","properties":{"c":"#00ff00","v0":0.003,"v1":0.005},"geometry":{"type":"Polygon","coordinates":[[[-101.256,35.4093],[-101.252,35.418],[-101.24,35.4221],[-101.22,35.4217],[-101.207,35.4133],[-101.2011,35.3969],[-101.2061,35.3868],[-101.222,35.3829],[-101.237,35.3869],[-101.251,35.399],[-101.256,35.4093]]]}},{"type":"Feature","properties":{"c":"#00ff00","v0":0.003,"v1":0.005},"geometry":{"type":"Polygon","coordinates":[[[-101.3353,35.3619],[-101.3184,35.3736],[-101.3059,35.3736],[-101.2978,35.3619],[-101.2978,35.3506],[-101.3059,35.3395],[-101.3184,35.3395],[-101.3353,35.3506],[-101.3353,35.3619]]]}},{"type":"Feature","properties":{"c":"#00ff00","v0":0.003,"v1":0.005},"geometry":{"type":"Polygon","coordinates":[[[-101.1666,35.3194],[-101.1626,35.3438],[-101.1529,35.3582],[-101.1376,35.3626],[-101.11,35.3591],[-101.07,35.348],[-101.0435,35.3295],[-101.0305,35.3037],[-101.0405,35.279],[-101.0735,35.2554],[-101.1087,35.2514],[-101.146,35.2668],[-101.1657,35.2826],[-101.1676,35.299],[-101.1666,35.3194]]]}},{"type":"Feature","properties":{"c":"#00ff00","v0":0.003,"v1":0.005},"geometry":{"type":"Polygon","coordinates":[[[-101.2368,35.263],[-101.2323,35.2728],[-101.2202,35.2769],[-101.2007,35.2753],[-101.1957,35.2672],[-101.2052,35.2528],[-101.2173,35.2487],[-101.2318,35.255],[-101.2368,35.263]]]}},{"type":"Feature","properties":{"c":"#00ff00","v0":0.003,"v1":0.005},"geometry":{"type":"Polygon","coordinates":[[[-101.4924,35.202],[-101.4641,35.2205],[-101.4224,35.2246],[-101.3671,35.2143],[-101.3471,35.2022],[-101.3624,35.1883],[-101.4041,35.1842],[-101.4724,35.1899],[-101.4924,35.202]]]}},{"type":"Feature","properties":{"c":"#00ff00","v0":0.003,"v1":0.005},"geometry":{"type":"Polygon","coordinates":[[[-101.6019,35.1769],[-101.5806,35.1778],[-101.5694,35.1737],[-101.5683,35.1646],[-101.5783,35.1595],[-101.5994,35.1584],[-101.6106,35.1625],[-101.6119,35.1718],[-101.6019,35.1769]]]}},{"type":"Feature","properties":{"c":"#00ff00","v0":0.003,"v1":0.005},"geometry":{"type":"Polygon","coordinates":[[[-101.9777,35.0965],[-101.9326,35.133],[-101.8977,35.1494],[-101.8731,35.1456],[-101.8626,35.1356],[-101.8662,35.1192],[-101.8885,35.1009],[-101.9295,35.0806],[-101.9626,35.0724],[-101.9877,35.0763],[-101.9777,35.0965]]]}},{"type":"Feature","properties":{"c":"#00ff00","v0":0.003,"v1":0.005},"geometry":{"type":"Polygon","coordinates":[[[-98.7642,34.7234],[-98.7547,34.7356],[-98.715,34.7442],[-98.645,34.7492],[-98.6062,34.7473],[-98.5985,34.7383],[-98.5958,34.7215],[-98.5979,34.6968],[-98.6218,34.6738],[-98.6673,34.6524],[-98.7097,34.6607],[-98.7492,34.6985],[-98.7642,34.7234]],[[-98.7049,34.7009],[-98.6828,34.7009],[-98.6713,34.6927],[-98.6704,34.6763],[-98.6815,34.6763],[-98.7045,34.6927],[-98.7049,34.7009]]]}},{"type":"Feature","properties":{"c":"#00ff00","v0":0.003,"v1":0.005},"geometry":{"type":"Polygon","coordinates":[[[-99.4006,34.2781],[-99.3802,34.2896],[-99.3655,34.2855],[-99.3566,34.2657],[-99.3616,34.2546],[-99.3805,34.2522],[-99.3952,34.2564],[-99.4056,34.267],[-99.4006,34.2781]]]}},{"type":"Feature","properties":{"c":"#00ff00","v0":0.003,"v1":0.005},"geometry":{"type":"Polygon","coordinates":[[[-98.4642,34.2127],[-98.4547,34.2257],[-98.44,34.2304],[-98.42,34.2268],[-98.41,34.2079],[-98.41,34.1737],[-98.42,34.16],[-98.44,34.1669],[-98.4547,34.1793],[-98.4642,34.1972],[-98.4642,34.2127]]]}},{"type":"Feature","properties":{"c":"#00ff00","v0":0.003,"v1":0.005},"geometry":{"type":"Polygon","coordinates":[[[-99.2674,34.0847],[-99.2425,34.1067],[-99.22,34.1163],[-99.2,34.1137],[-99.1861,34.1069],[-99.1782,34.0958],[-99.1832,34.081],[-99.2011,34.0624],[-99.225,34.0538],[-99.255,34.0552],[-99.2725,34.0603],[-99.2774,34.0693],[-99.2674,34.0847]]]}},{"type":"Feature","properties":{"c":"#00ff00","v0":0.003,"v1":0.005},"geometry":{"type":"Polygon","coordinates":[[[-98.4688,33.844],[-98.4563,33.8492],[-98.449,33.845],[-98.447,33.8316],[-98.4533,33.829],[-98.4678,33.8373],[-98.4688,33.844]]]}},{"type":"Feature","properties":{"c":"#00ff00","v0":0.003,"v1":0.005},"geometry":{"type":"Polygon","coordinates":[[[-99.0346,33.7329],[-99.0182,33.7486],[-98.9971,33.7528],[-98.9714,33.7454],[-98.9664,33.7301],[-98.9821,33.7068],[-99.0032,33.7027],[-99.0296,33.7176],[-99.0346,33.7329]],[[-99.0134,33.7299],[-98.9978,33.7396],[-98.9865,33.7396],[-98.9794,33.7299],[-98.9872,33.7251],[-99.0099,33.7251],[-99.0134,33.7299]]]}},{"type":"Feature","properties":{"c":"#00ff00","v0":0.003,"v1":0.005},"geometry":{"type":"Polygon","coordinates":[[[-100.0077,33.3115],[-99.9959,33.3183],[-99.9872,33.3099],[-99.9815,33.2865],[-99.9865,33.2772],[-100.0022,33.2822],[-100.0109,33.2906],[-100.0127,33.3023],[-100.0077,33.3115]]]}},{"type":"Feature","properties":{"c":"#00ff00","v0":0.003,"v1":0.005},"geometry":{"type":"Polygon","coordinates":[[[-88.7223,33.2794],[-88.7141,33.2888],[-88.7038,33.2888],[-88.6914,33.2794],[-88.6914,33.2716],[-88.7038,33.2652],[-88.7141,33.2652],[-88.7223,33.2716],[-88.7223,33.2794]]]}},{"type":"Feature","properties":{"c":"#00ff00","v0":0.003,"v1":0.005},"geometry":{"type":"Polygon","coordinates":[[[-99.971,33.2588],[-99.957,33.2604],[-99.9484,33.2562],[-99.9453,33.2463],[-99.9523,33.2455],[-99.9694,33.2538],[-99.971,33.2588]]]}},{"type":"Feature","properties":{"c":"#00ff00","v0":0.003,"v1":0.005},"geometry":{"type":"Polygon","coordinates":[[[-100.5945,32.7435],[-100.5782,32.7545],[-100.5609,32.7545],[-100.5427,32.7435],[-100.5377,32.7322],[-100.5459,32.7205],[-100.5632,32.7205],[-100.5895,32.7322],[-100.5945,32.7435]]]}},{"type":"Feature","properties":{"c":"#00ff00","v0":0.003,"v1":0.005},"geometry":{"type":"Polygon","coordinates":[[[-81.6558,23.924],[-81.6386,23.9455],[-81.6207,23.9455],[-81.6021,23.924],[-81.6021,23.9006],[-81.6207,23.8753],[-81.6386,23.8753],[-81.6558,23.9006],[-81.6558,23.924]],[[-81.6399,23.9176],[-81.6333,23.9265],[-81.6265,23.9265],[-81.6194,23.9176],[-81.6194,23.9075],[-81.6265,23.8961],[-81.6333,23.8961],[-81.6399,23.9075],[-81.6399,23.9176]]]}},{"type":"Feature","properties":{"c":"#80ff00","v0":0.005,"v1":0.008},"geometry":{"type":"Polygon","coordinates":[[[-107.4618,52.5049],[-107.4539,52.5158],[-107.44,52.5239],[-107.42,52.5291],[-107.4015,52.5237],[-107.3846,52.5075],[-107.3796,52.4935],[-107.3865,52.4817],[-107.4,52.4735],[-107.42,52.4691],[-107.4389,52.475],[-107.4568,52.4913],[-107.4618,52.5049]],[[-107.4359,52.503],[-107.4186,52.51],[-107.4066,52.507],[-107.3998,52.4939],[-107.4048,52.4853],[-107.4216,52.4814],[-107.4336,52.4844],[-107.4409,52.4945],[-107.4359,52.503]]]}},{"type":"Feature","properties":{"c":"#80ff00","v0":0.005,"v1":0.008},"geometry":{"type":"Polygon","coordinates":[[[-114.4725,51.018],[-114.4575,51.0261],[-114.4457,51.0261],[-114.437,51.018],[-114.437,51.0096],[-114.4457,51.001],[-114.4575,51.001],[-114.4725,51.0096],[-114.4725,51.018]]]}},{"type":"Feature","properties":{"c":"#80ff00","v0":0.005,"v1":0.008},"geometry":{"type":"Polygon","coordinates":[[[-114.4695,50.8311],[-114.4638,50.8437],[-114.4532,50.8525],[-114.4377,50.8574],[-114.4262,50.8543],[-114.4186,50.843],[-114.4186,50.8317],[-114.4262,50.8201],[-114.4406,50.817],[-114.4617,50.8222],[-114.4695,50.8311]]]}},{"type":"Feature","properties":{"c":"#80ff00","v0":0.005,"v1":0.008},"geometry":{"type":"Polygon","coordinates":[[[-111.0703,50.8177],[-111.0568,50.8287],[-111.046,50.8319],[-111.0379,50.8271],[-111.0379,50.8204],[-111.046,50.8116],[-111.0568,50.8084],[-111.0703,50.8109],[-111.0703,50.8177]]]}},{"type":"Feature","properties":{"c":"#80ff00","v0":0.005,"v1":0.008},"geometry":{"type":"Polygon","coordinates":[[[-105.0313,50.8004],[-105.0171,50.8022],[-105.0072,50.7991],[-105.0017,50.7909],[-105.0067,50.7845],[-105.0222,50.7797],[-105.0321,50.7829],[-105.0363,50.794],[-105.0313,50.8004]]]}},{"type":"Feature","properties":{"c":"#80ff00","v0":0.005,"v1":0.008},"geometry":{"type":"Polygon","coordinates":[[[-101.203,50.6256],[-101.181,50.6324],[-101.1644,50.6292],[-101.1533,50.6161],[-101.1583,50.6079],[-101.1794,50.6046],[-101.196,50.6078],[-101.208,50.6174],[-101.203,50.6256]]]}},{"type":"Feature","properties":{"c":"#80ff00","v0":0.005,"v1":0.008},"geometry":{"type":"Polygon","coordinates":[[[-105.7114,50.5857],[-105.6705,50.5889],[-105.6434,50.5857],[-105.6303,50.5762],[-105.6353,50.5673],[-105.6584,50.559],[-105.6855,50.5622],[-105.7164,50.5768],[-105.7114,50.5857]]]}},{"type":"Feature","properties":{"c":"#80ff00","v0":0.005,"v1":0.008},"geometry":{"type":"Polygon","coordinates":[[[-104.3931,50.4792],[-104.3835,50.4983],[-104.3715,50.5089],[-104.3572,50.5111],[-104.35,50.4991],[-104.35,50.4728],[-104.355,50.4577],[-104.365,50.4537],[-104.377,50.4561],[-104.391,50.4652],[-104.3931,50.4792]]]}},{"type":"Feature","properties":{"c":"#80ff00","v0":0.005,"v1":0.008},"geometry":{"type":"Polygon","coordinates":[[[-104.7294,50.4596],[-104.7165,50.465],[-104.7071,50.465],[-104.7013,50.4596],[-104.7013,50.4542],[-104.7071,50.4489],[-104.7165,50.4489],[-104.7294,50.4542],[-104.7294,50.4596]]]}},{"type":"Feature","properties":{"c":"#80ff00","v0":0.005,"v1":0.008},"geometry":{"type":"Polygon","coordinates":[[[-114.1701,50.4092],[-114.1567,50.4158],[-114.1462,50.4158],[-114.1387,50.4092],[-114.1387,50.4027],[-114.1462,50.3961],[-114.1567,50.3961],[-114.1701,50.4027],[-114.1701,50.4092]]]}},{"type":"Feature","properties":{"c":"#80ff00","v0":0.005,"v1":0.008},"geometry":{"type":"Polygon","coordinates":[[[-100.7163,50.4082],[-100.6854,50.4128],[-100.6486,50.4032],[-100.6058,50.3796],[-100.5826,50.3613],[-100.5788,50.3486],[-100.5902,50.34],[-100.6167,50.3356],[-100.6554,50.3516],[-100.7063,50.3878],[-100.7163,50.4082]]]}},{"type":"Feature","properties":{"c":"#80ff00","v0":0.005,"v1":0.008},"geometry":{"type":"Polygon","coordinates":[[[-102.1122,50.3747],[-102.0974,50.3888],[-102.0802,50.3888],[-102.0606,50.3747],[-102.0606,50.3587],[-102.0802,50.3406],[-102.0974,50.3406],[-102.1122,50.3587],[-102.1122,50.3747]],[[-102.0962,50.3711],[-102.0921,50.3777],[-102.0848,50.3777],[-102.0744,50.3711],[-102.0744,50.3645],[-102.0848,50.3581],[-102.0921,50.3581],[-102.0962,50.3645],[-102.0962,50.3711]]]}},{"type":"Feature","properties":{"c":"#80ff00","v0":0.005,"v1":0.008},"geometry":{"type":"Polygon","coordinates":[[[-102.4426,50.3714],[-102.4342,50.3788],[-102.4264,50.3788],[-102.4193,50.3714],[-102.4235,50.3677],[-102.4391,50.3677],[-102.4426,50.3714]]]}},{"type":"Feature","properties":{"c":"#80ff00","v0":0.005,"v1":0.008},"geometry":{"type":"Polygon","coordinates":[[[-110.1933,50.3083],[-110.1778,50.3171],[-110.164,50.3171],[-110.152,50.3083],[-110.152,50.3012],[-110.164,50.2958],[-110.1778,50.2958],[-110.1933,50.3012],[-110.1933,50.3083]]]}},{"type":"Feature","properties":{"c":"#80ff00","v0":0.005,"v1":0.008},"geometry":{"type":"Polygon","coordinates":[[[-104.7951,50.1631],[-104.792,50.1888],[-104.7854,50.2015],[-104.7751,50.2014],[-104.7624,50.1854],[-104.7473,50.1535],[-104.7473,50.1358],[-104.7624,50.1325],[-104.7766,50.1357],[-104.7899,50.1455],[-104.7951,50.1631]]]}},{"type":"Feature","properties":{"c":"#80ff00","v0":0.005,"v1":0.008},"geometry":{"type":"Polygon","coordinates":[[[-100.7476,50.1716],[-100.7359,50.1884],[-100.72,50.1969],[-100.7,50.1969],[-100.6919,50.1853],[-100.6958,50.162],[-100.7058,50.1489],[-100.7219,50.1461],[-100.7359,50.1493],[-100.7476,50.1585],[-100.7476,50.1716]]]}},{"type":"Feature","properties":{"c":"#80ff00","v0":0.005,"v1":0.008},"geometry":{"type":"Polygon","coordinates":[[[-100.7141,49.9393],[-100.698,49.9541],[-100.6788,49.9606],[-100.6564,49.9586],[-100.6514,49.9496],[-100.6638,49.9335],[-100.683,49.9271],[-100.7091,49.9303],[-100.7141,49.9393]]]}},{"type":"Feature","properties":{"c":"#80ff00","v0":0.005,"v1":0.008},"geometry":{"type":"Polygon","coordinates":[[[-111.1809,49.9254],[-111.1736,49.938],[-111.16,49.9465],[-111.14,49.9508],[-111.1074,49.9445],[-111.0622,49.9275],[-111.0622,49.9114],[-111.1074,49.8959],[-111.1436,49.8959],[-111.1709,49.9114],[-111.1809,49.9254]],[[-111.1608,49.9251],[-111.1403,49.9371],[-111.1184,49.9371],[-111.0952,49.9251],[-111.0952,49.9138],[-111.1184,49.9031],[-111.1403,49.9031],[-111.1608,49.9138],[-111.1608,49.9251]]]}},{"type":"Feature","properties":{"c":"#80ff00","v0":0.005,"v1":0.008},"geometry":{"type":"Polygon","coordinates":[[[-100.8696,49.8853],[-100.8565,49.8949],[-100.85,49.8941],[-100.85,49.8828],[-100.8565,49.878],[-100.8696,49.8796],[-100.8696,49.8853]]]}},{"type":"Feature","properties":{"c":"#80ff00","v0":0.005,"v1":0.008},"geometry":{"type":"Polygon","coordinates":[[[-101.4082,49.82],[-101.3827,49.828],[-101.365,49.8248],[-101.355,49.8103],[-101.36,49.799],[-101.38,49.7911],[-101.3977,49.7943],[-101.4132,49.8087],[-101.4082,49.82]],[[-101.3948,49.8167],[-101.3783,49.8182],[-101.369,49.815],[-101.3671,49.807],[-101.3721,49.8016],[-101.384,49.7988],[-101.3933,49.8021],[-101.3998,49.8113],[-101.3948,49.8167]]]}},{"type":"Feature","properties":{"c":"#80ff00","v0":0.005,"v1":0.008},"geometry":{"type":"Polygon","coordinates":[[[-64.2939,44.8922],[-64.2913,44.8995],[-64.2838,44.8995],[-64.2715,44.8922],[-64.2728,44.8885],[-64.2877,44.8885],[-64.2939,44.8922]]]}},{"type":"Feature","properties":{"c":"#80ff00","v0":0.005,"v1":0.008},"geometry":{"type":"Polygon","coordinates":[[[-79.5763,43.9505],[-79.5721,43.9604],[-79.5636,43.964],[-79.5507,43.9613],[-79.5457,43.9542],[-79.5486,43.9424],[-79.5571,43.9388],[-79.5713,43.9434],[-79.5763,43.9505]]]}},{"type":"Feature","properties":{"c":"#80ff00","v0":0.005,"v1":0.008},"geometry":{"type":"Polygon","coordinates":[[[-96.8804,43.6424],[-96.8647,43.6424],[-96.8601,43.6384],[-96.8667,43.6304],[-96.8746,43.6304],[-96.8837,43.6384],[-96.8804,43.6424]]]}},{"type":"Feature","properties":{"c":"#80ff00","v0":0.005,"v1":0.008},"geometry":{"type":"Polygon","coordinates":[[[-73.8364,42.8687],[-73.8055,42.8653],[-73.7797,42.8543],[-73.759,42.8357],[-73.7503,42.8191],[-73.7534,42.8044],[-73.7703,42.7971],[-73.8011,42.7971],[-73.8254,42.8154],[-73.8431,42.8521],[-73.8364,42.8687]]]}},{"type":"Feature","properties":{"c":"#80ff00","v0":0.005,"v1":0.008},"geometry":{"type":"Polygon","coordinates":[[[-73.5472,42.8457],[-73.5357,42.855],[-73.5242,42.855],[-73.5126,42.8457],[-73.5126,42.8351],[-73.5242,42.8233],[-73.5357,42.8233],[-73.5472,42.8351],[-73.5472,42.8457]]]}},{"type":"Feature","properties":{"c":"#80ff00","v0":0.005,"v1":0.008},"geometry":{"type":"Polygon","coordinates":[[[-72.9687,42.8455],[-72.9562,42.8544],[-72.9454,42.8544],[-72.9362,42.8455],[-72.9362,42.8365],[-72.9454,42.8274],[-72.9562,42.8274],[-72.9687,42.8365],[-72.9687,42.8455]]]}},{"type":"Feature","properties":{"c":"#80ff00","v0":0.005,"v1":0.008},"geometry":{"type":"Polygon","coordinates":[[[-69.3482,42.7994],[-69.3361,42.8041],[-69.3272,42.8004],[-69.3216,42.7884],[-69.3277,42.786],[-69.3454,42.7934],[-69.3482,42.7994]]]}},{"type":"Feature","properties":{"c":"#80ff00","v0":0.005,"v1":0.008},"geometry":{"type":"Polygon","coordinates":[[[-73.4656,42.7719],[-73.4552,42.7803],[-73.4441,42.7803],[-73.4322,42.7719],[-73.4322,42.7637],[-73.4441,42.7558],[-73.4552,42.7558],[-73.4656,42.7637],[-73.4656,42.7719]]]}},{"type":"Feature","properties":{"c":"#80ff00","v0":0.005,"v1":0.008},"geometry":{"type":"Polygon","coordinates":[[[-71.1192,41.9325],[-71.1081,41.9474],[-71.0921,41.9511],[-71.0711,41.9437],[-71.068,41.9301],[-71.0827,41.9104],[-71.0987,41.9067],[-71.1161,41.919],[-71.1192,41.9325]]]}},{"type":"Feature","properties":{"c":"#80ff00","v0":0.005,"v1":0.008},"geometry":{"type":"Polygon","coordinates":[[[-93.3364,41.4547],[-93.3188,41.4699],[-93.2926,41.4737],[-93.2579,41.466],[-93.2479,41.4566],[-93.2626,41.4455],[-93.2888,41.4417],[-93.3264,41.4453],[-93.3364,41.4547]]]}},{"type":"Feature","properties":{"c":"#80ff00","v0":0.005,"v1":0.008},"geometry":{"type":"Polygon","coordinates":[[[-105.1654,41.0976],[-105.0751,41.1203],[-105.02,41.1305],[-105.0,41.1283],[-104.9839,41.1207],[-104.9716,41.1078],[-104.9766,41.0908],[-104.9989,41.0698],[-105.045,41.0559],[-105.115,41.0492],[-105.16,41.0479],[-105.18,41.052],[-105.1951,41.0621],[-105.2054,41.0782],[-105.1654,41.0976]],[[-105.1839,41.0768],[-105.1746,41.088],[-105.14,41.0996],[-105.08,41.1114],[-105.0339,41.1134],[-105.0018,41.1054],[-104.9968,41.0926],[-105.0189,41.0751],[-105.0696,41.0675],[-105.1489,41.07],[-105.1839,41.0768]]]}},{"type":"Feature","properties":{"c":"#80ff00","v0":0.005,"v1":0.008},"geometry":{"type":"Polygon","coordinates":[[[-72.8409,40.8522],[-72.8203,40.8674],[-72.8011,40.8674],[-72.7833,40.8522],[-72.7833,40.8347],[-72.8011,40.8149],[-72.8203,40.8149],[-72.8409,40.8347],[-72.8409,40.8522]]]}},{"type":"Feature","properties":{"c":"#80ff00","v0":0.005,"v1":0.008},"geometry":{"type":"Polygon","coordinates":[[[-98.7049,34.7009],[-98.6828,34.7009],[-98.6713,34.6927],[-98.6704,34.6763],[-98.6815,34.6763],[-98.7045,34.6927],[-98.7049,34.7009]]]}},{"type":"Feature","properties":{"c":"#80ff00","v0":0.005,"v1":0.008},"geometry":{"type":"Polygon","coordinates":[[[-99.0134,33.7299],[-98.9978,33.7396],[-98.9865,33.7396],[-98.9794,33.7299],[-98.9872,33.7251],[-99.0099,33.7251],[-99.0134,33.7299]]]}},{"type":"Feature","properties":{"c":"#80ff00","v0":0.005,"v1":0.008},"geometry":{"type":"Polygon","coordinates":[[[-81.6399,23.9176],[-81.6333,23.9265],[-81.6265,23.9265],[-81.6194,23.9176],[-81.6194,23.9075],[-81.6265,23.8961],[-81.6333,23.8961],[-81.6399,23.9075],[-81.6399,23.9176]]]}},{"type":"Feature","properties":{"c":"#ffff00","v0":0.008,"v1":0.012},"geometry":{"type":"Polygon","coordinates":[[[-107.4359,52.503],[-107.4186,52.51],[-107.4066,52.507],[-107.3998,52.4939],[-107.4048,52.4853],[-107.4216,52.4814],[-107.4336,52.4844],[-107.4409,52.4945],[-107.4359,52.503]]]}},{"type":"Feature","properties":{"c":"#ffff00","v0":0.008,"v1":0.012},"geometry":{"type":"Polygon","coordinates":[[[-102.0962,50.3711],[-102.0921,50.3777],[-102.0848,50.3777],[-102.0744,50.3711],[-102.0744,50.3645],[-102.0848,50.3581],[-102.0921,50.3581],[-102.0962,50.3645],[-102.0962,50.3711]]]}},{"type":"Feature","properties":{"c":"#ffff00","v0":0.008,"v1":0.012},"geometry":{"type":"Polygon","coordinates":[[[-111.1608,49.9251],[-111.1403,49.9371],[-111.1184,49.9371],[-111.0952,49.9251],[-111.0952,49.9138],[-111.1184,49.9031],[-111.1403,49.9031],[-111.1608,49.9138],[-111.1608,49.9251]],[[-111.1456,49.9221],[-111.1352,49.9281],[-111.1255,49.9281],[-111.1165,49.9221],[-111.1217,49.9191],[-111.1411,49.9191],[-111.1456,49.9221]]]}},{"type":"Feature","properties":{"c":"#ffff00","v0":0.008,"v1":0.012},"geometry":{"type":"Polygon","coordinates":[[[-101.3948,49.8167],[-101.3783,49.8182],[-101.369,49.815],[-101.3671,49.807],[-101.3721,49.8016],[-101.384,49.7988],[-101.3933,49.8021],[-101.3998,49.8113],[-101.3948,49.8167]]]}},{"type":"Feature","properties":{"c":"#ffff00","v0":0.008,"v1":0.012},"geometry":{"type":"Polygon","coordinates":[[[-105.1839,41.0768],[-105.1746,41.088],[-105.14,41.0996],[-105.08,41.1114],[-105.0339,41.1134],[-105.0018,41.1054],[-104.9968,41.0926],[-105.0189,41.0751],[-105.0696,41.0675],[-105.1489,41.07],[-105.1839,41.0768]]]}},{"type":"Feature","properties":{"c":"#ff8000","v0":0.012,"v1":0.016},"geometry":{"type":"Polygon","coordinates":[[[-111.1456,49.9221],[-111.1352,49.9281],[-111.1255,49.9281],[-111.1165,49.9221],[-111.1217,49.9191],[-111.1411,49.9191],[-111.1456,49.9221]]]}}]}